autor,entidad,tipo,notas,trafico,trafico_por_nota,confianza,estado_vigencia,motivo_vigencia,impresiones_recientes_dia,impresiones_pico_dia
Enrique Giles,Ignacio Buse,entidad,21,11891.0,566.0,alta,SIN_DATOS_60D,"el exportador automático de GSC agrega por página sobre 35 días, todavía no hay serie diaria real con la que clasificar",,
Enrique Giles,Copa Federación,entidad,32,6834.0,214.0,alta,SIN_DATOS_60D,"el exportador automático de GSC agrega por página sobre 35 días, todavía no hay serie diaria real con la que clasificar",,
Enrique Giles,cuadrangular de revalidación,tema,2,5770.0,2885.0,baja,SIN_DATOS_60D,"el exportador automático de GSC agrega por página sobre 35 días, todavía no hay serie diaria real con la que clasificar",,
Enrique Giles,Liga Peruana de Vóley,entidad,2,5770.0,2885.0,baja,SIN_DATOS_60D,"el exportador automático de GSC agrega por página sobre 35 días, todavía no hay serie diaria real con la que clasificar",,
Enrique Giles,plata b,entidad,26,4844.0,186.0,alta,SIN_DATOS_60D,"el exportador automático de GSC agrega por página sobre 35 días, todavía no hay serie diaria real con la que clasificar",,
Enrique Giles,Alemania,entidad,5,4553.0,911.0,media,SIN_DATOS_60D,"el exportador automático de GSC agrega por página sobre 35 días, todavía no hay serie diaria real con la que clasificar",,
Enrique Giles,federación oro,entidad,17,3817.0,225.0,alta,SIN_DATOS_60D,"el exportador automático de GSC agrega por página sobre 35 días, todavía no hay serie diaria real con la que clasificar",,
Enrique Giles,ATP de Hamburgo,entidad,4,3639.0,910.0,media,SIN_DATOS_60D,"el exportador automático de GSC agrega por página sobre 35 días, todavía no hay serie diaria real con la que clasificar",,
Enrique Giles,Hamburgo,entidad,3,3079.0,1026.0,media,SIN_DATOS_60D,"el exportador automático de GSC agrega por página sobre 35 días, todavía no hay serie diaria real con la que clasificar",,
Enrique Giles,ATP,entidad,4,2745.0,686.0,media,SIN_DATOS_60D,"el exportador automático de GSC agrega por página sobre 35 días, todavía no hay serie diaria real con la que clasificar",,
Enrique Giles,Copa Oro Plata,entidad,11,2506.0,228.0,alta,SIN_DATOS_60D,"el exportador automático de GSC agrega por página sobre 35 días, todavía no hay serie diaria real con la que clasificar",,
Enrique Giles,b promocional,tema,10,2454.0,245.0,alta,SIN_DATOS_60D,"el exportador automático de GSC agrega por página sobre 35 días, todavía no hay serie diaria real con la que clasificar",,
Enrique Giles,Alianza Lima,entidad,10,2432.0,243.0,alta,SIN_DATOS_60D,"el exportador automático de GSC agrega por página sobre 35 días, todavía no hay serie diaria real con la que clasificar",,
Enrique Giles,federación plata,entidad,27,2380.0,88.0,alta,SIN_DATOS_60D,"el exportador automático de GSC agrega por página sobre 35 días, todavía no hay serie diaria real con la que clasificar",,
Enrique Giles,fin de semana,tema,10,2055.0,206.0,alta,SIN_DATOS_60D,"el exportador automático de GSC agrega por página sobre 35 días, todavía no hay serie diaria real con la que clasificar",,
Enrique Giles,cuadro principal,tema,3,2017.0,672.0,media,SIN_DATOS_60D,"el exportador automático de GSC agrega por página sobre 35 días, todavía no hay serie diaria real con la que clasificar",,
Enrique Giles,buse sorprende,tema,2,1995.0,998.0,baja,SIN_DATOS_60D,"el exportador automático de GSC agrega por página sobre 35 días, todavía no hay serie diaria real con la que clasificar",,
Enrique Giles,Flavio Cobolli,entidad,2,1916.0,958.0,baja,SIN_DATOS_60D,"el exportador automático de GSC agrega por página sobre 35 días, todavía no hay serie diaria real con la que clasificar",,
Enrique Giles,Liga Peruana de Vóley Femenino,entidad,3,1886.0,629.0,media,SIN_DATOS_60D,"el exportador automático de GSC agrega por página sobre 35 días, todavía no hay serie diaria real con la que clasificar",,
Enrique Giles,Gonzalo Bueno,entidad,5,1876.0,375.0,media,SIN_DATOS_60D,"el exportador automático de GSC agrega por página sobre 35 días, todavía no hay serie diaria real con la que clasificar",,
Enrique Giles,Roland Garros,entidad,4,1778.0,444.0,media,SIN_DATOS_60D,"el exportador automático de GSC agrega por página sobre 35 días, todavía no hay serie diaria real con la que clasificar",,
Enrique Giles,directo del partido,tema,2,1705.0,852.0,baja,SIN_DATOS_60D,"el exportador automático de GSC agrega por página sobre 35 días, todavía no hay serie diaria real con la que clasificar",,
Enrique Giles,femenino transmisión,tema,2,1705.0,852.0,baja,SIN_DATOS_60D,"el exportador automático de GSC agrega por página sobre 35 días, todavía no hay serie diaria real con la que clasificar",,
Enrique Giles,Universitario,entidad,2,1580.0,790.0,baja,SIN_DATOS_60D,"el exportador automático de GSC agrega por página sobre 35 días, todavía no hay serie diaria real con la que clasificar",,
Enrique Giles,universitario de deportes,entidad,8,1527.0,191.0,media,SIN_DATOS_60D,"el exportador automático de GSC agrega por página sobre 35 días, todavía no hay serie diaria real con la que clasificar",,
Enrique Giles,federación programación,tema,5,1477.0,295.0,media,SIN_DATOS_60D,"el exportador automático de GSC agrega por página sobre 35 días, todavía no hay serie diaria real con la que clasificar",,
Enrique Giles,programación completa,tema,6,1402.0,234.0,media,SIN_DATOS_60D,"el exportador automático de GSC agrega por página sobre 35 días, todavía no hay serie diaria real con la que clasificar",,
Enrique Giles,universitario vs,entidad,2,1370.0,685.0,baja,SIN_DATOS_60D,"el exportador automático de GSC agrega por página sobre 35 días, todavía no hay serie diaria real con la que clasificar",,
Enrique Giles,fecha del torneo,tema,7,1191.0,170.0,media,SIN_DATOS_60D,"el exportador automático de GSC agrega por página sobre 35 días, todavía no hay serie diaria real con la que clasificar",,
Enrique Giles,federación partidos,entidad,5,1183.0,237.0,media,SIN_DATOS_60D,"el exportador automático de GSC agrega por página sobre 35 días, todavía no hay serie diaria real con la que clasificar",,
Enrique Giles,tabla de posiciones,tema,8,1160.0,145.0,media,SIN_DATOS_60D,"el exportador automático de GSC agrega por página sobre 35 días, todavía no hay serie diaria real con la que clasificar",,
Enrique Giles,buse arranca,tema,2,1154.0,577.0,baja,SIN_DATOS_60D,"el exportador automático de GSC agrega por página sobre 35 días, todavía no hay serie diaria real con la que clasificar",,
Enrique Giles,completa de partidos,tema,4,1144.0,286.0,media,SIN_DATOS_60D,"el exportador automático de GSC agrega por página sobre 35 días, todavía no hay serie diaria real con la que clasificar",,
Enrique Giles,partidos en oro,entidad,4,1144.0,286.0,media,SIN_DATOS_60D,"el exportador automático de GSC agrega por página sobre 35 días, todavía no hay serie diaria real con la que clasificar",,
Enrique Giles,semana de la copa,entidad,3,1140.0,380.0,media,SIN_DATOS_60D,"el exportador automático de GSC agrega por página sobre 35 días, todavía no hay serie diaria real con la que clasificar",,
Enrique Giles,resultados copa,entidad,7,1121.0,160.0,media,SIN_DATOS_60D,"el exportador automático de GSC agrega por página sobre 35 días, todavía no hay serie diaria real con la que clasificar",,
Enrique Giles,primera ronda,tema,2,1067.0,534.0,baja,SIN_DATOS_60D,"el exportador automático de GSC agrega por página sobre 35 días, todavía no hay serie diaria real con la que clasificar",,
Enrique Giles,París,entidad,2,1048.0,524.0,baja,SIN_DATOS_60D,"el exportador automático de GSC agrega por página sobre 35 días, todavía no hay serie diaria real con la que clasificar",,
Enrique Giles,b y promocional,entidad,4,1048.0,262.0,media,SIN_DATOS_60D,"el exportador automático de GSC agrega por página sobre 35 días, todavía no hay serie diaria real con la que clasificar",,
Enrique Giles,federación programación completa,tema,3,998.0,333.0,media,SIN_DATOS_60D,"el exportador automático de GSC agrega por página sobre 35 días, todavía no hay serie diaria real con la que clasificar",,
Enrique Giles,fixture completo,tema,2,965.0,482.0,baja,SIN_DATOS_60D,"el exportador automático de GSC agrega por página sobre 35 días, todavía no hay serie diaria real con la que clasificar",,
Enrique Giles,Regatas Lima,entidad,2,960.0,480.0,baja,SIN_DATOS_60D,"el exportador automático de GSC agrega por página sobre 35 días, todavía no hay serie diaria real con la que clasificar",,
Enrique Giles,primer título,tema,2,954.0,477.0,baja,SIN_DATOS_60D,"el exportador automático de GSC agrega por página sobre 35 días, todavía no hay serie diaria real con la que clasificar",,
Enrique Giles,resultados de la copa,entidad,8,939.0,117.0,media,SIN_DATOS_60D,"el exportador automático de GSC agrega por página sobre 35 días, todavía no hay serie diaria real con la que clasificar",,
Enrique Giles,oro alianza,entidad,2,934.0,467.0,baja,SIN_DATOS_60D,"el exportador automático de GSC agrega por página sobre 35 días, todavía no hay serie diaria real con la que clasificar",,
Enrique Giles,partidos del fin,tema,4,913.0,228.0,media,SIN_DATOS_60D,"el exportador automático de GSC agrega por página sobre 35 días, todavía no hay serie diaria real con la que clasificar",,
Enrique Giles,copa del mundo,entidad,4,789.0,197.0,media,SIN_DATOS_60D,"el exportador automático de GSC agrega por página sobre 35 días, todavía no hay serie diaria real con la que clasificar",,
Enrique Giles,ra fecha,tema,2,780.0,390.0,baja,SIN_DATOS_60D,"el exportador automático de GSC agrega por página sobre 35 días, todavía no hay serie diaria real con la que clasificar",,
Enrique Giles,oro resultados,tema,4,779.0,195.0,media,SIN_DATOS_60D,"el exportador automático de GSC agrega por página sobre 35 días, todavía no hay serie diaria real con la que clasificar",,
Enrique Giles,oro programación,tema,2,774.0,387.0,baja,SIN_DATOS_60D,"el exportador automático de GSC agrega por página sobre 35 días, todavía no hay serie diaria real con la que clasificar",,
Enrique Giles,torneo elite,tema,2,774.0,387.0,baja,SIN_DATOS_60D,"el exportador automático de GSC agrega por página sobre 35 días, todavía no hay serie diaria real con la que clasificar",,
Enrique Giles,fuerza ganadora,tema,9,769.0,85.0,media,SIN_DATOS_60D,"el exportador automático de GSC agrega por página sobre 35 días, todavía no hay serie diaria real con la que clasificar",,
Enrique Giles,resultados y tabla,tema,5,763.0,153.0,media,SIN_DATOS_60D,"el exportador automático de GSC agrega por página sobre 35 días, todavía no hay serie diaria real con la que clasificar",,
Enrique Giles,fecha de la copa,entidad,6,680.0,113.0,media,SIN_DATOS_60D,"el exportador automático de GSC agrega por página sobre 35 días, todavía no hay serie diaria real con la que clasificar",,
Enrique Giles,sexta jornada,tema,2,655.0,328.0,baja,SIN_DATOS_60D,"el exportador automático de GSC agrega por página sobre 35 días, todavía no hay serie diaria real con la que clasificar",,
Enrique Giles,ventaja en la copa,entidad,3,650.0,217.0,media,SIN_DATOS_60D,"el exportador automático de GSC agrega por página sobre 35 días, todavía no hay serie diaria real con la que clasificar",,
Enrique Giles,Alianza Lima y Universitario,entidad,2,649.0,324.0,baja,SIN_DATOS_60D,"el exportador automático de GSC agrega por página sobre 35 días, todavía no hay serie diaria real con la que clasificar",,
Enrique Giles,Argentina,entidad,3,647.0,216.0,media,SIN_DATOS_60D,"el exportador automático de GSC agrega por página sobre 35 días, todavía no hay serie diaria real con la que clasificar",,
Enrique Giles,federación plata b,entidad,8,638.0,80.0,media,SIN_DATOS_60D,"el exportador automático de GSC agrega por página sobre 35 días, todavía no hay serie diaria real con la que clasificar",,
Enrique Giles,Plata Promocional,entidad,6,629.0,105.0,media,SIN_DATOS_60D,"el exportador automático de GSC agrega por página sobre 35 días, todavía no hay serie diaria real con la que clasificar",,
Enrique Giles,Florent Bax,entidad,2,623.0,312.0,baja,SIN_DATOS_60D,"el exportador automático de GSC agrega por página sobre 35 días, todavía no hay serie diaria real con la que clasificar",,
Enrique Giles,marcadores de la copa,entidad,4,614.0,154.0,media,SIN_DATOS_60D,"el exportador automático de GSC agrega por página sobre 35 días, todavía no hay serie diaria real con la que clasificar",,
Enrique Giles,buse sigue,tema,2,597.0,298.0,baja,SIN_DATOS_60D,"el exportador automático de GSC agrega por página sobre 35 días, todavía no hay serie diaria real con la que clasificar",,
Enrique Giles,oro universitario,entidad,4,590.0,148.0,media,SIN_DATOS_60D,"el exportador automático de GSC agrega por página sobre 35 días, todavía no hay serie diaria real con la que clasificar",,
Enrique Giles,oro resultados y tabla,tema,3,576.0,192.0,media,SIN_DATOS_60D,"el exportador automático de GSC agrega por página sobre 35 días, todavía no hay serie diaria real con la que clasificar",,
Enrique Giles,tabla acumulada,tema,3,567.0,189.0,media,SIN_DATOS_60D,"el exportador automático de GSC agrega por página sobre 35 días, todavía no hay serie diaria real con la que clasificar",,
Enrique Giles,lima amplía,tema,2,552.0,276.0,baja,SIN_DATOS_60D,"el exportador automático de GSC agrega por página sobre 35 días, todavía no hay serie diaria real con la que clasificar",,
Enrique Giles,Joao Fonseca,entidad,2,549.0,274.0,baja,SIN_DATOS_60D,"el exportador automático de GSC agrega por página sobre 35 días, todavía no hay serie diaria real con la que clasificar",,
Enrique Giles,sporting cristal,tema,2,539.0,270.0,baja,SIN_DATOS_60D,"el exportador automático de GSC agrega por página sobre 35 días, todavía no hay serie diaria real con la que clasificar",,
Enrique Giles,calendario de partidos,tema,3,529.0,176.0,media,SIN_DATOS_60D,"el exportador automático de GSC agrega por página sobre 35 días, todavía no hay serie diaria real con la que clasificar",,
Enrique Giles,oro universitario de deportes,entidad,3,493.0,164.0,media,SIN_DATOS_60D,"el exportador automático de GSC agrega por página sobre 35 días, todavía no hay serie diaria real con la que clasificar",,
Enrique Giles,resultados copa federación partidos,entidad,3,476.0,159.0,media,SIN_DATOS_60D,"el exportador automático de GSC agrega por página sobre 35 días, todavía no hay serie diaria real con la que clasificar",,
Enrique Giles,posiciones tras la jornada,tema,2,450.0,225.0,baja,SIN_DATOS_60D,"el exportador automático de GSC agrega por página sobre 35 días, todavía no hay serie diaria real con la que clasificar",,
Enrique Giles,resultados y tablas,tema,4,450.0,112.0,media,SIN_DATOS_60D,"el exportador automático de GSC agrega por página sobre 35 días, todavía no hay serie diaria real con la que clasificar",,
Enrique Giles,tablas de posiciones,tema,4,450.0,112.0,media,SIN_DATOS_60D,"el exportador automático de GSC agrega por página sobre 35 días, todavía no hay serie diaria real con la que clasificar",,
Enrique Giles,universitario selectivo,entidad,5,443.0,89.0,media,SIN_DATOS_60D,"el exportador automático de GSC agrega por página sobre 35 días, todavía no hay serie diaria real con la que clasificar",,
Enrique Giles,programación del fin,tema,2,431.0,216.0,baja,SIN_DATOS_60D,"el exportador automático de GSC agrega por página sobre 35 días, todavía no hay serie diaria real con la que clasificar",,
Enrique Giles,octava jornada,tema,3,430.0,143.0,media,SIN_DATOS_60D,"el exportador automático de GSC agrega por página sobre 35 días, todavía no hay serie diaria real con la que clasificar",,
Enrique Giles,partidos horarios,tema,4,406.0,102.0,media,SIN_DATOS_60D,"el exportador automático de GSC agrega por página sobre 35 días, todavía no hay serie diaria real con la que clasificar",,
Enrique Giles,Brasil,entidad,2,404.0,202.0,baja,SIN_DATOS_60D,"el exportador automático de GSC agrega por página sobre 35 días, todavía no hay serie diaria real con la que clasificar",,
Enrique Giles,b resultados,tema,5,401.0,80.0,media,SIN_DATOS_60D,"el exportador automático de GSC agrega por página sobre 35 días, todavía no hay serie diaria real con la que clasificar",,
Enrique Giles,plata a resultados,entidad,4,389.0,97.0,media,SIN_DATOS_60D,"el exportador automático de GSC agrega por página sobre 35 días, todavía no hay serie diaria real con la que clasificar",,
Enrique Giles,Copa Libertadores,entidad,2,383.0,192.0,baja,SIN_DATOS_60D,"el exportador automático de GSC agrega por página sobre 35 días, todavía no hay serie diaria real con la que clasificar",,
Enrique Giles,oro partidos,tema,3,363.0,121.0,media,SIN_DATOS_60D,"el exportador automático de GSC agrega por página sobre 35 días, todavía no hay serie diaria real con la que clasificar",,
Enrique Giles,punta de la copa,entidad,3,358.0,119.0,media,SIN_DATOS_60D,"el exportador automático de GSC agrega por página sobre 35 días, todavía no hay serie diaria real con la que clasificar",,
Enrique Giles,punta de la tabla,tema,2,357.0,178.0,baja,SIN_DATOS_60D,"el exportador automático de GSC agrega por página sobre 35 días, todavía no hay serie diaria real con la que clasificar",,
Enrique Giles,fútbol playa,tema,3,356.0,119.0,media,SIN_DATOS_60D,"el exportador automático de GSC agrega por página sobre 35 días, todavía no hay serie diaria real con la que clasificar",,
Enrique Giles,Copa Federación Oro Alianza Lima,entidad,2,352.0,176.0,baja,SIN_DATOS_60D,"el exportador automático de GSC agrega por página sobre 35 días, todavía no hay serie diaria real con la que clasificar",,
Enrique Giles,posiciones tras la octava,tema,2,309.0,154.0,baja,SIN_DATOS_60D,"el exportador automático de GSC agrega por página sobre 35 días, todavía no hay serie diaria real con la que clasificar",,
Enrique Giles,primera división,tema,2,309.0,154.0,baja,SIN_DATOS_60D,"el exportador automático de GSC agrega por página sobre 35 días, todavía no hay serie diaria real con la que clasificar",,
Enrique Giles,segunda fecha,tema,3,285.0,95.0,media,SIN_DATOS_60D,"el exportador automático de GSC agrega por página sobre 35 días, todavía no hay serie diaria real con la que clasificar",,
Enrique Giles,suelta la punta,tema,2,277.0,138.0,baja,SIN_DATOS_60D,"el exportador automático de GSC agrega por página sobre 35 días, todavía no hay serie diaria real con la que clasificar",,
Enrique Giles,b y plata,tema,2,268.0,134.0,baja,SIN_DATOS_60D,"el exportador automático de GSC agrega por página sobre 35 días, todavía no hay serie diaria real con la que clasificar",,
Enrique Giles,día del padre,tema,2,266.0,133.0,baja,SIN_DATOS_60D,"el exportador automático de GSC agrega por página sobre 35 días, todavía no hay serie diaria real con la que clasificar",,
Enrique Giles,federación calendario,tema,2,259.0,130.0,baja,SIN_DATOS_60D,"el exportador automático de GSC agrega por página sobre 35 días, todavía no hay serie diaria real con la que clasificar",,
Enrique Giles,tercera fecha,tema,2,249.0,124.0,baja,SIN_DATOS_60D,"el exportador automático de GSC agrega por página sobre 35 días, todavía no hay serie diaria real con la que clasificar",,
Enrique Giles,Cienciano y Unión Huaral,entidad,3,247.0,82.0,media,SIN_DATOS_60D,"el exportador automático de GSC agrega por página sobre 35 días, todavía no hay serie diaria real con la que clasificar",,
Enrique Giles,programación de la segunda,tema,2,243.0,122.0,baja,SIN_DATOS_60D,"el exportador automático de GSC agrega por página sobre 35 días, todavía no hay serie diaria real con la que clasificar",,
Enrique Giles,promocional resultados,entidad,3,234.0,78.0,media,SIN_DATOS_60D,"el exportador automático de GSC agrega por página sobre 35 días, todavía no hay serie diaria real con la que clasificar",,
Enrique Giles,firme en la punta,tema,2,232.0,116.0,baja,SIN_DATOS_60D,"el exportador automático de GSC agrega por página sobre 35 días, todavía no hay serie diaria real con la que clasificar",,
Enrique Giles,ganadora sigue,tema,2,232.0,116.0,baja,SIN_DATOS_60D,"el exportador automático de GSC agrega por página sobre 35 días, todavía no hay serie diaria real con la que clasificar",,
Enrique Giles,sigue firme,tema,2,231.0,116.0,baja,SIN_DATOS_60D,"el exportador automático de GSC agrega por página sobre 35 días, todavía no hay serie diaria real con la que clasificar",,
Enrique Giles,semana del día,tema,2,222.0,111.0,baja,SIN_DATOS_60D,"el exportador automático de GSC agrega por página sobre 35 días, todavía no hay serie diaria real con la que clasificar",,
Enrique Giles,cuarta jornada,tema,3,220.0,73.0,media,SIN_DATOS_60D,"el exportador automático de GSC agrega por página sobre 35 días, todavía no hay serie diaria real con la que clasificar",,
Enrique Giles,tercera jornada,tema,3,212.0,71.0,media,SIN_DATOS_60D,"el exportador automático de GSC agrega por página sobre 35 días, todavía no hay serie diaria real con la que clasificar",,
Enrique Giles,fecha en las series,tema,3,211.0,70.0,media,SIN_DATOS_60D,"el exportador automático de GSC agrega por página sobre 35 días, todavía no hay serie diaria real con la que clasificar",,
Enrique Giles,plata a fuerza,entidad,4,203.0,51.0,media,SIN_DATOS_60D,"el exportador automático de GSC agrega por página sobre 35 días, todavía no hay serie diaria real con la que clasificar",,
Enrique Giles,selectivo incrementa,tema,2,202.0,101.0,baja,SIN_DATOS_60D,"el exportador automático de GSC agrega por página sobre 35 días, todavía no hay serie diaria real con la que clasificar",,
Enrique Giles,solo sabe,tema,3,196.0,65.0,media,SIN_DATOS_60D,"el exportador automático de GSC agrega por página sobre 35 días, todavía no hay serie diaria real con la que clasificar",,
Enrique Giles,resultados y posiciones,tema,2,193.0,96.0,baja,SIN_DATOS_60D,"el exportador automático de GSC agrega por página sobre 35 días, todavía no hay serie diaria real con la que clasificar",,
Enrique Giles,quinta fecha,tema,2,184.0,92.0,baja,SIN_DATOS_60D,"el exportador automático de GSC agrega por página sobre 35 días, todavía no hay serie diaria real con la que clasificar",,
Enrique Giles,federación plata promocional resultados,entidad,2,158.0,79.0,baja,SIN_DATOS_60D,"el exportador automático de GSC agrega por página sobre 35 días, todavía no hay serie diaria real con la que clasificar",,
Enrique Giles,Cienciano y Surco,entidad,2,154.0,77.0,baja,SIN_DATOS_60D,"el exportador automático de GSC agrega por página sobre 35 días, todavía no hay serie diaria real con la que clasificar",,
Enrique Giles,punta tras la tercera,tema,2,152.0,76.0,baja,SIN_DATOS_60D,"el exportador automático de GSC agrega por página sobre 35 días, todavía no hay serie diaria real con la que clasificar",,
Enrique Giles,resultados de la sexta,tema,2,150.0,75.0,baja,SIN_DATOS_60D,"el exportador automático de GSC agrega por página sobre 35 días, todavía no hay serie diaria real con la que clasificar",,
Enrique Giles,cuarta fecha,tema,2,137.0,68.0,baja,SIN_DATOS_60D,"el exportador automático de GSC agrega por página sobre 35 días, todavía no hay serie diaria real con la que clasificar",,
Enrique Giles,desarrollo puntaje,tema,2,135.0,68.0,baja,SIN_DATOS_60D,"el exportador automático de GSC agrega por página sobre 35 días, todavía no hay serie diaria real con la que clasificar",,
Enrique Giles,deportes solo,tema,2,133.0,66.0,baja,SIN_DATOS_60D,"el exportador automático de GSC agrega por página sobre 35 días, todavía no hay serie diaria real con la que clasificar",,
Enrique Giles,sabe ganar,tema,2,133.0,66.0,baja,SIN_DATOS_60D,"el exportador automático de GSC agrega por página sobre 35 días, todavía no hay serie diaria real con la que clasificar",,
Enrique Giles,liberabit vos,tema,2,132.0,66.0,baja,SIN_DATOS_60D,"el exportador automático de GSC agrega por página sobre 35 días, todavía no hay serie diaria real con la que clasificar",,
Enrique Giles,lideran la copa,entidad,2,130.0,65.0,baja,SIN_DATOS_60D,"el exportador automático de GSC agrega por página sobre 35 días, todavía no hay serie diaria real con la que clasificar",,
Enrique Giles,lidera la copa,entidad,2,125.0,62.0,baja,SIN_DATOS_60D,"el exportador automático de GSC agrega por página sobre 35 días, todavía no hay serie diaria real con la que clasificar",,
Enrique Giles,punta en la copa,entidad,2,118.0,59.0,baja,SIN_DATOS_60D,"el exportador automático de GSC agrega por página sobre 35 días, todavía no hay serie diaria real con la que clasificar",,
Enrique Giles,revisa la programación,tema,2,59.0,30.0,baja,SIN_DATOS_60D,"el exportador automático de GSC agrega por página sobre 35 días, todavía no hay serie diaria real con la que clasificar",,
Gabriel Iberico,Universitario,entidad,350,217930.0,623.0,alta,SIN_DATOS_60D,"el exportador automático de GSC agrega por página sobre 35 días, todavía no hay serie diaria real con la que clasificar",,
Gabriel Iberico,Alianza Lima,entidad,185,117759.0,637.0,alta,SIN_DATOS_60D,"el exportador automático de GSC agrega por página sobre 35 días, todavía no hay serie diaria real con la que clasificar",,
Gabriel Iberico,Torneo Clausura,entidad,118,81368.0,690.0,alta,SIN_DATOS_60D,"el exportador automático de GSC agrega por página sobre 35 días, todavía no hay serie diaria real con la que clasificar",,
Gabriel Iberico,Sporting Cristal,entidad,131,78036.0,596.0,alta,SIN_DATOS_60D,"el exportador automático de GSC agrega por página sobre 35 días, todavía no hay serie diaria real con la que clasificar",,
Gabriel Iberico,liga peruana,entidad,25,43934.0,1757.0,alta,SIN_DATOS_60D,"el exportador automático de GSC agrega por página sobre 35 días, todavía no hay serie diaria real con la que clasificar",,
Gabriel Iberico,jugarán los partidos,tema,12,32062.0,2672.0,alta,SIN_DATOS_60D,"el exportador automático de GSC agrega por página sobre 35 días, todavía no hay serie diaria real con la que clasificar",,
Gabriel Iberico,Selección Peruana,entidad,70,31797.0,454.0,alta,SIN_DATOS_60D,"el exportador automático de GSC agrega por página sobre 35 días, todavía no hay serie diaria real con la que clasificar",,
Gabriel Iberico,Torneo Apertura,entidad,44,30401.0,691.0,alta,SIN_DATOS_60D,"el exportador automático de GSC agrega por página sobre 35 días, todavía no hay serie diaria real con la que clasificar",,
Gabriel Iberico,Cienciano,entidad,49,29101.0,594.0,alta,SIN_DATOS_60D,"el exportador automático de GSC agrega por página sobre 35 días, todavía no hay serie diaria real con la que clasificar",,
Gabriel Iberico,fecha del torneo,tema,16,28184.0,1762.0,alta,SIN_DATOS_60D,"el exportador automático de GSC agrega por página sobre 35 días, todavía no hay serie diaria real con la que clasificar",,
Gabriel Iberico,Sport Boys,entidad,57,26184.0,459.0,alta,SIN_DATOS_60D,"el exportador automático de GSC agrega por página sobre 35 días, todavía no hay serie diaria real con la que clasificar",,
Gabriel Iberico,Copa Libertadores,entidad,59,20207.0,342.0,alta,SIN_DATOS_60D,"el exportador automático de GSC agrega por página sobre 35 días, todavía no hay serie diaria real con la que clasificar",,
Gabriel Iberico,toma rotunda,tema,17,19390.0,1141.0,alta,SIN_DATOS_60D,"el exportador automático de GSC agrega por página sobre 35 días, todavía no hay serie diaria real con la que clasificar",,
Gabriel Iberico,Sekou Gassama,entidad,29,18151.0,626.0,alta,SIN_DATOS_60D,"el exportador automático de GSC agrega por página sobre 35 días, todavía no hay serie diaria real con la que clasificar",,
Gabriel Iberico,suma un nuevo,tema,5,17042.0,3408.0,media,SIN_DATOS_60D,"el exportador automático de GSC agrega por página sobre 35 días, todavía no hay serie diaria real con la que clasificar",,
Gabriel Iberico,Copa Sudamericana,entidad,31,16871.0,544.0,alta,SIN_DATOS_60D,"el exportador automático de GSC agrega por página sobre 35 días, todavía no hay serie diaria real con la que clasificar",,
Gabriel Iberico,fecha del torneo clausura,entidad,8,16642.0,2080.0,media,SIN_DATOS_60D,"el exportador automático de GSC agrega por página sobre 35 días, todavía no hay serie diaria real con la que clasificar",,
Gabriel Iberico,nuevo refuerzo,tema,7,15993.0,2285.0,media,SIN_DATOS_60D,"el exportador automático de GSC agrega por página sobre 35 días, todavía no hay serie diaria real con la que clasificar",,
Gabriel Iberico,tabla de posiciones,tema,33,15927.0,483.0,alta,SIN_DATOS_60D,"el exportador automático de GSC agrega por página sobre 35 días, todavía no hay serie diaria real con la que clasificar",,
Gabriel Iberico,segunda vuelta,tema,6,15853.0,2642.0,media,SIN_DATOS_60D,"el exportador automático de GSC agrega por página sobre 35 días, todavía no hay serie diaria real con la que clasificar",,
Gabriel Iberico,suma un nuevo refuerzo,tema,3,15382.0,5127.0,media,SIN_DATOS_60D,"el exportador automático de GSC agrega por página sobre 35 días, todavía no hay serie diaria real con la que clasificar",,
Gabriel Iberico,elecciones generales,tema,7,15284.0,2183.0,media,SIN_DATOS_60D,"el exportador automático de GSC agrega por página sobre 35 días, todavía no hay serie diaria real con la que clasificar",,
Gabriel Iberico,San Martín,entidad,10,14976.0,1498.0,alta,SIN_DATOS_60D,"el exportador automático de GSC agrega por página sobre 35 días, todavía no hay serie diaria real con la que clasificar",,
Gabriel Iberico,liga cómo se jugarán,entidad,8,14746.0,1843.0,media,SIN_DATOS_60D,"el exportador automático de GSC agrega por página sobre 35 días, todavía no hay serie diaria real con la que clasificar",,
Gabriel Iberico,partidos de la fecha,tema,8,14746.0,1843.0,media,SIN_DATOS_60D,"el exportador automático de GSC agrega por página sobre 35 días, todavía no hay serie diaria real con la que clasificar",,
Gabriel Iberico,fase de la liga,entidad,19,14693.0,773.0,alta,SIN_DATOS_60D,"el exportador automático de GSC agrega por página sobre 35 días, todavía no hay serie diaria real con la que clasificar",,
Gabriel Iberico,Grupo,entidad,29,14498.0,500.0,alta,SIN_DATOS_60D,"el exportador automático de GSC agrega por página sobre 35 días, todavía no hay serie diaria real con la que clasificar",,
Gabriel Iberico,universitario suma,entidad,3,14294.0,4765.0,media,SIN_DATOS_60D,"el exportador automático de GSC agrega por página sobre 35 días, todavía no hay serie diaria real con la que clasificar",,
Gabriel Iberico,Cusco FC,entidad,27,14191.0,526.0,alta,SIN_DATOS_60D,"el exportador automático de GSC agrega por página sobre 35 días, todavía no hay serie diaria real con la que clasificar",,
Gabriel Iberico,universitario suma un nuevo,entidad,2,14146.0,7073.0,baja,SIN_DATOS_60D,"el exportador automático de GSC agrega por página sobre 35 días, todavía no hay serie diaria real con la que clasificar",,
Gabriel Iberico,Copa de la Liga,entidad,16,13876.0,867.0,alta,SIN_DATOS_60D,"el exportador automático de GSC agrega por página sobre 35 días, todavía no hay serie diaria real con la que clasificar",,
Gabriel Iberico,Chankas,entidad,16,13507.0,844.0,alta,SIN_DATOS_60D,"el exportador automático de GSC agrega por página sobre 35 días, todavía no hay serie diaria real con la que clasificar",,
Gabriel Iberico,final de la liga,entidad,14,13087.0,935.0,alta,SIN_DATOS_60D,"el exportador automático de GSC agrega por página sobre 35 días, todavía no hay serie diaria real con la que clasificar",,
Gabriel Iberico,vuelta presidencial,tema,4,12564.0,3141.0,media,SIN_DATOS_60D,"el exportador automático de GSC agrega por página sobre 35 días, todavía no hay serie diaria real con la que clasificar",,
Gabriel Iberico,Liga Femenina,entidad,20,12330.0,616.0,alta,SIN_DATOS_60D,"el exportador automático de GSC agrega por página sobre 35 días, todavía no hay serie diaria real con la que clasificar",,
Gabriel Iberico,FC Cajamarca,entidad,14,12077.0,863.0,alta,SIN_DATOS_60D,"el exportador automático de GSC agrega por página sobre 35 días, todavía no hay serie diaria real con la que clasificar",,
Gabriel Iberico,ONPE,entidad,4,12009.0,3002.0,media,SIN_DATOS_60D,"el exportador automático de GSC agrega por página sobre 35 días, todavía no hay serie diaria real con la que clasificar",,
Gabriel Iberico,generales resultados,tema,3,11874.0,3958.0,media,SIN_DATOS_60D,"el exportador automático de GSC agrega por página sobre 35 días, todavía no hay serie diaria real con la que clasificar",,
Gabriel Iberico,resultados de la onpe,entidad,3,11874.0,3958.0,media,SIN_DATOS_60D,"el exportador automático de GSC agrega por página sobre 35 días, todavía no hay serie diaria real con la que clasificar",,
Gabriel Iberico,Javier Rabanal,entidad,29,11832.0,408.0,alta,SIN_DATOS_60D,"el exportador automático de GSC agrega por página sobre 35 días, todavía no hay serie diaria real con la que clasificar",,
Gabriel Iberico,Etapa Nacional,entidad,12,11763.0,980.0,alta,SIN_DATOS_60D,"el exportador automático de GSC agrega por página sobre 35 días, todavía no hay serie diaria real con la que clasificar",,
Gabriel Iberico,resultados y tabla,tema,26,11600.0,446.0,alta,SIN_DATOS_60D,"el exportador automático de GSC agrega por página sobre 35 días, todavía no hay serie diaria real con la que clasificar",,
Gabriel Iberico,Melgar,entidad,24,11572.0,482.0,alta,SIN_DATOS_60D,"el exportador automático de GSC agrega por página sobre 35 días, todavía no hay serie diaria real con la que clasificar",,
Gabriel Iberico,fecha del torneo apertura,entidad,8,11542.0,1443.0,media,SIN_DATOS_60D,"el exportador automático de GSC agrega por página sobre 35 días, todavía no hay serie diaria real con la que clasificar",,
Gabriel Iberico,DT,entidad,18,11436.0,635.0,alta,SIN_DATOS_60D,"el exportador automático de GSC agrega por página sobre 35 días, todavía no hay serie diaria real con la que clasificar",,
Gabriel Iberico,copa perú resultados,entidad,31,11433.0,369.0,alta,SIN_DATOS_60D,"el exportador automático de GSC agrega por página sobre 35 días, todavía no hay serie diaria real con la que clasificar",,
Gabriel Iberico,Héctor Cúper,entidad,23,11392.0,495.0,alta,SIN_DATOS_60D,"el exportador automático de GSC agrega por página sobre 35 días, todavía no hay serie diaria real con la que clasificar",,
Gabriel Iberico,Gianluca Lapadula,entidad,27,11350.0,420.0,alta,SIN_DATOS_60D,"el exportador automático de GSC agrega por página sobre 35 días, todavía no hay serie diaria real con la que clasificar",,
Gabriel Iberico,vóley cuándo,tema,2,11260.0,5630.0,baja,SIN_DATOS_60D,"el exportador automático de GSC agrega por página sobre 35 días, todavía no hay serie diaria real con la que clasificar",,
Gabriel Iberico,liga departamental,entidad,13,11101.0,854.0,alta,SIN_DATOS_60D,"el exportador automático de GSC agrega por página sobre 35 días, todavía no hay serie diaria real con la que clasificar",,
Gabriel Iberico,Regatas Lima,entidad,7,11030.0,1576.0,media,SIN_DATOS_60D,"el exportador automático de GSC agrega por página sobre 35 días, todavía no hay serie diaria real con la que clasificar",,
Gabriel Iberico,Chile,entidad,12,10755.0,896.0,alta,SIN_DATOS_60D,"el exportador automático de GSC agrega por página sobre 35 días, todavía no hay serie diaria real con la que clasificar",,
Gabriel Iberico,debut en la liga,entidad,3,10281.0,3427.0,media,SIN_DATOS_60D,"el exportador automático de GSC agrega por página sobre 35 días, todavía no hay serie diaria real con la que clasificar",,
Gabriel Iberico,departamental de lima,entidad,8,10046.0,1256.0,media,SIN_DATOS_60D,"el exportador automático de GSC agrega por página sobre 35 días, todavía no hay serie diaria real con la que clasificar",,
Gabriel Iberico,Matute,entidad,19,9659.0,508.0,alta,SIN_DATOS_60D,"el exportador automático de GSC agrega por página sobre 35 días, todavía no hay serie diaria real con la que clasificar",,
Gabriel Iberico,canal que transmitirá,tema,2,9636.0,4818.0,baja,SIN_DATOS_60D,"el exportador automático de GSC agrega por página sobre 35 días, todavía no hay serie diaria real con la que clasificar",,
Gabriel Iberico,Deportivo Garcilaso,entidad,16,9331.0,583.0,alta,SIN_DATOS_60D,"el exportador automático de GSC agrega por página sobre 35 días, todavía no hay serie diaria real con la que clasificar",,
Gabriel Iberico,semifinales de la copa,entidad,4,9302.0,2326.0,media,SIN_DATOS_60D,"el exportador automático de GSC agrega por página sobre 35 días, todavía no hay serie diaria real con la que clasificar",,
Gabriel Iberico,viejo conocido,tema,4,9222.0,2306.0,media,SIN_DATOS_60D,"el exportador automático de GSC agrega por página sobre 35 días, todavía no hay serie diaria real con la que clasificar",,
Gabriel Iberico,cuartos de final,tema,11,8734.0,794.0,alta,SIN_DATOS_60D,"el exportador automático de GSC agrega por página sobre 35 días, todavía no hay serie diaria real con la que clasificar",,
Gabriel Iberico,jugarse la fecha,tema,4,8338.0,2084.0,media,SIN_DATOS_60D,"el exportador automático de GSC agrega por página sobre 35 días, todavía no hay serie diaria real con la que clasificar",,
Gabriel Iberico,ADT,entidad,10,8312.0,831.0,alta,SIN_DATOS_60D,"el exportador automático de GSC agrega por página sobre 35 días, todavía no hay serie diaria real con la que clasificar",,
Gabriel Iberico,universitario toma,entidad,13,8175.0,629.0,alta,SIN_DATOS_60D,"el exportador automático de GSC agrega por página sobre 35 días, todavía no hay serie diaria real con la que clasificar",,
Gabriel Iberico,final de la copa,entidad,9,8173.0,908.0,media,SIN_DATOS_60D,"el exportador automático de GSC agrega por página sobre 35 días, todavía no hay serie diaria real con la que clasificar",,
Gabriel Iberico,tabla acumulada,tema,3,8167.0,2722.0,media,SIN_DATOS_60D,"el exportador automático de GSC agrega por página sobre 35 días, todavía no hay serie diaria real con la que clasificar",,
Gabriel Iberico,Joao Grimaldo,entidad,10,7813.0,781.0,alta,SIN_DATOS_60D,"el exportador automático de GSC agrega por página sobre 35 días, todavía no hay serie diaria real con la que clasificar",,
Gabriel Iberico,horarios del fútbol,tema,83,7773.0,94.0,alta,SIN_DATOS_60D,"el exportador automático de GSC agrega por página sobre 35 días, todavía no hay serie diaria real con la que clasificar",,
Gabriel Iberico,Sparta Praga,entidad,10,7717.0,772.0,alta,SIN_DATOS_60D,"el exportador automático de GSC agrega por página sobre 35 días, todavía no hay serie diaria real con la que clasificar",,
Gabriel Iberico,Mano Menezes,entidad,19,7516.0,396.0,alta,SIN_DATOS_60D,"el exportador automático de GSC agrega por página sobre 35 días, todavía no hay serie diaria real con la que clasificar",,
Gabriel Iberico,Felipe Chávez,entidad,21,7503.0,357.0,alta,SIN_DATOS_60D,"el exportador automático de GSC agrega por página sobre 35 días, todavía no hay serie diaria real con la que clasificar",,
Gabriel Iberico,Bryan Reyna,entidad,8,7410.0,926.0,media,SIN_DATOS_60D,"el exportador automático de GSC agrega por página sobre 35 días, todavía no hay serie diaria real con la que clasificar",,
Gabriel Iberico,hora y canal,tema,3,7387.0,2462.0,media,SIN_DATOS_60D,"el exportador automático de GSC agrega por página sobre 35 días, todavía no hay serie diaria real con la que clasificar",,
Gabriel Iberico,Uruguay,entidad,12,7353.0,613.0,alta,SIN_DATOS_60D,"el exportador automático de GSC agrega por página sobre 35 días, todavía no hay serie diaria real con la que clasificar",,
Gabriel Iberico,Brasil,entidad,16,7324.0,458.0,alta,SIN_DATOS_60D,"el exportador automático de GSC agrega por página sobre 35 días, todavía no hay serie diaria real con la que clasificar",,
Gabriel Iberico,pone la mira,tema,8,7269.0,909.0,media,SIN_DATOS_60D,"el exportador automático de GSC agrega por página sobre 35 días, todavía no hay serie diaria real con la que clasificar",,
Gabriel Iberico,Diego Rebagliati,entidad,8,7193.0,899.0,media,SIN_DATOS_60D,"el exportador automático de GSC agrega por página sobre 35 días, todavía no hay serie diaria real con la que clasificar",,
Gabriel Iberico,pie derecho,tema,8,7138.0,892.0,media,SIN_DATOS_60D,"el exportador automático de GSC agrega por página sobre 35 días, todavía no hay serie diaria real con la que clasificar",,
Gabriel Iberico,fase de grupos,entidad,7,6967.0,995.0,media,SIN_DATOS_60D,"el exportador automático de GSC agrega por página sobre 35 días, todavía no hay serie diaria real con la que clasificar",,
Gabriel Iberico,figura de alianza,entidad,2,6853.0,3426.0,baja,SIN_DATOS_60D,"el exportador automático de GSC agrega por página sobre 35 días, todavía no hay serie diaria real con la que clasificar",,
Gabriel Iberico,Roberto Mosquera,entidad,9,6761.0,751.0,media,SIN_DATOS_60D,"el exportador automático de GSC agrega por página sobre 35 días, todavía no hay serie diaria real con la que clasificar",,
Gabriel Iberico,Copa Federación Sub,entidad,2,6741.0,3370.0,baja,SIN_DATOS_60D,"el exportador automático de GSC agrega por página sobre 35 días, todavía no hay serie diaria real con la que clasificar",,
Gabriel Iberico,grupo b,entidad,9,6703.0,745.0,media,SIN_DATOS_60D,"el exportador automático de GSC agrega por página sobre 35 días, todavía no hay serie diaria real con la que clasificar",,
Gabriel Iberico,Argentina,entidad,19,6677.0,351.0,alta,SIN_DATOS_60D,"el exportador automático de GSC agrega por página sobre 35 días, todavía no hay serie diaria real con la que clasificar",,
Gabriel Iberico,Sudamericano,entidad,3,6615.0,2205.0,media,SIN_DATOS_60D,"el exportador automático de GSC agrega por página sobre 35 días, todavía no hay serie diaria real con la que clasificar",,
Gabriel Iberico,octavos de final,tema,10,6584.0,658.0,alta,SIN_DATOS_60D,"el exportador automático de GSC agrega por página sobre 35 días, todavía no hay serie diaria real con la que clasificar",,
Gabriel Iberico,sudamericano de clubes,entidad,2,6540.0,3270.0,baja,SIN_DATOS_60D,"el exportador automático de GSC agrega por página sobre 35 días, todavía no hay serie diaria real con la que clasificar",,
Gabriel Iberico,liga así marcha,entidad,2,6467.0,3234.0,baja,SIN_DATOS_60D,"el exportador automático de GSC agrega por página sobre 35 días, todavía no hay serie diaria real con la que clasificar",,
Gabriel Iberico,jornada de la etapa,tema,2,6435.0,3218.0,baja,SIN_DATOS_60D,"el exportador automático de GSC agrega por página sobre 35 días, todavía no hay serie diaria real con la que clasificar",,
Gabriel Iberico,UFC,entidad,6,6303.0,1050.0,media,SIN_DATOS_60D,"el exportador automático de GSC agrega por página sobre 35 días, todavía no hay serie diaria real con la que clasificar",,
Gabriel Iberico,Atlético Grau,entidad,6,6215.0,1036.0,media,SIN_DATOS_60D,"el exportador automático de GSC agrega por página sobre 35 días, todavía no hay serie diaria real con la que clasificar",,
Gabriel Iberico,Mr Peet,entidad,15,6203.0,414.0,alta,SIN_DATOS_60D,"el exportador automático de GSC agrega por página sobre 35 días, todavía no hay serie diaria real con la que clasificar",,
Gabriel Iberico,Jairo Vélez,entidad,6,6194.0,1032.0,media,SIN_DATOS_60D,"el exportador automático de GSC agrega por página sobre 35 días, todavía no hay serie diaria real con la que clasificar",,
Gabriel Iberico,César Vallejo,entidad,6,6148.0,1025.0,media,SIN_DATOS_60D,"el exportador automático de GSC agrega por página sobre 35 días, todavía no hay serie diaria real con la que clasificar",,
Gabriel Iberico,universitario vs,entidad,16,6147.0,384.0,alta,SIN_DATOS_60D,"el exportador automático de GSC agrega por página sobre 35 días, todavía no hay serie diaria real con la que clasificar",,
Gabriel Iberico,México,entidad,7,6119.0,874.0,media,SIN_DATOS_60D,"el exportador automático de GSC agrega por página sobre 35 días, todavía no hay serie diaria real con la que clasificar",,
Gabriel Iberico,final del mundial,tema,12,5933.0,494.0,alta,SIN_DATOS_60D,"el exportador automático de GSC agrega por página sobre 35 días, todavía no hay serie diaria real con la que clasificar",,
Gabriel Iberico,hincha de universitario,entidad,5,5931.0,1186.0,media,SIN_DATOS_60D,"el exportador automático de GSC agrega por página sobre 35 días, todavía no hay serie diaria real con la que clasificar",,
Gabriel Iberico,posiciones en la fecha,tema,17,5899.0,347.0,alta,SIN_DATOS_60D,"el exportador automático de GSC agrega por página sobre 35 días, todavía no hay serie diaria real con la que clasificar",,
Gabriel Iberico,Copa Efipan,entidad,5,5841.0,1168.0,media,SIN_DATOS_60D,"el exportador automático de GSC agrega por página sobre 35 días, todavía no hay serie diaria real con la que clasificar",,
Gabriel Iberico,UTC,entidad,15,5793.0,386.0,alta,SIN_DATOS_60D,"el exportador automático de GSC agrega por página sobre 35 días, todavía no hay serie diaria real con la que clasificar",,
Gabriel Iberico,Pablo Guede,entidad,19,5763.0,303.0,alta,SIN_DATOS_60D,"el exportador automático de GSC agrega por página sobre 35 días, todavía no hay serie diaria real con la que clasificar",,
Gabriel Iberico,Noche,entidad,8,5735.0,717.0,media,SIN_DATOS_60D,"el exportador automático de GSC agrega por página sobre 35 días, todavía no hay serie diaria real con la que clasificar",,
Gabriel Iberico,Binacional,entidad,9,5705.0,634.0,media,SIN_DATOS_60D,"el exportador automático de GSC agrega por página sobre 35 días, todavía no hay serie diaria real con la que clasificar",,
Gabriel Iberico,Copa América de Futsal,entidad,2,5610.0,2805.0,baja,SIN_DATOS_60D,"el exportador automático de GSC agrega por página sobre 35 días, todavía no hay serie diaria real con la que clasificar",,
Gabriel Iberico,Renato Tapia,entidad,16,5602.0,350.0,alta,SIN_DATOS_60D,"el exportador automático de GSC agrega por página sobre 35 días, todavía no hay serie diaria real con la que clasificar",,
Gabriel Iberico,Nolberto Solano,entidad,5,5588.0,1118.0,media,SIN_DATOS_60D,"el exportador automático de GSC agrega por página sobre 35 días, todavía no hay serie diaria real con la que clasificar",,
Gabriel Iberico,FIFA,entidad,12,5579.0,465.0,alta,SIN_DATOS_60D,"el exportador automático de GSC agrega por página sobre 35 días, todavía no hay serie diaria real con la que clasificar",,
Gabriel Iberico,Kevin Borjas,entidad,3,5567.0,1856.0,media,SIN_DATOS_60D,"el exportador automático de GSC agrega por página sobre 35 días, todavía no hay serie diaria real con la que clasificar",,
Gabriel Iberico,Fluminense,entidad,2,5461.0,2730.0,baja,SIN_DATOS_60D,"el exportador automático de GSC agrega por página sobre 35 días, todavía no hay serie diaria real con la que clasificar",,
Gabriel Iberico,primera victoria,tema,3,5440.0,1813.0,media,SIN_DATOS_60D,"el exportador automático de GSC agrega por página sobre 35 días, todavía no hay serie diaria real con la que clasificar",,
Gabriel Iberico,Franco Velazco,entidad,13,5394.0,415.0,alta,SIN_DATOS_60D,"el exportador automático de GSC agrega por página sobre 35 días, todavía no hay serie diaria real con la que clasificar",,
Gabriel Iberico,dupla peruana,tema,2,5289.0,2644.0,baja,SIN_DATOS_60D,"el exportador automático de GSC agrega por página sobre 35 días, todavía no hay serie diaria real con la que clasificar",,
Gabriel Iberico,Pakistán,entidad,3,5279.0,1760.0,media,SIN_DATOS_60D,"el exportador automático de GSC agrega por página sobre 35 días, todavía no hay serie diaria real con la que clasificar",,
Gabriel Iberico,liguilla final,tema,5,5231.0,1046.0,media,SIN_DATOS_60D,"el exportador automático de GSC agrega por página sobre 35 días, todavía no hay serie diaria real con la que clasificar",,
Gabriel Iberico,pone un pie,tema,5,5219.0,1044.0,media,SIN_DATOS_60D,"el exportador automático de GSC agrega por página sobre 35 días, todavía no hay serie diaria real con la que clasificar",,
Gabriel Iberico,Miguel Trauco,entidad,7,5189.0,741.0,media,SIN_DATOS_60D,"el exportador automático de GSC agrega por página sobre 35 días, todavía no hay serie diaria real con la que clasificar",,
Gabriel Iberico,vuelve a casa,tema,4,5175.0,1294.0,media,SIN_DATOS_60D,"el exportador automático de GSC agrega por página sobre 35 días, todavía no hay serie diaria real con la que clasificar",,
Gabriel Iberico,noche crema,entidad,6,5085.0,848.0,media,SIN_DATOS_60D,"el exportador automático de GSC agrega por página sobre 35 días, todavía no hay serie diaria real con la que clasificar",,
Gabriel Iberico,sigue en racha,tema,4,5014.0,1254.0,media,SIN_DATOS_60D,"el exportador automático de GSC agrega por página sobre 35 días, todavía no hay serie diaria real con la que clasificar",,
Gabriel Iberico,inicio del torneo,tema,7,5011.0,716.0,media,SIN_DATOS_60D,"el exportador automático de GSC agrega por página sobre 35 días, todavía no hay serie diaria real con la que clasificar",,
Gabriel Iberico,Honduras,entidad,4,4979.0,1245.0,media,SIN_DATOS_60D,"el exportador automático de GSC agrega por página sobre 35 días, todavía no hay serie diaria real con la que clasificar",,
Gabriel Iberico,nuevo dt,entidad,7,4890.0,699.0,media,SIN_DATOS_60D,"el exportador automático de GSC agrega por página sobre 35 días, todavía no hay serie diaria real con la que clasificar",,
Gabriel Iberico,conocen a sus rivales,tema,3,4878.0,1626.0,media,SIN_DATOS_60D,"el exportador automático de GSC agrega por página sobre 35 días, todavía no hay serie diaria real con la que clasificar",,
Gabriel Iberico,altas bajas,tema,9,4876.0,542.0,media,SIN_DATOS_60D,"el exportador automático de GSC agrega por página sobre 35 días, todavía no hay serie diaria real con la que clasificar",,
Gabriel Iberico,Alianza Atlético,entidad,12,4868.0,406.0,alta,SIN_DATOS_60D,"el exportador automático de GSC agrega por página sobre 35 días, todavía no hay serie diaria real con la que clasificar",,
Gabriel Iberico,Selección Peruana Sub,entidad,7,4811.0,687.0,media,SIN_DATOS_60D,"el exportador automático de GSC agrega por página sobre 35 días, todavía no hay serie diaria real con la que clasificar",,
Gabriel Iberico,b de la copa,entidad,7,4646.0,664.0,media,SIN_DATOS_60D,"el exportador automático de GSC agrega por página sobre 35 días, todavía no hay serie diaria real con la que clasificar",,
Gabriel Iberico,fichaje de peso,tema,2,4448.0,2224.0,baja,SIN_DATOS_60D,"el exportador automático de GSC agrega por página sobre 35 días, todavía no hay serie diaria real con la que clasificar",,
Gabriel Iberico,figura de sport,tema,5,4429.0,886.0,media,SIN_DATOS_60D,"el exportador automático de GSC agrega por página sobre 35 días, todavía no hay serie diaria real con la que clasificar",,
Gabriel Iberico,nuevo jugador,entidad,10,4363.0,436.0,alta,SIN_DATOS_60D,"el exportador automático de GSC agrega por página sobre 35 días, todavía no hay serie diaria real con la que clasificar",,
Gabriel Iberico,clausura de la liga,entidad,4,4351.0,1088.0,media,SIN_DATOS_60D,"el exportador automático de GSC agrega por página sobre 35 días, todavía no hay serie diaria real con la que clasificar",,
Gabriel Iberico,posiciones del grupo,entidad,7,4327.0,618.0,media,SIN_DATOS_60D,"el exportador automático de GSC agrega por página sobre 35 días, todavía no hay serie diaria real con la que clasificar",,
Gabriel Iberico,juan pablo,entidad,15,4301.0,287.0,alta,SIN_DATOS_60D,"el exportador automático de GSC agrega por página sobre 35 días, todavía no hay serie diaria real con la que clasificar",,
Gabriel Iberico,cienciano vs,entidad,4,4293.0,1073.0,media,SIN_DATOS_60D,"el exportador automático de GSC agrega por página sobre 35 días, todavía no hay serie diaria real con la que clasificar",,
Gabriel Iberico,Hernán Barcos,entidad,10,4290.0,429.0,alta,SIN_DATOS_60D,"el exportador automático de GSC agrega por página sobre 35 días, todavía no hay serie diaria real con la que clasificar",,
Gabriel Iberico,Liga Departamental de Apurímac,entidad,3,4253.0,1418.0,media,SIN_DATOS_60D,"el exportador automático de GSC agrega por página sobre 35 días, todavía no hay serie diaria real con la que clasificar",,
Gabriel Iberico,posiciones de la fecha,tema,4,4212.0,1053.0,media,SIN_DATOS_60D,"el exportador automático de GSC agrega por página sobre 35 días, todavía no hay serie diaria real con la que clasificar",,
Gabriel Iberico,España,entidad,10,4208.0,421.0,alta,SIN_DATOS_60D,"el exportador automático de GSC agrega por página sobre 35 días, todavía no hay serie diaria real con la que clasificar",,
Gabriel Iberico,Christian Cueva,entidad,16,4152.0,260.0,alta,SIN_DATOS_60D,"el exportador automático de GSC agrega por página sobre 35 días, todavía no hay serie diaria real con la que clasificar",,
Gabriel Iberico,rescata un punto,tema,3,4127.0,1376.0,media,SIN_DATOS_60D,"el exportador automático de GSC agrega por página sobre 35 días, todavía no hay serie diaria real con la que clasificar",,
Gabriel Iberico,Corea del Sur,entidad,3,4117.0,1372.0,media,SIN_DATOS_60D,"el exportador automático de GSC agrega por página sobre 35 días, todavía no hay serie diaria real con la que clasificar",,
Gabriel Iberico,l max,tema,2,4079.0,2040.0,baja,SIN_DATOS_60D,"el exportador automático de GSC agrega por página sobre 35 días, todavía no hay serie diaria real con la que clasificar",,
Gabriel Iberico,Movistar,entidad,2,4079.0,2040.0,baja,SIN_DATOS_60D,"el exportador automático de GSC agrega por página sobre 35 días, todavía no hay serie diaria real con la que clasificar",,
Gabriel Iberico,Cusco,entidad,8,4072.0,509.0,media,SIN_DATOS_60D,"el exportador automático de GSC agrega por página sobre 35 días, todavía no hay serie diaria real con la que clasificar",,
Gabriel Iberico,pie en la final,tema,2,4019.0,2010.0,baja,SIN_DATOS_60D,"el exportador automático de GSC agrega por página sobre 35 días, todavía no hay serie diaria real con la que clasificar",,
Gabriel Iberico,Paolo Guerrero,entidad,15,4016.0,268.0,alta,SIN_DATOS_60D,"el exportador automático de GSC agrega por página sobre 35 días, todavía no hay serie diaria real con la que clasificar",,
Gabriel Iberico,motivo por el cual,tema,11,3993.0,363.0,alta,SIN_DATOS_60D,"el exportador automático de GSC agrega por página sobre 35 días, todavía no hay serie diaria real con la que clasificar",,
Gabriel Iberico,Jesús Pretell,entidad,4,3970.0,992.0,media,SIN_DATOS_60D,"el exportador automático de GSC agrega por página sobre 35 días, todavía no hay serie diaria real con la que clasificar",,
Gabriel Iberico,rivales en la fase,entidad,2,3940.0,1970.0,baja,SIN_DATOS_60D,"el exportador automático de GSC agrega por página sobre 35 días, todavía no hay serie diaria real con la que clasificar",,
Gabriel Iberico,campeón de la liga,entidad,4,3922.0,980.0,media,SIN_DATOS_60D,"el exportador automático de GSC agrega por página sobre 35 días, todavía no hay serie diaria real con la que clasificar",,
Gabriel Iberico,clasificados a la fase,entidad,3,3905.0,1302.0,media,SIN_DATOS_60D,"el exportador automático de GSC agrega por página sobre 35 días, todavía no hay serie diaria real con la que clasificar",,
Gabriel Iberico,decisión con respecto,tema,9,3902.0,434.0,media,SIN_DATOS_60D,"el exportador automático de GSC agrega por página sobre 35 días, todavía no hay serie diaria real con la que clasificar",,
Gabriel Iberico,vs montevideo,tema,2,3897.0,1948.0,baja,SIN_DATOS_60D,"el exportador automático de GSC agrega por página sobre 35 días, todavía no hay serie diaria real con la que clasificar",,
Gabriel Iberico,Europa,entidad,6,3863.0,644.0,media,SIN_DATOS_60D,"el exportador automático de GSC agrega por página sobre 35 días, todavía no hay serie diaria real con la que clasificar",,
Gabriel Iberico,Bicolor,entidad,11,3821.0,347.0,alta,SIN_DATOS_60D,"el exportador automático de GSC agrega por página sobre 35 días, todavía no hay serie diaria real con la que clasificar",,
Gabriel Iberico,Comerciantes FC,entidad,9,3817.0,424.0,media,SIN_DATOS_60D,"el exportador automático de GSC agrega por página sobre 35 días, todavía no hay serie diaria real con la que clasificar",,
Gabriel Iberico,lima sigue,tema,3,3774.0,1258.0,media,SIN_DATOS_60D,"el exportador automático de GSC agrega por página sobre 35 días, todavía no hay serie diaria real con la que clasificar",,
Gabriel Iberico,cima del torneo,tema,7,3767.0,538.0,media,SIN_DATOS_60D,"el exportador automático de GSC agrega por página sobre 35 días, todavía no hay serie diaria real con la que clasificar",,
Gabriel Iberico,Pedro Gallese,entidad,16,3757.0,235.0,alta,SIN_DATOS_60D,"el exportador automático de GSC agrega por página sobre 35 días, todavía no hay serie diaria real con la que clasificar",,
Gabriel Iberico,cruces confirmados,tema,3,3718.0,1239.0,media,SIN_DATOS_60D,"el exportador automático de GSC agrega por página sobre 35 días, todavía no hay serie diaria real con la que clasificar",,
Gabriel Iberico,Kevin Quevedo,entidad,6,3710.0,618.0,media,SIN_DATOS_60D,"el exportador automático de GSC agrega por página sobre 35 días, todavía no hay serie diaria real con la que clasificar",,
Gabriel Iberico,fecha de la liguilla,tema,3,3676.0,1225.0,media,SIN_DATOS_60D,"el exportador automático de GSC agrega por página sobre 35 días, todavía no hay serie diaria real con la que clasificar",,
Gabriel Iberico,Deportivo Cali,entidad,12,3657.0,305.0,alta,SIN_DATOS_60D,"el exportador automático de GSC agrega por página sobre 35 días, todavía no hay serie diaria real con la que clasificar",,
Gabriel Iberico,Eddie Fleischman,entidad,9,3643.0,405.0,media,SIN_DATOS_60D,"el exportador automático de GSC agrega por página sobre 35 días, todavía no hay serie diaria real con la que clasificar",,
Gabriel Iberico,tercer partido,tema,3,3629.0,1210.0,media,SIN_DATOS_60D,"el exportador automático de GSC agrega por página sobre 35 días, todavía no hay serie diaria real con la que clasificar",,
Gabriel Iberico,mete en las semifinales,tema,2,3612.0,1806.0,baja,SIN_DATOS_60D,"el exportador automático de GSC agrega por página sobre 35 días, todavía no hay serie diaria real con la que clasificar",,
Gabriel Iberico,Deportivo Moquegua,entidad,6,3610.0,602.0,media,SIN_DATOS_60D,"el exportador automático de GSC agrega por página sobre 35 días, todavía no hay serie diaria real con la que clasificar",,
Gabriel Iberico,lima vs,tema,12,3603.0,300.0,alta,SIN_DATOS_60D,"el exportador automático de GSC agrega por página sobre 35 días, todavía no hay serie diaria real con la que clasificar",,
Gabriel Iberico,clubes clasificados,tema,3,3530.0,1177.0,media,SIN_DATOS_60D,"el exportador automático de GSC agrega por página sobre 35 días, todavía no hay serie diaria real con la que clasificar",,
Gabriel Iberico,Fase de la Copa Libertadores,entidad,3,3518.0,1173.0,media,SIN_DATOS_60D,"el exportador automático de GSC agrega por página sobre 35 días, todavía no hay serie diaria real con la que clasificar",,
Gabriel Iberico,César Inga,entidad,9,3493.0,388.0,media,SIN_DATOS_60D,"el exportador automático de GSC agrega por página sobre 35 días, todavía no hay serie diaria real con la que clasificar",,
Gabriel Iberico,amistoso previo,tema,2,3489.0,1744.0,baja,SIN_DATOS_60D,"el exportador automático de GSC agrega por página sobre 35 días, todavía no hay serie diaria real con la que clasificar",,
Gabriel Iberico,Jean Ferrari,entidad,17,3424.0,201.0,alta,SIN_DATOS_60D,"el exportador automático de GSC agrega por página sobre 35 días, todavía no hay serie diaria real con la que clasificar",,
Gabriel Iberico,Piero Quispe,entidad,8,3419.0,427.0,media,SIN_DATOS_60D,"el exportador automático de GSC agrega por página sobre 35 días, todavía no hay serie diaria real con la que clasificar",,
Gabriel Iberico,Alianza Lima Ojalá,entidad,2,3402.0,1701.0,baja,SIN_DATOS_60D,"el exportador automático de GSC agrega por página sobre 35 días, todavía no hay serie diaria real con la que clasificar",,
Gabriel Iberico,rotunda decisión con respecto,tema,7,3399.0,486.0,media,SIN_DATOS_60D,"el exportador automático de GSC agrega por página sobre 35 días, todavía no hay serie diaria real con la que clasificar",,
Gabriel Iberico,Deportivo Municipal,entidad,2,3339.0,1670.0,baja,SIN_DATOS_60D,"el exportador automático de GSC agrega por página sobre 35 días, todavía no hay serie diaria real con la que clasificar",,
Gabriel Iberico,Keiko Fujimori,entidad,2,3338.0,1669.0,baja,SIN_DATOS_60D,"el exportador automático de GSC agrega por página sobre 35 días, todavía no hay serie diaria real con la que clasificar",,
Gabriel Iberico,da el salto,tema,6,3335.0,556.0,media,SIN_DATOS_60D,"el exportador automático de GSC agrega por página sobre 35 días, todavía no hay serie diaria real con la que clasificar",,
Gabriel Iberico,final del torneo,tema,4,3334.0,834.0,media,SIN_DATOS_60D,"el exportador automático de GSC agrega por página sobre 35 días, todavía no hay serie diaria real con la que clasificar",,
Gabriel Iberico,respecto al futuro,tema,9,3324.0,369.0,media,SIN_DATOS_60D,"el exportador automático de GSC agrega por página sobre 35 días, todavía no hay serie diaria real con la que clasificar",,
Gabriel Iberico,Universitario de Deportes,entidad,2,3324.0,1662.0,baja,SIN_DATOS_60D,"el exportador automático de GSC agrega por página sobre 35 días, todavía no hay serie diaria real con la que clasificar",,
Gabriel Iberico,rinde ante figura,tema,2,3320.0,1660.0,baja,SIN_DATOS_60D,"el exportador automático de GSC agrega por página sobre 35 días, todavía no hay serie diaria real con la que clasificar",,
Gabriel Iberico,Jefferson Farfán,entidad,2,3309.0,1654.0,baja,SIN_DATOS_60D,"el exportador automático de GSC agrega por página sobre 35 días, todavía no hay serie diaria real con la que clasificar",,
Gabriel Iberico,Jorge Fossati,entidad,8,3307.0,413.0,media,SIN_DATOS_60D,"el exportador automático de GSC agrega por página sobre 35 días, todavía no hay serie diaria real con la que clasificar",,
Gabriel Iberico,universitario toma rotunda,entidad,7,3301.0,472.0,media,SIN_DATOS_60D,"el exportador automático de GSC agrega por página sobre 35 días, todavía no hay serie diaria real con la que clasificar",,
Gabriel Iberico,Nacional,entidad,9,3291.0,366.0,media,SIN_DATOS_60D,"el exportador automático de GSC agrega por página sobre 35 días, todavía no hay serie diaria real con la que clasificar",,
Gabriel Iberico,punto de oro,tema,2,3288.0,1644.0,baja,SIN_DATOS_60D,"el exportador automático de GSC agrega por página sobre 35 días, todavía no hay serie diaria real con la que clasificar",,
Gabriel Iberico,previo al duelo,tema,4,3273.0,818.0,media,SIN_DATOS_60D,"el exportador automático de GSC agrega por página sobre 35 días, todavía no hay serie diaria real con la que clasificar",,
Gabriel Iberico,semifinales de la liga,entidad,6,3229.0,538.0,media,SIN_DATOS_60D,"el exportador automático de GSC agrega por página sobre 35 días, todavía no hay serie diaria real con la que clasificar",,
Gabriel Iberico,posiciones del grupo b,entidad,4,3196.0,799.0,media,SIN_DATOS_60D,"el exportador automático de GSC agrega por página sobre 35 días, todavía no hay serie diaria real con la que clasificar",,
Gabriel Iberico,Paolo Reyna,entidad,2,3192.0,1596.0,baja,SIN_DATOS_60D,"el exportador automático de GSC agrega por página sobre 35 días, todavía no hay serie diaria real con la que clasificar",,
Gabriel Iberico,toma ventaja,tema,3,3185.0,1062.0,media,SIN_DATOS_60D,"el exportador automático de GSC agrega por página sobre 35 días, todavía no hay serie diaria real con la que clasificar",,
Gabriel Iberico,histórico club,tema,6,3164.0,527.0,media,SIN_DATOS_60D,"el exportador automático de GSC agrega por página sobre 35 días, todavía no hay serie diaria real con la que clasificar",,
Gabriel Iberico,futuro en universitario,entidad,2,3153.0,1576.0,baja,SIN_DATOS_60D,"el exportador automático de GSC agrega por página sobre 35 días, todavía no hay serie diaria real con la que clasificar",,
Gabriel Iberico,fuerte advertencia,tema,9,3143.0,349.0,media,SIN_DATOS_60D,"el exportador automático de GSC agrega por página sobre 35 días, todavía no hay serie diaria real con la que clasificar",,
Gabriel Iberico,rotunda postura,tema,4,3143.0,786.0,media,SIN_DATOS_60D,"el exportador automático de GSC agrega por página sobre 35 días, todavía no hay serie diaria real con la que clasificar",,
Gabriel Iberico,toma drástica,tema,3,3085.0,1028.0,media,SIN_DATOS_60D,"el exportador automático de GSC agrega por página sobre 35 días, todavía no hay serie diaria real con la que clasificar",,
Gabriel Iberico,Erick Noriega,entidad,12,3077.0,256.0,alta,SIN_DATOS_60D,"el exportador automático de GSC agrega por página sobre 35 días, todavía no hay serie diaria real con la que clasificar",,
Gabriel Iberico,Comerciantes Unidos,entidad,9,3039.0,338.0,media,SIN_DATOS_60D,"el exportador automático de GSC agrega por página sobre 35 días, todavía no hay serie diaria real con la que clasificar",,
Gabriel Iberico,Tarma,entidad,2,3029.0,1514.0,baja,SIN_DATOS_60D,"el exportador automático de GSC agrega por página sobre 35 días, todavía no hay serie diaria real con la que clasificar",,
Gabriel Iberico,fecha de la liga,entidad,13,3026.0,233.0,alta,SIN_DATOS_60D,"el exportador automático de GSC agrega por página sobre 35 días, todavía no hay serie diaria real con la que clasificar",,
Gabriel Iberico,derrota en la copa,entidad,2,2943.0,1472.0,baja,SIN_DATOS_60D,"el exportador automático de GSC agrega por página sobre 35 días, todavía no hay serie diaria real con la que clasificar",,
Gabriel Iberico,insólita razón,tema,5,2933.0,587.0,media,SIN_DATOS_60D,"el exportador automático de GSC agrega por página sobre 35 días, todavía no hay serie diaria real con la que clasificar",,
Gabriel Iberico,fiesta monumental,entidad,2,2914.0,1457.0,baja,SIN_DATOS_60D,"el exportador automático de GSC agrega por página sobre 35 días, todavía no hay serie diaria real con la que clasificar",,
Gabriel Iberico,Montevideo City,entidad,3,2865.0,955.0,media,SIN_DATOS_60D,"el exportador automático de GSC agrega por página sobre 35 días, todavía no hay serie diaria real con la que clasificar",,
Gabriel Iberico,Dianderas,entidad,3,2836.0,945.0,media,SIN_DATOS_60D,"el exportador automático de GSC agrega por página sobre 35 días, todavía no hay serie diaria real con la que clasificar",,
Gabriel Iberico,cristal vs,entidad,4,2817.0,704.0,media,SIN_DATOS_60D,"el exportador automático de GSC agrega por página sobre 35 días, todavía no hay serie diaria real con la que clasificar",,
Gabriel Iberico,nuevo horario,tema,2,2808.0,1404.0,baja,SIN_DATOS_60D,"el exportador automático de GSC agrega por página sobre 35 días, todavía no hay serie diaria real con la que clasificar",,
Gabriel Iberico,siguiente ronda,tema,5,2804.0,561.0,media,SIN_DATOS_60D,"el exportador automático de GSC agrega por página sobre 35 días, todavía no hay serie diaria real con la que clasificar",,
Gabriel Iberico,Raúl Ruidíaz,entidad,10,2796.0,280.0,alta,SIN_DATOS_60D,"el exportador automático de GSC agrega por página sobre 35 días, todavía no hay serie diaria real con la que clasificar",,
Gabriel Iberico,Portugal,entidad,11,2790.0,254.0,alta,SIN_DATOS_60D,"el exportador automático de GSC agrega por página sobre 35 días, todavía no hay serie diaria real con la que clasificar",,
Gabriel Iberico,Noche Blanquiazul,entidad,2,2754.0,1377.0,baja,SIN_DATOS_60D,"el exportador automático de GSC agrega por página sobre 35 días, todavía no hay serie diaria real con la que clasificar",,
Gabriel Iberico,primera división,entidad,4,2749.0,687.0,media,SIN_DATOS_60D,"el exportador automático de GSC agrega por página sobre 35 días, todavía no hay serie diaria real con la que clasificar",,
Gabriel Iberico,Ángel Comizzo,entidad,3,2734.0,911.0,media,SIN_DATOS_60D,"el exportador automático de GSC agrega por página sobre 35 días, todavía no hay serie diaria real con la que clasificar",,
Gabriel Iberico,fecha y hora,tema,3,2734.0,911.0,media,SIN_DATOS_60D,"el exportador automático de GSC agrega por página sobre 35 días, todavía no hay serie diaria real con la que clasificar",,
Gabriel Iberico,ganar el torneo,tema,3,2733.0,911.0,media,SIN_DATOS_60D,"el exportador automático de GSC agrega por página sobre 35 días, todavía no hay serie diaria real con la que clasificar",,
Gabriel Iberico,Alex Valera,entidad,6,2723.0,454.0,media,SIN_DATOS_60D,"el exportador automático de GSC agrega por página sobre 35 días, todavía no hay serie diaria real con la que clasificar",,
Gabriel Iberico,Santos FC,entidad,3,2722.0,907.0,media,SIN_DATOS_60D,"el exportador automático de GSC agrega por página sobre 35 días, todavía no hay serie diaria real con la que clasificar",,
Gabriel Iberico,polémicas declaraciones,tema,4,2721.0,680.0,media,SIN_DATOS_60D,"el exportador automático de GSC agrega por página sobre 35 días, todavía no hay serie diaria real con la que clasificar",,
Gabriel Iberico,nuevo fichaje,tema,5,2705.0,541.0,media,SIN_DATOS_60D,"el exportador automático de GSC agrega por página sobre 35 días, todavía no hay serie diaria real con la que clasificar",,
Gabriel Iberico,FPF,entidad,7,2702.0,386.0,media,SIN_DATOS_60D,"el exportador automático de GSC agrega por página sobre 35 días, todavía no hay serie diaria real con la que clasificar",,
Gabriel Iberico,Tunche Rivera,entidad,4,2702.0,676.0,media,SIN_DATOS_60D,"el exportador automático de GSC agrega por página sobre 35 días, todavía no hay serie diaria real con la que clasificar",,
Gabriel Iberico,primer lugar,tema,5,2693.0,539.0,media,SIN_DATOS_60D,"el exportador automático de GSC agrega por página sobre 35 días, todavía no hay serie diaria real con la que clasificar",,
Gabriel Iberico,César Uribe,entidad,3,2689.0,896.0,media,SIN_DATOS_60D,"el exportador automático de GSC agrega por página sobre 35 días, todavía no hay serie diaria real con la que clasificar",,
Gabriel Iberico,goleador de universitario,entidad,2,2689.0,1344.0,baja,SIN_DATOS_60D,"el exportador automático de GSC agrega por página sobre 35 días, todavía no hay serie diaria real con la que clasificar",,
Gabriel Iberico,fecha hora,tema,5,2687.0,537.0,media,SIN_DATOS_60D,"el exportador automático de GSC agrega por página sobre 35 días, todavía no hay serie diaria real con la que clasificar",,
Gabriel Iberico,cima del grupo,entidad,6,2673.0,446.0,media,SIN_DATOS_60D,"el exportador automático de GSC agrega por página sobre 35 días, todavía no hay serie diaria real con la que clasificar",,
Gabriel Iberico,Unión Comercio,entidad,6,2671.0,445.0,media,SIN_DATOS_60D,"el exportador automático de GSC agrega por página sobre 35 días, todavía no hay serie diaria real con la que clasificar",,
Gabriel Iberico,Inter Miami,entidad,2,2666.0,1333.0,baja,SIN_DATOS_60D,"el exportador automático de GSC agrega por página sobre 35 días, todavía no hay serie diaria real con la que clasificar",,
Gabriel Iberico,empate sobre la hora,tema,3,2663.0,888.0,media,SIN_DATOS_60D,"el exportador automático de GSC agrega por página sobre 35 días, todavía no hay serie diaria real con la que clasificar",,
Gabriel Iberico,Juliaca,entidad,2,2661.0,1330.0,baja,SIN_DATOS_60D,"el exportador automático de GSC agrega por página sobre 35 días, todavía no hay serie diaria real con la que clasificar",,
Gabriel Iberico,Alianza Lima y San Martín,entidad,2,2659.0,1330.0,baja,SIN_DATOS_60D,"el exportador automático de GSC agrega por página sobre 35 días, todavía no hay serie diaria real con la que clasificar",,
Gabriel Iberico,grupo f,entidad,5,2650.0,530.0,media,SIN_DATOS_60D,"el exportador automático de GSC agrega por página sobre 35 días, todavía no hay serie diaria real con la que clasificar",,
Gabriel Iberico,volver a universitario,entidad,4,2648.0,662.0,media,SIN_DATOS_60D,"el exportador automático de GSC agrega por página sobre 35 días, todavía no hay serie diaria real con la que clasificar",,
Gabriel Iberico,Jairo Concha,entidad,8,2645.0,331.0,media,SIN_DATOS_60D,"el exportador automático de GSC agrega por página sobre 35 días, todavía no hay serie diaria real con la que clasificar",,
Gabriel Iberico,recta final,tema,3,2623.0,874.0,media,SIN_DATOS_60D,"el exportador automático de GSC agrega por página sobre 35 días, todavía no hay serie diaria real con la que clasificar",,
Gabriel Iberico,universitario y ahora,entidad,4,2621.0,655.0,media,SIN_DATOS_60D,"el exportador automático de GSC agrega por página sobre 35 días, todavía no hay serie diaria real con la que clasificar",,
Gabriel Iberico,grupos de la copa,entidad,4,2614.0,654.0,media,SIN_DATOS_60D,"el exportador automático de GSC agrega por página sobre 35 días, todavía no hay serie diaria real con la que clasificar",,
Gabriel Iberico,impone ante universitario,entidad,2,2609.0,1304.0,baja,SIN_DATOS_60D,"el exportador automático de GSC agrega por página sobre 35 días, todavía no hay serie diaria real con la que clasificar",,
Gabriel Iberico,quedar fuera,tema,4,2601.0,650.0,media,SIN_DATOS_60D,"el exportador automático de GSC agrega por página sobre 35 días, todavía no hay serie diaria real con la que clasificar",,
Gabriel Iberico,Gremio,entidad,11,2598.0,236.0,alta,SIN_DATOS_60D,"el exportador automático de GSC agrega por página sobre 35 días, todavía no hay serie diaria real con la que clasificar",,
Gabriel Iberico,Ignacio Buse,entidad,6,2592.0,432.0,media,SIN_DATOS_60D,"el exportador automático de GSC agrega por página sobre 35 días, todavía no hay serie diaria real con la que clasificar",,
Gabriel Iberico,elecciones generales roberto,tema,2,2585.0,1292.0,baja,SIN_DATOS_60D,"el exportador automático de GSC agrega por página sobre 35 días, todavía no hay serie diaria real con la que clasificar",,
Gabriel Iberico,Estados Unidos,entidad,12,2582.0,215.0,alta,SIN_DATOS_60D,"el exportador automático de GSC agrega por página sobre 35 días, todavía no hay serie diaria real con la que clasificar",,
Gabriel Iberico,envía fuerte,tema,7,2576.0,368.0,media,SIN_DATOS_60D,"el exportador automático de GSC agrega por página sobre 35 días, todavía no hay serie diaria real con la que clasificar",,
Gabriel Iberico,gassama previo,tema,3,2572.0,857.0,media,SIN_DATOS_60D,"el exportador automático de GSC agrega por página sobre 35 días, todavía no hay serie diaria real con la que clasificar",,
Gabriel Iberico,Flamengo,entidad,6,2538.0,423.0,media,SIN_DATOS_60D,"el exportador automático de GSC agrega por página sobre 35 días, todavía no hay serie diaria real con la que clasificar",,
Gabriel Iberico,dejar el club,tema,3,2463.0,821.0,media,SIN_DATOS_60D,"el exportador automático de GSC agrega por página sobre 35 días, todavía no hay serie diaria real con la que clasificar",,
Gabriel Iberico,mira en futbolista,tema,2,2463.0,1232.0,baja,SIN_DATOS_60D,"el exportador automático de GSC agrega por página sobre 35 días, todavía no hay serie diaria real con la que clasificar",,
Gabriel Iberico,universitario pone,entidad,2,2461.0,1230.0,baja,SIN_DATOS_60D,"el exportador automático de GSC agrega por página sobre 35 días, todavía no hay serie diaria real con la que clasificar",,
Gabriel Iberico,deberá pagar,tema,2,2447.0,1224.0,baja,SIN_DATOS_60D,"el exportador automático de GSC agrega por página sobre 35 días, todavía no hay serie diaria real con la que clasificar",,
Gabriel Iberico,jugador de alianza,entidad,3,2430.0,810.0,media,SIN_DATOS_60D,"el exportador automático de GSC agrega por página sobre 35 días, todavía no hay serie diaria real con la que clasificar",,
Gabriel Iberico,dar el salto,tema,3,2429.0,810.0,media,SIN_DATOS_60D,"el exportador automático de GSC agrega por página sobre 35 días, todavía no hay serie diaria real con la que clasificar",,
Gabriel Iberico,reforzar su mediocampo,tema,2,2429.0,1214.0,baja,SIN_DATOS_60D,"el exportador automático de GSC agrega por página sobre 35 días, todavía no hay serie diaria real con la que clasificar",,
Gabriel Iberico,liga así se jugarán,entidad,2,2424.0,1212.0,baja,SIN_DATOS_60D,"el exportador automático de GSC agrega por página sobre 35 días, todavía no hay serie diaria real con la que clasificar",,
Gabriel Iberico,fútbol argentino,tema,2,2420.0,1210.0,baja,SIN_DATOS_60D,"el exportador automático de GSC agrega por página sobre 35 días, todavía no hay serie diaria real con la que clasificar",,
Gabriel Iberico,decisión con sekou,tema,2,2418.0,1209.0,baja,SIN_DATOS_60D,"el exportador automático de GSC agrega por página sobre 35 días, todavía no hay serie diaria real con la que clasificar",,
Gabriel Iberico,gassama previo al duelo,tema,2,2418.0,1209.0,baja,SIN_DATOS_60D,"el exportador automático de GSC agrega por página sobre 35 días, todavía no hay serie diaria real con la que clasificar",,
Gabriel Iberico,millonario monto,tema,4,2414.0,604.0,media,SIN_DATOS_60D,"el exportador automático de GSC agrega por página sobre 35 días, todavía no hay serie diaria real con la que clasificar",,
Gabriel Iberico,inicia con el pie,tema,3,2411.0,804.0,media,SIN_DATOS_60D,"el exportador automático de GSC agrega por página sobre 35 días, todavía no hay serie diaria real con la que clasificar",,
Gabriel Iberico,Unión Minas,entidad,4,2407.0,602.0,media,SIN_DATOS_60D,"el exportador automático de GSC agrega por página sobre 35 días, todavía no hay serie diaria real con la que clasificar",,
Gabriel Iberico,futuro de sekou,tema,2,2402.0,1201.0,baja,SIN_DATOS_60D,"el exportador automático de GSC agrega por página sobre 35 días, todavía no hay serie diaria real con la que clasificar",,
Gabriel Iberico,hora confirmada,tema,3,2395.0,798.0,media,SIN_DATOS_60D,"el exportador automático de GSC agrega por página sobre 35 días, todavía no hay serie diaria real con la que clasificar",,
Gabriel Iberico,Pirata FC,entidad,4,2386.0,596.0,media,SIN_DATOS_60D,"el exportador automático de GSC agrega por página sobre 35 días, todavía no hay serie diaria real con la que clasificar",,
Gabriel Iberico,fechas confirmadas,tema,3,2376.0,792.0,media,SIN_DATOS_60D,"el exportador automático de GSC agrega por página sobre 35 días, todavía no hay serie diaria real con la que clasificar",,
Gabriel Iberico,vs alianza,entidad,6,2376.0,396.0,media,SIN_DATOS_60D,"el exportador automático de GSC agrega por página sobre 35 días, todavía no hay serie diaria real con la que clasificar",,
Gabriel Iberico,División,entidad,3,2371.0,790.0,media,SIN_DATOS_60D,"el exportador automático de GSC agrega por página sobre 35 días, todavía no hay serie diaria real con la que clasificar",,
Gabriel Iberico,boleto a las semifinales,tema,3,2362.0,787.0,media,SIN_DATOS_60D,"el exportador automático de GSC agrega por página sobre 35 días, todavía no hay serie diaria real con la que clasificar",,
Gabriel Iberico,cima del torneo clausura,entidad,5,2360.0,472.0,media,SIN_DATOS_60D,"el exportador automático de GSC agrega por página sobre 35 días, todavía no hay serie diaria real con la que clasificar",,
Gabriel Iberico,CD Moquegua,entidad,2,2355.0,1178.0,baja,SIN_DATOS_60D,"el exportador automático de GSC agrega por página sobre 35 días, todavía no hay serie diaria real con la que clasificar",,
Gabriel Iberico,boleto a la fase,entidad,2,2344.0,1172.0,baja,SIN_DATOS_60D,"el exportador automático de GSC agrega por página sobre 35 días, todavía no hay serie diaria real con la que clasificar",,
Gabriel Iberico,debut prometedor,tema,2,2341.0,1170.0,baja,SIN_DATOS_60D,"el exportador automático de GSC agrega por página sobre 35 días, todavía no hay serie diaria real con la que clasificar",,
Gabriel Iberico,dura derrota,tema,5,2341.0,468.0,media,SIN_DATOS_60D,"el exportador automático de GSC agrega por página sobre 35 días, todavía no hay serie diaria real con la que clasificar",,
Gabriel Iberico,vs sport,entidad,5,2341.0,468.0,media,SIN_DATOS_60D,"el exportador automático de GSC agrega por página sobre 35 días, todavía no hay serie diaria real con la que clasificar",,
Gabriel Iberico,fuerte mensaje,tema,4,2339.0,585.0,media,SIN_DATOS_60D,"el exportador automático de GSC agrega por página sobre 35 días, todavía no hay serie diaria real con la que clasificar",,
Gabriel Iberico,triunfo en la copa,entidad,3,2335.0,778.0,media,SIN_DATOS_60D,"el exportador automático de GSC agrega por página sobre 35 días, todavía no hay serie diaria real con la que clasificar",,
Gabriel Iberico,Rímac,entidad,3,2333.0,778.0,media,SIN_DATOS_60D,"el exportador automático de GSC agrega por página sobre 35 días, todavía no hay serie diaria real con la que clasificar",,
Gabriel Iberico,revancha universitario,entidad,2,2330.0,1165.0,baja,SIN_DATOS_60D,"el exportador automático de GSC agrega por página sobre 35 días, todavía no hay serie diaria real con la que clasificar",,
Gabriel Iberico,matías di,entidad,6,2317.0,386.0,media,SIN_DATOS_60D,"el exportador automático de GSC agrega por página sobre 35 días, todavía no hay serie diaria real con la que clasificar",,
Gabriel Iberico,Sport Huancayo,entidad,7,2316.0,331.0,media,SIN_DATOS_60D,"el exportador automático de GSC agrega por página sobre 35 días, todavía no hay serie diaria real con la que clasificar",,
Gabriel Iberico,Etapa Nacional de la Copa,entidad,4,2305.0,576.0,media,SIN_DATOS_60D,"el exportador automático de GSC agrega por página sobre 35 días, todavía no hay serie diaria real con la que clasificar",,
Gabriel Iberico,Liga Departamental de Arequipa,entidad,3,2305.0,768.0,media,SIN_DATOS_60D,"el exportador automático de GSC agrega por página sobre 35 días, todavía no hay serie diaria real con la que clasificar",,
Gabriel Iberico,Senegal,entidad,3,2295.0,765.0,media,SIN_DATOS_60D,"el exportador automático de GSC agrega por página sobre 35 días, todavía no hay serie diaria real con la que clasificar",,
Gabriel Iberico,mete en la pelea,tema,10,2272.0,227.0,alta,SIN_DATOS_60D,"el exportador automático de GSC agrega por página sobre 35 días, todavía no hay serie diaria real con la que clasificar",,
Gabriel Iberico,escala a la cima,tema,3,2269.0,756.0,media,SIN_DATOS_60D,"el exportador automático de GSC agrega por página sobre 35 días, todavía no hay serie diaria real con la que clasificar",,
Gabriel Iberico,Ayacucho FC,entidad,2,2265.0,1132.0,baja,SIN_DATOS_60D,"el exportador automático de GSC agrega por página sobre 35 días, todavía no hay serie diaria real con la que clasificar",,
Gabriel Iberico,parte del tricampeonato,tema,2,2261.0,1130.0,baja,SIN_DATOS_60D,"el exportador automático de GSC agrega por página sobre 35 días, todavía no hay serie diaria real con la que clasificar",,
Gabriel Iberico,derecho en la liga,entidad,2,2253.0,1126.0,baja,SIN_DATOS_60D,"el exportador automático de GSC agrega por página sobre 35 días, todavía no hay serie diaria real con la que clasificar",,
Gabriel Iberico,cerca de dejar,tema,4,2228.0,557.0,media,SIN_DATOS_60D,"el exportador automático de GSC agrega por página sobre 35 días, todavía no hay serie diaria real con la que clasificar",,
Gabriel Iberico,vs universitario,entidad,8,2220.0,278.0,media,SIN_DATOS_60D,"el exportador automático de GSC agrega por página sobre 35 días, todavía no hay serie diaria real con la que clasificar",,
Gabriel Iberico,once de sporting,entidad,4,2219.0,555.0,media,SIN_DATOS_60D,"el exportador automático de GSC agrega por página sobre 35 días, todavía no hay serie diaria real con la que clasificar",,
Gabriel Iberico,Paulo Autuori,entidad,6,2219.0,370.0,media,SIN_DATOS_60D,"el exportador automático de GSC agrega por página sobre 35 días, todavía no hay serie diaria real con la que clasificar",,
Gabriel Iberico,árbitro que dirigirá,tema,3,2218.0,739.0,media,SIN_DATOS_60D,"el exportador automático de GSC agrega por página sobre 35 días, todavía no hay serie diaria real con la que clasificar",,
Gabriel Iberico,Conmebol,entidad,4,2207.0,552.0,media,SIN_DATOS_60D,"el exportador automático de GSC agrega por página sobre 35 días, todavía no hay serie diaria real con la que clasificar",,
Gabriel Iberico,nuevo pretendiente,tema,4,2200.0,550.0,media,SIN_DATOS_60D,"el exportador automático de GSC agrega por página sobre 35 días, todavía no hay serie diaria real con la que clasificar",,
Gabriel Iberico,lugar del grupo,entidad,3,2195.0,732.0,media,SIN_DATOS_60D,"el exportador automático de GSC agrega por página sobre 35 días, todavía no hay serie diaria real con la que clasificar",,
Gabriel Iberico,Manuel Barreto,entidad,2,2194.0,1097.0,baja,SIN_DATOS_60D,"el exportador automático de GSC agrega por página sobre 35 días, todavía no hay serie diaria real con la que clasificar",,
Gabriel Iberico,Universitario Javier Rabanal,entidad,3,2194.0,731.0,media,SIN_DATOS_60D,"el exportador automático de GSC agrega por página sobre 35 días, todavía no hay serie diaria real con la que clasificar",,
Gabriel Iberico,Álvaro Barco,entidad,9,2193.0,244.0,media,SIN_DATOS_60D,"el exportador automático de GSC agrega por página sobre 35 días, todavía no hay serie diaria real con la que clasificar",,
Gabriel Iberico,Colombia,entidad,8,2186.0,273.0,media,SIN_DATOS_60D,"el exportador automático de GSC agrega por página sobre 35 días, todavía no hay serie diaria real con la que clasificar",,
Gabriel Iberico,Juan Reynoso,entidad,6,2181.0,364.0,media,SIN_DATOS_60D,"el exportador automático de GSC agrega por página sobre 35 días, todavía no hay serie diaria real con la que clasificar",,
Gabriel Iberico,figuras para enfrentar,tema,4,2178.0,544.0,media,SIN_DATOS_60D,"el exportador automático de GSC agrega por página sobre 35 días, todavía no hay serie diaria real con la que clasificar",,
Gabriel Iberico,MLS,entidad,5,2178.0,436.0,media,SIN_DATOS_60D,"el exportador automático de GSC agrega por página sobre 35 días, todavía no hay serie diaria real con la que clasificar",,
Gabriel Iberico,Luis Advíncula,entidad,3,2175.0,725.0,media,SIN_DATOS_60D,"el exportador automático de GSC agrega por página sobre 35 días, todavía no hay serie diaria real con la que clasificar",,
Gabriel Iberico,eliminación de alianza,entidad,3,2157.0,719.0,media,SIN_DATOS_60D,"el exportador automático de GSC agrega por página sobre 35 días, todavía no hay serie diaria real con la que clasificar",,
Gabriel Iberico,fuerte en casa,tema,3,2156.0,719.0,media,SIN_DATOS_60D,"el exportador automático de GSC agrega por página sobre 35 días, todavía no hay serie diaria real con la que clasificar",,
Gabriel Iberico,Carlos Desio,entidad,7,2155.0,308.0,media,SIN_DATOS_60D,"el exportador automático de GSC agrega por página sobre 35 días, todavía no hay serie diaria real con la que clasificar",,
Gabriel Iberico,Guillermo Viscarra,entidad,3,2154.0,718.0,media,SIN_DATOS_60D,"el exportador automático de GSC agrega por página sobre 35 días, todavía no hay serie diaria real con la que clasificar",,
Gabriel Iberico,Jean Deza,entidad,10,2146.0,215.0,alta,SIN_DATOS_60D,"el exportador automático de GSC agrega por página sobre 35 días, todavía no hay serie diaria real con la que clasificar",,
Gabriel Iberico,nuevo técnico,tema,3,2142.0,714.0,media,SIN_DATOS_60D,"el exportador automático de GSC agrega por página sobre 35 días, todavía no hay serie diaria real con la que clasificar",,
Gabriel Iberico,última fecha,tema,3,2135.0,712.0,media,SIN_DATOS_60D,"el exportador automático de GSC agrega por página sobre 35 días, todavía no hay serie diaria real con la que clasificar",,
Gabriel Iberico,estaría cerca,tema,4,2133.0,533.0,media,SIN_DATOS_60D,"el exportador automático de GSC agrega por página sobre 35 días, todavía no hay serie diaria real con la que clasificar",,
Gabriel Iberico,Miguel Silveira,entidad,9,2126.0,236.0,media,SIN_DATOS_60D,"el exportador automático de GSC agrega por página sobre 35 días, todavía no hay serie diaria real con la que clasificar",,
Gabriel Iberico,Granda,entidad,8,2111.0,264.0,media,SIN_DATOS_60D,"el exportador automático de GSC agrega por página sobre 35 días, todavía no hay serie diaria real con la que clasificar",,
Gabriel Iberico,Israel,entidad,7,2109.0,301.0,media,SIN_DATOS_60D,"el exportador automático de GSC agrega por página sobre 35 días, todavía no hay serie diaria real con la que clasificar",,
Gabriel Iberico,paso por universitario,entidad,3,2109.0,703.0,media,SIN_DATOS_60D,"el exportador automático de GSC agrega por página sobre 35 días, todavía no hay serie diaria real con la que clasificar",,
Gabriel Iberico,Cerro Porteño,entidad,4,2100.0,525.0,media,SIN_DATOS_60D,"el exportador automático de GSC agrega por página sobre 35 días, todavía no hay serie diaria real con la que clasificar",,
Gabriel Iberico,grave denuncia,tema,2,2098.0,1049.0,baja,SIN_DATOS_60D,"el exportador automático de GSC agrega por página sobre 35 días, todavía no hay serie diaria real con la que clasificar",,
Gabriel Iberico,André Carrillo,entidad,12,2090.0,174.0,alta,SIN_DATOS_60D,"el exportador automático de GSC agrega por página sobre 35 días, todavía no hay serie diaria real con la que clasificar",,
Gabriel Iberico,enfrentará a alianza,entidad,2,2085.0,1042.0,baja,SIN_DATOS_60D,"el exportador automático de GSC agrega por página sobre 35 días, todavía no hay serie diaria real con la que clasificar",,
Gabriel Iberico,Federico Girotti,entidad,3,2085.0,695.0,media,SIN_DATOS_60D,"el exportador automático de GSC agrega por página sobre 35 días, todavía no hay serie diaria real con la que clasificar",,
Gabriel Iberico,Jesús Castillo,entidad,6,2083.0,347.0,media,SIN_DATOS_60D,"el exportador automático de GSC agrega por página sobre 35 días, todavía no hay serie diaria real con la que clasificar",,
Gabriel Iberico,jugador de alianza lima,entidad,2,2081.0,1040.0,baja,SIN_DATOS_60D,"el exportador automático de GSC agrega por página sobre 35 días, todavía no hay serie diaria real con la que clasificar",,
Gabriel Iberico,nuevo jugador de alianza,entidad,2,2081.0,1040.0,baja,SIN_DATOS_60D,"el exportador automático de GSC agrega por página sobre 35 días, todavía no hay serie diaria real con la que clasificar",,
Gabriel Iberico,bajas renovaciones,tema,3,2072.0,691.0,media,SIN_DATOS_60D,"el exportador automático de GSC agrega por página sobre 35 días, todavía no hay serie diaria real con la que clasificar",,
Gabriel Iberico,rumores para la liga,entidad,3,2072.0,691.0,media,SIN_DATOS_60D,"el exportador automático de GSC agrega por página sobre 35 días, todavía no hay serie diaria real con la que clasificar",,
Gabriel Iberico,primer triunfo,tema,8,2070.0,259.0,media,SIN_DATOS_60D,"el exportador automático de GSC agrega por página sobre 35 días, todavía no hay serie diaria real con la que clasificar",,
Gabriel Iberico,duelo ante fc,entidad,2,2068.0,1034.0,baja,SIN_DATOS_60D,"el exportador automático de GSC agrega por página sobre 35 días, todavía no hay serie diaria real con la que clasificar",,
Gabriel Iberico,interés de universitario,entidad,2,2067.0,1034.0,baja,SIN_DATOS_60D,"el exportador automático de GSC agrega por página sobre 35 días, todavía no hay serie diaria real con la que clasificar",,
Gabriel Iberico,Diego Penny,entidad,4,2037.0,509.0,media,SIN_DATOS_60D,"el exportador automático de GSC agrega por página sobre 35 días, todavía no hay serie diaria real con la que clasificar",,
Gabriel Iberico,fecha de la fase,entidad,4,2034.0,508.0,media,SIN_DATOS_60D,"el exportador automático de GSC agrega por página sobre 35 días, todavía no hay serie diaria real con la que clasificar",,
Gabriel Iberico,acuerda la llegada,tema,2,2027.0,1014.0,baja,SIN_DATOS_60D,"el exportador automático de GSC agrega por página sobre 35 días, todavía no hay serie diaria real con la que clasificar",,
Gabriel Iberico,negociaciones avanzadas,tema,3,2026.0,675.0,media,SIN_DATOS_60D,"el exportador automático de GSC agrega por página sobre 35 días, todavía no hay serie diaria real con la que clasificar",,
Gabriel Iberico,primer gol,tema,6,2023.0,337.0,media,SIN_DATOS_60D,"el exportador automático de GSC agrega por página sobre 35 días, todavía no hay serie diaria real con la que clasificar",,
Gabriel Iberico,Bambino,entidad,2,2018.0,1009.0,baja,SIN_DATOS_60D,"el exportador automático de GSC agrega por página sobre 35 días, todavía no hay serie diaria real con la que clasificar",,
Gabriel Iberico,Williams Riveros,entidad,5,2011.0,402.0,media,SIN_DATOS_60D,"el exportador automático de GSC agrega por página sobre 35 días, todavía no hay serie diaria real con la que clasificar",,
Gabriel Iberico,Rafael López Aliaga,entidad,2,2006.0,1003.0,baja,SIN_DATOS_60D,"el exportador automático de GSC agrega por página sobre 35 días, todavía no hay serie diaria real con la que clasificar",,
Gabriel Iberico,encuentro de ida,tema,2,2001.0,1000.0,baja,SIN_DATOS_60D,"el exportador automático de GSC agrega por página sobre 35 días, todavía no hay serie diaria real con la que clasificar",,
Gabriel Iberico,bajas y rumores,tema,4,1991.0,498.0,media,SIN_DATOS_60D,"el exportador automático de GSC agrega por página sobre 35 días, todavía no hay serie diaria real con la que clasificar",,
Gabriel Iberico,rumores para el torneo,tema,4,1991.0,498.0,media,SIN_DATOS_60D,"el exportador automático de GSC agrega por página sobre 35 días, todavía no hay serie diaria real con la que clasificar",,
Gabriel Iberico,sabe lo que hará,tema,2,1986.0,993.0,baja,SIN_DATOS_60D,"el exportador automático de GSC agrega por página sobre 35 días, todavía no hay serie diaria real con la que clasificar",,
Gabriel Iberico,fecha hora y canal,tema,2,1980.0,990.0,baja,SIN_DATOS_60D,"el exportador automático de GSC agrega por página sobre 35 días, todavía no hay serie diaria real con la que clasificar",,
Gabriel Iberico,Yuriel Celi,entidad,2,1951.0,976.0,baja,SIN_DATOS_60D,"el exportador automático de GSC agrega por página sobre 35 días, todavía no hay serie diaria real con la que clasificar",,
Gabriel Iberico,ventaja en la serie,tema,2,1917.0,958.0,baja,SIN_DATOS_60D,"el exportador automático de GSC agrega por página sobre 35 días, todavía no hay serie diaria real con la que clasificar",,
Gabriel Iberico,Piero Cari,entidad,2,1913.0,956.0,baja,SIN_DATOS_60D,"el exportador automático de GSC agrega por página sobre 35 días, todavía no hay serie diaria real con la que clasificar",,
Gabriel Iberico,Edison Flores,entidad,8,1902.0,238.0,media,SIN_DATOS_60D,"el exportador automático de GSC agrega por página sobre 35 días, todavía no hay serie diaria real con la que clasificar",,
Gabriel Iberico,drástica decisión,tema,3,1900.0,633.0,media,SIN_DATOS_60D,"el exportador automático de GSC agrega por página sobre 35 días, todavía no hay serie diaria real con la que clasificar",,
Gabriel Iberico,previa al clásico,tema,5,1889.0,378.0,media,SIN_DATOS_60D,"el exportador automático de GSC agrega por página sobre 35 días, todavía no hay serie diaria real con la que clasificar",,
Gabriel Iberico,universitario tras empate,entidad,3,1877.0,626.0,media,SIN_DATOS_60D,"el exportador automático de GSC agrega por página sobre 35 días, todavía no hay serie diaria real con la que clasificar",,
Gabriel Iberico,lima vs universitario,entidad,6,1875.0,312.0,media,SIN_DATOS_60D,"el exportador automático de GSC agrega por página sobre 35 días, todavía no hay serie diaria real con la que clasificar",,
Gabriel Iberico,llegada de juan,tema,3,1867.0,622.0,media,SIN_DATOS_60D,"el exportador automático de GSC agrega por página sobre 35 días, todavía no hay serie diaria real con la que clasificar",,
Gabriel Iberico,Corinthians,entidad,9,1850.0,206.0,media,SIN_DATOS_60D,"el exportador automático de GSC agrega por página sobre 35 días, todavía no hay serie diaria real con la que clasificar",,
Gabriel Iberico,dejar universitario,entidad,5,1835.0,367.0,media,SIN_DATOS_60D,"el exportador automático de GSC agrega por página sobre 35 días, todavía no hay serie diaria real con la que clasificar",,
Gabriel Iberico,universitario quién,entidad,4,1833.0,458.0,media,SIN_DATOS_60D,"el exportador automático de GSC agrega por página sobre 35 días, todavía no hay serie diaria real con la que clasificar",,
Gabriel Iberico,dos figuras,tema,4,1828.0,457.0,media,SIN_DATOS_60D,"el exportador automático de GSC agrega por página sobre 35 días, todavía no hay serie diaria real con la que clasificar",,
Gabriel Iberico,toma la delantera,tema,3,1821.0,607.0,media,SIN_DATOS_60D,"el exportador automático de GSC agrega por página sobre 35 días, todavía no hay serie diaria real con la que clasificar",,
Gabriel Iberico,flaco granda,entidad,6,1820.0,303.0,media,SIN_DATOS_60D,"el exportador automático de GSC agrega por página sobre 35 días, todavía no hay serie diaria real con la que clasificar",,
Gabriel Iberico,cuándo vuelve,tema,7,1799.0,257.0,media,SIN_DATOS_60D,"el exportador automático de GSC agrega por página sobre 35 días, todavía no hay serie diaria real con la que clasificar",,
Gabriel Iberico,rotunda opinión,tema,4,1798.0,450.0,media,SIN_DATOS_60D,"el exportador automático de GSC agrega por página sobre 35 días, todavía no hay serie diaria real con la que clasificar",,
Gabriel Iberico,queda con el primer,tema,2,1795.0,898.0,baja,SIN_DATOS_60D,"el exportador automático de GSC agrega por página sobre 35 días, todavía no hay serie diaria real con la que clasificar",,
Gabriel Iberico,mala racha,tema,3,1793.0,598.0,media,SIN_DATOS_60D,"el exportador automático de GSC agrega por página sobre 35 días, todavía no hay serie diaria real con la que clasificar",,
Gabriel Iberico,blanquiazul alianza,entidad,2,1792.0,896.0,baja,SIN_DATOS_60D,"el exportador automático de GSC agrega por página sobre 35 días, todavía no hay serie diaria real con la que clasificar",,
Gabriel Iberico,inesperada noticia,tema,4,1791.0,448.0,media,SIN_DATOS_60D,"el exportador automático de GSC agrega por página sobre 35 días, todavía no hay serie diaria real con la que clasificar",,
Gabriel Iberico,Carlos Zambrano y Miguel Trauco,entidad,5,1786.0,357.0,media,SIN_DATOS_60D,"el exportador automático de GSC agrega por página sobre 35 días, todavía no hay serie diaria real con la que clasificar",,
Gabriel Iberico,final del torneo clausura,entidad,2,1782.0,891.0,baja,SIN_DATOS_60D,"el exportador automático de GSC agrega por página sobre 35 días, todavía no hay serie diaria real con la que clasificar",,
Gabriel Iberico,Ricardo Gareca,entidad,6,1780.0,297.0,media,SIN_DATOS_60D,"el exportador automático de GSC agrega por página sobre 35 días, todavía no hay serie diaria real con la que clasificar",,
Gabriel Iberico,Universitario Piero Quispe,entidad,2,1776.0,888.0,baja,SIN_DATOS_60D,"el exportador automático de GSC agrega por página sobre 35 días, todavía no hay serie diaria real con la que clasificar",,
Gabriel Iberico,pelea por el torneo,tema,5,1773.0,355.0,media,SIN_DATOS_60D,"el exportador automático de GSC agrega por página sobre 35 días, todavía no hay serie diaria real con la que clasificar",,
Gabriel Iberico,Carlos Zambrano,entidad,8,1768.0,221.0,media,SIN_DATOS_60D,"el exportador automático de GSC agrega por página sobre 35 días, todavía no hay serie diaria real con la que clasificar",,
Gabriel Iberico,Alan Cantero,entidad,2,1767.0,884.0,baja,SIN_DATOS_60D,"el exportador automático de GSC agrega por página sobre 35 días, todavía no hay serie diaria real con la que clasificar",,
Gabriel Iberico,duro momento,tema,5,1764.0,353.0,media,SIN_DATOS_60D,"el exportador automático de GSC agrega por página sobre 35 días, todavía no hay serie diaria real con la que clasificar",,
Gabriel Iberico,universitario apunta,entidad,3,1764.0,588.0,media,SIN_DATOS_60D,"el exportador automático de GSC agrega por página sobre 35 días, todavía no hay serie diaria real con la que clasificar",,
Gabriel Iberico,fabián bustos,tema,3,1751.0,584.0,media,SIN_DATOS_60D,"el exportador automático de GSC agrega por página sobre 35 días, todavía no hay serie diaria real con la que clasificar",,
Gabriel Iberico,Liga Departamental de Puno,entidad,3,1736.0,579.0,media,SIN_DATOS_60D,"el exportador automático de GSC agrega por página sobre 35 días, todavía no hay serie diaria real con la que clasificar",,
Gabriel Iberico,Juan Manuel Requena,entidad,4,1735.0,434.0,media,SIN_DATOS_60D,"el exportador automático de GSC agrega por página sobre 35 días, todavía no hay serie diaria real con la que clasificar",,
Gabriel Iberico,Bassco Soyer,entidad,9,1734.0,193.0,media,SIN_DATOS_60D,"el exportador automático de GSC agrega por página sobre 35 días, todavía no hay serie diaria real con la que clasificar",,
Gabriel Iberico,llegar a universitario,entidad,2,1725.0,862.0,baja,SIN_DATOS_60D,"el exportador automático de GSC agrega por página sobre 35 días, todavía no hay serie diaria real con la que clasificar",,
Gabriel Iberico,apertura de la liga,entidad,5,1722.0,344.0,media,SIN_DATOS_60D,"el exportador automático de GSC agrega por página sobre 35 días, todavía no hay serie diaria real con la que clasificar",,
Gabriel Iberico,lima ya sabe,tema,2,1720.0,860.0,baja,SIN_DATOS_60D,"el exportador automático de GSC agrega por página sobre 35 días, todavía no hay serie diaria real con la que clasificar",,
Gabriel Iberico,Bayern Múnich,entidad,9,1719.0,191.0,media,SIN_DATOS_60D,"el exportador automático de GSC agrega por página sobre 35 días, todavía no hay serie diaria real con la que clasificar",,
Gabriel Iberico,duelo por la copa,entidad,6,1717.0,286.0,media,SIN_DATOS_60D,"el exportador automático de GSC agrega por página sobre 35 días, todavía no hay serie diaria real con la que clasificar",,
Gabriel Iberico,rotunda respuesta,tema,5,1715.0,343.0,media,SIN_DATOS_60D,"el exportador automático de GSC agrega por página sobre 35 días, todavía no hay serie diaria real con la que clasificar",,
Gabriel Iberico,Alejandro Duarte,entidad,4,1710.0,428.0,media,SIN_DATOS_60D,"el exportador automático de GSC agrega por página sobre 35 días, todavía no hay serie diaria real con la que clasificar",,
Gabriel Iberico,rotundo mensaje,tema,3,1710.0,570.0,media,SIN_DATOS_60D,"el exportador automático de GSC agrega por página sobre 35 días, todavía no hay serie diaria real con la que clasificar",,
Gabriel Iberico,racha invicta,tema,2,1697.0,848.0,baja,SIN_DATOS_60D,"el exportador automático de GSC agrega por página sobre 35 días, todavía no hay serie diaria real con la que clasificar",,
Gabriel Iberico,fc se impone,entidad,2,1692.0,846.0,baja,SIN_DATOS_60D,"el exportador automático de GSC agrega por página sobre 35 días, todavía no hay serie diaria real con la que clasificar",,
Gabriel Iberico,Universidad de Chile,entidad,3,1688.0,563.0,media,SIN_DATOS_60D,"el exportador automático de GSC agrega por página sobre 35 días, todavía no hay serie diaria real con la que clasificar",,
Gabriel Iberico,Franco Navarro,entidad,2,1687.0,844.0,baja,SIN_DATOS_60D,"el exportador automático de GSC agrega por página sobre 35 días, todavía no hay serie diaria real con la que clasificar",,
Gabriel Iberico,liga me,entidad,2,1687.0,844.0,baja,SIN_DATOS_60D,"el exportador automático de GSC agrega por página sobre 35 días, todavía no hay serie diaria real con la que clasificar",,
Gabriel Iberico,Liga Provincial de Arequipa,entidad,2,1686.0,843.0,baja,SIN_DATOS_60D,"el exportador automático de GSC agrega por página sobre 35 días, todavía no hay serie diaria real con la que clasificar",,
Gabriel Iberico,VAR,entidad,3,1674.0,558.0,media,SIN_DATOS_60D,"el exportador automático de GSC agrega por página sobre 35 días, todavía no hay serie diaria real con la que clasificar",,
Gabriel Iberico,Sporting Cristal Roberto Mosquera,entidad,2,1670.0,835.0,baja,SIN_DATOS_60D,"el exportador automático de GSC agrega por página sobre 35 días, todavía no hay serie diaria real con la que clasificar",,
Gabriel Iberico,crema universitario,entidad,3,1666.0,555.0,media,SIN_DATOS_60D,"el exportador automático de GSC agrega por página sobre 35 días, todavía no hay serie diaria real con la que clasificar",,
Gabriel Iberico,inesperado motivo,tema,2,1666.0,833.0,baja,SIN_DATOS_60D,"el exportador automático de GSC agrega por página sobre 35 días, todavía no hay serie diaria real con la que clasificar",,
Gabriel Iberico,convocatoria para enfrentar,tema,3,1658.0,553.0,media,SIN_DATOS_60D,"el exportador automático de GSC agrega por página sobre 35 días, todavía no hay serie diaria real con la que clasificar",,
Gabriel Iberico,vs sport boys,entidad,3,1653.0,551.0,media,SIN_DATOS_60D,"el exportador automático de GSC agrega por página sobre 35 días, todavía no hay serie diaria real con la que clasificar",,
Gabriel Iberico,pone la crema,tema,2,1644.0,822.0,baja,SIN_DATOS_60D,"el exportador automático de GSC agrega por página sobre 35 días, todavía no hay serie diaria real con la que clasificar",,
Gabriel Iberico,Sports,entidad,2,1637.0,818.0,baja,SIN_DATOS_60D,"el exportador automático de GSC agrega por página sobre 35 días, todavía no hay serie diaria real con la que clasificar",,
Gabriel Iberico,universitario representante,entidad,2,1637.0,818.0,baja,SIN_DATOS_60D,"el exportador automático de GSC agrega por página sobre 35 días, todavía no hay serie diaria real con la que clasificar",,
Gabriel Iberico,grupo h,entidad,2,1636.0,818.0,baja,SIN_DATOS_60D,"el exportador automático de GSC agrega por página sobre 35 días, todavía no hay serie diaria real con la que clasificar",,
Gabriel Iberico,fecha fifa,entidad,5,1630.0,326.0,media,SIN_DATOS_60D,"el exportador automático de GSC agrega por página sobre 35 días, todavía no hay serie diaria real con la que clasificar",,
Gabriel Iberico,Matute Alianza Lima,entidad,2,1630.0,815.0,baja,SIN_DATOS_60D,"el exportador automático de GSC agrega por página sobre 35 días, todavía no hay serie diaria real con la que clasificar",,
Gabriel Iberico,copa del mundo,entidad,10,1629.0,163.0,alta,SIN_DATOS_60D,"el exportador automático de GSC agrega por página sobre 35 días, todavía no hay serie diaria real con la que clasificar",,
Gabriel Iberico,lima se impone,tema,2,1616.0,808.0,baja,SIN_DATOS_60D,"el exportador automático de GSC agrega por página sobre 35 días, todavía no hay serie diaria real con la que clasificar",,
Gabriel Iberico,estaría cerca de dejar,tema,3,1604.0,535.0,media,SIN_DATOS_60D,"el exportador automático de GSC agrega por página sobre 35 días, todavía no hay serie diaria real con la que clasificar",,
Gabriel Iberico,cristal pone,entidad,2,1602.0,801.0,baja,SIN_DATOS_60D,"el exportador automático de GSC agrega por página sobre 35 días, todavía no hay serie diaria real con la que clasificar",,
Gabriel Iberico,playoffs de la copa,entidad,3,1596.0,532.0,media,SIN_DATOS_60D,"el exportador automático de GSC agrega por página sobre 35 días, todavía no hay serie diaria real con la que clasificar",,
Gabriel Iberico,sensible ausencia,tema,2,1596.0,798.0,baja,SIN_DATOS_60D,"el exportador automático de GSC agrega por página sobre 35 días, todavía no hay serie diaria real con la que clasificar",,
Gabriel Iberico,principales figuras,tema,4,1592.0,398.0,media,SIN_DATOS_60D,"el exportador automático de GSC agrega por página sobre 35 días, todavía no hay serie diaria real con la que clasificar",,
Gabriel Iberico,derrota de universitario,entidad,5,1588.0,318.0,media,SIN_DATOS_60D,"el exportador automático de GSC agrega por página sobre 35 días, todavía no hay serie diaria real con la que clasificar",,
Gabriel Iberico,reparten los puntos,tema,3,1588.0,529.0,media,SIN_DATOS_60D,"el exportador automático de GSC agrega por página sobre 35 días, todavía no hay serie diaria real con la que clasificar",,
Gabriel Iberico,Lisandro Alzugaray,entidad,4,1587.0,397.0,media,SIN_DATOS_60D,"el exportador automático de GSC agrega por página sobre 35 días, todavía no hay serie diaria real con la que clasificar",,
Gabriel Iberico,fuera de la convocatoria,tema,4,1579.0,395.0,media,SIN_DATOS_60D,"el exportador automático de GSC agrega por página sobre 35 días, todavía no hay serie diaria real con la que clasificar",,
Gabriel Iberico,Botafogo,entidad,2,1574.0,787.0,baja,SIN_DATOS_60D,"el exportador automático de GSC agrega por página sobre 35 días, todavía no hay serie diaria real con la que clasificar",,
Gabriel Iberico,casa sport,tema,2,1574.0,787.0,baja,SIN_DATOS_60D,"el exportador automático de GSC agrega por página sobre 35 días, todavía no hay serie diaria real con la que clasificar",,
Gabriel Iberico,encuentros de ida,tema,3,1574.0,525.0,media,SIN_DATOS_60D,"el exportador automático de GSC agrega por página sobre 35 días, todavía no hay serie diaria real con la que clasificar",,
Gabriel Iberico,resultados de los encuentros,tema,3,1574.0,525.0,media,SIN_DATOS_60D,"el exportador automático de GSC agrega por página sobre 35 días, todavía no hay serie diaria real con la que clasificar",,
Gabriel Iberico,extranjero para el torneo,tema,2,1569.0,784.0,baja,SIN_DATOS_60D,"el exportador automático de GSC agrega por página sobre 35 días, todavía no hay serie diaria real con la que clasificar",,
Gabriel Iberico,campeón en argentina,entidad,2,1562.0,781.0,baja,SIN_DATOS_60D,"el exportador automático de GSC agrega por página sobre 35 días, todavía no hay serie diaria real con la que clasificar",,
Gabriel Iberico,estuvo en la mira,tema,2,1557.0,778.0,baja,SIN_DATOS_60D,"el exportador automático de GSC agrega por página sobre 35 días, todavía no hay serie diaria real con la que clasificar",,
Gabriel Iberico,fecha en la liguilla,tema,2,1555.0,778.0,baja,SIN_DATOS_60D,"el exportador automático de GSC agrega por página sobre 35 días, todavía no hay serie diaria real con la que clasificar",,
Gabriel Iberico,vuelve a la liga,entidad,6,1553.0,259.0,media,SIN_DATOS_60D,"el exportador automático de GSC agrega por página sobre 35 días, todavía no hay serie diaria real con la que clasificar",,
Gabriel Iberico,final del torneo apertura,entidad,2,1552.0,776.0,baja,SIN_DATOS_60D,"el exportador automático de GSC agrega por página sobre 35 días, todavía no hay serie diaria real con la que clasificar",,
Gabriel Iberico,convertirse en el nuevo,tema,2,1550.0,775.0,baja,SIN_DATOS_60D,"el exportador automático de GSC agrega por página sobre 35 días, todavía no hay serie diaria real con la que clasificar",,
Gabriel Iberico,definidos los clasificados,tema,2,1546.0,773.0,baja,SIN_DATOS_60D,"el exportador automático de GSC agrega por página sobre 35 días, todavía no hay serie diaria real con la que clasificar",,
Gabriel Iberico,Gabriel Costa,entidad,2,1543.0,772.0,baja,SIN_DATOS_60D,"el exportador automático de GSC agrega por página sobre 35 días, todavía no hay serie diaria real con la que clasificar",,
Gabriel Iberico,llegada de miguel,entidad,2,1541.0,770.0,baja,SIN_DATOS_60D,"el exportador automático de GSC agrega por página sobre 35 días, todavía no hay serie diaria real con la que clasificar",,
Gabriel Iberico,campeón del mundo,tema,3,1530.0,510.0,media,SIN_DATOS_60D,"el exportador automático de GSC agrega por página sobre 35 días, todavía no hay serie diaria real con la que clasificar",,
Gabriel Iberico,joya de sporting,entidad,2,1530.0,765.0,baja,SIN_DATOS_60D,"el exportador automático de GSC agrega por página sobre 35 días, todavía no hay serie diaria real con la que clasificar",,
Gabriel Iberico,José Rivera,entidad,4,1519.0,380.0,media,SIN_DATOS_60D,"el exportador automático de GSC agrega por página sobre 35 días, todavía no hay serie diaria real con la que clasificar",,
Gabriel Iberico,volver a la selección,tema,3,1517.0,506.0,media,SIN_DATOS_60D,"el exportador automático de GSC agrega por página sobre 35 días, todavía no hay serie diaria real con la que clasificar",,
Gabriel Iberico,Rodrigo Ureña,entidad,5,1516.0,303.0,media,SIN_DATOS_60D,"el exportador automático de GSC agrega por página sobre 35 días, todavía no hay serie diaria real con la que clasificar",,
Gabriel Iberico,Fase,entidad,3,1509.0,503.0,media,SIN_DATOS_60D,"el exportador automático de GSC agrega por página sobre 35 días, todavía no hay serie diaria real con la que clasificar",,
Gabriel Iberico,monto que recibirá,tema,2,1505.0,752.0,baja,SIN_DATOS_60D,"el exportador automático de GSC agrega por página sobre 35 días, todavía no hay serie diaria real con la que clasificar",,
Gabriel Iberico,FC,entidad,5,1503.0,301.0,media,SIN_DATOS_60D,"el exportador automático de GSC agrega por página sobre 35 días, todavía no hay serie diaria real con la que clasificar",,
Gabriel Iberico,Gustavo Cazonatti,entidad,2,1499.0,750.0,baja,SIN_DATOS_60D,"el exportador automático de GSC agrega por página sobre 35 días, todavía no hay serie diaria real con la que clasificar",,
Gabriel Iberico,Felipe Vizeu,entidad,6,1490.0,248.0,media,SIN_DATOS_60D,"el exportador automático de GSC agrega por página sobre 35 días, todavía no hay serie diaria real con la que clasificar",,
Gabriel Iberico,rescata un empate,tema,2,1490.0,745.0,baja,SIN_DATOS_60D,"el exportador automático de GSC agrega por página sobre 35 días, todavía no hay serie diaria real con la que clasificar",,
Gabriel Iberico,advertencia a alianza,entidad,4,1488.0,372.0,media,SIN_DATOS_60D,"el exportador automático de GSC agrega por página sobre 35 días, todavía no hay serie diaria real con la que clasificar",,
Gabriel Iberico,tradicional club,tema,2,1487.0,744.0,baja,SIN_DATOS_60D,"el exportador automático de GSC agrega por página sobre 35 días, todavía no hay serie diaria real con la que clasificar",,
Gabriel Iberico,presente de universitario,entidad,3,1482.0,494.0,media,SIN_DATOS_60D,"el exportador automático de GSC agrega por página sobre 35 días, todavía no hay serie diaria real con la que clasificar",,
Gabriel Iberico,regreso de raúl,tema,6,1473.0,246.0,media,SIN_DATOS_60D,"el exportador automático de GSC agrega por página sobre 35 días, todavía no hay serie diaria real con la que clasificar",,
Gabriel Iberico,rabanal vuelve,entidad,2,1469.0,734.0,baja,SIN_DATOS_60D,"el exportador automático de GSC agrega por página sobre 35 días, todavía no hay serie diaria real con la que clasificar",,
Gabriel Iberico,derrota de alianza,entidad,7,1466.0,209.0,media,SIN_DATOS_60D,"el exportador automático de GSC agrega por página sobre 35 días, todavía no hay serie diaria real con la que clasificar",,
Gabriel Iberico,enfrentar a estados,tema,2,1465.0,732.0,baja,SIN_DATOS_60D,"el exportador automático de GSC agrega por página sobre 35 días, todavía no hay serie diaria real con la que clasificar",,
Gabriel Iberico,nuevo equipo,tema,2,1464.0,732.0,baja,SIN_DATOS_60D,"el exportador automático de GSC agrega por página sobre 35 días, todavía no hay serie diaria real con la que clasificar",,
Gabriel Iberico,Arequipa,entidad,2,1462.0,731.0,baja,SIN_DATOS_60D,"el exportador automático de GSC agrega por página sobre 35 días, todavía no hay serie diaria real con la que clasificar",,
Gabriel Iberico,Boca Juniors,entidad,2,1458.0,729.0,baja,SIN_DATOS_60D,"el exportador automático de GSC agrega por página sobre 35 días, todavía no hay serie diaria real con la que clasificar",,
Gabriel Iberico,ida en la fase,entidad,2,1457.0,728.0,baja,SIN_DATOS_60D,"el exportador automático de GSC agrega por página sobre 35 días, todavía no hay serie diaria real con la que clasificar",,
Gabriel Iberico,examen de nacionalización,tema,2,1456.0,728.0,baja,SIN_DATOS_60D,"el exportador automático de GSC agrega por página sobre 35 días, todavía no hay serie diaria real con la que clasificar",,
Gabriel Iberico,triunfo en el torneo,tema,3,1456.0,485.0,media,SIN_DATOS_60D,"el exportador automático de GSC agrega por página sobre 35 días, todavía no hay serie diaria real con la que clasificar",,
Gabriel Iberico,Alejandro Hohberg,entidad,3,1448.0,483.0,media,SIN_DATOS_60D,"el exportador automático de GSC agrega por página sobre 35 días, todavía no hay serie diaria real con la que clasificar",,
Gabriel Iberico,Monumental,entidad,7,1447.0,207.0,media,SIN_DATOS_60D,"el exportador automático de GSC agrega por página sobre 35 días, todavía no hay serie diaria real con la que clasificar",,
Gabriel Iberico,liga provincial,entidad,4,1444.0,361.0,media,SIN_DATOS_60D,"el exportador automático de GSC agrega por página sobre 35 días, todavía no hay serie diaria real con la que clasificar",,
Gabriel Iberico,fichar por alianza,entidad,2,1443.0,722.0,baja,SIN_DATOS_60D,"el exportador automático de GSC agrega por página sobre 35 días, todavía no hay serie diaria real con la que clasificar",,
Gabriel Iberico,Zé Ricardo,entidad,3,1442.0,481.0,media,SIN_DATOS_60D,"el exportador automático de GSC agrega por página sobre 35 días, todavía no hay serie diaria real con la que clasificar",,
Gabriel Iberico,hinchas de universitario,entidad,5,1434.0,287.0,media,SIN_DATOS_60D,"el exportador automático de GSC agrega por página sobre 35 días, todavía no hay serie diaria real con la que clasificar",,
Gabriel Iberico,Géminis,entidad,2,1433.0,716.0,baja,SIN_DATOS_60D,"el exportador automático de GSC agrega por página sobre 35 días, todavía no hay serie diaria real con la que clasificar",,
Gabriel Iberico,toma drástica decisión,tema,2,1430.0,715.0,baja,SIN_DATOS_60D,"el exportador automático de GSC agrega por página sobre 35 días, todavía no hay serie diaria real con la que clasificar",,
Gabriel Iberico,boys vs,entidad,3,1429.0,476.0,media,SIN_DATOS_60D,"el exportador automático de GSC agrega por página sobre 35 días, todavía no hay serie diaria real con la que clasificar",,
Gabriel Iberico,Palmeiras,entidad,5,1426.0,285.0,media,SIN_DATOS_60D,"el exportador automático de GSC agrega por página sobre 35 días, todavía no hay serie diaria real con la que clasificar",,
Gabriel Iberico,refuerzo extranjero,tema,2,1426.0,713.0,baja,SIN_DATOS_60D,"el exportador automático de GSC agrega por página sobre 35 días, todavía no hay serie diaria real con la que clasificar",,
Gabriel Iberico,impone condiciones,tema,2,1418.0,709.0,baja,SIN_DATOS_60D,"el exportador automático de GSC agrega por página sobre 35 días, todavía no hay serie diaria real con la que clasificar",,
Gabriel Iberico,cima del torneo apertura,entidad,2,1407.0,704.0,baja,SIN_DATOS_60D,"el exportador automático de GSC agrega por página sobre 35 días, todavía no hay serie diaria real con la que clasificar",,
Gabriel Iberico,polémico penal,tema,2,1398.0,699.0,baja,SIN_DATOS_60D,"el exportador automático de GSC agrega por página sobre 35 días, todavía no hay serie diaria real con la que clasificar",,
Gabriel Iberico,decisión sobre su futuro,tema,2,1396.0,698.0,baja,SIN_DATOS_60D,"el exportador automático de GSC agrega por página sobre 35 días, todavía no hay serie diaria real con la que clasificar",,
Gabriel Iberico,jugar por el grupo,entidad,4,1396.0,349.0,media,SIN_DATOS_60D,"el exportador automático de GSC agrega por página sobre 35 días, todavía no hay serie diaria real con la que clasificar",,
Gabriel Iberico,departamental de junín,entidad,7,1390.0,199.0,media,SIN_DATOS_60D,"el exportador automático de GSC agrega por página sobre 35 días, todavía no hay serie diaria real con la que clasificar",,
Gabriel Iberico,valioso empate,tema,2,1376.0,688.0,baja,SIN_DATOS_60D,"el exportador automático de GSC agrega por página sobre 35 días, todavía no hay serie diaria real con la que clasificar",,
Gabriel Iberico,estuvo cerca,tema,2,1365.0,682.0,baja,SIN_DATOS_60D,"el exportador automático de GSC agrega por página sobre 35 días, todavía no hay serie diaria real con la que clasificar",,
Gabriel Iberico,universitario vs sport,entidad,2,1364.0,682.0,baja,SIN_DATOS_60D,"el exportador automático de GSC agrega por página sobre 35 días, todavía no hay serie diaria real con la que clasificar",,
Gabriel Iberico,Fase Regional,entidad,3,1359.0,453.0,media,SIN_DATOS_60D,"el exportador automático de GSC agrega por página sobre 35 días, todavía no hay serie diaria real con la que clasificar",,
Gabriel Iberico,arremete contra alianza,entidad,3,1354.0,451.0,media,SIN_DATOS_60D,"el exportador automático de GSC agrega por página sobre 35 días, todavía no hay serie diaria real con la que clasificar",,
Gabriel Iberico,jerarquía y experiencia,tema,2,1342.0,671.0,baja,SIN_DATOS_60D,"el exportador automático de GSC agrega por página sobre 35 días, todavía no hay serie diaria real con la que clasificar",,
Gabriel Iberico,Reimond Manco,entidad,6,1341.0,224.0,media,SIN_DATOS_60D,"el exportador automático de GSC agrega por página sobre 35 días, todavía no hay serie diaria real con la que clasificar",,
Gabriel Iberico,Puma Carranza,entidad,7,1338.0,191.0,media,SIN_DATOS_60D,"el exportador automático de GSC agrega por página sobre 35 días, todavía no hay serie diaria real con la que clasificar",,
Gabriel Iberico,figuras de universitario,entidad,2,1337.0,668.0,baja,SIN_DATOS_60D,"el exportador automático de GSC agrega por página sobre 35 días, todavía no hay serie diaria real con la que clasificar",,
Gabriel Iberico,Chongoyape,entidad,3,1334.0,445.0,media,SIN_DATOS_60D,"el exportador automático de GSC agrega por página sobre 35 días, todavía no hay serie diaria real con la que clasificar",,
Gabriel Iberico,gol con universitario,entidad,4,1332.0,333.0,media,SIN_DATOS_60D,"el exportador automático de GSC agrega por página sobre 35 días, todavía no hay serie diaria real con la que clasificar",,
Gabriel Iberico,posiciones en la jornada,tema,4,1318.0,330.0,media,SIN_DATOS_60D,"el exportador automático de GSC agrega por página sobre 35 días, todavía no hay serie diaria real con la que clasificar",,
Gabriel Iberico,Tolima,entidad,4,1314.0,328.0,media,SIN_DATOS_60D,"el exportador automático de GSC agrega por página sobre 35 días, todavía no hay serie diaria real con la que clasificar",,
Gabriel Iberico,clásico ante universitario,entidad,3,1309.0,436.0,media,SIN_DATOS_60D,"el exportador automático de GSC agrega por página sobre 35 días, todavía no hay serie diaria real con la que clasificar",,
Gabriel Iberico,chankas envía,entidad,2,1291.0,646.0,baja,SIN_DATOS_60D,"el exportador automático de GSC agrega por página sobre 35 días, todavía no hay serie diaria real con la que clasificar",,
Gabriel Iberico,queda con el título,tema,2,1290.0,645.0,baja,SIN_DATOS_60D,"el exportador automático de GSC agrega por página sobre 35 días, todavía no hay serie diaria real con la que clasificar",,
Gabriel Iberico,Alianza Universidad,entidad,4,1288.0,322.0,media,SIN_DATOS_60D,"el exportador automático de GSC agrega por página sobre 35 días, todavía no hay serie diaria real con la que clasificar",,
Gabriel Iberico,sorpresiva respuesta,tema,2,1288.0,644.0,baja,SIN_DATOS_60D,"el exportador automático de GSC agrega por página sobre 35 días, todavía no hay serie diaria real con la que clasificar",,
Gabriel Iberico,responde fuerte,tema,2,1284.0,642.0,baja,SIN_DATOS_60D,"el exportador automático de GSC agrega por página sobre 35 días, todavía no hay serie diaria real con la que clasificar",,
Gabriel Iberico,Gil Vicente,entidad,7,1278.0,183.0,media,SIN_DATOS_60D,"el exportador automático de GSC agrega por página sobre 35 días, todavía no hay serie diaria real con la que clasificar",,
Gabriel Iberico,sorprende a alianza,entidad,2,1277.0,638.0,baja,SIN_DATOS_60D,"el exportador automático de GSC agrega por página sobre 35 días, todavía no hay serie diaria real con la que clasificar",,
Gabriel Iberico,Trujillo,entidad,3,1264.0,421.0,media,SIN_DATOS_60D,"el exportador automático de GSC agrega por página sobre 35 días, todavía no hay serie diaria real con la que clasificar",,
Gabriel Iberico,Adrián Quiroz,entidad,5,1259.0,252.0,media,SIN_DATOS_60D,"el exportador automático de GSC agrega por página sobre 35 días, todavía no hay serie diaria real con la que clasificar",,
Gabriel Iberico,rinde ante dos,tema,2,1259.0,630.0,baja,SIN_DATOS_60D,"el exportador automático de GSC agrega por página sobre 35 días, todavía no hay serie diaria real con la que clasificar",,
Gabriel Iberico,canal confirmado,tema,5,1255.0,251.0,media,SIN_DATOS_60D,"el exportador automático de GSC agrega por página sobre 35 días, todavía no hay serie diaria real con la que clasificar",,
Gabriel Iberico,DT de Universitario,entidad,2,1254.0,627.0,baja,SIN_DATOS_60D,"el exportador automático de GSC agrega por página sobre 35 días, todavía no hay serie diaria real con la que clasificar",,
Gabriel Iberico,boys vs alianza,entidad,2,1236.0,618.0,baja,SIN_DATOS_60D,"el exportador automático de GSC agrega por página sobre 35 días, todavía no hay serie diaria real con la que clasificar",,
Gabriel Iberico,cerca de volver,tema,3,1234.0,411.0,media,SIN_DATOS_60D,"el exportador automático de GSC agrega por página sobre 35 días, todavía no hay serie diaria real con la que clasificar",,
Gabriel Iberico,estreno en la copa,entidad,2,1229.0,614.0,baja,SIN_DATOS_60D,"el exportador automático de GSC agrega por página sobre 35 días, todavía no hay serie diaria real con la que clasificar",,
Gabriel Iberico,FBC Melgar,entidad,4,1228.0,307.0,media,SIN_DATOS_60D,"el exportador automático de GSC agrega por página sobre 35 días, todavía no hay serie diaria real con la que clasificar",,
Gabriel Iberico,jugador de histórico,tema,2,1227.0,614.0,baja,SIN_DATOS_60D,"el exportador automático de GSC agrega por página sobre 35 días, todavía no hay serie diaria real con la que clasificar",,
Gabriel Iberico,salida de miguel,entidad,3,1226.0,409.0,media,SIN_DATOS_60D,"el exportador automático de GSC agrega por página sobre 35 días, todavía no hay serie diaria real con la que clasificar",,
Gabriel Iberico,universitario sorprende,entidad,4,1226.0,306.0,media,SIN_DATOS_60D,"el exportador automático de GSC agrega por página sobre 35 días, todavía no hay serie diaria real con la que clasificar",,
Gabriel Iberico,pretemporada de universitario,entidad,2,1225.0,612.0,baja,SIN_DATOS_60D,"el exportador automático de GSC agrega por página sobre 35 días, todavía no hay serie diaria real con la que clasificar",,
Gabriel Iberico,sorprende al revelar,tema,2,1216.0,608.0,baja,SIN_DATOS_60D,"el exportador automático de GSC agrega por página sobre 35 días, todavía no hay serie diaria real con la que clasificar",,
Gabriel Iberico,vuelve al triunfo,tema,4,1216.0,304.0,media,SIN_DATOS_60D,"el exportador automático de GSC agrega por página sobre 35 días, todavía no hay serie diaria real con la que clasificar",,
Gabriel Iberico,vs sporting,entidad,6,1210.0,202.0,media,SIN_DATOS_60D,"el exportador automático de GSC agrega por página sobre 35 días, todavía no hay serie diaria real con la que clasificar",,
Gabriel Iberico,lima pone,tema,3,1209.0,403.0,media,SIN_DATOS_60D,"el exportador automático de GSC agrega por página sobre 35 días, todavía no hay serie diaria real con la que clasificar",,
Gabriel Iberico,debutar con universitario,entidad,2,1208.0,604.0,baja,SIN_DATOS_60D,"el exportador automático de GSC agrega por página sobre 35 días, todavía no hay serie diaria real con la que clasificar",,
Gabriel Iberico,prensa paraguaya,tema,4,1206.0,302.0,media,SIN_DATOS_60D,"el exportador automático de GSC agrega por página sobre 35 días, todavía no hay serie diaria real con la que clasificar",,
Gabriel Iberico,convocatoria de la selección,tema,2,1201.0,600.0,baja,SIN_DATOS_60D,"el exportador automático de GSC agrega por página sobre 35 días, todavía no hay serie diaria real con la que clasificar",,
Gabriel Iberico,duelo ante sporting,entidad,2,1201.0,600.0,baja,SIN_DATOS_60D,"el exportador automático de GSC agrega por página sobre 35 días, todavía no hay serie diaria real con la que clasificar",,
Gabriel Iberico,primer gol con universitario,entidad,3,1199.0,400.0,media,SIN_DATOS_60D,"el exportador automático de GSC agrega por página sobre 35 días, todavía no hay serie diaria real con la que clasificar",,
Gabriel Iberico,tres figuras,tema,2,1199.0,600.0,baja,SIN_DATOS_60D,"el exportador automático de GSC agrega por página sobre 35 días, todavía no hay serie diaria real con la que clasificar",,
Gabriel Iberico,universitario altas,entidad,2,1196.0,598.0,baja,SIN_DATOS_60D,"el exportador automático de GSC agrega por página sobre 35 días, todavía no hay serie diaria real con la que clasificar",,
Gabriel Iberico,escalar a la cima,tema,2,1193.0,596.0,baja,SIN_DATOS_60D,"el exportador automático de GSC agrega por página sobre 35 días, todavía no hay serie diaria real con la que clasificar",,
Gabriel Iberico,Estudiantil CNI,entidad,5,1184.0,237.0,media,SIN_DATOS_60D,"el exportador automático de GSC agrega por página sobre 35 días, todavía no hay serie diaria real con la que clasificar",,
Gabriel Iberico,empate ante alianza,entidad,3,1181.0,394.0,media,SIN_DATOS_60D,"el exportador automático de GSC agrega por página sobre 35 días, todavía no hay serie diaria real con la que clasificar",,
Gabriel Iberico,Callao,entidad,5,1179.0,236.0,media,SIN_DATOS_60D,"el exportador automático de GSC agrega por página sobre 35 días, todavía no hay serie diaria real con la que clasificar",,
Gabriel Iberico,Rabanal,entidad,4,1179.0,295.0,media,SIN_DATOS_60D,"el exportador automático de GSC agrega por página sobre 35 días, todavía no hay serie diaria real con la que clasificar",,
Gabriel Iberico,Universitario y Sporting Cristal,entidad,2,1179.0,590.0,baja,SIN_DATOS_60D,"el exportador automático de GSC agrega por página sobre 35 días, todavía no hay serie diaria real con la que clasificar",,
Gabriel Iberico,Cristiano Ronaldo,entidad,5,1178.0,236.0,media,SIN_DATOS_60D,"el exportador automático de GSC agrega por página sobre 35 días, todavía no hay serie diaria real con la que clasificar",,
Gabriel Iberico,Inglaterra,entidad,5,1174.0,235.0,media,SIN_DATOS_60D,"el exportador automático de GSC agrega por página sobre 35 días, todavía no hay serie diaria real con la que clasificar",,
Gabriel Iberico,plantel de universitario,entidad,3,1174.0,391.0,media,SIN_DATOS_60D,"el exportador automático de GSC agrega por página sobre 35 días, todavía no hay serie diaria real con la que clasificar",,
Gabriel Iberico,mantiene en la cima,tema,2,1170.0,585.0,baja,SIN_DATOS_60D,"el exportador automático de GSC agrega por página sobre 35 días, todavía no hay serie diaria real con la que clasificar",,
Gabriel Iberico,obtiene su boleto,tema,3,1170.0,390.0,media,SIN_DATOS_60D,"el exportador automático de GSC agrega por página sobre 35 días, todavía no hay serie diaria real con la que clasificar",,
Gabriel Iberico,Liga Provincial de Trujillo,entidad,3,1169.0,390.0,media,SIN_DATOS_60D,"el exportador automático de GSC agrega por página sobre 35 días, todavía no hay serie diaria real con la que clasificar",,
Gabriel Iberico,Caín Fara,entidad,5,1164.0,233.0,media,SIN_DATOS_60D,"el exportador automático de GSC agrega por página sobre 35 días, todavía no hay serie diaria real con la que clasificar",,
Gabriel Iberico,consigue su boleto,tema,3,1163.0,388.0,media,SIN_DATOS_60D,"el exportador automático de GSC agrega por página sobre 35 días, todavía no hay serie diaria real con la que clasificar",,
Gabriel Iberico,flores y su rotundo,tema,2,1159.0,580.0,baja,SIN_DATOS_60D,"el exportador automático de GSC agrega por página sobre 35 días, todavía no hay serie diaria real con la que clasificar",,
Gabriel Iberico,Sudamericano Sub,entidad,2,1156.0,578.0,baja,SIN_DATOS_60D,"el exportador automático de GSC agrega por página sobre 35 días, todavía no hay serie diaria real con la que clasificar",,
Gabriel Iberico,fuera de las canchas,tema,2,1152.0,576.0,baja,SIN_DATOS_60D,"el exportador automático de GSC agrega por página sobre 35 días, todavía no hay serie diaria real con la que clasificar",,
Gabriel Iberico,Pirata,entidad,2,1147.0,574.0,baja,SIN_DATOS_60D,"el exportador automático de GSC agrega por página sobre 35 días, todavía no hay serie diaria real con la que clasificar",,
Gabriel Iberico,frotan las manos,tema,2,1145.0,572.0,baja,SIN_DATOS_60D,"el exportador automático de GSC agrega por página sobre 35 días, todavía no hay serie diaria real con la que clasificar",,
Gabriel Iberico,invicto en la copa,entidad,2,1143.0,572.0,baja,SIN_DATOS_60D,"el exportador automático de GSC agrega por página sobre 35 días, todavía no hay serie diaria real con la que clasificar",,
Gabriel Iberico,primer fichaje,tema,2,1142.0,571.0,baja,SIN_DATOS_60D,"el exportador automático de GSC agrega por página sobre 35 días, todavía no hay serie diaria real con la que clasificar",,
Gabriel Iberico,Bolivia,entidad,2,1140.0,570.0,baja,SIN_DATOS_60D,"el exportador automático de GSC agrega por página sobre 35 días, todavía no hay serie diaria real con la que clasificar",,
Gabriel Iberico,sensacional atajada,tema,3,1132.0,377.0,media,SIN_DATOS_60D,"el exportador automático de GSC agrega por página sobre 35 días, todavía no hay serie diaria real con la que clasificar",,
Gabriel Iberico,club que disputa,tema,2,1130.0,565.0,baja,SIN_DATOS_60D,"el exportador automático de GSC agrega por página sobre 35 días, todavía no hay serie diaria real con la que clasificar",,
Gabriel Iberico,disputa la copa,entidad,2,1130.0,565.0,baja,SIN_DATOS_60D,"el exportador automático de GSC agrega por página sobre 35 días, todavía no hay serie diaria real con la que clasificar",,
Gabriel Iberico,clásico alianza,entidad,3,1129.0,376.0,media,SIN_DATOS_60D,"el exportador automático de GSC agrega por página sobre 35 días, todavía no hay serie diaria real con la que clasificar",,
Gabriel Iberico,respecto a su futuro,tema,2,1129.0,564.0,baja,SIN_DATOS_60D,"el exportador automático de GSC agrega por página sobre 35 días, todavía no hay serie diaria real con la que clasificar",,
Gabriel Iberico,clasificación en la copa,entidad,2,1126.0,563.0,baja,SIN_DATOS_60D,"el exportador automático de GSC agrega por página sobre 35 días, todavía no hay serie diaria real con la que clasificar",,
Gabriel Iberico,campo mar,tema,3,1124.0,375.0,media,SIN_DATOS_60D,"el exportador automático de GSC agrega por página sobre 35 días, todavía no hay serie diaria real con la que clasificar",,
Gabriel Iberico,peet cuestiona,tema,4,1123.0,281.0,media,SIN_DATOS_60D,"el exportador automático de GSC agrega por página sobre 35 días, todavía no hay serie diaria real con la que clasificar",,
Gabriel Iberico,fecha de la copa,entidad,3,1121.0,374.0,media,SIN_DATOS_60D,"el exportador automático de GSC agrega por página sobre 35 días, todavía no hay serie diaria real con la que clasificar",,
Gabriel Iberico,Alianza,entidad,2,1120.0,560.0,baja,SIN_DATOS_60D,"el exportador automático de GSC agrega por página sobre 35 días, todavía no hay serie diaria real con la que clasificar",,
Gabriel Iberico,paraguaya reacciona,tema,3,1118.0,373.0,media,SIN_DATOS_60D,"el exportador automático de GSC agrega por página sobre 35 días, todavía no hay serie diaria real con la que clasificar",,
Gabriel Iberico,puertas del inicio,tema,3,1113.0,371.0,media,SIN_DATOS_60D,"el exportador automático de GSC agrega por página sobre 35 días, todavía no hay serie diaria real con la que clasificar",,
Gabriel Iberico,Premier League,entidad,2,1106.0,553.0,baja,SIN_DATOS_60D,"el exportador automático de GSC agrega por página sobre 35 días, todavía no hay serie diaria real con la que clasificar",,
Gabriel Iberico,título del torneo,tema,2,1106.0,553.0,baja,SIN_DATOS_60D,"el exportador automático de GSC agrega por página sobre 35 días, todavía no hay serie diaria real con la que clasificar",,
Gabriel Iberico,nuevo entrenador,tema,3,1104.0,368.0,media,SIN_DATOS_60D,"el exportador automático de GSC agrega por página sobre 35 días, todavía no hay serie diaria real con la que clasificar",,
Gabriel Iberico,ley del ex,tema,3,1103.0,368.0,media,SIN_DATOS_60D,"el exportador automático de GSC agrega por página sobre 35 días, todavía no hay serie diaria real con la que clasificar",,
Gabriel Iberico,figura de universitario,entidad,2,1093.0,546.0,baja,SIN_DATOS_60D,"el exportador automático de GSC agrega por página sobre 35 días, todavía no hay serie diaria real con la que clasificar",,
Gabriel Iberico,mantiene su invicto,tema,2,1090.0,545.0,baja,SIN_DATOS_60D,"el exportador automático de GSC agrega por página sobre 35 días, todavía no hay serie diaria real con la que clasificar",,
Gabriel Iberico,Pedro García,entidad,6,1086.0,181.0,media,SIN_DATOS_60D,"el exportador automático de GSC agrega por página sobre 35 días, todavía no hay serie diaria real con la que clasificar",,
Gabriel Iberico,Spezia,entidad,2,1079.0,540.0,baja,SIN_DATOS_60D,"el exportador automático de GSC agrega por página sobre 35 días, todavía no hay serie diaria real con la que clasificar",,
Gabriel Iberico,Arley Rodríguez,entidad,3,1076.0,359.0,media,SIN_DATOS_60D,"el exportador automático de GSC agrega por página sobre 35 días, todavía no hay serie diaria real con la que clasificar",,
Gabriel Iberico,segunda fase,entidad,2,1076.0,538.0,baja,SIN_DATOS_60D,"el exportador automático de GSC agrega por página sobre 35 días, todavía no hay serie diaria real con la que clasificar",,
Gabriel Iberico,fecha y hora confirmada,tema,2,1073.0,536.0,baja,SIN_DATOS_60D,"el exportador automático de GSC agrega por página sobre 35 días, todavía no hay serie diaria real con la que clasificar",,
Gabriel Iberico,cambios drásticos,tema,2,1071.0,536.0,baja,SIN_DATOS_60D,"el exportador automático de GSC agrega por página sobre 35 días, todavía no hay serie diaria real con la que clasificar",,
Gabriel Iberico,sabe el estadio,tema,2,1068.0,534.0,baja,SIN_DATOS_60D,"el exportador automático de GSC agrega por página sobre 35 días, todavía no hay serie diaria real con la que clasificar",,
Gabriel Iberico,Nicolás,entidad,2,1065.0,532.0,baja,SIN_DATOS_60D,"el exportador automático de GSC agrega por página sobre 35 días, todavía no hay serie diaria real con la que clasificar",,
Gabriel Iberico,convocado a la selección,tema,7,1064.0,152.0,media,SIN_DATOS_60D,"el exportador automático de GSC agrega por página sobre 35 días, todavía no hay serie diaria real con la que clasificar",,
Gabriel Iberico,Miguel Rondelli,entidad,2,1063.0,532.0,baja,SIN_DATOS_60D,"el exportador automático de GSC agrega por página sobre 35 días, todavía no hay serie diaria real con la que clasificar",,
Gabriel Iberico,empate ante alianza atlético,entidad,2,1062.0,531.0,baja,SIN_DATOS_60D,"el exportador automático de GSC agrega por página sobre 35 días, todavía no hay serie diaria real con la que clasificar",,
Gabriel Iberico,récord histórico,tema,3,1060.0,353.0,media,SIN_DATOS_60D,"el exportador automático de GSC agrega por página sobre 35 días, todavía no hay serie diaria real con la que clasificar",,
Gabriel Iberico,arbitraje de la liga,entidad,3,1059.0,353.0,media,SIN_DATOS_60D,"el exportador automático de GSC agrega por página sobre 35 días, todavía no hay serie diaria real con la que clasificar",,
Gabriel Iberico,jonathan bilbao,tema,2,1056.0,528.0,baja,SIN_DATOS_60D,"el exportador automático de GSC agrega por página sobre 35 días, todavía no hay serie diaria real con la que clasificar",,
Gabriel Iberico,da silva,tema,4,1056.0,264.0,media,SIN_DATOS_60D,"el exportador automático de GSC agrega por página sobre 35 días, todavía no hay serie diaria real con la que clasificar",,
Gabriel Iberico,fc se reparten,entidad,2,1051.0,526.0,baja,SIN_DATOS_60D,"el exportador automático de GSC agrega por página sobre 35 días, todavía no hay serie diaria real con la que clasificar",,
Gabriel Iberico,universitario se rinde,entidad,2,1048.0,524.0,baja,SIN_DATOS_60D,"el exportador automático de GSC agrega por página sobre 35 días, todavía no hay serie diaria real con la que clasificar",,
Gabriel Iberico,Universitario Sekou Gassama,entidad,2,1048.0,524.0,baja,SIN_DATOS_60D,"el exportador automático de GSC agrega por página sobre 35 días, todavía no hay serie diaria real con la que clasificar",,
Gabriel Iberico,adt ficha,entidad,2,1045.0,522.0,baja,SIN_DATOS_60D,"el exportador automático de GSC agrega por página sobre 35 días, todavía no hay serie diaria real con la que clasificar",,
Gabriel Iberico,clásico en matute,entidad,2,1042.0,521.0,baja,SIN_DATOS_60D,"el exportador automático de GSC agrega por página sobre 35 días, todavía no hay serie diaria real con la que clasificar",,
Gabriel Iberico,sigue sin poder,tema,3,1042.0,347.0,media,SIN_DATOS_60D,"el exportador automático de GSC agrega por página sobre 35 días, todavía no hay serie diaria real con la que clasificar",,
Gabriel Iberico,UNSAAC,entidad,3,1041.0,347.0,media,SIN_DATOS_60D,"el exportador automático de GSC agrega por página sobre 35 días, todavía no hay serie diaria real con la que clasificar",,
Gabriel Iberico,volver a la liga,entidad,3,1040.0,347.0,media,SIN_DATOS_60D,"el exportador automático de GSC agrega por página sobre 35 días, todavía no hay serie diaria real con la que clasificar",,
Gabriel Iberico,fichaje de sekou,tema,2,1034.0,517.0,baja,SIN_DATOS_60D,"el exportador automático de GSC agrega por página sobre 35 días, todavía no hay serie diaria real con la que clasificar",,
Gabriel Iberico,amistoso internacional,tema,4,1025.0,256.0,media,SIN_DATOS_60D,"el exportador automático de GSC agrega por página sobre 35 días, todavía no hay serie diaria real con la que clasificar",,
Gabriel Iberico,triunfo en la liga,entidad,3,1025.0,342.0,media,SIN_DATOS_60D,"el exportador automático de GSC agrega por página sobre 35 días, todavía no hay serie diaria real con la que clasificar",,
Gabriel Iberico,puntos en el inicio,tema,2,1024.0,512.0,baja,SIN_DATOS_60D,"el exportador automático de GSC agrega por página sobre 35 días, todavía no hay serie diaria real con la que clasificar",,
Gabriel Iberico,once que alinearía,tema,2,1021.0,510.0,baja,SIN_DATOS_60D,"el exportador automático de GSC agrega por página sobre 35 días, todavía no hay serie diaria real con la que clasificar",,
Gabriel Iberico,resultados de la fecha,tema,3,1021.0,340.0,media,SIN_DATOS_60D,"el exportador automático de GSC agrega por página sobre 35 días, todavía no hay serie diaria real con la que clasificar",,
Gabriel Iberico,CONAR,entidad,3,1019.0,340.0,media,SIN_DATOS_60D,"el exportador automático de GSC agrega por página sobre 35 días, todavía no hay serie diaria real con la que clasificar",,
Gabriel Iberico,atajada de pedro,tema,2,1018.0,509.0,baja,SIN_DATOS_60D,"el exportador automático de GSC agrega por página sobre 35 días, todavía no hay serie diaria real con la que clasificar",,
Gabriel Iberico,Miguel Araujo,entidad,3,1018.0,339.0,media,SIN_DATOS_60D,"el exportador automático de GSC agrega por página sobre 35 días, todavía no hay serie diaria real con la que clasificar",,
Gabriel Iberico,Yanapuma,entidad,2,1018.0,509.0,baja,SIN_DATOS_60D,"el exportador automático de GSC agrega por página sobre 35 días, todavía no hay serie diaria real con la que clasificar",,
Gabriel Iberico,polémica derrota,tema,2,1014.0,507.0,baja,SIN_DATOS_60D,"el exportador automático de GSC agrega por página sobre 35 días, todavía no hay serie diaria real con la que clasificar",,
Gabriel Iberico,pelear por la liga,entidad,2,1012.0,506.0,baja,SIN_DATOS_60D,"el exportador automático de GSC agrega por página sobre 35 días, todavía no hay serie diaria real con la que clasificar",,
Gabriel Iberico,duro golpe,tema,3,1008.0,336.0,media,SIN_DATOS_60D,"el exportador automático de GSC agrega por página sobre 35 días, todavía no hay serie diaria real con la que clasificar",,
Gabriel Iberico,victoria de deportivo,tema,2,1008.0,504.0,baja,SIN_DATOS_60D,"el exportador automático de GSC agrega por página sobre 35 días, todavía no hay serie diaria real con la que clasificar",,
Gabriel Iberico,Paraguay,entidad,4,1006.0,252.0,media,SIN_DATOS_60D,"el exportador automático de GSC agrega por página sobre 35 días, todavía no hay serie diaria real con la que clasificar",,
Gabriel Iberico,enfrentar a comerciantes,entidad,3,1002.0,334.0,media,SIN_DATOS_60D,"el exportador automático de GSC agrega por página sobre 35 días, todavía no hay serie diaria real con la que clasificar",,
Gabriel Iberico,Junior,entidad,5,1001.0,200.0,media,SIN_DATOS_60D,"el exportador automático de GSC agrega por página sobre 35 días, todavía no hay serie diaria real con la que clasificar",,
Gabriel Iberico,salida de universitario,entidad,4,990.0,248.0,media,SIN_DATOS_60D,"el exportador automático de GSC agrega por página sobre 35 días, todavía no hay serie diaria real con la que clasificar",,
Gabriel Iberico,paso de universitario,entidad,2,983.0,492.0,baja,SIN_DATOS_60D,"el exportador automático de GSC agrega por página sobre 35 días, todavía no hay serie diaria real con la que clasificar",,
Gabriel Iberico,fichajes de deportivo,tema,2,982.0,491.0,baja,SIN_DATOS_60D,"el exportador automático de GSC agrega por página sobre 35 días, todavía no hay serie diaria real con la que clasificar",,
Gabriel Iberico,dos titulares,tema,2,977.0,488.0,baja,SIN_DATOS_60D,"el exportador automático de GSC agrega por página sobre 35 días, todavía no hay serie diaria real con la que clasificar",,
Gabriel Iberico,lima vs sport,tema,3,977.0,326.0,media,SIN_DATOS_60D,"el exportador automático de GSC agrega por página sobre 35 días, todavía no hay serie diaria real con la que clasificar",,
Gabriel Iberico,gol y asistencia,tema,3,976.0,325.0,media,SIN_DATOS_60D,"el exportador automático de GSC agrega por página sobre 35 días, todavía no hay serie diaria real con la que clasificar",,
Gabriel Iberico,José Carabalí,entidad,4,970.0,242.0,media,SIN_DATOS_60D,"el exportador automático de GSC agrega por página sobre 35 días, todavía no hay serie diaria real con la que clasificar",,
Gabriel Iberico,Irak,entidad,2,961.0,480.0,baja,SIN_DATOS_60D,"el exportador automático de GSC agrega por página sobre 35 días, todavía no hay serie diaria real con la que clasificar",,
Gabriel Iberico,Horacio Melgarejo DT de Cienciano,entidad,2,960.0,480.0,baja,SIN_DATOS_60D,"el exportador automático de GSC agrega por página sobre 35 días, todavía no hay serie diaria real con la que clasificar",,
Gabriel Iberico,campeón con universitario,entidad,2,959.0,480.0,baja,SIN_DATOS_60D,"el exportador automático de GSC agrega por página sobre 35 días, todavía no hay serie diaria real con la que clasificar",,
Gabriel Iberico,universitario para visitar,entidad,2,958.0,479.0,baja,SIN_DATOS_60D,"el exportador automático de GSC agrega por página sobre 35 días, todavía no hay serie diaria real con la que clasificar",,
Gabriel Iberico,Jeriel,entidad,3,956.0,319.0,media,SIN_DATOS_60D,"el exportador automático de GSC agrega por página sobre 35 días, todavía no hay serie diaria real con la que clasificar",,
Gabriel Iberico,Santis,entidad,3,956.0,319.0,media,SIN_DATOS_60D,"el exportador automático de GSC agrega por página sobre 35 días, todavía no hay serie diaria real con la que clasificar",,
Gabriel Iberico,inicio de la copa,entidad,2,951.0,476.0,baja,SIN_DATOS_60D,"el exportador automático de GSC agrega por página sobre 35 días, todavía no hay serie diaria real con la que clasificar",,
Gabriel Iberico,Nicolás Díaz,entidad,2,950.0,475.0,baja,SIN_DATOS_60D,"el exportador automático de GSC agrega por página sobre 35 días, todavía no hay serie diaria real con la que clasificar",,
Gabriel Iberico,regreso de piero,tema,2,944.0,472.0,baja,SIN_DATOS_60D,"el exportador automático de GSC agrega por página sobre 35 días, todavía no hay serie diaria real con la que clasificar",,
Gabriel Iberico,próxima convocatoria,tema,3,940.0,313.0,media,SIN_DATOS_60D,"el exportador automático de GSC agrega por página sobre 35 días, todavía no hay serie diaria real con la que clasificar",,
Gabriel Iberico,Mundiales,entidad,4,939.0,235.0,media,SIN_DATOS_60D,"el exportador automático de GSC agrega por página sobre 35 días, todavía no hay serie diaria real con la que clasificar",,
Gabriel Iberico,novak djokovic,tema,2,938.0,469.0,baja,SIN_DATOS_60D,"el exportador automático de GSC agrega por página sobre 35 días, todavía no hay serie diaria real con la que clasificar",,
Gabriel Iberico,victoria clave,tema,2,938.0,469.0,baja,SIN_DATOS_60D,"el exportador automático de GSC agrega por página sobre 35 días, todavía no hay serie diaria real con la que clasificar",,
Gabriel Iberico,Andahuaylas,entidad,2,932.0,466.0,baja,SIN_DATOS_60D,"el exportador automático de GSC agrega por página sobre 35 días, todavía no hay serie diaria real con la que clasificar",,
Gabriel Iberico,Juventud,entidad,2,931.0,466.0,baja,SIN_DATOS_60D,"el exportador automático de GSC agrega por página sobre 35 días, todavía no hay serie diaria real con la que clasificar",,
Gabriel Iberico,histórica clasificación,tema,2,926.0,463.0,baja,SIN_DATOS_60D,"el exportador automático de GSC agrega por página sobre 35 días, todavía no hay serie diaria real con la que clasificar",,
Gabriel Iberico,América de Cali,entidad,2,925.0,462.0,baja,SIN_DATOS_60D,"el exportador automático de GSC agrega por página sobre 35 días, todavía no hay serie diaria real con la que clasificar",,
Gabriel Iberico,Luis Urruti,entidad,2,921.0,460.0,baja,SIN_DATOS_60D,"el exportador automático de GSC agrega por página sobre 35 días, todavía no hay serie diaria real con la que clasificar",,
Gabriel Iberico,insólito alianza,entidad,2,920.0,460.0,baja,SIN_DATOS_60D,"el exportador automático de GSC agrega por página sobre 35 días, todavía no hay serie diaria real con la que clasificar",,
Gabriel Iberico,recibirá a universitario,entidad,2,920.0,460.0,baja,SIN_DATOS_60D,"el exportador automático de GSC agrega por página sobre 35 días, todavía no hay serie diaria real con la que clasificar",,
Gabriel Iberico,lluvia de goles,tema,2,910.0,455.0,baja,SIN_DATOS_60D,"el exportador automático de GSC agrega por página sobre 35 días, todavía no hay serie diaria real con la que clasificar",,
Gabriel Iberico,derechos de tv,tema,2,909.0,454.0,baja,SIN_DATOS_60D,"el exportador automático de GSC agrega por página sobre 35 días, todavía no hay serie diaria real con la que clasificar",,
Gabriel Iberico,salida de javier,tema,3,909.0,303.0,media,SIN_DATOS_60D,"el exportador automático de GSC agrega por página sobre 35 días, todavía no hay serie diaria real con la que clasificar",,
Gabriel Iberico,Túnez,entidad,3,905.0,302.0,media,SIN_DATOS_60D,"el exportador automático de GSC agrega por página sobre 35 días, todavía no hay serie diaria real con la que clasificar",,
Gabriel Iberico,universitario me,entidad,4,897.0,224.0,media,SIN_DATOS_60D,"el exportador automático de GSC agrega por página sobre 35 días, todavía no hay serie diaria real con la que clasificar",,
Gabriel Iberico,Jorge Araujo,entidad,4,891.0,223.0,media,SIN_DATOS_60D,"el exportador automático de GSC agrega por página sobre 35 días, todavía no hay serie diaria real con la que clasificar",,
Gabriel Iberico,defensor peruano,tema,2,890.0,445.0,baja,SIN_DATOS_60D,"el exportador automático de GSC agrega por página sobre 35 días, todavía no hay serie diaria real con la que clasificar",,
Gabriel Iberico,Cristal,entidad,2,888.0,444.0,baja,SIN_DATOS_60D,"el exportador automático de GSC agrega por página sobre 35 días, todavía no hay serie diaria real con la que clasificar",,
Gabriel Iberico,dura derrota de universitario,entidad,2,885.0,442.0,baja,SIN_DATOS_60D,"el exportador automático de GSC agrega por página sobre 35 días, todavía no hay serie diaria real con la que clasificar",,
Gabriel Iberico,once de universitario,entidad,4,876.0,219.0,media,SIN_DATOS_60D,"el exportador automático de GSC agrega por página sobre 35 días, todavía no hay serie diaria real con la que clasificar",,
Gabriel Iberico,hat trick,tema,2,875.0,438.0,baja,SIN_DATOS_60D,"el exportador automático de GSC agrega por página sobre 35 días, todavía no hay serie diaria real con la que clasificar",,
Gabriel Iberico,armas el once,tema,2,868.0,434.0,baja,SIN_DATOS_60D,"el exportador automático de GSC agrega por página sobre 35 días, todavía no hay serie diaria real con la que clasificar",,
Gabriel Iberico,dardo a alianza,entidad,3,867.0,289.0,media,SIN_DATOS_60D,"el exportador automático de GSC agrega por página sobre 35 días, todavía no hay serie diaria real con la que clasificar",,
Gabriel Iberico,da el batacazo,tema,2,862.0,431.0,baja,SIN_DATOS_60D,"el exportador automático de GSC agrega por página sobre 35 días, todavía no hay serie diaria real con la que clasificar",,
Gabriel Iberico,alto del torneo,tema,3,861.0,287.0,media,SIN_DATOS_60D,"el exportador automático de GSC agrega por página sobre 35 días, todavía no hay serie diaria real con la que clasificar",,
Gabriel Iberico,enfrentar a cienciano,entidad,2,861.0,430.0,baja,SIN_DATOS_60D,"el exportador automático de GSC agrega por página sobre 35 días, todavía no hay serie diaria real con la que clasificar",,
Gabriel Iberico,Jorge Gutiérrez,entidad,2,857.0,428.0,baja,SIN_DATOS_60D,"el exportador automático de GSC agrega por página sobre 35 días, todavía no hay serie diaria real con la que clasificar",,
Gabriel Iberico,cienciano cuándo,entidad,3,854.0,285.0,media,SIN_DATOS_60D,"el exportador automático de GSC agrega por página sobre 35 días, todavía no hay serie diaria real con la que clasificar",,
Gabriel Iberico,joven promesa,tema,2,852.0,426.0,baja,SIN_DATOS_60D,"el exportador automático de GSC agrega por página sobre 35 días, todavía no hay serie diaria real con la que clasificar",,
Gabriel Iberico,universitario tras la salida,entidad,3,851.0,284.0,media,SIN_DATOS_60D,"el exportador automático de GSC agrega por página sobre 35 días, todavía no hay serie diaria real con la que clasificar",,
Gabriel Iberico,Agustín Lozano,entidad,3,850.0,283.0,media,SIN_DATOS_60D,"el exportador automático de GSC agrega por página sobre 35 días, todavía no hay serie diaria real con la que clasificar",,
Gabriel Iberico,vs flamengo,entidad,2,849.0,424.0,baja,SIN_DATOS_60D,"el exportador automático de GSC agrega por página sobre 35 días, todavía no hay serie diaria real con la que clasificar",,
Gabriel Iberico,asume la responsabilidad,tema,3,844.0,281.0,media,SIN_DATOS_60D,"el exportador automático de GSC agrega por página sobre 35 días, todavía no hay serie diaria real con la que clasificar",,
Gabriel Iberico,Venezuela,entidad,2,842.0,421.0,baja,SIN_DATOS_60D,"el exportador automático de GSC agrega por página sobre 35 días, todavía no hay serie diaria real con la que clasificar",,
Gabriel Iberico,emotivo mensaje,tema,5,839.0,168.0,media,SIN_DATOS_60D,"el exportador automático de GSC agrega por página sobre 35 días, todavía no hay serie diaria real con la que clasificar",,
Gabriel Iberico,universitario para recibir,entidad,2,838.0,419.0,baja,SIN_DATOS_60D,"el exportador automático de GSC agrega por página sobre 35 días, todavía no hay serie diaria real con la que clasificar",,
Gabriel Iberico,manco arremete,tema,3,834.0,278.0,media,SIN_DATOS_60D,"el exportador automático de GSC agrega por página sobre 35 días, todavía no hay serie diaria real con la que clasificar",,
Gabriel Iberico,jornada del torneo,tema,2,833.0,416.0,baja,SIN_DATOS_60D,"el exportador automático de GSC agrega por página sobre 35 días, todavía no hay serie diaria real con la que clasificar",,
Gabriel Iberico,juvenil resultados,tema,2,833.0,416.0,baja,SIN_DATOS_60D,"el exportador automático de GSC agrega por página sobre 35 días, todavía no hay serie diaria real con la que clasificar",,
Gabriel Iberico,Torneo Juvenil Sub,entidad,2,833.0,416.0,baja,SIN_DATOS_60D,"el exportador automático de GSC agrega por página sobre 35 días, todavía no hay serie diaria real con la que clasificar",,
Gabriel Iberico,cristal para visitar,entidad,2,831.0,416.0,baja,SIN_DATOS_60D,"el exportador automático de GSC agrega por página sobre 35 días, todavía no hay serie diaria real con la que clasificar",,
Gabriel Iberico,dejará universitario,entidad,2,829.0,414.0,baja,SIN_DATOS_60D,"el exportador automático de GSC agrega por página sobre 35 días, todavía no hay serie diaria real con la que clasificar",,
Gabriel Iberico,poder sumar,tema,2,829.0,414.0,baja,SIN_DATOS_60D,"el exportador automático de GSC agrega por página sobre 35 días, todavía no hay serie diaria real con la que clasificar",,
Gabriel Iberico,lima envía,tema,2,822.0,411.0,baja,SIN_DATOS_60D,"el exportador automático de GSC agrega por página sobre 35 días, todavía no hay serie diaria real con la que clasificar",,
Gabriel Iberico,pone en duda,tema,2,822.0,411.0,baja,SIN_DATOS_60D,"el exportador automático de GSC agrega por página sobre 35 días, todavía no hay serie diaria real con la que clasificar",,
Gabriel Iberico,Diego Kochen,entidad,5,819.0,164.0,media,SIN_DATOS_60D,"el exportador automático de GSC agrega por página sobre 35 días, todavía no hay serie diaria real con la que clasificar",,
Gabriel Iberico,fichaje de universitario,entidad,2,818.0,409.0,baja,SIN_DATOS_60D,"el exportador automático de GSC agrega por página sobre 35 días, todavía no hay serie diaria real con la que clasificar",,
Gabriel Iberico,universitario vs sporting,entidad,3,818.0,273.0,media,SIN_DATOS_60D,"el exportador automático de GSC agrega por página sobre 35 días, todavía no hay serie diaria real con la que clasificar",,
Gabriel Iberico,bajas y renovaciones,tema,2,813.0,406.0,baja,SIN_DATOS_60D,"el exportador automático de GSC agrega por página sobre 35 días, todavía no hay serie diaria real con la que clasificar",,
Gabriel Iberico,renovaciones para la liga,entidad,2,813.0,406.0,baja,SIN_DATOS_60D,"el exportador automático de GSC agrega por página sobre 35 días, todavía no hay serie diaria real con la que clasificar",,
Gabriel Iberico,complicada situación,tema,2,812.0,406.0,baja,SIN_DATOS_60D,"el exportador automático de GSC agrega por página sobre 35 días, todavía no hay serie diaria real con la que clasificar",,
Gabriel Iberico,Real Madrid,entidad,3,811.0,270.0,media,SIN_DATOS_60D,"el exportador automático de GSC agrega por página sobre 35 días, todavía no hay serie diaria real con la que clasificar",,
Gabriel Iberico,Torres,entidad,2,809.0,404.0,baja,SIN_DATOS_60D,"el exportador automático de GSC agrega por página sobre 35 días, todavía no hay serie diaria real con la que clasificar",,
Gabriel Iberico,Yoshimar Yotún,entidad,3,809.0,270.0,media,SIN_DATOS_60D,"el exportador automático de GSC agrega por página sobre 35 días, todavía no hay serie diaria real con la que clasificar",,
Gabriel Iberico,carrillo suma,tema,2,807.0,404.0,baja,SIN_DATOS_60D,"el exportador automático de GSC agrega por página sobre 35 días, todavía no hay serie diaria real con la que clasificar",,
Gabriel Iberico,cúper y su rotundo,entidad,2,799.0,400.0,baja,SIN_DATOS_60D,"el exportador automático de GSC agrega por página sobre 35 días, todavía no hay serie diaria real con la que clasificar",,
Gabriel Iberico,alto del grupo,entidad,3,798.0,266.0,media,SIN_DATOS_60D,"el exportador automático de GSC agrega por página sobre 35 días, todavía no hay serie diaria real con la que clasificar",,
Gabriel Iberico,banner publicitario,tema,2,797.0,398.0,baja,SIN_DATOS_60D,"el exportador automático de GSC agrega por página sobre 35 días, todavía no hay serie diaria real con la que clasificar",,
Gabriel Iberico,Campeonato Paulista,entidad,2,795.0,398.0,baja,SIN_DATOS_60D,"el exportador automático de GSC agrega por página sobre 35 días, todavía no hay serie diaria real con la que clasificar",,
Gabriel Iberico,jugar en universitario,entidad,2,795.0,398.0,baja,SIN_DATOS_60D,"el exportador automático de GSC agrega por página sobre 35 días, todavía no hay serie diaria real con la que clasificar",,
Gabriel Iberico,Carabobo FC,entidad,2,791.0,396.0,baja,SIN_DATOS_60D,"el exportador automático de GSC agrega por página sobre 35 días, todavía no hay serie diaria real con la que clasificar",,
Gabriel Iberico,contundente mensaje,tema,3,789.0,263.0,media,SIN_DATOS_60D,"el exportador automático de GSC agrega por página sobre 35 días, todavía no hay serie diaria real con la que clasificar",,
Gabriel Iberico,Ate Universitario,entidad,2,786.0,393.0,baja,SIN_DATOS_60D,"el exportador automático de GSC agrega por página sobre 35 días, todavía no hay serie diaria real con la que clasificar",,
Gabriel Iberico,Deportivo Llacuabamba,entidad,2,784.0,392.0,baja,SIN_DATOS_60D,"el exportador automático de GSC agrega por página sobre 35 días, todavía no hay serie diaria real con la que clasificar",,
Gabriel Iberico,dirigir a universitario,entidad,4,784.0,196.0,media,SIN_DATOS_60D,"el exportador automático de GSC agrega por página sobre 35 días, todavía no hay serie diaria real con la que clasificar",,
Gabriel Iberico,concha y caín,tema,2,782.0,391.0,baja,SIN_DATOS_60D,"el exportador automático de GSC agrega por página sobre 35 días, todavía no hay serie diaria real con la que clasificar",,
Gabriel Iberico,hinchada de sporting,entidad,2,782.0,391.0,baja,SIN_DATOS_60D,"el exportador automático de GSC agrega por página sobre 35 días, todavía no hay serie diaria real con la que clasificar",,
Gabriel Iberico,rabanal jairo,entidad,2,782.0,391.0,baja,SIN_DATOS_60D,"el exportador automático de GSC agrega por página sobre 35 días, todavía no hay serie diaria real con la que clasificar",,
Gabriel Iberico,perderá el duelo,tema,2,776.0,388.0,baja,SIN_DATOS_60D,"el exportador automático de GSC agrega por página sobre 35 días, todavía no hay serie diaria real con la que clasificar",,
Gabriel Iberico,victoria ante sporting,entidad,2,775.0,388.0,baja,SIN_DATOS_60D,"el exportador automático de GSC agrega por página sobre 35 días, todavía no hay serie diaria real con la que clasificar",,
Gabriel Iberico,Alfonso Barco,entidad,3,771.0,257.0,media,SIN_DATOS_60D,"el exportador automático de GSC agrega por página sobre 35 días, todavía no hay serie diaria real con la que clasificar",,
Gabriel Iberico,Sergio Peña,entidad,8,771.0,96.0,media,SIN_DATOS_60D,"el exportador automático de GSC agrega por página sobre 35 días, todavía no hay serie diaria real con la que clasificar",,
Gabriel Iberico,posible regreso,tema,3,765.0,255.0,media,SIN_DATOS_60D,"el exportador automático de GSC agrega por página sobre 35 días, todavía no hay serie diaria real con la que clasificar",,
Gabriel Iberico,salida de rabanal,entidad,2,763.0,382.0,baja,SIN_DATOS_60D,"el exportador automático de GSC agrega por página sobre 35 días, todavía no hay serie diaria real con la que clasificar",,
Gabriel Iberico,ronda de la liga,entidad,2,756.0,378.0,baja,SIN_DATOS_60D,"el exportador automático de GSC agrega por página sobre 35 días, todavía no hay serie diaria real con la que clasificar",,
Gabriel Iberico,Pedro Aquino,entidad,4,754.0,188.0,media,SIN_DATOS_60D,"el exportador automático de GSC agrega por página sobre 35 días, todavía no hay serie diaria real con la que clasificar",,
Gabriel Iberico,da el triunfo,tema,2,752.0,376.0,baja,SIN_DATOS_60D,"el exportador automático de GSC agrega por página sobre 35 días, todavía no hay serie diaria real con la que clasificar",,
Gabriel Iberico,rebagliati arremete,tema,3,752.0,251.0,media,SIN_DATOS_60D,"el exportador automático de GSC agrega por página sobre 35 días, todavía no hay serie diaria real con la que clasificar",,
Gabriel Iberico,ilusiona al hincha,tema,3,751.0,250.0,media,SIN_DATOS_60D,"el exportador automático de GSC agrega por página sobre 35 días, todavía no hay serie diaria real con la que clasificar",,
Gabriel Iberico,estar aquí,tema,2,748.0,374.0,baja,SIN_DATOS_60D,"el exportador automático de GSC agrega por página sobre 35 días, todavía no hay serie diaria real con la que clasificar",,
Gabriel Iberico,f de la copa,entidad,3,746.0,249.0,media,SIN_DATOS_60D,"el exportador automático de GSC agrega por página sobre 35 días, todavía no hay serie diaria real con la que clasificar",,
Gabriel Iberico,nueva oportunidad,tema,2,746.0,373.0,baja,SIN_DATOS_60D,"el exportador automático de GSC agrega por página sobre 35 días, todavía no hay serie diaria real con la que clasificar",,
Gabriel Iberico,acuerda de ganar,tema,2,741.0,370.0,baja,SIN_DATOS_60D,"el exportador automático de GSC agrega por página sobre 35 días, todavía no hay serie diaria real con la que clasificar",,
Gabriel Iberico,ganar y escala,tema,2,741.0,370.0,baja,SIN_DATOS_60D,"el exportador automático de GSC agrega por página sobre 35 días, todavía no hay serie diaria real con la que clasificar",,
Gabriel Iberico,dura advertencia,tema,2,739.0,370.0,baja,SIN_DATOS_60D,"el exportador automático de GSC agrega por página sobre 35 días, todavía no hay serie diaria real con la que clasificar",,
Gabriel Iberico,primer paso,tema,2,738.0,369.0,baja,SIN_DATOS_60D,"el exportador automático de GSC agrega por página sobre 35 días, todavía no hay serie diaria real con la que clasificar",,
Gabriel Iberico,calienta la previa,tema,5,736.0,147.0,media,SIN_DATOS_60D,"el exportador automático de GSC agrega por página sobre 35 días, todavía no hay serie diaria real con la que clasificar",,
Gabriel Iberico,pese a tener,tema,3,736.0,245.0,media,SIN_DATOS_60D,"el exportador automático de GSC agrega por página sobre 35 días, todavía no hay serie diaria real con la que clasificar",,
Gabriel Iberico,Carlos Garcés,entidad,3,727.0,242.0,media,SIN_DATOS_60D,"el exportador automático de GSC agrega por página sobre 35 días, todavía no hay serie diaria real con la que clasificar",,
Gabriel Iberico,universitario oficializa,entidad,2,720.0,360.0,baja,SIN_DATOS_60D,"el exportador automático de GSC agrega por página sobre 35 días, todavía no hay serie diaria real con la que clasificar",,
Gabriel Iberico,queda con el derbi,tema,2,718.0,359.0,baja,SIN_DATOS_60D,"el exportador automático de GSC agrega por página sobre 35 días, todavía no hay serie diaria real con la que clasificar",,
Gabriel Iberico,Italia,entidad,3,716.0,239.0,media,SIN_DATOS_60D,"el exportador automático de GSC agrega por página sobre 35 días, todavía no hay serie diaria real con la que clasificar",,
Gabriel Iberico,boleto a los octavos,tema,4,714.0,178.0,media,SIN_DATOS_60D,"el exportador automático de GSC agrega por página sobre 35 días, todavía no hay serie diaria real con la que clasificar",,
Gabriel Iberico,pelea por la cima,tema,3,714.0,238.0,media,SIN_DATOS_60D,"el exportador automático de GSC agrega por página sobre 35 días, todavía no hay serie diaria real con la que clasificar",,
Gabriel Iberico,universitario no me,entidad,2,712.0,356.0,baja,SIN_DATOS_60D,"el exportador automático de GSC agrega por página sobre 35 días, todavía no hay serie diaria real con la que clasificar",,
Gabriel Iberico,lima pone la mira,tema,2,711.0,356.0,baja,SIN_DATOS_60D,"el exportador automático de GSC agrega por página sobre 35 días, todavía no hay serie diaria real con la que clasificar",,
Gabriel Iberico,apunta contra paolo,tema,3,709.0,236.0,media,SIN_DATOS_60D,"el exportador automático de GSC agrega por página sobre 35 días, todavía no hay serie diaria real con la que clasificar",,
Gabriel Iberico,Patricio Arce,entidad,2,708.0,354.0,baja,SIN_DATOS_60D,"el exportador automático de GSC agrega por página sobre 35 días, todavía no hay serie diaria real con la que clasificar",,
Gabriel Iberico,Europa League,entidad,5,706.0,141.0,media,SIN_DATOS_60D,"el exportador automático de GSC agrega por página sobre 35 días, todavía no hay serie diaria real con la que clasificar",,
Gabriel Iberico,cuadrangular final,tema,2,701.0,350.0,baja,SIN_DATOS_60D,"el exportador automático de GSC agrega por página sobre 35 días, todavía no hay serie diaria real con la que clasificar",,
Gabriel Iberico,jornada de la liga,entidad,3,701.0,234.0,media,SIN_DATOS_60D,"el exportador automático de GSC agrega por página sobre 35 días, todavía no hay serie diaria real con la que clasificar",,
Gabriel Iberico,Ecuador,entidad,5,693.0,139.0,media,SIN_DATOS_60D,"el exportador automático de GSC agrega por página sobre 35 días, todavía no hay serie diaria real con la que clasificar",,
Gabriel Iberico,escala en la liga,entidad,2,693.0,346.0,baja,SIN_DATOS_60D,"el exportador automático de GSC agrega por página sobre 35 días, todavía no hay serie diaria real con la que clasificar",,
Gabriel Iberico,Carlos Mannucci,entidad,2,691.0,346.0,baja,SIN_DATOS_60D,"el exportador automático de GSC agrega por página sobre 35 días, todavía no hay serie diaria real con la que clasificar",,
Gabriel Iberico,granda arremete,entidad,4,691.0,173.0,media,SIN_DATOS_60D,"el exportador automático de GSC agrega por página sobre 35 días, todavía no hay serie diaria real con la que clasificar",,
Gabriel Iberico,segunda ronda,tema,2,691.0,346.0,baja,SIN_DATOS_60D,"el exportador automático de GSC agrega por página sobre 35 días, todavía no hay serie diaria real con la que clasificar",,
Gabriel Iberico,Adrián Ugarriza,entidad,7,688.0,98.0,media,SIN_DATOS_60D,"el exportador automático de GSC agrega por página sobre 35 días, todavía no hay serie diaria real con la que clasificar",,
Gabriel Iberico,duelo ante alianza,entidad,2,688.0,344.0,baja,SIN_DATOS_60D,"el exportador automático de GSC agrega por página sobre 35 días, todavía no hay serie diaria real con la que clasificar",,
Gabriel Iberico,vs sport huancayo,entidad,2,688.0,344.0,baja,SIN_DATOS_60D,"el exportador automático de GSC agrega por página sobre 35 días, todavía no hay serie diaria real con la que clasificar",,
Gabriel Iberico,lapadula le da,tema,2,684.0,342.0,baja,SIN_DATOS_60D,"el exportador automático de GSC agrega por página sobre 35 días, todavía no hay serie diaria real con la que clasificar",,
Gabriel Iberico,universitario pese,entidad,2,683.0,342.0,baja,SIN_DATOS_60D,"el exportador automático de GSC agrega por página sobre 35 días, todavía no hay serie diaria real con la que clasificar",,
Gabriel Iberico,insultos racistas,tema,2,682.0,341.0,baja,SIN_DATOS_60D,"el exportador automático de GSC agrega por página sobre 35 días, todavía no hay serie diaria real con la que clasificar",,
Gabriel Iberico,LDU,entidad,5,682.0,136.0,media,SIN_DATOS_60D,"el exportador automático de GSC agrega por página sobre 35 días, todavía no hay serie diaria real con la que clasificar",,
Gabriel Iberico,duelo por el torneo,tema,3,673.0,224.0,media,SIN_DATOS_60D,"el exportador automático de GSC agrega por página sobre 35 días, todavía no hay serie diaria real con la que clasificar",,
Gabriel Iberico,corona como campeón,tema,2,668.0,334.0,baja,SIN_DATOS_60D,"el exportador automático de GSC agrega por página sobre 35 días, todavía no hay serie diaria real con la que clasificar",,
Gabriel Iberico,nuevo club,tema,2,668.0,334.0,baja,SIN_DATOS_60D,"el exportador automático de GSC agrega por página sobre 35 días, todavía no hay serie diaria real con la que clasificar",,
Gabriel Iberico,raíces peruanas,tema,4,667.0,167.0,media,SIN_DATOS_60D,"el exportador automático de GSC agrega por página sobre 35 días, todavía no hay serie diaria real con la que clasificar",,
Gabriel Iberico,Estoy,entidad,2,662.0,331.0,baja,SIN_DATOS_60D,"el exportador automático de GSC agrega por página sobre 35 días, todavía no hay serie diaria real con la que clasificar",,
Gabriel Iberico,tres bajas,tema,3,662.0,221.0,media,SIN_DATOS_60D,"el exportador automático de GSC agrega por página sobre 35 días, todavía no hay serie diaria real con la que clasificar",,
Gabriel Iberico,volver a dirigir,tema,2,657.0,328.0,baja,SIN_DATOS_60D,"el exportador automático de GSC agrega por página sobre 35 días, todavía no hay serie diaria real con la que clasificar",,
Gabriel Iberico,Arsenal Lawn Tennis,entidad,2,645.0,322.0,baja,SIN_DATOS_60D,"el exportador automático de GSC agrega por página sobre 35 días, todavía no hay serie diaria real con la que clasificar",,
Gabriel Iberico,disputar el torneo,tema,3,644.0,215.0,media,SIN_DATOS_60D,"el exportador automático de GSC agrega por página sobre 35 días, todavía no hay serie diaria real con la que clasificar",,
Gabriel Iberico,cara al mundial,tema,2,642.0,321.0,baja,SIN_DATOS_60D,"el exportador automático de GSC agrega por página sobre 35 días, todavía no hay serie diaria real con la que clasificar",,
Gabriel Iberico,victoria a cienciano,entidad,2,639.0,320.0,baja,SIN_DATOS_60D,"el exportador automático de GSC agrega por página sobre 35 días, todavía no hay serie diaria real con la que clasificar",,
Gabriel Iberico,debut en la copa,entidad,4,633.0,158.0,media,SIN_DATOS_60D,"el exportador automático de GSC agrega por página sobre 35 días, todavía no hay serie diaria real con la que clasificar",,
Gabriel Iberico,fecha confirmada,tema,2,633.0,316.0,baja,SIN_DATOS_60D,"el exportador automático de GSC agrega por página sobre 35 días, todavía no hay serie diaria real con la que clasificar",,
Gabriel Iberico,jugador de universitario,entidad,2,633.0,316.0,baja,SIN_DATOS_60D,"el exportador automático de GSC agrega por página sobre 35 días, todavía no hay serie diaria real con la que clasificar",,
Gabriel Iberico,viejo continente,tema,2,632.0,316.0,baja,SIN_DATOS_60D,"el exportador automático de GSC agrega por página sobre 35 días, todavía no hay serie diaria real con la que clasificar",,
Gabriel Iberico,cierra la puerta,tema,2,631.0,316.0,baja,SIN_DATOS_60D,"el exportador automático de GSC agrega por página sobre 35 días, todavía no hay serie diaria real con la que clasificar",,
Gabriel Iberico,Alexander Robertson,entidad,4,627.0,157.0,media,SIN_DATOS_60D,"el exportador automático de GSC agrega por página sobre 35 días, todavía no hay serie diaria real con la que clasificar",,
Gabriel Iberico,gol sobre la hora,tema,2,627.0,314.0,baja,SIN_DATOS_60D,"el exportador automático de GSC agrega por página sobre 35 días, todavía no hay serie diaria real con la que clasificar",,
Gabriel Iberico,otra vez,tema,2,625.0,312.0,baja,SIN_DATOS_60D,"el exportador automático de GSC agrega por página sobre 35 días, todavía no hay serie diaria real con la que clasificar",,
Gabriel Iberico,sigue en la pelea,tema,2,621.0,310.0,baja,SIN_DATOS_60D,"el exportador automático de GSC agrega por página sobre 35 días, todavía no hay serie diaria real con la que clasificar",,
Gabriel Iberico,mundial fecha,tema,2,619.0,310.0,baja,SIN_DATOS_60D,"el exportador automático de GSC agrega por página sobre 35 días, todavía no hay serie diaria real con la que clasificar",,
Gabriel Iberico,Liga Distrital de Arequipa,entidad,2,616.0,308.0,baja,SIN_DATOS_60D,"el exportador automático de GSC agrega por página sobre 35 días, todavía no hay serie diaria real con la que clasificar",,
Gabriel Iberico,polémico árbitro,tema,2,615.0,308.0,baja,SIN_DATOS_60D,"el exportador automático de GSC agrega por página sobre 35 días, todavía no hay serie diaria real con la que clasificar",,
Gabriel Iberico,universitario y responde,entidad,2,615.0,308.0,baja,SIN_DATOS_60D,"el exportador automático de GSC agrega por página sobre 35 días, todavía no hay serie diaria real con la que clasificar",,
Gabriel Iberico,polémico empate,tema,2,612.0,306.0,baja,SIN_DATOS_60D,"el exportador automático de GSC agrega por página sobre 35 días, todavía no hay serie diaria real con la que clasificar",,
Gabriel Iberico,polémico gesto,tema,3,611.0,204.0,media,SIN_DATOS_60D,"el exportador automático de GSC agrega por página sobre 35 días, todavía no hay serie diaria real con la que clasificar",,
Gabriel Iberico,barco respalda,tema,2,606.0,303.0,baja,SIN_DATOS_60D,"el exportador automático de GSC agrega por página sobre 35 días, todavía no hay serie diaria real con la que clasificar",,
Gabriel Iberico,advertencia a universitario,entidad,3,605.0,202.0,media,SIN_DATOS_60D,"el exportador automático de GSC agrega por página sobre 35 días, todavía no hay serie diaria real con la que clasificar",,
Gabriel Iberico,fecha en la fase,entidad,3,604.0,201.0,media,SIN_DATOS_60D,"el exportador automático de GSC agrega por página sobre 35 días, todavía no hay serie diaria real con la que clasificar",,
Gabriel Iberico,Francia,entidad,5,599.0,120.0,media,SIN_DATOS_60D,"el exportador automático de GSC agrega por página sobre 35 días, todavía no hay serie diaria real con la que clasificar",,
Gabriel Iberico,clasificados y cruces,tema,2,597.0,298.0,baja,SIN_DATOS_60D,"el exportador automático de GSC agrega por página sobre 35 días, todavía no hay serie diaria real con la que clasificar",,
Gabriel Iberico,confirmados de los cuartos,tema,2,597.0,298.0,baja,SIN_DATOS_60D,"el exportador automático de GSC agrega por página sobre 35 días, todavía no hay serie diaria real con la que clasificar",,
Gabriel Iberico,triunfo a universitario,entidad,2,597.0,298.0,baja,SIN_DATOS_60D,"el exportador automático de GSC agrega por página sobre 35 días, todavía no hay serie diaria real con la que clasificar",,
Gabriel Iberico,lima en el clásico,tema,3,596.0,199.0,media,SIN_DATOS_60D,"el exportador automático de GSC agrega por página sobre 35 días, todavía no hay serie diaria real con la que clasificar",,
Gabriel Iberico,lima y ahora,tema,2,594.0,297.0,baja,SIN_DATOS_60D,"el exportador automático de GSC agrega por página sobre 35 días, todavía no hay serie diaria real con la que clasificar",,
Gabriel Iberico,dirigencia de sporting,entidad,2,591.0,296.0,baja,SIN_DATOS_60D,"el exportador automático de GSC agrega por página sobre 35 días, todavía no hay serie diaria real con la que clasificar",,
Gabriel Iberico,mauro cantoro,tema,3,589.0,196.0,media,SIN_DATOS_60D,"el exportador automático de GSC agrega por página sobre 35 días, todavía no hay serie diaria real con la que clasificar",,
Gabriel Iberico,firme en la pelea,tema,3,587.0,196.0,media,SIN_DATOS_60D,"el exportador automático de GSC agrega por página sobre 35 días, todavía no hay serie diaria real con la que clasificar",,
Gabriel Iberico,DT de Deportivo Cali,entidad,2,585.0,292.0,baja,SIN_DATOS_60D,"el exportador automático de GSC agrega por página sobre 35 días, todavía no hay serie diaria real con la que clasificar",,
Gabriel Iberico,Liga Departamental de Ayacucho,entidad,3,585.0,195.0,media,SIN_DATOS_60D,"el exportador automático de GSC agrega por página sobre 35 días, todavía no hay serie diaria real con la que clasificar",,
Gabriel Iberico,Esteban Pavez,entidad,2,583.0,292.0,baja,SIN_DATOS_60D,"el exportador automático de GSC agrega por página sobre 35 días, todavía no hay serie diaria real con la que clasificar",,
Gabriel Iberico,peso universitario,entidad,2,583.0,292.0,baja,SIN_DATOS_60D,"el exportador automático de GSC agrega por página sobre 35 días, todavía no hay serie diaria real con la que clasificar",,
Gabriel Iberico,Ayacucho,entidad,3,581.0,194.0,media,SIN_DATOS_60D,"el exportador automático de GSC agrega por página sobre 35 días, todavía no hay serie diaria real con la que clasificar",,
Gabriel Iberico,Fabio Gruber,entidad,5,581.0,116.0,media,SIN_DATOS_60D,"el exportador automático de GSC agrega por página sobre 35 días, todavía no hay serie diaria real con la que clasificar",,
Gabriel Iberico,oficial la contratación,tema,2,578.0,289.0,baja,SIN_DATOS_60D,"el exportador automático de GSC agrega por página sobre 35 días, todavía no hay serie diaria real con la que clasificar",,
Gabriel Iberico,Brasileirao,entidad,7,576.0,82.0,media,SIN_DATOS_60D,"el exportador automático de GSC agrega por página sobre 35 días, todavía no hay serie diaria real con la que clasificar",,
Gabriel Iberico,Millonarios,entidad,3,573.0,191.0,media,SIN_DATOS_60D,"el exportador automático de GSC agrega por página sobre 35 días, todavía no hay serie diaria real con la que clasificar",,
Gabriel Iberico,ausencia en la selección,tema,2,572.0,286.0,baja,SIN_DATOS_60D,"el exportador automático de GSC agrega por página sobre 35 días, todavía no hay serie diaria real con la que clasificar",,
Gabriel Iberico,fichaje de gianluca,tema,2,569.0,284.0,baja,SIN_DATOS_60D,"el exportador automático de GSC agrega por página sobre 35 días, todavía no hay serie diaria real con la que clasificar",,
Gabriel Iberico,rotundo comentario,tema,2,567.0,284.0,baja,SIN_DATOS_60D,"el exportador automático de GSC agrega por página sobre 35 días, todavía no hay serie diaria real con la que clasificar",,
Gabriel Iberico,empate de alianza,entidad,2,566.0,283.0,baja,SIN_DATOS_60D,"el exportador automático de GSC agrega por página sobre 35 días, todavía no hay serie diaria real con la que clasificar",,
Gabriel Iberico,universitario pide,entidad,3,566.0,189.0,media,SIN_DATOS_60D,"el exportador automático de GSC agrega por página sobre 35 días, todavía no hay serie diaria real con la que clasificar",,
Gabriel Iberico,soyer brilla,tema,3,564.0,188.0,media,SIN_DATOS_60D,"el exportador automático de GSC agrega por página sobre 35 días, todavía no hay serie diaria real con la que clasificar",,
Gabriel Iberico,cada vez,tema,2,558.0,279.0,baja,SIN_DATOS_60D,"el exportador automático de GSC agrega por página sobre 35 días, todavía no hay serie diaria real con la que clasificar",,
Gabriel Iberico,Coquimbo,entidad,3,557.0,186.0,media,SIN_DATOS_60D,"el exportador automático de GSC agrega por página sobre 35 días, todavía no hay serie diaria real con la que clasificar",,
Gabriel Iberico,fuera de la selección,tema,2,557.0,278.0,baja,SIN_DATOS_60D,"el exportador automático de GSC agrega por página sobre 35 días, todavía no hay serie diaria real con la que clasificar",,
Gabriel Iberico,arremete contra javier,tema,3,554.0,185.0,media,SIN_DATOS_60D,"el exportador automático de GSC agrega por página sobre 35 días, todavía no hay serie diaria real con la que clasificar",,
Gabriel Iberico,Japón,entidad,3,553.0,184.0,media,SIN_DATOS_60D,"el exportador automático de GSC agrega por página sobre 35 días, todavía no hay serie diaria real con la que clasificar",,
Gabriel Iberico,primer refuerzo,tema,2,553.0,276.0,baja,SIN_DATOS_60D,"el exportador automático de GSC agrega por página sobre 35 días, todavía no hay serie diaria real con la que clasificar",,
Gabriel Iberico,Sport River,entidad,2,553.0,276.0,baja,SIN_DATOS_60D,"el exportador automático de GSC agrega por página sobre 35 días, todavía no hay serie diaria real con la que clasificar",,
Gabriel Iberico,alto del torneo clausura,entidad,2,550.0,275.0,baja,SIN_DATOS_60D,"el exportador automático de GSC agrega por página sobre 35 días, todavía no hay serie diaria real con la que clasificar",,
Gabriel Iberico,debut en el mundial,tema,3,544.0,181.0,media,SIN_DATOS_60D,"el exportador automático de GSC agrega por página sobre 35 días, todavía no hay serie diaria real con la que clasificar",,
Gabriel Iberico,vinl f,tema,6,543.0,90.0,media,SIN_DATOS_60D,"el exportador automático de GSC agrega por página sobre 35 días, todavía no hay serie diaria real con la que clasificar",,
Gabriel Iberico,anunciado como nuevo,tema,5,541.0,108.0,media,SIN_DATOS_60D,"el exportador automático de GSC agrega por página sobre 35 días, todavía no hay serie diaria real con la que clasificar",,
Gabriel Iberico,campeón de la copa,entidad,2,537.0,268.0,baja,SIN_DATOS_60D,"el exportador automático de GSC agrega por página sobre 35 días, todavía no hay serie diaria real con la que clasificar",,
Gabriel Iberico,ida de los playoffs,tema,2,536.0,268.0,baja,SIN_DATOS_60D,"el exportador automático de GSC agrega por página sobre 35 días, todavía no hay serie diaria real con la que clasificar",,
Gabriel Iberico,conseguir su boleto,tema,2,533.0,266.0,baja,SIN_DATOS_60D,"el exportador automático de GSC agrega por página sobre 35 días, todavía no hay serie diaria real con la que clasificar",,
Gabriel Iberico,lugar de la liga,entidad,2,532.0,266.0,baja,SIN_DATOS_60D,"el exportador automático de GSC agrega por página sobre 35 días, todavía no hay serie diaria real con la que clasificar",,
Gabriel Iberico,volvería a universitario,entidad,2,531.0,266.0,baja,SIN_DATOS_60D,"el exportador automático de GSC agrega por página sobre 35 días, todavía no hay serie diaria real con la que clasificar",,
Gabriel Iberico,fossati desmiente,tema,2,529.0,264.0,baja,SIN_DATOS_60D,"el exportador automático de GSC agrega por página sobre 35 días, todavía no hay serie diaria real con la que clasificar",,
Gabriel Iberico,Champions League,entidad,5,527.0,105.0,media,SIN_DATOS_60D,"el exportador automático de GSC agrega por página sobre 35 días, todavía no hay serie diaria real con la que clasificar",,
Gabriel Iberico,escala posiciones,tema,2,523.0,262.0,baja,SIN_DATOS_60D,"el exportador automático de GSC agrega por página sobre 35 días, todavía no hay serie diaria real con la que clasificar",,
Gabriel Iberico,fecha para su debut,tema,3,520.0,173.0,media,SIN_DATOS_60D,"el exportador automático de GSC agrega por página sobre 35 días, todavía no hay serie diaria real con la que clasificar",,
Gabriel Iberico,rival y fecha,tema,3,520.0,173.0,media,SIN_DATOS_60D,"el exportador automático de GSC agrega por página sobre 35 días, todavía no hay serie diaria real con la que clasificar",,
Gabriel Iberico,empate de universitario,entidad,4,512.0,128.0,media,SIN_DATOS_60D,"el exportador automático de GSC agrega por página sobre 35 días, todavía no hay serie diaria real con la que clasificar",,
Gabriel Iberico,clasificados a la siguiente,tema,2,510.0,255.0,baja,SIN_DATOS_60D,"el exportador automático de GSC agrega por página sobre 35 días, todavía no hay serie diaria real con la que clasificar",,
Gabriel Iberico,ocho clasificados,tema,2,510.0,255.0,baja,SIN_DATOS_60D,"el exportador automático de GSC agrega por página sobre 35 días, todavía no hay serie diaria real con la que clasificar",,
Gabriel Iberico,Cabo Verde,entidad,4,509.0,127.0,media,SIN_DATOS_60D,"el exportador automático de GSC agrega por página sobre 35 días, todavía no hay serie diaria real con la que clasificar",,
Gabriel Iberico,André Carrillo Corinthians,entidad,4,507.0,127.0,media,SIN_DATOS_60D,"el exportador automático de GSC agrega por página sobre 35 días, todavía no hay serie diaria real con la que clasificar",,
Gabriel Iberico,tres puntos,tema,2,506.0,253.0,baja,SIN_DATOS_60D,"el exportador automático de GSC agrega por página sobre 35 días, todavía no hay serie diaria real con la que clasificar",,
Gabriel Iberico,Carlos Galván,entidad,3,504.0,168.0,media,SIN_DATOS_60D,"el exportador automático de GSC agrega por página sobre 35 días, todavía no hay serie diaria real con la que clasificar",,
Gabriel Iberico,Sudamericana,entidad,2,503.0,252.0,baja,SIN_DATOS_60D,"el exportador automático de GSC agrega por página sobre 35 días, todavía no hay serie diaria real con la que clasificar",,
Gabriel Iberico,dar el golpe,tema,2,498.0,249.0,baja,SIN_DATOS_60D,"el exportador automático de GSC agrega por página sobre 35 días, todavía no hay serie diaria real con la que clasificar",,
Gabriel Iberico,fichaje de adrián,entidad,3,497.0,166.0,media,SIN_DATOS_60D,"el exportador automático de GSC agrega por página sobre 35 días, todavía no hay serie diaria real con la que clasificar",,
Gabriel Iberico,Anderson Villacorta,entidad,2,496.0,248.0,baja,SIN_DATOS_60D,"el exportador automático de GSC agrega por página sobre 35 días, todavía no hay serie diaria real con la que clasificar",,
Gabriel Iberico,pelea por el grupo,entidad,2,494.0,247.0,baja,SIN_DATOS_60D,"el exportador automático de GSC agrega por página sobre 35 días, todavía no hay serie diaria real con la que clasificar",,
Gabriel Iberico,Bragantino,entidad,2,492.0,246.0,baja,SIN_DATOS_60D,"el exportador automático de GSC agrega por página sobre 35 días, todavía no hay serie diaria real con la que clasificar",,
Gabriel Iberico,horarios de los partidos,tema,6,491.0,82.0,media,SIN_DATOS_60D,"el exportador automático de GSC agrega por página sobre 35 días, todavía no hay serie diaria real con la que clasificar",,
Gabriel Iberico,mundial fixture,tema,6,491.0,82.0,media,SIN_DATOS_60D,"el exportador automático de GSC agrega por página sobre 35 días, todavía no hay serie diaria real con la que clasificar",,
Gabriel Iberico,nuevo goleador,tema,2,487.0,244.0,baja,SIN_DATOS_60D,"el exportador automático de GSC agrega por página sobre 35 días, todavía no hay serie diaria real con la que clasificar",,
Gabriel Iberico,lima me,tema,4,480.0,120.0,media,SIN_DATOS_60D,"el exportador automático de GSC agrega por página sobre 35 días, todavía no hay serie diaria real con la que clasificar",,
Gabriel Iberico,universitario volverá,entidad,2,480.0,240.0,baja,SIN_DATOS_60D,"el exportador automático de GSC agrega por página sobre 35 días, todavía no hay serie diaria real con la que clasificar",,
Gabriel Iberico,cristal no me,entidad,2,479.0,240.0,baja,SIN_DATOS_60D,"el exportador automático de GSC agrega por página sobre 35 días, todavía no hay serie diaria real con la que clasificar",,
Gabriel Iberico,estadio monumental,entidad,2,479.0,240.0,baja,SIN_DATOS_60D,"el exportador automático de GSC agrega por página sobre 35 días, todavía no hay serie diaria real con la que clasificar",,
Gabriel Iberico,defensa peruano,tema,2,477.0,238.0,baja,SIN_DATOS_60D,"el exportador automático de GSC agrega por página sobre 35 días, todavía no hay serie diaria real con la que clasificar",,
Gabriel Iberico,ronda en la liga,entidad,2,477.0,238.0,baja,SIN_DATOS_60D,"el exportador automático de GSC agrega por página sobre 35 días, todavía no hay serie diaria real con la que clasificar",,
Gabriel Iberico,Martín Pérez Guedes,entidad,2,476.0,238.0,baja,SIN_DATOS_60D,"el exportador automático de GSC agrega por página sobre 35 días, todavía no hay serie diaria real con la que clasificar",,
Gabriel Iberico,portugal gol,entidad,2,476.0,238.0,baja,SIN_DATOS_60D,"el exportador automático de GSC agrega por página sobre 35 días, todavía no hay serie diaria real con la que clasificar",,
Gabriel Iberico,Canadá,entidad,3,472.0,157.0,media,SIN_DATOS_60D,"el exportador automático de GSC agrega por página sobre 35 días, todavía no hay serie diaria real con la que clasificar",,
Gabriel Iberico,figura de la selección,tema,2,472.0,236.0,baja,SIN_DATOS_60D,"el exportador automático de GSC agrega por página sobre 35 días, todavía no hay serie diaria real con la que clasificar",,
Gabriel Iberico,fc k,tema,3,471.0,157.0,media,SIN_DATOS_60D,"el exportador automático de GSC agrega por página sobre 35 días, todavía no hay serie diaria real con la que clasificar",,
Gabriel Iberico,victoria de gil,tema,2,471.0,236.0,baja,SIN_DATOS_60D,"el exportador automático de GSC agrega por página sobre 35 días, todavía no hay serie diaria real con la que clasificar",,
Gabriel Iberico,agónica victoria,tema,2,468.0,234.0,baja,SIN_DATOS_60D,"el exportador automático de GSC agrega por página sobre 35 días, todavía no hay serie diaria real con la que clasificar",,
Gabriel Iberico,Santiago Ormeño,entidad,3,466.0,155.0,media,SIN_DATOS_60D,"el exportador automático de GSC agrega por página sobre 35 días, todavía no hay serie diaria real con la que clasificar",,
Gabriel Iberico,marcar su primer,tema,3,465.0,155.0,media,SIN_DATOS_60D,"el exportador automático de GSC agrega por página sobre 35 días, todavía no hay serie diaria real con la que clasificar",,
Gabriel Iberico,Nick Fernández,entidad,2,464.0,232.0,baja,SIN_DATOS_60D,"el exportador automático de GSC agrega por página sobre 35 días, todavía no hay serie diaria real con la que clasificar",,
Gabriel Iberico,Bentín Tacna Heroica,entidad,2,461.0,230.0,baja,SIN_DATOS_60D,"el exportador automático de GSC agrega por página sobre 35 días, todavía no hay serie diaria real con la que clasificar",,
Gabriel Iberico,clásico moderno,tema,2,457.0,228.0,baja,SIN_DATOS_60D,"el exportador automático de GSC agrega por página sobre 35 días, todavía no hay serie diaria real con la que clasificar",,
Gabriel Iberico,duelo clave,tema,3,455.0,152.0,media,SIN_DATOS_60D,"el exportador automático de GSC agrega por página sobre 35 días, todavía no hay serie diaria real con la que clasificar",,
Gabriel Iberico,grandes ligas,tema,2,452.0,226.0,baja,SIN_DATOS_60D,"el exportador automático de GSC agrega por página sobre 35 días, todavía no hay serie diaria real con la que clasificar",,
Gabriel Iberico,vs cienciano,entidad,2,452.0,226.0,baja,SIN_DATOS_60D,"el exportador automático de GSC agrega por página sobre 35 días, todavía no hay serie diaria real con la que clasificar",,
Gabriel Iberico,atención universitario,entidad,3,451.0,150.0,media,SIN_DATOS_60D,"el exportador automático de GSC agrega por página sobre 35 días, todavía no hay serie diaria real con la que clasificar",,
Gabriel Iberico,Bundesliga,entidad,4,449.0,112.0,media,SIN_DATOS_60D,"el exportador automático de GSC agrega por página sobre 35 días, todavía no hay serie diaria real con la que clasificar",,
Gabriel Iberico,Horacio Melgarejo,entidad,2,449.0,224.0,baja,SIN_DATOS_60D,"el exportador automático de GSC agrega por página sobre 35 días, todavía no hay serie diaria real con la que clasificar",,
Gabriel Iberico,Cantolao,entidad,2,447.0,224.0,baja,SIN_DATOS_60D,"el exportador automático de GSC agrega por página sobre 35 días, todavía no hay serie diaria real con la que clasificar",,
Gabriel Iberico,previa del universitario,entidad,2,445.0,222.0,baja,SIN_DATOS_60D,"el exportador automático de GSC agrega por página sobre 35 días, todavía no hay serie diaria real con la que clasificar",,
Gabriel Iberico,importante noticia,tema,2,444.0,222.0,baja,SIN_DATOS_60D,"el exportador automático de GSC agrega por página sobre 35 días, todavía no hay serie diaria real con la que clasificar",,
Gabriel Iberico,entrenador para la copa,entidad,2,443.0,222.0,baja,SIN_DATOS_60D,"el exportador automático de GSC agrega por página sobre 35 días, todavía no hay serie diaria real con la que clasificar",,
Gabriel Iberico,exfigura de universitario,entidad,2,441.0,220.0,baja,SIN_DATOS_60D,"el exportador automático de GSC agrega por página sobre 35 días, todavía no hay serie diaria real con la que clasificar",,
Gabriel Iberico,Lisandro Greppo,entidad,2,437.0,218.0,baja,SIN_DATOS_60D,"el exportador automático de GSC agrega por página sobre 35 días, todavía no hay serie diaria real con la que clasificar",,
Gabriel Iberico,enfrentar a fc,entidad,2,433.0,216.0,baja,SIN_DATOS_60D,"el exportador automático de GSC agrega por página sobre 35 días, todavía no hay serie diaria real con la que clasificar",,
Gabriel Iberico,aceptaría dirigir,tema,2,431.0,216.0,baja,SIN_DATOS_60D,"el exportador automático de GSC agrega por página sobre 35 días, todavía no hay serie diaria real con la que clasificar",,
Gabriel Iberico,avos de final,tema,4,431.0,108.0,media,SIN_DATOS_60D,"el exportador automático de GSC agrega por página sobre 35 días, todavía no hay serie diaria real con la que clasificar",,
Gabriel Iberico,presencia peruana,tema,2,430.0,215.0,baja,SIN_DATOS_60D,"el exportador automático de GSC agrega por página sobre 35 días, todavía no hay serie diaria real con la que clasificar",,
Gabriel Iberico,coronarse en el torneo,tema,2,428.0,214.0,baja,SIN_DATOS_60D,"el exportador automático de GSC agrega por página sobre 35 días, todavía no hay serie diaria real con la que clasificar",,
Gabriel Iberico,decide el futuro,tema,2,425.0,212.0,baja,SIN_DATOS_60D,"el exportador automático de GSC agrega por página sobre 35 días, todavía no hay serie diaria real con la que clasificar",,
Gabriel Iberico,futuro de bryan,tema,2,425.0,212.0,baja,SIN_DATOS_60D,"el exportador automático de GSC agrega por página sobre 35 días, todavía no hay serie diaria real con la que clasificar",,
Gabriel Iberico,curiosa reacción,tema,2,418.0,209.0,baja,SIN_DATOS_60D,"el exportador automático de GSC agrega por página sobre 35 días, todavía no hay serie diaria real con la que clasificar",,
Gabriel Iberico,LDU de Quito,entidad,2,415.0,208.0,baja,SIN_DATOS_60D,"el exportador automático de GSC agrega por página sobre 35 días, todavía no hay serie diaria real con la que clasificar",,
Gabriel Iberico,sumar minutos,tema,3,413.0,138.0,media,SIN_DATOS_60D,"el exportador automático de GSC agrega por página sobre 35 días, todavía no hay serie diaria real con la que clasificar",,
Gabriel Iberico,momento en el torneo,tema,2,412.0,206.0,baja,SIN_DATOS_60D,"el exportador automático de GSC agrega por página sobre 35 días, todavía no hay serie diaria real con la que clasificar",,
Gabriel Iberico,agónico triunfo,tema,2,407.0,204.0,baja,SIN_DATOS_60D,"el exportador automático de GSC agrega por página sobre 35 días, todavía no hay serie diaria real con la que clasificar",,
Gabriel Iberico,cara al torneo,tema,2,407.0,204.0,baja,SIN_DATOS_60D,"el exportador automático de GSC agrega por página sobre 35 días, todavía no hay serie diaria real con la que clasificar",,
Gabriel Iberico,dorsal que utilizará,tema,2,407.0,204.0,baja,SIN_DATOS_60D,"el exportador automático de GSC agrega por página sobre 35 días, todavía no hay serie diaria real con la que clasificar",,
Gabriel Iberico,presentado como nuevo,entidad,3,406.0,135.0,media,SIN_DATOS_60D,"el exportador automático de GSC agrega por página sobre 35 días, todavía no hay serie diaria real con la que clasificar",,
Gabriel Iberico,amistoso de preparación,tema,2,403.0,202.0,baja,SIN_DATOS_60D,"el exportador automático de GSC agrega por página sobre 35 días, todavía no hay serie diaria real con la que clasificar",,
Gabriel Iberico,fuerte advertencia a universitario,entidad,2,403.0,202.0,baja,SIN_DATOS_60D,"el exportador automático de GSC agrega por página sobre 35 días, todavía no hay serie diaria real con la que clasificar",,
Gabriel Iberico,Liga Distrital de Ayacucho,entidad,4,403.0,101.0,media,SIN_DATOS_60D,"el exportador automático de GSC agrega por página sobre 35 días, todavía no hay serie diaria real con la que clasificar",,
Gabriel Iberico,estalla contra el arbitraje,tema,2,401.0,200.0,baja,SIN_DATOS_60D,"el exportador automático de GSC agrega por página sobre 35 días, todavía no hay serie diaria real con la que clasificar",,
Gabriel Iberico,flaco granda arremete,entidad,2,400.0,200.0,baja,SIN_DATOS_60D,"el exportador automático de GSC agrega por página sobre 35 días, todavía no hay serie diaria real con la que clasificar",,
Gabriel Iberico,DT de Deportivo Garcilaso,entidad,2,396.0,198.0,baja,SIN_DATOS_60D,"el exportador automático de GSC agrega por página sobre 35 días, todavía no hay serie diaria real con la que clasificar",,
Gabriel Iberico,Deportivo Ucrania,entidad,2,394.0,197.0,baja,SIN_DATOS_60D,"el exportador automático de GSC agrega por página sobre 35 días, todavía no hay serie diaria real con la que clasificar",,
Gabriel Iberico,me voy,tema,2,394.0,197.0,baja,SIN_DATOS_60D,"el exportador automático de GSC agrega por página sobre 35 días, todavía no hay serie diaria real con la que clasificar",,
Gabriel Iberico,rumbo al mundial,tema,2,394.0,197.0,baja,SIN_DATOS_60D,"el exportador automático de GSC agrega por página sobre 35 días, todavía no hay serie diaria real con la que clasificar",,
Gabriel Iberico,Kansas City,entidad,2,392.0,196.0,baja,SIN_DATOS_60D,"el exportador automático de GSC agrega por página sobre 35 días, todavía no hay serie diaria real con la que clasificar",,
Gabriel Iberico,pide la convocatoria,tema,2,392.0,196.0,baja,SIN_DATOS_60D,"el exportador automático de GSC agrega por página sobre 35 días, todavía no hay serie diaria real con la que clasificar",,
Gabriel Iberico,Miguel,entidad,2,391.0,196.0,baja,SIN_DATOS_60D,"el exportador automático de GSC agrega por página sobre 35 días, todavía no hay serie diaria real con la que clasificar",,
Gabriel Iberico,ferrari arremete,tema,2,388.0,194.0,baja,SIN_DATOS_60D,"el exportador automático de GSC agrega por página sobre 35 días, todavía no hay serie diaria real con la que clasificar",,
Gabriel Iberico,destacar en bayern,tema,2,385.0,192.0,baja,SIN_DATOS_60D,"el exportador automático de GSC agrega por página sobre 35 días, todavía no hay serie diaria real con la que clasificar",,
Gabriel Iberico,estreno en el mundial,tema,3,384.0,128.0,media,SIN_DATOS_60D,"el exportador automático de GSC agrega por página sobre 35 días, todavía no hay serie diaria real con la que clasificar",,
Gabriel Iberico,RD Congo,entidad,2,383.0,192.0,baja,SIN_DATOS_60D,"el exportador automático de GSC agrega por página sobre 35 días, todavía no hay serie diaria real con la que clasificar",,
Gabriel Iberico,Eliminatorias,entidad,2,381.0,190.0,baja,SIN_DATOS_60D,"el exportador automático de GSC agrega por página sobre 35 días, todavía no hay serie diaria real con la que clasificar",,
Gabriel Iberico,lapadula tras marcar,tema,2,381.0,190.0,baja,SIN_DATOS_60D,"el exportador automático de GSC agrega por página sobre 35 días, todavía no hay serie diaria real con la que clasificar",,
Gabriel Iberico,carrera en el mundial,tema,2,379.0,190.0,baja,SIN_DATOS_60D,"el exportador automático de GSC agrega por página sobre 35 días, todavía no hay serie diaria real con la que clasificar",,
Gabriel Iberico,momento de universitario,entidad,2,379.0,190.0,baja,SIN_DATOS_60D,"el exportador automático de GSC agrega por página sobre 35 días, todavía no hay serie diaria real con la que clasificar",,
Gabriel Iberico,sigue en carrera,tema,2,379.0,190.0,baja,SIN_DATOS_60D,"el exportador automático de GSC agrega por página sobre 35 días, todavía no hay serie diaria real con la que clasificar",,
Gabriel Iberico,amargo empate,tema,3,378.0,126.0,media,SIN_DATOS_60D,"el exportador automático de GSC agrega por página sobre 35 días, todavía no hay serie diaria real con la que clasificar",,
Gabriel Iberico,Sporting,entidad,4,377.0,94.0,media,SIN_DATOS_60D,"el exportador automático de GSC agrega por página sobre 35 días, todavía no hay serie diaria real con la que clasificar",,
Gabriel Iberico,posible llegada,tema,2,375.0,188.0,baja,SIN_DATOS_60D,"el exportador automático de GSC agrega por página sobre 35 días, todavía no hay serie diaria real con la que clasificar",,
Gabriel Iberico,Alemania,entidad,3,374.0,125.0,media,SIN_DATOS_60D,"el exportador automático de GSC agrega por página sobre 35 días, todavía no hay serie diaria real con la que clasificar",,
Gabriel Iberico,Wilder Cartagena,entidad,4,374.0,94.0,media,SIN_DATOS_60D,"el exportador automático de GSC agrega por página sobre 35 días, todavía no hay serie diaria real con la que clasificar",,
Gabriel Iberico,fichaje de adrián quiroz,entidad,2,372.0,186.0,baja,SIN_DATOS_60D,"el exportador automático de GSC agrega por página sobre 35 días, todavía no hay serie diaria real con la que clasificar",,
Gabriel Iberico,primer equipo,tema,2,371.0,186.0,baja,SIN_DATOS_60D,"el exportador automático de GSC agrega por página sobre 35 días, todavía no hay serie diaria real con la que clasificar",,
Gabriel Iberico,bajas importantes,tema,2,370.0,185.0,baja,SIN_DATOS_60D,"el exportador automático de GSC agrega por página sobre 35 días, todavía no hay serie diaria real con la que clasificar",,
Gabriel Iberico,mundial montaigu,tema,2,367.0,184.0,baja,SIN_DATOS_60D,"el exportador automático de GSC agrega por página sobre 35 días, todavía no hay serie diaria real con la que clasificar",,
Gabriel Iberico,previo al clásico,tema,2,365.0,182.0,baja,SIN_DATOS_60D,"el exportador automático de GSC agrega por página sobre 35 días, todavía no hay serie diaria real con la que clasificar",,
Gabriel Iberico,Eryc Castillo,entidad,2,364.0,182.0,baja,SIN_DATOS_60D,"el exportador automático de GSC agrega por página sobre 35 días, todavía no hay serie diaria real con la que clasificar",,
Gabriel Iberico,universitario vs alianza,entidad,2,358.0,179.0,baja,SIN_DATOS_60D,"el exportador automático de GSC agrega por página sobre 35 días, todavía no hay serie diaria real con la que clasificar",,
Gabriel Iberico,Lionel Messi,entidad,2,356.0,178.0,baja,SIN_DATOS_60D,"el exportador automático de GSC agrega por página sobre 35 días, todavía no hay serie diaria real con la que clasificar",,
Gabriel Iberico,futuro de felipe,tema,2,355.0,178.0,baja,SIN_DATOS_60D,"el exportador automático de GSC agrega por página sobre 35 días, todavía no hay serie diaria real con la que clasificar",,
Gabriel Iberico,Grupo de la Liga,entidad,2,355.0,178.0,baja,SIN_DATOS_60D,"el exportador automático de GSC agrega por página sobre 35 días, todavía no hay serie diaria real con la que clasificar",,
Gabriel Iberico,Qatar,entidad,2,355.0,178.0,baja,SIN_DATOS_60D,"el exportador automático de GSC agrega por página sobre 35 días, todavía no hay serie diaria real con la que clasificar",,
Gabriel Iberico,dos futbolistas,tema,2,353.0,176.0,baja,SIN_DATOS_60D,"el exportador automático de GSC agrega por página sobre 35 días, todavía no hay serie diaria real con la que clasificar",,
Gabriel Iberico,salto a europa,entidad,2,351.0,176.0,baja,SIN_DATOS_60D,"el exportador automático de GSC agrega por página sobre 35 días, todavía no hay serie diaria real con la que clasificar",,
Gabriel Iberico,convocatoria de universitario,entidad,2,350.0,175.0,baja,SIN_DATOS_60D,"el exportador automático de GSC agrega por página sobre 35 días, todavía no hay serie diaria real con la que clasificar",,
Gabriel Iberico,me sentí,tema,2,349.0,174.0,baja,SIN_DATOS_60D,"el exportador automático de GSC agrega por página sobre 35 días, todavía no hay serie diaria real con la que clasificar",,
Gabriel Iberico,puertas del debut,tema,2,349.0,174.0,baja,SIN_DATOS_60D,"el exportador automático de GSC agrega por página sobre 35 días, todavía no hay serie diaria real con la que clasificar",,
Gabriel Iberico,máximo goleador,tema,2,347.0,174.0,baja,SIN_DATOS_60D,"el exportador automático de GSC agrega por página sobre 35 días, todavía no hay serie diaria real con la que clasificar",,
Gabriel Iberico,antes del duelo,tema,2,346.0,173.0,baja,SIN_DATOS_60D,"el exportador automático de GSC agrega por página sobre 35 días, todavía no hay serie diaria real con la que clasificar",,
Gabriel Iberico,Diego Romero,entidad,2,344.0,172.0,baja,SIN_DATOS_60D,"el exportador automático de GSC agrega por página sobre 35 días, todavía no hay serie diaria real con la que clasificar",,
Gabriel Iberico,importantes para visitar,tema,2,340.0,170.0,baja,SIN_DATOS_60D,"el exportador automático de GSC agrega por página sobre 35 días, todavía no hay serie diaria real con la que clasificar",,
Gabriel Iberico,Miguel Vargas,entidad,2,339.0,170.0,baja,SIN_DATOS_60D,"el exportador automático de GSC agrega por página sobre 35 días, todavía no hay serie diaria real con la que clasificar",,
Gabriel Iberico,enfrentar a comerciantes unidos,entidad,2,336.0,168.0,baja,SIN_DATOS_60D,"el exportador automático de GSC agrega por página sobre 35 días, todavía no hay serie diaria real con la que clasificar",,
Gabriel Iberico,valor de mercado,tema,2,335.0,168.0,baja,SIN_DATOS_60D,"el exportador automático de GSC agrega por página sobre 35 días, todavía no hay serie diaria real con la que clasificar",,
Gabriel Iberico,casa universitario,entidad,2,334.0,167.0,baja,SIN_DATOS_60D,"el exportador automático de GSC agrega por página sobre 35 días, todavía no hay serie diaria real con la que clasificar",,
Gabriel Iberico,derrota ante alianza,entidad,2,334.0,167.0,baja,SIN_DATOS_60D,"el exportador automático de GSC agrega por página sobre 35 días, todavía no hay serie diaria real con la que clasificar",,
Gabriel Iberico,marcar su primer gol,tema,2,334.0,167.0,baja,SIN_DATOS_60D,"el exportador automático de GSC agrega por página sobre 35 días, todavía no hay serie diaria real con la que clasificar",,
Gabriel Iberico,Gonzalo Bueno,entidad,2,333.0,166.0,baja,SIN_DATOS_60D,"el exportador automático de GSC agrega por página sobre 35 días, todavía no hay serie diaria real con la que clasificar",,
Gabriel Iberico,victoria de alianza,entidad,2,332.0,166.0,baja,SIN_DATOS_60D,"el exportador automático de GSC agrega por página sobre 35 días, todavía no hay serie diaria real con la que clasificar",,
Gabriel Iberico,amargo empate de universitario,entidad,2,329.0,164.0,baja,SIN_DATOS_60D,"el exportador automático de GSC agrega por página sobre 35 días, todavía no hay serie diaria real con la que clasificar",,
Gabriel Iberico,prensa chilena,tema,2,327.0,164.0,baja,SIN_DATOS_60D,"el exportador automático de GSC agrega por página sobre 35 días, todavía no hay serie diaria real con la que clasificar",,
Gabriel Iberico,Renzo Garcés,entidad,2,326.0,163.0,baja,SIN_DATOS_60D,"el exportador automático de GSC agrega por página sobre 35 días, todavía no hay serie diaria real con la que clasificar",,
Gabriel Iberico,cóndor mendoza,tema,2,325.0,162.0,baja,SIN_DATOS_60D,"el exportador automático de GSC agrega por página sobre 35 días, todavía no hay serie diaria real con la que clasificar",,
Gabriel Iberico,complicado panorama,tema,2,324.0,162.0,baja,SIN_DATOS_60D,"el exportador automático de GSC agrega por página sobre 35 días, todavía no hay serie diaria real con la que clasificar",,
Gabriel Iberico,FC Magdeburgo,entidad,2,323.0,162.0,baja,SIN_DATOS_60D,"el exportador automático de GSC agrega por página sobre 35 días, todavía no hay serie diaria real con la que clasificar",,
Gabriel Iberico,Belgrano,entidad,2,322.0,161.0,baja,SIN_DATOS_60D,"el exportador automático de GSC agrega por página sobre 35 días, todavía no hay serie diaria real con la que clasificar",,
Gabriel Iberico,Kylian Mbappé,entidad,3,322.0,107.0,media,SIN_DATOS_60D,"el exportador automático de GSC agrega por página sobre 35 días, todavía no hay serie diaria real con la que clasificar",,
Gabriel Iberico,previa al duelo,tema,2,322.0,161.0,baja,SIN_DATOS_60D,"el exportador automático de GSC agrega por página sobre 35 días, todavía no hay serie diaria real con la que clasificar",,
Gabriel Iberico,Atlético Andahuaylas,entidad,3,321.0,107.0,media,SIN_DATOS_60D,"el exportador automático de GSC agrega por página sobre 35 días, todavía no hay serie diaria real con la que clasificar",,
Gabriel Iberico,prensa colombiana,tema,2,319.0,160.0,baja,SIN_DATOS_60D,"el exportador automático de GSC agrega por página sobre 35 días, todavía no hay serie diaria real con la que clasificar",,
Gabriel Iberico,universitario para enfrentar,entidad,2,319.0,160.0,baja,SIN_DATOS_60D,"el exportador automático de GSC agrega por página sobre 35 días, todavía no hay serie diaria real con la que clasificar",,
Gabriel Iberico,racha negativa,tema,2,318.0,159.0,baja,SIN_DATOS_60D,"el exportador automático de GSC agrega por página sobre 35 días, todavía no hay serie diaria real con la que clasificar",,
Gabriel Iberico,historia de los mundiales,entidad,2,315.0,158.0,baja,SIN_DATOS_60D,"el exportador automático de GSC agrega por página sobre 35 días, todavía no hay serie diaria real con la que clasificar",,
Gabriel Iberico,arremete contra williams,tema,2,309.0,154.0,baja,SIN_DATOS_60D,"el exportador automático de GSC agrega por página sobre 35 días, todavía no hay serie diaria real con la que clasificar",,
Gabriel Iberico,salida de miguel silveira,entidad,2,309.0,154.0,baja,SIN_DATOS_60D,"el exportador automático de GSC agrega por página sobre 35 días, todavía no hay serie diaria real con la que clasificar",,
Gabriel Iberico,Copa de Alemania,entidad,2,305.0,152.0,baja,SIN_DATOS_60D,"el exportador automático de GSC agrega por página sobre 35 días, todavía no hay serie diaria real con la que clasificar",,
Gabriel Iberico,atención universitario nacional,entidad,2,302.0,151.0,baja,SIN_DATOS_60D,"el exportador automático de GSC agrega por página sobre 35 días, todavía no hay serie diaria real con la que clasificar",,
Gabriel Iberico,Abdiel Ayarza,entidad,2,300.0,150.0,baja,SIN_DATOS_60D,"el exportador automático de GSC agrega por página sobre 35 días, todavía no hay serie diaria real con la que clasificar",,
Gabriel Iberico,beto da,tema,2,300.0,150.0,baja,SIN_DATOS_60D,"el exportador automático de GSC agrega por página sobre 35 días, todavía no hay serie diaria real con la que clasificar",,
Gabriel Iberico,vs universitario quién,entidad,2,300.0,150.0,baja,SIN_DATOS_60D,"el exportador automático de GSC agrega por página sobre 35 días, todavía no hay serie diaria real con la que clasificar",,
Gabriel Iberico,queda sin dt,entidad,4,299.0,75.0,media,SIN_DATOS_60D,"el exportador automático de GSC agrega por página sobre 35 días, todavía no hay serie diaria real con la que clasificar",,
Gabriel Iberico,dura crítica,tema,2,298.0,149.0,baja,SIN_DATOS_60D,"el exportador automático de GSC agrega por página sobre 35 días, todavía no hay serie diaria real con la que clasificar",,
Gabriel Iberico,seguido de cerca,tema,3,298.0,99.0,media,SIN_DATOS_60D,"el exportador automático de GSC agrega por página sobre 35 días, todavía no hay serie diaria real con la que clasificar",,
Gabriel Iberico,lima vs sporting,entidad,2,297.0,148.0,baja,SIN_DATOS_60D,"el exportador automático de GSC agrega por página sobre 35 días, todavía no hay serie diaria real con la que clasificar",,
Gabriel Iberico,Neymar,entidad,2,297.0,148.0,baja,SIN_DATOS_60D,"el exportador automático de GSC agrega por página sobre 35 días, todavía no hay serie diaria real con la que clasificar",,
Gabriel Iberico,cristal me,entidad,2,295.0,148.0,baja,SIN_DATOS_60D,"el exportador automático de GSC agrega por página sobre 35 días, todavía no hay serie diaria real con la que clasificar",,
Gabriel Iberico,inicio de la liga,entidad,2,294.0,147.0,baja,SIN_DATOS_60D,"el exportador automático de GSC agrega por página sobre 35 días, todavía no hay serie diaria real con la que clasificar",,
Gabriel Iberico,fútbol peruano,tema,2,293.0,146.0,baja,SIN_DATOS_60D,"el exportador automático de GSC agrega por página sobre 35 días, todavía no hay serie diaria real con la que clasificar",,
Gabriel Iberico,giancarlo granda,entidad,2,291.0,146.0,baja,SIN_DATOS_60D,"el exportador automático de GSC agrega por página sobre 35 días, todavía no hay serie diaria real con la que clasificar",,
Gabriel Iberico,galván arremete,tema,2,290.0,145.0,baja,SIN_DATOS_60D,"el exportador automático de GSC agrega por página sobre 35 días, todavía no hay serie diaria real con la que clasificar",,
Gabriel Iberico,Mainz,entidad,2,288.0,144.0,baja,SIN_DATOS_60D,"el exportador automático de GSC agrega por página sobre 35 días, todavía no hay serie diaria real con la que clasificar",,
Gabriel Iberico,alista universitario,tema,2,286.0,143.0,baja,SIN_DATOS_60D,"el exportador automático de GSC agrega por página sobre 35 días, todavía no hay serie diaria real con la que clasificar",,
Gabriel Iberico,universitario para el duelo,entidad,2,286.0,143.0,baja,SIN_DATOS_60D,"el exportador automático de GSC agrega por página sobre 35 días, todavía no hay serie diaria real con la que clasificar",,
Gabriel Iberico,Costa de Marfil,entidad,3,285.0,95.0,media,SIN_DATOS_60D,"el exportador automático de GSC agrega por página sobre 35 días, todavía no hay serie diaria real con la que clasificar",,
Gabriel Iberico,Fase Liga,entidad,2,285.0,142.0,baja,SIN_DATOS_60D,"el exportador automático de GSC agrega por página sobre 35 días, todavía no hay serie diaria real con la que clasificar",,
Gabriel Iberico,presentado como nuevo jugador,entidad,2,285.0,142.0,baja,SIN_DATOS_60D,"el exportador automático de GSC agrega por página sobre 35 días, todavía no hay serie diaria real con la que clasificar",,
Gabriel Iberico,modesto club,tema,2,283.0,142.0,baja,SIN_DATOS_60D,"el exportador automático de GSC agrega por página sobre 35 días, todavía no hay serie diaria real con la que clasificar",,
Gabriel Iberico,segundo amistoso,tema,2,283.0,142.0,baja,SIN_DATOS_60D,"el exportador automático de GSC agrega por página sobre 35 días, todavía no hay serie diaria real con la que clasificar",,
Gabriel Iberico,IPD,entidad,3,282.0,94.0,media,SIN_DATOS_60D,"el exportador automático de GSC agrega por página sobre 35 días, todavía no hay serie diaria real con la que clasificar",,
Gabriel Iberico,momento que atraviesa,tema,2,282.0,141.0,baja,SIN_DATOS_60D,"el exportador automático de GSC agrega por página sobre 35 días, todavía no hay serie diaria real con la que clasificar",,
Gabriel Iberico,triunfo a deportivo,tema,2,280.0,140.0,baja,SIN_DATOS_60D,"el exportador automático de GSC agrega por página sobre 35 días, todavía no hay serie diaria real con la que clasificar",,
Gabriel Iberico,Oliver Sonne,entidad,3,279.0,93.0,media,SIN_DATOS_60D,"el exportador automático de GSC agrega por página sobre 35 días, todavía no hay serie diaria real con la que clasificar",,
Gabriel Iberico,David,entidad,2,278.0,139.0,baja,SIN_DATOS_60D,"el exportador automático de GSC agrega por página sobre 35 días, todavía no hay serie diaria real con la que clasificar",,
Gabriel Iberico,Dinamo Zagreb,entidad,4,278.0,70.0,media,SIN_DATOS_60D,"el exportador automático de GSC agrega por página sobre 35 días, todavía no hay serie diaria real con la que clasificar",,
Gabriel Iberico,Croacia,entidad,2,277.0,138.0,baja,SIN_DATOS_60D,"el exportador automático de GSC agrega por página sobre 35 días, todavía no hay serie diaria real con la que clasificar",,
Gabriel Iberico,Ironi Kiryat Shmona,entidad,2,277.0,138.0,baja,SIN_DATOS_60D,"el exportador automático de GSC agrega por página sobre 35 días, todavía no hay serie diaria real con la que clasificar",,
Gabriel Iberico,jugar por la fase,entidad,2,277.0,138.0,baja,SIN_DATOS_60D,"el exportador automático de GSC agrega por página sobre 35 días, todavía no hay serie diaria real con la que clasificar",,
Gabriel Iberico,última vez,tema,2,275.0,138.0,baja,SIN_DATOS_60D,"el exportador automático de GSC agrega por página sobre 35 días, todavía no hay serie diaria real con la que clasificar",,
Gabriel Iberico,grave lesión,tema,3,273.0,91.0,media,SIN_DATOS_60D,"el exportador automático de GSC agrega por página sobre 35 días, todavía no hay serie diaria real con la que clasificar",,
Gabriel Iberico,hora y dónde,tema,2,270.0,135.0,baja,SIN_DATOS_60D,"el exportador automático de GSC agrega por página sobre 35 días, todavía no hay serie diaria real con la que clasificar",,
Gabriel Iberico,liga nos,entidad,2,269.0,134.0,baja,SIN_DATOS_60D,"el exportador automático de GSC agrega por página sobre 35 días, todavía no hay serie diaria real con la que clasificar",,
Gabriel Iberico,ganando confianza,tema,2,267.0,134.0,baja,SIN_DATOS_60D,"el exportador automático de GSC agrega por página sobre 35 días, todavía no hay serie diaria real con la que clasificar",,
Gabriel Iberico,Egipto,entidad,2,266.0,133.0,baja,SIN_DATOS_60D,"el exportador automático de GSC agrega por página sobre 35 días, todavía no hay serie diaria real con la que clasificar",,
Gabriel Iberico,Liga Distrital de Juliaca,entidad,2,266.0,133.0,baja,SIN_DATOS_60D,"el exportador automático de GSC agrega por página sobre 35 días, todavía no hay serie diaria real con la que clasificar",,
Gabriel Iberico,Rafael Guzmán,entidad,2,266.0,133.0,baja,SIN_DATOS_60D,"el exportador automático de GSC agrega por página sobre 35 días, todavía no hay serie diaria real con la que clasificar",,
Gabriel Iberico,Real Betis,entidad,2,266.0,133.0,baja,SIN_DATOS_60D,"el exportador automático de GSC agrega por página sobre 35 días, todavía no hay serie diaria real con la que clasificar",,
Gabriel Iberico,defensor sporting,entidad,3,265.0,88.0,media,SIN_DATOS_60D,"el exportador automático de GSC agrega por página sobre 35 días, todavía no hay serie diaria real con la que clasificar",,
Gabriel Iberico,Juan Pablo Goicochea,entidad,3,265.0,88.0,media,SIN_DATOS_60D,"el exportador automático de GSC agrega por página sobre 35 días, todavía no hay serie diaria real con la que clasificar",,
Gabriel Iberico,uruguay en el mundial,entidad,2,265.0,132.0,baja,SIN_DATOS_60D,"el exportador automático de GSC agrega por página sobre 35 días, todavía no hay serie diaria real con la que clasificar",,
Gabriel Iberico,lima tras ganar,tema,2,264.0,132.0,baja,SIN_DATOS_60D,"el exportador automático de GSC agrega por página sobre 35 días, todavía no hay serie diaria real con la que clasificar",,
Gabriel Iberico,eliminación en el mundial,tema,2,262.0,131.0,baja,SIN_DATOS_60D,"el exportador automático de GSC agrega por página sobre 35 días, todavía no hay serie diaria real con la que clasificar",,
Gabriel Iberico,FC Barcelona,entidad,2,262.0,131.0,baja,SIN_DATOS_60D,"el exportador automático de GSC agrega por página sobre 35 días, todavía no hay serie diaria real con la que clasificar",,
Gabriel Iberico,primer título,tema,3,258.0,86.0,media,SIN_DATOS_60D,"el exportador automático de GSC agrega por página sobre 35 días, todavía no hay serie diaria real con la que clasificar",,
Gabriel Iberico,estilo de juego,tema,2,256.0,128.0,baja,SIN_DATOS_60D,"el exportador automático de GSC agrega por página sobre 35 días, todavía no hay serie diaria real con la que clasificar",,
Gabriel Iberico,Kings World Cup Nations,entidad,2,256.0,128.0,baja,SIN_DATOS_60D,"el exportador automático de GSC agrega por página sobre 35 días, todavía no hay serie diaria real con la que clasificar",,
Gabriel Iberico,Universitario Estoy,entidad,2,256.0,128.0,baja,SIN_DATOS_60D,"el exportador automático de GSC agrega por página sobre 35 días, todavía no hay serie diaria real con la que clasificar",,
Gabriel Iberico,anunciado como nuevo refuerzo,tema,2,254.0,127.0,baja,SIN_DATOS_60D,"el exportador automático de GSC agrega por página sobre 35 días, todavía no hay serie diaria real con la que clasificar",,
Gabriel Iberico,polémica en el gallardo,tema,2,254.0,127.0,baja,SIN_DATOS_60D,"el exportador automático de GSC agrega por página sobre 35 días, todavía no hay serie diaria real con la que clasificar",,
Gabriel Iberico,picante dardo,tema,2,253.0,126.0,baja,SIN_DATOS_60D,"el exportador automático de GSC agrega por página sobre 35 días, todavía no hay serie diaria real con la que clasificar",,
Gabriel Iberico,victoria de corinthians,entidad,2,251.0,126.0,baja,SIN_DATOS_60D,"el exportador automático de GSC agrega por página sobre 35 días, todavía no hay serie diaria real con la que clasificar",,
Gabriel Iberico,Erick Noriega Gremio,entidad,2,250.0,125.0,baja,SIN_DATOS_60D,"el exportador automático de GSC agrega por página sobre 35 días, todavía no hay serie diaria real con la que clasificar",,
Gabriel Iberico,apunta contra universitario,entidad,2,249.0,124.0,baja,SIN_DATOS_60D,"el exportador automático de GSC agrega por página sobre 35 días, todavía no hay serie diaria real con la que clasificar",,
Gabriel Iberico,darle el triunfo,tema,2,248.0,124.0,baja,SIN_DATOS_60D,"el exportador automático de GSC agrega por página sobre 35 días, todavía no hay serie diaria real con la que clasificar",,
Gabriel Iberico,Belice,entidad,2,247.0,124.0,baja,SIN_DATOS_60D,"el exportador automático de GSC agrega por página sobre 35 días, todavía no hay serie diaria real con la que clasificar",,
Gabriel Iberico,Martín Dall Orso,entidad,2,247.0,124.0,baja,SIN_DATOS_60D,"el exportador automático de GSC agrega por página sobre 35 días, todavía no hay serie diaria real con la que clasificar",,
Gabriel Iberico,clásico rival,tema,2,242.0,121.0,baja,SIN_DATOS_60D,"el exportador automático de GSC agrega por página sobre 35 días, todavía no hay serie diaria real con la que clasificar",,
Gabriel Iberico,fecha en la liga,entidad,2,241.0,120.0,baja,SIN_DATOS_60D,"el exportador automático de GSC agrega por página sobre 35 días, todavía no hay serie diaria real con la que clasificar",,
Gabriel Iberico,claudio pizarro,tema,2,238.0,119.0,baja,SIN_DATOS_60D,"el exportador automático de GSC agrega por página sobre 35 días, todavía no hay serie diaria real con la que clasificar",,
Gabriel Iberico,rinde ante felipe,tema,2,238.0,119.0,baja,SIN_DATOS_60D,"el exportador automático de GSC agrega por página sobre 35 días, todavía no hay serie diaria real con la que clasificar",,
Gabriel Iberico,sigue firme,tema,2,238.0,119.0,baja,SIN_DATOS_60D,"el exportador automático de GSC agrega por página sobre 35 días, todavía no hay serie diaria real con la que clasificar",,
Gabriel Iberico,Rivas,entidad,2,237.0,118.0,baja,SIN_DATOS_60D,"el exportador automático de GSC agrega por página sobre 35 días, todavía no hay serie diaria real con la que clasificar",,
Gabriel Iberico,Tigre,entidad,2,237.0,118.0,baja,SIN_DATOS_60D,"el exportador automático de GSC agrega por página sobre 35 días, todavía no hay serie diaria real con la que clasificar",,
Gabriel Iberico,zona de descenso,tema,3,235.0,78.0,media,SIN_DATOS_60D,"el exportador automático de GSC agrega por página sobre 35 días, todavía no hay serie diaria real con la que clasificar",,
Gabriel Iberico,dura goleada,tema,2,234.0,117.0,baja,SIN_DATOS_60D,"el exportador automático de GSC agrega por página sobre 35 días, todavía no hay serie diaria real con la que clasificar",,
Gabriel Iberico,ferrari dispara,tema,2,233.0,116.0,baja,SIN_DATOS_60D,"el exportador automático de GSC agrega por página sobre 35 días, todavía no hay serie diaria real con la que clasificar",,
Gabriel Iberico,Jhilmar Lora,entidad,2,233.0,116.0,baja,SIN_DATOS_60D,"el exportador automático de GSC agrega por página sobre 35 días, todavía no hay serie diaria real con la que clasificar",,
Gabriel Iberico,meses fuera,tema,2,231.0,116.0,baja,SIN_DATOS_60D,"el exportador automático de GSC agrega por página sobre 35 días, todavía no hay serie diaria real con la que clasificar",,
Gabriel Iberico,Marcos López,entidad,3,229.0,76.0,media,SIN_DATOS_60D,"el exportador automático de GSC agrega por página sobre 35 días, todavía no hay serie diaria real con la que clasificar",,
Gabriel Iberico,previa del clásico,tema,2,228.0,114.0,baja,SIN_DATOS_60D,"el exportador automático de GSC agrega por página sobre 35 días, todavía no hay serie diaria real con la que clasificar",,
Gabriel Iberico,agónico empate,tema,2,227.0,114.0,baja,SIN_DATOS_60D,"el exportador automático de GSC agrega por página sobre 35 días, todavía no hay serie diaria real con la que clasificar",,
Gabriel Iberico,dos atajadas,tema,2,227.0,114.0,baja,SIN_DATOS_60D,"el exportador automático de GSC agrega por página sobre 35 días, todavía no hay serie diaria real con la que clasificar",,
Gabriel Iberico,estadio nacional,entidad,2,227.0,114.0,baja,SIN_DATOS_60D,"el exportador automático de GSC agrega por página sobre 35 días, todavía no hay serie diaria real con la que clasificar",,
Gabriel Iberico,Cúper,entidad,2,224.0,112.0,baja,SIN_DATOS_60D,"el exportador automático de GSC agrega por página sobre 35 días, todavía no hay serie diaria real con la que clasificar",,
Gabriel Iberico,estreno goleador,tema,3,224.0,75.0,media,SIN_DATOS_60D,"el exportador automático de GSC agrega por página sobre 35 días, todavía no hay serie diaria real con la que clasificar",,
Gabriel Iberico,asistencia de lujo,tema,2,221.0,110.0,baja,SIN_DATOS_60D,"el exportador automático de GSC agrega por página sobre 35 días, todavía no hay serie diaria real con la que clasificar",,
Gabriel Iberico,encienden las alarmas,tema,2,220.0,110.0,baja,SIN_DATOS_60D,"el exportador automático de GSC agrega por página sobre 35 días, todavía no hay serie diaria real con la que clasificar",,
Gabriel Iberico,grimaldo sigue,tema,2,219.0,110.0,baja,SIN_DATOS_60D,"el exportador automático de GSC agrega por página sobre 35 días, todavía no hay serie diaria real con la que clasificar",,
Gabriel Iberico,Noruega,entidad,2,218.0,109.0,baja,SIN_DATOS_60D,"el exportador automático de GSC agrega por página sobre 35 días, todavía no hay serie diaria real con la que clasificar",,
Gabriel Iberico,debut soñado,tema,2,217.0,108.0,baja,SIN_DATOS_60D,"el exportador automático de GSC agrega por página sobre 35 días, todavía no hay serie diaria real con la que clasificar",,
Gabriel Iberico,garcía arremete,tema,2,214.0,107.0,baja,SIN_DATOS_60D,"el exportador automático de GSC agrega por página sobre 35 días, todavía no hay serie diaria real con la que clasificar",,
Gabriel Iberico,estado de la lesión,tema,2,211.0,106.0,baja,SIN_DATOS_60D,"el exportador automático de GSC agrega por página sobre 35 días, todavía no hay serie diaria real con la que clasificar",,
Gabriel Iberico,loco vargas,entidad,2,207.0,104.0,baja,SIN_DATOS_60D,"el exportador automático de GSC agrega por página sobre 35 días, todavía no hay serie diaria real con la que clasificar",,
Gabriel Iberico,Conference League,entidad,3,206.0,69.0,media,SIN_DATOS_60D,"el exportador automático de GSC agrega por página sobre 35 días, todavía no hay serie diaria real con la que clasificar",,
Gabriel Iberico,Sport Huancayo II,entidad,2,203.0,102.0,baja,SIN_DATOS_60D,"el exportador automático de GSC agrega por página sobre 35 días, todavía no hay serie diaria real con la que clasificar",,
Gabriel Iberico,Europa Gil Vicente,entidad,2,202.0,101.0,baja,SIN_DATOS_60D,"el exportador automático de GSC agrega por página sobre 35 días, todavía no hay serie diaria real con la que clasificar",,
Gabriel Iberico,Haití,entidad,2,201.0,100.0,baja,SIN_DATOS_60D,"el exportador automático de GSC agrega por página sobre 35 días, todavía no hay serie diaria real con la que clasificar",,
Gabriel Iberico,playoffs de la liga,entidad,2,197.0,98.0,baja,SIN_DATOS_60D,"el exportador automático de GSC agrega por página sobre 35 días, todavía no hay serie diaria real con la que clasificar",,
Gabriel Iberico,goleada de gremio,entidad,2,194.0,97.0,baja,SIN_DATOS_60D,"el exportador automático de GSC agrega por página sobre 35 días, todavía no hay serie diaria real con la que clasificar",,
Gabriel Iberico,lidera a gil,tema,2,193.0,96.0,baja,SIN_DATOS_60D,"el exportador automático de GSC agrega por página sobre 35 días, todavía no hay serie diaria real con la que clasificar",,
Gabriel Iberico,Espérance,entidad,2,192.0,96.0,baja,SIN_DATOS_60D,"el exportador automático de GSC agrega por página sobre 35 días, todavía no hay serie diaria real con la que clasificar",,
Gabriel Iberico,Kenji Cabrera,entidad,2,191.0,96.0,baja,SIN_DATOS_60D,"el exportador automático de GSC agrega por página sobre 35 días, todavía no hay serie diaria real con la que clasificar",,
Gabriel Iberico,Vancouver Whitecaps,entidad,2,191.0,96.0,baja,SIN_DATOS_60D,"el exportador automático de GSC agrega por página sobre 35 días, todavía no hay serie diaria real con la que clasificar",,
Gabriel Iberico,noriega sigue,tema,2,189.0,94.0,baja,SIN_DATOS_60D,"el exportador automático de GSC agrega por página sobre 35 días, todavía no hay serie diaria real con la que clasificar",,
Gabriel Iberico,Liga Pro,entidad,2,186.0,93.0,baja,SIN_DATOS_60D,"el exportador automático de GSC agrega por página sobre 35 días, todavía no hay serie diaria real con la que clasificar",,
Gabriel Iberico,Nassr,entidad,3,185.0,62.0,media,SIN_DATOS_60D,"el exportador automático de GSC agrega por página sobre 35 días, todavía no hay serie diaria real con la que clasificar",,
Gabriel Iberico,Rodina Moscú,entidad,3,185.0,62.0,media,SIN_DATOS_60D,"el exportador automático de GSC agrega por página sobre 35 días, todavía no hay serie diaria real con la que clasificar",,
Gabriel Iberico,Yordy Reyna,entidad,3,185.0,62.0,media,SIN_DATOS_60D,"el exportador automático de GSC agrega por página sobre 35 días, todavía no hay serie diaria real con la que clasificar",,
Gabriel Iberico,Sebastián Aranda,entidad,2,178.0,89.0,baja,SIN_DATOS_60D,"el exportador automático de GSC agrega por página sobre 35 días, todavía no hay serie diaria real con la que clasificar",,
Gabriel Iberico,orgullo peruano,tema,2,176.0,88.0,baja,SIN_DATOS_60D,"el exportador automático de GSC agrega por página sobre 35 días, todavía no hay serie diaria real con la que clasificar",,
Gabriel Iberico,Copenhague,entidad,2,170.0,85.0,baja,SIN_DATOS_60D,"el exportador automático de GSC agrega por página sobre 35 días, todavía no hay serie diaria real con la que clasificar",,
Gabriel Iberico,paso del ascenso,tema,2,163.0,82.0,baja,SIN_DATOS_60D,"el exportador automático de GSC agrega por página sobre 35 días, todavía no hay serie diaria real con la que clasificar",,
Gabriel Iberico,victoria de fc,entidad,2,161.0,80.0,baja,SIN_DATOS_60D,"el exportador automático de GSC agrega por página sobre 35 días, todavía no hay serie diaria real con la que clasificar",,
Gabriel Iberico,sigue ganando,tema,2,156.0,78.0,baja,SIN_DATOS_60D,"el exportador automático de GSC agrega por página sobre 35 días, todavía no hay serie diaria real con la que clasificar",,
Gabriel Iberico,presidente del ipd,entidad,2,143.0,72.0,baja,SIN_DATOS_60D,"el exportador automático de GSC agrega por página sobre 35 días, todavía no hay serie diaria real con la que clasificar",,
Gabriel Iberico,Wasl,entidad,2,143.0,72.0,baja,SIN_DATOS_60D,"el exportador automático de GSC agrega por página sobre 35 días, todavía no hay serie diaria real con la que clasificar",,
Gabriel Iberico,baño de ruda,tema,2,142.0,71.0,baja,SIN_DATOS_60D,"el exportador automático de GSC agrega por página sobre 35 días, todavía no hay serie diaria real con la que clasificar",,
Gabriel Iberico,anunciado como nuevo jugador,tema,2,141.0,70.0,baja,SIN_DATOS_60D,"el exportador automático de GSC agrega por página sobre 35 días, todavía no hay serie diaria real con la que clasificar",,
Gabriel Iberico,Vegas,entidad,2,137.0,68.0,baja,SIN_DATOS_60D,"el exportador automático de GSC agrega por página sobre 35 días, todavía no hay serie diaria real con la que clasificar",,
Gabriel Iberico,luce con asistencia,tema,2,135.0,68.0,baja,SIN_DATOS_60D,"el exportador automático de GSC agrega por página sobre 35 días, todavía no hay serie diaria real con la que clasificar",,
Gabriel Iberico,atención perú méxico,entidad,2,134.0,67.0,baja,SIN_DATOS_60D,"el exportador automático de GSC agrega por página sobre 35 días, todavía no hay serie diaria real con la que clasificar",,
Gabriel Iberico,descenso erick,tema,2,131.0,66.0,baja,SIN_DATOS_60D,"el exportador automático de GSC agrega por página sobre 35 días, todavía no hay serie diaria real con la que clasificar",,
Gabriel Iberico,Gastón Bolaños,entidad,2,129.0,64.0,baja,SIN_DATOS_60D,"el exportador automático de GSC agrega por página sobre 35 días, todavía no hay serie diaria real con la que clasificar",,
Gabriel Iberico,Premier League de Rusia,entidad,2,125.0,62.0,baja,SIN_DATOS_60D,"el exportador automático de GSC agrega por página sobre 35 días, todavía no hay serie diaria real con la que clasificar",,
Gabriel Iberico,pronóstico y cuándo,tema,2,117.0,58.0,baja,SIN_DATOS_60D,"el exportador automático de GSC agrega por página sobre 35 días, todavía no hay serie diaria real con la que clasificar",,
Gabriel Iberico,Renato Espinosa,entidad,2,111.0,56.0,baja,SIN_DATOS_60D,"el exportador automático de GSC agrega por página sobre 35 días, todavía no hay serie diaria real con la que clasificar",,
Gabriel Iberico,Unirea Slobozia,entidad,2,111.0,56.0,baja,SIN_DATOS_60D,"el exportador automático de GSC agrega por página sobre 35 días, todavía no hay serie diaria real con la que clasificar",,
Gabriel Iberico,lujo wilder,tema,2,109.0,54.0,baja,SIN_DATOS_60D,"el exportador automático de GSC agrega por página sobre 35 días, todavía no hay serie diaria real con la que clasificar",,
Gabriel Iberico,Orlando City,entidad,2,109.0,54.0,baja,SIN_DATOS_60D,"el exportador automático de GSC agrega por página sobre 35 días, todavía no hay serie diaria real con la que clasificar",,
Gabriel Iberico,colombia vs,entidad,2,107.0,54.0,baja,SIN_DATOS_60D,"el exportador automático de GSC agrega por página sobre 35 días, todavía no hay serie diaria real con la que clasificar",,
Gabriel Iberico,Jean Pierre Rhyner Vizela,entidad,2,96.0,48.0,baja,SIN_DATOS_60D,"el exportador automático de GSC agrega por página sobre 35 días, todavía no hay serie diaria real con la que clasificar",,
Gabriel Iberico,complica sus aspiraciones,tema,2,95.0,48.0,baja,SIN_DATOS_60D,"el exportador automático de GSC agrega por página sobre 35 días, todavía no hay serie diaria real con la que clasificar",,
Gabriel Iberico,tropieza y complica,tema,2,95.0,48.0,baja,SIN_DATOS_60D,"el exportador automático de GSC agrega por página sobre 35 días, todavía no hay serie diaria real con la que clasificar",,
Gabriel Iberico,Rusia,entidad,2,92.0,46.0,baja,SIN_DATOS_60D,"el exportador automático de GSC agrega por página sobre 35 días, todavía no hay serie diaria real con la que clasificar",,
Gabriel Iberico,EFL League One,entidad,2,71.0,36.0,baja,SIN_DATOS_60D,"el exportador automático de GSC agrega por página sobre 35 días, todavía no hay serie diaria real con la que clasificar",,
Gabriel Rey,Alianza Lima,entidad,122,84029.0,689.0,alta,SIN_DATOS_60D,"el exportador automático de GSC agrega por página sobre 35 días, todavía no hay serie diaria real con la que clasificar",,
Gabriel Rey,Sporting Cristal,entidad,61,63945.0,1048.0,alta,SIN_DATOS_60D,"el exportador automático de GSC agrega por página sobre 35 días, todavía no hay serie diaria real con la que clasificar",,
Gabriel Rey,fecha del torneo,entidad,51,51240.0,1005.0,alta,SIN_DATOS_60D,"el exportador automático de GSC agrega por página sobre 35 días, todavía no hay serie diaria real con la que clasificar",,
Gabriel Rey,Universitario,entidad,81,45164.0,558.0,alta,SIN_DATOS_60D,"el exportador automático de GSC agrega por página sobre 35 días, todavía no hay serie diaria real con la que clasificar",,
Gabriel Rey,jugarán los partidos,tema,21,37686.0,1795.0,alta,SIN_DATOS_60D,"el exportador automático de GSC agrega por página sobre 35 días, todavía no hay serie diaria real con la que clasificar",,
Gabriel Rey,liga peruana,entidad,22,35246.0,1602.0,alta,SIN_DATOS_60D,"el exportador automático de GSC agrega por página sobre 35 días, todavía no hay serie diaria real con la que clasificar",,
Gabriel Rey,posiciones de la fecha,tema,27,35067.0,1299.0,alta,SIN_DATOS_60D,"el exportador automático de GSC agrega por página sobre 35 días, todavía no hay serie diaria real con la que clasificar",,
Gabriel Rey,Torneo Apertura,entidad,30,34945.0,1165.0,alta,SIN_DATOS_60D,"el exportador automático de GSC agrega por página sobre 35 días, todavía no hay serie diaria real con la que clasificar",,
Gabriel Rey,fecha del torneo clausura,entidad,28,33021.0,1179.0,alta,SIN_DATOS_60D,"el exportador automático de GSC agrega por página sobre 35 días, todavía no hay serie diaria real con la que clasificar",,
Gabriel Rey,Torneo Clausura,entidad,26,32664.0,1256.0,alta,SIN_DATOS_60D,"el exportador automático de GSC agrega por página sobre 35 días, todavía no hay serie diaria real con la que clasificar",,
Gabriel Rey,Fase,entidad,23,31446.0,1367.0,alta,SIN_DATOS_60D,"el exportador automático de GSC agrega por página sobre 35 días, todavía no hay serie diaria real con la que clasificar",,
Gabriel Rey,Liga Femenina,entidad,28,28872.0,1031.0,alta,SIN_DATOS_60D,"el exportador automático de GSC agrega por página sobre 35 días, todavía no hay serie diaria real con la que clasificar",,
Gabriel Rey,fecha de la fase,entidad,25,28059.0,1122.0,alta,SIN_DATOS_60D,"el exportador automático de GSC agrega por página sobre 35 días, todavía no hay serie diaria real con la que clasificar",,
Gabriel Rey,Sudamericano,entidad,7,27188.0,3884.0,media,SIN_DATOS_60D,"el exportador automático de GSC agrega por página sobre 35 días, todavía no hay serie diaria real con la que clasificar",,
Gabriel Rey,partidos de la fecha,tema,24,26517.0,1105.0,alta,SIN_DATOS_60D,"el exportador automático de GSC agrega por página sobre 35 días, todavía no hay serie diaria real con la que clasificar",,
Gabriel Rey,DT,entidad,5,25153.0,5031.0,media,SIN_DATOS_60D,"el exportador automático de GSC agrega por página sobre 35 días, todavía no hay serie diaria real con la que clasificar",,
Gabriel Rey,Paulo Autuori,entidad,3,24689.0,8230.0,media,SIN_DATOS_60D,"el exportador automático de GSC agrega por página sobre 35 días, todavía no hay serie diaria real con la que clasificar",,
Gabriel Rey,clubes de vóley,entidad,3,24328.0,8109.0,media,SIN_DATOS_60D,"el exportador automático de GSC agrega por página sobre 35 días, todavía no hay serie diaria real con la que clasificar",,
Gabriel Rey,Universitario de Deportes,entidad,25,22702.0,908.0,alta,SIN_DATOS_60D,"el exportador automático de GSC agrega por página sobre 35 días, todavía no hay serie diaria real con la que clasificar",,
Gabriel Rey,tabla de posiciones,tema,26,22563.0,868.0,alta,SIN_DATOS_60D,"el exportador automático de GSC agrega por página sobre 35 días, todavía no hay serie diaria real con la que clasificar",,
Gabriel Rey,vóley cómo se jugarán,entidad,2,21967.0,10984.0,baja,SIN_DATOS_60D,"el exportador automático de GSC agrega por página sobre 35 días, todavía no hay serie diaria real con la que clasificar",,
Gabriel Rey,resultados y tabla,entidad,16,19937.0,1246.0,alta,SIN_DATOS_60D,"el exportador automático de GSC agrega por página sobre 35 días, todavía no hay serie diaria real con la que clasificar",,
Gabriel Rey,Copa de la Liga,entidad,17,19594.0,1153.0,alta,SIN_DATOS_60D,"el exportador automático de GSC agrega por página sobre 35 días, todavía no hay serie diaria real con la que clasificar",,
Gabriel Rey,liga resultados,entidad,18,18719.0,1040.0,alta,SIN_DATOS_60D,"el exportador automático de GSC agrega por página sobre 35 días, todavía no hay serie diaria real con la que clasificar",,
Gabriel Rey,fecha del torneo apertura,entidad,22,18152.0,825.0,alta,SIN_DATOS_60D,"el exportador automático de GSC agrega por página sobre 35 días, todavía no hay serie diaria real con la que clasificar",,
Gabriel Rey,resultados y tablas,entidad,13,15795.0,1215.0,alta,SIN_DATOS_60D,"el exportador automático de GSC agrega por página sobre 35 días, todavía no hay serie diaria real con la que clasificar",,
Gabriel Rey,tablas de posiciones,tema,12,15403.0,1284.0,alta,SIN_DATOS_60D,"el exportador automático de GSC agrega por página sobre 35 días, todavía no hay serie diaria real con la que clasificar",,
Gabriel Rey,San Martín,entidad,11,15357.0,1396.0,alta,SIN_DATOS_60D,"el exportador automático de GSC agrega por página sobre 35 días, todavía no hay serie diaria real con la que clasificar",,
Gabriel Rey,elecciones generales,tema,9,14081.0,1565.0,media,SIN_DATOS_60D,"el exportador automático de GSC agrega por página sobre 35 días, todavía no hay serie diaria real con la que clasificar",,
Gabriel Rey,resultados de los partidos,tema,12,14007.0,1167.0,alta,SIN_DATOS_60D,"el exportador automático de GSC agrega por página sobre 35 días, todavía no hay serie diaria real con la que clasificar",,
Gabriel Rey,cuartos de final,tema,11,13548.0,1232.0,alta,SIN_DATOS_60D,"el exportador automático de GSC agrega por página sobre 35 días, todavía no hay serie diaria real con la que clasificar",,
Gabriel Rey,Cusco FC,entidad,20,13460.0,673.0,alta,SIN_DATOS_60D,"el exportador automático de GSC agrega por página sobre 35 días, todavía no hay serie diaria real con la que clasificar",,
Gabriel Rey,Clausura,entidad,16,13186.0,824.0,alta,SIN_DATOS_60D,"el exportador automático de GSC agrega por página sobre 35 días, todavía no hay serie diaria real con la que clasificar",,
Gabriel Rey,Copa Libertadores,entidad,33,13142.0,398.0,alta,SIN_DATOS_60D,"el exportador automático de GSC agrega por página sobre 35 días, todavía no hay serie diaria real con la que clasificar",,
Gabriel Rey,sorteo del fixture,tema,3,12727.0,4242.0,media,SIN_DATOS_60D,"el exportador automático de GSC agrega por página sobre 35 días, todavía no hay serie diaria real con la que clasificar",,
Gabriel Rey,Sport Boys,entidad,21,12720.0,606.0,alta,SIN_DATOS_60D,"el exportador automático de GSC agrega por página sobre 35 días, todavía no hay serie diaria real con la que clasificar",,
Gabriel Rey,Acumulada de la Liga,entidad,4,12638.0,3160.0,media,SIN_DATOS_60D,"el exportador automático de GSC agrega por página sobre 35 días, todavía no hay serie diaria real con la que clasificar",,
Gabriel Rey,jugarse la fecha,tema,4,12638.0,3160.0,media,SIN_DATOS_60D,"el exportador automático de GSC agrega por página sobre 35 días, todavía no hay serie diaria real con la que clasificar",,
Gabriel Rey,liga tras jugarse,entidad,4,12638.0,3160.0,media,SIN_DATOS_60D,"el exportador automático de GSC agrega por página sobre 35 días, todavía no hay serie diaria real con la que clasificar",,
Gabriel Rey,tabla acumulada,tema,4,12638.0,3160.0,media,SIN_DATOS_60D,"el exportador automático de GSC agrega por página sobre 35 días, todavía no hay serie diaria real con la que clasificar",,
Gabriel Rey,ONPE,entidad,8,12553.0,1569.0,media,SIN_DATOS_60D,"el exportador automático de GSC agrega por página sobre 35 días, todavía no hay serie diaria real con la que clasificar",,
Gabriel Rey,segunda vuelta,tema,8,11921.0,1490.0,media,SIN_DATOS_60D,"el exportador automático de GSC agrega por página sobre 35 días, todavía no hay serie diaria real con la que clasificar",,
Gabriel Rey,copa perú resultados,entidad,16,11589.0,724.0,alta,SIN_DATOS_60D,"el exportador automático de GSC agrega por página sobre 35 días, todavía no hay serie diaria real con la que clasificar",,
Gabriel Rey,Huancayo,entidad,2,11337.0,5668.0,baja,SIN_DATOS_60D,"el exportador automático de GSC agrega por página sobre 35 días, todavía no hay serie diaria real con la que clasificar",,
Gabriel Rey,Deportivo Garcilaso,entidad,15,11317.0,754.0,alta,SIN_DATOS_60D,"el exportador automático de GSC agrega por página sobre 35 días, todavía no hay serie diaria real con la que clasificar",,
Gabriel Rey,Chankas,entidad,15,11273.0,752.0,alta,SIN_DATOS_60D,"el exportador automático de GSC agrega por página sobre 35 días, todavía no hay serie diaria real con la que clasificar",,
Gabriel Rey,Selección Peruana,entidad,28,11227.0,401.0,alta,SIN_DATOS_60D,"el exportador automático de GSC agrega por página sobre 35 días, todavía no hay serie diaria real con la que clasificar",,
Gabriel Rey,fase de grupos,entidad,22,11026.0,501.0,alta,SIN_DATOS_60D,"el exportador automático de GSC agrega por página sobre 35 días, todavía no hay serie diaria real con la que clasificar",,
Gabriel Rey,femenina resultados,tema,4,10508.0,2627.0,media,SIN_DATOS_60D,"el exportador automático de GSC agrega por página sobre 35 días, todavía no hay serie diaria real con la que clasificar",,
Gabriel Rey,final de la copa,entidad,6,10482.0,1747.0,media,SIN_DATOS_60D,"el exportador automático de GSC agrega por página sobre 35 días, todavía no hay serie diaria real con la que clasificar",,
Gabriel Rey,liga cómo se jugarán,entidad,10,10372.0,1037.0,alta,SIN_DATOS_60D,"el exportador automático de GSC agrega por página sobre 35 días, todavía no hay serie diaria real con la que clasificar",,
Gabriel Rey,generales resultados,tema,6,10062.0,1677.0,media,SIN_DATOS_60D,"el exportador automático de GSC agrega por página sobre 35 días, todavía no hay serie diaria real con la que clasificar",,
Gabriel Rey,Keiko Fujimori y Roberto Sánchez,entidad,6,10062.0,1677.0,media,SIN_DATOS_60D,"el exportador automático de GSC agrega por página sobre 35 días, todavía no hay serie diaria real con la que clasificar",,
Gabriel Rey,resultados de la onpe,entidad,6,10062.0,1677.0,media,SIN_DATOS_60D,"el exportador automático de GSC agrega por página sobre 35 días, todavía no hay serie diaria real con la que clasificar",,
Gabriel Rey,vuelta presidencial,tema,6,10062.0,1677.0,media,SIN_DATOS_60D,"el exportador automático de GSC agrega por página sobre 35 días, todavía no hay serie diaria real con la que clasificar",,
Gabriel Rey,liga resultados y tabla,entidad,10,9875.0,988.0,alta,SIN_DATOS_60D,"el exportador automático de GSC agrega por página sobre 35 días, todavía no hay serie diaria real con la que clasificar",,
Gabriel Rey,final de la liga,entidad,6,9757.0,1626.0,media,SIN_DATOS_60D,"el exportador automático de GSC agrega por página sobre 35 días, todavía no hay serie diaria real con la que clasificar",,
Gabriel Rey,Fase Regional,entidad,9,9669.0,1074.0,media,SIN_DATOS_60D,"el exportador automático de GSC agrega por página sobre 35 días, todavía no hay serie diaria real con la que clasificar",,
Gabriel Rey,liga femenina resultados,entidad,3,9092.0,3031.0,media,SIN_DATOS_60D,"el exportador automático de GSC agrega por página sobre 35 días, todavía no hay serie diaria real con la que clasificar",,
Gabriel Rey,Cienciano,entidad,19,9064.0,477.0,alta,SIN_DATOS_60D,"el exportador automático de GSC agrega por página sobre 35 días, todavía no hay serie diaria real con la que clasificar",,
Gabriel Rey,fase final,entidad,5,8956.0,1791.0,media,SIN_DATOS_60D,"el exportador automático de GSC agrega por página sobre 35 días, todavía no hay serie diaria real con la que clasificar",,
Gabriel Rey,liga resultados y tablas,entidad,8,8844.0,1106.0,media,SIN_DATOS_60D,"el exportador automático de GSC agrega por página sobre 35 días, todavía no hay serie diaria real con la que clasificar",,
Gabriel Rey,ADT,entidad,12,8832.0,736.0,alta,SIN_DATOS_60D,"el exportador automático de GSC agrega por página sobre 35 días, todavía no hay serie diaria real con la que clasificar",,
Gabriel Rey,UTC,entidad,13,8751.0,673.0,alta,SIN_DATOS_60D,"el exportador automático de GSC agrega por página sobre 35 días, todavía no hay serie diaria real con la que clasificar",,
Gabriel Rey,Alianza Atlético,entidad,16,8746.0,547.0,alta,SIN_DATOS_60D,"el exportador automático de GSC agrega por página sobre 35 días, todavía no hay serie diaria real con la que clasificar",,
Gabriel Rey,femenina resultados y tabla,tema,3,8698.0,2899.0,media,SIN_DATOS_60D,"el exportador automático de GSC agrega por página sobre 35 días, todavía no hay serie diaria real con la que clasificar",,
Gabriel Rey,Tradición Copera,entidad,4,8504.0,2126.0,media,SIN_DATOS_60D,"el exportador automático de GSC agrega por página sobre 35 días, todavía no hay serie diaria real con la que clasificar",,
Gabriel Rey,Libertadores,entidad,9,7829.0,870.0,media,SIN_DATOS_60D,"el exportador automático de GSC agrega por página sobre 35 días, todavía no hay serie diaria real con la que clasificar",,
Gabriel Rey,tablas y resultados,tema,3,7766.0,2589.0,media,SIN_DATOS_60D,"el exportador automático de GSC agrega por página sobre 35 días, todavía no hay serie diaria real con la que clasificar",,
Gabriel Rey,Torneo Clausura de la Liga,entidad,16,7730.0,483.0,alta,SIN_DATOS_60D,"el exportador automático de GSC agrega por página sobre 35 días, todavía no hay serie diaria real con la que clasificar",,
Gabriel Rey,Grupo,entidad,12,7572.0,631.0,alta,SIN_DATOS_60D,"el exportador automático de GSC agrega por página sobre 35 días, todavía no hay serie diaria real con la que clasificar",,
Gabriel Rey,Carlos Mannucci,entidad,13,7388.0,568.0,alta,SIN_DATOS_60D,"el exportador automático de GSC agrega por página sobre 35 días, todavía no hay serie diaria real con la que clasificar",,
Gabriel Rey,FBC Melgar,entidad,11,7366.0,670.0,alta,SIN_DATOS_60D,"el exportador automático de GSC agrega por página sobre 35 días, todavía no hay serie diaria real con la que clasificar",,
Gabriel Rey,Etapa Nacional,entidad,4,6890.0,1722.0,media,SIN_DATOS_60D,"el exportador automático de GSC agrega por página sobre 35 días, todavía no hay serie diaria real con la que clasificar",,
Gabriel Rey,Pablo Guede,entidad,13,6784.0,522.0,alta,SIN_DATOS_60D,"el exportador automático de GSC agrega por página sobre 35 días, todavía no hay serie diaria real con la que clasificar",,
Gabriel Rey,Juan Pablo II,entidad,18,6709.0,373.0,alta,SIN_DATOS_60D,"el exportador automático de GSC agrega por página sobre 35 días, todavía no hay serie diaria real con la que clasificar",,
Gabriel Rey,Apertura,entidad,9,6666.0,741.0,media,SIN_DATOS_60D,"el exportador automático de GSC agrega por página sobre 35 días, todavía no hay serie diaria real con la que clasificar",,
Gabriel Rey,Paraguay,entidad,3,6554.0,2185.0,media,SIN_DATOS_60D,"el exportador automático de GSC agrega por página sobre 35 días, todavía no hay serie diaria real con la que clasificar",,
Gabriel Rey,Brasil,entidad,9,6334.0,704.0,media,SIN_DATOS_60D,"el exportador automático de GSC agrega por página sobre 35 días, todavía no hay serie diaria real con la que clasificar",,
Gabriel Rey,dio el triunfo,tema,2,6290.0,3145.0,baja,SIN_DATOS_60D,"el exportador automático de GSC agrega por página sobre 35 días, todavía no hay serie diaria real con la que clasificar",,
Gabriel Rey,Hernán Barcos,entidad,9,6021.0,669.0,media,SIN_DATOS_60D,"el exportador automático de GSC agrega por página sobre 35 días, todavía no hay serie diaria real con la que clasificar",,
Gabriel Rey,César Inga,entidad,2,5971.0,2986.0,baja,SIN_DATOS_60D,"el exportador automático de GSC agrega por página sobre 35 días, todavía no hay serie diaria real con la que clasificar",,
Gabriel Rey,Kansas City,entidad,2,5971.0,2986.0,baja,SIN_DATOS_60D,"el exportador automático de GSC agrega por página sobre 35 días, todavía no hay serie diaria real con la que clasificar",,
Gabriel Rey,fecha de la etapa,tema,2,5919.0,2960.0,baja,SIN_DATOS_60D,"el exportador automático de GSC agrega por página sobre 35 días, todavía no hay serie diaria real con la que clasificar",,
Gabriel Rey,Sport Huancayo,entidad,12,5732.0,478.0,alta,SIN_DATOS_60D,"el exportador automático de GSC agrega por página sobre 35 días, todavía no hay serie diaria real con la que clasificar",,
Gabriel Rey,boleto a las semifinales,tema,2,5674.0,2837.0,baja,SIN_DATOS_60D,"el exportador automático de GSC agrega por página sobre 35 días, todavía no hay serie diaria real con la que clasificar",,
Gabriel Rey,resultados de la fecha,tema,14,5609.0,401.0,alta,SIN_DATOS_60D,"el exportador automático de GSC agrega por página sobre 35 días, todavía no hay serie diaria real con la que clasificar",,
Gabriel Rey,Pedro Aquino,entidad,6,5573.0,929.0,media,SIN_DATOS_60D,"el exportador automático de GSC agrega por página sobre 35 días, todavía no hay serie diaria real con la que clasificar",,
Gabriel Rey,FC Cajamarca,entidad,10,5545.0,554.0,alta,SIN_DATOS_60D,"el exportador automático de GSC agrega por página sobre 35 días, todavía no hay serie diaria real con la que clasificar",,
Gabriel Rey,fútbol peruano,tema,8,5524.0,690.0,media,SIN_DATOS_60D,"el exportador automático de GSC agrega por página sobre 35 días, todavía no hay serie diaria real con la que clasificar",,
Gabriel Rey,Atlético Atenea,entidad,3,5522.0,1841.0,media,SIN_DATOS_60D,"el exportador automático de GSC agrega por página sobre 35 días, todavía no hay serie diaria real con la que clasificar",,
Gabriel Rey,recta final,tema,2,5413.0,2706.0,baja,SIN_DATOS_60D,"el exportador automático de GSC agrega por página sobre 35 días, todavía no hay serie diaria real con la que clasificar",,
Gabriel Rey,Deportivo Géminis,entidad,2,5409.0,2704.0,baja,SIN_DATOS_60D,"el exportador automático de GSC agrega por página sobre 35 días, todavía no hay serie diaria real con la que clasificar",,
Gabriel Rey,cuándo vuelve,tema,12,5370.0,448.0,alta,SIN_DATOS_60D,"el exportador automático de GSC agrega por página sobre 35 días, todavía no hay serie diaria real con la que clasificar",,
Gabriel Rey,Noche Blanquiazul,entidad,5,5304.0,1061.0,media,SIN_DATOS_60D,"el exportador automático de GSC agrega por página sobre 35 días, todavía no hay serie diaria real con la que clasificar",,
Gabriel Rey,Chile,entidad,4,5240.0,1310.0,media,SIN_DATOS_60D,"el exportador automático de GSC agrega por página sobre 35 días, todavía no hay serie diaria real con la que clasificar",,
Gabriel Rey,Melgar,entidad,6,5168.0,861.0,media,SIN_DATOS_60D,"el exportador automático de GSC agrega por página sobre 35 días, todavía no hay serie diaria real con la que clasificar",,
Gabriel Rey,Atlético Grau,entidad,11,5055.0,460.0,alta,SIN_DATOS_60D,"el exportador automático de GSC agrega por página sobre 35 días, todavía no hay serie diaria real con la que clasificar",,
Gabriel Rey,Selección Peruana Sub,entidad,2,4962.0,2481.0,baja,SIN_DATOS_60D,"el exportador automático de GSC agrega por página sobre 35 días, todavía no hay serie diaria real con la que clasificar",,
Gabriel Rey,Torneo Apertura de la Liga,entidad,12,4913.0,409.0,alta,SIN_DATOS_60D,"el exportador automático de GSC agrega por página sobre 35 días, todavía no hay serie diaria real con la que clasificar",,
Gabriel Rey,nuevo entrenador,tema,7,4729.0,676.0,media,SIN_DATOS_60D,"el exportador automático de GSC agrega por página sobre 35 días, todavía no hay serie diaria real con la que clasificar",,
Gabriel Rey,Liga de Naciones Femenina,entidad,3,4685.0,1562.0,media,SIN_DATOS_60D,"el exportador automático de GSC agrega por página sobre 35 días, todavía no hay serie diaria real con la que clasificar",,
Gabriel Rey,posibles alineaciones,entidad,12,4601.0,383.0,alta,SIN_DATOS_60D,"el exportador automático de GSC agrega por página sobre 35 días, todavía no hay serie diaria real con la que clasificar",,
Gabriel Rey,Regatas Lima,entidad,3,4566.0,1522.0,media,SIN_DATOS_60D,"el exportador automático de GSC agrega por página sobre 35 días, todavía no hay serie diaria real con la que clasificar",,
Gabriel Rey,Unión Comercio,entidad,8,4486.0,561.0,media,SIN_DATOS_60D,"el exportador automático de GSC agrega por página sobre 35 días, todavía no hay serie diaria real con la que clasificar",,
Gabriel Rey,Juegos Suramericanos Santa Fe,entidad,2,4312.0,2156.0,baja,SIN_DATOS_60D,"el exportador automático de GSC agrega por página sobre 35 días, todavía no hay serie diaria real con la que clasificar",,
Gabriel Rey,vos de final,tema,6,4252.0,709.0,media,SIN_DATOS_60D,"el exportador automático de GSC agrega por página sobre 35 días, todavía no hay serie diaria real con la que clasificar",,
Gabriel Rey,superar a atlético,tema,2,4224.0,2112.0,baja,SIN_DATOS_60D,"el exportador automático de GSC agrega por página sobre 35 días, todavía no hay serie diaria real con la que clasificar",,
Gabriel Rey,Mano Menezes,entidad,14,4222.0,302.0,alta,SIN_DATOS_60D,"el exportador automático de GSC agrega por página sobre 35 días, todavía no hay serie diaria real con la que clasificar",,
Gabriel Rey,probables alineaciones,entidad,9,4213.0,468.0,media,SIN_DATOS_60D,"el exportador automático de GSC agrega por página sobre 35 días, todavía no hay serie diaria real con la que clasificar",,
Gabriel Rey,Felipe Vizeu,entidad,7,4200.0,600.0,media,SIN_DATOS_60D,"el exportador automático de GSC agrega por página sobre 35 días, todavía no hay serie diaria real con la que clasificar",,
Gabriel Rey,Plata,entidad,2,3982.0,1991.0,baja,SIN_DATOS_60D,"el exportador automático de GSC agrega por página sobre 35 días, todavía no hay serie diaria real con la que clasificar",,
Gabriel Rey,serie río,entidad,2,3982.0,1991.0,baja,SIN_DATOS_60D,"el exportador automático de GSC agrega por página sobre 35 días, todavía no hay serie diaria real con la que clasificar",,
Gabriel Rey,Universidad San Martín,entidad,6,3967.0,661.0,media,SIN_DATOS_60D,"el exportador automático de GSC agrega por página sobre 35 días, todavía no hay serie diaria real con la que clasificar",,
Gabriel Rey,fecha de la liga,entidad,7,3956.0,565.0,media,SIN_DATOS_60D,"el exportador automático de GSC agrega por página sobre 35 días, todavía no hay serie diaria real con la que clasificar",,
Gabriel Rey,canal confirmado,tema,2,3929.0,1964.0,baja,SIN_DATOS_60D,"el exportador automático de GSC agrega por página sobre 35 días, todavía no hay serie diaria real con la que clasificar",,
Gabriel Rey,confirmado para el partido,tema,2,3929.0,1964.0,baja,SIN_DATOS_60D,"el exportador automático de GSC agrega por página sobre 35 días, todavía no hay serie diaria real con la que clasificar",,
Gabriel Rey,dónde ver el amistoso,tema,2,3929.0,1964.0,baja,SIN_DATOS_60D,"el exportador automático de GSC agrega por página sobre 35 días, todavía no hay serie diaria real con la que clasificar",,
Gabriel Rey,vs alianza,entidad,8,3817.0,477.0,media,SIN_DATOS_60D,"el exportador automático de GSC agrega por página sobre 35 días, todavía no hay serie diaria real con la que clasificar",,
Gabriel Rey,Juan Aurich,entidad,4,3790.0,948.0,media,SIN_DATOS_60D,"el exportador automático de GSC agrega por página sobre 35 días, todavía no hay serie diaria real con la que clasificar",,
Gabriel Rey,Gianluca Lapadula,entidad,7,3778.0,540.0,media,SIN_DATOS_60D,"el exportador automático de GSC agrega por página sobre 35 días, todavía no hay serie diaria real con la que clasificar",,
Gabriel Rey,Unión Minas,entidad,8,3718.0,465.0,media,SIN_DATOS_60D,"el exportador automático de GSC agrega por página sobre 35 días, todavía no hay serie diaria real con la que clasificar",,
Gabriel Rey,Comerciantes Unidos,entidad,9,3708.0,412.0,media,SIN_DATOS_60D,"el exportador automático de GSC agrega por página sobre 35 días, todavía no hay serie diaria real con la que clasificar",,
Gabriel Rey,Deportivo Moquegua,entidad,6,3695.0,616.0,media,SIN_DATOS_60D,"el exportador automático de GSC agrega por página sobre 35 días, todavía no hay serie diaria real con la que clasificar",,
Gabriel Rey,Liga Peruana de Vóley Universitario,entidad,2,3686.0,1843.0,baja,SIN_DATOS_60D,"el exportador automático de GSC agrega por página sobre 35 días, todavía no hay serie diaria real con la que clasificar",,
Gabriel Rey,Matute,entidad,4,3654.0,914.0,media,SIN_DATOS_60D,"el exportador automático de GSC agrega por página sobre 35 días, todavía no hay serie diaria real con la que clasificar",,
Gabriel Rey,femenina cómo se jugarán,tema,7,3643.0,520.0,media,SIN_DATOS_60D,"el exportador automático de GSC agrega por página sobre 35 días, todavía no hay serie diaria real con la que clasificar",,
Gabriel Rey,lima vs,entidad,8,3607.0,451.0,media,SIN_DATOS_60D,"el exportador automático de GSC agrega por página sobre 35 días, todavía no hay serie diaria real con la que clasificar",,
Gabriel Rey,FPF,entidad,6,3555.0,592.0,media,SIN_DATOS_60D,"el exportador automático de GSC agrega por página sobre 35 días, todavía no hay serie diaria real con la que clasificar",,
Gabriel Rey,Liga de Naciones,entidad,3,3555.0,1185.0,media,SIN_DATOS_60D,"el exportador automático de GSC agrega por página sobre 35 días, todavía no hay serie diaria real con la que clasificar",,
Gabriel Rey,Deportivo Llacuabamba,entidad,9,3547.0,394.0,media,SIN_DATOS_60D,"el exportador automático de GSC agrega por página sobre 35 días, todavía no hay serie diaria real con la que clasificar",,
Gabriel Rey,puntaje perfecto,tema,7,3475.0,496.0,media,SIN_DATOS_60D,"el exportador automático de GSC agrega por página sobre 35 días, todavía no hay serie diaria real con la que clasificar",,
Gabriel Rey,vs universitario,entidad,8,3473.0,434.0,media,SIN_DATOS_60D,"el exportador automático de GSC agrega por página sobre 35 días, todavía no hay serie diaria real con la que clasificar",,
Gabriel Rey,Renato Tapia,entidad,6,3449.0,575.0,media,SIN_DATOS_60D,"el exportador automático de GSC agrega por página sobre 35 días, todavía no hay serie diaria real con la que clasificar",,
Gabriel Rey,Lima,entidad,9,3404.0,378.0,media,SIN_DATOS_60D,"el exportador automático de GSC agrega por página sobre 35 días, todavía no hay serie diaria real con la que clasificar",,
Gabriel Rey,Atlético Andahuaylas,entidad,6,3389.0,565.0,media,SIN_DATOS_60D,"el exportador automático de GSC agrega por página sobre 35 días, todavía no hay serie diaria real con la que clasificar",,
Gabriel Rey,levanta cabeza,tema,3,3278.0,1093.0,media,SIN_DATOS_60D,"el exportador automático de GSC agrega por página sobre 35 días, todavía no hay serie diaria real con la que clasificar",,
Gabriel Rey,Deportivo Municipal,entidad,2,3263.0,1632.0,baja,SIN_DATOS_60D,"el exportador automático de GSC agrega por página sobre 35 días, todavía no hay serie diaria real con la que clasificar",,
Gabriel Rey,Ignacio Buse,entidad,8,3254.0,407.0,media,SIN_DATOS_60D,"el exportador automático de GSC agrega por página sobre 35 días, todavía no hay serie diaria real con la que clasificar",,
Gabriel Rey,femenina de la conmebol,tema,2,3192.0,1596.0,baja,SIN_DATOS_60D,"el exportador automático de GSC agrega por página sobre 35 días, todavía no hay serie diaria real con la que clasificar",,
Gabriel Rey,final del torneo,entidad,4,3172.0,793.0,media,SIN_DATOS_60D,"el exportador automático de GSC agrega por página sobre 35 días, todavía no hay serie diaria real con la que clasificar",,
Gabriel Rey,camino en la liga,entidad,2,3109.0,1554.0,baja,SIN_DATOS_60D,"el exportador automático de GSC agrega por página sobre 35 días, todavía no hay serie diaria real con la que clasificar",,
Gabriel Rey,partidos de vuelta,tema,5,3094.0,619.0,media,SIN_DATOS_60D,"el exportador automático de GSC agrega por página sobre 35 días, todavía no hay serie diaria real con la que clasificar",,
Gabriel Rey,Etapa Nacional de la Copa,entidad,10,3075.0,308.0,alta,SIN_DATOS_60D,"el exportador automático de GSC agrega por página sobre 35 días, todavía no hay serie diaria real con la que clasificar",,
Gabriel Rey,Bentín Tacna Heroica,entidad,2,3043.0,1522.0,baja,SIN_DATOS_60D,"el exportador automático de GSC agrega por página sobre 35 días, todavía no hay serie diaria real con la que clasificar",,
Gabriel Rey,Sergio Peña,entidad,8,3031.0,379.0,media,SIN_DATOS_60D,"el exportador automático de GSC agrega por página sobre 35 días, todavía no hay serie diaria real con la que clasificar",,
Gabriel Rey,Bicolor,entidad,5,3025.0,605.0,media,SIN_DATOS_60D,"el exportador automático de GSC agrega por página sobre 35 días, todavía no hay serie diaria real con la que clasificar",,
Gabriel Rey,invicto en el torneo,tema,3,2874.0,958.0,media,SIN_DATOS_60D,"el exportador automático de GSC agrega por página sobre 35 días, todavía no hay serie diaria real con la que clasificar",,
Gabriel Rey,alineaciones para el duelo,tema,7,2868.0,410.0,media,SIN_DATOS_60D,"el exportador automático de GSC agrega por página sobre 35 días, todavía no hay serie diaria real con la que clasificar",,
Gabriel Rey,etapa departamental de lima,entidad,2,2858.0,1429.0,baja,SIN_DATOS_60D,"el exportador automático de GSC agrega por página sobre 35 días, todavía no hay serie diaria real con la que clasificar",,
Gabriel Rey,partidos de ida,tema,2,2770.0,1385.0,baja,SIN_DATOS_60D,"el exportador automático de GSC agrega por página sobre 35 días, todavía no hay serie diaria real con la que clasificar",,
Gabriel Rey,listo para debutar,tema,2,2719.0,1360.0,baja,SIN_DATOS_60D,"el exportador automático de GSC agrega por página sobre 35 días, todavía no hay serie diaria real con la que clasificar",,
Gabriel Rey,Copa Sudamericana,entidad,9,2714.0,302.0,media,SIN_DATOS_60D,"el exportador automático de GSC agrega por página sobre 35 días, todavía no hay serie diaria real con la que clasificar",,
Gabriel Rey,posible fichaje,tema,2,2702.0,1351.0,baja,SIN_DATOS_60D,"el exportador automático de GSC agrega por página sobre 35 días, todavía no hay serie diaria real con la que clasificar",,
Gabriel Rey,toma fuerza,tema,2,2700.0,1350.0,baja,SIN_DATOS_60D,"el exportador automático de GSC agrega por página sobre 35 días, todavía no hay serie diaria real con la que clasificar",,
Gabriel Rey,pie derecho,tema,2,2678.0,1339.0,baja,SIN_DATOS_60D,"el exportador automático de GSC agrega por página sobre 35 días, todavía no hay serie diaria real con la que clasificar",,
Gabriel Rey,título del torneo,entidad,4,2672.0,668.0,media,SIN_DATOS_60D,"el exportador automático de GSC agrega por página sobre 35 días, todavía no hay serie diaria real con la que clasificar",,
Gabriel Rey,Estudiantes,entidad,4,2642.0,660.0,media,SIN_DATOS_60D,"el exportador automático de GSC agrega por página sobre 35 días, todavía no hay serie diaria real con la que clasificar",,
Gabriel Rey,grupos de la libertadores,entidad,2,2642.0,1321.0,baja,SIN_DATOS_60D,"el exportador automático de GSC agrega por página sobre 35 días, todavía no hay serie diaria real con la que clasificar",,
Gabriel Rey,fecha de la copa,entidad,12,2616.0,218.0,alta,SIN_DATOS_60D,"el exportador automático de GSC agrega por página sobre 35 días, todavía no hay serie diaria real con la que clasificar",,
Gabriel Rey,fichaje extranjero,tema,2,2598.0,1299.0,baja,SIN_DATOS_60D,"el exportador automático de GSC agrega por página sobre 35 días, todavía no hay serie diaria real con la que clasificar",,
Gabriel Rey,Atlético Torino,entidad,4,2580.0,645.0,media,SIN_DATOS_60D,"el exportador automático de GSC agrega por página sobre 35 días, todavía no hay serie diaria real con la que clasificar",,
Gabriel Rey,posiciones del grupo,entidad,9,2572.0,286.0,media,SIN_DATOS_60D,"el exportador automático de GSC agrega por página sobre 35 días, todavía no hay serie diaria real con la que clasificar",,
Gabriel Rey,pelea por el ascenso,tema,2,2569.0,1284.0,baja,SIN_DATOS_60D,"el exportador automático de GSC agrega por página sobre 35 días, todavía no hay serie diaria real con la que clasificar",,
Gabriel Rey,ascenso en la liga,entidad,9,2567.0,285.0,media,SIN_DATOS_60D,"el exportador automático de GSC agrega por página sobre 35 días, todavía no hay serie diaria real con la que clasificar",,
Gabriel Rey,Erick Noriega,entidad,14,2562.0,183.0,alta,SIN_DATOS_60D,"el exportador automático de GSC agrega por página sobre 35 días, todavía no hay serie diaria real con la que clasificar",,
Gabriel Rey,primer triunfo,tema,5,2544.0,509.0,media,SIN_DATOS_60D,"el exportador automático de GSC agrega por página sobre 35 días, todavía no hay serie diaria real con la que clasificar",,
Gabriel Rey,fútbol profesional,tema,2,2520.0,1260.0,baja,SIN_DATOS_60D,"el exportador automático de GSC agrega por página sobre 35 días, todavía no hay serie diaria real con la que clasificar",,
Gabriel Rey,final del torneo apertura,entidad,3,2507.0,836.0,media,SIN_DATOS_60D,"el exportador automático de GSC agrega por página sobre 35 días, todavía no hay serie diaria real con la que clasificar",,
Gabriel Rey,liga departamental,entidad,2,2486.0,1243.0,baja,SIN_DATOS_60D,"el exportador automático de GSC agrega por página sobre 35 días, todavía no hay serie diaria real con la que clasificar",,
Gabriel Rey,Federico Girotti,entidad,5,2480.0,496.0,media,SIN_DATOS_60D,"el exportador automático de GSC agrega por página sobre 35 días, todavía no hay serie diaria real con la que clasificar",,
Gabriel Rey,LINFA,entidad,4,2480.0,620.0,media,SIN_DATOS_60D,"el exportador automático de GSC agrega por página sobre 35 días, todavía no hay serie diaria real con la que clasificar",,
Gabriel Rey,Luis Ramos,entidad,2,2445.0,1222.0,baja,SIN_DATOS_60D,"el exportador automático de GSC agrega por página sobre 35 días, todavía no hay serie diaria real con la que clasificar",,
Gabriel Rey,Alex Valera,entidad,3,2422.0,807.0,media,SIN_DATOS_60D,"el exportador automático de GSC agrega por página sobre 35 días, todavía no hay serie diaria real con la que clasificar",,
Gabriel Rey,da silva,tema,5,2405.0,481.0,media,SIN_DATOS_60D,"el exportador automático de GSC agrega por página sobre 35 días, todavía no hay serie diaria real con la que clasificar",,
Gabriel Rey,próxima temporada,tema,5,2399.0,480.0,media,SIN_DATOS_60D,"el exportador automático de GSC agrega por página sobre 35 días, todavía no hay serie diaria real con la que clasificar",,
Gabriel Rey,vuelve al triunfo,tema,2,2380.0,1190.0,baja,SIN_DATOS_60D,"el exportador automático de GSC agrega por página sobre 35 días, todavía no hay serie diaria real con la que clasificar",,
Gabriel Rey,días de la libertadores,entidad,2,2372.0,1186.0,baja,SIN_DATOS_60D,"el exportador automático de GSC agrega por página sobre 35 días, todavía no hay serie diaria real con la que clasificar",,
Gabriel Rey,Cristal,entidad,5,2369.0,474.0,media,SIN_DATOS_60D,"el exportador automático de GSC agrega por página sobre 35 días, todavía no hay serie diaria real con la que clasificar",,
Gabriel Rey,Aixa Vigil,entidad,4,2329.0,582.0,media,SIN_DATOS_60D,"el exportador automático de GSC agrega por página sobre 35 días, todavía no hay serie diaria real con la que clasificar",,
Gabriel Rey,Alianza Universidad,entidad,4,2308.0,577.0,media,SIN_DATOS_60D,"el exportador automático de GSC agrega por página sobre 35 días, todavía no hay serie diaria real con la que clasificar",,
Gabriel Rey,San Marcos,entidad,2,2300.0,1150.0,baja,SIN_DATOS_60D,"el exportador automático de GSC agrega por página sobre 35 días, todavía no hay serie diaria real con la que clasificar",,
Gabriel Rey,Christian Cueva,entidad,5,2282.0,456.0,media,SIN_DATOS_60D,"el exportador automático de GSC agrega por página sobre 35 días, todavía no hay serie diaria real con la que clasificar",,
Gabriel Rey,cristal cuándo,entidad,4,2221.0,555.0,media,SIN_DATOS_60D,"el exportador automático de GSC agrega por página sobre 35 días, todavía no hay serie diaria real con la que clasificar",,
Gabriel Rey,pleno torneo,tema,2,2188.0,1094.0,baja,SIN_DATOS_60D,"el exportador automático de GSC agrega por página sobre 35 días, todavía no hay serie diaria real con la que clasificar",,
Gabriel Rey,escapar el triunfo,tema,3,2184.0,728.0,media,SIN_DATOS_60D,"el exportador automático de GSC agrega por página sobre 35 días, todavía no hay serie diaria real con la que clasificar",,
Gabriel Rey,Dianderas,entidad,3,2156.0,719.0,media,SIN_DATOS_60D,"el exportador automático de GSC agrega por página sobre 35 días, todavía no hay serie diaria real con la que clasificar",,
Gabriel Rey,Comerciantes FC,entidad,5,2139.0,428.0,media,SIN_DATOS_60D,"el exportador automático de GSC agrega por página sobre 35 días, todavía no hay serie diaria real con la que clasificar",,
Gabriel Rey,Raúl Ruidíaz,entidad,3,2129.0,710.0,media,SIN_DATOS_60D,"el exportador automático de GSC agrega por página sobre 35 días, todavía no hay serie diaria real con la que clasificar",,
Gabriel Rey,Uruguay,entidad,3,2121.0,707.0,media,SIN_DATOS_60D,"el exportador automático de GSC agrega por página sobre 35 días, todavía no hay serie diaria real con la que clasificar",,
Gabriel Rey,Montevideo,entidad,3,2115.0,705.0,media,SIN_DATOS_60D,"el exportador automático de GSC agrega por página sobre 35 días, todavía no hay serie diaria real con la que clasificar",,
Gabriel Rey,grupos fecha,tema,9,2113.0,235.0,media,SIN_DATOS_60D,"el exportador automático de GSC agrega por página sobre 35 días, todavía no hay serie diaria real con la que clasificar",,
Gabriel Rey,jugar por la fase,entidad,9,2113.0,235.0,media,SIN_DATOS_60D,"el exportador automático de GSC agrega por página sobre 35 días, todavía no hay serie diaria real con la que clasificar",,
Gabriel Rey,Etapa Departamental,entidad,4,2107.0,527.0,media,SIN_DATOS_60D,"el exportador automático de GSC agrega por página sobre 35 días, todavía no hay serie diaria real con la que clasificar",,
Gabriel Rey,Monumental,entidad,5,2098.0,420.0,media,SIN_DATOS_60D,"el exportador automático de GSC agrega por página sobre 35 días, todavía no hay serie diaria real con la que clasificar",,
Gabriel Rey,mantiene su invicto,tema,3,2096.0,699.0,media,SIN_DATOS_60D,"el exportador automático de GSC agrega por página sobre 35 días, todavía no hay serie diaria real con la que clasificar",,
Gabriel Rey,Sekou Gassama,entidad,3,2083.0,694.0,media,SIN_DATOS_60D,"el exportador automático de GSC agrega por página sobre 35 días, todavía no hay serie diaria real con la que clasificar",,
Gabriel Rey,fútbol macho,tema,3,2062.0,687.0,media,SIN_DATOS_60D,"el exportador automático de GSC agrega por página sobre 35 días, todavía no hay serie diaria real con la que clasificar",,
Gabriel Rey,Carlos Ascues y Alexi Gómez,entidad,2,2058.0,1029.0,baja,SIN_DATOS_60D,"el exportador automático de GSC agrega por página sobre 35 días, todavía no hay serie diaria real con la que clasificar",,
Gabriel Rey,apertura de la liga,entidad,3,2046.0,682.0,media,SIN_DATOS_60D,"el exportador automático de GSC agrega por página sobre 35 días, todavía no hay serie diaria real con la que clasificar",,
Gabriel Rey,cienciano vs,entidad,4,2039.0,510.0,media,SIN_DATOS_60D,"el exportador automático de GSC agrega por página sobre 35 días, todavía no hay serie diaria real con la que clasificar",,
Gabriel Rey,mundial sub,entidad,2,2036.0,1018.0,baja,SIN_DATOS_60D,"el exportador automático de GSC agrega por página sobre 35 días, todavía no hay serie diaria real con la que clasificar",,
Gabriel Rey,primera etapa,tema,2,2032.0,1016.0,baja,SIN_DATOS_60D,"el exportador automático de GSC agrega por página sobre 35 días, todavía no hay serie diaria real con la que clasificar",,
Gabriel Rey,salir lesionado,tema,2,2028.0,1014.0,baja,SIN_DATOS_60D,"el exportador automático de GSC agrega por página sobre 35 días, todavía no hay serie diaria real con la que clasificar",,
Gabriel Rey,universitario vs,entidad,6,2010.0,335.0,media,SIN_DATOS_60D,"el exportador automático de GSC agrega por página sobre 35 días, todavía no hay serie diaria real con la que clasificar",,
Gabriel Rey,segunda división,tema,3,2003.0,668.0,media,SIN_DATOS_60D,"el exportador automático de GSC agrega por página sobre 35 días, todavía no hay serie diaria real con la que clasificar",,
Gabriel Rey,sigue sin saber,tema,2,1981.0,990.0,baja,SIN_DATOS_60D,"el exportador automático de GSC agrega por página sobre 35 días, todavía no hay serie diaria real con la que clasificar",,
Gabriel Rey,Alianza Lima Pablo Guede,entidad,2,1970.0,985.0,baja,SIN_DATOS_60D,"el exportador automático de GSC agrega por página sobre 35 días, todavía no hay serie diaria real con la que clasificar",,
Gabriel Rey,mantienen su invicto,tema,2,1949.0,974.0,baja,SIN_DATOS_60D,"el exportador automático de GSC agrega por página sobre 35 días, todavía no hay serie diaria real con la que clasificar",,
Gabriel Rey,lima mueve,entidad,2,1948.0,974.0,baja,SIN_DATOS_60D,"el exportador automático de GSC agrega por página sobre 35 días, todavía no hay serie diaria real con la que clasificar",,
Gabriel Rey,final del mundial,tema,7,1947.0,278.0,media,SIN_DATOS_60D,"el exportador automático de GSC agrega por página sobre 35 días, todavía no hay serie diaria real con la que clasificar",,
Gabriel Rey,gran refuerzo,tema,2,1941.0,970.0,baja,SIN_DATOS_60D,"el exportador automático de GSC agrega por página sobre 35 días, todavía no hay serie diaria real con la que clasificar",,
Gabriel Rey,fecha en copa,entidad,5,1938.0,388.0,media,SIN_DATOS_60D,"el exportador automático de GSC agrega por página sobre 35 días, todavía no hay serie diaria real con la que clasificar",,
Gabriel Rey,activa la búsqueda,tema,2,1932.0,966.0,baja,SIN_DATOS_60D,"el exportador automático de GSC agrega por página sobre 35 días, todavía no hay serie diaria real con la que clasificar",,
Gabriel Rey,llegada de carlos,tema,2,1902.0,951.0,baja,SIN_DATOS_60D,"el exportador automático de GSC agrega por página sobre 35 días, todavía no hay serie diaria real con la que clasificar",,
Gabriel Rey,triunfo en la liga,entidad,4,1890.0,472.0,media,SIN_DATOS_60D,"el exportador automático de GSC agrega por página sobre 35 días, todavía no hay serie diaria real con la que clasificar",,
Gabriel Rey,VAR,entidad,5,1888.0,378.0,media,SIN_DATOS_60D,"el exportador automático de GSC agrega por página sobre 35 días, todavía no hay serie diaria real con la que clasificar",,
Gabriel Rey,Alejandro Orfila,entidad,2,1879.0,940.0,baja,SIN_DATOS_60D,"el exportador automático de GSC agrega por página sobre 35 días, todavía no hay serie diaria real con la que clasificar",,
Gabriel Rey,nuevos fichajes,tema,3,1861.0,620.0,media,SIN_DATOS_60D,"el exportador automático de GSC agrega por página sobre 35 días, todavía no hay serie diaria real con la que clasificar",,
Gabriel Rey,primer amistoso,tema,2,1861.0,930.0,baja,SIN_DATOS_60D,"el exportador automático de GSC agrega por página sobre 35 días, todavía no hay serie diaria real con la que clasificar",,
Gabriel Rey,ADT de Tarma,entidad,2,1860.0,930.0,baja,SIN_DATOS_60D,"el exportador automático de GSC agrega por página sobre 35 días, todavía no hay serie diaria real con la que clasificar",,
Gabriel Rey,Venezuela,entidad,2,1860.0,930.0,baja,SIN_DATOS_60D,"el exportador automático de GSC agrega por página sobre 35 días, todavía no hay serie diaria real con la que clasificar",,
Gabriel Rey,Horacio Melgarejo,entidad,7,1842.0,263.0,media,SIN_DATOS_60D,"el exportador automático de GSC agrega por página sobre 35 días, todavía no hay serie diaria real con la que clasificar",,
Gabriel Rey,Javier Rabanal,entidad,6,1830.0,305.0,media,SIN_DATOS_60D,"el exportador automático de GSC agrega por página sobre 35 días, todavía no hay serie diaria real con la que clasificar",,
Gabriel Rey,futuro apunta,tema,2,1804.0,902.0,baja,SIN_DATOS_60D,"el exportador automático de GSC agrega por página sobre 35 días, todavía no hay serie diaria real con la que clasificar",,
Gabriel Rey,Héctor Cúper,entidad,7,1804.0,258.0,media,SIN_DATOS_60D,"el exportador automático de GSC agrega por página sobre 35 días, todavía no hay serie diaria real con la que clasificar",,
Gabriel Rey,fase de la liga,entidad,3,1779.0,593.0,media,SIN_DATOS_60D,"el exportador automático de GSC agrega por página sobre 35 días, todavía no hay serie diaria real con la que clasificar",,
Gabriel Rey,duelo por la fecha,tema,5,1766.0,353.0,media,SIN_DATOS_60D,"el exportador automático de GSC agrega por página sobre 35 días, todavía no hay serie diaria real con la que clasificar",,
Gabriel Rey,liga tablas,entidad,2,1766.0,883.0,baja,SIN_DATOS_60D,"el exportador automático de GSC agrega por página sobre 35 días, todavía no hay serie diaria real con la que clasificar",,
Gabriel Rey,ADA de Jaén,entidad,3,1761.0,587.0,media,SIN_DATOS_60D,"el exportador automático de GSC agrega por página sobre 35 días, todavía no hay serie diaria real con la que clasificar",,
Gabriel Rey,semifinal de la liga,entidad,2,1756.0,878.0,baja,SIN_DATOS_60D,"el exportador automático de GSC agrega por página sobre 35 días, todavía no hay serie diaria real con la que clasificar",,
Gabriel Rey,cristal tras resultados,entidad,4,1753.0,438.0,media,SIN_DATOS_60D,"el exportador automático de GSC agrega por página sobre 35 días, todavía no hay serie diaria real con la que clasificar",,
Gabriel Rey,grupo de sporting,entidad,4,1753.0,438.0,media,SIN_DATOS_60D,"el exportador automático de GSC agrega por página sobre 35 días, todavía no hay serie diaria real con la que clasificar",,
Gabriel Rey,Garcilaso,entidad,2,1745.0,872.0,baja,SIN_DATOS_60D,"el exportador automático de GSC agrega por página sobre 35 días, todavía no hay serie diaria real con la que clasificar",,
Gabriel Rey,liga tendrá,entidad,2,1740.0,870.0,baja,SIN_DATOS_60D,"el exportador automático de GSC agrega por página sobre 35 días, todavía no hay serie diaria real con la que clasificar",,
Gabriel Rey,Arequipa,entidad,2,1709.0,854.0,baja,SIN_DATOS_60D,"el exportador automático de GSC agrega por página sobre 35 días, todavía no hay serie diaria real con la que clasificar",,
Gabriel Rey,Colombia,entidad,6,1702.0,284.0,media,SIN_DATOS_60D,"el exportador automático de GSC agrega por página sobre 35 días, todavía no hay serie diaria real con la que clasificar",,
Gabriel Rey,octavos de final,tema,4,1699.0,425.0,media,SIN_DATOS_60D,"el exportador automático de GSC agrega por página sobre 35 días, todavía no hay serie diaria real con la que clasificar",,
Gabriel Rey,Ecosem Pasco,entidad,3,1661.0,554.0,media,SIN_DATOS_60D,"el exportador automático de GSC agrega por página sobre 35 días, todavía no hay serie diaria real con la que clasificar",,
Gabriel Rey,Fase Regular,entidad,5,1659.0,332.0,media,SIN_DATOS_60D,"el exportador automático de GSC agrega por página sobre 35 días, todavía no hay serie diaria real con la que clasificar",,
Gabriel Rey,nuevo delantero,tema,2,1658.0,829.0,baja,SIN_DATOS_60D,"el exportador automático de GSC agrega por página sobre 35 días, todavía no hay serie diaria real con la que clasificar",,
Gabriel Rey,Rondelli,entidad,2,1644.0,822.0,baja,SIN_DATOS_60D,"el exportador automático de GSC agrega por página sobre 35 días, todavía no hay serie diaria real con la que clasificar",,
Gabriel Rey,Sports,entidad,2,1641.0,820.0,baja,SIN_DATOS_60D,"el exportador automático de GSC agrega por página sobre 35 días, todavía no hay serie diaria real con la que clasificar",,
Gabriel Rey,Eryc Castillo,entidad,4,1637.0,409.0,media,SIN_DATOS_60D,"el exportador automático de GSC agrega por página sobre 35 días, todavía no hay serie diaria real con la que clasificar",,
Gabriel Rey,fuera de los planes,tema,2,1619.0,810.0,baja,SIN_DATOS_60D,"el exportador automático de GSC agrega por página sobre 35 días, todavía no hay serie diaria real con la que clasificar",,
Gabriel Rey,Tarde,entidad,4,1589.0,397.0,media,SIN_DATOS_60D,"el exportador automático de GSC agrega por página sobre 35 días, todavía no hay serie diaria real con la que clasificar",,
Gabriel Rey,Jairo Vélez,entidad,4,1581.0,395.0,media,SIN_DATOS_60D,"el exportador automático de GSC agrega por página sobre 35 días, todavía no hay serie diaria real con la que clasificar",,
Gabriel Rey,afrontará la etapa,tema,2,1578.0,789.0,baja,SIN_DATOS_60D,"el exportador automático de GSC agrega por página sobre 35 días, todavía no hay serie diaria real con la que clasificar",,
Gabriel Rey,Adrián Quiroz,entidad,3,1571.0,524.0,media,SIN_DATOS_60D,"el exportador automático de GSC agrega por página sobre 35 días, todavía no hay serie diaria real con la que clasificar",,
Gabriel Rey,grupo b,entidad,2,1566.0,783.0,baja,SIN_DATOS_60D,"el exportador automático de GSC agrega por página sobre 35 días, todavía no hay serie diaria real con la que clasificar",,
Gabriel Rey,buscar el ascenso,tema,2,1551.0,776.0,baja,SIN_DATOS_60D,"el exportador automático de GSC agrega por página sobre 35 días, todavía no hay serie diaria real con la que clasificar",,
Gabriel Rey,Carabobo FC,entidad,2,1533.0,766.0,baja,SIN_DATOS_60D,"el exportador automático de GSC agrega por página sobre 35 días, todavía no hay serie diaria real con la que clasificar",,
Gabriel Rey,Estudiantil CNI,entidad,3,1531.0,510.0,media,SIN_DATOS_60D,"el exportador automático de GSC agrega por página sobre 35 días, todavía no hay serie diaria real con la que clasificar",,
Gabriel Rey,Irven Ávila,entidad,2,1526.0,763.0,baja,SIN_DATOS_60D,"el exportador automático de GSC agrega por página sobre 35 días, todavía no hay serie diaria real con la que clasificar",,
Gabriel Rey,nuevo refuerzo,tema,6,1522.0,254.0,media,SIN_DATOS_60D,"el exportador automático de GSC agrega por página sobre 35 días, todavía no hay serie diaria real con la que clasificar",,
Gabriel Rey,fuerte en casa,tema,2,1520.0,760.0,baja,SIN_DATOS_60D,"el exportador automático de GSC agrega por página sobre 35 días, todavía no hay serie diaria real con la que clasificar",,
Gabriel Rey,buen momento,tema,2,1502.0,751.0,baja,SIN_DATOS_60D,"el exportador automático de GSC agrega por página sobre 35 días, todavía no hay serie diaria real con la que clasificar",,
Gabriel Rey,José Rivera,entidad,3,1501.0,500.0,media,SIN_DATOS_60D,"el exportador automático de GSC agrega por página sobre 35 días, todavía no hay serie diaria real con la que clasificar",,
Gabriel Rey,grupo c,entidad,4,1493.0,373.0,media,SIN_DATOS_60D,"el exportador automático de GSC agrega por página sobre 35 días, todavía no hay serie diaria real con la que clasificar",,
Gabriel Rey,hinchas de alianza,entidad,2,1487.0,744.0,baja,SIN_DATOS_60D,"el exportador automático de GSC agrega por página sobre 35 días, todavía no hay serie diaria real con la que clasificar",,
Gabriel Rey,Pedro García,entidad,5,1487.0,297.0,media,SIN_DATOS_60D,"el exportador automático de GSC agrega por página sobre 35 días, todavía no hay serie diaria real con la que clasificar",,
Gabriel Rey,horarios del fútbol,tema,20,1485.0,74.0,alta,SIN_DATOS_60D,"el exportador automático de GSC agrega por página sobre 35 días, todavía no hay serie diaria real con la que clasificar",,
Gabriel Rey,programación de partidos,tema,20,1485.0,74.0,alta,SIN_DATOS_60D,"el exportador automático de GSC agrega por página sobre 35 días, todavía no hay serie diaria real con la que clasificar",,
Gabriel Rey,Alexander Callens,entidad,2,1482.0,741.0,baja,SIN_DATOS_60D,"el exportador automático de GSC agrega por página sobre 35 días, todavía no hay serie diaria real con la que clasificar",,
Gabriel Rey,suma otro,tema,4,1480.0,370.0,media,SIN_DATOS_60D,"el exportador automático de GSC agrega por página sobre 35 días, todavía no hay serie diaria real con la que clasificar",,
Gabriel Rey,enciende las alarmas,tema,2,1476.0,738.0,baja,SIN_DATOS_60D,"el exportador automático de GSC agrega por página sobre 35 días, todavía no hay serie diaria real con la que clasificar",,
Gabriel Rey,Juan Manuel,entidad,3,1457.0,486.0,media,SIN_DATOS_60D,"el exportador automático de GSC agrega por página sobre 35 días, todavía no hay serie diaria real con la que clasificar",,
Gabriel Rey,alineaciones de alianza,entidad,4,1448.0,362.0,media,SIN_DATOS_60D,"el exportador automático de GSC agrega por página sobre 35 días, todavía no hay serie diaria real con la que clasificar",,
Gabriel Rey,Gremio,entidad,9,1445.0,161.0,media,SIN_DATOS_60D,"el exportador automático de GSC agrega por página sobre 35 días, todavía no hay serie diaria real con la que clasificar",,
Gabriel Rey,peruana quién,tema,2,1440.0,720.0,baja,SIN_DATOS_60D,"el exportador automático de GSC agrega por página sobre 35 días, todavía no hay serie diaria real con la que clasificar",,
Gabriel Rey,aviso en la liga,entidad,2,1438.0,719.0,baja,SIN_DATOS_60D,"el exportador automático de GSC agrega por página sobre 35 días, todavía no hay serie diaria real con la que clasificar",,
Gabriel Rey,hexagonal final,tema,2,1423.0,712.0,baja,SIN_DATOS_60D,"el exportador automático de GSC agrega por página sobre 35 días, todavía no hay serie diaria real con la que clasificar",,
Gabriel Rey,Haití y España,entidad,2,1402.0,701.0,baja,SIN_DATOS_60D,"el exportador automático de GSC agrega por página sobre 35 días, todavía no hay serie diaria real con la que clasificar",,
Gabriel Rey,alineaciones de universitario,entidad,4,1393.0,348.0,media,SIN_DATOS_60D,"el exportador automático de GSC agrega por página sobre 35 días, todavía no hay serie diaria real con la que clasificar",,
Gabriel Rey,Estados Unidos,entidad,5,1392.0,278.0,media,SIN_DATOS_60D,"el exportador automático de GSC agrega por página sobre 35 días, todavía no hay serie diaria real con la que clasificar",,
Gabriel Rey,Trujillo,entidad,3,1380.0,460.0,media,SIN_DATOS_60D,"el exportador automático de GSC agrega por página sobre 35 días, todavía no hay serie diaria real con la que clasificar",,
Gabriel Rey,UCV,entidad,3,1379.0,460.0,media,SIN_DATOS_60D,"el exportador automático de GSC agrega por página sobre 35 días, todavía no hay serie diaria real con la que clasificar",,
Gabriel Rey,triunfo clave,tema,2,1374.0,687.0,baja,SIN_DATOS_60D,"el exportador automático de GSC agrega por página sobre 35 días, todavía no hay serie diaria real con la que clasificar",,
Gabriel Rey,fase de la etapa,entidad,4,1369.0,342.0,media,SIN_DATOS_60D,"el exportador automático de GSC agrega por página sobre 35 días, todavía no hay serie diaria real con la que clasificar",,
Gabriel Rey,dejar universitario,entidad,3,1362.0,454.0,media,SIN_DATOS_60D,"el exportador automático de GSC agrega por página sobre 35 días, todavía no hay serie diaria real con la que clasificar",,
Gabriel Rey,triunfo en el torneo,tema,2,1358.0,679.0,baja,SIN_DATOS_60D,"el exportador automático de GSC agrega por página sobre 35 días, todavía no hay serie diaria real con la que clasificar",,
Gabriel Rey,mantiene puntaje,tema,3,1338.0,446.0,media,SIN_DATOS_60D,"el exportador automático de GSC agrega por página sobre 35 días, todavía no hay serie diaria real con la que clasificar",,
Gabriel Rey,Cerro Porteño,entidad,2,1337.0,668.0,baja,SIN_DATOS_60D,"el exportador automático de GSC agrega por página sobre 35 días, todavía no hay serie diaria real con la que clasificar",,
Gabriel Rey,cristiano da,entidad,2,1328.0,664.0,baja,SIN_DATOS_60D,"el exportador automático de GSC agrega por página sobre 35 días, todavía no hay serie diaria real con la que clasificar",,
Gabriel Rey,Franco Coronel,entidad,2,1328.0,664.0,baja,SIN_DATOS_60D,"el exportador automático de GSC agrega por página sobre 35 días, todavía no hay serie diaria real con la que clasificar",,
Gabriel Rey,volante nacional,entidad,2,1313.0,656.0,baja,SIN_DATOS_60D,"el exportador automático de GSC agrega por página sobre 35 días, todavía no hay serie diaria real con la que clasificar",,
Gabriel Rey,final de la etapa,tema,3,1312.0,437.0,media,SIN_DATOS_60D,"el exportador automático de GSC agrega por página sobre 35 días, todavía no hay serie diaria real con la que clasificar",,
Gabriel Rey,lima vs universitario,entidad,2,1304.0,652.0,baja,SIN_DATOS_60D,"el exportador automático de GSC agrega por página sobre 35 días, todavía no hay serie diaria real con la que clasificar",,
Gabriel Rey,paso firme,tema,2,1295.0,648.0,baja,SIN_DATOS_60D,"el exportador automático de GSC agrega por página sobre 35 días, todavía no hay serie diaria real con la que clasificar",,
Gabriel Rey,inesperado mensaje,tema,2,1294.0,647.0,baja,SIN_DATOS_60D,"el exportador automático de GSC agrega por página sobre 35 días, todavía no hay serie diaria real con la que clasificar",,
Gabriel Rey,Carlos Zambrano,entidad,4,1291.0,323.0,media,SIN_DATOS_60D,"el exportador automático de GSC agrega por página sobre 35 días, todavía no hay serie diaria real con la que clasificar",,
Gabriel Rey,segunda ronda,tema,2,1286.0,643.0,baja,SIN_DATOS_60D,"el exportador automático de GSC agrega por página sobre 35 días, todavía no hay serie diaria real con la que clasificar",,
Gabriel Rey,Pirata FC,entidad,3,1282.0,427.0,media,SIN_DATOS_60D,"el exportador automático de GSC agrega por página sobre 35 días, todavía no hay serie diaria real con la que clasificar",,
Gabriel Rey,Grupo de la Liga,entidad,3,1239.0,413.0,media,SIN_DATOS_60D,"el exportador automático de GSC agrega por página sobre 35 días, todavía no hay serie diaria real con la que clasificar",,
Gabriel Rey,líder del grupo,entidad,2,1220.0,610.0,baja,SIN_DATOS_60D,"el exportador automático de GSC agrega por página sobre 35 días, todavía no hay serie diaria real con la que clasificar",,
Gabriel Rey,Botafogo,entidad,3,1214.0,405.0,media,SIN_DATOS_60D,"el exportador automático de GSC agrega por página sobre 35 días, todavía no hay serie diaria real con la que clasificar",,
Gabriel Rey,vs universitario de deportes,entidad,2,1204.0,602.0,baja,SIN_DATOS_60D,"el exportador automático de GSC agrega por página sobre 35 días, todavía no hay serie diaria real con la que clasificar",,
Gabriel Rey,Argentina,entidad,8,1197.0,150.0,media,SIN_DATOS_60D,"el exportador automático de GSC agrega por página sobre 35 días, todavía no hay serie diaria real con la que clasificar",,
Gabriel Rey,dio un paso,tema,2,1195.0,598.0,baja,SIN_DATOS_60D,"el exportador automático de GSC agrega por página sobre 35 días, todavía no hay serie diaria real con la que clasificar",,
Gabriel Rey,plena liga,entidad,2,1188.0,594.0,baja,SIN_DATOS_60D,"el exportador automático de GSC agrega por página sobre 35 días, todavía no hay serie diaria real con la que clasificar",,
Gabriel Rey,Coquimbo Unido,entidad,2,1186.0,593.0,baja,SIN_DATOS_60D,"el exportador automático de GSC agrega por página sobre 35 días, todavía no hay serie diaria real con la que clasificar",,
Gabriel Rey,SAFAP,entidad,3,1185.0,395.0,media,SIN_DATOS_60D,"el exportador automático de GSC agrega por página sobre 35 días, todavía no hay serie diaria real con la que clasificar",,
Gabriel Rey,boys vs,tema,3,1173.0,391.0,media,SIN_DATOS_60D,"el exportador automático de GSC agrega por página sobre 35 días, todavía no hay serie diaria real con la que clasificar",,
Gabriel Rey,Paolo Guerrero,entidad,8,1172.0,146.0,media,SIN_DATOS_60D,"el exportador automático de GSC agrega por página sobre 35 días, todavía no hay serie diaria real con la que clasificar",,
Gabriel Rey,cristal y da,entidad,2,1167.0,584.0,baja,SIN_DATOS_60D,"el exportador automático de GSC agrega por página sobre 35 días, todavía no hay serie diaria real con la que clasificar",,
Gabriel Rey,Ecuador,entidad,4,1167.0,292.0,media,SIN_DATOS_60D,"el exportador automático de GSC agrega por página sobre 35 días, todavía no hay serie diaria real con la que clasificar",,
Gabriel Rey,primera vez,tema,2,1162.0,581.0,baja,SIN_DATOS_60D,"el exportador automático de GSC agrega por página sobre 35 días, todavía no hay serie diaria real con la que clasificar",,
Gabriel Rey,mensaje que sacude,tema,2,1161.0,580.0,baja,SIN_DATOS_60D,"el exportador automático de GSC agrega por página sobre 35 días, todavía no hay serie diaria real con la que clasificar",,
Gabriel Rey,garcilaso por la fecha,entidad,2,1160.0,580.0,baja,SIN_DATOS_60D,"el exportador automático de GSC agrega por página sobre 35 días, todavía no hay serie diaria real con la que clasificar",,
Gabriel Rey,liguilla final,tema,2,1160.0,580.0,baja,SIN_DATOS_60D,"el exportador automático de GSC agrega por página sobre 35 días, todavía no hay serie diaria real con la que clasificar",,
Gabriel Rey,vs deportivo,entidad,2,1160.0,580.0,baja,SIN_DATOS_60D,"el exportador automático de GSC agrega por página sobre 35 días, todavía no hay serie diaria real con la que clasificar",,
Gabriel Rey,alineaciones por la fecha,tema,2,1148.0,574.0,baja,SIN_DATOS_60D,"el exportador automático de GSC agrega por página sobre 35 días, todavía no hay serie diaria real con la que clasificar",,
Gabriel Rey,Deportivo Cali,entidad,2,1147.0,574.0,baja,SIN_DATOS_60D,"el exportador automático de GSC agrega por página sobre 35 días, todavía no hay serie diaria real con la que clasificar",,
Gabriel Rey,segundo lugar,tema,2,1147.0,574.0,baja,SIN_DATOS_60D,"el exportador automático de GSC agrega por página sobre 35 días, todavía no hay serie diaria real con la que clasificar",,
Gabriel Rey,Ciclón del Norte,entidad,2,1146.0,573.0,baja,SIN_DATOS_60D,"el exportador automático de GSC agrega por página sobre 35 días, todavía no hay serie diaria real con la que clasificar",,
Gabriel Rey,grupos de la copa,entidad,3,1131.0,377.0,media,SIN_DATOS_60D,"el exportador automático de GSC agrega por página sobre 35 días, todavía no hay serie diaria real con la que clasificar",,
Gabriel Rey,España,entidad,3,1109.0,370.0,media,SIN_DATOS_60D,"el exportador automático de GSC agrega por página sobre 35 días, todavía no hay serie diaria real con la que clasificar",,
Gabriel Rey,primeros lugares,tema,2,1109.0,554.0,baja,SIN_DATOS_60D,"el exportador automático de GSC agrega por página sobre 35 días, todavía no hay serie diaria real con la que clasificar",,
Gabriel Rey,reforzar el plantel,tema,2,1109.0,554.0,baja,SIN_DATOS_60D,"el exportador automático de GSC agrega por página sobre 35 días, todavía no hay serie diaria real con la que clasificar",,
Gabriel Rey,primera fecha,tema,2,1107.0,554.0,baja,SIN_DATOS_60D,"el exportador automático de GSC agrega por página sobre 35 días, todavía no hay serie diaria real con la que clasificar",,
Gabriel Rey,Corinthians de André Carrillo,entidad,3,1102.0,367.0,media,SIN_DATOS_60D,"el exportador automático de GSC agrega por página sobre 35 días, todavía no hay serie diaria real con la que clasificar",,
Gabriel Rey,triunfo consecutivo,tema,2,1087.0,544.0,baja,SIN_DATOS_60D,"el exportador automático de GSC agrega por página sobre 35 días, todavía no hay serie diaria real con la que clasificar",,
Gabriel Rey,Agustín Lozano,entidad,2,1080.0,540.0,baja,SIN_DATOS_60D,"el exportador automático de GSC agrega por página sobre 35 días, todavía no hay serie diaria real con la que clasificar",,
Gabriel Rey,beto da,tema,3,1077.0,359.0,media,SIN_DATOS_60D,"el exportador automático de GSC agrega por página sobre 35 días, todavía no hay serie diaria real con la que clasificar",,
Gabriel Rey,deportes cusco,entidad,2,1067.0,534.0,baja,SIN_DATOS_60D,"el exportador automático de GSC agrega por página sobre 35 días, todavía no hay serie diaria real con la que clasificar",,
Gabriel Rey,fc y sporting,entidad,2,1067.0,534.0,baja,SIN_DATOS_60D,"el exportador automático de GSC agrega por página sobre 35 días, todavía no hay serie diaria real con la que clasificar",,
Gabriel Rey,Piero Cari,entidad,3,1055.0,352.0,media,SIN_DATOS_60D,"el exportador automático de GSC agrega por página sobre 35 días, todavía no hay serie diaria real con la que clasificar",,
Gabriel Rey,Rebaza Acosta,entidad,2,1050.0,525.0,baja,SIN_DATOS_60D,"el exportador automático de GSC agrega por página sobre 35 días, todavía no hay serie diaria real con la que clasificar",,
Gabriel Rey,Liga Nacional Juvenil,entidad,2,1042.0,521.0,baja,SIN_DATOS_60D,"el exportador automático de GSC agrega por página sobre 35 días, todavía no hay serie diaria real con la que clasificar",,
Gabriel Rey,fichaje del colombiano,tema,2,1040.0,520.0,baja,SIN_DATOS_60D,"el exportador automático de GSC agrega por página sobre 35 días, todavía no hay serie diaria real con la que clasificar",,
Gabriel Rey,fuerte mensaje,tema,4,1039.0,260.0,media,SIN_DATOS_60D,"el exportador automático de GSC agrega por página sobre 35 días, todavía no hay serie diaria real con la que clasificar",,
Gabriel Rey,libertadores cuándo,entidad,2,1038.0,519.0,baja,SIN_DATOS_60D,"el exportador automático de GSC agrega por página sobre 35 días, todavía no hay serie diaria real con la que clasificar",,
Gabriel Rey,Cristian,entidad,2,1034.0,517.0,baja,SIN_DATOS_60D,"el exportador automático de GSC agrega por página sobre 35 días, todavía no hay serie diaria real con la que clasificar",,
Gabriel Rey,futuro en alianza,entidad,2,1026.0,513.0,baja,SIN_DATOS_60D,"el exportador automático de GSC agrega por página sobre 35 días, todavía no hay serie diaria real con la que clasificar",,
Gabriel Rey,Bundesliga,entidad,10,1015.0,102.0,alta,SIN_DATOS_60D,"el exportador automático de GSC agrega por página sobre 35 días, todavía no hay serie diaria real con la que clasificar",,
Gabriel Rey,Gustavo,entidad,2,1015.0,508.0,baja,SIN_DATOS_60D,"el exportador automático de GSC agrega por página sobre 35 días, todavía no hay serie diaria real con la que clasificar",,
Gabriel Rey,Ayacucho FC,entidad,3,1010.0,337.0,media,SIN_DATOS_60D,"el exportador automático de GSC agrega por página sobre 35 días, todavía no hay serie diaria real con la que clasificar",,
Gabriel Rey,medio de rumores,tema,2,1010.0,505.0,baja,SIN_DATOS_60D,"el exportador automático de GSC agrega por página sobre 35 días, todavía no hay serie diaria real con la que clasificar",,
Gabriel Rey,Autuori,entidad,3,998.0,333.0,media,SIN_DATOS_60D,"el exportador automático de GSC agrega por página sobre 35 días, todavía no hay serie diaria real con la que clasificar",,
Gabriel Rey,Guillermo Viscarra,entidad,2,995.0,498.0,baja,SIN_DATOS_60D,"el exportador automático de GSC agrega por página sobre 35 días, todavía no hay serie diaria real con la que clasificar",,
Gabriel Rey,dio la vuelta,tema,2,994.0,497.0,baja,SIN_DATOS_60D,"el exportador automático de GSC agrega por página sobre 35 días, todavía no hay serie diaria real con la que clasificar",,
Gabriel Rey,Campeonato Sudamericano de Voleibol Femenino,entidad,2,993.0,496.0,baja,SIN_DATOS_60D,"el exportador automático de GSC agrega por página sobre 35 días, todavía no hay serie diaria real con la que clasificar",,
Gabriel Rey,Jairo Concha,entidad,2,991.0,496.0,baja,SIN_DATOS_60D,"el exportador automático de GSC agrega por página sobre 35 días, todavía no hay serie diaria real con la que clasificar",,
Gabriel Rey,fuera de la pelea,tema,2,990.0,495.0,baja,SIN_DATOS_60D,"el exportador automático de GSC agrega por página sobre 35 días, todavía no hay serie diaria real con la que clasificar",,
Gabriel Rey,FIFA,entidad,5,987.0,197.0,media,SIN_DATOS_60D,"el exportador automático de GSC agrega por página sobre 35 días, todavía no hay serie diaria real con la que clasificar",,
Gabriel Rey,Europa,entidad,5,971.0,194.0,media,SIN_DATOS_60D,"el exportador automático de GSC agrega por página sobre 35 días, todavía no hay serie diaria real con la que clasificar",,
Gabriel Rey,ASA FC,entidad,3,967.0,322.0,media,SIN_DATOS_60D,"el exportador automático de GSC agrega por página sobre 35 días, todavía no hay serie diaria real con la que clasificar",,
Gabriel Rey,Sub,entidad,3,967.0,322.0,media,SIN_DATOS_60D,"el exportador automático de GSC agrega por página sobre 35 días, todavía no hay serie diaria real con la que clasificar",,
Gabriel Rey,Luis Advíncula,entidad,2,950.0,475.0,baja,SIN_DATOS_60D,"el exportador automático de GSC agrega por página sobre 35 días, todavía no hay serie diaria real con la que clasificar",,
Gabriel Rey,responde a críticas,tema,3,949.0,316.0,media,SIN_DATOS_60D,"el exportador automático de GSC agrega por página sobre 35 días, todavía no hay serie diaria real con la que clasificar",,
Gabriel Rey,lugar de la liga,entidad,2,939.0,470.0,baja,SIN_DATOS_60D,"el exportador automático de GSC agrega por página sobre 35 días, todavía no hay serie diaria real con la que clasificar",,
Gabriel Rey,eliminación de alianza,entidad,2,938.0,469.0,baja,SIN_DATOS_60D,"el exportador automático de GSC agrega por página sobre 35 días, todavía no hay serie diaria real con la que clasificar",,
Gabriel Rey,Piero Quispe,entidad,2,935.0,468.0,baja,SIN_DATOS_60D,"el exportador automático de GSC agrega por página sobre 35 días, todavía no hay serie diaria real con la que clasificar",,
Gabriel Rey,posibles alineaciones de universitario,entidad,3,933.0,311.0,media,SIN_DATOS_60D,"el exportador automático de GSC agrega por página sobre 35 días, todavía no hay serie diaria real con la que clasificar",,
Gabriel Rey,cristal vs,entidad,3,919.0,306.0,media,SIN_DATOS_60D,"el exportador automático de GSC agrega por página sobre 35 días, todavía no hay serie diaria real con la que clasificar",,
Gabriel Rey,brasil vs,entidad,2,917.0,458.0,baja,SIN_DATOS_60D,"el exportador automático de GSC agrega por página sobre 35 días, todavía no hay serie diaria real con la que clasificar",,
Gabriel Rey,andrés mendoza,tema,3,916.0,305.0,media,SIN_DATOS_60D,"el exportador automático de GSC agrega por página sobre 35 días, todavía no hay serie diaria real con la que clasificar",,
Gabriel Rey,Benjamin Bonzi,entidad,2,907.0,454.0,baja,SIN_DATOS_60D,"el exportador automático de GSC agrega por página sobre 35 días, todavía no hay serie diaria real con la que clasificar",,
Gabriel Rey,Gómez,entidad,2,898.0,449.0,baja,SIN_DATOS_60D,"el exportador automático de GSC agrega por página sobre 35 días, todavía no hay serie diaria real con la que clasificar",,
Gabriel Rey,Alianza,entidad,3,897.0,299.0,media,SIN_DATOS_60D,"el exportador automático de GSC agrega por página sobre 35 días, todavía no hay serie diaria real con la que clasificar",,
Gabriel Rey,refuerza su plantel,tema,3,890.0,297.0,media,SIN_DATOS_60D,"el exportador automático de GSC agrega por página sobre 35 días, todavía no hay serie diaria real con la que clasificar",,
Gabriel Rey,Piura,entidad,2,884.0,442.0,baja,SIN_DATOS_60D,"el exportador automático de GSC agrega por página sobre 35 días, todavía no hay serie diaria real con la que clasificar",,
Gabriel Rey,Hernán,entidad,2,873.0,436.0,baja,SIN_DATOS_60D,"el exportador automático de GSC agrega por página sobre 35 días, todavía no hay serie diaria real con la que clasificar",,
Gabriel Rey,duelo de vuelta,tema,2,871.0,436.0,baja,SIN_DATOS_60D,"el exportador automático de GSC agrega por página sobre 35 días, todavía no hay serie diaria real con la que clasificar",,
Gabriel Rey,lima tras denuncia,entidad,2,866.0,433.0,baja,SIN_DATOS_60D,"el exportador automático de GSC agrega por página sobre 35 días, todavía no hay serie diaria real con la que clasificar",,
Gabriel Rey,publicación de los audios,tema,2,864.0,432.0,baja,SIN_DATOS_60D,"el exportador automático de GSC agrega por página sobre 35 días, todavía no hay serie diaria real con la que clasificar",,
Gabriel Rey,apunta al ascenso,tema,2,846.0,423.0,baja,SIN_DATOS_60D,"el exportador automático de GSC agrega por página sobre 35 días, todavía no hay serie diaria real con la que clasificar",,
Gabriel Rey,dura lesión,tema,3,840.0,280.0,media,SIN_DATOS_60D,"el exportador automático de GSC agrega por página sobre 35 días, todavía no hay serie diaria real con la que clasificar",,
Gabriel Rey,Felipe Chávez,entidad,5,827.0,165.0,media,SIN_DATOS_60D,"el exportador automático de GSC agrega por página sobre 35 días, todavía no hay serie diaria real con la que clasificar",,
Gabriel Rey,sporting company,entidad,2,824.0,412.0,baja,SIN_DATOS_60D,"el exportador automático de GSC agrega por página sobre 35 días, todavía no hay serie diaria real con la que clasificar",,
Gabriel Rey,altas y bajas,tema,2,822.0,411.0,baja,SIN_DATOS_60D,"el exportador automático de GSC agrega por página sobre 35 días, todavía no hay serie diaria real con la que clasificar",,
Gabriel Rey,bajas para el torneo,tema,2,822.0,411.0,baja,SIN_DATOS_60D,"el exportador automático de GSC agrega por página sobre 35 días, todavía no hay serie diaria real con la que clasificar",,
Gabriel Rey,grupos del mundial,tema,2,819.0,410.0,baja,SIN_DATOS_60D,"el exportador automático de GSC agrega por página sobre 35 días, todavía no hay serie diaria real con la que clasificar",,
Gabriel Rey,Marruecos,entidad,2,819.0,410.0,baja,SIN_DATOS_60D,"el exportador automático de GSC agrega por página sobre 35 días, todavía no hay serie diaria real con la que clasificar",,
Gabriel Rey,Bryan Reyna,entidad,3,815.0,272.0,media,SIN_DATOS_60D,"el exportador automático de GSC agrega por página sobre 35 días, todavía no hay serie diaria real con la que clasificar",,
Gabriel Rey,Wilder Cartagena,entidad,2,813.0,406.0,baja,SIN_DATOS_60D,"el exportador automático de GSC agrega por página sobre 35 días, todavía no hay serie diaria real con la que clasificar",,
Gabriel Rey,Noruega,entidad,5,810.0,162.0,media,SIN_DATOS_60D,"el exportador automático de GSC agrega por página sobre 35 días, todavía no hay serie diaria real con la que clasificar",,
Gabriel Rey,gr mio,tema,3,808.0,269.0,media,SIN_DATOS_60D,"el exportador automático de GSC agrega por página sobre 35 días, todavía no hay serie diaria real con la que clasificar",,
Gabriel Rey,vs sporting,tema,3,804.0,268.0,media,SIN_DATOS_60D,"el exportador automático de GSC agrega por página sobre 35 días, todavía no hay serie diaria real con la que clasificar",,
Gabriel Rey,Ecosem,entidad,2,790.0,395.0,baja,SIN_DATOS_60D,"el exportador automático de GSC agrega por página sobre 35 días, todavía no hay serie diaria real con la que clasificar",,
Gabriel Rey,dos años,tema,2,783.0,392.0,baja,SIN_DATOS_60D,"el exportador automático de GSC agrega por página sobre 35 días, todavía no hay serie diaria real con la que clasificar",,
Gabriel Rey,firme en la liga,entidad,2,779.0,390.0,baja,SIN_DATOS_60D,"el exportador automático de GSC agrega por página sobre 35 días, todavía no hay serie diaria real con la que clasificar",,
Gabriel Rey,aparece en el radar,tema,2,773.0,386.0,baja,SIN_DATOS_60D,"el exportador automático de GSC agrega por página sobre 35 días, todavía no hay serie diaria real con la que clasificar",,
Gabriel Rey,Andahuaylas,entidad,2,770.0,385.0,baja,SIN_DATOS_60D,"el exportador automático de GSC agrega por página sobre 35 días, todavía no hay serie diaria real con la que clasificar",,
Gabriel Rey,inicio de la liga,entidad,2,768.0,384.0,baja,SIN_DATOS_60D,"el exportador automático de GSC agrega por página sobre 35 días, todavía no hay serie diaria real con la que clasificar",,
Gabriel Rey,Orlando Núñez,entidad,2,762.0,381.0,baja,SIN_DATOS_60D,"el exportador automático de GSC agrega por página sobre 35 días, todavía no hay serie diaria real con la que clasificar",,
Gabriel Rey,goles en la liga,entidad,2,753.0,376.0,baja,SIN_DATOS_60D,"el exportador automático de GSC agrega por página sobre 35 días, todavía no hay serie diaria real con la que clasificar",,
Gabriel Rey,México,entidad,3,751.0,250.0,media,SIN_DATOS_60D,"el exportador automático de GSC agrega por página sobre 35 días, todavía no hay serie diaria real con la que clasificar",,
Gabriel Rey,deportes cuándo,tema,3,742.0,247.0,media,SIN_DATOS_60D,"el exportador automático de GSC agrega por página sobre 35 días, todavía no hay serie diaria real con la que clasificar",,
Gabriel Rey,universitario por la fecha,entidad,2,738.0,369.0,baja,SIN_DATOS_60D,"el exportador automático de GSC agrega por página sobre 35 días, todavía no hay serie diaria real con la que clasificar",,
Gabriel Rey,ATP,entidad,2,736.0,368.0,baja,SIN_DATOS_60D,"el exportador automático de GSC agrega por página sobre 35 días, todavía no hay serie diaria real con la que clasificar",,
Gabriel Rey,Jesús Pretell,entidad,6,734.0,122.0,media,SIN_DATOS_60D,"el exportador automático de GSC agrega por página sobre 35 días, todavía no hay serie diaria real con la que clasificar",,
Gabriel Rey,contundente comunicado,tema,2,732.0,366.0,baja,SIN_DATOS_60D,"el exportador automático de GSC agrega por página sobre 35 días, todavía no hay serie diaria real con la que clasificar",,
Gabriel Rey,CESA,entidad,2,730.0,365.0,baja,SIN_DATOS_60D,"el exportador automático de GSC agrega por página sobre 35 días, todavía no hay serie diaria real con la que clasificar",,
Gabriel Rey,salida de autuori,entidad,2,718.0,359.0,baja,SIN_DATOS_60D,"el exportador automático de GSC agrega por página sobre 35 días, todavía no hay serie diaria real con la que clasificar",,
Gabriel Rey,muchos goles,tema,2,715.0,358.0,baja,SIN_DATOS_60D,"el exportador automático de GSC agrega por página sobre 35 días, todavía no hay serie diaria real con la que clasificar",,
Gabriel Rey,tricampeonato de la liga,entidad,2,708.0,354.0,baja,SIN_DATOS_60D,"el exportador automático de GSC agrega por página sobre 35 días, todavía no hay serie diaria real con la que clasificar",,
Gabriel Rey,ida de la fase,entidad,3,703.0,234.0,media,SIN_DATOS_60D,"el exportador automático de GSC agrega por página sobre 35 días, todavía no hay serie diaria real con la que clasificar",,
Gabriel Rey,equipo crema,tema,2,701.0,350.0,baja,SIN_DATOS_60D,"el exportador automático de GSC agrega por página sobre 35 días, todavía no hay serie diaria real con la que clasificar",,
Gabriel Rey,Alianza Lima Esteban Pavez,entidad,2,699.0,350.0,baja,SIN_DATOS_60D,"el exportador automático de GSC agrega por página sobre 35 días, todavía no hay serie diaria real con la que clasificar",,
Gabriel Rey,Santos FC,entidad,4,698.0,174.0,media,SIN_DATOS_60D,"el exportador automático de GSC agrega por página sobre 35 días, todavía no hay serie diaria real con la que clasificar",,
Gabriel Rey,lima por la fecha,entidad,2,695.0,348.0,baja,SIN_DATOS_60D,"el exportador automático de GSC agrega por página sobre 35 días, todavía no hay serie diaria real con la que clasificar",,
Gabriel Rey,universitario vs alianza,entidad,2,693.0,346.0,baja,SIN_DATOS_60D,"el exportador automático de GSC agrega por página sobre 35 días, todavía no hay serie diaria real con la que clasificar",,
Gabriel Rey,boys vs universitario,entidad,2,689.0,344.0,baja,SIN_DATOS_60D,"el exportador automático de GSC agrega por página sobre 35 días, todavía no hay serie diaria real con la que clasificar",,
Gabriel Rey,Pablo Lavandeira,entidad,3,685.0,228.0,media,SIN_DATOS_60D,"el exportador automático de GSC agrega por página sobre 35 días, todavía no hay serie diaria real con la que clasificar",,
Gabriel Rey,pieza clave,tema,3,680.0,227.0,media,SIN_DATOS_60D,"el exportador automático de GSC agrega por página sobre 35 días, todavía no hay serie diaria real con la que clasificar",,
Gabriel Rey,César Vallejo,entidad,2,671.0,336.0,baja,SIN_DATOS_60D,"el exportador automático de GSC agrega por página sobre 35 días, todavía no hay serie diaria real con la que clasificar",,
Gabriel Rey,Diego Rebagliati,entidad,2,671.0,336.0,baja,SIN_DATOS_60D,"el exportador automático de GSC agrega por página sobre 35 días, todavía no hay serie diaria real con la que clasificar",,
Gabriel Rey,Nacional,entidad,3,662.0,221.0,media,SIN_DATOS_60D,"el exportador automático de GSC agrega por página sobre 35 días, todavía no hay serie diaria real con la que clasificar",,
Gabriel Rey,paso por universitario,entidad,3,657.0,219.0,media,SIN_DATOS_60D,"el exportador automático de GSC agrega por página sobre 35 días, todavía no hay serie diaria real con la que clasificar",,
Gabriel Rey,vuelta de los vos,tema,2,656.0,328.0,baja,SIN_DATOS_60D,"el exportador automático de GSC agrega por página sobre 35 días, todavía no hay serie diaria real con la que clasificar",,
Gabriel Rey,clave en la liga,entidad,2,631.0,316.0,baja,SIN_DATOS_60D,"el exportador automático de GSC agrega por página sobre 35 días, todavía no hay serie diaria real con la que clasificar",,
Gabriel Rey,Portugal,entidad,4,629.0,157.0,media,SIN_DATOS_60D,"el exportador automático de GSC agrega por página sobre 35 días, todavía no hay serie diaria real con la que clasificar",,
Gabriel Rey,tercer lugar,tema,2,627.0,314.0,baja,SIN_DATOS_60D,"el exportador automático de GSC agrega por página sobre 35 días, todavía no hay serie diaria real con la que clasificar",,
Gabriel Rey,Brasileirao,entidad,4,624.0,156.0,media,SIN_DATOS_60D,"el exportador automático de GSC agrega por página sobre 35 días, todavía no hay serie diaria real con la que clasificar",,
Gabriel Rey,segundo triunfo,tema,2,619.0,310.0,baja,SIN_DATOS_60D,"el exportador automático de GSC agrega por página sobre 35 días, todavía no hay serie diaria real con la que clasificar",,
Gabriel Rey,Inglaterra,entidad,4,608.0,152.0,media,SIN_DATOS_60D,"el exportador automático de GSC agrega por página sobre 35 días, todavía no hay serie diaria real con la que clasificar",,
Gabriel Rey,final para el mundial,tema,6,607.0,101.0,media,SIN_DATOS_60D,"el exportador automático de GSC agrega por página sobre 35 días, todavía no hay serie diaria real con la que clasificar",,
Gabriel Rey,lista final,tema,6,607.0,101.0,media,SIN_DATOS_60D,"el exportador automático de GSC agrega por página sobre 35 días, todavía no hay serie diaria real con la que clasificar",,
Gabriel Rey,fc por la fecha,entidad,2,606.0,303.0,baja,SIN_DATOS_60D,"el exportador automático de GSC agrega por página sobre 35 días, todavía no hay serie diaria real con la que clasificar",,
Gabriel Rey,vs cusco,entidad,2,606.0,303.0,baja,SIN_DATOS_60D,"el exportador automático de GSC agrega por página sobre 35 días, todavía no hay serie diaria real con la que clasificar",,
Gabriel Rey,miguel trauco,entidad,2,595.0,298.0,baja,SIN_DATOS_60D,"el exportador automático de GSC agrega por página sobre 35 días, todavía no hay serie diaria real con la que clasificar",,
Gabriel Rey,nuevo dt,entidad,3,589.0,196.0,media,SIN_DATOS_60D,"el exportador automático de GSC agrega por página sobre 35 días, todavía no hay serie diaria real con la que clasificar",,
Gabriel Rey,Fase de la Copa Libertadores,entidad,2,580.0,290.0,baja,SIN_DATOS_60D,"el exportador automático de GSC agrega por página sobre 35 días, todavía no hay serie diaria real con la que clasificar",,
Gabriel Rey,FC Killas,entidad,3,578.0,193.0,media,SIN_DATOS_60D,"el exportador automático de GSC agrega por página sobre 35 días, todavía no hay serie diaria real con la que clasificar",,
Gabriel Rey,cristal probables alineaciones,entidad,2,567.0,284.0,baja,SIN_DATOS_60D,"el exportador automático de GSC agrega por página sobre 35 días, todavía no hay serie diaria real con la que clasificar",,
Gabriel Rey,último suspiro,tema,3,567.0,189.0,media,SIN_DATOS_60D,"el exportador automático de GSC agrega por página sobre 35 días, todavía no hay serie diaria real con la que clasificar",,
Gabriel Rey,sigue firme,tema,2,565.0,282.0,baja,SIN_DATOS_60D,"el exportador automático de GSC agrega por página sobre 35 días, todavía no hay serie diaria real con la que clasificar",,
Gabriel Rey,da el salto,tema,2,554.0,277.0,baja,SIN_DATOS_60D,"el exportador automático de GSC agrega por página sobre 35 días, todavía no hay serie diaria real con la que clasificar",,
Gabriel Rey,Alemania,entidad,4,553.0,138.0,media,SIN_DATOS_60D,"el exportador automático de GSC agrega por página sobre 35 días, todavía no hay serie diaria real con la que clasificar",,
Gabriel Rey,críticas a la copa,entidad,2,550.0,275.0,baja,SIN_DATOS_60D,"el exportador automático de GSC agrega por página sobre 35 días, todavía no hay serie diaria real con la que clasificar",,
Gabriel Rey,remontada épica,tema,2,550.0,275.0,baja,SIN_DATOS_60D,"el exportador automático de GSC agrega por página sobre 35 días, todavía no hay serie diaria real con la que clasificar",,
Gabriel Rey,Mateo Antoni,entidad,2,548.0,274.0,baja,SIN_DATOS_60D,"el exportador automático de GSC agrega por página sobre 35 días, todavía no hay serie diaria real con la que clasificar",,
Gabriel Rey,LDU de Quito,entidad,3,539.0,180.0,media,SIN_DATOS_60D,"el exportador automático de GSC agrega por página sobre 35 días, todavía no hay serie diaria real con la que clasificar",,
Gabriel Rey,Etapa Provincial de Abancay,entidad,2,537.0,268.0,baja,SIN_DATOS_60D,"el exportador automático de GSC agrega por página sobre 35 días, todavía no hay serie diaria real con la que clasificar",,
Gabriel Rey,Sullana,entidad,2,537.0,268.0,baja,SIN_DATOS_60D,"el exportador automático de GSC agrega por página sobre 35 días, todavía no hay serie diaria real con la que clasificar",,
Gabriel Rey,gran momento,tema,3,533.0,178.0,media,SIN_DATOS_60D,"el exportador automático de GSC agrega por página sobre 35 días, todavía no hay serie diaria real con la que clasificar",,
Gabriel Rey,Selección,entidad,2,531.0,266.0,baja,SIN_DATOS_60D,"el exportador automático de GSC agrega por página sobre 35 días, todavía no hay serie diaria real con la que clasificar",,
Gabriel Rey,libertadores tabla,entidad,3,530.0,177.0,media,SIN_DATOS_60D,"el exportador automático de GSC agrega por página sobre 35 días, todavía no hay serie diaria real con la que clasificar",,
Gabriel Rey,derrota consecutiva,tema,2,529.0,264.0,baja,SIN_DATOS_60D,"el exportador automático de GSC agrega por página sobre 35 días, todavía no hay serie diaria real con la que clasificar",,
Gabriel Rey,nuevo equipo,tema,3,529.0,176.0,media,SIN_DATOS_60D,"el exportador automático de GSC agrega por página sobre 35 días, todavía no hay serie diaria real con la que clasificar",,
Gabriel Rey,Haití,entidad,3,519.0,173.0,media,SIN_DATOS_60D,"el exportador automático de GSC agrega por página sobre 35 días, todavía no hay serie diaria real con la que clasificar",,
Gabriel Rey,polémica salida,tema,2,513.0,256.0,baja,SIN_DATOS_60D,"el exportador automático de GSC agrega por página sobre 35 días, todavía no hay serie diaria real con la que clasificar",,
Gabriel Rey,responde a renato,tema,2,506.0,253.0,baja,SIN_DATOS_60D,"el exportador automático de GSC agrega por página sobre 35 días, todavía no hay serie diaria real con la que clasificar",,
Gabriel Rey,Campeonato Gaucho,entidad,3,501.0,167.0,media,SIN_DATOS_60D,"el exportador automático de GSC agrega por página sobre 35 días, todavía no hay serie diaria real con la que clasificar",,
Gabriel Rey,Juventud,entidad,2,498.0,249.0,baja,SIN_DATOS_60D,"el exportador automático de GSC agrega por página sobre 35 días, todavía no hay serie diaria real con la que clasificar",,
Gabriel Rey,Universidad Católica,entidad,2,498.0,249.0,baja,SIN_DATOS_60D,"el exportador automático de GSC agrega por página sobre 35 días, todavía no hay serie diaria real con la que clasificar",,
Gabriel Rey,Alianza Lima Peter Arévalo,entidad,2,482.0,241.0,baja,SIN_DATOS_60D,"el exportador automático de GSC agrega por página sobre 35 días, todavía no hay serie diaria real con la que clasificar",,
Gabriel Rey,punta del grupo,entidad,2,472.0,236.0,baja,SIN_DATOS_60D,"el exportador automático de GSC agrega por página sobre 35 días, todavía no hay serie diaria real con la que clasificar",,
Gabriel Rey,salto a europa,entidad,2,458.0,229.0,baja,SIN_DATOS_60D,"el exportador automático de GSC agrega por página sobre 35 días, todavía no hay serie diaria real con la que clasificar",,
Gabriel Rey,Cristiano Ronaldo,entidad,4,454.0,114.0,media,SIN_DATOS_60D,"el exportador automático de GSC agrega por página sobre 35 días, todavía no hay serie diaria real con la que clasificar",,
Gabriel Rey,arsenal lawn tennis,entidad,2,444.0,222.0,baja,SIN_DATOS_60D,"el exportador automático de GSC agrega por página sobre 35 días, todavía no hay serie diaria real con la que clasificar",,
Gabriel Rey,experiencia y goles,tema,2,443.0,222.0,baja,SIN_DATOS_60D,"el exportador automático de GSC agrega por página sobre 35 días, todavía no hay serie diaria real con la que clasificar",,
Gabriel Rey,título del torneo clausura,entidad,3,442.0,147.0,media,SIN_DATOS_60D,"el exportador automático de GSC agrega por página sobre 35 días, todavía no hay serie diaria real con la que clasificar",,
Gabriel Rey,afrontar la etapa,tema,2,437.0,218.0,baja,SIN_DATOS_60D,"el exportador automático de GSC agrega por página sobre 35 días, todavía no hay serie diaria real con la que clasificar",,
Gabriel Rey,buse vs,tema,2,437.0,218.0,baja,SIN_DATOS_60D,"el exportador automático de GSC agrega por página sobre 35 días, todavía no hay serie diaria real con la que clasificar",,
Gabriel Rey,ii vs,tema,2,437.0,218.0,baja,SIN_DATOS_60D,"el exportador automático de GSC agrega por página sobre 35 días, todavía no hay serie diaria real con la que clasificar",,
Gabriel Rey,ir por el ascenso,tema,2,436.0,218.0,baja,SIN_DATOS_60D,"el exportador automático de GSC agrega por página sobre 35 días, todavía no hay serie diaria real con la que clasificar",,
Gabriel Rey,experiencia internacional,tema,2,429.0,214.0,baja,SIN_DATOS_60D,"el exportador automático de GSC agrega por página sobre 35 días, todavía no hay serie diaria real con la que clasificar",,
Gabriel Rey,Sport Áncash,entidad,2,426.0,213.0,baja,SIN_DATOS_60D,"el exportador automático de GSC agrega por página sobre 35 días, todavía no hay serie diaria real con la que clasificar",,
Gabriel Rey,Defensores del Ilucán,entidad,2,424.0,212.0,baja,SIN_DATOS_60D,"el exportador automático de GSC agrega por página sobre 35 días, todavía no hay serie diaria real con la que clasificar",,
Gabriel Rey,Universidad César Vallejo,entidad,3,424.0,141.0,media,SIN_DATOS_60D,"el exportador automático de GSC agrega por página sobre 35 días, todavía no hay serie diaria real con la que clasificar",,
Gabriel Rey,zona de descenso,tema,3,424.0,141.0,media,SIN_DATOS_60D,"el exportador automático de GSC agrega por página sobre 35 días, todavía no hay serie diaria real con la que clasificar",,
Gabriel Rey,Bayern Múnich,entidad,2,420.0,210.0,baja,SIN_DATOS_60D,"el exportador automático de GSC agrega por página sobre 35 días, todavía no hay serie diaria real con la que clasificar",,
Gabriel Rey,cienciano vs alianza,entidad,2,420.0,210.0,baja,SIN_DATOS_60D,"el exportador automático de GSC agrega por página sobre 35 días, todavía no hay serie diaria real con la que clasificar",,
Gabriel Rey,vs adt,entidad,2,414.0,207.0,baja,SIN_DATOS_60D,"el exportador automático de GSC agrega por página sobre 35 días, todavía no hay serie diaria real con la que clasificar",,
Gabriel Rey,Alejandro Duarte,entidad,3,413.0,138.0,media,SIN_DATOS_60D,"el exportador automático de GSC agrega por página sobre 35 días, todavía no hay serie diaria real con la que clasificar",,
Gabriel Rey,salida de alianza,entidad,2,411.0,206.0,baja,SIN_DATOS_60D,"el exportador automático de GSC agrega por página sobre 35 días, todavía no hay serie diaria real con la que clasificar",,
Gabriel Rey,FC,entidad,2,409.0,204.0,baja,SIN_DATOS_60D,"el exportador automático de GSC agrega por página sobre 35 días, todavía no hay serie diaria real con la que clasificar",,
Gabriel Rey,Junior,entidad,2,406.0,203.0,baja,SIN_DATOS_60D,"el exportador automático de GSC agrega por página sobre 35 días, todavía no hay serie diaria real con la que clasificar",,
Gabriel Rey,grupo de universitario,entidad,2,405.0,202.0,baja,SIN_DATOS_60D,"el exportador automático de GSC agrega por página sobre 35 días, todavía no hay serie diaria real con la que clasificar",,
Gabriel Rey,semifinal de vuelta,tema,2,403.0,202.0,baja,SIN_DATOS_60D,"el exportador automático de GSC agrega por página sobre 35 días, todavía no hay serie diaria real con la que clasificar",,
Gabriel Rey,Sparta Praga,entidad,3,400.0,133.0,media,SIN_DATOS_60D,"el exportador automático de GSC agrega por página sobre 35 días, todavía no hay serie diaria real con la que clasificar",,
Gabriel Rey,resultados de fecha,tema,2,394.0,197.0,baja,SIN_DATOS_60D,"el exportador automático de GSC agrega por página sobre 35 días, todavía no hay serie diaria real con la que clasificar",,
Gabriel Rey,etapa provincial,entidad,3,393.0,131.0,media,SIN_DATOS_60D,"el exportador automático de GSC agrega por página sobre 35 días, todavía no hay serie diaria real con la que clasificar",,
Gabriel Rey,pese a caída,tema,2,391.0,196.0,baja,SIN_DATOS_60D,"el exportador automático de GSC agrega por página sobre 35 días, todavía no hay serie diaria real con la que clasificar",,
Gabriel Rey,Senegal,entidad,2,391.0,196.0,baja,SIN_DATOS_60D,"el exportador automático de GSC agrega por página sobre 35 días, todavía no hay serie diaria real con la que clasificar",,
Gabriel Rey,fecha hora,tema,2,384.0,192.0,baja,SIN_DATOS_60D,"el exportador automático de GSC agrega por página sobre 35 días, todavía no hay serie diaria real con la que clasificar",,
Gabriel Rey,posibles alineaciones de alianza,entidad,2,384.0,192.0,baja,SIN_DATOS_60D,"el exportador automático de GSC agrega por página sobre 35 días, todavía no hay serie diaria real con la que clasificar",,
Gabriel Rey,Río Open,entidad,2,376.0,188.0,baja,SIN_DATOS_60D,"el exportador automático de GSC agrega por página sobre 35 días, todavía no hay serie diaria real con la que clasificar",,
Gabriel Rey,clausura de la liga,entidad,2,375.0,188.0,baja,SIN_DATOS_60D,"el exportador automático de GSC agrega por página sobre 35 días, todavía no hay serie diaria real con la que clasificar",,
Gabriel Rey,Matías Di Benedetto,entidad,3,374.0,125.0,media,SIN_DATOS_60D,"el exportador automático de GSC agrega por página sobre 35 días, todavía no hay serie diaria real con la que clasificar",,
Gabriel Rey,Sebastián Aranda,entidad,2,374.0,187.0,baja,SIN_DATOS_60D,"el exportador automático de GSC agrega por página sobre 35 días, todavía no hay serie diaria real con la que clasificar",,
Gabriel Rey,salida de javier,tema,2,373.0,186.0,baja,SIN_DATOS_60D,"el exportador automático de GSC agrega por página sobre 35 días, todavía no hay serie diaria real con la que clasificar",,
Gabriel Rey,Fabio Gruber,entidad,4,369.0,92.0,media,SIN_DATOS_60D,"el exportador automático de GSC agrega por página sobre 35 días, todavía no hay serie diaria real con la que clasificar",,
Gabriel Rey,buenas sensaciones,tema,2,368.0,184.0,baja,SIN_DATOS_60D,"el exportador automático de GSC agrega por página sobre 35 días, todavía no hay serie diaria real con la que clasificar",,
Gabriel Rey,defensor sporting,tema,3,368.0,123.0,media,SIN_DATOS_60D,"el exportador automático de GSC agrega por página sobre 35 días, todavía no hay serie diaria real con la que clasificar",,
Gabriel Rey,Juan Pablo Goicochea,entidad,3,368.0,123.0,media,SIN_DATOS_60D,"el exportador automático de GSC agrega por página sobre 35 días, todavía no hay serie diaria real con la que clasificar",,
Gabriel Rey,Cajamarca,entidad,2,366.0,183.0,baja,SIN_DATOS_60D,"el exportador automático de GSC agrega por página sobre 35 días, todavía no hay serie diaria real con la que clasificar",,
Gabriel Rey,Jhilmar Lora,entidad,2,365.0,182.0,baja,SIN_DATOS_60D,"el exportador automático de GSC agrega por página sobre 35 días, todavía no hay serie diaria real con la que clasificar",,
Gabriel Rey,Jude Bellingham,entidad,2,363.0,182.0,baja,SIN_DATOS_60D,"el exportador automático de GSC agrega por página sobre 35 días, todavía no hay serie diaria real con la que clasificar",,
Gabriel Rey,provincial de cajamarca,entidad,3,359.0,120.0,media,SIN_DATOS_60D,"el exportador automático de GSC agrega por página sobre 35 días, todavía no hay serie diaria real con la que clasificar",,
Gabriel Rey,cultural volante,tema,2,358.0,179.0,baja,SIN_DATOS_60D,"el exportador automático de GSC agrega por página sobre 35 días, todavía no hay serie diaria real con la que clasificar",,
Gabriel Rey,partidos en la etapa,tema,2,356.0,178.0,baja,SIN_DATOS_60D,"el exportador automático de GSC agrega por página sobre 35 días, todavía no hay serie diaria real con la que clasificar",,
Gabriel Rey,camino definido,tema,2,356.0,178.0,baja,SIN_DATOS_60D,"el exportador automático de GSC agrega por página sobre 35 días, todavía no hay serie diaria real con la que clasificar",,
Gabriel Rey,Carlos Zambrano y Miguel Trauco,entidad,2,350.0,175.0,baja,SIN_DATOS_60D,"el exportador automático de GSC agrega por página sobre 35 días, todavía no hay serie diaria real con la que clasificar",,
Gabriel Rey,Joao Grimaldo,entidad,3,349.0,116.0,media,SIN_DATOS_60D,"el exportador automático de GSC agrega por página sobre 35 días, todavía no hay serie diaria real con la que clasificar",,
Gabriel Rey,pelear el ascenso,tema,2,349.0,174.0,baja,SIN_DATOS_60D,"el exportador automático de GSC agrega por página sobre 35 días, todavía no hay serie diaria real con la que clasificar",,
Gabriel Rey,mundial la fifa,entidad,2,344.0,172.0,baja,SIN_DATOS_60D,"el exportador automático de GSC agrega por página sobre 35 días, todavía no hay serie diaria real con la que clasificar",,
Gabriel Rey,vuelta de la fase,entidad,2,338.0,169.0,baja,SIN_DATOS_60D,"el exportador automático de GSC agrega por página sobre 35 días, todavía no hay serie diaria real con la que clasificar",,
Gabriel Rey,Cusco,entidad,3,332.0,111.0,media,SIN_DATOS_60D,"el exportador automático de GSC agrega por página sobre 35 días, todavía no hay serie diaria real con la que clasificar",,
Gabriel Rey,Deportivo,entidad,2,324.0,162.0,baja,SIN_DATOS_60D,"el exportador automático de GSC agrega por página sobre 35 días, todavía no hay serie diaria real con la que clasificar",,
Gabriel Rey,Torres,entidad,2,322.0,161.0,baja,SIN_DATOS_60D,"el exportador automático de GSC agrega por página sobre 35 días, todavía no hay serie diaria real con la que clasificar",,
Gabriel Rey,universitario antes,entidad,2,322.0,161.0,baja,SIN_DATOS_60D,"el exportador automático de GSC agrega por página sobre 35 días, todavía no hay serie diaria real con la que clasificar",,
Gabriel Rey,Rabanal,entidad,2,321.0,160.0,baja,SIN_DATOS_60D,"el exportador automático de GSC agrega por página sobre 35 días, todavía no hay serie diaria real con la que clasificar",,
Gabriel Rey,oficializado como nuevo,tema,2,318.0,159.0,baja,SIN_DATOS_60D,"el exportador automático de GSC agrega por página sobre 35 días, todavía no hay serie diaria real con la que clasificar",,
Gabriel Rey,Erling Haaland,entidad,2,317.0,158.0,baja,SIN_DATOS_60D,"el exportador automático de GSC agrega por página sobre 35 días, todavía no hay serie diaria real con la que clasificar",,
Gabriel Rey,clásico ante alianza,entidad,2,315.0,158.0,baja,SIN_DATOS_60D,"el exportador automático de GSC agrega por página sobre 35 días, todavía no hay serie diaria real con la que clasificar",,
Gabriel Rey,Francia,entidad,2,315.0,158.0,baja,SIN_DATOS_60D,"el exportador automático de GSC agrega por página sobre 35 días, todavía no hay serie diaria real con la que clasificar",,
Gabriel Rey,dura goleada,tema,2,314.0,157.0,baja,SIN_DATOS_60D,"el exportador automático de GSC agrega por página sobre 35 días, todavía no hay serie diaria real con la que clasificar",,
Gabriel Rey,debut oficial,tema,2,313.0,156.0,baja,SIN_DATOS_60D,"el exportador automático de GSC agrega por página sobre 35 días, todavía no hay serie diaria real con la que clasificar",,
Gabriel Rey,pro resultados,tema,2,313.0,156.0,baja,SIN_DATOS_60D,"el exportador automático de GSC agrega por página sobre 35 días, todavía no hay serie diaria real con la que clasificar",,
Gabriel Rey,dt tras la salida,entidad,2,311.0,156.0,baja,SIN_DATOS_60D,"el exportador automático de GSC agrega por página sobre 35 días, todavía no hay serie diaria real con la que clasificar",,
Gabriel Rey,mercado de la liga,entidad,2,311.0,156.0,baja,SIN_DATOS_60D,"el exportador automático de GSC agrega por página sobre 35 días, todavía no hay serie diaria real con la que clasificar",,
Gabriel Rey,Santiago Ormeño,entidad,2,310.0,155.0,baja,SIN_DATOS_60D,"el exportador automático de GSC agrega por página sobre 35 días, todavía no hay serie diaria real con la que clasificar",,
Gabriel Rey,joazhiño arroé,tema,2,309.0,154.0,baja,SIN_DATOS_60D,"el exportador automático de GSC agrega por página sobre 35 días, todavía no hay serie diaria real con la que clasificar",,
Gabriel Rey,primer paso,tema,2,306.0,153.0,baja,SIN_DATOS_60D,"el exportador automático de GSC agrega por página sobre 35 días, todavía no hay serie diaria real con la que clasificar",,
Gabriel Rey,Turquía,entidad,2,305.0,152.0,baja,SIN_DATOS_60D,"el exportador automático de GSC agrega por página sobre 35 días, todavía no hay serie diaria real con la que clasificar",,
Gabriel Rey,Roberto Mosquera,entidad,2,293.0,146.0,baja,SIN_DATOS_60D,"el exportador automático de GSC agrega por página sobre 35 días, todavía no hay serie diaria real con la que clasificar",,
Gabriel Rey,etapa provincial de cajamarca,entidad,2,285.0,142.0,baja,SIN_DATOS_60D,"el exportador automático de GSC agrega por página sobre 35 días, todavía no hay serie diaria real con la que clasificar",,
Gabriel Rey,Hamburgo,entidad,2,284.0,142.0,baja,SIN_DATOS_60D,"el exportador automático de GSC agrega por página sobre 35 días, todavía no hay serie diaria real con la que clasificar",,
Gabriel Rey,escala en la tabla,tema,2,280.0,140.0,baja,SIN_DATOS_60D,"el exportador automático de GSC agrega por página sobre 35 días, todavía no hay serie diaria real con la que clasificar",,
Gabriel Rey,conoce a sus seis,tema,2,279.0,140.0,baja,SIN_DATOS_60D,"el exportador automático de GSC agrega por página sobre 35 días, todavía no hay serie diaria real con la que clasificar",,
Gabriel Rey,rivales en la etapa,tema,2,279.0,140.0,baja,SIN_DATOS_60D,"el exportador automático de GSC agrega por página sobre 35 días, todavía no hay serie diaria real con la que clasificar",,
Gabriel Rey,seis rivales,tema,2,279.0,140.0,baja,SIN_DATOS_60D,"el exportador automático de GSC agrega por página sobre 35 días, todavía no hay serie diaria real con la que clasificar",,
Gabriel Rey,Alfonso Barco,entidad,3,278.0,93.0,media,SIN_DATOS_60D,"el exportador automático de GSC agrega por página sobre 35 días, todavía no hay serie diaria real con la que clasificar",,
Gabriel Rey,atlético tras resultados,tema,2,278.0,139.0,baja,SIN_DATOS_60D,"el exportador automático de GSC agrega por página sobre 35 días, todavía no hay serie diaria real con la que clasificar",,
Gabriel Rey,grupo de alianza,entidad,2,278.0,139.0,baja,SIN_DATOS_60D,"el exportador automático de GSC agrega por página sobre 35 días, todavía no hay serie diaria real con la que clasificar",,
Gabriel Rey,Colonia,entidad,2,272.0,136.0,baja,SIN_DATOS_60D,"el exportador automático de GSC agrega por página sobre 35 días, todavía no hay serie diaria real con la que clasificar",,
Gabriel Rey,convocado por mano,tema,3,271.0,90.0,media,SIN_DATOS_60D,"el exportador automático de GSC agrega por página sobre 35 días, todavía no hay serie diaria real con la que clasificar",,
Gabriel Rey,Alianza Universidad de Huánuco,entidad,2,270.0,135.0,baja,SIN_DATOS_60D,"el exportador automático de GSC agrega por página sobre 35 días, todavía no hay serie diaria real con la que clasificar",,
Gabriel Rey,presentado como nuevo,tema,2,270.0,135.0,baja,SIN_DATOS_60D,"el exportador automático de GSC agrega por página sobre 35 días, todavía no hay serie diaria real con la que clasificar",,
Gabriel Rey,pronóstico y cuando,tema,2,268.0,134.0,baja,SIN_DATOS_60D,"el exportador automático de GSC agrega por página sobre 35 días, todavía no hay serie diaria real con la que clasificar",,
Gabriel Rey,gran salto,tema,2,264.0,132.0,baja,SIN_DATOS_60D,"el exportador automático de GSC agrega por página sobre 35 días, todavía no hay serie diaria real con la que clasificar",,
Gabriel Rey,Peter Arévalo,entidad,2,263.0,132.0,baja,SIN_DATOS_60D,"el exportador automático de GSC agrega por página sobre 35 días, todavía no hay serie diaria real con la que clasificar",,
Gabriel Rey,antes del duelo,tema,2,262.0,131.0,baja,SIN_DATOS_60D,"el exportador automático de GSC agrega por página sobre 35 días, todavía no hay serie diaria real con la que clasificar",,
Gabriel Rey,Montevideo City,entidad,2,262.0,131.0,baja,SIN_DATOS_60D,"el exportador automático de GSC agrega por página sobre 35 días, todavía no hay serie diaria real con la que clasificar",,
Gabriel Rey,Inter,entidad,2,247.0,124.0,baja,SIN_DATOS_60D,"el exportador automático de GSC agrega por página sobre 35 días, todavía no hay serie diaria real con la que clasificar",,
Gabriel Rey,líder de la bundesliga,entidad,2,247.0,124.0,baja,SIN_DATOS_60D,"el exportador automático de GSC agrega por página sobre 35 días, todavía no hay serie diaria real con la que clasificar",,
Gabriel Rey,Panamá,entidad,2,237.0,118.0,baja,SIN_DATOS_60D,"el exportador automático de GSC agrega por página sobre 35 días, todavía no hay serie diaria real con la que clasificar",,
Gabriel Rey,gran oportunidad,tema,2,231.0,116.0,baja,SIN_DATOS_60D,"el exportador automático de GSC agrega por página sobre 35 días, todavía no hay serie diaria real con la que clasificar",,
Gabriel Rey,nueva oportunidad,tema,2,229.0,114.0,baja,SIN_DATOS_60D,"el exportador automático de GSC agrega por página sobre 35 días, todavía no hay serie diaria real con la que clasificar",,
Gabriel Rey,nuevo jugador,tema,2,226.0,113.0,baja,SIN_DATOS_60D,"el exportador automático de GSC agrega por página sobre 35 días, todavía no hay serie diaria real con la que clasificar",,
Gabriel Rey,volante peruano,tema,2,224.0,112.0,baja,SIN_DATOS_60D,"el exportador automático de GSC agrega por página sobre 35 días, todavía no hay serie diaria real con la que clasificar",,
Gabriel Rey,Costa de Marfil,entidad,2,219.0,110.0,baja,SIN_DATOS_60D,"el exportador automático de GSC agrega por página sobre 35 días, todavía no hay serie diaria real con la que clasificar",,
Gabriel Rey,Kenji Cabrera,entidad,3,215.0,72.0,media,SIN_DATOS_60D,"el exportador automático de GSC agrega por página sobre 35 días, todavía no hay serie diaria real con la que clasificar",,
Gabriel Rey,MLS,entidad,3,215.0,72.0,media,SIN_DATOS_60D,"el exportador automático de GSC agrega por página sobre 35 días, todavía no hay serie diaria real con la que clasificar",,
Gabriel Rey,Vancouver Whitecaps,entidad,3,215.0,72.0,media,SIN_DATOS_60D,"el exportador automático de GSC agrega por página sobre 35 días, todavía no hay serie diaria real con la que clasificar",,
Gabriel Rey,Reimond Manco,entidad,2,210.0,105.0,baja,SIN_DATOS_60D,"el exportador automático de GSC agrega por página sobre 35 días, todavía no hay serie diaria real con la que clasificar",,
Gabriel Rey,UNSAAC,entidad,2,210.0,105.0,baja,SIN_DATOS_60D,"el exportador automático de GSC agrega por página sobre 35 días, todavía no hay serie diaria real con la que clasificar",,
Gabriel Rey,Rumania,entidad,2,205.0,102.0,baja,SIN_DATOS_60D,"el exportador automático de GSC agrega por página sobre 35 días, todavía no hay serie diaria real con la que clasificar",,
Gabriel Rey,peruana y la altura,tema,2,195.0,98.0,baja,SIN_DATOS_60D,"el exportador automático de GSC agrega por página sobre 35 días, todavía no hay serie diaria real con la que clasificar",,
Gabriel Rey,Oliver Sonne,entidad,2,194.0,97.0,baja,SIN_DATOS_60D,"el exportador automático de GSC agrega por página sobre 35 días, todavía no hay serie diaria real con la que clasificar",,
Gabriel Rey,antes del inicio,tema,2,188.0,94.0,baja,SIN_DATOS_60D,"el exportador automático de GSC agrega por página sobre 35 días, todavía no hay serie diaria real con la que clasificar",,
Gabriel Rey,Mainz,entidad,2,188.0,94.0,baja,SIN_DATOS_60D,"el exportador automático de GSC agrega por página sobre 35 días, todavía no hay serie diaria real con la que clasificar",,
Gabriel Rey,nuevo triunfo,tema,2,187.0,94.0,baja,SIN_DATOS_60D,"el exportador automático de GSC agrega por página sobre 35 días, todavía no hay serie diaria real con la que clasificar",,
Gabriel Rey,Guayaquil City,entidad,2,185.0,92.0,baja,SIN_DATOS_60D,"el exportador automático de GSC agrega por página sobre 35 días, todavía no hay serie diaria real con la que clasificar",,
Gabriel Rey,Selección Colombia,entidad,2,183.0,92.0,baja,SIN_DATOS_60D,"el exportador automático de GSC agrega por página sobre 35 días, todavía no hay serie diaria real con la que clasificar",,
Gabriel Rey,Corea del Sur,entidad,2,180.0,90.0,baja,SIN_DATOS_60D,"el exportador automático de GSC agrega por página sobre 35 días, todavía no hay serie diaria real con la que clasificar",,
Gabriel Rey,vos del mundial,tema,2,180.0,90.0,baja,SIN_DATOS_60D,"el exportador automático de GSC agrega por página sobre 35 días, todavía no hay serie diaria real con la que clasificar",,
Gabriel Rey,LDU,entidad,2,176.0,88.0,baja,SIN_DATOS_60D,"el exportador automático de GSC agrega por página sobre 35 días, todavía no hay serie diaria real con la que clasificar",,
Gabriel Rey,Real Madrid,entidad,2,175.0,88.0,baja,SIN_DATOS_60D,"el exportador automático de GSC agrega por página sobre 35 días, todavía no hay serie diaria real con la que clasificar",,
Gabriel Rey,dura derrota,tema,2,173.0,86.0,baja,SIN_DATOS_60D,"el exportador automático de GSC agrega por página sobre 35 días, todavía no hay serie diaria real con la que clasificar",,
Gabriel Rey,primer gol,tema,2,171.0,86.0,baja,SIN_DATOS_60D,"el exportador automático de GSC agrega por página sobre 35 días, todavía no hay serie diaria real con la que clasificar",,
Gabriel Rey,reabre el debate,tema,2,171.0,86.0,baja,SIN_DATOS_60D,"el exportador automático de GSC agrega por página sobre 35 días, todavía no hay serie diaria real con la que clasificar",,
Gabriel Rey,abre un nuevo,tema,2,161.0,80.0,baja,SIN_DATOS_60D,"el exportador automático de GSC agrega por página sobre 35 días, todavía no hay serie diaria real con la que clasificar",,
Gabriel Rey,Spezia,entidad,2,159.0,80.0,baja,SIN_DATOS_60D,"el exportador automático de GSC agrega por página sobre 35 días, todavía no hay serie diaria real con la que clasificar",,
Gabriel Rey,mundial donde,tema,2,150.0,75.0,baja,SIN_DATOS_60D,"el exportador automático de GSC agrega por página sobre 35 días, todavía no hay serie diaria real con la que clasificar",,
Gabriel Rey,atlético cuándo,tema,2,148.0,74.0,baja,SIN_DATOS_60D,"el exportador automático de GSC agrega por página sobre 35 días, todavía no hay serie diaria real con la que clasificar",,
Gabriel Rey,convocatoria a la selección,entidad,2,143.0,72.0,baja,SIN_DATOS_60D,"el exportador automático de GSC agrega por página sobre 35 días, todavía no hay serie diaria real con la que clasificar",,
Gabriel Rey,Copa Federación Plata,entidad,2,130.0,65.0,baja,SIN_DATOS_60D,"el exportador automático de GSC agrega por página sobre 35 días, todavía no hay serie diaria real con la que clasificar",,
Gabriel Rey,Copenhague,entidad,2,130.0,65.0,baja,SIN_DATOS_60D,"el exportador automático de GSC agrega por página sobre 35 días, todavía no hay serie diaria real con la que clasificar",,
Gabriel Rey,Marcos López,entidad,2,130.0,65.0,baja,SIN_DATOS_60D,"el exportador automático de GSC agrega por página sobre 35 días, todavía no hay serie diaria real con la que clasificar",,
Gabriel Rey,Conference League,entidad,2,129.0,64.0,baja,SIN_DATOS_60D,"el exportador automático de GSC agrega por página sobre 35 días, todavía no hay serie diaria real con la que clasificar",,
Gabriel Rey,Selección Peruana Jean Ferrari,entidad,2,129.0,64.0,baja,SIN_DATOS_60D,"el exportador automático de GSC agrega por página sobre 35 días, todavía no hay serie diaria real con la que clasificar",,
Gabriel Rey,Nuremberg de Fabio Gruber,entidad,2,124.0,62.0,baja,SIN_DATOS_60D,"el exportador automático de GSC agrega por página sobre 35 días, todavía no hay serie diaria real con la que clasificar",,
Gabriel Rey,LDU de Jesús Pretell,entidad,2,112.0,56.0,baja,SIN_DATOS_60D,"el exportador automático de GSC agrega por página sobre 35 días, todavía no hay serie diaria real con la que clasificar",,
Gabriel Rey,Selección de Argentina,entidad,2,109.0,54.0,baja,SIN_DATOS_60D,"el exportador automático de GSC agrega por página sobre 35 días, todavía no hay serie diaria real con la que clasificar",,
Joaquín Vásquez,Alianza Lima,entidad,48,13039.0,272.0,alta,SIN_DATOS_60D,"el exportador automático de GSC agrega por página sobre 35 días, todavía no hay serie diaria real con la que clasificar",,
Joaquín Vásquez,Torneo Clausura,entidad,23,6936.0,302.0,alta,SIN_DATOS_60D,"el exportador automático de GSC agrega por página sobre 35 días, todavía no hay serie diaria real con la que clasificar",,
Joaquín Vásquez,Selección Peruana,entidad,22,6428.0,292.0,alta,SIN_DATOS_60D,"el exportador automático de GSC agrega por página sobre 35 días, todavía no hay serie diaria real con la que clasificar",,
Joaquín Vásquez,Cienciano,entidad,11,5491.0,499.0,alta,SIN_DATOS_60D,"el exportador automático de GSC agrega por página sobre 35 días, todavía no hay serie diaria real con la que clasificar",,
Joaquín Vásquez,Mano Menezes,entidad,11,5118.0,465.0,alta,SIN_DATOS_60D,"el exportador automático de GSC agrega por página sobre 35 días, todavía no hay serie diaria real con la que clasificar",,
Joaquín Vásquez,Universitario,entidad,16,4087.0,255.0,alta,SIN_DATOS_60D,"el exportador automático de GSC agrega por página sobre 35 días, todavía no hay serie diaria real con la que clasificar",,
Joaquín Vásquez,Sport Boys,entidad,16,3869.0,242.0,alta,SIN_DATOS_60D,"el exportador automático de GSC agrega por página sobre 35 días, todavía no hay serie diaria real con la que clasificar",,
Joaquín Vásquez,Sporting Cristal,entidad,15,3770.0,251.0,alta,SIN_DATOS_60D,"el exportador automático de GSC agrega por página sobre 35 días, todavía no hay serie diaria real con la que clasificar",,
Joaquín Vásquez,Universitario de Deportes,entidad,14,3587.0,256.0,alta,SIN_DATOS_60D,"el exportador automático de GSC agrega por página sobre 35 días, todavía no hay serie diaria real con la que clasificar",,
Joaquín Vásquez,Etapa Nacional de la Copa,entidad,5,3287.0,657.0,media,SIN_DATOS_60D,"el exportador automático de GSC agrega por página sobre 35 días, todavía no hay serie diaria real con la que clasificar",,
Joaquín Vásquez,dos jugadores,tema,4,3242.0,810.0,media,SIN_DATOS_60D,"el exportador automático de GSC agrega por página sobre 35 días, todavía no hay serie diaria real con la que clasificar",,
Joaquín Vásquez,amistosos de la selección,tema,4,3071.0,768.0,media,SIN_DATOS_60D,"el exportador automático de GSC agrega por página sobre 35 días, todavía no hay serie diaria real con la que clasificar",,
Joaquín Vásquez,Comerciantes Unidos,entidad,3,2910.0,970.0,media,SIN_DATOS_60D,"el exportador automático de GSC agrega por página sobre 35 días, todavía no hay serie diaria real con la que clasificar",,
Joaquín Vásquez,Copa Sudamericana,entidad,6,2640.0,440.0,media,SIN_DATOS_60D,"el exportador automático de GSC agrega por página sobre 35 días, todavía no hay serie diaria real con la que clasificar",,
Joaquín Vásquez,Selección Peruana Sub,entidad,5,2636.0,527.0,media,SIN_DATOS_60D,"el exportador automático de GSC agrega por página sobre 35 días, todavía no hay serie diaria real con la que clasificar",,
Joaquín Vásquez,Horacio Melgarejo,entidad,5,2578.0,516.0,media,SIN_DATOS_60D,"el exportador automático de GSC agrega por página sobre 35 días, todavía no hay serie diaria real con la que clasificar",,
Joaquín Vásquez,Europa,entidad,7,2508.0,358.0,media,SIN_DATOS_60D,"el exportador automático de GSC agrega por página sobre 35 días, todavía no hay serie diaria real con la que clasificar",,
Joaquín Vásquez,Botafogo,entidad,3,2298.0,766.0,media,SIN_DATOS_60D,"el exportador automático de GSC agrega por página sobre 35 días, todavía no hay serie diaria real con la que clasificar",,
Joaquín Vásquez,liga departamental,entidad,3,2075.0,692.0,media,SIN_DATOS_60D,"el exportador automático de GSC agrega por página sobre 35 días, todavía no hay serie diaria real con la que clasificar",,
Joaquín Vásquez,fecha del torneo,tema,9,2068.0,230.0,media,SIN_DATOS_60D,"el exportador automático de GSC agrega por página sobre 35 días, todavía no hay serie diaria real con la que clasificar",,
Joaquín Vásquez,Dianderas,entidad,3,1927.0,642.0,media,SIN_DATOS_60D,"el exportador automático de GSC agrega por página sobre 35 días, todavía no hay serie diaria real con la que clasificar",,
Joaquín Vásquez,Alianza Atlético,entidad,4,1861.0,465.0,media,SIN_DATOS_60D,"el exportador automático de GSC agrega por página sobre 35 días, todavía no hay serie diaria real con la que clasificar",,
Joaquín Vásquez,nuevo refuerzo,tema,4,1826.0,456.0,media,SIN_DATOS_60D,"el exportador automático de GSC agrega por página sobre 35 días, todavía no hay serie diaria real con la que clasificar",,
Joaquín Vásquez,lista de convocados,tema,2,1821.0,910.0,baja,SIN_DATOS_60D,"el exportador automático de GSC agrega por página sobre 35 días, todavía no hay serie diaria real con la que clasificar",,
Joaquín Vásquez,Etapa Nacional,entidad,4,1743.0,436.0,media,SIN_DATOS_60D,"el exportador automático de GSC agrega por página sobre 35 días, todavía no hay serie diaria real con la que clasificar",,
Joaquín Vásquez,final de la copa,entidad,2,1631.0,816.0,baja,SIN_DATOS_60D,"el exportador automático de GSC agrega por página sobre 35 días, todavía no hay serie diaria real con la que clasificar",,
Joaquín Vásquez,copa perú resultados,entidad,2,1596.0,798.0,baja,SIN_DATOS_60D,"el exportador automático de GSC agrega por página sobre 35 días, todavía no hay serie diaria real con la que clasificar",,
Joaquín Vásquez,Fase Regional de la Liga,entidad,3,1482.0,494.0,media,SIN_DATOS_60D,"el exportador automático de GSC agrega por página sobre 35 días, todavía no hay serie diaria real con la que clasificar",,
Joaquín Vásquez,Colombia,entidad,2,1443.0,722.0,baja,SIN_DATOS_60D,"el exportador automático de GSC agrega por página sobre 35 días, todavía no hay serie diaria real con la que clasificar",,
Joaquín Vásquez,Héctor Cúper,entidad,6,1398.0,233.0,media,SIN_DATOS_60D,"el exportador automático de GSC agrega por página sobre 35 días, todavía no hay serie diaria real con la que clasificar",,
Joaquín Vásquez,Melgar,entidad,6,1325.0,221.0,media,SIN_DATOS_60D,"el exportador automático de GSC agrega por página sobre 35 días, todavía no hay serie diaria real con la que clasificar",,
Joaquín Vásquez,fase de la liga,entidad,2,1316.0,658.0,baja,SIN_DATOS_60D,"el exportador automático de GSC agrega por página sobre 35 días, todavía no hay serie diaria real con la que clasificar",,
Joaquín Vásquez,fecha de la fase,tema,2,1282.0,641.0,baja,SIN_DATOS_60D,"el exportador automático de GSC agrega por página sobre 35 días, todavía no hay serie diaria real con la que clasificar",,
Joaquín Vásquez,Deportivo Garcilaso,entidad,4,1265.0,316.0,media,SIN_DATOS_60D,"el exportador automático de GSC agrega por página sobre 35 días, todavía no hay serie diaria real con la que clasificar",,
Joaquín Vásquez,contundente mensaje,tema,5,1250.0,250.0,media,SIN_DATOS_60D,"el exportador automático de GSC agrega por página sobre 35 días, todavía no hay serie diaria real con la que clasificar",,
Joaquín Vásquez,ADT,entidad,3,1215.0,405.0,media,SIN_DATOS_60D,"el exportador automático de GSC agrega por página sobre 35 días, todavía no hay serie diaria real con la que clasificar",,
Joaquín Vásquez,Montevideo City,entidad,4,1214.0,304.0,media,SIN_DATOS_60D,"el exportador automático de GSC agrega por página sobre 35 días, todavía no hay serie diaria real con la que clasificar",,
Joaquín Vásquez,Juan Pablo II,entidad,3,1192.0,397.0,media,SIN_DATOS_60D,"el exportador automático de GSC agrega por página sobre 35 días, todavía no hay serie diaria real con la que clasificar",,
Joaquín Vásquez,Alianza Universidad,entidad,3,1188.0,396.0,media,SIN_DATOS_60D,"el exportador automático de GSC agrega por página sobre 35 días, todavía no hay serie diaria real con la que clasificar",,
Joaquín Vásquez,antes de enfrentar,tema,3,1157.0,386.0,media,SIN_DATOS_60D,"el exportador automático de GSC agrega por página sobre 35 días, todavía no hay serie diaria real con la que clasificar",,
Joaquín Vásquez,Juegos Suramericanos Santa Fe,entidad,4,1157.0,289.0,media,SIN_DATOS_60D,"el exportador automático de GSC agrega por página sobre 35 días, todavía no hay serie diaria real con la que clasificar",,
Joaquín Vásquez,Atlético Torino,entidad,2,1149.0,574.0,baja,SIN_DATOS_60D,"el exportador automático de GSC agrega por página sobre 35 días, todavía no hay serie diaria real con la que clasificar",,
Joaquín Vásquez,Deportivo Binacional,entidad,3,1127.0,376.0,media,SIN_DATOS_60D,"el exportador automático de GSC agrega por página sobre 35 días, todavía no hay serie diaria real con la que clasificar",,
Joaquín Vásquez,nuevo equipo,tema,2,1100.0,550.0,baja,SIN_DATOS_60D,"el exportador automático de GSC agrega por página sobre 35 días, todavía no hay serie diaria real con la que clasificar",,
Joaquín Vásquez,suspendidos para la fecha,tema,4,1099.0,275.0,media,SIN_DATOS_60D,"el exportador automático de GSC agrega por página sobre 35 días, todavía no hay serie diaria real con la que clasificar",,
Joaquín Vásquez,Juan Pablo Goicochea,entidad,2,1074.0,537.0,baja,SIN_DATOS_60D,"el exportador automático de GSC agrega por página sobre 35 días, todavía no hay serie diaria real con la que clasificar",,
Joaquín Vásquez,ex alianza,tema,2,1061.0,530.0,baja,SIN_DATOS_60D,"el exportador automático de GSC agrega por página sobre 35 días, todavía no hay serie diaria real con la que clasificar",,
Joaquín Vásquez,vinl f,tema,3,1021.0,340.0,media,SIN_DATOS_60D,"el exportador automático de GSC agrega por página sobre 35 días, todavía no hay serie diaria real con la que clasificar",,
Joaquín Vásquez,buscar el ascenso,tema,2,1019.0,510.0,baja,SIN_DATOS_60D,"el exportador automático de GSC agrega por página sobre 35 días, todavía no hay serie diaria real con la que clasificar",,
Joaquín Vásquez,matteo pérez vinl f,tema,2,999.0,500.0,baja,SIN_DATOS_60D,"el exportador automático de GSC agrega por página sobre 35 días, todavía no hay serie diaria real con la que clasificar",,
Joaquín Vásquez,departamental de cajamarca,tema,2,993.0,496.0,baja,SIN_DATOS_60D,"el exportador automático de GSC agrega por página sobre 35 días, todavía no hay serie diaria real con la que clasificar",,
Joaquín Vásquez,liguilla de la liga,entidad,2,993.0,496.0,baja,SIN_DATOS_60D,"el exportador automático de GSC agrega por página sobre 35 días, todavía no hay serie diaria real con la que clasificar",,
Joaquín Vásquez,dos salidas,tema,2,960.0,480.0,baja,SIN_DATOS_60D,"el exportador automático de GSC agrega por página sobre 35 días, todavía no hay serie diaria real con la que clasificar",,
Joaquín Vásquez,Estados Unidos,entidad,4,948.0,237.0,media,SIN_DATOS_60D,"el exportador automático de GSC agrega por página sobre 35 días, todavía no hay serie diaria real con la que clasificar",,
Joaquín Vásquez,Liga Femenina,entidad,7,947.0,135.0,media,SIN_DATOS_60D,"el exportador automático de GSC agrega por página sobre 35 días, todavía no hay serie diaria real con la que clasificar",,
Joaquín Vásquez,Liga Alianza Lima,entidad,2,946.0,473.0,baja,SIN_DATOS_60D,"el exportador automático de GSC agrega por página sobre 35 días, todavía no hay serie diaria real con la que clasificar",,
Joaquín Vásquez,nuevo jugador,tema,2,942.0,471.0,baja,SIN_DATOS_60D,"el exportador automático de GSC agrega por página sobre 35 días, todavía no hay serie diaria real con la que clasificar",,
Joaquín Vásquez,Matute,entidad,2,935.0,468.0,baja,SIN_DATOS_60D,"el exportador automático de GSC agrega por página sobre 35 días, todavía no hay serie diaria real con la que clasificar",,
Joaquín Vásquez,cienciano vs,entidad,2,924.0,462.0,baja,SIN_DATOS_60D,"el exportador automático de GSC agrega por página sobre 35 días, todavía no hay serie diaria real con la que clasificar",,
Joaquín Vásquez,Piero Cari,entidad,2,898.0,449.0,baja,SIN_DATOS_60D,"el exportador automático de GSC agrega por página sobre 35 días, todavía no hay serie diaria real con la que clasificar",,
Joaquín Vásquez,gran momento,tema,2,862.0,431.0,baja,SIN_DATOS_60D,"el exportador automático de GSC agrega por página sobre 35 días, todavía no hay serie diaria real con la que clasificar",,
Joaquín Vásquez,Erick Noriega,entidad,3,856.0,285.0,media,SIN_DATOS_60D,"el exportador automático de GSC agrega por página sobre 35 días, todavía no hay serie diaria real con la que clasificar",,
Joaquín Vásquez,cuatro equipos,tema,2,848.0,424.0,baja,SIN_DATOS_60D,"el exportador automático de GSC agrega por página sobre 35 días, todavía no hay serie diaria real con la que clasificar",,
Joaquín Vásquez,antes del clásico,tema,4,816.0,204.0,media,SIN_DATOS_60D,"el exportador automático de GSC agrega por página sobre 35 días, todavía no hay serie diaria real con la que clasificar",,
Joaquín Vásquez,gran noticia,tema,2,805.0,402.0,baja,SIN_DATOS_60D,"el exportador automático de GSC agrega por página sobre 35 días, todavía no hay serie diaria real con la que clasificar",,
Joaquín Vásquez,Grupo,entidad,2,805.0,402.0,baja,SIN_DATOS_60D,"el exportador automático de GSC agrega por página sobre 35 días, todavía no hay serie diaria real con la que clasificar",,
Joaquín Vásquez,Ayacucho FC,entidad,2,799.0,400.0,baja,SIN_DATOS_60D,"el exportador automático de GSC agrega por página sobre 35 días, todavía no hay serie diaria real con la que clasificar",,
Joaquín Vásquez,Paolo Guerrero,entidad,4,799.0,200.0,media,SIN_DATOS_60D,"el exportador automático de GSC agrega por página sobre 35 días, todavía no hay serie diaria real con la que clasificar",,
Joaquín Vásquez,Christian Cueva,entidad,7,797.0,114.0,media,SIN_DATOS_60D,"el exportador automático de GSC agrega por página sobre 35 días, todavía no hay serie diaria real con la que clasificar",,
Joaquín Vásquez,Santiago Ormeño,entidad,3,796.0,265.0,media,SIN_DATOS_60D,"el exportador automático de GSC agrega por página sobre 35 días, todavía no hay serie diaria real con la que clasificar",,
Joaquín Vásquez,Paraguay,entidad,3,768.0,256.0,media,SIN_DATOS_60D,"el exportador automático de GSC agrega por página sobre 35 días, todavía no hay serie diaria real con la que clasificar",,
Joaquín Vásquez,Brasil,entidad,2,751.0,376.0,baja,SIN_DATOS_60D,"el exportador automático de GSC agrega por página sobre 35 días, todavía no hay serie diaria real con la que clasificar",,
Joaquín Vásquez,Huamán,entidad,3,733.0,244.0,media,SIN_DATOS_60D,"el exportador automático de GSC agrega por página sobre 35 días, todavía no hay serie diaria real con la que clasificar",,
Joaquín Vásquez,exjugador de universitario,entidad,3,722.0,241.0,media,SIN_DATOS_60D,"el exportador automático de GSC agrega por página sobre 35 días, todavía no hay serie diaria real con la que clasificar",,
Joaquín Vásquez,ADA de Jaén,entidad,2,707.0,354.0,baja,SIN_DATOS_60D,"el exportador automático de GSC agrega por página sobre 35 días, todavía no hay serie diaria real con la que clasificar",,
Joaquín Vásquez,Bassco Soyer,entidad,4,690.0,172.0,media,SIN_DATOS_60D,"el exportador automático de GSC agrega por página sobre 35 días, todavía no hay serie diaria real con la que clasificar",,
Joaquín Vásquez,Comerciantes FC,entidad,2,684.0,342.0,baja,SIN_DATOS_60D,"el exportador automático de GSC agrega por página sobre 35 días, todavía no hay serie diaria real con la que clasificar",,
Joaquín Vásquez,lima vs,entidad,3,677.0,226.0,media,SIN_DATOS_60D,"el exportador automático de GSC agrega por página sobre 35 días, todavía no hay serie diaria real con la que clasificar",,
Joaquín Vásquez,Atlético Grau,entidad,2,672.0,336.0,baja,SIN_DATOS_60D,"el exportador automático de GSC agrega por página sobre 35 días, todavía no hay serie diaria real con la que clasificar",,
Joaquín Vásquez,antes de los amistosos,tema,2,613.0,306.0,baja,SIN_DATOS_60D,"el exportador automático de GSC agrega por página sobre 35 días, todavía no hay serie diaria real con la que clasificar",,
Joaquín Vásquez,Cusco,entidad,3,606.0,202.0,media,SIN_DATOS_60D,"el exportador automático de GSC agrega por página sobre 35 días, todavía no hay serie diaria real con la que clasificar",,
Joaquín Vásquez,Pablo Guede,entidad,2,595.0,298.0,baja,SIN_DATOS_60D,"el exportador automático de GSC agrega por página sobre 35 días, todavía no hay serie diaria real con la que clasificar",,
Joaquín Vásquez,nueva piel,tema,2,568.0,284.0,baja,SIN_DATOS_60D,"el exportador automático de GSC agrega por página sobre 35 días, todavía no hay serie diaria real con la que clasificar",,
Joaquín Vásquez,UTC,entidad,2,556.0,278.0,baja,SIN_DATOS_60D,"el exportador automático de GSC agrega por página sobre 35 días, todavía no hay serie diaria real con la que clasificar",,
Joaquín Vásquez,vs universitario,entidad,2,546.0,273.0,baja,SIN_DATOS_60D,"el exportador automático de GSC agrega por página sobre 35 días, todavía no hay serie diaria real con la que clasificar",,
Joaquín Vásquez,eliminación de cienciano,entidad,2,544.0,272.0,baja,SIN_DATOS_60D,"el exportador automático de GSC agrega por página sobre 35 días, todavía no hay serie diaria real con la que clasificar",,
Joaquín Vásquez,Conference League,entidad,8,490.0,61.0,media,SIN_DATOS_60D,"el exportador automático de GSC agrega por página sobre 35 días, todavía no hay serie diaria real con la que clasificar",,
Joaquín Vásquez,Guillermo Viscarra,entidad,2,490.0,245.0,baja,SIN_DATOS_60D,"el exportador automático de GSC agrega por página sobre 35 días, todavía no hay serie diaria real con la que clasificar",,
Joaquín Vásquez,Ricardo Gareca,entidad,4,474.0,118.0,media,SIN_DATOS_60D,"el exportador automático de GSC agrega por página sobre 35 días, todavía no hay serie diaria real con la que clasificar",,
Joaquín Vásquez,Flamengo,entidad,3,471.0,157.0,media,SIN_DATOS_60D,"el exportador automático de GSC agrega por página sobre 35 días, todavía no hay serie diaria real con la que clasificar",,
Joaquín Vásquez,Bicolor,entidad,2,449.0,224.0,baja,SIN_DATOS_60D,"el exportador automático de GSC agrega por página sobre 35 días, todavía no hay serie diaria real con la que clasificar",,
Joaquín Vásquez,Puma Carranza,entidad,2,444.0,222.0,baja,SIN_DATOS_60D,"el exportador automático de GSC agrega por página sobre 35 días, todavía no hay serie diaria real con la que clasificar",,
Joaquín Vásquez,FC Cajamarca,entidad,2,441.0,220.0,baja,SIN_DATOS_60D,"el exportador automático de GSC agrega por página sobre 35 días, todavía no hay serie diaria real con la que clasificar",,
Joaquín Vásquez,Sub,entidad,2,432.0,216.0,baja,SIN_DATOS_60D,"el exportador automático de GSC agrega por página sobre 35 días, todavía no hay serie diaria real con la que clasificar",,
Joaquín Vásquez,futbolistas suspendidos,tema,2,428.0,214.0,baja,SIN_DATOS_60D,"el exportador automático de GSC agrega por página sobre 35 días, todavía no hay serie diaria real con la que clasificar",,
Joaquín Vásquez,Yoshimar Yotún,entidad,3,426.0,142.0,media,SIN_DATOS_60D,"el exportador automático de GSC agrega por página sobre 35 días, todavía no hay serie diaria real con la que clasificar",,
Joaquín Vásquez,Sergio Peña,entidad,5,425.0,85.0,media,SIN_DATOS_60D,"el exportador automático de GSC agrega por página sobre 35 días, todavía no hay serie diaria real con la que clasificar",,
Joaquín Vásquez,Renato Tapia,entidad,6,423.0,70.0,media,SIN_DATOS_60D,"el exportador automático de GSC agrega por página sobre 35 días, todavía no hay serie diaria real con la que clasificar",,
Joaquín Vásquez,FIFA,entidad,3,411.0,137.0,media,SIN_DATOS_60D,"el exportador automático de GSC agrega por página sobre 35 días, todavía no hay serie diaria real con la que clasificar",,
Joaquín Vásquez,Felipe Chávez,entidad,2,400.0,200.0,baja,SIN_DATOS_60D,"el exportador automático de GSC agrega por página sobre 35 días, todavía no hay serie diaria real con la que clasificar",,
Joaquín Vásquez,FC,entidad,2,382.0,191.0,baja,SIN_DATOS_60D,"el exportador automático de GSC agrega por página sobre 35 días, todavía no hay serie diaria real con la que clasificar",,
Joaquín Vásquez,vs comerciantes,tema,2,381.0,190.0,baja,SIN_DATOS_60D,"el exportador automático de GSC agrega por página sobre 35 días, todavía no hay serie diaria real con la que clasificar",,
Joaquín Vásquez,pablo ll,tema,2,379.0,190.0,baja,SIN_DATOS_60D,"el exportador automático de GSC agrega por página sobre 35 días, todavía no hay serie diaria real con la que clasificar",,
Joaquín Vásquez,Portugal,entidad,4,376.0,94.0,media,SIN_DATOS_60D,"el exportador automático de GSC agrega por página sobre 35 días, todavía no hay serie diaria real con la que clasificar",,
Joaquín Vásquez,inesperada confesión,tema,2,372.0,186.0,baja,SIN_DATOS_60D,"el exportador automático de GSC agrega por página sobre 35 días, todavía no hay serie diaria real con la que clasificar",,
Joaquín Vásquez,Wasl,entidad,5,369.0,74.0,media,SIN_DATOS_60D,"el exportador automático de GSC agrega por página sobre 35 días, todavía no hay serie diaria real con la que clasificar",,
Joaquín Vásquez,Adrián Ugarriza,entidad,4,356.0,89.0,media,SIN_DATOS_60D,"el exportador automático de GSC agrega por página sobre 35 días, todavía no hay serie diaria real con la que clasificar",,
Joaquín Vásquez,Pedro Gallese,entidad,5,353.0,71.0,media,SIN_DATOS_60D,"el exportador automático de GSC agrega por página sobre 35 días, todavía no hay serie diaria real con la que clasificar",,
Joaquín Vásquez,Joao Grimaldo,entidad,3,347.0,116.0,media,SIN_DATOS_60D,"el exportador automático de GSC agrega por página sobre 35 días, todavía no hay serie diaria real con la que clasificar",,
Joaquín Vásquez,boys vs,tema,2,344.0,172.0,baja,SIN_DATOS_60D,"el exportador automático de GSC agrega por página sobre 35 días, todavía no hay serie diaria real con la que clasificar",,
Joaquín Vásquez,Kevin Quevedo,entidad,3,344.0,115.0,media,SIN_DATOS_60D,"el exportador automático de GSC agrega por página sobre 35 días, todavía no hay serie diaria real con la que clasificar",,
Joaquín Vásquez,Alejandro Hohberg,entidad,2,341.0,170.0,baja,SIN_DATOS_60D,"el exportador automático de GSC agrega por página sobre 35 días, todavía no hay serie diaria real con la que clasificar",,
Joaquín Vásquez,Copenhague,entidad,6,339.0,56.0,media,SIN_DATOS_60D,"el exportador automático de GSC agrega por página sobre 35 días, todavía no hay serie diaria real con la que clasificar",,
Joaquín Vásquez,Marcos López,entidad,6,339.0,56.0,media,SIN_DATOS_60D,"el exportador automático de GSC agrega por página sobre 35 días, todavía no hay serie diaria real con la que clasificar",,
Joaquín Vásquez,Montevideo City Torque,entidad,2,339.0,170.0,baja,SIN_DATOS_60D,"el exportador automático de GSC agrega por página sobre 35 días, todavía no hay serie diaria real con la que clasificar",,
Joaquín Vásquez,Boca Juniors,entidad,2,330.0,165.0,baja,SIN_DATOS_60D,"el exportador automático de GSC agrega por página sobre 35 días, todavía no hay serie diaria real con la que clasificar",,
Joaquín Vásquez,Carlos Zambrano,entidad,2,328.0,164.0,baja,SIN_DATOS_60D,"el exportador automático de GSC agrega por página sobre 35 días, todavía no hay serie diaria real con la que clasificar",,
Joaquín Vásquez,Álex Valera,entidad,2,326.0,163.0,baja,SIN_DATOS_60D,"el exportador automático de GSC agrega por página sobre 35 días, todavía no hay serie diaria real con la que clasificar",,
Joaquín Vásquez,Burnley,entidad,4,319.0,80.0,media,SIN_DATOS_60D,"el exportador automático de GSC agrega por página sobre 35 días, todavía no hay serie diaria real con la que clasificar",,
Joaquín Vásquez,Oliver Sonne,entidad,4,319.0,80.0,media,SIN_DATOS_60D,"el exportador automático de GSC agrega por página sobre 35 días, todavía no hay serie diaria real con la que clasificar",,
Joaquín Vásquez,jugar en universitario,entidad,2,317.0,158.0,baja,SIN_DATOS_60D,"el exportador automático de GSC agrega por página sobre 35 días, todavía no hay serie diaria real con la que clasificar",,
Joaquín Vásquez,vs alianza,tema,2,316.0,158.0,baja,SIN_DATOS_60D,"el exportador automático de GSC agrega por página sobre 35 días, todavía no hay serie diaria real con la que clasificar",,
Joaquín Vásquez,amistoso internacional,tema,2,312.0,156.0,baja,SIN_DATOS_60D,"el exportador automático de GSC agrega por página sobre 35 días, todavía no hay serie diaria real con la que clasificar",,
Joaquín Vásquez,Hapoel Beer Sheva,entidad,3,294.0,98.0,media,SIN_DATOS_60D,"el exportador automático de GSC agrega por página sobre 35 días, todavía no hay serie diaria real con la que clasificar",,
Joaquín Vásquez,horarios del fútbol,tema,2,293.0,146.0,baja,SIN_DATOS_60D,"el exportador automático de GSC agrega por página sobre 35 días, todavía no hay serie diaria real con la que clasificar",,
Joaquín Vásquez,Alessandro,entidad,2,286.0,143.0,baja,SIN_DATOS_60D,"el exportador automático de GSC agrega por página sobre 35 días, todavía no hay serie diaria real con la que clasificar",,
Joaquín Vásquez,Wilder Cartagena,entidad,6,284.0,47.0,media,SIN_DATOS_60D,"el exportador automático de GSC agrega por página sobre 35 días, todavía no hay serie diaria real con la que clasificar",,
Joaquín Vásquez,Progreso,entidad,4,283.0,71.0,media,SIN_DATOS_60D,"el exportador automático de GSC agrega por página sobre 35 días, todavía no hay serie diaria real con la que clasificar",,
Joaquín Vásquez,Saravia,entidad,4,283.0,71.0,media,SIN_DATOS_60D,"el exportador automático de GSC agrega por página sobre 35 días, todavía no hay serie diaria real con la que clasificar",,
Joaquín Vásquez,suma minutos,tema,2,274.0,137.0,baja,SIN_DATOS_60D,"el exportador automático de GSC agrega por página sobre 35 días, todavía no hay serie diaria real con la que clasificar",,
Joaquín Vásquez,contundente respuesta,tema,2,272.0,136.0,baja,SIN_DATOS_60D,"el exportador automático de GSC agrega por página sobre 35 días, todavía no hay serie diaria real con la que clasificar",,
Joaquín Vásquez,Sparta Praga,entidad,2,271.0,136.0,baja,SIN_DATOS_60D,"el exportador automático de GSC agrega por página sobre 35 días, todavía no hay serie diaria real con la que clasificar",,
Joaquín Vásquez,Deportivo Cali,entidad,4,268.0,67.0,media,SIN_DATOS_60D,"el exportador automático de GSC agrega por página sobre 35 días, todavía no hay serie diaria real con la que clasificar",,
Joaquín Vásquez,Liga Femenina Melgar,entidad,2,266.0,133.0,baja,SIN_DATOS_60D,"el exportador automático de GSC agrega por página sobre 35 días, todavía no hay serie diaria real con la que clasificar",,
Joaquín Vásquez,Jorge Gutiérrez,entidad,2,265.0,132.0,baja,SIN_DATOS_60D,"el exportador automático de GSC agrega por página sobre 35 días, todavía no hay serie diaria real con la que clasificar",,
Joaquín Vásquez,Dinamo Zagreb,entidad,5,261.0,52.0,media,SIN_DATOS_60D,"el exportador automático de GSC agrega por página sobre 35 días, todavía no hay serie diaria real con la que clasificar",,
Joaquín Vásquez,Rodina Moscú,entidad,5,259.0,52.0,media,SIN_DATOS_60D,"el exportador automático de GSC agrega por página sobre 35 días, todavía no hay serie diaria real con la que clasificar",,
Joaquín Vásquez,Yordy Reyna,entidad,5,259.0,52.0,media,SIN_DATOS_60D,"el exportador automático de GSC agrega por página sobre 35 días, todavía no hay serie diaria real con la que clasificar",,
Joaquín Vásquez,fecha fifa,entidad,2,254.0,127.0,baja,SIN_DATOS_60D,"el exportador automático de GSC agrega por página sobre 35 días, todavía no hay serie diaria real con la que clasificar",,
Joaquín Vásquez,Italia,entidad,2,252.0,126.0,baja,SIN_DATOS_60D,"el exportador automático de GSC agrega por página sobre 35 días, todavía no hay serie diaria real con la que clasificar",,
Joaquín Vásquez,Nolberto Solano,entidad,3,251.0,84.0,media,SIN_DATOS_60D,"el exportador automático de GSC agrega por página sobre 35 días, todavía no hay serie diaria real con la que clasificar",,
Joaquín Vásquez,Gianluca Lapadula,entidad,2,245.0,122.0,baja,SIN_DATOS_60D,"el exportador automático de GSC agrega por página sobre 35 días, todavía no hay serie diaria real con la que clasificar",,
Joaquín Vásquez,Micke Palomino,entidad,2,244.0,122.0,baja,SIN_DATOS_60D,"el exportador automático de GSC agrega por página sobre 35 días, todavía no hay serie diaria real con la que clasificar",,
Joaquín Vásquez,Sebastián Aranda,entidad,4,243.0,61.0,media,SIN_DATOS_60D,"el exportador automático de GSC agrega por página sobre 35 días, todavía no hay serie diaria real con la que clasificar",,
Joaquín Vásquez,atención liga,entidad,2,240.0,120.0,baja,SIN_DATOS_60D,"el exportador automático de GSC agrega por página sobre 35 días, todavía no hay serie diaria real con la que clasificar",,
Joaquín Vásquez,Carlos Mannucci,entidad,2,239.0,120.0,baja,SIN_DATOS_60D,"el exportador automático de GSC agrega por página sobre 35 días, todavía no hay serie diaria real con la que clasificar",,
Joaquín Vásquez,Matteo Pérez Vinlof,entidad,4,239.0,60.0,media,SIN_DATOS_60D,"el exportador automático de GSC agrega por página sobre 35 días, todavía no hay serie diaria real con la que clasificar",,
Joaquín Vásquez,Cup,entidad,2,236.0,118.0,baja,SIN_DATOS_60D,"el exportador automático de GSC agrega por página sobre 35 días, todavía no hay serie diaria real con la que clasificar",,
Joaquín Vásquez,duro golpe,tema,2,220.0,110.0,baja,SIN_DATOS_60D,"el exportador automático de GSC agrega por página sobre 35 días, todavía no hay serie diaria real con la que clasificar",,
Joaquín Vásquez,Sport Huancayo,entidad,2,212.0,106.0,baja,SIN_DATOS_60D,"el exportador automático de GSC agrega por página sobre 35 días, todavía no hay serie diaria real con la que clasificar",,
Joaquín Vásquez,Corinthians,entidad,3,202.0,67.0,media,SIN_DATOS_60D,"el exportador automático de GSC agrega por página sobre 35 días, todavía no hay serie diaria real con la que clasificar",,
Joaquín Vásquez,Daniel,entidad,2,199.0,100.0,baja,SIN_DATOS_60D,"el exportador automático de GSC agrega por página sobre 35 días, todavía no hay serie diaria real con la que clasificar",,
Joaquín Vásquez,Federico Girotti,entidad,2,199.0,100.0,baja,SIN_DATOS_60D,"el exportador automático de GSC agrega por página sobre 35 días, todavía no hay serie diaria real con la que clasificar",,
Joaquín Vásquez,Miguel Rondelli,entidad,2,196.0,98.0,baja,SIN_DATOS_60D,"el exportador automático de GSC agrega por página sobre 35 días, todavía no hay serie diaria real con la que clasificar",,
Joaquín Vásquez,André Carrillo,entidad,3,195.0,65.0,media,SIN_DATOS_60D,"el exportador automático de GSC agrega por página sobre 35 días, todavía no hay serie diaria real con la que clasificar",,
Joaquín Vásquez,sumar minutos,tema,3,191.0,64.0,media,SIN_DATOS_60D,"el exportador automático de GSC agrega por página sobre 35 días, todavía no hay serie diaria real con la que clasificar",,
Joaquín Vásquez,Orlando City,entidad,4,189.0,47.0,media,SIN_DATOS_60D,"el exportador automático de GSC agrega por página sobre 35 días, todavía no hay serie diaria real con la que clasificar",,
Joaquín Vásquez,Lima,entidad,2,187.0,94.0,baja,SIN_DATOS_60D,"el exportador automático de GSC agrega por página sobre 35 días, todavía no hay serie diaria real con la que clasificar",,
Joaquín Vásquez,atlético andahuaylas,entidad,2,184.0,92.0,baja,SIN_DATOS_60D,"el exportador automático de GSC agrega por página sobre 35 días, todavía no hay serie diaria real con la que clasificar",,
Joaquín Vásquez,Jesús Pretell,entidad,3,179.0,60.0,media,SIN_DATOS_60D,"el exportador automático de GSC agrega por página sobre 35 días, todavía no hay serie diaria real con la que clasificar",,
Joaquín Vásquez,Renato Espinosa,entidad,3,173.0,58.0,media,SIN_DATOS_60D,"el exportador automático de GSC agrega por página sobre 35 días, todavía no hay serie diaria real con la que clasificar",,
Joaquín Vásquez,Lionel Messi,entidad,2,171.0,86.0,baja,SIN_DATOS_60D,"el exportador automático de GSC agrega por página sobre 35 días, todavía no hay serie diaria real con la que clasificar",,
Joaquín Vásquez,Ain,entidad,2,167.0,84.0,baja,SIN_DATOS_60D,"el exportador automático de GSC agrega por página sobre 35 días, todavía no hay serie diaria real con la que clasificar",,
Joaquín Vásquez,Europa League,entidad,2,158.0,79.0,baja,SIN_DATOS_60D,"el exportador automático de GSC agrega por página sobre 35 días, todavía no hay serie diaria real con la que clasificar",,
Joaquín Vásquez,clausura de la liga,entidad,2,153.0,76.0,baja,SIN_DATOS_60D,"el exportador automático de GSC agrega por página sobre 35 días, todavía no hay serie diaria real con la que clasificar",,
Joaquín Vásquez,OFK Beograd,entidad,3,153.0,51.0,media,SIN_DATOS_60D,"el exportador automático de GSC agrega por página sobre 35 días, todavía no hay serie diaria real con la que clasificar",,
Joaquín Vásquez,Rusia,entidad,2,147.0,74.0,baja,SIN_DATOS_60D,"el exportador automático de GSC agrega por página sobre 35 días, todavía no hay serie diaria real con la que clasificar",,
Joaquín Vásquez,Selección Argentina,entidad,2,143.0,72.0,baja,SIN_DATOS_60D,"el exportador automático de GSC agrega por página sobre 35 días, todavía no hay serie diaria real con la que clasificar",,
Joaquín Vásquez,Gremio,entidad,2,141.0,70.0,baja,SIN_DATOS_60D,"el exportador automático de GSC agrega por página sobre 35 días, todavía no hay serie diaria real con la que clasificar",,
Joaquín Vásquez,levanta cabeza,tema,2,137.0,68.0,baja,SIN_DATOS_60D,"el exportador automático de GSC agrega por página sobre 35 días, todavía no hay serie diaria real con la que clasificar",,
Joaquín Vásquez,titular en el empate,tema,2,136.0,68.0,baja,SIN_DATOS_60D,"el exportador automático de GSC agrega por página sobre 35 días, todavía no hay serie diaria real con la que clasificar",,
Joaquín Vásquez,Copa de Letonia,entidad,2,135.0,68.0,baja,SIN_DATOS_60D,"el exportador automático de GSC agrega por página sobre 35 días, todavía no hay serie diaria real con la que clasificar",,
Joaquín Vásquez,Defensores del Ilucán,entidad,2,132.0,66.0,baja,SIN_DATOS_60D,"el exportador automático de GSC agrega por página sobre 35 días, todavía no hay serie diaria real con la que clasificar",,
Joaquín Vásquez,conoce a sus rivales,tema,2,129.0,64.0,baja,SIN_DATOS_60D,"el exportador automático de GSC agrega por página sobre 35 días, todavía no hay serie diaria real con la que clasificar",,
Joaquín Vásquez,minutos en el triunfo,tema,2,123.0,62.0,baja,SIN_DATOS_60D,"el exportador automático de GSC agrega por página sobre 35 días, todavía no hay serie diaria real con la que clasificar",,
Joaquín Vásquez,LDU,entidad,2,122.0,61.0,baja,SIN_DATOS_60D,"el exportador automático de GSC agrega por página sobre 35 días, todavía no hay serie diaria real con la que clasificar",,
Joaquín Vásquez,Uruguay,entidad,2,121.0,60.0,baja,SIN_DATOS_60D,"el exportador automático de GSC agrega por página sobre 35 días, todavía no hay serie diaria real con la que clasificar",,
Joaquín Vásquez,asistencia en la goleada,tema,2,116.0,58.0,baja,SIN_DATOS_60D,"el exportador automático de GSC agrega por página sobre 35 días, todavía no hay serie diaria real con la que clasificar",,
Joaquín Vásquez,Alfonso Barco,entidad,2,113.0,56.0,baja,SIN_DATOS_60D,"el exportador automático de GSC agrega por página sobre 35 días, todavía no hay serie diaria real con la que clasificar",,
Joaquín Vásquez,Oro,entidad,2,113.0,56.0,baja,SIN_DATOS_60D,"el exportador automático de GSC agrega por página sobre 35 días, todavía no hay serie diaria real con la que clasificar",,
Joaquín Vásquez,Rijeka,entidad,2,113.0,56.0,baja,SIN_DATOS_60D,"el exportador automático de GSC agrega por página sobre 35 días, todavía no hay serie diaria real con la que clasificar",,
Joaquín Vásquez,semifinales de la copa,entidad,2,112.0,56.0,baja,SIN_DATOS_60D,"el exportador automático de GSC agrega por página sobre 35 días, todavía no hay serie diaria real con la que clasificar",,
Joaquín Vásquez,FK Auda,entidad,2,109.0,54.0,baja,SIN_DATOS_60D,"el exportador automático de GSC agrega por página sobre 35 días, todavía no hay serie diaria real con la que clasificar",,
Joaquín Vásquez,Brasileirao,entidad,2,101.0,50.0,baja,SIN_DATOS_60D,"el exportador automático de GSC agrega por página sobre 35 días, todavía no hay serie diaria real con la que clasificar",,
Joaquín Vásquez,volver a la selección,tema,2,95.0,48.0,baja,SIN_DATOS_60D,"el exportador automático de GSC agrega por página sobre 35 días, todavía no hay serie diaria real con la que clasificar",,
Joaquín Vásquez,dio una asistencia,tema,2,93.0,46.0,baja,SIN_DATOS_60D,"el exportador automático de GSC agrega por página sobre 35 días, todavía no hay serie diaria real con la que clasificar",,
Joaquín Vásquez,titular pero rodina,tema,2,92.0,46.0,baja,SIN_DATOS_60D,"el exportador automático de GSC agrega por página sobre 35 días, todavía no hay serie diaria real con la que clasificar",,
Joaquín Vásquez,Rumania,entidad,2,85.0,42.0,baja,SIN_DATOS_60D,"el exportador automático de GSC agrega por página sobre 35 días, todavía no hay serie diaria real con la que clasificar",,
Jorge Cruzalegui,liga peruana,entidad,43,70191.0,1632.0,alta,SIN_DATOS_60D,"el exportador automático de GSC agrega por página sobre 35 días, todavía no hay serie diaria real con la que clasificar",,
Jorge Cruzalegui,Alianza Lima,entidad,95,63191.0,665.0,alta,SIN_DATOS_60D,"el exportador automático de GSC agrega por página sobre 35 días, todavía no hay serie diaria real con la que clasificar",,
Jorge Cruzalegui,Liga Femenina,entidad,72,61280.0,851.0,alta,SIN_DATOS_60D,"el exportador automático de GSC agrega por página sobre 35 días, todavía no hay serie diaria real con la que clasificar",,
Jorge Cruzalegui,Torneo Apertura,entidad,69,60922.0,883.0,alta,SIN_DATOS_60D,"el exportador automático de GSC agrega por página sobre 35 días, todavía no hay serie diaria real con la que clasificar",,
Jorge Cruzalegui,fecha de la fase,entidad,42,60621.0,1443.0,alta,SIN_DATOS_60D,"el exportador automático de GSC agrega por página sobre 35 días, todavía no hay serie diaria real con la que clasificar",,
Jorge Cruzalegui,tabla de posiciones,tema,58,51510.0,888.0,alta,SIN_DATOS_60D,"el exportador automático de GSC agrega por página sobre 35 días, todavía no hay serie diaria real con la que clasificar",,
Jorge Cruzalegui,Copa de la Liga,entidad,29,47669.0,1644.0,alta,SIN_DATOS_60D,"el exportador automático de GSC agrega por página sobre 35 días, todavía no hay serie diaria real con la que clasificar",,
Jorge Cruzalegui,fecha del torneo,entidad,52,47346.0,910.0,alta,SIN_DATOS_60D,"el exportador automático de GSC agrega por página sobre 35 días, todavía no hay serie diaria real con la que clasificar",,
Jorge Cruzalegui,posiciones de la fecha,tema,49,45925.0,937.0,alta,SIN_DATOS_60D,"el exportador automático de GSC agrega por página sobre 35 días, todavía no hay serie diaria real con la que clasificar",,
Jorge Cruzalegui,Fase,entidad,34,44020.0,1295.0,alta,SIN_DATOS_60D,"el exportador automático de GSC agrega por página sobre 35 días, todavía no hay serie diaria real con la que clasificar",,
Jorge Cruzalegui,resultados y tabla,tema,47,43177.0,919.0,alta,SIN_DATOS_60D,"el exportador automático de GSC agrega por página sobre 35 días, todavía no hay serie diaria real con la que clasificar",,
Jorge Cruzalegui,Torneo Clausura,entidad,53,34279.0,647.0,alta,SIN_DATOS_60D,"el exportador automático de GSC agrega por página sobre 35 días, todavía no hay serie diaria real con la que clasificar",,
Jorge Cruzalegui,Sporting Cristal,entidad,53,33154.0,626.0,alta,SIN_DATOS_60D,"el exportador automático de GSC agrega por página sobre 35 días, todavía no hay serie diaria real con la que clasificar",,
Jorge Cruzalegui,liga resultados,entidad,21,29797.0,1419.0,alta,SIN_DATOS_60D,"el exportador automático de GSC agrega por página sobre 35 días, todavía no hay serie diaria real con la que clasificar",,
Jorge Cruzalegui,Universitario,entidad,46,29098.0,633.0,alta,SIN_DATOS_60D,"el exportador automático de GSC agrega por página sobre 35 días, todavía no hay serie diaria real con la que clasificar",,
Jorge Cruzalegui,Cienciano,entidad,39,27435.0,703.0,alta,SIN_DATOS_60D,"el exportador automático de GSC agrega por página sobre 35 días, todavía no hay serie diaria real con la que clasificar",,
Jorge Cruzalegui,partidos de la fecha,tema,23,26123.0,1136.0,alta,SIN_DATOS_60D,"el exportador automático de GSC agrega por página sobre 35 días, todavía no hay serie diaria real con la que clasificar",,
Jorge Cruzalegui,Universitario de Deportes,entidad,39,24722.0,634.0,alta,SIN_DATOS_60D,"el exportador automático de GSC agrega por página sobre 35 días, todavía no hay serie diaria real con la que clasificar",,
Jorge Cruzalegui,Selección Peruana,entidad,48,24680.0,514.0,alta,SIN_DATOS_60D,"el exportador automático de GSC agrega por página sobre 35 días, todavía no hay serie diaria real con la que clasificar",,
Jorge Cruzalegui,fecha del torneo apertura,entidad,27,23771.0,880.0,alta,SIN_DATOS_60D,"el exportador automático de GSC agrega por página sobre 35 días, todavía no hay serie diaria real con la que clasificar",,
Jorge Cruzalegui,fase de grupos,entidad,28,21809.0,779.0,alta,SIN_DATOS_60D,"el exportador automático de GSC agrega por página sobre 35 días, todavía no hay serie diaria real con la que clasificar",,
Jorge Cruzalegui,Fase Regional,entidad,22,21503.0,977.0,alta,SIN_DATOS_60D,"el exportador automático de GSC agrega por página sobre 35 días, todavía no hay serie diaria real con la que clasificar",,
Jorge Cruzalegui,Copa Libertadores,entidad,58,20805.0,359.0,alta,SIN_DATOS_60D,"el exportador automático de GSC agrega por página sobre 35 días, todavía no hay serie diaria real con la que clasificar",,
Jorge Cruzalegui,cuartos de final,tema,29,20358.0,702.0,alta,SIN_DATOS_60D,"el exportador automático de GSC agrega por página sobre 35 días, todavía no hay serie diaria real con la que clasificar",,
Jorge Cruzalegui,San Martín,entidad,18,19341.0,1074.0,alta,SIN_DATOS_60D,"el exportador automático de GSC agrega por página sobre 35 días, todavía no hay serie diaria real con la que clasificar",,
Jorge Cruzalegui,fecha del torneo clausura,entidad,23,19333.0,841.0,alta,SIN_DATOS_60D,"el exportador automático de GSC agrega por página sobre 35 días, todavía no hay serie diaria real con la que clasificar",,
Jorge Cruzalegui,resultados de los partidos,tema,12,18883.0,1574.0,alta,SIN_DATOS_60D,"el exportador automático de GSC agrega por página sobre 35 días, todavía no hay serie diaria real con la que clasificar",,
Jorge Cruzalegui,octavos de final,tema,19,18574.0,978.0,alta,SIN_DATOS_60D,"el exportador automático de GSC agrega por página sobre 35 días, todavía no hay serie diaria real con la que clasificar",,
Jorge Cruzalegui,Copa Sudamericana,entidad,37,18511.0,500.0,alta,SIN_DATOS_60D,"el exportador automático de GSC agrega por página sobre 35 días, todavía no hay serie diaria real con la que clasificar",,
Jorge Cruzalegui,Chankas,entidad,20,17181.0,859.0,alta,SIN_DATOS_60D,"el exportador automático de GSC agrega por página sobre 35 días, todavía no hay serie diaria real con la que clasificar",,
Jorge Cruzalegui,Sport Boys,entidad,30,16141.0,538.0,alta,SIN_DATOS_60D,"el exportador automático de GSC agrega por página sobre 35 días, todavía no hay serie diaria real con la que clasificar",,
Jorge Cruzalegui,campeonato nacional,entidad,7,16103.0,2300.0,media,SIN_DATOS_60D,"el exportador automático de GSC agrega por página sobre 35 días, todavía no hay serie diaria real con la que clasificar",,
Jorge Cruzalegui,César Vallejo,entidad,7,15232.0,2176.0,media,SIN_DATOS_60D,"el exportador automático de GSC agrega por página sobre 35 días, todavía no hay serie diaria real con la que clasificar",,
Jorge Cruzalegui,tablas y resultados,tema,4,14819.0,3705.0,media,SIN_DATOS_60D,"el exportador automático de GSC agrega por página sobre 35 días, todavía no hay serie diaria real con la que clasificar",,
Jorge Cruzalegui,jugarán los partidos,tema,26,14676.0,564.0,alta,SIN_DATOS_60D,"el exportador automático de GSC agrega por página sobre 35 días, todavía no hay serie diaria real con la que clasificar",,
Jorge Cruzalegui,femenina resultados,tema,12,13695.0,1141.0,alta,SIN_DATOS_60D,"el exportador automático de GSC agrega por página sobre 35 días, todavía no hay serie diaria real con la que clasificar",,
Jorge Cruzalegui,Cusco FC,entidad,23,10994.0,478.0,alta,SIN_DATOS_60D,"el exportador automático de GSC agrega por página sobre 35 días, todavía no hay serie diaria real con la que clasificar",,
Jorge Cruzalegui,final del certamen,tema,4,10755.0,2689.0,media,SIN_DATOS_60D,"el exportador automático de GSC agrega por página sobre 35 días, todavía no hay serie diaria real con la que clasificar",,
Jorge Cruzalegui,certamen peruano,tema,3,10701.0,3567.0,media,SIN_DATOS_60D,"el exportador automático de GSC agrega por página sobre 35 días, todavía no hay serie diaria real con la que clasificar",,
Jorge Cruzalegui,copa perú resultados,entidad,30,10567.0,352.0,alta,SIN_DATOS_60D,"el exportador automático de GSC agrega por página sobre 35 días, todavía no hay serie diaria real con la que clasificar",,
Jorge Cruzalegui,horarios del fútbol,tema,75,10336.0,138.0,alta,SIN_DATOS_60D,"el exportador automático de GSC agrega por página sobre 35 días, todavía no hay serie diaria real con la que clasificar",,
Jorge Cruzalegui,Liga ADA de Jaén,entidad,7,10253.0,1465.0,media,SIN_DATOS_60D,"el exportador automático de GSC agrega por página sobre 35 días, todavía no hay serie diaria real con la que clasificar",,
Jorge Cruzalegui,fecha de la liga,entidad,28,10173.0,363.0,alta,SIN_DATOS_60D,"el exportador automático de GSC agrega por página sobre 35 días, todavía no hay serie diaria real con la que clasificar",,
Jorge Cruzalegui,Atlético Grau,entidad,6,9916.0,1653.0,media,SIN_DATOS_60D,"el exportador automático de GSC agrega por página sobre 35 días, todavía no hay serie diaria real con la que clasificar",,
Jorge Cruzalegui,final de la liga,entidad,16,9859.0,616.0,alta,SIN_DATOS_60D,"el exportador automático de GSC agrega por página sobre 35 días, todavía no hay serie diaria real con la que clasificar",,
Jorge Cruzalegui,altas bajas,tema,6,9817.0,1636.0,media,SIN_DATOS_60D,"el exportador automático de GSC agrega por página sobre 35 días, todavía no hay serie diaria real con la que clasificar",,
Jorge Cruzalegui,Circolo Sportivo Italiano,entidad,8,9556.0,1194.0,media,SIN_DATOS_60D,"el exportador automático de GSC agrega por página sobre 35 días, todavía no hay serie diaria real con la que clasificar",,
Jorge Cruzalegui,Matute,entidad,12,9474.0,790.0,alta,SIN_DATOS_60D,"el exportador automático de GSC agrega por página sobre 35 días, todavía no hay serie diaria real con la que clasificar",,
Jorge Cruzalegui,vóley tablas,tema,2,9466.0,4733.0,baja,SIN_DATOS_60D,"el exportador automático de GSC agrega por página sobre 35 días, todavía no hay serie diaria real con la que clasificar",,
Jorge Cruzalegui,temporada de la liga,entidad,7,9375.0,1339.0,media,SIN_DATOS_60D,"el exportador automático de GSC agrega por página sobre 35 días, todavía no hay serie diaria real con la que clasificar",,
Jorge Cruzalegui,nuevos refuerzos,tema,10,9312.0,931.0,alta,SIN_DATOS_60D,"el exportador automático de GSC agrega por página sobre 35 días, todavía no hay serie diaria real con la que clasificar",,
Jorge Cruzalegui,figuras para la próxima,tema,2,8842.0,4421.0,baja,SIN_DATOS_60D,"el exportador automático de GSC agrega por página sobre 35 días, todavía no hay serie diaria real con la que clasificar",,
Jorge Cruzalegui,próxima temporada,tema,2,8842.0,4421.0,baja,SIN_DATOS_60D,"el exportador automático de GSC agrega por página sobre 35 días, todavía no hay serie diaria real con la que clasificar",,
Jorge Cruzalegui,horarios confirmados,tema,4,8731.0,2183.0,media,SIN_DATOS_60D,"el exportador automático de GSC agrega por página sobre 35 días, todavía no hay serie diaria real con la que clasificar",,
Jorge Cruzalegui,Liga de Naciones Femenina,entidad,8,8710.0,1089.0,media,SIN_DATOS_60D,"el exportador automático de GSC agrega por página sobre 35 días, todavía no hay serie diaria real con la que clasificar",,
Jorge Cruzalegui,torneo peruano,entidad,3,8647.0,2882.0,media,SIN_DATOS_60D,"el exportador automático de GSC agrega por página sobre 35 días, todavía no hay serie diaria real con la que clasificar",,
Jorge Cruzalegui,fase de la liga,entidad,8,8620.0,1078.0,media,SIN_DATOS_60D,"el exportador automático de GSC agrega por página sobre 35 días, todavía no hay serie diaria real con la que clasificar",,
Jorge Cruzalegui,ADT de Tarma,entidad,8,8532.0,1066.0,media,SIN_DATOS_60D,"el exportador automático de GSC agrega por página sobre 35 días, todavía no hay serie diaria real con la que clasificar",,
Jorge Cruzalegui,refuerzos para la liga,entidad,9,8213.0,913.0,media,SIN_DATOS_60D,"el exportador automático de GSC agrega por página sobre 35 días, todavía no hay serie diaria real con la que clasificar",,
Jorge Cruzalegui,Alianza Universidad,entidad,13,8034.0,618.0,alta,SIN_DATOS_60D,"el exportador automático de GSC agrega por página sobre 35 días, todavía no hay serie diaria real con la que clasificar",,
Jorge Cruzalegui,fechas y horarios,tema,5,7883.0,1577.0,media,SIN_DATOS_60D,"el exportador automático de GSC agrega por página sobre 35 días, todavía no hay serie diaria real con la que clasificar",,
Jorge Cruzalegui,FC Cajamarca,entidad,13,7841.0,603.0,alta,SIN_DATOS_60D,"el exportador automático de GSC agrega por página sobre 35 días, todavía no hay serie diaria real con la que clasificar",,
Jorge Cruzalegui,final de la copa,entidad,11,7803.0,709.0,alta,SIN_DATOS_60D,"el exportador automático de GSC agrega por página sobre 35 días, todavía no hay serie diaria real con la que clasificar",,
Jorge Cruzalegui,tabla acumulada,tema,4,7702.0,1926.0,media,SIN_DATOS_60D,"el exportador automático de GSC agrega por página sobre 35 días, todavía no hay serie diaria real con la que clasificar",,
Jorge Cruzalegui,semifinales del torneo,entidad,5,7684.0,1537.0,media,SIN_DATOS_60D,"el exportador automático de GSC agrega por página sobre 35 días, todavía no hay serie diaria real con la que clasificar",,
Jorge Cruzalegui,Mano Menezes,entidad,7,7564.0,1081.0,media,SIN_DATOS_60D,"el exportador automático de GSC agrega por página sobre 35 días, todavía no hay serie diaria real con la que clasificar",,
Jorge Cruzalegui,nacional para la liga,entidad,4,7504.0,1876.0,media,SIN_DATOS_60D,"el exportador automático de GSC agrega por página sobre 35 días, todavía no hay serie diaria real con la que clasificar",,
Jorge Cruzalegui,canal transmitirá,tema,9,7446.0,827.0,media,SIN_DATOS_60D,"el exportador automático de GSC agrega por página sobre 35 días, todavía no hay serie diaria real con la que clasificar",,
Jorge Cruzalegui,delantero nacional,entidad,3,7404.0,2468.0,media,SIN_DATOS_60D,"el exportador automático de GSC agrega por página sobre 35 días, todavía no hay serie diaria real con la que clasificar",,
Jorge Cruzalegui,Hernán Barcos,entidad,10,7367.0,737.0,alta,SIN_DATOS_60D,"el exportador automático de GSC agrega por página sobre 35 días, todavía no hay serie diaria real con la que clasificar",,
Jorge Cruzalegui,Unión Minas,entidad,9,7324.0,814.0,media,SIN_DATOS_60D,"el exportador automático de GSC agrega por página sobre 35 días, todavía no hay serie diaria real con la que clasificar",,
Jorge Cruzalegui,experimentado delantero,tema,2,7236.0,3618.0,baja,SIN_DATOS_60D,"el exportador automático de GSC agrega por página sobre 35 días, todavía no hay serie diaria real con la que clasificar",,
Jorge Cruzalegui,resultados de la fecha,tema,9,7034.0,782.0,media,SIN_DATOS_60D,"el exportador automático de GSC agrega por página sobre 35 días, todavía no hay serie diaria real con la que clasificar",,
Jorge Cruzalegui,fechas y horarios confirmados,tema,3,6997.0,2332.0,media,SIN_DATOS_60D,"el exportador automático de GSC agrega por página sobre 35 días, todavía no hay serie diaria real con la que clasificar",,
Jorge Cruzalegui,liga cómo se jugarán,entidad,10,6996.0,700.0,alta,SIN_DATOS_60D,"el exportador automático de GSC agrega por página sobre 35 días, todavía no hay serie diaria real con la que clasificar",,
Jorge Cruzalegui,UTC de Cajamarca,entidad,12,6864.0,572.0,alta,SIN_DATOS_60D,"el exportador automático de GSC agrega por página sobre 35 días, todavía no hay serie diaria real con la que clasificar",,
Jorge Cruzalegui,Argentina,entidad,19,6787.0,357.0,alta,SIN_DATOS_60D,"el exportador automático de GSC agrega por página sobre 35 días, todavía no hay serie diaria real con la que clasificar",,
Jorge Cruzalegui,Liga Unión Minas,entidad,4,6752.0,1688.0,media,SIN_DATOS_60D,"el exportador automático de GSC agrega por página sobre 35 días, todavía no hay serie diaria real con la que clasificar",,
Jorge Cruzalegui,Regatas Lima,entidad,5,6493.0,1299.0,media,SIN_DATOS_60D,"el exportador automático de GSC agrega por página sobre 35 días, todavía no hay serie diaria real con la que clasificar",,
Jorge Cruzalegui,grupos de la copa,entidad,9,6177.0,686.0,media,SIN_DATOS_60D,"el exportador automático de GSC agrega por página sobre 35 días, todavía no hay serie diaria real con la que clasificar",,
Jorge Cruzalegui,Deportivo Moquegua,entidad,11,6087.0,553.0,alta,SIN_DATOS_60D,"el exportador automático de GSC agrega por página sobre 35 días, todavía no hay serie diaria real con la que clasificar",,
Jorge Cruzalegui,Sport Huancayo,entidad,13,6057.0,466.0,alta,SIN_DATOS_60D,"el exportador automático de GSC agrega por página sobre 35 días, todavía no hay serie diaria real con la que clasificar",,
Jorge Cruzalegui,Deportivo Garcilaso,entidad,14,5890.0,421.0,alta,SIN_DATOS_60D,"el exportador automático de GSC agrega por página sobre 35 días, todavía no hay serie diaria real con la que clasificar",,
Jorge Cruzalegui,debut en la liga,entidad,2,5838.0,2919.0,baja,SIN_DATOS_60D,"el exportador automático de GSC agrega por página sobre 35 días, todavía no hay serie diaria real con la que clasificar",,
Jorge Cruzalegui,Conmebol,entidad,5,5695.0,1139.0,media,SIN_DATOS_60D,"el exportador automático de GSC agrega por página sobre 35 días, todavía no hay serie diaria real con la que clasificar",,
Jorge Cruzalegui,jaén se refuerza,tema,7,5681.0,812.0,media,SIN_DATOS_60D,"el exportador automático de GSC agrega por página sobre 35 días, todavía no hay serie diaria real con la que clasificar",,
Jorge Cruzalegui,renovaciones para la liga,entidad,4,5568.0,1392.0,media,SIN_DATOS_60D,"el exportador automático de GSC agrega por página sobre 35 días, todavía no hay serie diaria real con la que clasificar",,
Jorge Cruzalegui,vs universitario,entidad,8,5561.0,695.0,media,SIN_DATOS_60D,"el exportador automático de GSC agrega por página sobre 35 días, todavía no hay serie diaria real con la que clasificar",,
Jorge Cruzalegui,elecciones generales,tema,9,5483.0,609.0,media,SIN_DATOS_60D,"el exportador automático de GSC agrega por página sobre 35 días, todavía no hay serie diaria real con la que clasificar",,
Jorge Cruzalegui,estadio de matute,entidad,8,5477.0,685.0,media,SIN_DATOS_60D,"el exportador automático de GSC agrega por página sobre 35 días, todavía no hay serie diaria real con la que clasificar",,
Jorge Cruzalegui,estadio donde,tema,3,5377.0,1792.0,media,SIN_DATOS_60D,"el exportador automático de GSC agrega por página sobre 35 días, todavía no hay serie diaria real con la que clasificar",,
Jorge Cruzalegui,femenina tablas,tema,2,5353.0,2676.0,baja,SIN_DATOS_60D,"el exportador automático de GSC agrega por página sobre 35 días, todavía no hay serie diaria real con la que clasificar",,
Jorge Cruzalegui,Dianderas,entidad,3,5316.0,1772.0,media,SIN_DATOS_60D,"el exportador automático de GSC agrega por página sobre 35 días, todavía no hay serie diaria real con la que clasificar",,
Jorge Cruzalegui,donde recibirá,tema,2,5289.0,2644.0,baja,SIN_DATOS_60D,"el exportador automático de GSC agrega por página sobre 35 días, todavía no hay serie diaria real con la que clasificar",,
Jorge Cruzalegui,Melgar,entidad,16,5262.0,329.0,alta,SIN_DATOS_60D,"el exportador automático de GSC agrega por página sobre 35 días, todavía no hay serie diaria real con la que clasificar",,
Jorge Cruzalegui,Fase Regional de la Liga,entidad,7,5259.0,751.0,media,SIN_DATOS_60D,"el exportador automático de GSC agrega por página sobre 35 días, todavía no hay serie diaria real con la que clasificar",,
Jorge Cruzalegui,bajas y renovaciones,tema,2,5252.0,2626.0,baja,SIN_DATOS_60D,"el exportador automático de GSC agrega por página sobre 35 días, todavía no hay serie diaria real con la que clasificar",,
Jorge Cruzalegui,segunda vuelta,tema,7,5246.0,749.0,media,SIN_DATOS_60D,"el exportador automático de GSC agrega por página sobre 35 días, todavía no hay serie diaria real con la que clasificar",,
Jorge Cruzalegui,liga así se jugarán,entidad,9,5210.0,579.0,media,SIN_DATOS_60D,"el exportador automático de GSC agrega por página sobre 35 días, todavía no hay serie diaria real con la que clasificar",,
Jorge Cruzalegui,Bicolor,entidad,10,5167.0,517.0,alta,SIN_DATOS_60D,"el exportador automático de GSC agrega por página sobre 35 días, todavía no hay serie diaria real con la que clasificar",,
Jorge Cruzalegui,Venezuela,entidad,4,5165.0,1291.0,media,SIN_DATOS_60D,"el exportador automático de GSC agrega por página sobre 35 días, todavía no hay serie diaria real con la que clasificar",,
Jorge Cruzalegui,resultados y tablas,tema,6,5122.0,854.0,media,SIN_DATOS_60D,"el exportador automático de GSC agrega por página sobre 35 días, todavía no hay serie diaria real con la que clasificar",,
Jorge Cruzalegui,partidos de las semifinales,tema,2,5115.0,2558.0,baja,SIN_DATOS_60D,"el exportador automático de GSC agrega por página sobre 35 días, todavía no hay serie diaria real con la que clasificar",,
Jorge Cruzalegui,cinco nuevos,tema,3,5056.0,1685.0,media,SIN_DATOS_60D,"el exportador automático de GSC agrega por página sobre 35 días, todavía no hay serie diaria real con la que clasificar",,
Jorge Cruzalegui,ADA de Jaén,entidad,11,5018.0,456.0,alta,SIN_DATOS_60D,"el exportador automático de GSC agrega por página sobre 35 días, todavía no hay serie diaria real con la que clasificar",,
Jorge Cruzalegui,tablas de posiciones,tema,6,5000.0,833.0,media,SIN_DATOS_60D,"el exportador automático de GSC agrega por página sobre 35 días, todavía no hay serie diaria real con la que clasificar",,
Jorge Cruzalegui,Montevideo City,entidad,5,4980.0,996.0,media,SIN_DATOS_60D,"el exportador automático de GSC agrega por página sobre 35 días, todavía no hay serie diaria real con la que clasificar",,
Jorge Cruzalegui,Torneo Apertura de la Liga,entidad,5,4945.0,989.0,media,SIN_DATOS_60D,"el exportador automático de GSC agrega por página sobre 35 días, todavía no hay serie diaria real con la que clasificar",,
Jorge Cruzalegui,suma dos,tema,6,4929.0,822.0,media,SIN_DATOS_60D,"el exportador automático de GSC agrega por página sobre 35 días, todavía no hay serie diaria real con la que clasificar",,
Jorge Cruzalegui,nuevo torneo,entidad,2,4799.0,2400.0,baja,SIN_DATOS_60D,"el exportador automático de GSC agrega por página sobre 35 días, todavía no hay serie diaria real con la que clasificar",,
Jorge Cruzalegui,canales transmitirán,tema,12,4782.0,398.0,alta,SIN_DATOS_60D,"el exportador automático de GSC agrega por página sobre 35 días, todavía no hay serie diaria real con la que clasificar",,
Jorge Cruzalegui,nuevo técnico,tema,17,4753.0,280.0,alta,SIN_DATOS_60D,"el exportador automático de GSC agrega por página sobre 35 días, todavía no hay serie diaria real con la que clasificar",,
Jorge Cruzalegui,ONPE,entidad,7,4714.0,673.0,media,SIN_DATOS_60D,"el exportador automático de GSC agrega por página sobre 35 días, todavía no hay serie diaria real con la que clasificar",,
Jorge Cruzalegui,partidos que le restan,tema,3,4682.0,1561.0,media,SIN_DATOS_60D,"el exportador automático de GSC agrega por página sobre 35 días, todavía no hay serie diaria real con la que clasificar",,
Jorge Cruzalegui,restan jugar,tema,3,4682.0,1561.0,media,SIN_DATOS_60D,"el exportador automático de GSC agrega por página sobre 35 días, todavía no hay serie diaria real con la que clasificar",,
Jorge Cruzalegui,clausura de la liga,entidad,10,4590.0,459.0,alta,SIN_DATOS_60D,"el exportador automático de GSC agrega por página sobre 35 días, todavía no hay serie diaria real con la que clasificar",,
Jorge Cruzalegui,bajas renovaciones,tema,4,4565.0,1141.0,media,SIN_DATOS_60D,"el exportador automático de GSC agrega por página sobre 35 días, todavía no hay serie diaria real con la que clasificar",,
Jorge Cruzalegui,rumores para la liga,entidad,4,4565.0,1141.0,media,SIN_DATOS_60D,"el exportador automático de GSC agrega por página sobre 35 días, todavía no hay serie diaria real con la que clasificar",,
Jorge Cruzalegui,fixture completo,tema,6,4544.0,757.0,media,SIN_DATOS_60D,"el exportador automático de GSC agrega por página sobre 35 días, todavía no hay serie diaria real con la que clasificar",,
Jorge Cruzalegui,segunda fecha,tema,8,4517.0,565.0,media,SIN_DATOS_60D,"el exportador automático de GSC agrega por página sobre 35 días, todavía no hay serie diaria real con la que clasificar",,
Jorge Cruzalegui,apertura de la liga,entidad,4,4511.0,1128.0,media,SIN_DATOS_60D,"el exportador automático de GSC agrega por página sobre 35 días, todavía no hay serie diaria real con la que clasificar",,
Jorge Cruzalegui,Adrián Quiroz,entidad,2,4509.0,2254.0,baja,SIN_DATOS_60D,"el exportador automático de GSC agrega por página sobre 35 días, todavía no hay serie diaria real con la que clasificar",,
Jorge Cruzalegui,fecha hora,tema,10,4484.0,448.0,alta,SIN_DATOS_60D,"el exportador automático de GSC agrega por página sobre 35 días, todavía no hay serie diaria real con la que clasificar",,
Jorge Cruzalegui,última fecha,entidad,5,4468.0,894.0,media,SIN_DATOS_60D,"el exportador automático de GSC agrega por página sobre 35 días, todavía no hay serie diaria real con la que clasificar",,
Jorge Cruzalegui,dos nuevos,tema,4,4460.0,1115.0,media,SIN_DATOS_60D,"el exportador automático de GSC agrega por página sobre 35 días, todavía no hay serie diaria real con la que clasificar",,
Jorge Cruzalegui,Juan Pablo II,entidad,9,4424.0,492.0,media,SIN_DATOS_60D,"el exportador automático de GSC agrega por página sobre 35 días, todavía no hay serie diaria real con la que clasificar",,
Jorge Cruzalegui,semifinales del torneo apertura,entidad,2,4414.0,2207.0,baja,SIN_DATOS_60D,"el exportador automático de GSC agrega por página sobre 35 días, todavía no hay serie diaria real con la que clasificar",,
Jorge Cruzalegui,semifinales ida,tema,2,4346.0,2173.0,baja,SIN_DATOS_60D,"el exportador automático de GSC agrega por página sobre 35 días, todavía no hay serie diaria real con la que clasificar",,
Jorge Cruzalegui,generales resultados,tema,5,4289.0,858.0,media,SIN_DATOS_60D,"el exportador automático de GSC agrega por página sobre 35 días, todavía no hay serie diaria real con la que clasificar",,
Jorge Cruzalegui,resultados de la onpe,entidad,5,4289.0,858.0,media,SIN_DATOS_60D,"el exportador automático de GSC agrega por página sobre 35 días, todavía no hay serie diaria real con la que clasificar",,
Jorge Cruzalegui,Alianza Atlético,entidad,12,4255.0,355.0,alta,SIN_DATOS_60D,"el exportador automático de GSC agrega por página sobre 35 días, todavía no hay serie diaria real con la que clasificar",,
Jorge Cruzalegui,liga qué canal,entidad,2,4249.0,2124.0,baja,SIN_DATOS_60D,"el exportador automático de GSC agrega por página sobre 35 días, todavía no hay serie diaria real con la que clasificar",,
Jorge Cruzalegui,novedoso torneo,entidad,2,4249.0,2124.0,baja,SIN_DATOS_60D,"el exportador automático de GSC agrega por página sobre 35 días, todavía no hay serie diaria real con la que clasificar",,
Jorge Cruzalegui,cienciano vs,entidad,6,4246.0,708.0,media,SIN_DATOS_60D,"el exportador automático de GSC agrega por página sobre 35 días, todavía no hay serie diaria real con la que clasificar",,
Jorge Cruzalegui,Carlos Mannucci,entidad,11,4243.0,386.0,alta,SIN_DATOS_60D,"el exportador automático de GSC agrega por página sobre 35 días, todavía no hay serie diaria real con la que clasificar",,
Jorge Cruzalegui,fútbol español,tema,2,4213.0,2106.0,baja,SIN_DATOS_60D,"el exportador automático de GSC agrega por página sobre 35 días, todavía no hay serie diaria real con la que clasificar",,
Jorge Cruzalegui,segunda división,entidad,12,4141.0,345.0,alta,SIN_DATOS_60D,"el exportador automático de GSC agrega por página sobre 35 días, todavía no hay serie diaria real con la que clasificar",,
Jorge Cruzalegui,Uruguay,entidad,5,4130.0,826.0,media,SIN_DATOS_60D,"el exportador automático de GSC agrega por página sobre 35 días, todavía no hay serie diaria real con la que clasificar",,
Jorge Cruzalegui,Fase de la Copa Libertadores,entidad,8,4001.0,500.0,media,SIN_DATOS_60D,"el exportador automático de GSC agrega por página sobre 35 días, todavía no hay serie diaria real con la que clasificar",,
Jorge Cruzalegui,jugar en el torneo,entidad,2,3985.0,1992.0,baja,SIN_DATOS_60D,"el exportador automático de GSC agrega por página sobre 35 días, todavía no hay serie diaria real con la que clasificar",,
Jorge Cruzalegui,cristal vs,tema,4,3969.0,992.0,media,SIN_DATOS_60D,"el exportador automático de GSC agrega por página sobre 35 días, todavía no hay serie diaria real con la que clasificar",,
Jorge Cruzalegui,Liga César Vallejo,entidad,2,3946.0,1973.0,baja,SIN_DATOS_60D,"el exportador automático de GSC agrega por página sobre 35 días, todavía no hay serie diaria real con la que clasificar",,
Jorge Cruzalegui,decisión tomada,tema,3,3942.0,1314.0,media,SIN_DATOS_60D,"el exportador automático de GSC agrega por página sobre 35 días, todavía no hay serie diaria real con la que clasificar",,
Jorge Cruzalegui,Torneo Clausura de la Liga,entidad,4,3907.0,977.0,media,SIN_DATOS_60D,"el exportador automático de GSC agrega por página sobre 35 días, todavía no hay serie diaria real con la que clasificar",,
Jorge Cruzalegui,liga departamental,entidad,5,3887.0,777.0,media,SIN_DATOS_60D,"el exportador automático de GSC agrega por página sobre 35 días, todavía no hay serie diaria real con la que clasificar",,
Jorge Cruzalegui,Felipe Chávez,entidad,12,3885.0,324.0,alta,SIN_DATOS_60D,"el exportador automático de GSC agrega por página sobre 35 días, todavía no hay serie diaria real con la que clasificar",,
Jorge Cruzalegui,Ayacucho FC,entidad,7,3867.0,552.0,media,SIN_DATOS_60D,"el exportador automático de GSC agrega por página sobre 35 días, todavía no hay serie diaria real con la que clasificar",,
Jorge Cruzalegui,horarios de los partidos,tema,2,3864.0,1932.0,baja,SIN_DATOS_60D,"el exportador automático de GSC agrega por página sobre 35 días, todavía no hay serie diaria real con la que clasificar",,
Jorge Cruzalegui,campeón de la liga,entidad,5,3860.0,772.0,media,SIN_DATOS_60D,"el exportador automático de GSC agrega por página sobre 35 días, todavía no hay serie diaria real con la que clasificar",,
Jorge Cruzalegui,Bentín Tacna,entidad,6,3838.0,640.0,media,SIN_DATOS_60D,"el exportador automático de GSC agrega por página sobre 35 días, todavía no hay serie diaria real con la que clasificar",,
Jorge Cruzalegui,Noche Blanquiazul Vóley,entidad,3,3768.0,1256.0,media,SIN_DATOS_60D,"el exportador automático de GSC agrega por página sobre 35 días, todavía no hay serie diaria real con la que clasificar",,
Jorge Cruzalegui,CD Yanapuma,entidad,2,3762.0,1881.0,baja,SIN_DATOS_60D,"el exportador automático de GSC agrega por página sobre 35 días, todavía no hay serie diaria real con la que clasificar",,
Jorge Cruzalegui,Santos FC de Nazca,entidad,3,3701.0,1234.0,media,SIN_DATOS_60D,"el exportador automático de GSC agrega por página sobre 35 días, todavía no hay serie diaria real con la que clasificar",,
Jorge Cruzalegui,Bad Boys,entidad,2,3657.0,1828.0,baja,SIN_DATOS_60D,"el exportador automático de GSC agrega por página sobre 35 días, todavía no hay serie diaria real con la que clasificar",,
Jorge Cruzalegui,lima vs,entidad,6,3646.0,608.0,media,SIN_DATOS_60D,"el exportador automático de GSC agrega por página sobre 35 días, todavía no hay serie diaria real con la que clasificar",,
Jorge Cruzalegui,amistoso internacional,tema,14,3619.0,258.0,alta,SIN_DATOS_60D,"el exportador automático de GSC agrega por página sobre 35 días, todavía no hay serie diaria real con la que clasificar",,
Jorge Cruzalegui,cuándo vuelve,entidad,7,3579.0,511.0,media,SIN_DATOS_60D,"el exportador automático de GSC agrega por página sobre 35 días, todavía no hay serie diaria real con la que clasificar",,
Jorge Cruzalegui,liga fixture,entidad,3,3576.0,1192.0,media,SIN_DATOS_60D,"el exportador automático de GSC agrega por página sobre 35 días, todavía no hay serie diaria real con la que clasificar",,
Jorge Cruzalegui,líder del torneo,entidad,2,3553.0,1776.0,baja,SIN_DATOS_60D,"el exportador automático de GSC agrega por página sobre 35 días, todavía no hay serie diaria real con la que clasificar",,
Jorge Cruzalegui,Torneo,entidad,3,3530.0,1177.0,media,SIN_DATOS_60D,"el exportador automático de GSC agrega por página sobre 35 días, todavía no hay serie diaria real con la que clasificar",,
Jorge Cruzalegui,enfrentar a sport,tema,2,3526.0,1763.0,baja,SIN_DATOS_60D,"el exportador automático de GSC agrega por página sobre 35 días, todavía no hay serie diaria real con la que clasificar",,
Jorge Cruzalegui,FPF,entidad,6,3526.0,588.0,media,SIN_DATOS_60D,"el exportador automático de GSC agrega por página sobre 35 días, todavía no hay serie diaria real con la que clasificar",,
Jorge Cruzalegui,tercer lugar,tema,6,3522.0,587.0,media,SIN_DATOS_60D,"el exportador automático de GSC agrega por página sobre 35 días, todavía no hay serie diaria real con la que clasificar",,
Jorge Cruzalegui,resta de puntos,tema,2,3478.0,1739.0,baja,SIN_DATOS_60D,"el exportador automático de GSC agrega por página sobre 35 días, todavía no hay serie diaria real con la que clasificar",,
Jorge Cruzalegui,Comerciantes Unidos,entidad,13,3473.0,267.0,alta,SIN_DATOS_60D,"el exportador automático de GSC agrega por página sobre 35 días, todavía no hay serie diaria real con la que clasificar",,
Jorge Cruzalegui,semifinales de la liga,entidad,5,3471.0,694.0,media,SIN_DATOS_60D,"el exportador automático de GSC agrega por página sobre 35 días, todavía no hay serie diaria real con la que clasificar",,
Jorge Cruzalegui,nuevo plantel,tema,2,3448.0,1724.0,baja,SIN_DATOS_60D,"el exportador automático de GSC agrega por página sobre 35 días, todavía no hay serie diaria real con la que clasificar",,
Jorge Cruzalegui,Grupo,entidad,9,3405.0,378.0,media,SIN_DATOS_60D,"el exportador automático de GSC agrega por página sobre 35 días, todavía no hay serie diaria real con la que clasificar",,
Jorge Cruzalegui,plantel para la liga,entidad,5,3396.0,679.0,media,SIN_DATOS_60D,"el exportador automático de GSC agrega por página sobre 35 días, todavía no hay serie diaria real con la que clasificar",,
Jorge Cruzalegui,liguilla final,tema,6,3379.0,563.0,media,SIN_DATOS_60D,"el exportador automático de GSC agrega por página sobre 35 días, todavía no hay serie diaria real con la que clasificar",,
Jorge Cruzalegui,dos nuevos refuerzos,tema,3,3355.0,1118.0,media,SIN_DATOS_60D,"el exportador automático de GSC agrega por página sobre 35 días, todavía no hay serie diaria real con la que clasificar",,
Jorge Cruzalegui,FC Killas,entidad,8,3351.0,419.0,media,SIN_DATOS_60D,"el exportador automático de GSC agrega por página sobre 35 días, todavía no hay serie diaria real con la que clasificar",,
Jorge Cruzalegui,marcha la tabla,tema,3,3349.0,1116.0,media,SIN_DATOS_60D,"el exportador automático de GSC agrega por página sobre 35 días, todavía no hay serie diaria real con la que clasificar",,
Jorge Cruzalegui,lima suma,entidad,2,3275.0,1638.0,baja,SIN_DATOS_60D,"el exportador automático de GSC agrega por página sobre 35 días, todavía no hay serie diaria real con la que clasificar",,
Jorge Cruzalegui,suma dos nuevos,tema,2,3274.0,1637.0,baja,SIN_DATOS_60D,"el exportador automático de GSC agrega por página sobre 35 días, todavía no hay serie diaria real con la que clasificar",,
Jorge Cruzalegui,departamental de lima,entidad,2,3206.0,1603.0,baja,SIN_DATOS_60D,"el exportador automático de GSC agrega por página sobre 35 días, todavía no hay serie diaria real con la que clasificar",,
Jorge Cruzalegui,lima de la copa,entidad,2,3206.0,1603.0,baja,SIN_DATOS_60D,"el exportador automático de GSC agrega por página sobre 35 días, todavía no hay serie diaria real con la que clasificar",,
Jorge Cruzalegui,universitario vs,entidad,11,3156.0,287.0,alta,SIN_DATOS_60D,"el exportador automático de GSC agrega por página sobre 35 días, todavía no hay serie diaria real con la que clasificar",,
Jorge Cruzalegui,fecha y hora,tema,4,3095.0,774.0,media,SIN_DATOS_60D,"el exportador automático de GSC agrega por página sobre 35 días, todavía no hay serie diaria real con la que clasificar",,
Jorge Cruzalegui,primera victoria,tema,12,3090.0,258.0,alta,SIN_DATOS_60D,"el exportador automático de GSC agrega por página sobre 35 días, todavía no hay serie diaria real con la que clasificar",,
Jorge Cruzalegui,peruana quién,tema,2,3077.0,1538.0,baja,SIN_DATOS_60D,"el exportador automático de GSC agrega por página sobre 35 días, todavía no hay serie diaria real con la que clasificar",,
Jorge Cruzalegui,posiciones del grupo,entidad,6,3072.0,512.0,media,SIN_DATOS_60D,"el exportador automático de GSC agrega por página sobre 35 días, todavía no hay serie diaria real con la que clasificar",,
Jorge Cruzalegui,Liga Departamental de Lima,entidad,3,3058.0,1019.0,media,SIN_DATOS_60D,"el exportador automático de GSC agrega por página sobre 35 días, todavía no hay serie diaria real con la que clasificar",,
Jorge Cruzalegui,nuevo destino,tema,3,3044.0,1015.0,media,SIN_DATOS_60D,"el exportador automático de GSC agrega por página sobre 35 días, todavía no hay serie diaria real con la que clasificar",,
Jorge Cruzalegui,lima qué canal,entidad,2,3035.0,1518.0,baja,SIN_DATOS_60D,"el exportador automático de GSC agrega por página sobre 35 días, todavía no hay serie diaria real con la que clasificar",,
Jorge Cruzalegui,dos nuevas,tema,2,3010.0,1505.0,baja,SIN_DATOS_60D,"el exportador automático de GSC agrega por página sobre 35 días, todavía no hay serie diaria real con la que clasificar",,
Jorge Cruzalegui,Pirata FC,entidad,6,3006.0,501.0,media,SIN_DATOS_60D,"el exportador automático de GSC agrega por página sobre 35 días, todavía no hay serie diaria real con la que clasificar",,
Jorge Cruzalegui,cristal vs universitario,entidad,3,2983.0,994.0,media,SIN_DATOS_60D,"el exportador automático de GSC agrega por página sobre 35 días, todavía no hay serie diaria real con la que clasificar",,
Jorge Cruzalegui,universidad suma,tema,3,2979.0,993.0,media,SIN_DATOS_60D,"el exportador automático de GSC agrega por página sobre 35 días, todavía no hay serie diaria real con la que clasificar",,
Jorge Cruzalegui,Liga Provincial de Arequipa,entidad,3,2881.0,960.0,media,SIN_DATOS_60D,"el exportador automático de GSC agrega por página sobre 35 días, todavía no hay serie diaria real con la que clasificar",,
Jorge Cruzalegui,Bentín Tacna Heroica,entidad,9,2855.0,317.0,media,SIN_DATOS_60D,"el exportador automático de GSC agrega por página sobre 35 días, todavía no hay serie diaria real con la que clasificar",,
Jorge Cruzalegui,Joao Grimaldo,entidad,10,2848.0,285.0,alta,SIN_DATOS_60D,"el exportador automático de GSC agrega por página sobre 35 días, todavía no hay serie diaria real con la que clasificar",,
Jorge Cruzalegui,final del mundial,tema,13,2842.0,219.0,alta,SIN_DATOS_60D,"el exportador automático de GSC agrega por página sobre 35 días, todavía no hay serie diaria real con la que clasificar",,
Jorge Cruzalegui,final del torneo,entidad,3,2807.0,936.0,media,SIN_DATOS_60D,"el exportador automático de GSC agrega por página sobre 35 días, todavía no hay serie diaria real con la que clasificar",,
Jorge Cruzalegui,Sudamericano Sub,entidad,3,2806.0,935.0,media,SIN_DATOS_60D,"el exportador automático de GSC agrega por página sobre 35 días, todavía no hay serie diaria real con la que clasificar",,
Jorge Cruzalegui,etapa departamental,entidad,3,2801.0,934.0,media,SIN_DATOS_60D,"el exportador automático de GSC agrega por página sobre 35 días, todavía no hay serie diaria real con la que clasificar",,
Jorge Cruzalegui,altas y bajas,tema,4,2777.0,694.0,media,SIN_DATOS_60D,"el exportador automático de GSC agrega por página sobre 35 días, todavía no hay serie diaria real con la que clasificar",,
Jorge Cruzalegui,bajas del plantel,tema,4,2777.0,694.0,media,SIN_DATOS_60D,"el exportador automático de GSC agrega por página sobre 35 días, todavía no hay serie diaria real con la que clasificar",,
Jorge Cruzalegui,plantel para el torneo,entidad,4,2777.0,694.0,media,SIN_DATOS_60D,"el exportador automático de GSC agrega por página sobre 35 días, todavía no hay serie diaria real con la que clasificar",,
Jorge Cruzalegui,Deportivo Municipal,entidad,4,2757.0,689.0,media,SIN_DATOS_60D,"el exportador automático de GSC agrega por página sobre 35 días, todavía no hay serie diaria real con la que clasificar",,
Jorge Cruzalegui,Etapa Nacional,entidad,7,2749.0,393.0,media,SIN_DATOS_60D,"el exportador automático de GSC agrega por página sobre 35 días, todavía no hay serie diaria real con la que clasificar",,
Jorge Cruzalegui,frente a carlos,tema,2,2743.0,1372.0,baja,SIN_DATOS_60D,"el exportador automático de GSC agrega por página sobre 35 días, todavía no hay serie diaria real con la que clasificar",,
Jorge Cruzalegui,lista de convocados,tema,4,2743.0,686.0,media,SIN_DATOS_60D,"el exportador automático de GSC agrega por página sobre 35 días, todavía no hay serie diaria real con la que clasificar",,
Jorge Cruzalegui,dónde comprar,tema,5,2740.0,548.0,media,SIN_DATOS_60D,"el exportador automático de GSC agrega por página sobre 35 días, todavía no hay serie diaria real con la que clasificar",,
Jorge Cruzalegui,cima de su grupo,entidad,5,2731.0,546.0,media,SIN_DATOS_60D,"el exportador automático de GSC agrega por página sobre 35 días, todavía no hay serie diaria real con la que clasificar",,
Jorge Cruzalegui,fecha y rival,tema,3,2718.0,906.0,media,SIN_DATOS_60D,"el exportador automático de GSC agrega por página sobre 35 días, todavía no hay serie diaria real con la que clasificar",,
Jorge Cruzalegui,lateral izquierdo,tema,2,2688.0,1344.0,baja,SIN_DATOS_60D,"el exportador automático de GSC agrega por página sobre 35 días, todavía no hay serie diaria real con la que clasificar",,
Jorge Cruzalegui,libertadores los rivales,tema,2,2685.0,1342.0,baja,SIN_DATOS_60D,"el exportador automático de GSC agrega por página sobre 35 días, todavía no hay serie diaria real con la que clasificar",,
Jorge Cruzalegui,resultados en la fecha,tema,6,2653.0,442.0,media,SIN_DATOS_60D,"el exportador automático de GSC agrega por página sobre 35 días, todavía no hay serie diaria real con la que clasificar",,
Jorge Cruzalegui,Bayern Múnich,entidad,5,2649.0,530.0,media,SIN_DATOS_60D,"el exportador automático de GSC agrega por página sobre 35 días, todavía no hay serie diaria real con la que clasificar",,
Jorge Cruzalegui,final del torneo apertura,entidad,2,2625.0,1312.0,baja,SIN_DATOS_60D,"el exportador automático de GSC agrega por página sobre 35 días, todavía no hay serie diaria real con la que clasificar",,
Jorge Cruzalegui,lugar en la copa,entidad,2,2621.0,1310.0,baja,SIN_DATOS_60D,"el exportador automático de GSC agrega por página sobre 35 días, todavía no hay serie diaria real con la que clasificar",,
Jorge Cruzalegui,armando su plantel,tema,3,2574.0,858.0,media,SIN_DATOS_60D,"el exportador automático de GSC agrega por página sobre 35 días, todavía no hay serie diaria real con la que clasificar",,
Jorge Cruzalegui,Juan Aurich,entidad,4,2574.0,644.0,media,SIN_DATOS_60D,"el exportador automático de GSC agrega por página sobre 35 días, todavía no hay serie diaria real con la que clasificar",,
Jorge Cruzalegui,Deportivo Géminis,entidad,3,2573.0,858.0,media,SIN_DATOS_60D,"el exportador automático de GSC agrega por página sobre 35 días, todavía no hay serie diaria real con la que clasificar",,
Jorge Cruzalegui,Gremio,entidad,13,2573.0,198.0,alta,SIN_DATOS_60D,"el exportador automático de GSC agrega por página sobre 35 días, todavía no hay serie diaria real con la que clasificar",,
Jorge Cruzalegui,primera lista,tema,2,2572.0,1286.0,baja,SIN_DATOS_60D,"el exportador automático de GSC agrega por página sobre 35 días, todavía no hay serie diaria real con la que clasificar",,
Jorge Cruzalegui,debut en el sudamericano,tema,2,2553.0,1276.0,baja,SIN_DATOS_60D,"el exportador automático de GSC agrega por página sobre 35 días, todavía no hay serie diaria real con la que clasificar",,
Jorge Cruzalegui,octavos de la copa,entidad,5,2553.0,511.0,media,SIN_DATOS_60D,"el exportador automático de GSC agrega por página sobre 35 días, todavía no hay serie diaria real con la que clasificar",,
Jorge Cruzalegui,femenina programación,tema,4,2549.0,637.0,media,SIN_DATOS_60D,"el exportador automático de GSC agrega por página sobre 35 días, todavía no hay serie diaria real con la que clasificar",,
Jorge Cruzalegui,universitario fecha,entidad,3,2548.0,849.0,media,SIN_DATOS_60D,"el exportador automático de GSC agrega por página sobre 35 días, todavía no hay serie diaria real con la que clasificar",,
Jorge Cruzalegui,b de la copa,entidad,3,2537.0,846.0,media,SIN_DATOS_60D,"el exportador automático de GSC agrega por página sobre 35 días, todavía no hay serie diaria real con la que clasificar",,
Jorge Cruzalegui,grupo b,entidad,3,2537.0,846.0,media,SIN_DATOS_60D,"el exportador automático de GSC agrega por página sobre 35 días, todavía no hay serie diaria real con la que clasificar",,
Jorge Cruzalegui,vuelve al triunfo,tema,5,2532.0,506.0,media,SIN_DATOS_60D,"el exportador automático de GSC agrega por página sobre 35 días, todavía no hay serie diaria real con la que clasificar",,
Jorge Cruzalegui,Erick Noriega,entidad,13,2499.0,192.0,alta,SIN_DATOS_60D,"el exportador automático de GSC agrega por página sobre 35 días, todavía no hay serie diaria real con la que clasificar",,
Jorge Cruzalegui,resta de la liga,entidad,10,2481.0,248.0,alta,SIN_DATOS_60D,"el exportador automático de GSC agrega por página sobre 35 días, todavía no hay serie diaria real con la que clasificar",,
Jorge Cruzalegui,primera fecha,tema,6,2479.0,413.0,media,SIN_DATOS_60D,"el exportador automático de GSC agrega por página sobre 35 días, todavía no hay serie diaria real con la que clasificar",,
Jorge Cruzalegui,vs sporting,entidad,4,2473.0,618.0,media,SIN_DATOS_60D,"el exportador automático de GSC agrega por página sobre 35 días, todavía no hay serie diaria real con la que clasificar",,
Jorge Cruzalegui,clásico frente,tema,2,2471.0,1236.0,baja,SIN_DATOS_60D,"el exportador automático de GSC agrega por página sobre 35 días, todavía no hay serie diaria real con la que clasificar",,
Jorge Cruzalegui,acumulada luego,tema,2,2470.0,1235.0,baja,SIN_DATOS_60D,"el exportador automático de GSC agrega por página sobre 35 días, todavía no hay serie diaria real con la que clasificar",,
Jorge Cruzalegui,jugarse la fecha,tema,2,2470.0,1235.0,baja,SIN_DATOS_60D,"el exportador automático de GSC agrega por página sobre 35 días, todavía no hay serie diaria real con la que clasificar",,
Jorge Cruzalegui,liga así marcha,entidad,2,2470.0,1235.0,baja,SIN_DATOS_60D,"el exportador automático de GSC agrega por página sobre 35 días, todavía no hay serie diaria real con la que clasificar",,
Jorge Cruzalegui,marcha la tabla acumulada,tema,2,2470.0,1235.0,baja,SIN_DATOS_60D,"el exportador automático de GSC agrega por página sobre 35 días, todavía no hay serie diaria real con la que clasificar",,
Jorge Cruzalegui,Nacional,entidad,7,2454.0,351.0,media,SIN_DATOS_60D,"el exportador automático de GSC agrega por página sobre 35 días, todavía no hay serie diaria real con la que clasificar",,
Jorge Cruzalegui,continúa armando,tema,2,2449.0,1224.0,baja,SIN_DATOS_60D,"el exportador automático de GSC agrega por página sobre 35 días, todavía no hay serie diaria real con la que clasificar",,
Jorge Cruzalegui,vs alianza,entidad,4,2446.0,612.0,media,SIN_DATOS_60D,"el exportador automático de GSC agrega por página sobre 35 días, todavía no hay serie diaria real con la que clasificar",,
Jorge Cruzalegui,segunda fecha del torneo,entidad,3,2430.0,810.0,media,SIN_DATOS_60D,"el exportador automático de GSC agrega por página sobre 35 días, todavía no hay serie diaria real con la que clasificar",,
Jorge Cruzalegui,vuelta de los cuartos,tema,2,2427.0,1214.0,baja,SIN_DATOS_60D,"el exportador automático de GSC agrega por página sobre 35 días, todavía no hay serie diaria real con la que clasificar",,
Jorge Cruzalegui,ida de la liga,entidad,3,2422.0,807.0,media,SIN_DATOS_60D,"el exportador automático de GSC agrega por página sobre 35 días, todavía no hay serie diaria real con la que clasificar",,
Jorge Cruzalegui,Sergio Peña,entidad,6,2420.0,403.0,media,SIN_DATOS_60D,"el exportador automático de GSC agrega por página sobre 35 días, todavía no hay serie diaria real con la que clasificar",,
Jorge Cruzalegui,Bolivia,entidad,5,2415.0,483.0,media,SIN_DATOS_60D,"el exportador automático de GSC agrega por página sobre 35 días, todavía no hay serie diaria real con la que clasificar",,
Jorge Cruzalegui,empate frente,tema,7,2411.0,344.0,media,SIN_DATOS_60D,"el exportador automático de GSC agrega por página sobre 35 días, todavía no hay serie diaria real con la que clasificar",,
Jorge Cruzalegui,Ecosem Pasco,entidad,5,2399.0,480.0,media,SIN_DATOS_60D,"el exportador automático de GSC agrega por página sobre 35 días, todavía no hay serie diaria real con la que clasificar",,
Jorge Cruzalegui,convocados para el mundial,tema,7,2370.0,339.0,media,SIN_DATOS_60D,"el exportador automático de GSC agrega por página sobre 35 días, todavía no hay serie diaria real con la que clasificar",,
Jorge Cruzalegui,fecha la tabla,tema,3,2366.0,789.0,media,SIN_DATOS_60D,"el exportador automático de GSC agrega por página sobre 35 días, todavía no hay serie diaria real con la que clasificar",,
Jorge Cruzalegui,Oliver Sonne,entidad,10,2323.0,232.0,alta,SIN_DATOS_60D,"el exportador automático de GSC agrega por página sobre 35 días, todavía no hay serie diaria real con la que clasificar",,
Jorge Cruzalegui,Francia,entidad,9,2309.0,257.0,media,SIN_DATOS_60D,"el exportador automático de GSC agrega por página sobre 35 días, todavía no hay serie diaria real con la que clasificar",,
Jorge Cruzalegui,toma la cima,tema,2,2291.0,1146.0,baja,SIN_DATOS_60D,"el exportador automático de GSC agrega por página sobre 35 días, todavía no hay serie diaria real con la que clasificar",,
Jorge Cruzalegui,fecha por la fase,entidad,5,2222.0,444.0,media,SIN_DATOS_60D,"el exportador automático de GSC agrega por página sobre 35 días, todavía no hay serie diaria real con la que clasificar",,
Jorge Cruzalegui,clásico de la liga,entidad,2,2221.0,1110.0,baja,SIN_DATOS_60D,"el exportador automático de GSC agrega por página sobre 35 días, todavía no hay serie diaria real con la que clasificar",,
Jorge Cruzalegui,Roberto Mosquera,entidad,2,2192.0,1096.0,baja,SIN_DATOS_60D,"el exportador automático de GSC agrega por página sobre 35 días, todavía no hay serie diaria real con la que clasificar",,
Jorge Cruzalegui,triunfo en la liga,entidad,9,2183.0,243.0,media,SIN_DATOS_60D,"el exportador automático de GSC agrega por página sobre 35 días, todavía no hay serie diaria real con la que clasificar",,
Jorge Cruzalegui,técnico de sport,tema,3,2174.0,725.0,media,SIN_DATOS_60D,"el exportador automático de GSC agrega por página sobre 35 días, todavía no hay serie diaria real con la que clasificar",,
Jorge Cruzalegui,afrontar la liga,entidad,5,2158.0,432.0,media,SIN_DATOS_60D,"el exportador automático de GSC agrega por página sobre 35 días, todavía no hay serie diaria real con la que clasificar",,
Jorge Cruzalegui,hora y canal,tema,3,2155.0,718.0,media,SIN_DATOS_60D,"el exportador automático de GSC agrega por página sobre 35 días, todavía no hay serie diaria real con la que clasificar",,
Jorge Cruzalegui,banda derecha,tema,2,2150.0,1075.0,baja,SIN_DATOS_60D,"el exportador automático de GSC agrega por página sobre 35 días, todavía no hay serie diaria real con la que clasificar",,
Jorge Cruzalegui,Carlos Zambrano,entidad,3,2140.0,713.0,media,SIN_DATOS_60D,"el exportador automático de GSC agrega por página sobre 35 días, todavía no hay serie diaria real con la que clasificar",,
Jorge Cruzalegui,refuerza con delantero,tema,3,2128.0,709.0,media,SIN_DATOS_60D,"el exportador automático de GSC agrega por página sobre 35 días, todavía no hay serie diaria real con la que clasificar",,
Jorge Cruzalegui,Academia Cantolao,entidad,6,2123.0,354.0,media,SIN_DATOS_60D,"el exportador automático de GSC agrega por página sobre 35 días, todavía no hay serie diaria real con la que clasificar",,
Jorge Cruzalegui,Bundesliga,entidad,8,2110.0,264.0,media,SIN_DATOS_60D,"el exportador automático de GSC agrega por página sobre 35 días, todavía no hay serie diaria real con la que clasificar",,
Jorge Cruzalegui,Atlético Andahuaylas,entidad,5,2094.0,419.0,media,SIN_DATOS_60D,"el exportador automático de GSC agrega por página sobre 35 días, todavía no hay serie diaria real con la que clasificar",,
Jorge Cruzalegui,Sparta Praga,entidad,9,2013.0,224.0,media,SIN_DATOS_60D,"el exportador automático de GSC agrega por página sobre 35 días, todavía no hay serie diaria real con la que clasificar",,
Jorge Cruzalegui,España,entidad,9,2007.0,223.0,media,SIN_DATOS_60D,"el exportador automático de GSC agrega por página sobre 35 días, todavía no hay serie diaria real con la que clasificar",,
Jorge Cruzalegui,presentación oficial,tema,3,1993.0,664.0,media,SIN_DATOS_60D,"el exportador automático de GSC agrega por página sobre 35 días, todavía no hay serie diaria real con la que clasificar",,
Jorge Cruzalegui,williams riveros,entidad,2,1979.0,990.0,baja,SIN_DATOS_60D,"el exportador automático de GSC agrega por página sobre 35 días, todavía no hay serie diaria real con la que clasificar",,
Jorge Cruzalegui,central para la liga,entidad,3,1974.0,658.0,media,SIN_DATOS_60D,"el exportador automático de GSC agrega por página sobre 35 días, todavía no hay serie diaria real con la que clasificar",,
Jorge Cruzalegui,cuándo y dónde,tema,2,1973.0,986.0,baja,SIN_DATOS_60D,"el exportador automático de GSC agrega por página sobre 35 días, todavía no hay serie diaria real con la que clasificar",,
Jorge Cruzalegui,Atlético Torino,entidad,4,1966.0,492.0,media,SIN_DATOS_60D,"el exportador automático de GSC agrega por página sobre 35 días, todavía no hay serie diaria real con la que clasificar",,
Jorge Cruzalegui,Copa Libertadores Femenina,entidad,4,1963.0,491.0,media,SIN_DATOS_60D,"el exportador automático de GSC agrega por página sobre 35 días, todavía no hay serie diaria real con la que clasificar",,
Jorge Cruzalegui,Jean Deza,entidad,3,1959.0,653.0,media,SIN_DATOS_60D,"el exportador automático de GSC agrega por página sobre 35 días, todavía no hay serie diaria real con la que clasificar",,
Jorge Cruzalegui,excampeona de alianza,tema,2,1956.0,978.0,baja,SIN_DATOS_60D,"el exportador automático de GSC agrega por página sobre 35 días, todavía no hay serie diaria real con la que clasificar",,
Jorge Cruzalegui,refuerza con excampeona,tema,2,1956.0,978.0,baja,SIN_DATOS_60D,"el exportador automático de GSC agrega por página sobre 35 días, todavía no hay serie diaria real con la que clasificar",,
Jorge Cruzalegui,Paraguay,entidad,6,1927.0,321.0,media,SIN_DATOS_60D,"el exportador automático de GSC agrega por página sobre 35 días, todavía no hay serie diaria real con la que clasificar",,
Jorge Cruzalegui,Senegal,entidad,7,1915.0,274.0,media,SIN_DATOS_60D,"el exportador automático de GSC agrega por página sobre 35 días, todavía no hay serie diaria real con la que clasificar",,
Jorge Cruzalegui,universidad refuerza,tema,2,1915.0,958.0,baja,SIN_DATOS_60D,"el exportador automático de GSC agrega por página sobre 35 días, todavía no hay serie diaria real con la que clasificar",,
Jorge Cruzalegui,horas confirmadas,tema,2,1871.0,936.0,baja,SIN_DATOS_60D,"el exportador automático de GSC agrega por página sobre 35 días, todavía no hay serie diaria real con la que clasificar",,
Jorge Cruzalegui,Liga Provincial de Chiclayo,entidad,3,1857.0,619.0,media,SIN_DATOS_60D,"el exportador automático de GSC agrega por página sobre 35 días, todavía no hay serie diaria real con la que clasificar",,
Jorge Cruzalegui,impuso a carlos,tema,2,1855.0,928.0,baja,SIN_DATOS_60D,"el exportador automático de GSC agrega por página sobre 35 días, todavía no hay serie diaria real con la que clasificar",,
Jorge Cruzalegui,Campeonato Sudamericano de Vóley,entidad,4,1844.0,461.0,media,SIN_DATOS_60D,"el exportador automático de GSC agrega por página sobre 35 días, todavía no hay serie diaria real con la que clasificar",,
Jorge Cruzalegui,Héctor Cúper,entidad,4,1840.0,460.0,media,SIN_DATOS_60D,"el exportador automático de GSC agrega por página sobre 35 días, todavía no hay serie diaria real con la que clasificar",,
Jorge Cruzalegui,deportes suma,tema,2,1835.0,918.0,baja,SIN_DATOS_60D,"el exportador automático de GSC agrega por página sobre 35 días, todavía no hay serie diaria real con la que clasificar",,
Jorge Cruzalegui,decisión respecto,tema,3,1834.0,611.0,media,SIN_DATOS_60D,"el exportador automático de GSC agrega por página sobre 35 días, todavía no hay serie diaria real con la que clasificar",,
Jorge Cruzalegui,fase de la etapa,entidad,2,1834.0,917.0,baja,SIN_DATOS_60D,"el exportador automático de GSC agrega por página sobre 35 días, todavía no hay serie diaria real con la que clasificar",,
Jorge Cruzalegui,mantiene su invicto,tema,3,1825.0,608.0,media,SIN_DATOS_60D,"el exportador automático de GSC agrega por página sobre 35 días, todavía no hay serie diaria real con la que clasificar",,
Jorge Cruzalegui,cienciano cuándo,entidad,5,1813.0,363.0,media,SIN_DATOS_60D,"el exportador automático de GSC agrega por página sobre 35 días, todavía no hay serie diaria real con la que clasificar",,
Jorge Cruzalegui,Monumental,entidad,5,1804.0,361.0,media,SIN_DATOS_60D,"el exportador automático de GSC agrega por página sobre 35 días, todavía no hay serie diaria real con la que clasificar",,
Jorge Cruzalegui,Lima,entidad,2,1799.0,900.0,baja,SIN_DATOS_60D,"el exportador automático de GSC agrega por página sobre 35 días, todavía no hay serie diaria real con la que clasificar",,
Jorge Cruzalegui,cristal qué canales,tema,3,1793.0,598.0,media,SIN_DATOS_60D,"el exportador automático de GSC agrega por página sobre 35 días, todavía no hay serie diaria real con la que clasificar",,
Jorge Cruzalegui,femenina cómo se jugarán,tema,4,1784.0,446.0,media,SIN_DATOS_60D,"el exportador automático de GSC agrega por página sobre 35 días, todavía no hay serie diaria real con la que clasificar",,
Jorge Cruzalegui,cima de la liga,entidad,3,1780.0,593.0,media,SIN_DATOS_60D,"el exportador automático de GSC agrega por página sobre 35 días, todavía no hay serie diaria real con la que clasificar",,
Jorge Cruzalegui,partidos de la segunda,tema,2,1778.0,889.0,baja,SIN_DATOS_60D,"el exportador automático de GSC agrega por página sobre 35 días, todavía no hay serie diaria real con la que clasificar",,
Jorge Cruzalegui,vallejo suma,tema,2,1764.0,882.0,baja,SIN_DATOS_60D,"el exportador automático de GSC agrega por página sobre 35 días, todavía no hay serie diaria real con la que clasificar",,
Jorge Cruzalegui,mundial de vóley,tema,2,1764.0,882.0,baja,SIN_DATOS_60D,"el exportador automático de GSC agrega por página sobre 35 días, todavía no hay serie diaria real con la que clasificar",,
Jorge Cruzalegui,suma a experimentado,tema,2,1763.0,882.0,baja,SIN_DATOS_60D,"el exportador automático de GSC agrega por página sobre 35 días, todavía no hay serie diaria real con la que clasificar",,
Jorge Cruzalegui,final ida,tema,4,1750.0,438.0,media,SIN_DATOS_60D,"el exportador automático de GSC agrega por página sobre 35 días, todavía no hay serie diaria real con la que clasificar",,
Jorge Cruzalegui,miguel trauco,entidad,2,1747.0,874.0,baja,SIN_DATOS_60D,"el exportador automático de GSC agrega por página sobre 35 días, todavía no hay serie diaria real con la que clasificar",,
Jorge Cruzalegui,peruana cuándo,tema,5,1745.0,349.0,media,SIN_DATOS_60D,"el exportador automático de GSC agrega por página sobre 35 días, todavía no hay serie diaria real con la que clasificar",,
Jorge Cruzalegui,cristal cuándo,tema,5,1730.0,346.0,media,SIN_DATOS_60D,"el exportador automático de GSC agrega por página sobre 35 días, todavía no hay serie diaria real con la que clasificar",,
Jorge Cruzalegui,fc se impuso,entidad,3,1722.0,574.0,media,SIN_DATOS_60D,"el exportador automático de GSC agrega por página sobre 35 días, todavía no hay serie diaria real con la que clasificar",,
Jorge Cruzalegui,Champions League,entidad,13,1712.0,132.0,alta,SIN_DATOS_60D,"el exportador automático de GSC agrega por página sobre 35 días, todavía no hay serie diaria real con la que clasificar",,
Jorge Cruzalegui,Flamengo FBC,entidad,5,1707.0,341.0,media,SIN_DATOS_60D,"el exportador automático de GSC agrega por página sobre 35 días, todavía no hay serie diaria real con la que clasificar",,
Jorge Cruzalegui,deportes se refuerza,tema,2,1705.0,852.0,baja,SIN_DATOS_60D,"el exportador automático de GSC agrega por página sobre 35 días, todavía no hay serie diaria real con la que clasificar",,
Jorge Cruzalegui,suma experiencia,tema,2,1677.0,838.0,baja,SIN_DATOS_60D,"el exportador automático de GSC agrega por página sobre 35 días, todavía no hay serie diaria real con la que clasificar",,
Jorge Cruzalegui,Haití,entidad,5,1661.0,332.0,media,SIN_DATOS_60D,"el exportador automático de GSC agrega por página sobre 35 días, todavía no hay serie diaria real con la que clasificar",,
Jorge Cruzalegui,local frente,tema,2,1647.0,824.0,baja,SIN_DATOS_60D,"el exportador automático de GSC agrega por página sobre 35 días, todavía no hay serie diaria real con la que clasificar",,
Jorge Cruzalegui,transmitirán el partido,tema,3,1644.0,548.0,media,SIN_DATOS_60D,"el exportador automático de GSC agrega por página sobre 35 días, todavía no hay serie diaria real con la que clasificar",,
Jorge Cruzalegui,completa de los partidos,tema,4,1635.0,409.0,media,SIN_DATOS_60D,"el exportador automático de GSC agrega por página sobre 35 días, todavía no hay serie diaria real con la que clasificar",,
Jorge Cruzalegui,programación completa,tema,4,1635.0,409.0,media,SIN_DATOS_60D,"el exportador automático de GSC agrega por página sobre 35 días, todavía no hay serie diaria real con la que clasificar",,
Jorge Cruzalegui,lugar de la liga,entidad,4,1631.0,408.0,media,SIN_DATOS_60D,"el exportador automático de GSC agrega por página sobre 35 días, todavía no hay serie diaria real con la que clasificar",,
Jorge Cruzalegui,partido por la fecha,tema,6,1623.0,270.0,media,SIN_DATOS_60D,"el exportador automático de GSC agrega por página sobre 35 días, todavía no hay serie diaria real con la que clasificar",,
Jorge Cruzalegui,resultados de los cuartos,tema,4,1619.0,405.0,media,SIN_DATOS_60D,"el exportador automático de GSC agrega por página sobre 35 días, todavía no hay serie diaria real con la que clasificar",,
Jorge Cruzalegui,Alemania,entidad,2,1607.0,804.0,baja,SIN_DATOS_60D,"el exportador automático de GSC agrega por página sobre 35 días, todavía no hay serie diaria real con la que clasificar",,
Jorge Cruzalegui,salida de alianza,tema,2,1598.0,799.0,baja,SIN_DATOS_60D,"el exportador automático de GSC agrega por página sobre 35 días, todavía no hay serie diaria real con la que clasificar",,
Jorge Cruzalegui,maxloren castro,entidad,2,1593.0,796.0,baja,SIN_DATOS_60D,"el exportador automático de GSC agrega por página sobre 35 días, todavía no hay serie diaria real con la que clasificar",,
Jorge Cruzalegui,victoria en el torneo,entidad,4,1586.0,396.0,media,SIN_DATOS_60D,"el exportador automático de GSC agrega por página sobre 35 días, todavía no hay serie diaria real con la que clasificar",,
Jorge Cruzalegui,amistosos internacionales,tema,2,1583.0,792.0,baja,SIN_DATOS_60D,"el exportador automático de GSC agrega por página sobre 35 días, todavía no hay serie diaria real con la que clasificar",,
Jorge Cruzalegui,Inglaterra,entidad,9,1576.0,175.0,media,SIN_DATOS_60D,"el exportador automático de GSC agrega por página sobre 35 días, todavía no hay serie diaria real con la que clasificar",,
Jorge Cruzalegui,cienciano cuándo vuelve,entidad,3,1570.0,523.0,media,SIN_DATOS_60D,"el exportador automático de GSC agrega por página sobre 35 días, todavía no hay serie diaria real con la que clasificar",,
Jorge Cruzalegui,partido por la fase,entidad,2,1566.0,783.0,baja,SIN_DATOS_60D,"el exportador automático de GSC agrega por página sobre 35 días, todavía no hay serie diaria real con la que clasificar",,
Jorge Cruzalegui,plantel principal,tema,2,1565.0,782.0,baja,SIN_DATOS_60D,"el exportador automático de GSC agrega por página sobre 35 días, todavía no hay serie diaria real con la que clasificar",,
Jorge Cruzalegui,Deportivo Cali,entidad,8,1555.0,194.0,media,SIN_DATOS_60D,"el exportador automático de GSC agrega por página sobre 35 días, todavía no hay serie diaria real con la que clasificar",,
Jorge Cruzalegui,victoria en la liga,entidad,7,1546.0,221.0,media,SIN_DATOS_60D,"el exportador automático de GSC agrega por página sobre 35 días, todavía no hay serie diaria real con la que clasificar",,
Jorge Cruzalegui,impuso a deportivo,tema,2,1541.0,770.0,baja,SIN_DATOS_60D,"el exportador automático de GSC agrega por página sobre 35 días, todavía no hay serie diaria real con la que clasificar",,
Jorge Cruzalegui,Trujillo,entidad,2,1525.0,762.0,baja,SIN_DATOS_60D,"el exportador automático de GSC agrega por página sobre 35 días, todavía no hay serie diaria real con la que clasificar",,
Jorge Cruzalegui,Etapa Nacional de la Copa,entidad,7,1522.0,217.0,media,SIN_DATOS_60D,"el exportador automático de GSC agrega por página sobre 35 días, todavía no hay serie diaria real con la que clasificar",,
Jorge Cruzalegui,sigue la preparación,tema,2,1504.0,752.0,baja,SIN_DATOS_60D,"el exportador automático de GSC agrega por página sobre 35 días, todavía no hay serie diaria real con la que clasificar",,
Jorge Cruzalegui,ida de los cuartos,tema,2,1503.0,752.0,baja,SIN_DATOS_60D,"el exportador automático de GSC agrega por página sobre 35 días, todavía no hay serie diaria real con la que clasificar",,
Jorge Cruzalegui,grupo en la liga,entidad,5,1491.0,298.0,media,SIN_DATOS_60D,"el exportador automático de GSC agrega por página sobre 35 días, todavía no hay serie diaria real con la que clasificar",,
Jorge Cruzalegui,fecha de la etapa,tema,7,1485.0,212.0,media,SIN_DATOS_60D,"el exportador automático de GSC agrega por página sobre 35 días, todavía no hay serie diaria real con la que clasificar",,
Jorge Cruzalegui,cienciano fecha,entidad,2,1481.0,740.0,baja,SIN_DATOS_60D,"el exportador automático de GSC agrega por página sobre 35 días, todavía no hay serie diaria real con la que clasificar",,
Jorge Cruzalegui,Pedro Gallese,entidad,9,1481.0,165.0,media,SIN_DATOS_60D,"el exportador automático de GSC agrega por página sobre 35 días, todavía no hay serie diaria real con la que clasificar",,
Jorge Cruzalegui,clasificados a la etapa,tema,2,1479.0,740.0,baja,SIN_DATOS_60D,"el exportador automático de GSC agrega por página sobre 35 días, todavía no hay serie diaria real con la que clasificar",,
Jorge Cruzalegui,impuso a circolo,tema,2,1474.0,737.0,baja,SIN_DATOS_60D,"el exportador automático de GSC agrega por página sobre 35 días, todavía no hay serie diaria real con la que clasificar",,
Jorge Cruzalegui,celebrar en el torneo,entidad,2,1471.0,736.0,baja,SIN_DATOS_60D,"el exportador automático de GSC agrega por página sobre 35 días, todavía no hay serie diaria real con la que clasificar",,
Jorge Cruzalegui,Brasileirao,entidad,18,1450.0,81.0,alta,SIN_DATOS_60D,"el exportador automático de GSC agrega por página sobre 35 días, todavía no hay serie diaria real con la que clasificar",,
Jorge Cruzalegui,Boca Juniors,entidad,3,1435.0,478.0,media,SIN_DATOS_60D,"el exportador automático de GSC agrega por página sobre 35 días, todavía no hay serie diaria real con la que clasificar",,
Jorge Cruzalegui,fase ida,entidad,3,1435.0,478.0,media,SIN_DATOS_60D,"el exportador automático de GSC agrega por página sobre 35 días, todavía no hay serie diaria real con la que clasificar",,
Jorge Cruzalegui,cusco fc se impuso,entidad,2,1434.0,717.0,baja,SIN_DATOS_60D,"el exportador automático de GSC agrega por página sobre 35 días, todavía no hay serie diaria real con la que clasificar",,
Jorge Cruzalegui,cambios en la liga,entidad,2,1416.0,708.0,baja,SIN_DATOS_60D,"el exportador automático de GSC agrega por página sobre 35 días, todavía no hay serie diaria real con la que clasificar",,
Jorge Cruzalegui,campeón de la copa,entidad,2,1412.0,706.0,baja,SIN_DATOS_60D,"el exportador automático de GSC agrega por página sobre 35 días, todavía no hay serie diaria real con la que clasificar",,
Jorge Cruzalegui,primer partido,tema,3,1407.0,469.0,media,SIN_DATOS_60D,"el exportador automático de GSC agrega por página sobre 35 días, todavía no hay serie diaria real con la que clasificar",,
Jorge Cruzalegui,final vuelta,tema,4,1405.0,351.0,media,SIN_DATOS_60D,"el exportador automático de GSC agrega por página sobre 35 días, todavía no hay serie diaria real con la que clasificar",,
Jorge Cruzalegui,LDU de Quito,entidad,13,1402.0,108.0,alta,SIN_DATOS_60D,"el exportador automático de GSC agrega por página sobre 35 días, todavía no hay serie diaria real con la que clasificar",,
Jorge Cruzalegui,vuelta de la liga,entidad,3,1400.0,467.0,media,SIN_DATOS_60D,"el exportador automático de GSC agrega por página sobre 35 días, todavía no hay serie diaria real con la que clasificar",,
Jorge Cruzalegui,cajamarca por la fecha,tema,2,1395.0,698.0,baja,SIN_DATOS_60D,"el exportador automático de GSC agrega por página sobre 35 días, todavía no hay serie diaria real con la que clasificar",,
Jorge Cruzalegui,Jesús Pretell,entidad,13,1393.0,107.0,alta,SIN_DATOS_60D,"el exportador automático de GSC agrega por página sobre 35 días, todavía no hay serie diaria real con la que clasificar",,
Jorge Cruzalegui,Botafogo,entidad,6,1391.0,232.0,media,SIN_DATOS_60D,"el exportador automático de GSC agrega por página sobre 35 días, todavía no hay serie diaria real con la que clasificar",,
Jorge Cruzalegui,Deportivo Llacuabamba,entidad,5,1370.0,274.0,media,SIN_DATOS_60D,"el exportador automático de GSC agrega por página sobre 35 días, todavía no hay serie diaria real con la que clasificar",,
Jorge Cruzalegui,llaves de los cuartos,tema,2,1367.0,684.0,baja,SIN_DATOS_60D,"el exportador automático de GSC agrega por página sobre 35 días, todavía no hay serie diaria real con la que clasificar",,
Jorge Cruzalegui,nuevo equipo,tema,2,1367.0,684.0,baja,SIN_DATOS_60D,"el exportador automático de GSC agrega por página sobre 35 días, todavía no hay serie diaria real con la que clasificar",,
Jorge Cruzalegui,vs inglaterra,entidad,6,1363.0,227.0,media,SIN_DATOS_60D,"el exportador automático de GSC agrega por página sobre 35 días, todavía no hay serie diaria real con la que clasificar",,
Jorge Cruzalegui,tres jugadores,tema,3,1353.0,451.0,media,SIN_DATOS_60D,"el exportador automático de GSC agrega por página sobre 35 días, todavía no hay serie diaria real con la que clasificar",,
Jorge Cruzalegui,malas noticias,tema,4,1341.0,335.0,media,SIN_DATOS_60D,"el exportador automático de GSC agrega por página sobre 35 días, todavía no hay serie diaria real con la que clasificar",,
Jorge Cruzalegui,fecha de la copa,entidad,6,1335.0,222.0,media,SIN_DATOS_60D,"el exportador automático de GSC agrega por página sobre 35 días, todavía no hay serie diaria real con la que clasificar",,
Jorge Cruzalegui,refuerzo extranjero,tema,3,1320.0,440.0,media,SIN_DATOS_60D,"el exportador automático de GSC agrega por página sobre 35 días, todavía no hay serie diaria real con la que clasificar",,
Jorge Cruzalegui,universidad suma dos,tema,2,1315.0,658.0,baja,SIN_DATOS_60D,"el exportador automático de GSC agrega por página sobre 35 días, todavía no hay serie diaria real con la que clasificar",,
Jorge Cruzalegui,Colombia,entidad,9,1313.0,146.0,media,SIN_DATOS_60D,"el exportador automático de GSC agrega por página sobre 35 días, todavía no hay serie diaria real con la que clasificar",,
Jorge Cruzalegui,Brasil,entidad,5,1309.0,262.0,media,SIN_DATOS_60D,"el exportador automático de GSC agrega por página sobre 35 días, todavía no hay serie diaria real con la que clasificar",,
Jorge Cruzalegui,Gianluca Lapadula,entidad,8,1307.0,163.0,media,SIN_DATOS_60D,"el exportador automático de GSC agrega por página sobre 35 días, todavía no hay serie diaria real con la que clasificar",,
Jorge Cruzalegui,goleada incluida,tema,2,1306.0,653.0,baja,SIN_DATOS_60D,"el exportador automático de GSC agrega por página sobre 35 días, todavía no hay serie diaria real con la que clasificar",,
Jorge Cruzalegui,Unión Comercio,entidad,4,1297.0,324.0,media,SIN_DATOS_60D,"el exportador automático de GSC agrega por página sobre 35 días, todavía no hay serie diaria real con la que clasificar",,
Jorge Cruzalegui,Estudiantil CNI,entidad,5,1290.0,258.0,media,SIN_DATOS_60D,"el exportador automático de GSC agrega por página sobre 35 días, todavía no hay serie diaria real con la que clasificar",,
Jorge Cruzalegui,José María Arguedas,entidad,6,1278.0,213.0,media,SIN_DATOS_60D,"el exportador automático de GSC agrega por página sobre 35 días, todavía no hay serie diaria real con la que clasificar",,
Jorge Cruzalegui,primera derrota,tema,2,1275.0,638.0,baja,SIN_DATOS_60D,"el exportador automático de GSC agrega por página sobre 35 días, todavía no hay serie diaria real con la que clasificar",,
Jorge Cruzalegui,Sullana,entidad,3,1275.0,425.0,media,SIN_DATOS_60D,"el exportador automático de GSC agrega por página sobre 35 días, todavía no hay serie diaria real con la que clasificar",,
Jorge Cruzalegui,primeros amistosos,tema,2,1267.0,634.0,baja,SIN_DATOS_60D,"el exportador automático de GSC agrega por página sobre 35 días, todavía no hay serie diaria real con la que clasificar",,
Jorge Cruzalegui,Flamengo,entidad,5,1261.0,252.0,media,SIN_DATOS_60D,"el exportador automático de GSC agrega por página sobre 35 días, todavía no hay serie diaria real con la que clasificar",,
Jorge Cruzalegui,FIFA,entidad,5,1247.0,249.0,media,SIN_DATOS_60D,"el exportador automático de GSC agrega por página sobre 35 días, todavía no hay serie diaria real con la que clasificar",,
Jorge Cruzalegui,clave atlético,tema,2,1241.0,620.0,baja,SIN_DATOS_60D,"el exportador automático de GSC agrega por página sobre 35 días, todavía no hay serie diaria real con la que clasificar",,
Jorge Cruzalegui,cuartos de final ida,tema,3,1236.0,412.0,media,SIN_DATOS_60D,"el exportador automático de GSC agrega por página sobre 35 días, todavía no hay serie diaria real con la que clasificar",,
Jorge Cruzalegui,club unsaac,tema,3,1236.0,412.0,media,SIN_DATOS_60D,"el exportador automático de GSC agrega por página sobre 35 días, todavía no hay serie diaria real con la que clasificar",,
Jorge Cruzalegui,segunda victoria,tema,4,1233.0,308.0,media,SIN_DATOS_60D,"el exportador automático de GSC agrega por página sobre 35 días, todavía no hay serie diaria real con la que clasificar",,
Jorge Cruzalegui,amistoso frente,tema,3,1232.0,411.0,media,SIN_DATOS_60D,"el exportador automático de GSC agrega por página sobre 35 días, todavía no hay serie diaria real con la que clasificar",,
Jorge Cruzalegui,frente a utc,tema,2,1228.0,614.0,baja,SIN_DATOS_60D,"el exportador automático de GSC agrega por página sobre 35 días, todavía no hay serie diaria real con la que clasificar",,
Jorge Cruzalegui,Jairo Vélez,entidad,3,1228.0,409.0,media,SIN_DATOS_60D,"el exportador automático de GSC agrega por página sobre 35 días, todavía no hay serie diaria real con la que clasificar",,
Jorge Cruzalegui,defensor sporting,entidad,4,1227.0,307.0,media,SIN_DATOS_60D,"el exportador automático de GSC agrega por página sobre 35 días, todavía no hay serie diaria real con la que clasificar",,
Jorge Cruzalegui,vs deportivo,tema,5,1210.0,242.0,media,SIN_DATOS_60D,"el exportador automático de GSC agrega por página sobre 35 días, todavía no hay serie diaria real con la que clasificar",,
Jorge Cruzalegui,Carabobo,entidad,4,1202.0,300.0,media,SIN_DATOS_60D,"el exportador automático de GSC agrega por página sobre 35 días, todavía no hay serie diaria real con la que clasificar",,
Jorge Cruzalegui,cima del torneo,entidad,2,1185.0,592.0,baja,SIN_DATOS_60D,"el exportador automático de GSC agrega por página sobre 35 días, todavía no hay serie diaria real con la que clasificar",,
Jorge Cruzalegui,ida de la copa,entidad,2,1181.0,590.0,baja,SIN_DATOS_60D,"el exportador automático de GSC agrega por página sobre 35 días, todavía no hay serie diaria real con la que clasificar",,
Jorge Cruzalegui,primer gol,tema,4,1178.0,294.0,media,SIN_DATOS_60D,"el exportador automático de GSC agrega por página sobre 35 días, todavía no hay serie diaria real con la que clasificar",,
Jorge Cruzalegui,Jean Ferrari,entidad,2,1176.0,588.0,baja,SIN_DATOS_60D,"el exportador automático de GSC agrega por página sobre 35 días, todavía no hay serie diaria real con la que clasificar",,
Jorge Cruzalegui,Cusco,entidad,4,1166.0,292.0,media,SIN_DATOS_60D,"el exportador automático de GSC agrega por página sobre 35 días, todavía no hay serie diaria real con la que clasificar",,
Jorge Cruzalegui,México,entidad,9,1165.0,129.0,media,SIN_DATOS_60D,"el exportador automático de GSC agrega por página sobre 35 días, todavía no hay serie diaria real con la que clasificar",,
Jorge Cruzalegui,regional de la copa,entidad,2,1165.0,582.0,baja,SIN_DATOS_60D,"el exportador automático de GSC agrega por página sobre 35 días, todavía no hay serie diaria real con la que clasificar",,
Jorge Cruzalegui,Noche Blanquiazul Femenina,entidad,2,1160.0,580.0,baja,SIN_DATOS_60D,"el exportador automático de GSC agrega por página sobre 35 días, todavía no hay serie diaria real con la que clasificar",,
Jorge Cruzalegui,Saravia,entidad,4,1159.0,290.0,media,SIN_DATOS_60D,"el exportador automático de GSC agrega por página sobre 35 días, todavía no hay serie diaria real con la que clasificar",,
Jorge Cruzalegui,unsaac y sigue,tema,2,1157.0,578.0,baja,SIN_DATOS_60D,"el exportador automático de GSC agrega por página sobre 35 días, todavía no hay serie diaria real con la que clasificar",,
Jorge Cruzalegui,Honduras,entidad,3,1137.0,379.0,media,SIN_DATOS_60D,"el exportador automático de GSC agrega por página sobre 35 días, todavía no hay serie diaria real con la que clasificar",,
Jorge Cruzalegui,Deportivo SOAN,entidad,2,1132.0,566.0,baja,SIN_DATOS_60D,"el exportador automático de GSC agrega por página sobre 35 días, todavía no hay serie diaria real con la que clasificar",,
Jorge Cruzalegui,décima fecha,tema,2,1131.0,566.0,baja,SIN_DATOS_60D,"el exportador automático de GSC agrega por página sobre 35 días, todavía no hay serie diaria real con la que clasificar",,
Jorge Cruzalegui,partidos de la décima,tema,2,1131.0,566.0,baja,SIN_DATOS_60D,"el exportador automático de GSC agrega por página sobre 35 días, todavía no hay serie diaria real con la que clasificar",,
Jorge Cruzalegui,ascenso bentín,tema,2,1129.0,564.0,baja,SIN_DATOS_60D,"el exportador automático de GSC agrega por página sobre 35 días, todavía no hay serie diaria real con la que clasificar",,
Jorge Cruzalegui,César Inga,entidad,3,1121.0,374.0,media,SIN_DATOS_60D,"el exportador automático de GSC agrega por página sobre 35 días, todavía no hay serie diaria real con la que clasificar",,
Jorge Cruzalegui,Colonia,entidad,6,1120.0,187.0,media,SIN_DATOS_60D,"el exportador automático de GSC agrega por página sobre 35 días, todavía no hay serie diaria real con la que clasificar",,
Jorge Cruzalegui,agónico frente,tema,2,1119.0,560.0,baja,SIN_DATOS_60D,"el exportador automático de GSC agrega por página sobre 35 días, todavía no hay serie diaria real con la que clasificar",,
Jorge Cruzalegui,Deportes Tolima,entidad,6,1118.0,186.0,media,SIN_DATOS_60D,"el exportador automático de GSC agrega por página sobre 35 días, todavía no hay serie diaria real con la que clasificar",,
Jorge Cruzalegui,lima sorprende,entidad,2,1110.0,555.0,baja,SIN_DATOS_60D,"el exportador automático de GSC agrega por página sobre 35 días, todavía no hay serie diaria real con la que clasificar",,
Jorge Cruzalegui,deportes se despide,tema,2,1108.0,554.0,baja,SIN_DATOS_60D,"el exportador automático de GSC agrega por página sobre 35 días, todavía no hay serie diaria real con la que clasificar",,
Jorge Cruzalegui,Luis Advíncula,entidad,3,1106.0,369.0,media,SIN_DATOS_60D,"el exportador automático de GSC agrega por página sobre 35 días, todavía no hay serie diaria real con la que clasificar",,
Jorge Cruzalegui,Etapa Departamental de Arequipa,entidad,2,1089.0,544.0,baja,SIN_DATOS_60D,"el exportador automático de GSC agrega por página sobre 35 días, todavía no hay serie diaria real con la que clasificar",,
Jorge Cruzalegui,final de la etapa,tema,2,1089.0,544.0,baja,SIN_DATOS_60D,"el exportador automático de GSC agrega por página sobre 35 días, todavía no hay serie diaria real con la que clasificar",,
Jorge Cruzalegui,posible once,tema,2,1087.0,544.0,baja,SIN_DATOS_60D,"el exportador automático de GSC agrega por página sobre 35 días, todavía no hay serie diaria real con la que clasificar",,
Jorge Cruzalegui,primer triunfo,tema,4,1086.0,272.0,media,SIN_DATOS_60D,"el exportador automático de GSC agrega por página sobre 35 días, todavía no hay serie diaria real con la que clasificar",,
Jorge Cruzalegui,Kiryat Shmona,entidad,11,1082.0,98.0,alta,SIN_DATOS_60D,"el exportador automático de GSC agrega por página sobre 35 días, todavía no hay serie diaria real con la que clasificar",,
Jorge Cruzalegui,jugar por la fase,entidad,4,1075.0,269.0,media,SIN_DATOS_60D,"el exportador automático de GSC agrega por página sobre 35 días, todavía no hay serie diaria real con la que clasificar",,
Jorge Cruzalegui,mediocampistas para la liga,entidad,2,1071.0,536.0,baja,SIN_DATOS_60D,"el exportador automático de GSC agrega por página sobre 35 días, todavía no hay serie diaria real con la que clasificar",,
Jorge Cruzalegui,transmitirá el partido,tema,4,1069.0,267.0,media,SIN_DATOS_60D,"el exportador automático de GSC agrega por página sobre 35 días, todavía no hay serie diaria real con la que clasificar",,
Jorge Cruzalegui,uno menos,tema,4,1064.0,266.0,media,SIN_DATOS_60D,"el exportador automático de GSC agrega por página sobre 35 días, todavía no hay serie diaria real con la que clasificar",,
Jorge Cruzalegui,grimaldo sparta,tema,4,1057.0,264.0,media,SIN_DATOS_60D,"el exportador automático de GSC agrega por página sobre 35 días, todavía no hay serie diaria real con la que clasificar",,
Jorge Cruzalegui,sonne y joao,tema,4,1057.0,264.0,media,SIN_DATOS_60D,"el exportador automático de GSC agrega por página sobre 35 días, todavía no hay serie diaria real con la que clasificar",,
Jorge Cruzalegui,Spezia,entidad,6,1047.0,174.0,media,SIN_DATOS_60D,"el exportador automático de GSC agrega por página sobre 35 días, todavía no hay serie diaria real con la que clasificar",,
Jorge Cruzalegui,ganar el torneo,entidad,3,1044.0,348.0,media,SIN_DATOS_60D,"el exportador automático de GSC agrega por página sobre 35 días, todavía no hay serie diaria real con la que clasificar",,
Jorge Cruzalegui,playoffs de la copa,entidad,3,1044.0,348.0,media,SIN_DATOS_60D,"el exportador automático de GSC agrega por página sobre 35 días, todavía no hay serie diaria real con la que clasificar",,
Jorge Cruzalegui,estadio nacional,entidad,2,1043.0,522.0,baja,SIN_DATOS_60D,"el exportador automático de GSC agrega por página sobre 35 días, todavía no hay serie diaria real con la que clasificar",,
Jorge Cruzalegui,avos de final,tema,4,1029.0,257.0,media,SIN_DATOS_60D,"el exportador automático de GSC agrega por página sobre 35 días, todavía no hay serie diaria real con la que clasificar",,
Jorge Cruzalegui,Adrián Ugarriza,entidad,10,1026.0,103.0,alta,SIN_DATOS_60D,"el exportador automático de GSC agrega por página sobre 35 días, todavía no hay serie diaria real con la que clasificar",,
Jorge Cruzalegui,sigue sin ganar,tema,2,1024.0,512.0,baja,SIN_DATOS_60D,"el exportador automático de GSC agrega por página sobre 35 días, todavía no hay serie diaria real con la que clasificar",,
Jorge Cruzalegui,partido ante montevideo,tema,2,1020.0,510.0,baja,SIN_DATOS_60D,"el exportador automático de GSC agrega por página sobre 35 días, todavía no hay serie diaria real con la que clasificar",,
Jorge Cruzalegui,radios relatarán,tema,6,1017.0,170.0,media,SIN_DATOS_60D,"el exportador automático de GSC agrega por página sobre 35 días, todavía no hay serie diaria real con la que clasificar",,
Jorge Cruzalegui,invicto en el torneo,entidad,2,1006.0,503.0,baja,SIN_DATOS_60D,"el exportador automático de GSC agrega por página sobre 35 días, todavía no hay serie diaria real con la que clasificar",,
Jorge Cruzalegui,salida del técnico,tema,3,1004.0,335.0,media,SIN_DATOS_60D,"el exportador automático de GSC agrega por página sobre 35 días, todavía no hay serie diaria real con la que clasificar",,
Jorge Cruzalegui,frente a adt,tema,2,1000.0,500.0,baja,SIN_DATOS_60D,"el exportador automático de GSC agrega por página sobre 35 días, todavía no hay serie diaria real con la que clasificar",,
Jorge Cruzalegui,sorprende al fichar,tema,2,995.0,498.0,baja,SIN_DATOS_60D,"el exportador automático de GSC agrega por página sobre 35 días, todavía no hay serie diaria real con la que clasificar",,
Jorge Cruzalegui,técnico de la bicolor,entidad,2,988.0,494.0,baja,SIN_DATOS_60D,"el exportador automático de GSC agrega por página sobre 35 días, todavía no hay serie diaria real con la que clasificar",,
Jorge Cruzalegui,última vez,tema,5,986.0,197.0,media,SIN_DATOS_60D,"el exportador automático de GSC agrega por página sobre 35 días, todavía no hay serie diaria real con la que clasificar",,
Jorge Cruzalegui,Liga Distrital de Arequipa,entidad,3,983.0,328.0,media,SIN_DATOS_60D,"el exportador automático de GSC agrega por página sobre 35 días, todavía no hay serie diaria real con la que clasificar",,
Jorge Cruzalegui,femenina programación completa,tema,3,980.0,327.0,media,SIN_DATOS_60D,"el exportador automático de GSC agrega por página sobre 35 días, todavía no hay serie diaria real con la que clasificar",,
Jorge Cruzalegui,cuadrangular final,tema,2,969.0,484.0,baja,SIN_DATOS_60D,"el exportador automático de GSC agrega por página sobre 35 días, todavía no hay serie diaria real con la que clasificar",,
Jorge Cruzalegui,Liga Provincial de Cajamarca,entidad,2,969.0,484.0,baja,SIN_DATOS_60D,"el exportador automático de GSC agrega por página sobre 35 días, todavía no hay serie diaria real con la que clasificar",,
Jorge Cruzalegui,Selección Peruana Femenina,entidad,3,969.0,323.0,media,SIN_DATOS_60D,"el exportador automático de GSC agrega por página sobre 35 días, todavía no hay serie diaria real con la que clasificar",,
Jorge Cruzalegui,liga el fixture,entidad,3,968.0,323.0,media,SIN_DATOS_60D,"el exportador automático de GSC agrega por página sobre 35 días, todavía no hay serie diaria real con la que clasificar",,
Jorge Cruzalegui,Portugal,entidad,8,968.0,121.0,media,SIN_DATOS_60D,"el exportador automático de GSC agrega por página sobre 35 días, todavía no hay serie diaria real con la que clasificar",,
Jorge Cruzalegui,última fecha del torneo,entidad,2,968.0,484.0,baja,SIN_DATOS_60D,"el exportador automático de GSC agrega por página sobre 35 días, todavía no hay serie diaria real con la que clasificar",,
Jorge Cruzalegui,senda del triunfo,tema,4,967.0,242.0,media,SIN_DATOS_60D,"el exportador automático de GSC agrega por página sobre 35 días, todavía no hay serie diaria real con la que clasificar",,
Jorge Cruzalegui,bajas claves,tema,2,964.0,482.0,baja,SIN_DATOS_60D,"el exportador automático de GSC agrega por página sobre 35 días, todavía no hay serie diaria real con la que clasificar",,
Jorge Cruzalegui,buen momento,tema,4,960.0,240.0,media,SIN_DATOS_60D,"el exportador automático de GSC agrega por página sobre 35 días, todavía no hay serie diaria real con la que clasificar",,
Jorge Cruzalegui,Bassco Soyer,entidad,3,956.0,319.0,media,SIN_DATOS_60D,"el exportador automático de GSC agrega por página sobre 35 días, todavía no hay serie diaria real con la que clasificar",,
Jorge Cruzalegui,Gil Vicente,entidad,3,956.0,319.0,media,SIN_DATOS_60D,"el exportador automático de GSC agrega por página sobre 35 días, todavía no hay serie diaria real con la que clasificar",,
Jorge Cruzalegui,Santos FC,entidad,3,952.0,317.0,media,SIN_DATOS_60D,"el exportador automático de GSC agrega por página sobre 35 días, todavía no hay serie diaria real con la que clasificar",,
Jorge Cruzalegui,Ecuador,entidad,3,943.0,314.0,media,SIN_DATOS_60D,"el exportador automático de GSC agrega por página sobre 35 días, todavía no hay serie diaria real con la que clasificar",,
Jorge Cruzalegui,Cutervo,entidad,2,942.0,471.0,baja,SIN_DATOS_60D,"el exportador automático de GSC agrega por página sobre 35 días, todavía no hay serie diaria real con la que clasificar",,
Jorge Cruzalegui,oficial para la liga,entidad,2,942.0,471.0,baja,SIN_DATOS_60D,"el exportador automático de GSC agrega por página sobre 35 días, todavía no hay serie diaria real con la que clasificar",,
Jorge Cruzalegui,torneo jóvenes,entidad,2,940.0,470.0,baja,SIN_DATOS_60D,"el exportador automático de GSC agrega por página sobre 35 días, todavía no hay serie diaria real con la que clasificar",,
Jorge Cruzalegui,Selección Peruana Sub,entidad,4,935.0,234.0,media,SIN_DATOS_60D,"el exportador automático de GSC agrega por página sobre 35 días, todavía no hay serie diaria real con la que clasificar",,
Jorge Cruzalegui,city por los cuartos,tema,2,930.0,465.0,baja,SIN_DATOS_60D,"el exportador automático de GSC agrega por página sobre 35 días, todavía no hay serie diaria real con la que clasificar",,
Jorge Cruzalegui,vs cienciano,entidad,3,928.0,309.0,media,SIN_DATOS_60D,"el exportador automático de GSC agrega por página sobre 35 días, todavía no hay serie diaria real con la que clasificar",,
Jorge Cruzalegui,hora y canales,tema,3,924.0,308.0,media,SIN_DATOS_60D,"el exportador automático de GSC agrega por página sobre 35 días, todavía no hay serie diaria real con la que clasificar",,
Jorge Cruzalegui,Callao,entidad,4,918.0,230.0,media,SIN_DATOS_60D,"el exportador automático de GSC agrega por página sobre 35 días, todavía no hay serie diaria real con la que clasificar",,
Jorge Cruzalegui,dos refuerzos,tema,4,918.0,230.0,media,SIN_DATOS_60D,"el exportador automático de GSC agrega por página sobre 35 días, todavía no hay serie diaria real con la que clasificar",,
Jorge Cruzalegui,Horacio Melgarejo,entidad,4,915.0,229.0,media,SIN_DATOS_60D,"el exportador automático de GSC agrega por página sobre 35 días, todavía no hay serie diaria real con la que clasificar",,
Jorge Cruzalegui,pone un pie,tema,2,915.0,458.0,baja,SIN_DATOS_60D,"el exportador automático de GSC agrega por página sobre 35 días, todavía no hay serie diaria real con la que clasificar",,
Jorge Cruzalegui,relatarán el partido,tema,5,915.0,183.0,media,SIN_DATOS_60D,"el exportador automático de GSC agrega por página sobre 35 días, todavía no hay serie diaria real con la que clasificar",,
Jorge Cruzalegui,exárbitro fifa,entidad,2,913.0,456.0,baja,SIN_DATOS_60D,"el exportador automático de GSC agrega por página sobre 35 días, todavía no hay serie diaria real con la que clasificar",,
Jorge Cruzalegui,Carlos Zambrano y Miguel Trauco,entidad,3,912.0,304.0,media,SIN_DATOS_60D,"el exportador automático de GSC agrega por página sobre 35 días, todavía no hay serie diaria real con la que clasificar",,
Jorge Cruzalegui,importante decisión,tema,2,910.0,455.0,baja,SIN_DATOS_60D,"el exportador automático de GSC agrega por página sobre 35 días, todavía no hay serie diaria real con la que clasificar",,
Jorge Cruzalegui,liga colombiana,entidad,4,906.0,226.0,media,SIN_DATOS_60D,"el exportador automático de GSC agrega por página sobre 35 días, todavía no hay serie diaria real con la que clasificar",,
Jorge Cruzalegui,cultural volante,tema,3,905.0,302.0,media,SIN_DATOS_60D,"el exportador automático de GSC agrega por página sobre 35 días, todavía no hay serie diaria real con la que clasificar",,
Jorge Cruzalegui,Palestino,entidad,2,900.0,450.0,baja,SIN_DATOS_60D,"el exportador automático de GSC agrega por página sobre 35 días, todavía no hay serie diaria real con la que clasificar",,
Jorge Cruzalegui,Lionel Messi,entidad,4,895.0,224.0,media,SIN_DATOS_60D,"el exportador automático de GSC agrega por página sobre 35 días, todavía no hay serie diaria real con la que clasificar",,
Jorge Cruzalegui,libertadores resultados,tema,4,883.0,221.0,media,SIN_DATOS_60D,"el exportador automático de GSC agrega por página sobre 35 días, todavía no hay serie diaria real con la que clasificar",,
Jorge Cruzalegui,Etapa Departamental de Puno,entidad,4,882.0,220.0,media,SIN_DATOS_60D,"el exportador automático de GSC agrega por página sobre 35 días, todavía no hay serie diaria real con la que clasificar",,
Jorge Cruzalegui,Barcelona,entidad,2,875.0,438.0,baja,SIN_DATOS_60D,"el exportador automático de GSC agrega por página sobre 35 días, todavía no hay serie diaria real con la que clasificar",,
Jorge Cruzalegui,Liga Bentín Tacna,entidad,2,867.0,434.0,baja,SIN_DATOS_60D,"el exportador automático de GSC agrega por página sobre 35 días, todavía no hay serie diaria real con la que clasificar",,
Jorge Cruzalegui,Alianza Lima y Universitario,entidad,2,860.0,430.0,baja,SIN_DATOS_60D,"el exportador automático de GSC agrega por página sobre 35 días, todavía no hay serie diaria real con la que clasificar",,
Jorge Cruzalegui,dio vuelta,tema,2,860.0,430.0,baja,SIN_DATOS_60D,"el exportador automático de GSC agrega por página sobre 35 días, todavía no hay serie diaria real con la que clasificar",,
Jorge Cruzalegui,Estados Unidos,entidad,5,857.0,171.0,media,SIN_DATOS_60D,"el exportador automático de GSC agrega por página sobre 35 días, todavía no hay serie diaria real con la que clasificar",,
Jorge Cruzalegui,Antonio Spinelli,entidad,2,856.0,428.0,baja,SIN_DATOS_60D,"el exportador automático de GSC agrega por página sobre 35 días, todavía no hay serie diaria real con la que clasificar",,
Jorge Cruzalegui,goles a deportivo,tema,2,845.0,422.0,baja,SIN_DATOS_60D,"el exportador automático de GSC agrega por página sobre 35 días, todavía no hay serie diaria real con la que clasificar",,
Jorge Cruzalegui,tres puntos,tema,3,842.0,281.0,media,SIN_DATOS_60D,"el exportador automático de GSC agrega por página sobre 35 días, todavía no hay serie diaria real con la que clasificar",,
Jorge Cruzalegui,nuevo triunfo,tema,3,836.0,279.0,media,SIN_DATOS_60D,"el exportador automático de GSC agrega por página sobre 35 días, todavía no hay serie diaria real con la que clasificar",,
Jorge Cruzalegui,Tarde,entidad,3,834.0,278.0,media,SIN_DATOS_60D,"el exportador automático de GSC agrega por página sobre 35 días, todavía no hay serie diaria real con la que clasificar",,
Jorge Cruzalegui,Campeonato Gaúcho,entidad,4,830.0,208.0,media,SIN_DATOS_60D,"el exportador automático de GSC agrega por página sobre 35 días, todavía no hay serie diaria real con la que clasificar",,
Jorge Cruzalegui,Haití y España,entidad,3,830.0,277.0,media,SIN_DATOS_60D,"el exportador automático de GSC agrega por página sobre 35 días, todavía no hay serie diaria real con la que clasificar",,
Jorge Cruzalegui,semifinales de la copa,entidad,2,827.0,414.0,baja,SIN_DATOS_60D,"el exportador automático de GSC agrega por página sobre 35 días, todavía no hay serie diaria real con la que clasificar",,
Jorge Cruzalegui,invicto en la liga,entidad,2,826.0,413.0,baja,SIN_DATOS_60D,"el exportador automático de GSC agrega por página sobre 35 días, todavía no hay serie diaria real con la que clasificar",,
Jorge Cruzalegui,momento en la liga,entidad,4,826.0,206.0,media,SIN_DATOS_60D,"el exportador automático de GSC agrega por página sobre 35 días, todavía no hay serie diaria real con la que clasificar",,
Jorge Cruzalegui,vuelta de la copa,entidad,3,824.0,275.0,media,SIN_DATOS_60D,"el exportador automático de GSC agrega por página sobre 35 días, todavía no hay serie diaria real con la que clasificar",,
Jorge Cruzalegui,segundo partido,tema,2,820.0,410.0,baja,SIN_DATOS_60D,"el exportador automático de GSC agrega por página sobre 35 días, todavía no hay serie diaria real con la que clasificar",,
Jorge Cruzalegui,actos racistas,tema,2,816.0,408.0,baja,SIN_DATOS_60D,"el exportador automático de GSC agrega por página sobre 35 días, todavía no hay serie diaria real con la que clasificar",,
Jorge Cruzalegui,resultados de la fase,entidad,3,816.0,272.0,media,SIN_DATOS_60D,"el exportador automático de GSC agrega por página sobre 35 días, todavía no hay serie diaria real con la que clasificar",,
Jorge Cruzalegui,nueva polémica,tema,2,808.0,404.0,baja,SIN_DATOS_60D,"el exportador automático de GSC agrega por página sobre 35 días, todavía no hay serie diaria real con la que clasificar",,
Jorge Cruzalegui,Noruega,entidad,3,804.0,268.0,media,SIN_DATOS_60D,"el exportador automático de GSC agrega por página sobre 35 días, todavía no hay serie diaria real con la que clasificar",,
Jorge Cruzalegui,nuevo san,tema,2,803.0,402.0,baja,SIN_DATOS_60D,"el exportador automático de GSC agrega por página sobre 35 días, todavía no hay serie diaria real con la que clasificar",,
Jorge Cruzalegui,Liga Checa,entidad,2,800.0,400.0,baja,SIN_DATOS_60D,"el exportador automático de GSC agrega por página sobre 35 días, todavía no hay serie diaria real con la que clasificar",,
Jorge Cruzalegui,siguiente ronda,tema,4,798.0,200.0,media,SIN_DATOS_60D,"el exportador automático de GSC agrega por página sobre 35 días, todavía no hay serie diaria real con la que clasificar",,
Jorge Cruzalegui,triunfo en la fase,entidad,2,796.0,398.0,baja,SIN_DATOS_60D,"el exportador automático de GSC agrega por página sobre 35 días, todavía no hay serie diaria real con la que clasificar",,
Jorge Cruzalegui,ganar en la liga,entidad,4,791.0,198.0,media,SIN_DATOS_60D,"el exportador automático de GSC agrega por página sobre 35 días, todavía no hay serie diaria real con la que clasificar",,
Jorge Cruzalegui,mala racha,tema,4,791.0,198.0,media,SIN_DATOS_60D,"el exportador automático de GSC agrega por página sobre 35 días, todavía no hay serie diaria real con la que clasificar",,
Jorge Cruzalegui,Japón,entidad,5,788.0,158.0,media,SIN_DATOS_60D,"el exportador automático de GSC agrega por página sobre 35 días, todavía no hay serie diaria real con la que clasificar",,
Jorge Cruzalegui,Alex Valera,entidad,2,784.0,392.0,baja,SIN_DATOS_60D,"el exportador automático de GSC agrega por página sobre 35 días, todavía no hay serie diaria real con la que clasificar",,
Jorge Cruzalegui,Pedro Gallese Deportivo Cali,entidad,2,783.0,392.0,baja,SIN_DATOS_60D,"el exportador automático de GSC agrega por página sobre 35 días, todavía no hay serie diaria real con la que clasificar",,
Jorge Cruzalegui,huancayo no pudo,tema,2,782.0,391.0,baja,SIN_DATOS_60D,"el exportador automático de GSC agrega por página sobre 35 días, todavía no hay serie diaria real con la que clasificar",,
Jorge Cruzalegui,luce en la victoria,tema,2,782.0,391.0,baja,SIN_DATOS_60D,"el exportador automático de GSC agrega por página sobre 35 días, todavía no hay serie diaria real con la que clasificar",,
Jorge Cruzalegui,once para enfrentar,tema,2,779.0,390.0,baja,SIN_DATOS_60D,"el exportador automático de GSC agrega por página sobre 35 días, todavía no hay serie diaria real con la que clasificar",,
Jorge Cruzalegui,fase preliminar,entidad,3,772.0,257.0,media,SIN_DATOS_60D,"el exportador automático de GSC agrega por página sobre 35 días, todavía no hay serie diaria real con la que clasificar",,
Jorge Cruzalegui,zona defensiva,tema,3,771.0,257.0,media,SIN_DATOS_60D,"el exportador automático de GSC agrega por página sobre 35 días, todavía no hay serie diaria real con la que clasificar",,
Jorge Cruzalegui,victoria de deportivo,tema,2,766.0,383.0,baja,SIN_DATOS_60D,"el exportador automático de GSC agrega por página sobre 35 días, todavía no hay serie diaria real con la que clasificar",,
Jorge Cruzalegui,Liga de Israel,entidad,6,761.0,127.0,media,SIN_DATOS_60D,"el exportador automático de GSC agrega por página sobre 35 días, todavía no hay serie diaria real con la que clasificar",,
Jorge Cruzalegui,dos bajas,tema,3,760.0,253.0,media,SIN_DATOS_60D,"el exportador automático de GSC agrega por página sobre 35 días, todavía no hay serie diaria real con la que clasificar",,
Jorge Cruzalegui,lima para enfrentar,entidad,2,756.0,378.0,baja,SIN_DATOS_60D,"el exportador automático de GSC agrega por página sobre 35 días, todavía no hay serie diaria real con la que clasificar",,
Jorge Cruzalegui,fechas y horas,tema,2,755.0,378.0,baja,SIN_DATOS_60D,"el exportador automático de GSC agrega por página sobre 35 días, todavía no hay serie diaria real con la que clasificar",,
Jorge Cruzalegui,tercera fecha,tema,2,753.0,376.0,baja,SIN_DATOS_60D,"el exportador automático de GSC agrega por página sobre 35 días, todavía no hay serie diaria real con la que clasificar",,
Jorge Cruzalegui,lucha por la permanencia,tema,2,752.0,376.0,baja,SIN_DATOS_60D,"el exportador automático de GSC agrega por página sobre 35 días, todavía no hay serie diaria real con la que clasificar",,
Jorge Cruzalegui,Paolo Guerrero,entidad,3,750.0,250.0,media,SIN_DATOS_60D,"el exportador automático de GSC agrega por página sobre 35 días, todavía no hay serie diaria real con la que clasificar",,
Jorge Cruzalegui,noruega vs,entidad,2,743.0,372.0,baja,SIN_DATOS_60D,"el exportador automático de GSC agrega por página sobre 35 días, todavía no hay serie diaria real con la que clasificar",,
Jorge Cruzalegui,Piero Quispe,entidad,7,743.0,106.0,media,SIN_DATOS_60D,"el exportador automático de GSC agrega por página sobre 35 días, todavía no hay serie diaria real con la que clasificar",,
Jorge Cruzalegui,fase del certamen,entidad,2,742.0,371.0,baja,SIN_DATOS_60D,"el exportador automático de GSC agrega por página sobre 35 días, todavía no hay serie diaria real con la que clasificar",,
Jorge Cruzalegui,Alan Cantero,entidad,2,720.0,360.0,baja,SIN_DATOS_60D,"el exportador automático de GSC agrega por página sobre 35 días, todavía no hay serie diaria real con la que clasificar",,
Jorge Cruzalegui,Corinthians,entidad,8,720.0,90.0,media,SIN_DATOS_60D,"el exportador automático de GSC agrega por página sobre 35 días, todavía no hay serie diaria real con la que clasificar",,
Jorge Cruzalegui,Egipto,entidad,3,720.0,240.0,media,SIN_DATOS_60D,"el exportador automático de GSC agrega por página sobre 35 días, todavía no hay serie diaria real con la que clasificar",,
Jorge Cruzalegui,Irak,entidad,4,717.0,179.0,media,SIN_DATOS_60D,"el exportador automático de GSC agrega por página sobre 35 días, todavía no hay serie diaria real con la que clasificar",,
Jorge Cruzalegui,ofensiva para la liga,entidad,2,714.0,357.0,baja,SIN_DATOS_60D,"el exportador automático de GSC agrega por página sobre 35 días, todavía no hay serie diaria real con la que clasificar",,
Jorge Cruzalegui,cuartos de final vuelta,tema,2,710.0,355.0,baja,SIN_DATOS_60D,"el exportador automático de GSC agrega por página sobre 35 días, todavía no hay serie diaria real con la que clasificar",,
Jorge Cruzalegui,partidos del mundial,tema,3,710.0,237.0,media,SIN_DATOS_60D,"el exportador automático de GSC agrega por página sobre 35 días, todavía no hay serie diaria real con la que clasificar",,
Jorge Cruzalegui,quinto lugar,tema,2,707.0,354.0,baja,SIN_DATOS_60D,"el exportador automático de GSC agrega por página sobre 35 días, todavía no hay serie diaria real con la que clasificar",,
Jorge Cruzalegui,acerca a la cima,tema,2,706.0,353.0,baja,SIN_DATOS_60D,"el exportador automático de GSC agrega por página sobre 35 días, todavía no hay serie diaria real con la que clasificar",,
Jorge Cruzalegui,AD Tahuishco,entidad,7,705.0,101.0,media,SIN_DATOS_60D,"el exportador automático de GSC agrega por página sobre 35 días, todavía no hay serie diaria real con la que clasificar",,
Jorge Cruzalegui,frente a alianza,tema,2,704.0,352.0,baja,SIN_DATOS_60D,"el exportador automático de GSC agrega por página sobre 35 días, todavía no hay serie diaria real con la que clasificar",,
Jorge Cruzalegui,Monsoon FC,entidad,2,703.0,352.0,baja,SIN_DATOS_60D,"el exportador automático de GSC agrega por página sobre 35 días, todavía no hay serie diaria real con la que clasificar",,
Jorge Cruzalegui,cristal cuándo vuelve,entidad,2,701.0,350.0,baja,SIN_DATOS_60D,"el exportador automático de GSC agrega por página sobre 35 días, todavía no hay serie diaria real con la que clasificar",,
Jorge Cruzalegui,Alianza Lima Pablo Guede,entidad,2,696.0,348.0,baja,SIN_DATOS_60D,"el exportador automático de GSC agrega por página sobre 35 días, todavía no hay serie diaria real con la que clasificar",,
Jorge Cruzalegui,Albirex Niigata,entidad,4,695.0,174.0,media,SIN_DATOS_60D,"el exportador automático de GSC agrega por página sobre 35 días, todavía no hay serie diaria real con la que clasificar",,
Jorge Cruzalegui,Kazuyoshi Shimabuku,entidad,4,695.0,174.0,media,SIN_DATOS_60D,"el exportador automático de GSC agrega por página sobre 35 días, todavía no hay serie diaria real con la que clasificar",,
Jorge Cruzalegui,octavos de final vuelta,tema,2,695.0,348.0,baja,SIN_DATOS_60D,"el exportador automático de GSC agrega por página sobre 35 días, todavía no hay serie diaria real con la que clasificar",,
Jorge Cruzalegui,departamental de puno,entidad,3,693.0,231.0,media,SIN_DATOS_60D,"el exportador automático de GSC agrega por página sobre 35 días, todavía no hay serie diaria real con la que clasificar",,
Jorge Cruzalegui,torneo continental,entidad,3,693.0,231.0,media,SIN_DATOS_60D,"el exportador automático de GSC agrega por página sobre 35 días, todavía no hay serie diaria real con la que clasificar",,
Jorge Cruzalegui,claro y directo,tema,2,687.0,344.0,baja,SIN_DATOS_60D,"el exportador automático de GSC agrega por página sobre 35 días, todavía no hay serie diaria real con la que clasificar",,
Jorge Cruzalegui,Deportivo Ucrania,entidad,5,687.0,137.0,media,SIN_DATOS_60D,"el exportador automático de GSC agrega por página sobre 35 días, todavía no hay serie diaria real con la que clasificar",,
Jorge Cruzalegui,hora y rival,tema,2,686.0,343.0,baja,SIN_DATOS_60D,"el exportador automático de GSC agrega por página sobre 35 días, todavía no hay serie diaria real con la que clasificar",,
Jorge Cruzalegui,heroica suma,tema,2,684.0,342.0,baja,SIN_DATOS_60D,"el exportador automático de GSC agrega por página sobre 35 días, todavía no hay serie diaria real con la que clasificar",,
Jorge Cruzalegui,ronda de la liga,entidad,2,677.0,338.0,baja,SIN_DATOS_60D,"el exportador automático de GSC agrega por página sobre 35 días, todavía no hay serie diaria real con la que clasificar",,
Jorge Cruzalegui,dirigir en la liga,entidad,2,674.0,337.0,baja,SIN_DATOS_60D,"el exportador automático de GSC agrega por página sobre 35 días, todavía no hay serie diaria real con la que clasificar",,
Jorge Cruzalegui,universitario vs alianza,entidad,2,673.0,336.0,baja,SIN_DATOS_60D,"el exportador automático de GSC agrega por página sobre 35 días, todavía no hay serie diaria real con la que clasificar",,
Jorge Cruzalegui,sudamericana resultados,tema,2,671.0,336.0,baja,SIN_DATOS_60D,"el exportador automático de GSC agrega por página sobre 35 días, todavía no hay serie diaria real con la que clasificar",,
Jorge Cruzalegui,suma dos refuerzos,tema,2,670.0,335.0,baja,SIN_DATOS_60D,"el exportador automático de GSC agrega por página sobre 35 días, todavía no hay serie diaria real con la que clasificar",,
Jorge Cruzalegui,Renato Tapia,entidad,9,669.0,74.0,media,SIN_DATOS_60D,"el exportador automático de GSC agrega por página sobre 35 días, todavía no hay serie diaria real con la que clasificar",,
Jorge Cruzalegui,octava fecha,tema,2,668.0,334.0,baja,SIN_DATOS_60D,"el exportador automático de GSC agrega por página sobre 35 días, todavía no hay serie diaria real con la que clasificar",,
Jorge Cruzalegui,partidos de la octava,tema,2,668.0,334.0,baja,SIN_DATOS_60D,"el exportador automático de GSC agrega por página sobre 35 días, todavía no hay serie diaria real con la que clasificar",,
Jorge Cruzalegui,menos unión,tema,2,664.0,332.0,baja,SIN_DATOS_60D,"el exportador automático de GSC agrega por página sobre 35 días, todavía no hay serie diaria real con la que clasificar",,
Jorge Cruzalegui,André Carrillo,entidad,10,663.0,66.0,alta,SIN_DATOS_60D,"el exportador automático de GSC agrega por página sobre 35 días, todavía no hay serie diaria real con la que clasificar",,
Jorge Cruzalegui,República Checa,entidad,2,663.0,332.0,baja,SIN_DATOS_60D,"el exportador automático de GSC agrega por página sobre 35 días, todavía no hay serie diaria real con la que clasificar",,
Jorge Cruzalegui,MLS,entidad,10,659.0,66.0,alta,SIN_DATOS_60D,"el exportador automático de GSC agrega por página sobre 35 días, todavía no hay serie diaria real con la que clasificar",,
Jorge Cruzalegui,Sport Áncash,entidad,2,659.0,330.0,baja,SIN_DATOS_60D,"el exportador automático de GSC agrega por página sobre 35 días, todavía no hay serie diaria real con la que clasificar",,
Jorge Cruzalegui,tres fechas,tema,5,654.0,131.0,media,SIN_DATOS_60D,"el exportador automático de GSC agrega por página sobre 35 días, todavía no hay serie diaria real con la que clasificar",,
Jorge Cruzalegui,Liga Distrital de Huancayo,entidad,4,651.0,163.0,media,SIN_DATOS_60D,"el exportador automático de GSC agrega por página sobre 35 días, todavía no hay serie diaria real con la que clasificar",,
Jorge Cruzalegui,sacan ventaja,tema,2,647.0,324.0,baja,SIN_DATOS_60D,"el exportador automático de GSC agrega por página sobre 35 días, todavía no hay serie diaria real con la que clasificar",,
Jorge Cruzalegui,partidos de la fase,entidad,2,637.0,318.0,baja,SIN_DATOS_60D,"el exportador automático de GSC agrega por página sobre 35 días, todavía no hay serie diaria real con la que clasificar",,
Jorge Cruzalegui,VAR,entidad,3,637.0,212.0,media,SIN_DATOS_60D,"el exportador automático de GSC agrega por página sobre 35 días, todavía no hay serie diaria real con la que clasificar",,
Jorge Cruzalegui,fechas consecutivas,tema,6,635.0,106.0,media,SIN_DATOS_60D,"el exportador automático de GSC agrega por página sobre 35 días, todavía no hay serie diaria real con la que clasificar",,
Jorge Cruzalegui,serie b,tema,2,632.0,316.0,baja,SIN_DATOS_60D,"el exportador automático de GSC agrega por página sobre 35 días, todavía no hay serie diaria real con la que clasificar",,
Jorge Cruzalegui,Liga Departamental de Cajamarca,entidad,3,631.0,210.0,media,SIN_DATOS_60D,"el exportador automático de GSC agrega por página sobre 35 días, todavía no hay serie diaria real con la que clasificar",,
Jorge Cruzalegui,Bélgica,entidad,5,630.0,126.0,media,SIN_DATOS_60D,"el exportador automático de GSC agrega por página sobre 35 días, todavía no hay serie diaria real con la que clasificar",,
Jorge Cruzalegui,fase vuelta,entidad,2,629.0,314.0,baja,SIN_DATOS_60D,"el exportador automático de GSC agrega por página sobre 35 días, todavía no hay serie diaria real con la que clasificar",,
Jorge Cruzalegui,Marruecos,entidad,3,623.0,208.0,media,SIN_DATOS_60D,"el exportador automático de GSC agrega por página sobre 35 días, todavía no hay serie diaria real con la que clasificar",,
Jorge Cruzalegui,vs españa,entidad,4,620.0,155.0,media,SIN_DATOS_60D,"el exportador automático de GSC agrega por página sobre 35 días, todavía no hay serie diaria real con la que clasificar",,
Jorge Cruzalegui,Deportivo Táchira,entidad,3,615.0,205.0,media,SIN_DATOS_60D,"el exportador automático de GSC agrega por página sobre 35 días, todavía no hay serie diaria real con la que clasificar",,
Jorge Cruzalegui,liga dónde,entidad,2,615.0,308.0,baja,SIN_DATOS_60D,"el exportador automático de GSC agrega por página sobre 35 días, todavía no hay serie diaria real con la que clasificar",,
Jorge Cruzalegui,radios relatarán el partido,tema,3,612.0,204.0,media,SIN_DATOS_60D,"el exportador automático de GSC agrega por página sobre 35 días, todavía no hay serie diaria real con la que clasificar",,
Jorge Cruzalegui,victoria y hunde,tema,2,610.0,305.0,baja,SIN_DATOS_60D,"el exportador automático de GSC agrega por página sobre 35 días, todavía no hay serie diaria real con la que clasificar",,
Jorge Cruzalegui,experimentado volante,tema,4,608.0,152.0,media,SIN_DATOS_60D,"el exportador automático de GSC agrega por página sobre 35 días, todavía no hay serie diaria real con la que clasificar",,
Jorge Cruzalegui,Liga Pro de Ecuador,entidad,9,608.0,68.0,media,SIN_DATOS_60D,"el exportador automático de GSC agrega por página sobre 35 días, todavía no hay serie diaria real con la que clasificar",,
Jorge Cruzalegui,Orlando,entidad,2,603.0,302.0,baja,SIN_DATOS_60D,"el exportador automático de GSC agrega por página sobre 35 días, todavía no hay serie diaria real con la que clasificar",,
Jorge Cruzalegui,inglaterra qué canales,entidad,2,600.0,300.0,baja,SIN_DATOS_60D,"el exportador automático de GSC agrega por página sobre 35 días, todavía no hay serie diaria real con la que clasificar",,
Jorge Cruzalegui,ascenso ada,tema,2,598.0,299.0,baja,SIN_DATOS_60D,"el exportador automático de GSC agrega por página sobre 35 días, todavía no hay serie diaria real con la que clasificar",,
Jorge Cruzalegui,primera vez,tema,3,596.0,199.0,media,SIN_DATOS_60D,"el exportador automático de GSC agrega por página sobre 35 días, todavía no hay serie diaria real con la que clasificar",,
Jorge Cruzalegui,Raúl Ruidíaz,entidad,2,594.0,297.0,baja,SIN_DATOS_60D,"el exportador automático de GSC agrega por página sobre 35 días, todavía no hay serie diaria real con la que clasificar",,
Jorge Cruzalegui,uso del var,entidad,2,591.0,296.0,baja,SIN_DATOS_60D,"el exportador automático de GSC agrega por página sobre 35 días, todavía no hay serie diaria real con la que clasificar",,
Jorge Cruzalegui,duelo ante alianza,entidad,3,589.0,196.0,media,SIN_DATOS_60D,"el exportador automático de GSC agrega por página sobre 35 días, todavía no hay serie diaria real con la que clasificar",,
Jorge Cruzalegui,campo mar,tema,2,589.0,294.0,baja,SIN_DATOS_60D,"el exportador automático de GSC agrega por página sobre 35 días, todavía no hay serie diaria real con la que clasificar",,
Jorge Cruzalegui,Defensores del Ilucán,entidad,2,586.0,293.0,baja,SIN_DATOS_60D,"el exportador automático de GSC agrega por página sobre 35 días, todavía no hay serie diaria real con la que clasificar",,
Jorge Cruzalegui,frente a fc,entidad,2,584.0,292.0,baja,SIN_DATOS_60D,"el exportador automático de GSC agrega por página sobre 35 días, todavía no hay serie diaria real con la que clasificar",,
Jorge Cruzalegui,copa perú la región,entidad,3,573.0,191.0,media,SIN_DATOS_60D,"el exportador automático de GSC agrega por página sobre 35 días, todavía no hay serie diaria real con la que clasificar",,
Jorge Cruzalegui,cinco partidos,tema,4,571.0,143.0,media,SIN_DATOS_60D,"el exportador automático de GSC agrega por página sobre 35 días, todavía no hay serie diaria real con la que clasificar",,
Jorge Cruzalegui,Centro Social Pariacoto,entidad,3,569.0,190.0,media,SIN_DATOS_60D,"el exportador automático de GSC agrega por página sobre 35 días, todavía no hay serie diaria real con la que clasificar",,
Jorge Cruzalegui,previo al mundial,tema,3,562.0,187.0,media,SIN_DATOS_60D,"el exportador automático de GSC agrega por página sobre 35 días, todavía no hay serie diaria real con la que clasificar",,
Jorge Cruzalegui,reparten los puntos,tema,2,558.0,279.0,baja,SIN_DATOS_60D,"el exportador automático de GSC agrega por página sobre 35 días, todavía no hay serie diaria real con la que clasificar",,
Jorge Cruzalegui,refuerza con dos,tema,2,556.0,278.0,baja,SIN_DATOS_60D,"el exportador automático de GSC agrega por página sobre 35 días, todavía no hay serie diaria real con la que clasificar",,
Jorge Cruzalegui,Rojo Matador Sport Huancayo,entidad,2,556.0,278.0,baja,SIN_DATOS_60D,"el exportador automático de GSC agrega por página sobre 35 días, todavía no hay serie diaria real con la que clasificar",,
Jorge Cruzalegui,Juventud Cautivo,entidad,2,555.0,278.0,baja,SIN_DATOS_60D,"el exportador automático de GSC agrega por página sobre 35 días, todavía no hay serie diaria real con la que clasificar",,
Jorge Cruzalegui,suma tres,tema,3,549.0,183.0,media,SIN_DATOS_60D,"el exportador automático de GSC agrega por página sobre 35 días, todavía no hay serie diaria real con la que clasificar",,
Jorge Cruzalegui,Sporting Cristal Roberto Mosquera,entidad,2,548.0,274.0,baja,SIN_DATOS_60D,"el exportador automático de GSC agrega por página sobre 35 días, todavía no hay serie diaria real con la que clasificar",,
Jorge Cruzalegui,francia vs,entidad,4,547.0,137.0,media,SIN_DATOS_60D,"el exportador automático de GSC agrega por página sobre 35 días, todavía no hay serie diaria real con la que clasificar",,
Jorge Cruzalegui,Pablo Guede,entidad,3,544.0,181.0,media,SIN_DATOS_60D,"el exportador automático de GSC agrega por página sobre 35 días, todavía no hay serie diaria real con la que clasificar",,
Jorge Cruzalegui,partido por los octavos,tema,2,543.0,272.0,baja,SIN_DATOS_60D,"el exportador automático de GSC agrega por página sobre 35 días, todavía no hay serie diaria real con la que clasificar",,
Jorge Cruzalegui,vs universitario de deportes,entidad,2,543.0,272.0,baja,SIN_DATOS_60D,"el exportador automático de GSC agrega por página sobre 35 días, todavía no hay serie diaria real con la que clasificar",,
Jorge Cruzalegui,plantel femenino,tema,3,539.0,180.0,media,SIN_DATOS_60D,"el exportador automático de GSC agrega por página sobre 35 días, todavía no hay serie diaria real con la que clasificar",,
Jorge Cruzalegui,alto de su grupo,entidad,2,536.0,268.0,baja,SIN_DATOS_60D,"el exportador automático de GSC agrega por página sobre 35 días, todavía no hay serie diaria real con la que clasificar",,
Jorge Cruzalegui,técnico para la liga,entidad,4,531.0,133.0,media,SIN_DATOS_60D,"el exportador automático de GSC agrega por página sobre 35 días, todavía no hay serie diaria real con la que clasificar",,
Jorge Cruzalegui,inglaterra a qué hora,entidad,2,530.0,265.0,baja,SIN_DATOS_60D,"el exportador automático de GSC agrega por página sobre 35 días, todavía no hay serie diaria real con la que clasificar",,
Jorge Cruzalegui,nuevo gol,tema,3,529.0,176.0,media,SIN_DATOS_60D,"el exportador automático de GSC agrega por página sobre 35 días, todavía no hay serie diaria real con la que clasificar",,
Jorge Cruzalegui,Coquimbo Unido,entidad,3,525.0,175.0,media,SIN_DATOS_60D,"el exportador automático de GSC agrega por página sobre 35 días, todavía no hay serie diaria real con la que clasificar",,
Jorge Cruzalegui,Suiza,entidad,4,525.0,131.0,media,SIN_DATOS_60D,"el exportador automático de GSC agrega por página sobre 35 días, todavía no hay serie diaria real con la que clasificar",,
Jorge Cruzalegui,canal transmitirá el partido,tema,3,522.0,174.0,media,SIN_DATOS_60D,"el exportador automático de GSC agrega por página sobre 35 días, todavía no hay serie diaria real con la que clasificar",,
Jorge Cruzalegui,primera división,entidad,6,522.0,87.0,media,SIN_DATOS_60D,"el exportador automático de GSC agrega por página sobre 35 días, todavía no hay serie diaria real con la que clasificar",,
Jorge Cruzalegui,fc vs,entidad,2,518.0,259.0,baja,SIN_DATOS_60D,"el exportador automático de GSC agrega por página sobre 35 días, todavía no hay serie diaria real con la que clasificar",,
Jorge Cruzalegui,liga departamental de puno,entidad,2,518.0,259.0,baja,SIN_DATOS_60D,"el exportador automático de GSC agrega por página sobre 35 días, todavía no hay serie diaria real con la que clasificar",,
Jorge Cruzalegui,nuevo refuerzo,tema,2,513.0,256.0,baja,SIN_DATOS_60D,"el exportador automático de GSC agrega por página sobre 35 días, todavía no hay serie diaria real con la que clasificar",,
Jorge Cruzalegui,Liga Distrital de Cajamarca,entidad,5,512.0,102.0,media,SIN_DATOS_60D,"el exportador automático de GSC agrega por página sobre 35 días, todavía no hay serie diaria real con la que clasificar",,
Jorge Cruzalegui,sigue la racha,tema,2,511.0,256.0,baja,SIN_DATOS_60D,"el exportador automático de GSC agrega por página sobre 35 días, todavía no hay serie diaria real con la que clasificar",,
Jorge Cruzalegui,lima fecha,entidad,2,509.0,254.0,baja,SIN_DATOS_60D,"el exportador automático de GSC agrega por página sobre 35 días, todavía no hay serie diaria real con la que clasificar",,
Jorge Cruzalegui,partidos de los cuartos,tema,2,509.0,254.0,baja,SIN_DATOS_60D,"el exportador automático de GSC agrega por página sobre 35 días, todavía no hay serie diaria real con la que clasificar",,
Jorge Cruzalegui,tres nuevos,tema,2,507.0,254.0,baja,SIN_DATOS_60D,"el exportador automático de GSC agrega por página sobre 35 días, todavía no hay serie diaria real con la que clasificar",,
Jorge Cruzalegui,Barcelona SC,entidad,2,506.0,253.0,baja,SIN_DATOS_60D,"el exportador automático de GSC agrega por página sobre 35 días, todavía no hay serie diaria real con la que clasificar",,
Jorge Cruzalegui,niigata en la segunda,tema,2,502.0,251.0,baja,SIN_DATOS_60D,"el exportador automático de GSC agrega por página sobre 35 días, todavía no hay serie diaria real con la que clasificar",,
Jorge Cruzalegui,segunda de japón,entidad,2,502.0,251.0,baja,SIN_DATOS_60D,"el exportador automático de GSC agrega por página sobre 35 días, todavía no hay serie diaria real con la que clasificar",,
Jorge Cruzalegui,argentino para la liga,entidad,2,500.0,250.0,baja,SIN_DATOS_60D,"el exportador automático de GSC agrega por página sobre 35 días, todavía no hay serie diaria real con la que clasificar",,
Jorge Cruzalegui,Nacional FBC,entidad,2,499.0,250.0,baja,SIN_DATOS_60D,"el exportador automático de GSC agrega por página sobre 35 días, todavía no hay serie diaria real con la que clasificar",,
Jorge Cruzalegui,ganar en el campeonato,tema,2,497.0,248.0,baja,SIN_DATOS_60D,"el exportador automático de GSC agrega por página sobre 35 días, todavía no hay serie diaria real con la que clasificar",,
Jorge Cruzalegui,melgar vs,entidad,2,496.0,248.0,baja,SIN_DATOS_60D,"el exportador automático de GSC agrega por página sobre 35 días, todavía no hay serie diaria real con la que clasificar",,
Jorge Cruzalegui,André Carrillo y Jesús Pretell,entidad,2,494.0,247.0,baja,SIN_DATOS_60D,"el exportador automático de GSC agrega por página sobre 35 días, todavía no hay serie diaria real con la que clasificar",,
Jorge Cruzalegui,goleada de por medio,tema,2,491.0,246.0,baja,SIN_DATOS_60D,"el exportador automático de GSC agrega por página sobre 35 días, todavía no hay serie diaria real con la que clasificar",,
Jorge Cruzalegui,partido de la fecha,tema,2,488.0,244.0,baja,SIN_DATOS_60D,"el exportador automático de GSC agrega por página sobre 35 días, todavía no hay serie diaria real con la que clasificar",,
Jorge Cruzalegui,dónde ver el partido,tema,3,487.0,162.0,media,SIN_DATOS_60D,"el exportador automático de GSC agrega por página sobre 35 días, todavía no hay serie diaria real con la que clasificar",,
Jorge Cruzalegui,nueva temporada,tema,5,478.0,96.0,media,SIN_DATOS_60D,"el exportador automático de GSC agrega por página sobre 35 días, todavía no hay serie diaria real con la que clasificar",,
Jorge Cruzalegui,sorpresivo once,tema,2,477.0,238.0,baja,SIN_DATOS_60D,"el exportador automático de GSC agrega por página sobre 35 días, todavía no hay serie diaria real con la que clasificar",,
Jorge Cruzalegui,Deportivo Caysa,entidad,2,473.0,236.0,baja,SIN_DATOS_60D,"el exportador automático de GSC agrega por página sobre 35 días, todavía no hay serie diaria real con la que clasificar",,
Jorge Cruzalegui,radios que relatarán,tema,3,473.0,158.0,media,SIN_DATOS_60D,"el exportador automático de GSC agrega por página sobre 35 días, todavía no hay serie diaria real con la que clasificar",,
Jorge Cruzalegui,octavos del mundial,tema,3,472.0,157.0,media,SIN_DATOS_60D,"el exportador automático de GSC agrega por página sobre 35 días, todavía no hay serie diaria real con la que clasificar",,
Jorge Cruzalegui,Paulo Autuori,entidad,2,472.0,236.0,baja,SIN_DATOS_60D,"el exportador automático de GSC agrega por página sobre 35 días, todavía no hay serie diaria real con la que clasificar",,
Jorge Cruzalegui,entradas para el amistoso,tema,2,464.0,232.0,baja,SIN_DATOS_60D,"el exportador automático de GSC agrega por página sobre 35 días, todavía no hay serie diaria real con la que clasificar",,
Jorge Cruzalegui,Copenhague,entidad,9,455.0,51.0,media,SIN_DATOS_60D,"el exportador automático de GSC agrega por página sobre 35 días, todavía no hay serie diaria real con la que clasificar",,
Jorge Cruzalegui,Marcos López,entidad,9,455.0,51.0,media,SIN_DATOS_60D,"el exportador automático de GSC agrega por página sobre 35 días, todavía no hay serie diaria real con la que clasificar",,
Jorge Cruzalegui,Miguel Grau,entidad,2,455.0,228.0,baja,SIN_DATOS_60D,"el exportador automático de GSC agrega por página sobre 35 días, todavía no hay serie diaria real con la que clasificar",,
Jorge Cruzalegui,partidos consecutivos,tema,6,453.0,76.0,media,SIN_DATOS_60D,"el exportador automático de GSC agrega por página sobre 35 días, todavía no hay serie diaria real con la que clasificar",,
Jorge Cruzalegui,Conference League,entidad,7,451.0,64.0,media,SIN_DATOS_60D,"el exportador automático de GSC agrega por página sobre 35 días, todavía no hay serie diaria real con la que clasificar",,
Jorge Cruzalegui,nuevo santo,tema,2,447.0,224.0,baja,SIN_DATOS_60D,"el exportador automático de GSC agrega por página sobre 35 días, todavía no hay serie diaria real con la que clasificar",,
Jorge Cruzalegui,fecha y tabla,tema,2,440.0,220.0,baja,SIN_DATOS_60D,"el exportador automático de GSC agrega por página sobre 35 días, todavía no hay serie diaria real con la que clasificar",,
Jorge Cruzalegui,fichar jugador,tema,2,440.0,220.0,baja,SIN_DATOS_60D,"el exportador automático de GSC agrega por página sobre 35 días, todavía no hay serie diaria real con la que clasificar",,
Jorge Cruzalegui,Liga Nacional Juvenil Sub,entidad,2,440.0,220.0,baja,SIN_DATOS_60D,"el exportador automático de GSC agrega por página sobre 35 días, todavía no hay serie diaria real con la que clasificar",,
Jorge Cruzalegui,sub resultados,tema,2,440.0,220.0,baja,SIN_DATOS_60D,"el exportador automático de GSC agrega por página sobre 35 días, todavía no hay serie diaria real con la que clasificar",,
Jorge Cruzalegui,internacional previo,tema,2,438.0,219.0,baja,SIN_DATOS_60D,"el exportador automático de GSC agrega por página sobre 35 días, todavía no hay serie diaria real con la que clasificar",,
Jorge Cruzalegui,méxico vs,entidad,2,435.0,218.0,baja,SIN_DATOS_60D,"el exportador automático de GSC agrega por página sobre 35 días, todavía no hay serie diaria real con la que clasificar",,
Jorge Cruzalegui,figuras para la liga,entidad,2,429.0,214.0,baja,SIN_DATOS_60D,"el exportador automático de GSC agrega por página sobre 35 días, todavía no hay serie diaria real con la que clasificar",,
Jorge Cruzalegui,Sánchez,entidad,2,429.0,214.0,baja,SIN_DATOS_60D,"el exportador automático de GSC agrega por página sobre 35 días, todavía no hay serie diaria real con la que clasificar",,
Jorge Cruzalegui,atlético vs,tema,2,428.0,214.0,baja,SIN_DATOS_60D,"el exportador automático de GSC agrega por página sobre 35 días, todavía no hay serie diaria real con la que clasificar",,
Jorge Cruzalegui,preliminar de la copa,entidad,2,428.0,214.0,baja,SIN_DATOS_60D,"el exportador automático de GSC agrega por página sobre 35 días, todavía no hay serie diaria real con la que clasificar",,
Jorge Cruzalegui,Rodina Moscú,entidad,6,426.0,71.0,media,SIN_DATOS_60D,"el exportador automático de GSC agrega por página sobre 35 días, todavía no hay serie diaria real con la que clasificar",,
Jorge Cruzalegui,The Strongest,entidad,2,426.0,213.0,baja,SIN_DATOS_60D,"el exportador automático de GSC agrega por página sobre 35 días, todavía no hay serie diaria real con la que clasificar",,
Jorge Cruzalegui,tres fechas consecutivas,tema,2,426.0,213.0,baja,SIN_DATOS_60D,"el exportador automático de GSC agrega por página sobre 35 días, todavía no hay serie diaria real con la que clasificar",,
Jorge Cruzalegui,Yordy Reyna,entidad,6,426.0,71.0,media,SIN_DATOS_60D,"el exportador automático de GSC agrega por página sobre 35 días, todavía no hay serie diaria real con la que clasificar",,
Jorge Cruzalegui,zona ofensiva,tema,2,425.0,212.0,baja,SIN_DATOS_60D,"el exportador automático de GSC agrega por página sobre 35 días, todavía no hay serie diaria real con la que clasificar",,
Jorge Cruzalegui,sigue sumando,tema,4,424.0,106.0,media,SIN_DATOS_60D,"el exportador automático de GSC agrega por página sobre 35 días, todavía no hay serie diaria real con la que clasificar",,
Jorge Cruzalegui,frente a san,tema,2,422.0,211.0,baja,SIN_DATOS_60D,"el exportador automático de GSC agrega por página sobre 35 días, todavía no hay serie diaria real con la que clasificar",,
Jorge Cruzalegui,grupo en la copa,entidad,2,418.0,209.0,baja,SIN_DATOS_60D,"el exportador automático de GSC agrega por página sobre 35 días, todavía no hay serie diaria real con la que clasificar",,
Jorge Cruzalegui,Alejandro Duarte,entidad,2,414.0,207.0,baja,SIN_DATOS_60D,"el exportador automático de GSC agrega por página sobre 35 días, todavía no hay serie diaria real con la que clasificar",,
Jorge Cruzalegui,Palmeiras,entidad,2,413.0,206.0,baja,SIN_DATOS_60D,"el exportador automático de GSC agrega por página sobre 35 días, todavía no hay serie diaria real con la que clasificar",,
Jorge Cruzalegui,Wasl,entidad,6,411.0,68.0,media,SIN_DATOS_60D,"el exportador automático de GSC agrega por página sobre 35 días, todavía no hay serie diaria real con la que clasificar",,
Jorge Cruzalegui,Lanús,entidad,3,409.0,136.0,media,SIN_DATOS_60D,"el exportador automático de GSC agrega por página sobre 35 días, todavía no hay serie diaria real con la que clasificar",,
Jorge Cruzalegui,peruana qué radios,tema,3,405.0,135.0,media,SIN_DATOS_60D,"el exportador automático de GSC agrega por página sobre 35 días, todavía no hay serie diaria real con la que clasificar",,
Jorge Cruzalegui,refuerzos para afrontar,tema,2,405.0,202.0,baja,SIN_DATOS_60D,"el exportador automático de GSC agrega por página sobre 35 días, todavía no hay serie diaria real con la que clasificar",,
Jorge Cruzalegui,argentina vs,entidad,3,403.0,134.0,media,SIN_DATOS_60D,"el exportador automático de GSC agrega por página sobre 35 días, todavía no hay serie diaria real con la que clasificar",,
Jorge Cruzalegui,cienciano qué radios,entidad,2,402.0,201.0,baja,SIN_DATOS_60D,"el exportador automático de GSC agrega por página sobre 35 días, todavía no hay serie diaria real con la que clasificar",,
Jorge Cruzalegui,Liga Australiana,entidad,6,400.0,67.0,media,SIN_DATOS_60D,"el exportador automático de GSC agrega por página sobre 35 días, todavía no hay serie diaria real con la que clasificar",,
Jorge Cruzalegui,Sekou Gassama,entidad,2,400.0,200.0,baja,SIN_DATOS_60D,"el exportador automático de GSC agrega por página sobre 35 días, todavía no hay serie diaria real con la que clasificar",,
Jorge Cruzalegui,vuelta de la fase,entidad,2,399.0,200.0,baja,SIN_DATOS_60D,"el exportador automático de GSC agrega por página sobre 35 días, todavía no hay serie diaria real con la que clasificar",,
Jorge Cruzalegui,frente a barcelona,entidad,2,398.0,199.0,baja,SIN_DATOS_60D,"el exportador automático de GSC agrega por página sobre 35 días, todavía no hay serie diaria real con la que clasificar",,
Jorge Cruzalegui,copa perú resultado,entidad,2,396.0,198.0,baja,SIN_DATOS_60D,"el exportador automático de GSC agrega por página sobre 35 días, todavía no hay serie diaria real con la que clasificar",,
Jorge Cruzalegui,hora confirmada,tema,2,395.0,198.0,baja,SIN_DATOS_60D,"el exportador automático de GSC agrega por página sobre 35 días, todavía no hay serie diaria real con la que clasificar",,
Jorge Cruzalegui,sigue escalando,tema,2,395.0,198.0,baja,SIN_DATOS_60D,"el exportador automático de GSC agrega por página sobre 35 días, todavía no hay serie diaria real con la que clasificar",,
Jorge Cruzalegui,Centro Social de Pariacoto,entidad,2,393.0,196.0,baja,SIN_DATOS_60D,"el exportador automático de GSC agrega por página sobre 35 días, todavía no hay serie diaria real con la que clasificar",,
Jorge Cruzalegui,Cerro Porteño,entidad,2,392.0,196.0,baja,SIN_DATOS_60D,"el exportador automático de GSC agrega por página sobre 35 días, todavía no hay serie diaria real con la que clasificar",,
Jorge Cruzalegui,primer fichaje,tema,2,392.0,196.0,baja,SIN_DATOS_60D,"el exportador automático de GSC agrega por página sobre 35 días, todavía no hay serie diaria real con la que clasificar",,
Jorge Cruzalegui,clasificado a la etapa,tema,2,390.0,195.0,baja,SIN_DATOS_60D,"el exportador automático de GSC agrega por página sobre 35 días, todavía no hay serie diaria real con la que clasificar",,
Jorge Cruzalegui,fase del torneo,entidad,2,389.0,194.0,baja,SIN_DATOS_60D,"el exportador automático de GSC agrega por página sobre 35 días, todavía no hay serie diaria real con la que clasificar",,
Jorge Cruzalegui,segundo amistoso,tema,2,386.0,193.0,baja,SIN_DATOS_60D,"el exportador automático de GSC agrega por página sobre 35 días, todavía no hay serie diaria real con la que clasificar",,
Jorge Cruzalegui,libertadores qué canales,tema,2,383.0,192.0,baja,SIN_DATOS_60D,"el exportador automático de GSC agrega por página sobre 35 días, todavía no hay serie diaria real con la que clasificar",,
Jorge Cruzalegui,fbc se impuso,tema,3,382.0,127.0,media,SIN_DATOS_60D,"el exportador automático de GSC agrega por página sobre 35 días, todavía no hay serie diaria real con la que clasificar",,
Jorge Cruzalegui,gran momento,tema,3,382.0,127.0,media,SIN_DATOS_60D,"el exportador automático de GSC agrega por página sobre 35 días, todavía no hay serie diaria real con la que clasificar",,
Jorge Cruzalegui,LDU,entidad,2,382.0,191.0,baja,SIN_DATOS_60D,"el exportador automático de GSC agrega por página sobre 35 días, todavía no hay serie diaria real con la que clasificar",,
Jorge Cruzalegui,delantero colombiano,tema,2,381.0,190.0,baja,SIN_DATOS_60D,"el exportador automático de GSC agrega por página sobre 35 días, todavía no hay serie diaria real con la que clasificar",,
Jorge Cruzalegui,vs utc,tema,2,378.0,189.0,baja,SIN_DATOS_60D,"el exportador automático de GSC agrega por página sobre 35 días, todavía no hay serie diaria real con la que clasificar",,
Jorge Cruzalegui,Deportivo Lute,entidad,3,376.0,125.0,media,SIN_DATOS_60D,"el exportador automático de GSC agrega por página sobre 35 días, todavía no hay serie diaria real con la que clasificar",,
Jorge Cruzalegui,Campeonato Paulista,entidad,4,374.0,94.0,media,SIN_DATOS_60D,"el exportador automático de GSC agrega por página sobre 35 días, todavía no hay serie diaria real con la que clasificar",,
Jorge Cruzalegui,Liga de Croacia,entidad,5,371.0,74.0,media,SIN_DATOS_60D,"el exportador automático de GSC agrega por página sobre 35 días, todavía no hay serie diaria real con la que clasificar",,
Jorge Cruzalegui,refuerza con volante,tema,2,370.0,185.0,baja,SIN_DATOS_60D,"el exportador automático de GSC agrega por página sobre 35 días, todavía no hay serie diaria real con la que clasificar",,
Jorge Cruzalegui,pone a prueba,tema,2,368.0,184.0,baja,SIN_DATOS_60D,"el exportador automático de GSC agrega por página sobre 35 días, todavía no hay serie diaria real con la que clasificar",,
Jorge Cruzalegui,Burnley,entidad,4,367.0,92.0,media,SIN_DATOS_60D,"el exportador automático de GSC agrega por página sobre 35 días, todavía no hay serie diaria real con la que clasificar",,
Jorge Cruzalegui,impuso a sport,tema,2,367.0,184.0,baja,SIN_DATOS_60D,"el exportador automático de GSC agrega por página sobre 35 días, todavía no hay serie diaria real con la que clasificar",,
Jorge Cruzalegui,nueva victoria,tema,6,365.0,61.0,media,SIN_DATOS_60D,"el exportador automático de GSC agrega por página sobre 35 días, todavía no hay serie diaria real con la que clasificar",,
Jorge Cruzalegui,tercera victoria,tema,2,364.0,182.0,baja,SIN_DATOS_60D,"el exportador automático de GSC agrega por página sobre 35 días, todavía no hay serie diaria real con la que clasificar",,
Jorge Cruzalegui,sorprende con dos,tema,2,362.0,181.0,baja,SIN_DATOS_60D,"el exportador automático de GSC agrega por página sobre 35 días, todavía no hay serie diaria real con la que clasificar",,
Jorge Cruzalegui,Alfonso Barco,entidad,5,361.0,72.0,media,SIN_DATOS_60D,"el exportador automático de GSC agrega por página sobre 35 días, todavía no hay serie diaria real con la que clasificar",,
Jorge Cruzalegui,mantiene por la senda,tema,2,360.0,180.0,baja,SIN_DATOS_60D,"el exportador automático de GSC agrega por página sobre 35 días, todavía no hay serie diaria real con la que clasificar",,
Jorge Cruzalegui,dos jóvenes,tema,2,358.0,179.0,baja,SIN_DATOS_60D,"el exportador automático de GSC agrega por página sobre 35 días, todavía no hay serie diaria real con la que clasificar",,
Jorge Cruzalegui,Croacia,entidad,5,355.0,71.0,media,SIN_DATOS_60D,"el exportador automático de GSC agrega por página sobre 35 días, todavía no hay serie diaria real con la que clasificar",,
Jorge Cruzalegui,sumar minutos,tema,5,355.0,71.0,media,SIN_DATOS_60D,"el exportador automático de GSC agrega por página sobre 35 días, todavía no hay serie diaria real con la que clasificar",,
Jorge Cruzalegui,partido por la copa,entidad,2,345.0,172.0,baja,SIN_DATOS_60D,"el exportador automático de GSC agrega por página sobre 35 días, todavía no hay serie diaria real con la que clasificar",,
Jorge Cruzalegui,Austria,entidad,3,344.0,115.0,media,SIN_DATOS_60D,"el exportador automático de GSC agrega por página sobre 35 días, todavía no hay serie diaria real con la que clasificar",,
Jorge Cruzalegui,Atlético Mineiro,entidad,2,342.0,171.0,baja,SIN_DATOS_60D,"el exportador automático de GSC agrega por página sobre 35 días, todavía no hay serie diaria real con la que clasificar",,
Jorge Cruzalegui,alarga su buen,tema,2,341.0,170.0,baja,SIN_DATOS_60D,"el exportador automático de GSC agrega por página sobre 35 días, todavía no hay serie diaria real con la que clasificar",,
Jorge Cruzalegui,título de la liga,entidad,2,339.0,170.0,baja,SIN_DATOS_60D,"el exportador automático de GSC agrega por página sobre 35 días, todavía no hay serie diaria real con la que clasificar",,
Jorge Cruzalegui,equipo paraguayo,tema,2,334.0,167.0,baja,SIN_DATOS_60D,"el exportador automático de GSC agrega por página sobre 35 días, todavía no hay serie diaria real con la que clasificar",,
Jorge Cruzalegui,Sydney FC,entidad,6,334.0,56.0,media,SIN_DATOS_60D,"el exportador automático de GSC agrega por página sobre 35 días, todavía no hay serie diaria real con la que clasificar",,
Jorge Cruzalegui,Liga Comerciantes Unidos,entidad,2,333.0,166.0,baja,SIN_DATOS_60D,"el exportador automático de GSC agrega por página sobre 35 días, todavía no hay serie diaria real con la que clasificar",,
Jorge Cruzalegui,Liga PRO,entidad,2,331.0,166.0,baja,SIN_DATOS_60D,"el exportador automático de GSC agrega por página sobre 35 días, todavía no hay serie diaria real con la que clasificar",,
Jorge Cruzalegui,Liga Distrital de Abancay,entidad,2,325.0,162.0,baja,SIN_DATOS_60D,"el exportador automático de GSC agrega por página sobre 35 días, todavía no hay serie diaria real con la que clasificar",,
Jorge Cruzalegui,extranjeros para la liga,entidad,2,324.0,162.0,baja,SIN_DATOS_60D,"el exportador automático de GSC agrega por página sobre 35 días, todavía no hay serie diaria real con la que clasificar",,
Jorge Cruzalegui,lima se pronuncia,entidad,2,321.0,160.0,baja,SIN_DATOS_60D,"el exportador automático de GSC agrega por página sobre 35 días, todavía no hay serie diaria real con la que clasificar",,
Jorge Cruzalegui,triunfo clave,tema,2,320.0,160.0,baja,SIN_DATOS_60D,"el exportador automático de GSC agrega por página sobre 35 días, todavía no hay serie diaria real con la que clasificar",,
Jorge Cruzalegui,Copa Libertadores Sub,entidad,2,319.0,160.0,baja,SIN_DATOS_60D,"el exportador automático de GSC agrega por página sobre 35 días, todavía no hay serie diaria real con la que clasificar",,
Jorge Cruzalegui,amistosos ante haití,entidad,2,316.0,158.0,baja,SIN_DATOS_60D,"el exportador automático de GSC agrega por página sobre 35 días, todavía no hay serie diaria real con la que clasificar",,
Jorge Cruzalegui,disputar la liga,entidad,2,316.0,158.0,baja,SIN_DATOS_60D,"el exportador automático de GSC agrega por página sobre 35 días, todavía no hay serie diaria real con la que clasificar",,
Jorge Cruzalegui,azul bentín,tema,2,309.0,154.0,baja,SIN_DATOS_60D,"el exportador automático de GSC agrega por página sobre 35 días, todavía no hay serie diaria real con la que clasificar",,
Jorge Cruzalegui,internacional ante haití,entidad,2,308.0,154.0,baja,SIN_DATOS_60D,"el exportador automático de GSC agrega por página sobre 35 días, todavía no hay serie diaria real con la que clasificar",,
Jorge Cruzalegui,Kenji Cabrera,entidad,5,308.0,62.0,media,SIN_DATOS_60D,"el exportador automático de GSC agrega por página sobre 35 días, todavía no hay serie diaria real con la que clasificar",,
Jorge Cruzalegui,dos fechas,tema,2,305.0,152.0,baja,SIN_DATOS_60D,"el exportador automático de GSC agrega por página sobre 35 días, todavía no hay serie diaria real con la que clasificar",,
Jorge Cruzalegui,boys vs,tema,2,304.0,152.0,baja,SIN_DATOS_60D,"el exportador automático de GSC agrega por página sobre 35 días, todavía no hay serie diaria real con la que clasificar",,
Jorge Cruzalegui,Copa de Brasil,entidad,4,304.0,76.0,media,SIN_DATOS_60D,"el exportador automático de GSC agrega por página sobre 35 días, todavía no hay serie diaria real con la que clasificar",,
Jorge Cruzalegui,cristal las radios,tema,2,303.0,152.0,baja,SIN_DATOS_60D,"el exportador automático de GSC agrega por página sobre 35 días, todavía no hay serie diaria real con la que clasificar",,
Jorge Cruzalegui,martín refuerza,tema,2,301.0,150.0,baja,SIN_DATOS_60D,"el exportador automático de GSC agrega por página sobre 35 días, todavía no hay serie diaria real con la que clasificar",,
Jorge Cruzalegui,universitario vs cienciano,entidad,2,300.0,150.0,baja,SIN_DATOS_60D,"el exportador automático de GSC agrega por página sobre 35 días, todavía no hay serie diaria real con la que clasificar",,
Jorge Cruzalegui,Fabio Gruber,entidad,4,299.0,75.0,media,SIN_DATOS_60D,"el exportador automático de GSC agrega por página sobre 35 días, todavía no hay serie diaria real con la que clasificar",,
Jorge Cruzalegui,ocho partidos,tema,2,298.0,149.0,baja,SIN_DATOS_60D,"el exportador automático de GSC agrega por página sobre 35 días, todavía no hay serie diaria real con la que clasificar",,
Jorge Cruzalegui,victoria en la copa,entidad,2,297.0,148.0,baja,SIN_DATOS_60D,"el exportador automático de GSC agrega por página sobre 35 días, todavía no hay serie diaria real con la que clasificar",,
Jorge Cruzalegui,brinda asistencia,tema,3,295.0,98.0,media,SIN_DATOS_60D,"el exportador automático de GSC agrega por página sobre 35 días, todavía no hay serie diaria real con la que clasificar",,
Jorge Cruzalegui,Juan Pablo Goicochea,entidad,3,295.0,98.0,media,SIN_DATOS_60D,"el exportador automático de GSC agrega por página sobre 35 días, todavía no hay serie diaria real con la que clasificar",,
Jorge Cruzalegui,refuerza su zona,tema,2,294.0,147.0,baja,SIN_DATOS_60D,"el exportador automático de GSC agrega por página sobre 35 días, todavía no hay serie diaria real con la que clasificar",,
Jorge Cruzalegui,partido ante alianza,tema,2,293.0,146.0,baja,SIN_DATOS_60D,"el exportador automático de GSC agrega por página sobre 35 días, todavía no hay serie diaria real con la que clasificar",,
Jorge Cruzalegui,grupo g,entidad,2,292.0,146.0,baja,SIN_DATOS_60D,"el exportador automático de GSC agrega por página sobre 35 días, todavía no hay serie diaria real con la que clasificar",,
Jorge Cruzalegui,Liga Departamental de Lambayeque,entidad,2,291.0,146.0,baja,SIN_DATOS_60D,"el exportador automático de GSC agrega por página sobre 35 días, todavía no hay serie diaria real con la que clasificar",,
Jorge Cruzalegui,portugal vs,entidad,2,287.0,144.0,baja,SIN_DATOS_60D,"el exportador automático de GSC agrega por página sobre 35 días, todavía no hay serie diaria real con la que clasificar",,
Jorge Cruzalegui,Pulpo,entidad,2,287.0,144.0,baja,SIN_DATOS_60D,"el exportador automático de GSC agrega por página sobre 35 días, todavía no hay serie diaria real con la que clasificar",,
Jorge Cruzalegui,mal arranque,tema,2,286.0,143.0,baja,SIN_DATOS_60D,"el exportador automático de GSC agrega por página sobre 35 días, todavía no hay serie diaria real con la que clasificar",,
Jorge Cruzalegui,presente en la victoria,tema,3,286.0,95.0,media,SIN_DATOS_60D,"el exportador automático de GSC agrega por página sobre 35 días, todavía no hay serie diaria real con la que clasificar",,
Jorge Cruzalegui,femenino de alianza,tema,2,284.0,142.0,baja,SIN_DATOS_60D,"el exportador automático de GSC agrega por página sobre 35 días, todavía no hay serie diaria real con la que clasificar",,
Jorge Cruzalegui,André Carrillo Corinthians,entidad,5,280.0,56.0,media,SIN_DATOS_60D,"el exportador automático de GSC agrega por página sobre 35 días, todavía no hay serie diaria real con la que clasificar",,
Jorge Cruzalegui,canales del partido,tema,2,276.0,138.0,baja,SIN_DATOS_60D,"el exportador automático de GSC agrega por página sobre 35 días, todavía no hay serie diaria real con la que clasificar",,
Jorge Cruzalegui,Vancouver Whitecaps,entidad,4,273.0,68.0,media,SIN_DATOS_60D,"el exportador automático de GSC agrega por página sobre 35 días, todavía no hay serie diaria real con la que clasificar",,
Jorge Cruzalegui,Rijeka,entidad,4,270.0,68.0,media,SIN_DATOS_60D,"el exportador automático de GSC agrega por página sobre 35 días, todavía no hay serie diaria real con la que clasificar",,
Jorge Cruzalegui,debut en el mundial,tema,2,268.0,134.0,baja,SIN_DATOS_60D,"el exportador automático de GSC agrega por página sobre 35 días, todavía no hay serie diaria real con la que clasificar",,
Jorge Cruzalegui,fecha del mundial,tema,3,268.0,89.0,media,SIN_DATOS_60D,"el exportador automático de GSC agrega por página sobre 35 días, todavía no hay serie diaria real con la que clasificar",,
Jorge Cruzalegui,técnico de anba,tema,2,267.0,134.0,baja,SIN_DATOS_60D,"el exportador automático de GSC agrega por página sobre 35 días, todavía no hay serie diaria real con la que clasificar",,
Jorge Cruzalegui,Erick Torres,entidad,2,267.0,134.0,baja,SIN_DATOS_60D,"el exportador automático de GSC agrega por página sobre 35 días, todavía no hay serie diaria real con la que clasificar",,
Jorge Cruzalegui,Argelia,entidad,2,266.0,133.0,baja,SIN_DATOS_60D,"el exportador automático de GSC agrega por página sobre 35 días, todavía no hay serie diaria real con la que clasificar",,
Jorge Cruzalegui,Liga de Dinamarca,entidad,6,261.0,44.0,media,SIN_DATOS_60D,"el exportador automático de GSC agrega por página sobre 35 días, todavía no hay serie diaria real con la que clasificar",,
Jorge Cruzalegui,refuerza con experimentado,tema,2,261.0,130.0,baja,SIN_DATOS_60D,"el exportador automático de GSC agrega por página sobre 35 días, todavía no hay serie diaria real con la que clasificar",,
Jorge Cruzalegui,defensor y un delantero,tema,2,256.0,128.0,baja,SIN_DATOS_60D,"el exportador automático de GSC agrega por página sobre 35 días, todavía no hay serie diaria real con la que clasificar",,
Jorge Cruzalegui,Estudiantes,entidad,2,253.0,126.0,baja,SIN_DATOS_60D,"el exportador automático de GSC agrega por página sobre 35 días, todavía no hay serie diaria real con la que clasificar",,
Jorge Cruzalegui,Plata,entidad,2,253.0,126.0,baja,SIN_DATOS_60D,"el exportador automático de GSC agrega por página sobre 35 días, todavía no hay serie diaria real con la que clasificar",,
Jorge Cruzalegui,liga uruguaya,entidad,3,252.0,84.0,media,SIN_DATOS_60D,"el exportador automático de GSC agrega por página sobre 35 días, todavía no hay serie diaria real con la que clasificar",,
Jorge Cruzalegui,Independiente Medellín,entidad,2,251.0,126.0,baja,SIN_DATOS_60D,"el exportador automático de GSC agrega por página sobre 35 días, todavía no hay serie diaria real con la que clasificar",,
Jorge Cruzalegui,renueva el plantel,tema,2,251.0,126.0,baja,SIN_DATOS_60D,"el exportador automático de GSC agrega por página sobre 35 días, todavía no hay serie diaria real con la que clasificar",,
Jorge Cruzalegui,Liga Distrital de Puno,entidad,2,248.0,124.0,baja,SIN_DATOS_60D,"el exportador automático de GSC agrega por página sobre 35 días, todavía no hay serie diaria real con la que clasificar",,
Jorge Cruzalegui,puno y tabla,tema,2,248.0,124.0,baja,SIN_DATOS_60D,"el exportador automático de GSC agrega por página sobre 35 días, todavía no hay serie diaria real con la que clasificar",,
Jorge Cruzalegui,Países Bajos,entidad,2,244.0,122.0,baja,SIN_DATOS_60D,"el exportador automático de GSC agrega por página sobre 35 días, todavía no hay serie diaria real con la que clasificar",,
Jorge Cruzalegui,triunfo en el torneo,entidad,2,244.0,122.0,baja,SIN_DATOS_60D,"el exportador automático de GSC agrega por página sobre 35 días, todavía no hay serie diaria real con la que clasificar",,
Jorge Cruzalegui,Jesús Pretell LDU de Quito,entidad,3,242.0,81.0,media,SIN_DATOS_60D,"el exportador automático de GSC agrega por página sobre 35 días, todavía no hay serie diaria real con la que clasificar",,
Jorge Cruzalegui,Erick Noriega Gremio,entidad,3,240.0,80.0,media,SIN_DATOS_60D,"el exportador automático de GSC agrega por página sobre 35 días, todavía no hay serie diaria real con la que clasificar",,
Jorge Cruzalegui,historial de enfrentamientos,tema,2,240.0,120.0,baja,SIN_DATOS_60D,"el exportador automático de GSC agrega por página sobre 35 días, todavía no hay serie diaria real con la que clasificar",,
Jorge Cruzalegui,peruana y su historial,tema,2,240.0,120.0,baja,SIN_DATOS_60D,"el exportador automático de GSC agrega por página sobre 35 días, todavía no hay serie diaria real con la que clasificar",,
Jorge Cruzalegui,tres partidos,tema,2,239.0,120.0,baja,SIN_DATOS_60D,"el exportador automático de GSC agrega por página sobre 35 días, todavía no hay serie diaria real con la que clasificar",,
Jorge Cruzalegui,victoria de ldu,entidad,3,237.0,79.0,media,SIN_DATOS_60D,"el exportador automático de GSC agrega por página sobre 35 días, todavía no hay serie diaria real con la que clasificar",,
Jorge Cruzalegui,presente en la derrota,tema,4,236.0,59.0,media,SIN_DATOS_60D,"el exportador automático de GSC agrega por página sobre 35 días, todavía no hay serie diaria real con la que clasificar",,
Jorge Cruzalegui,ascenso deportivo,tema,2,234.0,117.0,baja,SIN_DATOS_60D,"el exportador automático de GSC agrega por página sobre 35 días, todavía no hay serie diaria real con la que clasificar",,
Jorge Cruzalegui,corinthians de andré carrillo,entidad,2,233.0,116.0,baja,SIN_DATOS_60D,"el exportador automático de GSC agrega por página sobre 35 días, todavía no hay serie diaria real con la que clasificar",,
Jorge Cruzalegui,máximas figuras,tema,2,231.0,116.0,baja,SIN_DATOS_60D,"el exportador automático de GSC agrega por página sobre 35 días, todavía no hay serie diaria real con la que clasificar",,
Jorge Cruzalegui,tercera división,entidad,2,231.0,116.0,baja,SIN_DATOS_60D,"el exportador automático de GSC agrega por página sobre 35 días, todavía no hay serie diaria real con la que clasificar",,
Jorge Cruzalegui,División de Rusia,entidad,3,225.0,75.0,media,SIN_DATOS_60D,"el exportador automático de GSC agrega por página sobre 35 días, todavía no hay serie diaria real con la que clasificar",,
Jorge Cruzalegui,Huamán,entidad,2,222.0,111.0,baja,SIN_DATOS_60D,"el exportador automático de GSC agrega por página sobre 35 días, todavía no hay serie diaria real con la que clasificar",,
Jorge Cruzalegui,División de Italia,entidad,2,220.0,110.0,baja,SIN_DATOS_60D,"el exportador automático de GSC agrega por página sobre 35 días, todavía no hay serie diaria real con la que clasificar",,
Jorge Cruzalegui,Liga Distrital de Juliaca,entidad,2,218.0,109.0,baja,SIN_DATOS_60D,"el exportador automático de GSC agrega por página sobre 35 días, todavía no hay serie diaria real con la que clasificar",,
Jorge Cruzalegui,racha adrián,tema,3,218.0,73.0,media,SIN_DATOS_60D,"el exportador automático de GSC agrega por página sobre 35 días, todavía no hay serie diaria real con la que clasificar",,
Jorge Cruzalegui,Bryan Reyna,entidad,2,217.0,108.0,baja,SIN_DATOS_60D,"el exportador automático de GSC agrega por página sobre 35 días, todavía no hay serie diaria real con la que clasificar",,
Jorge Cruzalegui,Liga de República Checa,entidad,3,215.0,72.0,media,SIN_DATOS_60D,"el exportador automático de GSC agrega por página sobre 35 días, todavía no hay serie diaria real con la que clasificar",,
Jorge Cruzalegui,nueva derrota,tema,3,214.0,71.0,media,SIN_DATOS_60D,"el exportador automático de GSC agrega por página sobre 35 días, todavía no hay serie diaria real con la que clasificar",,
Jorge Cruzalegui,quedar al margen,tema,3,213.0,71.0,media,SIN_DATOS_60D,"el exportador automático de GSC agrega por página sobre 35 días, todavía no hay serie diaria real con la que clasificar",,
Jorge Cruzalegui,Messi Argentina,entidad,2,210.0,105.0,baja,SIN_DATOS_60D,"el exportador automático de GSC agrega por página sobre 35 días, todavía no hay serie diaria real con la que clasificar",,
Jorge Cruzalegui,viscarra integra,tema,2,209.0,104.0,baja,SIN_DATOS_60D,"el exportador automático de GSC agrega por página sobre 35 días, todavía no hay serie diaria real con la que clasificar",,
Jorge Cruzalegui,FC,entidad,3,208.0,69.0,media,SIN_DATOS_60D,"el exportador automático de GSC agrega por página sobre 35 días, todavía no hay serie diaria real con la que clasificar",,
Jorge Cruzalegui,lleva tres,tema,2,208.0,104.0,baja,SIN_DATOS_60D,"el exportador automático de GSC agrega por página sobre 35 días, todavía no hay serie diaria real con la que clasificar",,
Jorge Cruzalegui,consecutivos sin ganar,tema,3,204.0,68.0,media,SIN_DATOS_60D,"el exportador automático de GSC agrega por página sobre 35 días, todavía no hay serie diaria real con la que clasificar",,
Jorge Cruzalegui,tomado en cuenta,tema,2,204.0,102.0,baja,SIN_DATOS_60D,"el exportador automático de GSC agrega por página sobre 35 días, todavía no hay serie diaria real con la que clasificar",,
Jorge Cruzalegui,Bragantino,entidad,2,202.0,101.0,baja,SIN_DATOS_60D,"el exportador automático de GSC agrega por página sobre 35 días, todavía no hay serie diaria real con la que clasificar",,
Jorge Cruzalegui,extremo derecho,tema,2,202.0,101.0,baja,SIN_DATOS_60D,"el exportador automático de GSC agrega por página sobre 35 días, todavía no hay serie diaria real con la que clasificar",,
Jorge Cruzalegui,Canadá,entidad,2,200.0,100.0,baja,SIN_DATOS_60D,"el exportador automático de GSC agrega por página sobre 35 días, todavía no hay serie diaria real con la que clasificar",,
Jorge Cruzalegui,Santiago Ormeño,entidad,2,200.0,100.0,baja,SIN_DATOS_60D,"el exportador automático de GSC agrega por página sobre 35 días, todavía no hay serie diaria real con la que clasificar",,
Jorge Cruzalegui,duelo ante alianza atlético,entidad,2,194.0,97.0,baja,SIN_DATOS_60D,"el exportador automático de GSC agrega por página sobre 35 días, todavía no hay serie diaria real con la que clasificar",,
Jorge Cruzalegui,ida de los octavos,tema,2,194.0,97.0,baja,SIN_DATOS_60D,"el exportador automático de GSC agrega por página sobre 35 días, todavía no hay serie diaria real con la que clasificar",,
Jorge Cruzalegui,internacional ante españa,entidad,2,193.0,96.0,baja,SIN_DATOS_60D,"el exportador automático de GSC agrega por página sobre 35 días, todavía no hay serie diaria real con la que clasificar",,
Jorge Cruzalegui,victoria de albirex,tema,2,193.0,96.0,baja,SIN_DATOS_60D,"el exportador automático de GSC agrega por página sobre 35 días, todavía no hay serie diaria real con la que clasificar",,
Jorge Cruzalegui,eliminado del mundial,tema,2,191.0,96.0,baja,SIN_DATOS_60D,"el exportador automático de GSC agrega por página sobre 35 días, todavía no hay serie diaria real con la que clasificar",,
Jorge Cruzalegui,titular ldu,entidad,2,190.0,95.0,baja,SIN_DATOS_60D,"el exportador automático de GSC agrega por página sobre 35 días, todavía no hay serie diaria real con la que clasificar",,
Jorge Cruzalegui,Marcos López Copenhague,entidad,2,189.0,94.0,baja,SIN_DATOS_60D,"el exportador automático de GSC agrega por página sobre 35 días, todavía no hay serie diaria real con la que clasificar",,
Jorge Cruzalegui,derrota de gremio,entidad,2,188.0,94.0,baja,SIN_DATOS_60D,"el exportador automático de GSC agrega por página sobre 35 días, todavía no hay serie diaria real con la que clasificar",,
Jorge Cruzalegui,suplente en la derrota,tema,2,188.0,94.0,baja,SIN_DATOS_60D,"el exportador automático de GSC agrega por página sobre 35 días, todavía no hay serie diaria real con la que clasificar",,
Jorge Cruzalegui,FK Auda,entidad,2,187.0,94.0,baja,SIN_DATOS_60D,"el exportador automático de GSC agrega por página sobre 35 días, todavía no hay serie diaria real con la que clasificar",,
Jorge Cruzalegui,Sebastián Aranda,entidad,2,187.0,94.0,baja,SIN_DATOS_60D,"el exportador automático de GSC agrega por página sobre 35 días, todavía no hay serie diaria real con la que clasificar",,
Jorge Cruzalegui,canales los transmitirán,tema,2,186.0,93.0,baja,SIN_DATOS_60D,"el exportador automático de GSC agrega por página sobre 35 días, todavía no hay serie diaria real con la que clasificar",,
Jorge Cruzalegui,luego de tres,tema,2,186.0,93.0,baja,SIN_DATOS_60D,"el exportador automático de GSC agrega por página sobre 35 días, todavía no hay serie diaria real con la que clasificar",,
Jorge Cruzalegui,mundial se jugarán,tema,2,186.0,93.0,baja,SIN_DATOS_60D,"el exportador automático de GSC agrega por página sobre 35 días, todavía no hay serie diaria real con la que clasificar",,
Jorge Cruzalegui,zona de descenso,tema,4,185.0,46.0,media,SIN_DATOS_60D,"el exportador automático de GSC agrega por página sobre 35 días, todavía no hay serie diaria real con la que clasificar",,
Jorge Cruzalegui,División de Turquía,entidad,3,183.0,61.0,media,SIN_DATOS_60D,"el exportador automático de GSC agrega por página sobre 35 días, todavía no hay serie diaria real con la que clasificar",,
Jorge Cruzalegui,Juventud Huracán,entidad,2,183.0,92.0,baja,SIN_DATOS_60D,"el exportador automático de GSC agrega por página sobre 35 días, todavía no hay serie diaria real con la que clasificar",,
Jorge Cruzalegui,Sakaryaspor,entidad,4,183.0,46.0,media,SIN_DATOS_60D,"el exportador automático de GSC agrega por página sobre 35 días, todavía no hay serie diaria real con la que clasificar",,
Jorge Cruzalegui,Christian Cueva,entidad,2,182.0,91.0,baja,SIN_DATOS_60D,"el exportador automático de GSC agrega por página sobre 35 días, todavía no hay serie diaria real con la que clasificar",,
Jorge Cruzalegui,Alfonso Barco Rijeka,entidad,3,180.0,60.0,media,SIN_DATOS_60D,"el exportador automático de GSC agrega por página sobre 35 días, todavía no hay serie diaria real con la que clasificar",,
Jorge Cruzalegui,sigue liderando,tema,2,179.0,90.0,baja,SIN_DATOS_60D,"el exportador automático de GSC agrega por página sobre 35 días, todavía no hay serie diaria real con la que clasificar",,
Jorge Cruzalegui,Italia,entidad,2,175.0,88.0,baja,SIN_DATOS_60D,"el exportador automático de GSC agrega por página sobre 35 días, todavía no hay serie diaria real con la que clasificar",,
Jorge Cruzalegui,league resultados,tema,2,175.0,88.0,baja,SIN_DATOS_60D,"el exportador automático de GSC agrega por página sobre 35 días, todavía no hay serie diaria real con la que clasificar",,
Jorge Cruzalegui,Championship,entidad,3,174.0,58.0,media,SIN_DATOS_60D,"el exportador automático de GSC agrega por página sobre 35 días, todavía no hay serie diaria real con la que clasificar",,
Jorge Cruzalegui,nuevos fichajes,tema,2,173.0,86.0,baja,SIN_DATOS_60D,"el exportador automático de GSC agrega por página sobre 35 días, todavía no hay serie diaria real con la que clasificar",,
Jorge Cruzalegui,ficha a extremo,tema,2,172.0,86.0,baja,SIN_DATOS_60D,"el exportador automático de GSC agrega por página sobre 35 días, todavía no hay serie diaria real con la que clasificar",,
Jorge Cruzalegui,Progreso,entidad,2,171.0,86.0,baja,SIN_DATOS_60D,"el exportador automático de GSC agrega por página sobre 35 días, todavía no hay serie diaria real con la que clasificar",,
Jorge Cruzalegui,final del campeonato,tema,2,168.0,84.0,baja,SIN_DATOS_60D,"el exportador automático de GSC agrega por página sobre 35 días, todavía no hay serie diaria real con la que clasificar",,
Jorge Cruzalegui,partido de los octavos,tema,2,168.0,84.0,baja,SIN_DATOS_60D,"el exportador automático de GSC agrega por página sobre 35 días, todavía no hay serie diaria real con la que clasificar",,
Jorge Cruzalegui,fecha del grupo,entidad,2,165.0,82.0,baja,SIN_DATOS_60D,"el exportador automático de GSC agrega por página sobre 35 días, todavía no hay serie diaria real con la que clasificar",,
Jorge Cruzalegui,sumando minutos,tema,2,164.0,82.0,baja,SIN_DATOS_60D,"el exportador automático de GSC agrega por página sobre 35 días, todavía no hay serie diaria real con la que clasificar",,
Jorge Cruzalegui,fechas en el brasileirao,entidad,2,162.0,81.0,baja,SIN_DATOS_60D,"el exportador automático de GSC agrega por página sobre 35 días, todavía no hay serie diaria real con la que clasificar",,
Jorge Cruzalegui,triunfo luego,tema,2,162.0,81.0,baja,SIN_DATOS_60D,"el exportador automático de GSC agrega por página sobre 35 días, todavía no hay serie diaria real con la que clasificar",,
Jorge Cruzalegui,segunda división de alemania,entidad,2,159.0,80.0,baja,SIN_DATOS_60D,"el exportador automático de GSC agrega por página sobre 35 días, todavía no hay serie diaria real con la que clasificar",,
Jorge Cruzalegui,Piero Quispe Sydney FC,entidad,2,159.0,80.0,baja,SIN_DATOS_60D,"el exportador automático de GSC agrega por página sobre 35 días, todavía no hay serie diaria real con la que clasificar",,
Jorge Cruzalegui,Dinamarca,entidad,2,158.0,79.0,baja,SIN_DATOS_60D,"el exportador automático de GSC agrega por página sobre 35 días, todavía no hay serie diaria real con la que clasificar",,
Jorge Cruzalegui,vuelve a quedar,tema,2,157.0,78.0,baja,SIN_DATOS_60D,"el exportador automático de GSC agrega por página sobre 35 días, todavía no hay serie diaria real con la que clasificar",,
Jorge Cruzalegui,titular gremio,entidad,2,154.0,77.0,baja,SIN_DATOS_60D,"el exportador automático de GSC agrega por página sobre 35 días, todavía no hay serie diaria real con la que clasificar",,
Jorge Cruzalegui,cinco partidos consecutivos,tema,3,153.0,51.0,media,SIN_DATOS_60D,"el exportador automático de GSC agrega por página sobre 35 días, todavía no hay serie diaria real con la que clasificar",,
Jorge Cruzalegui,primera división de rusia,entidad,2,152.0,76.0,baja,SIN_DATOS_60D,"el exportador automático de GSC agrega por página sobre 35 días, todavía no hay serie diaria real con la que clasificar",,
Jorge Cruzalegui,francia vs españa,entidad,2,148.0,74.0,baja,SIN_DATOS_60D,"el exportador automático de GSC agrega por página sobre 35 días, todavía no hay serie diaria real con la que clasificar",,
Jorge Cruzalegui,segunda división de portugal,entidad,3,147.0,49.0,media,SIN_DATOS_60D,"el exportador automático de GSC agrega por página sobre 35 días, todavía no hay serie diaria real con la que clasificar",,
Jorge Cruzalegui,ganar en el brasileirao,entidad,3,147.0,49.0,media,SIN_DATOS_60D,"el exportador automático de GSC agrega por página sobre 35 días, todavía no hay serie diaria real con la que clasificar",,
Jorge Cruzalegui,Jean Pierre Rhyner,entidad,3,145.0,48.0,media,SIN_DATOS_60D,"el exportador automático de GSC agrega por página sobre 35 días, todavía no hay serie diaria real con la que clasificar",,
Jorge Cruzalegui,Vizela,entidad,3,145.0,48.0,media,SIN_DATOS_60D,"el exportador automático de GSC agrega por página sobre 35 días, todavía no hay serie diaria real con la que clasificar",,
Jorge Cruzalegui,segunda fecha del mundial,tema,2,144.0,72.0,baja,SIN_DATOS_60D,"el exportador automático de GSC agrega por página sobre 35 días, todavía no hay serie diaria real con la que clasificar",,
Jorge Cruzalegui,descenso en la segunda,tema,3,143.0,48.0,media,SIN_DATOS_60D,"el exportador automático de GSC agrega por página sobre 35 días, todavía no hay serie diaria real con la que clasificar",,
Jorge Cruzalegui,AFC Champions League,entidad,2,141.0,70.0,baja,SIN_DATOS_60D,"el exportador automático de GSC agrega por página sobre 35 días, todavía no hay serie diaria real con la que clasificar",,
Jorge Cruzalegui,escapa del descenso,tema,2,141.0,70.0,baja,SIN_DATOS_60D,"el exportador automático de GSC agrega por página sobre 35 días, todavía no hay serie diaria real con la que clasificar",,
Jorge Cruzalegui,final de la afc,tema,2,141.0,70.0,baja,SIN_DATOS_60D,"el exportador automático de GSC agrega por página sobre 35 días, todavía no hay serie diaria real con la que clasificar",,
Jorge Cruzalegui,titular en la nueva,tema,2,139.0,70.0,baja,SIN_DATOS_60D,"el exportador automático de GSC agrega por página sobre 35 días, todavía no hay serie diaria real con la que clasificar",,
Jorge Cruzalegui,victoria de kiryat,tema,2,139.0,70.0,baja,SIN_DATOS_60D,"el exportador automático de GSC agrega por página sobre 35 días, todavía no hay serie diaria real con la que clasificar",,
Jorge Cruzalegui,derrota de ldu,entidad,2,135.0,68.0,baja,SIN_DATOS_60D,"el exportador automático de GSC agrega por página sobre 35 días, todavía no hay serie diaria real con la que clasificar",,
Jorge Cruzalegui,quito frente,tema,2,135.0,68.0,baja,SIN_DATOS_60D,"el exportador automático de GSC agrega por página sobre 35 días, todavía no hay serie diaria real con la que clasificar",,
Jorge Cruzalegui,Esperance Tunis,entidad,2,130.0,65.0,baja,SIN_DATOS_60D,"el exportador automático de GSC agrega por página sobre 35 días, todavía no hay serie diaria real con la que clasificar",,
Jorge Cruzalegui,Jesús Castillo,entidad,2,130.0,65.0,baja,SIN_DATOS_60D,"el exportador automático de GSC agrega por página sobre 35 días, todavía no hay serie diaria real con la que clasificar",,
Jorge Cruzalegui,Israel,entidad,2,128.0,64.0,baja,SIN_DATOS_60D,"el exportador automático de GSC agrega por página sobre 35 días, todavía no hay serie diaria real con la que clasificar",,
Jorge Cruzalegui,Inter Toronto,entidad,2,123.0,62.0,baja,SIN_DATOS_60D,"el exportador automático de GSC agrega por página sobre 35 días, todavía no hay serie diaria real con la que clasificar",,
Jorge Cruzalegui,Sebastián Gonzales Zela,entidad,2,123.0,62.0,baja,SIN_DATOS_60D,"el exportador automático de GSC agrega por página sobre 35 días, todavía no hay serie diaria real con la que clasificar",,
Jorge Cruzalegui,presente en la nueva,tema,2,122.0,61.0,baja,SIN_DATOS_60D,"el exportador automático de GSC agrega por página sobre 35 días, todavía no hay serie diaria real con la que clasificar",,
Jorge Cruzalegui,cinco fechas,tema,2,121.0,60.0,baja,SIN_DATOS_60D,"el exportador automático de GSC agrega por página sobre 35 días, todavía no hay serie diaria real con la que clasificar",,
Jorge Cruzalegui,gran temporada,tema,2,121.0,60.0,baja,SIN_DATOS_60D,"el exportador automático de GSC agrega por página sobre 35 días, todavía no hay serie diaria real con la que clasificar",,
Jorge Cruzalegui,mal momento,tema,2,120.0,60.0,baja,SIN_DATOS_60D,"el exportador automático de GSC agrega por página sobre 35 días, todavía no hay serie diaria real con la que clasificar",,
Jorge Cruzalegui,Renato Espinosa,entidad,2,120.0,60.0,baja,SIN_DATOS_60D,"el exportador automático de GSC agrega por página sobre 35 días, todavía no hay serie diaria real con la que clasificar",,
Jorge Cruzalegui,Rijeka de Alfonso Barco,entidad,2,120.0,60.0,baja,SIN_DATOS_60D,"el exportador automático de GSC agrega por página sobre 35 días, todavía no hay serie diaria real con la que clasificar",,
Jorge Cruzalegui,semifinal del mundial,tema,2,120.0,60.0,baja,SIN_DATOS_60D,"el exportador automático de GSC agrega por página sobre 35 días, todavía no hay serie diaria real con la que clasificar",,
Jorge Cruzalegui,transmitirán la semifinal,tema,2,120.0,60.0,baja,SIN_DATOS_60D,"el exportador automático de GSC agrega por página sobre 35 días, todavía no hay serie diaria real con la que clasificar",,
Jorge Cruzalegui,Unirea Slobozia,entidad,2,120.0,60.0,baja,SIN_DATOS_60D,"el exportador automático de GSC agrega por página sobre 35 días, todavía no hay serie diaria real con la que clasificar",,
Jorge Cruzalegui,cuatro fechas,tema,2,119.0,60.0,baja,SIN_DATOS_60D,"el exportador automático de GSC agrega por página sobre 35 días, todavía no hay serie diaria real con la que clasificar",,
Jorge Cruzalegui,Selección Peruana Erick Noriega,entidad,2,119.0,60.0,baja,SIN_DATOS_60D,"el exportador automático de GSC agrega por página sobre 35 días, todavía no hay serie diaria real con la que clasificar",,
Jorge Cruzalegui,Wilder Cartagena,entidad,3,119.0,40.0,media,SIN_DATOS_60D,"el exportador automático de GSC agrega por página sobre 35 días, todavía no hay serie diaria real con la que clasificar",,
Jorge Cruzalegui,lapadula vuelve,tema,2,116.0,58.0,baja,SIN_DATOS_60D,"el exportador automático de GSC agrega por página sobre 35 días, todavía no hay serie diaria real con la que clasificar",,
Jorge Cruzalegui,Dinamo Zagreb,entidad,2,115.0,58.0,baja,SIN_DATOS_60D,"el exportador automático de GSC agrega por página sobre 35 días, todavía no hay serie diaria real con la que clasificar",,
Jorge Cruzalegui,mal en peor,tema,2,114.0,57.0,baja,SIN_DATOS_60D,"el exportador automático de GSC agrega por página sobre 35 días, todavía no hay serie diaria real con la que clasificar",,
Jorge Cruzalegui,sigue en zona,tema,2,112.0,56.0,baja,SIN_DATOS_60D,"el exportador automático de GSC agrega por página sobre 35 días, todavía no hay serie diaria real con la que clasificar",,
Jorge Cruzalegui,vizela en la segunda,entidad,2,111.0,56.0,baja,SIN_DATOS_60D,"el exportador automático de GSC agrega por página sobre 35 días, todavía no hay serie diaria real con la que clasificar",,
Jorge Cruzalegui,Rusia,entidad,2,110.0,55.0,baja,SIN_DATOS_60D,"el exportador automático de GSC agrega por página sobre 35 días, todavía no hay serie diaria real con la que clasificar",,
Jorge Cruzalegui,paso firme,tema,2,109.0,54.0,baja,SIN_DATOS_60D,"el exportador automático de GSC agrega por página sobre 35 días, todavía no hay serie diaria real con la que clasificar",,
Jorge Cruzalegui,Cruzeiro,entidad,2,107.0,54.0,baja,SIN_DATOS_60D,"el exportador automático de GSC agrega por página sobre 35 días, todavía no hay serie diaria real con la que clasificar",,
Jorge Cruzalegui,clasificación a la conference,tema,2,104.0,52.0,baja,SIN_DATOS_60D,"el exportador automático de GSC agrega por página sobre 35 días, todavía no hay serie diaria real con la que clasificar",,
Jorge Cruzalegui,derrota consecutiva,tema,2,104.0,52.0,baja,SIN_DATOS_60D,"el exportador automático de GSC agrega por página sobre 35 días, todavía no hay serie diaria real con la que clasificar",,
Jorge Cruzalegui,zona de ascenso,tema,2,103.0,52.0,baja,SIN_DATOS_60D,"el exportador automático de GSC agrega por página sobre 35 días, todavía no hay serie diaria real con la que clasificar",,
Jorge Cruzalegui,duro tropiezo,tema,2,102.0,51.0,baja,SIN_DATOS_60D,"el exportador automático de GSC agrega por página sobre 35 días, todavía no hay serie diaria real con la que clasificar",,
Jorge Cruzalegui,quispe titular,tema,2,102.0,51.0,baja,SIN_DATOS_60D,"el exportador automático de GSC agrega por página sobre 35 días, todavía no hay serie diaria real con la que clasificar",,
Jorge Cruzalegui,derrota de sakaryaspor,entidad,2,98.0,49.0,baja,SIN_DATOS_60D,"el exportador automático de GSC agrega por página sobre 35 días, todavía no hay serie diaria real con la que clasificar",,
Jorge Cruzalegui,segunda división de turquía,entidad,2,98.0,49.0,baja,SIN_DATOS_60D,"el exportador automático de GSC agrega por página sobre 35 días, todavía no hay serie diaria real con la que clasificar",,
Jorge Cruzalegui,tropiezo jesús,tema,2,94.0,47.0,baja,SIN_DATOS_60D,"el exportador automático de GSC agrega por página sobre 35 días, todavía no hay serie diaria real con la que clasificar",,
Jorge Cruzalegui,segunda de turquía,entidad,2,85.0,42.0,baja,SIN_DATOS_60D,"el exportador automático de GSC agrega por página sobre 35 días, todavía no hay serie diaria real con la que clasificar",,
Jorge Cruzalegui,Vancouver Whitecaps de Kenji Cabrera,entidad,2,84.0,42.0,baja,SIN_DATOS_60D,"el exportador automático de GSC agrega por página sobre 35 días, todavía no hay serie diaria real con la que clasificar",,
Jorge Cruzalegui,ascenso en portugal,entidad,2,82.0,41.0,baja,SIN_DATOS_60D,"el exportador automático de GSC agrega por página sobre 35 días, todavía no hay serie diaria real con la que clasificar",,
Jorge Cruzalegui,Jean Pierre Rhyner Vizela,entidad,2,82.0,41.0,baja,SIN_DATOS_60D,"el exportador automático de GSC agrega por página sobre 35 días, todavía no hay serie diaria real con la que clasificar",,
Jorge Cruzalegui,titular corinthians,entidad,2,82.0,41.0,baja,SIN_DATOS_60D,"el exportador automático de GSC agrega por página sobre 35 días, todavía no hay serie diaria real con la que clasificar",,
Jorge Cruzalegui,Suecia,entidad,2,80.0,40.0,baja,SIN_DATOS_60D,"el exportador automático de GSC agrega por página sobre 35 días, todavía no hay serie diaria real con la que clasificar",,
Jorge Cruzalegui,escapa de la zona,tema,2,73.0,36.0,baja,SIN_DATOS_60D,"el exportador automático de GSC agrega por página sobre 35 días, todavía no hay serie diaria real con la que clasificar",,
Jorge Cruzalegui,Orlando City,entidad,2,63.0,32.0,baja,SIN_DATOS_60D,"el exportador automático de GSC agrega por página sobre 35 días, todavía no hay serie diaria real con la que clasificar",,
Robert Luna,Alianza Lima,entidad,100,150043.0,1500.0,alta,SIN_DATOS_60D,"el exportador automático de GSC agrega por página sobre 35 días, todavía no hay serie diaria real con la que clasificar",,
Robert Luna,imponente estadio,tema,4,140008.0,35002.0,media,SIN_DATOS_60D,"el exportador automático de GSC agrega por página sobre 35 días, todavía no hay serie diaria real con la que clasificar",,
Robert Luna,estadio peruano,tema,19,98644.0,5192.0,alta,SIN_DATOS_60D,"el exportador automático de GSC agrega por página sobre 35 días, todavía no hay serie diaria real con la que clasificar",,
Robert Luna,emblemático estadio,tema,6,67635.0,11272.0,media,SIN_DATOS_60D,"el exportador automático de GSC agrega por página sobre 35 días, todavía no hay serie diaria real con la que clasificar",,
Robert Luna,Universitario de Deportes,entidad,35,56596.0,1617.0,alta,SIN_DATOS_60D,"el exportador automático de GSC agrega por página sobre 35 días, todavía no hay serie diaria real con la que clasificar",,
Robert Luna,emblemático estadio peruano,tema,4,55949.0,13987.0,media,SIN_DATOS_60D,"el exportador automático de GSC agrega por página sobre 35 días, todavía no hay serie diaria real con la que clasificar",,
Robert Luna,primera división,entidad,8,54264.0,6783.0,media,SIN_DATOS_60D,"el exportador automático de GSC agrega por página sobre 35 días, todavía no hay serie diaria real con la que clasificar",,
Robert Luna,División,entidad,5,54214.0,10843.0,media,SIN_DATOS_60D,"el exportador automático de GSC agrega por página sobre 35 días, todavía no hay serie diaria real con la que clasificar",,
Robert Luna,Copa Libertadores,entidad,30,45348.0,1512.0,alta,SIN_DATOS_60D,"el exportador automático de GSC agrega por página sobre 35 días, todavía no hay serie diaria real con la que clasificar",,
Robert Luna,Torneo Clausura,entidad,31,43321.0,1397.0,alta,SIN_DATOS_60D,"el exportador automático de GSC agrega por página sobre 35 días, todavía no hay serie diaria real con la que clasificar",,
Robert Luna,FC Cajamarca,entidad,10,41533.0,4153.0,alta,SIN_DATOS_60D,"el exportador automático de GSC agrega por página sobre 35 días, todavía no hay serie diaria real con la que clasificar",,
Robert Luna,Torneo Apertura,entidad,28,39335.0,1405.0,alta,SIN_DATOS_60D,"el exportador automático de GSC agrega por página sobre 35 días, todavía no hay serie diaria real con la que clasificar",,
Robert Luna,fútbol macho,tema,15,38274.0,2552.0,alta,SIN_DATOS_60D,"el exportador automático de GSC agrega por página sobre 35 días, todavía no hay serie diaria real con la que clasificar",,
Robert Luna,división después,entidad,2,37613.0,18806.0,baja,SIN_DATOS_60D,"el exportador automático de GSC agrega por página sobre 35 días, todavía no hay serie diaria real con la que clasificar",,
Robert Luna,puertas a la primera,tema,2,37613.0,18806.0,baja,SIN_DATOS_60D,"el exportador automático de GSC agrega por página sobre 35 días, todavía no hay serie diaria real con la que clasificar",,
Robert Luna,nuevo estadio,tema,12,30635.0,2553.0,alta,SIN_DATOS_60D,"el exportador automático de GSC agrega por página sobre 35 días, todavía no hay serie diaria real con la que clasificar",,
Robert Luna,nuevo equipo,tema,9,30144.0,3349.0,media,SIN_DATOS_60D,"el exportador automático de GSC agrega por página sobre 35 días, todavía no hay serie diaria real con la que clasificar",,
Robert Luna,histórico estadio,tema,6,29805.0,4968.0,media,SIN_DATOS_60D,"el exportador automático de GSC agrega por página sobre 35 días, todavía no hay serie diaria real con la que clasificar",,
Robert Luna,Liga Peruana de Vóley,entidad,8,27664.0,3458.0,media,SIN_DATOS_60D,"el exportador automático de GSC agrega por página sobre 35 días, todavía no hay serie diaria real con la que clasificar",,
Robert Luna,torneo peruano,entidad,5,27420.0,5484.0,media,SIN_DATOS_60D,"el exportador automático de GSC agrega por página sobre 35 días, todavía no hay serie diaria real con la que clasificar",,
Robert Luna,años fuera,tema,4,26934.0,6734.0,media,SIN_DATOS_60D,"el exportador automático de GSC agrega por página sobre 35 días, todavía no hay serie diaria real con la que clasificar",,
Robert Luna,Sporting Cristal,entidad,28,25959.0,927.0,alta,SIN_DATOS_60D,"el exportador automático de GSC agrega por página sobre 35 días, todavía no hay serie diaria real con la que clasificar",,
Robert Luna,cajamarca suma,tema,3,24425.0,8142.0,media,SIN_DATOS_60D,"el exportador automático de GSC agrega por página sobre 35 días, todavía no hay serie diaria real con la que clasificar",,
Robert Luna,vía l,tema,2,24424.0,12212.0,baja,SIN_DATOS_60D,"el exportador automático de GSC agrega por página sobre 35 días, todavía no hay serie diaria real con la que clasificar",,
Robert Luna,fecha del torneo,entidad,6,24414.0,4069.0,media,SIN_DATOS_60D,"el exportador automático de GSC agrega por página sobre 35 días, todavía no hay serie diaria real con la que clasificar",,
Robert Luna,ex alianza,tema,3,24225.0,8075.0,media,SIN_DATOS_60D,"el exportador automático de GSC agrega por página sobre 35 días, todavía no hay serie diaria real con la que clasificar",,
Robert Luna,Etapa Provincial,entidad,17,23090.0,1358.0,alta,SIN_DATOS_60D,"el exportador automático de GSC agrega por página sobre 35 días, todavía no hay serie diaria real con la que clasificar",,
Robert Luna,Torneo,entidad,9,22108.0,2456.0,media,SIN_DATOS_60D,"el exportador automático de GSC agrega por página sobre 35 días, todavía no hay serie diaria real con la que clasificar",,
Robert Luna,Lima,entidad,7,21889.0,3127.0,media,SIN_DATOS_60D,"el exportador automático de GSC agrega por página sobre 35 días, todavía no hay serie diaria real con la que clasificar",,
Robert Luna,peruano que lleva,tema,4,21577.0,5394.0,media,SIN_DATOS_60D,"el exportador automático de GSC agrega por página sobre 35 días, todavía no hay serie diaria real con la que clasificar",,
Robert Luna,equipo de la liga,entidad,5,21524.0,4305.0,media,SIN_DATOS_60D,"el exportador automático de GSC agrega por página sobre 35 días, todavía no hay serie diaria real con la que clasificar",,
Robert Luna,estadio peruano que lleva,tema,3,21139.0,7046.0,media,SIN_DATOS_60D,"el exportador automático de GSC agrega por página sobre 35 días, todavía no hay serie diaria real con la que clasificar",,
Robert Luna,fútbol profesional,tema,3,20090.0,6697.0,media,SIN_DATOS_60D,"el exportador automático de GSC agrega por página sobre 35 días, todavía no hay serie diaria real con la que clasificar",,
Robert Luna,histórico estadio peruano,tema,4,20011.0,5003.0,media,SIN_DATOS_60D,"el exportador automático de GSC agrega por página sobre 35 días, todavía no hay serie diaria real con la que clasificar",,
Robert Luna,Selección Peruana,entidad,18,19700.0,1094.0,alta,SIN_DATOS_60D,"el exportador automático de GSC agrega por página sobre 35 días, todavía no hay serie diaria real con la que clasificar",,
Robert Luna,Etapa Nacional del Torneo,entidad,3,19684.0,6561.0,media,SIN_DATOS_60D,"el exportador automático de GSC agrega por página sobre 35 días, todavía no hay serie diaria real con la que clasificar",,
Robert Luna,Sport Boys,entidad,11,19045.0,1731.0,alta,SIN_DATOS_60D,"el exportador automático de GSC agrega por página sobre 35 días, todavía no hay serie diaria real con la que clasificar",,
Robert Luna,lleva cerca,tema,2,18148.0,9074.0,baja,SIN_DATOS_60D,"el exportador automático de GSC agrega por página sobre 35 días, todavía no hay serie diaria real con la que clasificar",,
Robert Luna,estadio donde,tema,6,18126.0,3021.0,media,SIN_DATOS_60D,"el exportador automático de GSC agrega por página sobre 35 días, todavía no hay serie diaria real con la que clasificar",,
Robert Luna,elecciones generales,tema,27,18039.0,668.0,alta,SIN_DATOS_60D,"el exportador automático de GSC agrega por página sobre 35 días, todavía no hay serie diaria real con la que clasificar",,
Robert Luna,resultados en la fecha,tema,58,17767.0,306.0,alta,SIN_DATOS_60D,"el exportador automático de GSC agrega por página sobre 35 días, todavía no hay serie diaria real con la que clasificar",,
Robert Luna,Pablo Guede,entidad,17,17373.0,1022.0,alta,SIN_DATOS_60D,"el exportador automático de GSC agrega por página sobre 35 días, todavía no hay serie diaria real con la que clasificar",,
Robert Luna,altas bajas,tema,10,17357.0,1736.0,alta,SIN_DATOS_60D,"el exportador automático de GSC agrega por página sobre 35 días, todavía no hay serie diaria real con la que clasificar",,
Robert Luna,club peruano,tema,7,16150.0,2307.0,media,SIN_DATOS_60D,"el exportador automático de GSC agrega por página sobre 35 días, todavía no hay serie diaria real con la que clasificar",,
Robert Luna,equipos clasificados,tema,8,15849.0,1981.0,media,SIN_DATOS_60D,"el exportador automático de GSC agrega por página sobre 35 días, todavía no hay serie diaria real con la que clasificar",,
Robert Luna,cuartos de final,tema,11,15710.0,1428.0,alta,SIN_DATOS_60D,"el exportador automático de GSC agrega por página sobre 35 días, todavía no hay serie diaria real con la que clasificar",,
Robert Luna,copa perú los equipos,entidad,7,15665.0,2238.0,media,SIN_DATOS_60D,"el exportador automático de GSC agrega por página sobre 35 días, todavía no hay serie diaria real con la que clasificar",,
Robert Luna,quedar eliminado,tema,2,15576.0,7788.0,baja,SIN_DATOS_60D,"el exportador automático de GSC agrega por página sobre 35 días, todavía no hay serie diaria real con la que clasificar",,
Robert Luna,departamental de lima,entidad,18,15479.0,860.0,alta,SIN_DATOS_60D,"el exportador automático de GSC agrega por página sobre 35 días, todavía no hay serie diaria real con la que clasificar",,
Robert Luna,segunda división,entidad,3,14949.0,4983.0,media,SIN_DATOS_60D,"el exportador automático de GSC agrega por página sobre 35 días, todavía no hay serie diaria real con la que clasificar",,
Robert Luna,Atlético Grau de Piura,entidad,6,14841.0,2474.0,media,SIN_DATOS_60D,"el exportador automático de GSC agrega por página sobre 35 días, todavía no hay serie diaria real con la que clasificar",,
Robert Luna,Jean Deza,entidad,3,14005.0,4668.0,media,SIN_DATOS_60D,"el exportador automático de GSC agrega por página sobre 35 días, todavía no hay serie diaria real con la que clasificar",,
Robert Luna,lleva once,tema,2,13964.0,6982.0,baja,SIN_DATOS_60D,"el exportador automático de GSC agrega por página sobre 35 días, todavía no hay serie diaria real con la que clasificar",,
Robert Luna,estadio de la liga,entidad,3,13913.0,4638.0,media,SIN_DATOS_60D,"el exportador automático de GSC agrega por página sobre 35 días, todavía no hay serie diaria real con la que clasificar",,
Robert Luna,clasificados a la etapa,tema,10,13821.0,1382.0,alta,SIN_DATOS_60D,"el exportador automático de GSC agrega por página sobre 35 días, todavía no hay serie diaria real con la que clasificar",,
Robert Luna,UTC de Cajamarca,entidad,13,13661.0,1051.0,alta,SIN_DATOS_60D,"el exportador automático de GSC agrega por página sobre 35 días, todavía no hay serie diaria real con la que clasificar",,
Robert Luna,copa perú resultados,entidad,52,13644.0,262.0,alta,SIN_DATOS_60D,"el exportador automático de GSC agrega por página sobre 35 días, todavía no hay serie diaria real con la que clasificar",,
Robert Luna,Etapa Nacional,entidad,22,13606.0,618.0,alta,SIN_DATOS_60D,"el exportador automático de GSC agrega por página sobre 35 días, todavía no hay serie diaria real con la que clasificar",,
Robert Luna,tabla de posiciones,tema,35,12939.0,370.0,alta,SIN_DATOS_60D,"el exportador automático de GSC agrega por página sobre 35 días, todavía no hay serie diaria real con la que clasificar",,
Robert Luna,Torneo Clausura de la Liga,entidad,9,12688.0,1410.0,media,SIN_DATOS_60D,"el exportador automático de GSC agrega por página sobre 35 días, todavía no hay serie diaria real con la que clasificar",,
Robert Luna,Etapa Departamental,entidad,12,12636.0,1053.0,alta,SIN_DATOS_60D,"el exportador automático de GSC agrega por página sobre 35 días, todavía no hay serie diaria real con la que clasificar",,
Robert Luna,bajas y renovaciones,tema,3,12210.0,4070.0,media,SIN_DATOS_60D,"el exportador automático de GSC agrega por página sobre 35 días, todavía no hay serie diaria real con la que clasificar",,
Robert Luna,renovaciones para la liga,entidad,3,12210.0,4070.0,media,SIN_DATOS_60D,"el exportador automático de GSC agrega por página sobre 35 días, todavía no hay serie diaria real con la que clasificar",,
Robert Luna,tercera división,entidad,6,12181.0,2030.0,media,SIN_DATOS_60D,"el exportador automático de GSC agrega por página sobre 35 días, todavía no hay serie diaria real con la que clasificar",,
Robert Luna,fuera de la liga,entidad,3,11949.0,3983.0,media,SIN_DATOS_60D,"el exportador automático de GSC agrega por página sobre 35 días, todavía no hay serie diaria real con la que clasificar",,
Robert Luna,fecha de la liga,entidad,57,11875.0,208.0,alta,SIN_DATOS_60D,"el exportador automático de GSC agrega por página sobre 35 días, todavía no hay serie diaria real con la que clasificar",,
Robert Luna,Cusco FC,entidad,8,11798.0,1475.0,media,SIN_DATOS_60D,"el exportador automático de GSC agrega por página sobre 35 días, todavía no hay serie diaria real con la que clasificar",,
Robert Luna,liga profesional,entidad,6,11634.0,1939.0,media,SIN_DATOS_60D,"el exportador automático de GSC agrega por página sobre 35 días, todavía no hay serie diaria real con la que clasificar",,
Robert Luna,Matute,entidad,9,11497.0,1277.0,media,SIN_DATOS_60D,"el exportador automático de GSC agrega por página sobre 35 días, todavía no hay serie diaria real con la que clasificar",,
Robert Luna,fecha del torneo apertura,entidad,3,11378.0,3793.0,media,SIN_DATOS_60D,"el exportador automático de GSC agrega por página sobre 35 días, todavía no hay serie diaria real con la que clasificar",,
Robert Luna,Deportivo Binacional,entidad,8,11315.0,1414.0,media,SIN_DATOS_60D,"el exportador automático de GSC agrega por página sobre 35 días, todavía no hay serie diaria real con la que clasificar",,
Robert Luna,liga el estadio,entidad,2,11049.0,5524.0,baja,SIN_DATOS_60D,"el exportador automático de GSC agrega por página sobre 35 días, todavía no hay serie diaria real con la que clasificar",,
Robert Luna,Liga Femenina,entidad,20,11035.0,552.0,alta,SIN_DATOS_60D,"el exportador automático de GSC agrega por página sobre 35 días, todavía no hay serie diaria real con la que clasificar",,
Robert Luna,fecha de inicio,tema,5,10990.0,2198.0,media,SIN_DATOS_60D,"el exportador automático de GSC agrega por página sobre 35 días, todavía no hay serie diaria real con la que clasificar",,
Robert Luna,Miguel Mostto,entidad,2,10831.0,5416.0,baja,SIN_DATOS_60D,"el exportador automático de GSC agrega por página sobre 35 días, todavía no hay serie diaria real con la que clasificar",,
Robert Luna,mostto a sus años,tema,2,10831.0,5416.0,baja,SIN_DATOS_60D,"el exportador automático de GSC agrega por página sobre 35 días, todavía no hay serie diaria real con la que clasificar",,
Robert Luna,resultados de los partidos,tema,14,10754.0,768.0,alta,SIN_DATOS_60D,"el exportador automático de GSC agrega por página sobre 35 días, todavía no hay serie diaria real con la que clasificar",,
Robert Luna,Etapa Provincial de la Copa,entidad,3,10258.0,3419.0,media,SIN_DATOS_60D,"el exportador automático de GSC agrega por página sobre 35 días, todavía no hay serie diaria real con la que clasificar",,
Robert Luna,Deportivo Municipal,entidad,10,10088.0,1009.0,alta,SIN_DATOS_60D,"el exportador automático de GSC agrega por página sobre 35 días, todavía no hay serie diaria real con la que clasificar",,
Robert Luna,ONPE,entidad,7,9856.0,1408.0,media,SIN_DATOS_60D,"el exportador automático de GSC agrega por página sobre 35 días, todavía no hay serie diaria real con la que clasificar",,
Robert Luna,reabrir sus puertas,tema,2,9658.0,4829.0,baja,SIN_DATOS_60D,"el exportador automático de GSC agrega por página sobre 35 días, todavía no hay serie diaria real con la que clasificar",,
Robert Luna,Cienciano,entidad,9,9497.0,1055.0,media,SIN_DATOS_60D,"el exportador automático de GSC agrega por página sobre 35 días, todavía no hay serie diaria real con la que clasificar",,
Robert Luna,interior del país,tema,2,9436.0,4718.0,baja,SIN_DATOS_60D,"el exportador automático de GSC agrega por página sobre 35 días, todavía no hay serie diaria real con la que clasificar",,
Robert Luna,abrir sus puertas,tema,3,9411.0,3137.0,media,SIN_DATOS_60D,"el exportador automático de GSC agrega por página sobre 35 días, todavía no hay serie diaria real con la que clasificar",,
Robert Luna,Juan Pablo II,entidad,7,9343.0,1335.0,media,SIN_DATOS_60D,"el exportador automático de GSC agrega por página sobre 35 días, todavía no hay serie diaria real con la que clasificar",,
Robert Luna,estadio monumental,tema,3,9309.0,3103.0,media,SIN_DATOS_60D,"el exportador automático de GSC agrega por página sobre 35 días, todavía no hay serie diaria real con la que clasificar",,
Robert Luna,campeón de la liga,entidad,6,9247.0,1541.0,media,SIN_DATOS_60D,"el exportador automático de GSC agrega por página sobre 35 días, todavía no hay serie diaria real con la que clasificar",,
Robert Luna,nuevo torneo,entidad,6,9047.0,1508.0,media,SIN_DATOS_60D,"el exportador automático de GSC agrega por página sobre 35 días, todavía no hay serie diaria real con la que clasificar",,
Robert Luna,Carlos Mannucci de Trujillo,entidad,2,9026.0,4513.0,baja,SIN_DATOS_60D,"el exportador automático de GSC agrega por página sobre 35 días, todavía no hay serie diaria real con la que clasificar",,
Robert Luna,nuevo entrenador,tema,7,9026.0,1289.0,media,SIN_DATOS_60D,"el exportador automático de GSC agrega por página sobre 35 días, todavía no hay serie diaria real con la que clasificar",,
Robert Luna,Liga Peruana,entidad,5,9016.0,1803.0,media,SIN_DATOS_60D,"el exportador automático de GSC agrega por página sobre 35 días, todavía no hay serie diaria real con la que clasificar",,
Robert Luna,primer campeón,tema,5,8934.0,1787.0,media,SIN_DATOS_60D,"el exportador automático de GSC agrega por página sobre 35 días, todavía no hay serie diaria real con la que clasificar",,
Robert Luna,final de la liga,entidad,17,8924.0,525.0,alta,SIN_DATOS_60D,"el exportador automático de GSC agrega por página sobre 35 días, todavía no hay serie diaria real con la que clasificar",,
Robert Luna,cruces de los cuartos,tema,2,8846.0,4423.0,baja,SIN_DATOS_60D,"el exportador automático de GSC agrega por página sobre 35 días, todavía no hay serie diaria real con la que clasificar",,
Robert Luna,refuerzo extranjero,tema,5,8811.0,1762.0,media,SIN_DATOS_60D,"el exportador automático de GSC agrega por página sobre 35 días, todavía no hay serie diaria real con la que clasificar",,
Robert Luna,refuerzos para la liga,entidad,6,8717.0,1453.0,media,SIN_DATOS_60D,"el exportador automático de GSC agrega por página sobre 35 días, todavía no hay serie diaria real con la que clasificar",,
Robert Luna,generales resultados,tema,5,8689.0,1738.0,media,SIN_DATOS_60D,"el exportador automático de GSC agrega por página sobre 35 días, todavía no hay serie diaria real con la que clasificar",,
Robert Luna,Roberto Mosquera,entidad,2,8255.0,4128.0,baja,SIN_DATOS_60D,"el exportador automático de GSC agrega por página sobre 35 días, todavía no hay serie diaria real con la que clasificar",,
Robert Luna,refuerzo de universitario,entidad,2,8244.0,4122.0,baja,SIN_DATOS_60D,"el exportador automático de GSC agrega por página sobre 35 días, todavía no hay serie diaria real con la que clasificar",,
Robert Luna,elecciones presidenciales,tema,7,8170.0,1167.0,media,SIN_DATOS_60D,"el exportador automático de GSC agrega por página sobre 35 días, todavía no hay serie diaria real con la que clasificar",,
Robert Luna,Melgar,entidad,13,8101.0,623.0,alta,SIN_DATOS_60D,"el exportador automático de GSC agrega por página sobre 35 días, todavía no hay serie diaria real con la que clasificar",,
Robert Luna,fútbol peruano,tema,7,7987.0,1141.0,media,SIN_DATOS_60D,"el exportador automático de GSC agrega por página sobre 35 días, todavía no hay serie diaria real con la que clasificar",,
Robert Luna,partidos de vuelta,tema,7,7907.0,1130.0,media,SIN_DATOS_60D,"el exportador automático de GSC agrega por página sobre 35 días, todavía no hay serie diaria real con la que clasificar",,
Robert Luna,Chankas de Andahuaylas,entidad,4,7861.0,1965.0,media,SIN_DATOS_60D,"el exportador automático de GSC agrega por página sobre 35 días, todavía no hay serie diaria real con la que clasificar",,
Robert Luna,inicio del torneo,entidad,4,7665.0,1916.0,media,SIN_DATOS_60D,"el exportador automático de GSC agrega por página sobre 35 días, todavía no hay serie diaria real con la que clasificar",,
Robert Luna,copa perú ha,entidad,2,7632.0,3816.0,baja,SIN_DATOS_60D,"el exportador automático de GSC agrega por página sobre 35 días, todavía no hay serie diaria real con la que clasificar",,
Robert Luna,dejar alianza,tema,4,7605.0,1901.0,media,SIN_DATOS_60D,"el exportador automático de GSC agrega por página sobre 35 días, todavía no hay serie diaria real con la que clasificar",,
Robert Luna,segundo refuerzo,tema,3,7551.0,2517.0,media,SIN_DATOS_60D,"el exportador automático de GSC agrega por página sobre 35 días, todavía no hay serie diaria real con la que clasificar",,
Robert Luna,dos partidos,tema,2,7535.0,3768.0,baja,SIN_DATOS_60D,"el exportador automático de GSC agrega por página sobre 35 días, todavía no hay serie diaria real con la que clasificar",,
Robert Luna,Interligas de Lima,entidad,6,7533.0,1256.0,media,SIN_DATOS_60D,"el exportador automático de GSC agrega por página sobre 35 días, todavía no hay serie diaria real con la que clasificar",,
Robert Luna,Tradición Copera,entidad,8,7466.0,933.0,media,SIN_DATOS_60D,"el exportador automático de GSC agrega por página sobre 35 días, todavía no hay serie diaria real con la que clasificar",,
Robert Luna,jugar el torneo,entidad,3,7301.0,2434.0,media,SIN_DATOS_60D,"el exportador automático de GSC agrega por página sobre 35 días, todavía no hay serie diaria real con la que clasificar",,
Robert Luna,nuevo estadio peruano,tema,5,7136.0,1427.0,media,SIN_DATOS_60D,"el exportador automático de GSC agrega por página sobre 35 días, todavía no hay serie diaria real con la que clasificar",,
Robert Luna,nuevo delantero,tema,3,7130.0,2377.0,media,SIN_DATOS_60D,"el exportador automático de GSC agrega por página sobre 35 días, todavía no hay serie diaria real con la que clasificar",,
Robert Luna,goles en solo,tema,2,7031.0,3516.0,baja,SIN_DATOS_60D,"el exportador automático de GSC agrega por página sobre 35 días, todavía no hay serie diaria real con la que clasificar",,
Robert Luna,refuerzo para el torneo,entidad,4,6938.0,1734.0,media,SIN_DATOS_60D,"el exportador automático de GSC agrega por página sobre 35 días, todavía no hay serie diaria real con la que clasificar",,
Robert Luna,refuerza para el torneo,entidad,5,6861.0,1372.0,media,SIN_DATOS_60D,"el exportador automático de GSC agrega por página sobre 35 días, todavía no hay serie diaria real con la que clasificar",,
Robert Luna,torneo de tercera,entidad,3,6830.0,2277.0,media,SIN_DATOS_60D,"el exportador automático de GSC agrega por página sobre 35 días, todavía no hay serie diaria real con la que clasificar",,
Robert Luna,nuevo refuerzo,tema,5,6793.0,1359.0,media,SIN_DATOS_60D,"el exportador automático de GSC agrega por página sobre 35 días, todavía no hay serie diaria real con la que clasificar",,
Robert Luna,Liga Departamental,entidad,12,6785.0,565.0,alta,SIN_DATOS_60D,"el exportador automático de GSC agrega por página sobre 35 días, todavía no hay serie diaria real con la que clasificar",,
Robert Luna,Fase,entidad,10,6688.0,669.0,alta,SIN_DATOS_60D,"el exportador automático de GSC agrega por página sobre 35 días, todavía no hay serie diaria real con la que clasificar",,
Robert Luna,octavos de final,tema,7,6617.0,945.0,media,SIN_DATOS_60D,"el exportador automático de GSC agrega por página sobre 35 días, todavía no hay serie diaria real con la que clasificar",,
Robert Luna,ADT de Tarma,entidad,9,6545.0,727.0,media,SIN_DATOS_60D,"el exportador automático de GSC agrega por página sobre 35 días, todavía no hay serie diaria real con la que clasificar",,
Robert Luna,eliminación de alianza,tema,2,6451.0,3226.0,baja,SIN_DATOS_60D,"el exportador automático de GSC agrega por página sobre 35 días, todavía no hay serie diaria real con la que clasificar",,
Robert Luna,refuerza para la liga,entidad,6,6434.0,1072.0,media,SIN_DATOS_60D,"el exportador automático de GSC agrega por página sobre 35 días, todavía no hay serie diaria real con la que clasificar",,
Robert Luna,León de Huánuco,entidad,4,6344.0,1586.0,media,SIN_DATOS_60D,"el exportador automático de GSC agrega por página sobre 35 días, todavía no hay serie diaria real con la que clasificar",,
Robert Luna,nuevo torneo peruano,entidad,3,6314.0,2105.0,media,SIN_DATOS_60D,"el exportador automático de GSC agrega por página sobre 35 días, todavía no hay serie diaria real con la que clasificar",,
Robert Luna,ha sido,tema,2,6295.0,3148.0,baja,SIN_DATOS_60D,"el exportador automático de GSC agrega por página sobre 35 días, todavía no hay serie diaria real con la que clasificar",,
Robert Luna,segunda vuelta,tema,4,6134.0,1534.0,media,SIN_DATOS_60D,"el exportador automático de GSC agrega por página sobre 35 días, todavía no hay serie diaria real con la que clasificar",,
Robert Luna,Keiko Fujimori y Roberto Sánchez,entidad,3,5992.0,1997.0,media,SIN_DATOS_60D,"el exportador automático de GSC agrega por página sobre 35 días, todavía no hay serie diaria real con la que clasificar",,
Robert Luna,presidencial entre keiko,tema,3,5992.0,1997.0,media,SIN_DATOS_60D,"el exportador automático de GSC agrega por página sobre 35 días, todavía no hay serie diaria real con la que clasificar",,
Robert Luna,resultados de la onpe,entidad,3,5992.0,1997.0,media,SIN_DATOS_60D,"el exportador automático de GSC agrega por página sobre 35 días, todavía no hay serie diaria real con la que clasificar",,
Robert Luna,fixture del torneo,entidad,2,5897.0,2948.0,baja,SIN_DATOS_60D,"el exportador automático de GSC agrega por página sobre 35 días, todavía no hay serie diaria real con la que clasificar",,
Robert Luna,Bolivia,entidad,3,5880.0,1960.0,media,SIN_DATOS_60D,"el exportador automático de GSC agrega por página sobre 35 días, todavía no hay serie diaria real con la que clasificar",,
Robert Luna,lima tras los resultados,entidad,4,5863.0,1466.0,media,SIN_DATOS_60D,"el exportador automático de GSC agrega por página sobre 35 días, todavía no hay serie diaria real con la que clasificar",,
Robert Luna,San Martín,entidad,3,5857.0,1952.0,media,SIN_DATOS_60D,"el exportador automático de GSC agrega por página sobre 35 días, todavía no hay serie diaria real con la que clasificar",,
Robert Luna,albergar partidos,tema,2,5797.0,2898.0,baja,SIN_DATOS_60D,"el exportador automático de GSC agrega por página sobre 35 días, todavía no hay serie diaria real con la que clasificar",,
Robert Luna,jugar la liga,entidad,4,5621.0,1405.0,media,SIN_DATOS_60D,"el exportador automático de GSC agrega por página sobre 35 días, todavía no hay serie diaria real con la que clasificar",,
Robert Luna,Universitario,entidad,6,5589.0,932.0,media,SIN_DATOS_60D,"el exportador automático de GSC agrega por página sobre 35 días, todavía no hay serie diaria real con la que clasificar",,
Robert Luna,Dianderas,entidad,5,5513.0,1103.0,media,SIN_DATOS_60D,"el exportador automático de GSC agrega por página sobre 35 días, todavía no hay serie diaria real con la que clasificar",,
Robert Luna,fase de la liga,entidad,10,5323.0,532.0,alta,SIN_DATOS_60D,"el exportador automático de GSC agrega por página sobre 35 días, todavía no hay serie diaria real con la que clasificar",,
Robert Luna,cerro de pasco,entidad,3,5321.0,1774.0,media,SIN_DATOS_60D,"el exportador automático de GSC agrega por página sobre 35 días, todavía no hay serie diaria real con la que clasificar",,
Robert Luna,nuevo refuerzo extranjero,tema,2,5249.0,2624.0,baja,SIN_DATOS_60D,"el exportador automático de GSC agrega por página sobre 35 días, todavía no hay serie diaria real con la que clasificar",,
Robert Luna,equipos históricos,tema,3,5224.0,1741.0,media,SIN_DATOS_60D,"el exportador automático de GSC agrega por página sobre 35 días, todavía no hay serie diaria real con la que clasificar",,
Robert Luna,partidos de ida,tema,10,5080.0,508.0,alta,SIN_DATOS_60D,"el exportador automático de GSC agrega por página sobre 35 días, todavía no hay serie diaria real con la que clasificar",,
Robert Luna,Fase del Interligas de Lima,entidad,5,4998.0,1000.0,media,SIN_DATOS_60D,"el exportador automático de GSC agrega por página sobre 35 días, todavía no hay serie diaria real con la que clasificar",,
Robert Luna,puertas a la liga,entidad,2,4833.0,2416.0,baja,SIN_DATOS_60D,"el exportador automático de GSC agrega por página sobre 35 días, todavía no hay serie diaria real con la que clasificar",,
Robert Luna,copa perú las llaves,entidad,3,4820.0,1607.0,media,SIN_DATOS_60D,"el exportador automático de GSC agrega por página sobre 35 días, todavía no hay serie diaria real con la que clasificar",,
Robert Luna,popular club,tema,2,4802.0,2401.0,baja,SIN_DATOS_60D,"el exportador automático de GSC agrega por página sobre 35 días, todavía no hay serie diaria real con la que clasificar",,
Robert Luna,dos equipos,tema,4,4790.0,1198.0,media,SIN_DATOS_60D,"el exportador automático de GSC agrega por página sobre 35 días, todavía no hay serie diaria real con la que clasificar",,
Robert Luna,histórico campeón,tema,2,4725.0,2362.0,baja,SIN_DATOS_60D,"el exportador automático de GSC agrega por página sobre 35 días, todavía no hay serie diaria real con la que clasificar",,
Robert Luna,inesperado destino,tema,2,4644.0,2322.0,baja,SIN_DATOS_60D,"el exportador automático de GSC agrega por página sobre 35 días, todavía no hay serie diaria real con la que clasificar",,
Robert Luna,Atlético Atenea,entidad,2,4641.0,2320.0,baja,SIN_DATOS_60D,"el exportador automático de GSC agrega por página sobre 35 días, todavía no hay serie diaria real con la que clasificar",,
Robert Luna,Atlético Grau,entidad,4,4536.0,1134.0,media,SIN_DATOS_60D,"el exportador automático de GSC agrega por página sobre 35 días, todavía no hay serie diaria real con la que clasificar",,
Robert Luna,extranjero para la liga,entidad,4,4531.0,1133.0,media,SIN_DATOS_60D,"el exportador automático de GSC agrega por página sobre 35 días, todavía no hay serie diaria real con la que clasificar",,
Robert Luna,Daniel Alcides Carrión,entidad,3,4449.0,1483.0,media,SIN_DATOS_60D,"el exportador automático de GSC agrega por página sobre 35 días, todavía no hay serie diaria real con la que clasificar",,
Robert Luna,vuelta de la fase,entidad,4,4340.0,1085.0,media,SIN_DATOS_60D,"el exportador automático de GSC agrega por página sobre 35 días, todavía no hay serie diaria real con la que clasificar",,
Robert Luna,liga cuándo,entidad,2,4286.0,2143.0,baja,SIN_DATOS_60D,"el exportador automático de GSC agrega por página sobre 35 días, todavía no hay serie diaria real con la que clasificar",,
Robert Luna,Juan Reynoso,entidad,3,4219.0,1406.0,media,SIN_DATOS_60D,"el exportador automático de GSC agrega por página sobre 35 días, todavía no hay serie diaria real con la que clasificar",,
Robert Luna,FIFA,entidad,6,4191.0,698.0,media,SIN_DATOS_60D,"el exportador automático de GSC agrega por página sobre 35 días, todavía no hay serie diaria real con la que clasificar",,
Robert Luna,Unión Minas,entidad,7,4170.0,596.0,media,SIN_DATOS_60D,"el exportador automático de GSC agrega por página sobre 35 días, todavía no hay serie diaria real con la que clasificar",,
Robert Luna,Paolo Guerrero,entidad,7,4126.0,589.0,media,SIN_DATOS_60D,"el exportador automático de GSC agrega por página sobre 35 días, todavía no hay serie diaria real con la que clasificar",,
Robert Luna,liga luego,entidad,2,4087.0,2044.0,baja,SIN_DATOS_60D,"el exportador automático de GSC agrega por página sobre 35 días, todavía no hay serie diaria real con la que clasificar",,
Robert Luna,copa perú el primer,entidad,3,4085.0,1362.0,media,SIN_DATOS_60D,"el exportador automático de GSC agrega por página sobre 35 días, todavía no hay serie diaria real con la que clasificar",,
Robert Luna,Ignacio Buse,entidad,8,4070.0,509.0,media,SIN_DATOS_60D,"el exportador automático de GSC agrega por página sobre 35 días, todavía no hay serie diaria real con la que clasificar",,
Robert Luna,conteo rápido,tema,2,4033.0,2016.0,baja,SIN_DATOS_60D,"el exportador automático de GSC agrega por página sobre 35 días, todavía no hay serie diaria real con la que clasificar",,
Robert Luna,Christian Cueva,entidad,3,4021.0,1340.0,media,SIN_DATOS_60D,"el exportador automático de GSC agrega por página sobre 35 días, todavía no hay serie diaria real con la que clasificar",,
Robert Luna,Copa de la Liga,entidad,4,3943.0,986.0,media,SIN_DATOS_60D,"el exportador automático de GSC agrega por página sobre 35 días, todavía no hay serie diaria real con la que clasificar",,
Robert Luna,primer triunfo,tema,4,3933.0,983.0,media,SIN_DATOS_60D,"el exportador automático de GSC agrega por página sobre 35 días, todavía no hay serie diaria real con la que clasificar",,
Robert Luna,generales conteo,tema,4,3864.0,966.0,media,SIN_DATOS_60D,"el exportador automático de GSC agrega por página sobre 35 días, todavía no hay serie diaria real con la que clasificar",,
Robert Luna,votos de la onpe,entidad,4,3864.0,966.0,media,SIN_DATOS_60D,"el exportador automático de GSC agrega por página sobre 35 días, todavía no hay serie diaria real con la que clasificar",,
Robert Luna,resta de puntos,tema,3,3855.0,1285.0,media,SIN_DATOS_60D,"el exportador automático de GSC agrega por página sobre 35 días, todavía no hay serie diaria real con la que clasificar",,
Robert Luna,Mano Menezes,entidad,6,3839.0,640.0,media,SIN_DATOS_60D,"el exportador automático de GSC agrega por página sobre 35 días, todavía no hay serie diaria real con la que clasificar",,
Robert Luna,Deportivo Moquegua,entidad,5,3831.0,766.0,media,SIN_DATOS_60D,"el exportador automático de GSC agrega por página sobre 35 días, todavía no hay serie diaria real con la que clasificar",,
Robert Luna,Tribunal Constitucional,entidad,3,3830.0,1277.0,media,SIN_DATOS_60D,"el exportador automático de GSC agrega por página sobre 35 días, todavía no hay serie diaria real con la que clasificar",,
Robert Luna,cinco primeros,tema,2,3816.0,1908.0,baja,SIN_DATOS_60D,"el exportador automático de GSC agrega por página sobre 35 días, todavía no hay serie diaria real con la que clasificar",,
Robert Luna,copa perú histórico,entidad,2,3752.0,1876.0,baja,SIN_DATOS_60D,"el exportador automático de GSC agrega por página sobre 35 días, todavía no hay serie diaria real con la que clasificar",,
Robert Luna,DATUM,entidad,6,3707.0,618.0,media,SIN_DATOS_60D,"el exportador automático de GSC agrega por página sobre 35 días, todavía no hay serie diaria real con la que clasificar",,
Robert Luna,Regatas Lima,entidad,2,3699.0,1850.0,baja,SIN_DATOS_60D,"el exportador automático de GSC agrega por página sobre 35 días, todavía no hay serie diaria real con la que clasificar",,
Robert Luna,fecha y tabla,tema,3,3653.0,1218.0,media,SIN_DATOS_60D,"el exportador automático de GSC agrega por página sobre 35 días, todavía no hay serie diaria real con la que clasificar",,
Robert Luna,Liga y Copa Sudamericana,entidad,4,3642.0,910.0,media,SIN_DATOS_60D,"el exportador automático de GSC agrega por página sobre 35 días, todavía no hay serie diaria real con la que clasificar",,
Robert Luna,primeros refuerzos,tema,3,3640.0,1213.0,media,SIN_DATOS_60D,"el exportador automático de GSC agrega por página sobre 35 días, todavía no hay serie diaria real con la que clasificar",,
Robert Luna,histórico club,tema,2,3607.0,1804.0,baja,SIN_DATOS_60D,"el exportador automático de GSC agrega por página sobre 35 días, todavía no hay serie diaria real con la que clasificar",,
Robert Luna,Unión Comercio,entidad,3,3593.0,1198.0,media,SIN_DATOS_60D,"el exportador automático de GSC agrega por página sobre 35 días, todavía no hay serie diaria real con la que clasificar",,
Robert Luna,Carlos Zambrano,entidad,3,3587.0,1196.0,media,SIN_DATOS_60D,"el exportador automático de GSC agrega por página sobre 35 días, todavía no hay serie diaria real con la que clasificar",,
Robert Luna,mercado de pases,tema,2,3559.0,1780.0,baja,SIN_DATOS_60D,"el exportador automático de GSC agrega por página sobre 35 días, todavía no hay serie diaria real con la que clasificar",,
Robert Luna,Argentina,entidad,6,3507.0,584.0,media,SIN_DATOS_60D,"el exportador automático de GSC agrega por página sobre 35 días, todavía no hay serie diaria real con la que clasificar",,
Robert Luna,tradicional club,tema,3,3398.0,1133.0,media,SIN_DATOS_60D,"el exportador automático de GSC agrega por página sobre 35 días, todavía no hay serie diaria real con la que clasificar",,
Robert Luna,tablas de posiciones,tema,6,3346.0,558.0,media,SIN_DATOS_60D,"el exportador automático de GSC agrega por página sobre 35 días, todavía no hay serie diaria real con la que clasificar",,
Robert Luna,utc de cajamarca suma,entidad,2,3341.0,1670.0,baja,SIN_DATOS_60D,"el exportador automático de GSC agrega por página sobre 35 días, todavía no hay serie diaria real con la que clasificar",,
Robert Luna,mayor tradición,tema,2,3335.0,1668.0,baja,SIN_DATOS_60D,"el exportador automático de GSC agrega por página sobre 35 días, todavía no hay serie diaria real con la que clasificar",,
Robert Luna,Torneo Apertura de la Liga,entidad,7,3307.0,472.0,media,SIN_DATOS_60D,"el exportador automático de GSC agrega por página sobre 35 días, todavía no hay serie diaria real con la que clasificar",,
Robert Luna,nuevo campeón,tema,3,3223.0,1074.0,media,SIN_DATOS_60D,"el exportador automático de GSC agrega por página sobre 35 días, todavía no hay serie diaria real con la que clasificar",,
Robert Luna,Liga Departamental de Ica,entidad,3,3182.0,1061.0,media,SIN_DATOS_60D,"el exportador automático de GSC agrega por página sobre 35 días, todavía no hay serie diaria real con la que clasificar",,
Robert Luna,Javier Rabanal,entidad,4,3171.0,793.0,media,SIN_DATOS_60D,"el exportador automático de GSC agrega por página sobre 35 días, todavía no hay serie diaria real con la que clasificar",,
Robert Luna,uno de sus jugadores,tema,2,3143.0,1572.0,baja,SIN_DATOS_60D,"el exportador automático de GSC agrega por página sobre 35 días, todavía no hay serie diaria real con la que clasificar",,
Robert Luna,equipo de jorge,tema,4,3126.0,782.0,media,SIN_DATOS_60D,"el exportador automático de GSC agrega por página sobre 35 días, todavía no hay serie diaria real con la que clasificar",,
Robert Luna,Atlético Torino de Talara,entidad,5,3112.0,622.0,media,SIN_DATOS_60D,"el exportador automático de GSC agrega por página sobre 35 días, todavía no hay serie diaria real con la que clasificar",,
Robert Luna,copa perú los resultados,entidad,13,3071.0,236.0,alta,SIN_DATOS_60D,"el exportador automático de GSC agrega por página sobre 35 días, todavía no hay serie diaria real con la que clasificar",,
Robert Luna,tres clasificados,tema,3,3062.0,1021.0,media,SIN_DATOS_60D,"el exportador automático de GSC agrega por página sobre 35 días, todavía no hay serie diaria real con la que clasificar",,
Robert Luna,bajas renovaciones,tema,4,3054.0,764.0,media,SIN_DATOS_60D,"el exportador automático de GSC agrega por página sobre 35 días, todavía no hay serie diaria real con la que clasificar",,
Robert Luna,rumores para la liga,entidad,4,3054.0,764.0,media,SIN_DATOS_60D,"el exportador automático de GSC agrega por página sobre 35 días, todavía no hay serie diaria real con la que clasificar",,
Robert Luna,Liga Provincial de Chiclayo,entidad,3,3049.0,1016.0,media,SIN_DATOS_60D,"el exportador automático de GSC agrega por página sobre 35 días, todavía no hay serie diaria real con la que clasificar",,
Robert Luna,Guillermo Viscarra,entidad,3,3001.0,1000.0,media,SIN_DATOS_60D,"el exportador automático de GSC agrega por página sobre 35 días, todavía no hay serie diaria real con la que clasificar",,
Robert Luna,tendría nuevo,tema,2,2966.0,1483.0,baja,SIN_DATOS_60D,"el exportador automático de GSC agrega por página sobre 35 días, todavía no hay serie diaria real con la que clasificar",,
Robert Luna,fase de grupos,entidad,3,2961.0,987.0,media,SIN_DATOS_60D,"el exportador automático de GSC agrega por página sobre 35 días, todavía no hay serie diaria real con la que clasificar",,
Robert Luna,Deportivo Garcilaso,entidad,4,2956.0,739.0,media,SIN_DATOS_60D,"el exportador automático de GSC agrega por página sobre 35 días, todavía no hay serie diaria real con la que clasificar",,
Robert Luna,fecha y horario,tema,2,2946.0,1473.0,baja,SIN_DATOS_60D,"el exportador automático de GSC agrega por página sobre 35 días, todavía no hay serie diaria real con la que clasificar",,
Robert Luna,Cerro Porteño,entidad,2,2929.0,1464.0,baja,SIN_DATOS_60D,"el exportador automático de GSC agrega por página sobre 35 días, todavía no hay serie diaria real con la que clasificar",,
Robert Luna,volverá a jugar,tema,2,2903.0,1452.0,baja,SIN_DATOS_60D,"el exportador automático de GSC agrega por página sobre 35 días, todavía no hay serie diaria real con la que clasificar",,
Robert Luna,Liga Departamental de Cusco,entidad,10,2899.0,290.0,alta,SIN_DATOS_60D,"el exportador automático de GSC agrega por página sobre 35 días, todavía no hay serie diaria real con la que clasificar",,
Robert Luna,ida de la fase,entidad,8,2883.0,360.0,media,SIN_DATOS_60D,"el exportador automático de GSC agrega por página sobre 35 días, todavía no hay serie diaria real con la que clasificar",,
Robert Luna,Liga Distrital de Trujillo,entidad,8,2879.0,360.0,media,SIN_DATOS_60D,"el exportador automático de GSC agrega por página sobre 35 días, todavía no hay serie diaria real con la que clasificar",,
Robert Luna,liga provincial,entidad,7,2820.0,403.0,media,SIN_DATOS_60D,"el exportador automático de GSC agrega por página sobre 35 días, todavía no hay serie diaria real con la que clasificar",,
Robert Luna,liga con futbolista,entidad,2,2809.0,1404.0,baja,SIN_DATOS_60D,"el exportador automático de GSC agrega por página sobre 35 días, todavía no hay serie diaria real con la que clasificar",,
Robert Luna,binacional vuelve,entidad,2,2806.0,1403.0,baja,SIN_DATOS_60D,"el exportador automático de GSC agrega por página sobre 35 días, todavía no hay serie diaria real con la que clasificar",,
Robert Luna,vuelve a la liga,entidad,2,2806.0,1403.0,baja,SIN_DATOS_60D,"el exportador automático de GSC agrega por página sobre 35 días, todavía no hay serie diaria real con la que clasificar",,
Robert Luna,llaves de la fase,entidad,3,2707.0,902.0,media,SIN_DATOS_60D,"el exportador automático de GSC agrega por página sobre 35 días, todavía no hay serie diaria real con la que clasificar",,
Robert Luna,posiciones de la liga,entidad,2,2695.0,1348.0,baja,SIN_DATOS_60D,"el exportador automático de GSC agrega por página sobre 35 días, todavía no hay serie diaria real con la que clasificar",,
Robert Luna,Liga Departamental de Piura,entidad,8,2682.0,335.0,media,SIN_DATOS_60D,"el exportador automático de GSC agrega por página sobre 35 días, todavía no hay serie diaria real con la que clasificar",,
Robert Luna,provincial de piura,entidad,10,2666.0,267.0,alta,SIN_DATOS_60D,"el exportador automático de GSC agrega por página sobre 35 días, todavía no hay serie diaria real con la que clasificar",,
Robert Luna,VAR,entidad,4,2656.0,664.0,media,SIN_DATOS_60D,"el exportador automático de GSC agrega por página sobre 35 días, todavía no hay serie diaria real con la que clasificar",,
Robert Luna,Sport Áncash,entidad,7,2652.0,379.0,media,SIN_DATOS_60D,"el exportador automático de GSC agrega por página sobre 35 días, todavía no hay serie diaria real con la que clasificar",,
Robert Luna,liga clubes,entidad,3,2649.0,883.0,media,SIN_DATOS_60D,"el exportador automático de GSC agrega por página sobre 35 días, todavía no hay serie diaria real con la que clasificar",,
Robert Luna,tradicional club peruano,tema,2,2644.0,1322.0,baja,SIN_DATOS_60D,"el exportador automático de GSC agrega por página sobre 35 días, todavía no hay serie diaria real con la que clasificar",,
Robert Luna,Copa Sudamericana,entidad,8,2642.0,330.0,media,SIN_DATOS_60D,"el exportador automático de GSC agrega por página sobre 35 días, todavía no hay serie diaria real con la que clasificar",,
Robert Luna,tres primeros,tema,2,2616.0,1308.0,baja,SIN_DATOS_60D,"el exportador automático de GSC agrega por página sobre 35 días, todavía no hay serie diaria real con la que clasificar",,
Robert Luna,acumulada de la liga,entidad,2,2589.0,1294.0,baja,SIN_DATOS_60D,"el exportador automático de GSC agrega por página sobre 35 días, todavía no hay serie diaria real con la que clasificar",,
Robert Luna,liga tras la resta,entidad,2,2589.0,1294.0,baja,SIN_DATOS_60D,"el exportador automático de GSC agrega por página sobre 35 días, todavía no hay serie diaria real con la que clasificar",,
Robert Luna,tabla acumulada,tema,2,2589.0,1294.0,baja,SIN_DATOS_60D,"el exportador automático de GSC agrega por página sobre 35 días, todavía no hay serie diaria real con la que clasificar",,
Robert Luna,cajamarca se refuerza,tema,2,2578.0,1289.0,baja,SIN_DATOS_60D,"el exportador automático de GSC agrega por página sobre 35 días, todavía no hay serie diaria real con la que clasificar",,
Robert Luna,copa perú programación,entidad,4,2572.0,643.0,media,SIN_DATOS_60D,"el exportador automático de GSC agrega por página sobre 35 días, todavía no hay serie diaria real con la que clasificar",,
Robert Luna,Roland Garros,entidad,2,2564.0,1282.0,baja,SIN_DATOS_60D,"el exportador automático de GSC agrega por página sobre 35 días, todavía no hay serie diaria real con la que clasificar",,
Robert Luna,debut en la copa,entidad,2,2533.0,1266.0,baja,SIN_DATOS_60D,"el exportador automático de GSC agrega por página sobre 35 días, todavía no hay serie diaria real con la que clasificar",,
Robert Luna,Libertad,entidad,8,2520.0,315.0,media,SIN_DATOS_60D,"el exportador automático de GSC agrega por página sobre 35 días, todavía no hay serie diaria real con la que clasificar",,
Robert Luna,Binacional,entidad,2,2480.0,1240.0,baja,SIN_DATOS_60D,"el exportador automático de GSC agrega por página sobre 35 días, todavía no hay serie diaria real con la que clasificar",,
Robert Luna,Alianza Atlético,entidad,4,2431.0,608.0,media,SIN_DATOS_60D,"el exportador automático de GSC agrega por página sobre 35 días, todavía no hay serie diaria real con la que clasificar",,
Robert Luna,Sekou Gassama,entidad,3,2428.0,809.0,media,SIN_DATOS_60D,"el exportador automático de GSC agrega por página sobre 35 días, todavía no hay serie diaria real con la que clasificar",,
Robert Luna,pleno torneo,entidad,3,2424.0,808.0,media,SIN_DATOS_60D,"el exportador automático de GSC agrega por página sobre 35 días, todavía no hay serie diaria real con la que clasificar",,
Robert Luna,Hernán Barcos,entidad,2,2414.0,1207.0,baja,SIN_DATOS_60D,"el exportador automático de GSC agrega por página sobre 35 días, todavía no hay serie diaria real con la que clasificar",,
Robert Luna,fecha horario,tema,2,2391.0,1196.0,baja,SIN_DATOS_60D,"el exportador automático de GSC agrega por página sobre 35 días, todavía no hay serie diaria real con la que clasificar",,
Robert Luna,llaves confirmadas,tema,2,2380.0,1190.0,baja,SIN_DATOS_60D,"el exportador automático de GSC agrega por página sobre 35 días, todavía no hay serie diaria real con la que clasificar",,
Robert Luna,Liga Departamental de Áncash,entidad,6,2376.0,396.0,media,SIN_DATOS_60D,"el exportador automático de GSC agrega por página sobre 35 días, todavía no hay serie diaria real con la que clasificar",,
Robert Luna,Miguel Trauco,entidad,2,2368.0,1184.0,baja,SIN_DATOS_60D,"el exportador automático de GSC agrega por página sobre 35 días, todavía no hay serie diaria real con la que clasificar",,
Robert Luna,grupos de la copa,entidad,2,2364.0,1182.0,baja,SIN_DATOS_60D,"el exportador automático de GSC agrega por página sobre 35 días, todavía no hay serie diaria real con la que clasificar",,
Robert Luna,lima vs,entidad,4,2361.0,590.0,media,SIN_DATOS_60D,"el exportador automático de GSC agrega por página sobre 35 días, todavía no hay serie diaria real con la que clasificar",,
Robert Luna,abrirá sus puertas,tema,2,2351.0,1176.0,baja,SIN_DATOS_60D,"el exportador automático de GSC agrega por página sobre 35 días, todavía no hay serie diaria real con la que clasificar",,
Robert Luna,Ipsos,entidad,3,2324.0,775.0,media,SIN_DATOS_60D,"el exportador automático de GSC agrega por página sobre 35 días, todavía no hay serie diaria real con la que clasificar",,
Robert Luna,jugar en el torneo,entidad,2,2319.0,1160.0,baja,SIN_DATOS_60D,"el exportador automático de GSC agrega por página sobre 35 días, todavía no hay serie diaria real con la que clasificar",,
Robert Luna,inicio de la liga,entidad,6,2285.0,381.0,media,SIN_DATOS_60D,"el exportador automático de GSC agrega por página sobre 35 días, todavía no hay serie diaria real con la que clasificar",,
Robert Luna,UTC,entidad,2,2285.0,1142.0,baja,SIN_DATOS_60D,"el exportador automático de GSC agrega por página sobre 35 días, todavía no hay serie diaria real con la que clasificar",,
Robert Luna,entrenador que reemplazará,tema,2,2267.0,1134.0,baja,SIN_DATOS_60D,"el exportador automático de GSC agrega por página sobre 35 días, todavía no hay serie diaria real con la que clasificar",,
Robert Luna,afrontar la liga,entidad,2,2262.0,1131.0,baja,SIN_DATOS_60D,"el exportador automático de GSC agrega por página sobre 35 días, todavía no hay serie diaria real con la que clasificar",,
Robert Luna,Arequipa,entidad,4,2257.0,564.0,media,SIN_DATOS_60D,"el exportador automático de GSC agrega por página sobre 35 días, todavía no hay serie diaria real con la que clasificar",,
Robert Luna,haber sido,tema,2,2239.0,1120.0,baja,SIN_DATOS_60D,"el exportador automático de GSC agrega por página sobre 35 días, todavía no hay serie diaria real con la que clasificar",,
Robert Luna,toma drástica,tema,2,2239.0,1120.0,baja,SIN_DATOS_60D,"el exportador automático de GSC agrega por página sobre 35 días, todavía no hay serie diaria real con la que clasificar",,
Robert Luna,complica en el torneo,entidad,2,2229.0,1114.0,baja,SIN_DATOS_60D,"el exportador automático de GSC agrega por página sobre 35 días, todavía no hay serie diaria real con la que clasificar",,
Robert Luna,canales los transmitirán,tema,12,2227.0,186.0,alta,SIN_DATOS_60D,"el exportador automático de GSC agrega por página sobre 35 días, todavía no hay serie diaria real con la que clasificar",,
Robert Luna,mundial se jugarán,tema,12,2227.0,186.0,alta,SIN_DATOS_60D,"el exportador automático de GSC agrega por página sobre 35 días, todavía no hay serie diaria real con la que clasificar",,
Robert Luna,partidos del mundial,tema,12,2227.0,186.0,alta,SIN_DATOS_60D,"el exportador automático de GSC agrega por página sobre 35 días, todavía no hay serie diaria real con la que clasificar",,
Robert Luna,Eliminatorias,entidad,4,2221.0,555.0,media,SIN_DATOS_60D,"el exportador automático de GSC agrega por página sobre 35 días, todavía no hay serie diaria real con la que clasificar",,
Robert Luna,Liga Nacional de Vóley,entidad,2,2211.0,1106.0,baja,SIN_DATOS_60D,"el exportador automático de GSC agrega por página sobre 35 días, todavía no hay serie diaria real con la que clasificar",,
Robert Luna,campeón peruano,tema,3,2207.0,736.0,media,SIN_DATOS_60D,"el exportador automático de GSC agrega por página sobre 35 días, todavía no hay serie diaria real con la que clasificar",,
Robert Luna,extranjero para el torneo,entidad,3,2185.0,728.0,media,SIN_DATOS_60D,"el exportador automático de GSC agrega por página sobre 35 días, todavía no hay serie diaria real con la que clasificar",,
Robert Luna,fecha del torneo clausura,entidad,2,2172.0,1086.0,baja,SIN_DATOS_60D,"el exportador automático de GSC agrega por página sobre 35 días, todavía no hay serie diaria real con la que clasificar",,
Robert Luna,toma firme,tema,2,2169.0,1084.0,baja,SIN_DATOS_60D,"el exportador automático de GSC agrega por página sobre 35 días, todavía no hay serie diaria real con la que clasificar",,
Robert Luna,mundial llaves,tema,2,2163.0,1082.0,baja,SIN_DATOS_60D,"el exportador automático de GSC agrega por página sobre 35 días, todavía no hay serie diaria real con la que clasificar",,
Robert Luna,clubes peruanos,tema,2,2159.0,1080.0,baja,SIN_DATOS_60D,"el exportador automático de GSC agrega por página sobre 35 días, todavía no hay serie diaria real con la que clasificar",,
Robert Luna,equipos del interligas,tema,2,2156.0,1078.0,baja,SIN_DATOS_60D,"el exportador automático de GSC agrega por página sobre 35 días, todavía no hay serie diaria real con la que clasificar",,
Robert Luna,sorteo del fixture,tema,2,2143.0,1072.0,baja,SIN_DATOS_60D,"el exportador automático de GSC agrega por página sobre 35 días, todavía no hay serie diaria real con la que clasificar",,
Robert Luna,clasificado a la etapa,tema,5,2118.0,424.0,media,SIN_DATOS_60D,"el exportador automático de GSC agrega por página sobre 35 días, todavía no hay serie diaria real con la que clasificar",,
Robert Luna,Álvaro Barco,entidad,3,2114.0,705.0,media,SIN_DATOS_60D,"el exportador automático de GSC agrega por página sobre 35 días, todavía no hay serie diaria real con la que clasificar",,
Robert Luna,Adrián Quiroz,entidad,2,2112.0,1056.0,baja,SIN_DATOS_60D,"el exportador automático de GSC agrega por página sobre 35 días, todavía no hay serie diaria real con la que clasificar",,
Robert Luna,metros sobre el nivel,tema,2,2107.0,1054.0,baja,SIN_DATOS_60D,"el exportador automático de GSC agrega por página sobre 35 días, todavía no hay serie diaria real con la que clasificar",,
Robert Luna,mil metros,tema,2,2107.0,1054.0,baja,SIN_DATOS_60D,"el exportador automático de GSC agrega por página sobre 35 días, todavía no hay serie diaria real con la que clasificar",,
Robert Luna,nivel del mar,tema,2,2107.0,1054.0,baja,SIN_DATOS_60D,"el exportador automático de GSC agrega por página sobre 35 días, todavía no hay serie diaria real con la que clasificar",,
Robert Luna,fallo del tribunal,tema,2,2097.0,1048.0,baja,SIN_DATOS_60D,"el exportador automático de GSC agrega por página sobre 35 días, todavía no hay serie diaria real con la que clasificar",,
Robert Luna,bajas y rumores,tema,3,2093.0,698.0,media,SIN_DATOS_60D,"el exportador automático de GSC agrega por página sobre 35 días, todavía no hay serie diaria real con la que clasificar",,
Robert Luna,rumores para el torneo,entidad,3,2093.0,698.0,media,SIN_DATOS_60D,"el exportador automático de GSC agrega por página sobre 35 días, todavía no hay serie diaria real con la que clasificar",,
Robert Luna,copa perú equipo,entidad,2,2075.0,1038.0,baja,SIN_DATOS_60D,"el exportador automático de GSC agrega por página sobre 35 días, todavía no hay serie diaria real con la que clasificar",,
Robert Luna,situación contractual,tema,2,2044.0,1022.0,baja,SIN_DATOS_60D,"el exportador automático de GSC agrega por página sobre 35 días, todavía no hay serie diaria real con la que clasificar",,
Robert Luna,querer destruir,tema,2,2038.0,1019.0,baja,SIN_DATOS_60D,"el exportador automático de GSC agrega por página sobre 35 días, todavía no hay serie diaria real con la que clasificar",,
Robert Luna,copa perú los tres,entidad,2,2029.0,1014.0,baja,SIN_DATOS_60D,"el exportador automático de GSC agrega por página sobre 35 días, todavía no hay serie diaria real con la que clasificar",,
Robert Luna,primera fase,entidad,3,2029.0,676.0,media,SIN_DATOS_60D,"el exportador automático de GSC agrega por página sobre 35 días, todavía no hay serie diaria real con la que clasificar",,
Robert Luna,copa perú los grupos,entidad,2,2022.0,1011.0,baja,SIN_DATOS_60D,"el exportador automático de GSC agrega por página sobre 35 días, todavía no hay serie diaria real con la que clasificar",,
Robert Luna,campeón de la copa,entidad,2,2008.0,1004.0,baja,SIN_DATOS_60D,"el exportador automático de GSC agrega por página sobre 35 días, todavía no hay serie diaria real con la que clasificar",,
Robert Luna,lima toma,entidad,2,2008.0,1004.0,baja,SIN_DATOS_60D,"el exportador automático de GSC agrega por página sobre 35 días, todavía no hay serie diaria real con la que clasificar",,
Robert Luna,cuadrangular final,tema,3,2005.0,668.0,media,SIN_DATOS_60D,"el exportador automático de GSC agrega por página sobre 35 días, todavía no hay serie diaria real con la que clasificar",,
Robert Luna,Venezuela,entidad,4,1989.0,497.0,media,SIN_DATOS_60D,"el exportador automático de GSC agrega por página sobre 35 días, todavía no hay serie diaria real con la que clasificar",,
Robert Luna,Liga y la Copa Sudamericana,entidad,2,1988.0,994.0,baja,SIN_DATOS_60D,"el exportador automático de GSC agrega por página sobre 35 días, todavía no hay serie diaria real con la que clasificar",,
Robert Luna,dos clubes,tema,2,1983.0,992.0,baja,SIN_DATOS_60D,"el exportador automático de GSC agrega por página sobre 35 días, todavía no hay serie diaria real con la que clasificar",,
Robert Luna,dos refuerzos,tema,2,1981.0,990.0,baja,SIN_DATOS_60D,"el exportador automático de GSC agrega por página sobre 35 días, todavía no hay serie diaria real con la que clasificar",,
Robert Luna,otros dos,tema,2,1954.0,977.0,baja,SIN_DATOS_60D,"el exportador automático de GSC agrega por página sobre 35 días, todavía no hay serie diaria real con la que clasificar",,
Robert Luna,ii se refuerza,tema,2,1944.0,972.0,baja,SIN_DATOS_60D,"el exportador automático de GSC agrega por página sobre 35 días, todavía no hay serie diaria real con la que clasificar",,
Robert Luna,programación de los partidos,tema,3,1922.0,641.0,media,SIN_DATOS_60D,"el exportador automático de GSC agrega por página sobre 35 días, todavía no hay serie diaria real con la que clasificar",,
Robert Luna,expulsados del torneo,entidad,2,1904.0,952.0,baja,SIN_DATOS_60D,"el exportador automático de GSC agrega por página sobre 35 días, todavía no hay serie diaria real con la que clasificar",,
Robert Luna,hinchas de alianza,tema,2,1898.0,949.0,baja,SIN_DATOS_60D,"el exportador automático de GSC agrega por página sobre 35 días, todavía no hay serie diaria real con la que clasificar",,
Robert Luna,situación de pablo,tema,2,1885.0,942.0,baja,SIN_DATOS_60D,"el exportador automático de GSC agrega por página sobre 35 días, todavía no hay serie diaria real con la que clasificar",,
Robert Luna,Atlético Torino,entidad,7,1880.0,269.0,media,SIN_DATOS_60D,"el exportador automático de GSC agrega por página sobre 35 días, todavía no hay serie diaria real con la que clasificar",,
Robert Luna,refuerza con jugador,tema,2,1872.0,936.0,baja,SIN_DATOS_60D,"el exportador automático de GSC agrega por página sobre 35 días, todavía no hay serie diaria real con la que clasificar",,
Robert Luna,Ecosem Pasco,entidad,2,1863.0,932.0,baja,SIN_DATOS_60D,"el exportador automático de GSC agrega por página sobre 35 días, todavía no hay serie diaria real con la que clasificar",,
Robert Luna,Yanapuma,entidad,3,1861.0,620.0,media,SIN_DATOS_60D,"el exportador automático de GSC agrega por página sobre 35 días, todavía no hay serie diaria real con la que clasificar",,
Robert Luna,Sport Huancayo,entidad,3,1859.0,620.0,media,SIN_DATOS_60D,"el exportador automático de GSC agrega por página sobre 35 días, todavía no hay serie diaria real con la que clasificar",,
Robert Luna,Alianza Atlético de Sullana,entidad,2,1852.0,926.0,baja,SIN_DATOS_60D,"el exportador automático de GSC agrega por página sobre 35 días, todavía no hay serie diaria real con la que clasificar",,
Robert Luna,Paulo Autuori,entidad,3,1831.0,610.0,media,SIN_DATOS_60D,"el exportador automático de GSC agrega por página sobre 35 días, todavía no hay serie diaria real con la que clasificar",,
Robert Luna,River Plate,entidad,3,1822.0,607.0,media,SIN_DATOS_60D,"el exportador automático de GSC agrega por página sobre 35 días, todavía no hay serie diaria real con la que clasificar",,
Robert Luna,estadio en la liga,entidad,2,1810.0,905.0,baja,SIN_DATOS_60D,"el exportador automático de GSC agrega por página sobre 35 días, todavía no hay serie diaria real con la que clasificar",,
Robert Luna,Liga y Copa Libertadores,entidad,2,1797.0,898.0,baja,SIN_DATOS_60D,"el exportador automático de GSC agrega por página sobre 35 días, todavía no hay serie diaria real con la que clasificar",,
Robert Luna,mudarse en la liga,entidad,2,1778.0,889.0,baja,SIN_DATOS_60D,"el exportador automático de GSC agrega por página sobre 35 días, todavía no hay serie diaria real con la que clasificar",,
Robert Luna,acerca a la etapa,tema,3,1771.0,590.0,media,SIN_DATOS_60D,"el exportador automático de GSC agrega por página sobre 35 días, todavía no hay serie diaria real con la que clasificar",,
Robert Luna,Liga Distrital de Chiclayo,entidad,7,1762.0,252.0,media,SIN_DATOS_60D,"el exportador automático de GSC agrega por página sobre 35 días, todavía no hay serie diaria real con la que clasificar",,
Robert Luna,Sudamericano,entidad,3,1759.0,586.0,media,SIN_DATOS_60D,"el exportador automático de GSC agrega por página sobre 35 días, todavía no hay serie diaria real con la que clasificar",,
Robert Luna,FPF,entidad,3,1757.0,586.0,media,SIN_DATOS_60D,"el exportador automático de GSC agrega por página sobre 35 días, todavía no hay serie diaria real con la que clasificar",,
Robert Luna,cuatro equipos,tema,2,1742.0,871.0,baja,SIN_DATOS_60D,"el exportador automático de GSC agrega por página sobre 35 días, todavía no hay serie diaria real con la que clasificar",,
Robert Luna,Liga Distrital de Piura,entidad,12,1714.0,143.0,alta,SIN_DATOS_60D,"el exportador automático de GSC agrega por página sobre 35 días, todavía no hay serie diaria real con la que clasificar",,
Robert Luna,Etapa Nacional de la Copa,entidad,5,1710.0,342.0,media,SIN_DATOS_60D,"el exportador automático de GSC agrega por página sobre 35 días, todavía no hay serie diaria real con la que clasificar",,
Robert Luna,San Lorenzo,entidad,2,1706.0,853.0,baja,SIN_DATOS_60D,"el exportador automático de GSC agrega por página sobre 35 días, todavía no hay serie diaria real con la que clasificar",,
Robert Luna,mundial de vóley,tema,2,1662.0,831.0,baja,SIN_DATOS_60D,"el exportador automático de GSC agrega por página sobre 35 días, todavía no hay serie diaria real con la que clasificar",,
Robert Luna,provincial de arequipa,entidad,6,1650.0,275.0,media,SIN_DATOS_60D,"el exportador automático de GSC agrega por página sobre 35 días, todavía no hay serie diaria real con la que clasificar",,
Robert Luna,final del mundial,tema,3,1631.0,544.0,media,SIN_DATOS_60D,"el exportador automático de GSC agrega por página sobre 35 días, todavía no hay serie diaria real con la que clasificar",,
Robert Luna,uno de los equipos,tema,2,1629.0,814.0,baja,SIN_DATOS_60D,"el exportador automático de GSC agrega por página sobre 35 días, todavía no hay serie diaria real con la que clasificar",,
Robert Luna,Juan Aurich de Chiclayo,entidad,3,1628.0,543.0,media,SIN_DATOS_60D,"el exportador automático de GSC agrega por página sobre 35 días, todavía no hay serie diaria real con la que clasificar",,
Robert Luna,equipos de la liga,entidad,4,1626.0,406.0,media,SIN_DATOS_60D,"el exportador automático de GSC agrega por página sobre 35 días, todavía no hay serie diaria real con la que clasificar",,
Robert Luna,inicio del torneo clausura,entidad,2,1623.0,812.0,baja,SIN_DATOS_60D,"el exportador automático de GSC agrega por página sobre 35 días, todavía no hay serie diaria real con la que clasificar",,
Robert Luna,Paraguay,entidad,3,1623.0,541.0,media,SIN_DATOS_60D,"el exportador automático de GSC agrega por página sobre 35 días, todavía no hay serie diaria real con la que clasificar",,
Robert Luna,clasificarse a la etapa,tema,2,1613.0,806.0,baja,SIN_DATOS_60D,"el exportador automático de GSC agrega por página sobre 35 días, todavía no hay serie diaria real con la que clasificar",,
Robert Luna,triunfo de clasificarse,tema,2,1613.0,806.0,baja,SIN_DATOS_60D,"el exportador automático de GSC agrega por página sobre 35 días, todavía no hay serie diaria real con la que clasificar",,
Robert Luna,Luis Advíncula,entidad,2,1588.0,794.0,baja,SIN_DATOS_60D,"el exportador automático de GSC agrega por página sobre 35 días, todavía no hay serie diaria real con la que clasificar",,
Robert Luna,participar en tradición,tema,2,1578.0,789.0,baja,SIN_DATOS_60D,"el exportador automático de GSC agrega por página sobre 35 días, todavía no hay serie diaria real con la que clasificar",,
Robert Luna,monto de dinero,tema,2,1577.0,788.0,baja,SIN_DATOS_60D,"el exportador automático de GSC agrega por página sobre 35 días, todavía no hay serie diaria real con la que clasificar",,
Robert Luna,Italia,entidad,2,1569.0,784.0,baja,SIN_DATOS_60D,"el exportador automático de GSC agrega por página sobre 35 días, todavía no hay serie diaria real con la que clasificar",,
Robert Luna,inesperada decisión,tema,2,1560.0,780.0,baja,SIN_DATOS_60D,"el exportador automático de GSC agrega por página sobre 35 días, todavía no hay serie diaria real con la que clasificar",,
Robert Luna,radical decisión,tema,3,1556.0,519.0,media,SIN_DATOS_60D,"el exportador automático de GSC agrega por página sobre 35 días, todavía no hay serie diaria real con la que clasificar",,
Robert Luna,nuevo once,tema,2,1550.0,775.0,baja,SIN_DATOS_60D,"el exportador automático de GSC agrega por página sobre 35 días, todavía no hay serie diaria real con la que clasificar",,
Robert Luna,José Gálvez de Chimbote,entidad,3,1541.0,514.0,media,SIN_DATOS_60D,"el exportador automático de GSC agrega por página sobre 35 días, todavía no hay serie diaria real con la que clasificar",,
Robert Luna,Liga Distrital de Arequipa,entidad,5,1503.0,301.0,media,SIN_DATOS_60D,"el exportador automático de GSC agrega por página sobre 35 días, todavía no hay serie diaria real con la que clasificar",,
Robert Luna,torneo jóvenes,entidad,2,1500.0,750.0,baja,SIN_DATOS_60D,"el exportador automático de GSC agrega por página sobre 35 días, todavía no hay serie diaria real con la que clasificar",,
Robert Luna,vs alianza,entidad,3,1491.0,497.0,media,SIN_DATOS_60D,"el exportador automático de GSC agrega por página sobre 35 días, todavía no hay serie diaria real con la que clasificar",,
Robert Luna,Chankas,entidad,3,1477.0,492.0,media,SIN_DATOS_60D,"el exportador automático de GSC agrega por página sobre 35 días, todavía no hay serie diaria real con la que clasificar",,
Robert Luna,inicio de la etapa,tema,2,1473.0,736.0,baja,SIN_DATOS_60D,"el exportador automático de GSC agrega por página sobre 35 días, todavía no hay serie diaria real con la que clasificar",,
Robert Luna,partidos de la liga,entidad,3,1459.0,486.0,media,SIN_DATOS_60D,"el exportador automático de GSC agrega por página sobre 35 días, todavía no hay serie diaria real con la que clasificar",,
Robert Luna,bicampeón del fútbol,tema,2,1439.0,720.0,baja,SIN_DATOS_60D,"el exportador automático de GSC agrega por página sobre 35 días, todavía no hay serie diaria real con la que clasificar",,
Robert Luna,dos nuevos,tema,3,1431.0,477.0,media,SIN_DATOS_60D,"el exportador automático de GSC agrega por página sobre 35 días, todavía no hay serie diaria real con la que clasificar",,
Robert Luna,Etapa Provincial del Torneo,entidad,4,1429.0,357.0,media,SIN_DATOS_60D,"el exportador automático de GSC agrega por página sobre 35 días, todavía no hay serie diaria real con la que clasificar",,
Robert Luna,fichajes de atlético,tema,2,1429.0,714.0,baja,SIN_DATOS_60D,"el exportador automático de GSC agrega por página sobre 35 días, todavía no hay serie diaria real con la que clasificar",,
Robert Luna,Liga Distrital de Huancayo,entidad,3,1395.0,465.0,media,SIN_DATOS_60D,"el exportador automático de GSC agrega por página sobre 35 días, todavía no hay serie diaria real con la que clasificar",,
Robert Luna,García,entidad,2,1345.0,672.0,baja,SIN_DATOS_60D,"el exportador automático de GSC agrega por página sobre 35 días, todavía no hay serie diaria real con la que clasificar",,
Robert Luna,Jorge Fossati,entidad,2,1337.0,668.0,baja,SIN_DATOS_60D,"el exportador automático de GSC agrega por página sobre 35 días, todavía no hay serie diaria real con la que clasificar",,
Robert Luna,primer clasificado,tema,4,1336.0,334.0,media,SIN_DATOS_60D,"el exportador automático de GSC agrega por página sobre 35 días, todavía no hay serie diaria real con la que clasificar",,
Robert Luna,primer partido,tema,3,1331.0,444.0,media,SIN_DATOS_60D,"el exportador automático de GSC agrega por página sobre 35 días, todavía no hay serie diaria real con la que clasificar",,
Robert Luna,Walter Ormeño,entidad,2,1324.0,662.0,baja,SIN_DATOS_60D,"el exportador automático de GSC agrega por página sobre 35 días, todavía no hay serie diaria real con la que clasificar",,
Robert Luna,poder jugar,tema,2,1314.0,657.0,baja,SIN_DATOS_60D,"el exportador automático de GSC agrega por página sobre 35 días, todavía no hay serie diaria real con la que clasificar",,
Robert Luna,siete refuerzos,tema,2,1313.0,656.0,baja,SIN_DATOS_60D,"el exportador automático de GSC agrega por página sobre 35 días, todavía no hay serie diaria real con la que clasificar",,
Robert Luna,Brasil,entidad,2,1284.0,642.0,baja,SIN_DATOS_60D,"el exportador automático de GSC agrega por página sobre 35 días, todavía no hay serie diaria real con la que clasificar",,
Robert Luna,clasificados a la fase,entidad,3,1277.0,426.0,media,SIN_DATOS_60D,"el exportador automático de GSC agrega por página sobre 35 días, todavía no hay serie diaria real con la que clasificar",,
Robert Luna,Liga Provincial de Huancayo,entidad,3,1267.0,422.0,media,SIN_DATOS_60D,"el exportador automático de GSC agrega por página sobre 35 días, todavía no hay serie diaria real con la que clasificar",,
Robert Luna,campeón nacional,tema,2,1262.0,631.0,baja,SIN_DATOS_60D,"el exportador automático de GSC agrega por página sobre 35 días, todavía no hay serie diaria real con la que clasificar",,
Robert Luna,Piura,entidad,2,1258.0,629.0,baja,SIN_DATOS_60D,"el exportador automático de GSC agrega por página sobre 35 días, todavía no hay serie diaria real con la que clasificar",,
Robert Luna,Flamengo,entidad,2,1249.0,624.0,baja,SIN_DATOS_60D,"el exportador automático de GSC agrega por página sobre 35 días, todavía no hay serie diaria real con la que clasificar",,
Robert Luna,Sergio Peña,entidad,2,1244.0,622.0,baja,SIN_DATOS_60D,"el exportador automático de GSC agrega por página sobre 35 días, todavía no hay serie diaria real con la que clasificar",,
Robert Luna,Coquimbo Unido,entidad,2,1242.0,621.0,baja,SIN_DATOS_60D,"el exportador automático de GSC agrega por página sobre 35 días, todavía no hay serie diaria real con la que clasificar",,
Robert Luna,inesperada noticia,tema,2,1241.0,620.0,baja,SIN_DATOS_60D,"el exportador automático de GSC agrega por página sobre 35 días, todavía no hay serie diaria real con la que clasificar",,
Robert Luna,Egipto,entidad,2,1236.0,618.0,baja,SIN_DATOS_60D,"el exportador automático de GSC agrega por página sobre 35 días, todavía no hay serie diaria real con la que clasificar",,
Robert Luna,grupo en la liga,entidad,2,1229.0,614.0,baja,SIN_DATOS_60D,"el exportador automático de GSC agrega por página sobre 35 días, todavía no hay serie diaria real con la que clasificar",,
Robert Luna,líder de su grupo,tema,2,1229.0,614.0,baja,SIN_DATOS_60D,"el exportador automático de GSC agrega por página sobre 35 días, todavía no hay serie diaria real con la que clasificar",,
Robert Luna,copa perú dos,entidad,2,1213.0,606.0,baja,SIN_DATOS_60D,"el exportador automático de GSC agrega por página sobre 35 días, todavía no hay serie diaria real con la que clasificar",,
Robert Luna,Horacio Melgarejo,entidad,2,1211.0,606.0,baja,SIN_DATOS_60D,"el exportador automático de GSC agrega por página sobre 35 días, todavía no hay serie diaria real con la que clasificar",,
Robert Luna,Piero Quispe,entidad,2,1207.0,604.0,baja,SIN_DATOS_60D,"el exportador automático de GSC agrega por página sobre 35 días, todavía no hay serie diaria real con la que clasificar",,
Robert Luna,canales que transmitirán,tema,2,1201.0,600.0,baja,SIN_DATOS_60D,"el exportador automático de GSC agrega por página sobre 35 días, todavía no hay serie diaria real con la que clasificar",,
Robert Luna,partido de la copa,entidad,2,1190.0,595.0,baja,SIN_DATOS_60D,"el exportador automático de GSC agrega por página sobre 35 días, todavía no hay serie diaria real con la que clasificar",,
Robert Luna,previo al inicio,tema,2,1178.0,589.0,baja,SIN_DATOS_60D,"el exportador automático de GSC agrega por página sobre 35 días, todavía no hay serie diaria real con la que clasificar",,
Robert Luna,estadio daniel,tema,2,1171.0,586.0,baja,SIN_DATOS_60D,"el exportador automático de GSC agrega por página sobre 35 días, todavía no hay serie diaria real con la que clasificar",,
Robert Luna,plan de gobierno,tema,3,1166.0,389.0,media,SIN_DATOS_60D,"el exportador automático de GSC agrega por página sobre 35 días, todavía no hay serie diaria real con la que clasificar",,
Robert Luna,piura y tabla,entidad,8,1164.0,146.0,media,SIN_DATOS_60D,"el exportador automático de GSC agrega por página sobre 35 días, todavía no hay serie diaria real con la que clasificar",,
Robert Luna,dos veces,tema,2,1141.0,570.0,baja,SIN_DATOS_60D,"el exportador automático de GSC agrega por página sobre 35 días, todavía no hay serie diaria real con la que clasificar",,
Robert Luna,Alemania,entidad,4,1133.0,283.0,media,SIN_DATOS_60D,"el exportador automático de GSC agrega por página sobre 35 días, todavía no hay serie diaria real con la que clasificar",,
Robert Luna,sigue soñando,tema,2,1133.0,566.0,baja,SIN_DATOS_60D,"el exportador automático de GSC agrega por página sobre 35 días, todavía no hay serie diaria real con la que clasificar",,
Robert Luna,Liga Departamental de Apurímac,entidad,4,1130.0,282.0,media,SIN_DATOS_60D,"el exportador automático de GSC agrega por página sobre 35 días, todavía no hay serie diaria real con la que clasificar",,
Robert Luna,refuerzos extranjeros,tema,3,1111.0,370.0,media,SIN_DATOS_60D,"el exportador automático de GSC agrega por página sobre 35 días, todavía no hay serie diaria real con la que clasificar",,
Robert Luna,Liga Departamental de Lambayeque,entidad,3,1107.0,369.0,media,SIN_DATOS_60D,"el exportador automático de GSC agrega por página sobre 35 días, todavía no hay serie diaria real con la que clasificar",,
Robert Luna,liga del año,entidad,3,1097.0,366.0,media,SIN_DATOS_60D,"el exportador automático de GSC agrega por página sobre 35 días, todavía no hay serie diaria real con la que clasificar",,
Robert Luna,gobierno para las elecciones,tema,2,1091.0,546.0,baja,SIN_DATOS_60D,"el exportador automático de GSC agrega por página sobre 35 días, todavía no hay serie diaria real con la que clasificar",,
Robert Luna,Juventud Bellavista,entidad,2,1084.0,542.0,baja,SIN_DATOS_60D,"el exportador automático de GSC agrega por página sobre 35 días, todavía no hay serie diaria real con la que clasificar",,
Robert Luna,Liga Provincial de Cañete,entidad,6,1084.0,181.0,media,SIN_DATOS_60D,"el exportador automático de GSC agrega por página sobre 35 días, todavía no hay serie diaria real con la que clasificar",,
Robert Luna,Sport River,entidad,2,1082.0,541.0,baja,SIN_DATOS_60D,"el exportador automático de GSC agrega por página sobre 35 días, todavía no hay serie diaria real con la que clasificar",,
Robert Luna,vs alianza lima,entidad,2,1054.0,527.0,baja,SIN_DATOS_60D,"el exportador automático de GSC agrega por página sobre 35 días, todavía no hay serie diaria real con la que clasificar",,
Robert Luna,encuestas presidenciales,tema,2,1025.0,512.0,baja,SIN_DATOS_60D,"el exportador automático de GSC agrega por página sobre 35 días, todavía no hay serie diaria real con la que clasificar",,
Robert Luna,resultados de las encuestas,tema,2,1025.0,512.0,baja,SIN_DATOS_60D,"el exportador automático de GSC agrega por página sobre 35 días, todavía no hay serie diaria real con la que clasificar",,
Robert Luna,Liga Distrital de Puno,entidad,6,1014.0,169.0,media,SIN_DATOS_60D,"el exportador automático de GSC agrega por página sobre 35 días, todavía no hay serie diaria real con la que clasificar",,
Robert Luna,Alianza Lima Pablo Guede,entidad,2,1010.0,505.0,baja,SIN_DATOS_60D,"el exportador automático de GSC agrega por página sobre 35 días, todavía no hay serie diaria real con la que clasificar",,
Robert Luna,nueva goleada,tema,2,1009.0,504.0,baja,SIN_DATOS_60D,"el exportador automático de GSC agrega por página sobre 35 días, todavía no hay serie diaria real con la que clasificar",,
Robert Luna,Federico Girotti,entidad,2,1005.0,502.0,baja,SIN_DATOS_60D,"el exportador automático de GSC agrega por página sobre 35 días, todavía no hay serie diaria real con la que clasificar",,
Robert Luna,ida de la liga,entidad,2,1005.0,502.0,baja,SIN_DATOS_60D,"el exportador automático de GSC agrega por página sobre 35 días, todavía no hay serie diaria real con la que clasificar",,
Robert Luna,corre el riesgo,tema,2,998.0,499.0,baja,SIN_DATOS_60D,"el exportador automático de GSC agrega por página sobre 35 días, todavía no hay serie diaria real con la que clasificar",,
Robert Luna,Juan Aurich,entidad,2,979.0,490.0,baja,SIN_DATOS_60D,"el exportador automático de GSC agrega por página sobre 35 días, todavía no hay serie diaria real con la que clasificar",,
Robert Luna,campeón en la copa,entidad,2,977.0,488.0,baja,SIN_DATOS_60D,"el exportador automático de GSC agrega por página sobre 35 días, todavía no hay serie diaria real con la que clasificar",,
Robert Luna,segundo clasificado,tema,2,974.0,487.0,baja,SIN_DATOS_60D,"el exportador automático de GSC agrega por página sobre 35 días, todavía no hay serie diaria real con la que clasificar",,
Robert Luna,Liga Departamental de Puno,entidad,2,947.0,474.0,baja,SIN_DATOS_60D,"el exportador automático de GSC agrega por página sobre 35 días, todavía no hay serie diaria real con la que clasificar",,
Robert Luna,reacción cuando,tema,2,941.0,470.0,baja,SIN_DATOS_60D,"el exportador automático de GSC agrega por página sobre 35 días, todavía no hay serie diaria real con la que clasificar",,
Robert Luna,copa perú el club,entidad,2,939.0,470.0,baja,SIN_DATOS_60D,"el exportador automático de GSC agrega por página sobre 35 días, todavía no hay serie diaria real con la que clasificar",,
Robert Luna,primera fecha,tema,2,938.0,469.0,baja,SIN_DATOS_60D,"el exportador automático de GSC agrega por página sobre 35 días, todavía no hay serie diaria real con la que clasificar",,
Robert Luna,jugarán la etapa,tema,2,929.0,464.0,baja,SIN_DATOS_60D,"el exportador automático de GSC agrega por página sobre 35 días, todavía no hay serie diaria real con la que clasificar",,
Robert Luna,entrenador para la liga,entidad,2,922.0,461.0,baja,SIN_DATOS_60D,"el exportador automático de GSC agrega por página sobre 35 días, todavía no hay serie diaria real con la que clasificar",,
Robert Luna,Atlético Andahuaylas,entidad,3,917.0,306.0,media,SIN_DATOS_60D,"el exportador automático de GSC agrega por página sobre 35 días, todavía no hay serie diaria real con la que clasificar",,
Robert Luna,nuevos refuerzos,tema,2,910.0,455.0,baja,SIN_DATOS_60D,"el exportador automático de GSC agrega por página sobre 35 días, todavía no hay serie diaria real con la que clasificar",,
Robert Luna,posiciones por la copa,entidad,3,901.0,300.0,media,SIN_DATOS_60D,"el exportador automático de GSC agrega por página sobre 35 días, todavía no hay serie diaria real con la que clasificar",,
Robert Luna,cristal suma,tema,2,891.0,446.0,baja,SIN_DATOS_60D,"el exportador automático de GSC agrega por página sobre 35 días, todavía no hay serie diaria real con la que clasificar",,
Robert Luna,Sportivo,entidad,2,845.0,422.0,baja,SIN_DATOS_60D,"el exportador automático de GSC agrega por página sobre 35 días, todavía no hay serie diaria real con la que clasificar",,
Robert Luna,Felipe Vizeu,entidad,2,834.0,417.0,baja,SIN_DATOS_60D,"el exportador automático de GSC agrega por página sobre 35 días, todavía no hay serie diaria real con la que clasificar",,
Robert Luna,Play Off,entidad,2,830.0,415.0,baja,SIN_DATOS_60D,"el exportador automático de GSC agrega por página sobre 35 días, todavía no hay serie diaria real con la que clasificar",,
Robert Luna,duelo por la liga,entidad,2,815.0,408.0,baja,SIN_DATOS_60D,"el exportador automático de GSC agrega por página sobre 35 días, todavía no hay serie diaria real con la que clasificar",,
Robert Luna,triunfo en la liga,entidad,3,815.0,272.0,media,SIN_DATOS_60D,"el exportador automático de GSC agrega por página sobre 35 días, todavía no hay serie diaria real con la que clasificar",,
Robert Luna,trujillo y tabla,entidad,3,804.0,268.0,media,SIN_DATOS_60D,"el exportador automático de GSC agrega por página sobre 35 días, todavía no hay serie diaria real con la que clasificar",,
Robert Luna,Comerciantes Unidos,entidad,2,782.0,391.0,baja,SIN_DATOS_60D,"el exportador automático de GSC agrega por página sobre 35 días, todavía no hay serie diaria real con la que clasificar",,
Robert Luna,modifica el número,tema,2,766.0,383.0,baja,SIN_DATOS_60D,"el exportador automático de GSC agrega por página sobre 35 días, todavía no hay serie diaria real con la que clasificar",,
Robert Luna,Boca Juniors,entidad,4,755.0,189.0,media,SIN_DATOS_60D,"el exportador automático de GSC agrega por página sobre 35 días, todavía no hay serie diaria real con la que clasificar",,
Robert Luna,otro rival,tema,2,754.0,377.0,baja,SIN_DATOS_60D,"el exportador automático de GSC agrega por página sobre 35 días, todavía no hay serie diaria real con la que clasificar",,
Robert Luna,encuesta de datum,entidad,4,739.0,185.0,media,SIN_DATOS_60D,"el exportador automático de GSC agrega por página sobre 35 días, todavía no hay serie diaria real con la que clasificar",,
Robert Luna,generales los resultados,tema,2,737.0,368.0,baja,SIN_DATOS_60D,"el exportador automático de GSC agrega por página sobre 35 días, todavía no hay serie diaria real con la que clasificar",,
Robert Luna,peruana en las próximas,tema,2,737.0,368.0,baja,SIN_DATOS_60D,"el exportador automático de GSC agrega por página sobre 35 días, todavía no hay serie diaria real con la que clasificar",,
Robert Luna,próximas eliminatorias,entidad,2,737.0,368.0,baja,SIN_DATOS_60D,"el exportador automático de GSC agrega por página sobre 35 días, todavía no hay serie diaria real con la que clasificar",,
Robert Luna,segundo triunfo,tema,2,729.0,364.0,baja,SIN_DATOS_60D,"el exportador automático de GSC agrega por página sobre 35 días, todavía no hay serie diaria real con la que clasificar",,
Robert Luna,Deportes Tolima,entidad,3,728.0,243.0,media,SIN_DATOS_60D,"el exportador automático de GSC agrega por página sobre 35 días, todavía no hay serie diaria real con la que clasificar",,
Robert Luna,Bella Esperanza y Walter Ormeño,entidad,4,713.0,178.0,media,SIN_DATOS_60D,"el exportador automático de GSC agrega por página sobre 35 días, todavía no hay serie diaria real con la que clasificar",,
Robert Luna,Conar,entidad,2,704.0,352.0,baja,SIN_DATOS_60D,"el exportador automático de GSC agrega por página sobre 35 días, todavía no hay serie diaria real con la que clasificar",,
Robert Luna,Liga Nacional Juvenil Sub,entidad,2,688.0,344.0,baja,SIN_DATOS_60D,"el exportador automático de GSC agrega por página sobre 35 días, todavía no hay serie diaria real con la que clasificar",,
Robert Luna,sub resultados,tema,2,688.0,344.0,baja,SIN_DATOS_60D,"el exportador automático de GSC agrega por página sobre 35 días, todavía no hay serie diaria real con la que clasificar",,
Robert Luna,Liga Distrital de Juliaca,entidad,5,639.0,128.0,media,SIN_DATOS_60D,"el exportador automático de GSC agrega por página sobre 35 días, todavía no hay serie diaria real con la que clasificar",,
Robert Luna,rival mundialista,tema,2,632.0,316.0,baja,SIN_DATOS_60D,"el exportador automático de GSC agrega por página sobre 35 días, todavía no hay serie diaria real con la que clasificar",,
Robert Luna,equipos participarán,tema,2,623.0,312.0,baja,SIN_DATOS_60D,"el exportador automático de GSC agrega por página sobre 35 días, todavía no hay serie diaria real con la que clasificar",,
Robert Luna,cristal sorprende,tema,2,605.0,302.0,baja,SIN_DATOS_60D,"el exportador automático de GSC agrega por página sobre 35 días, todavía no hay serie diaria real con la que clasificar",,
Robert Luna,semifinales de la liga,entidad,2,599.0,300.0,baja,SIN_DATOS_60D,"el exportador automático de GSC agrega por página sobre 35 días, todavía no hay serie diaria real con la que clasificar",,
Robert Luna,ida de los octavos,tema,2,562.0,281.0,baja,SIN_DATOS_60D,"el exportador automático de GSC agrega por página sobre 35 días, todavía no hay serie diaria real con la que clasificar",,
Robert Luna,copa perú definidas,entidad,2,557.0,278.0,baja,SIN_DATOS_60D,"el exportador automático de GSC agrega por página sobre 35 días, todavía no hay serie diaria real con la que clasificar",,
Robert Luna,definidas las llaves,tema,2,557.0,278.0,baja,SIN_DATOS_60D,"el exportador automático de GSC agrega por página sobre 35 días, todavía no hay serie diaria real con la que clasificar",,
Robert Luna,liguilla final,tema,3,557.0,186.0,media,SIN_DATOS_60D,"el exportador automático de GSC agrega por página sobre 35 días, todavía no hay serie diaria real con la que clasificar",,
Robert Luna,sorteo de la copa,entidad,2,555.0,278.0,baja,SIN_DATOS_60D,"el exportador automático de GSC agrega por página sobre 35 días, todavía no hay serie diaria real con la que clasificar",,
Robert Luna,sorprende con su nuevo,tema,2,545.0,272.0,baja,SIN_DATOS_60D,"el exportador automático de GSC agrega por página sobre 35 días, todavía no hay serie diaria real con la que clasificar",,
Robert Luna,libertad y tablas,entidad,2,544.0,272.0,baja,SIN_DATOS_60D,"el exportador automático de GSC agrega por página sobre 35 días, todavía no hay serie diaria real con la que clasificar",,
Robert Luna,cerca de la etapa,tema,2,541.0,270.0,baja,SIN_DATOS_60D,"el exportador automático de GSC agrega por página sobre 35 días, todavía no hay serie diaria real con la que clasificar",,
Robert Luna,Bella Esperanza,entidad,2,538.0,269.0,baja,SIN_DATOS_60D,"el exportador automático de GSC agrega por página sobre 35 días, todavía no hay serie diaria real con la que clasificar",,
Robert Luna,copa perú equipos,entidad,3,535.0,178.0,media,SIN_DATOS_60D,"el exportador automático de GSC agrega por página sobre 35 días, todavía no hay serie diaria real con la que clasificar",,
Robert Luna,UDA de Huancavelica,entidad,2,530.0,265.0,baja,SIN_DATOS_60D,"el exportador automático de GSC agrega por página sobre 35 días, todavía no hay serie diaria real con la que clasificar",,
Robert Luna,Liga Distrital de Ica,entidad,4,517.0,129.0,media,SIN_DATOS_60D,"el exportador automático de GSC agrega por página sobre 35 días, todavía no hay serie diaria real con la que clasificar",,
Robert Luna,clasificar a la etapa,tema,2,508.0,254.0,baja,SIN_DATOS_60D,"el exportador automático de GSC agrega por página sobre 35 días, todavía no hay serie diaria real con la que clasificar",,
Robert Luna,pleno torneo apertura,entidad,2,501.0,250.0,baja,SIN_DATOS_60D,"el exportador automático de GSC agrega por página sobre 35 días, todavía no hay serie diaria real con la que clasificar",,
Robert Luna,Huancavelica,entidad,2,490.0,245.0,baja,SIN_DATOS_60D,"el exportador automático de GSC agrega por página sobre 35 días, todavía no hay serie diaria real con la que clasificar",,
Robert Luna,Etapa Departamental de la Copa,entidad,2,489.0,244.0,baja,SIN_DATOS_60D,"el exportador automático de GSC agrega por página sobre 35 días, todavía no hay serie diaria real con la que clasificar",,
Robert Luna,Trujillo,entidad,2,487.0,244.0,baja,SIN_DATOS_60D,"el exportador automático de GSC agrega por página sobre 35 días, todavía no hay serie diaria real con la que clasificar",,
Robert Luna,acercan a la etapa,tema,2,486.0,243.0,baja,SIN_DATOS_60D,"el exportador automático de GSC agrega por página sobre 35 días, todavía no hay serie diaria real con la que clasificar",,
Robert Luna,candidatos presidenciales,tema,2,485.0,242.0,baja,SIN_DATOS_60D,"el exportador automático de GSC agrega por página sobre 35 días, todavía no hay serie diaria real con la que clasificar",,
Robert Luna,México,entidad,3,472.0,157.0,media,SIN_DATOS_60D,"el exportador automático de GSC agrega por página sobre 35 días, todavía no hay serie diaria real con la que clasificar",,
Robert Luna,Liga Distrital de Cajamarca,entidad,3,471.0,157.0,media,SIN_DATOS_60D,"el exportador automático de GSC agrega por página sobre 35 días, todavía no hay serie diaria real con la que clasificar",,
Robert Luna,ganar en la liga,entidad,3,451.0,150.0,media,SIN_DATOS_60D,"el exportador automático de GSC agrega por página sobre 35 días, todavía no hay serie diaria real con la que clasificar",,
Robert Luna,Puno,entidad,2,447.0,224.0,baja,SIN_DATOS_60D,"el exportador automático de GSC agrega por página sobre 35 días, todavía no hay serie diaria real con la que clasificar",,
Robert Luna,dos clasificados,tema,2,420.0,210.0,baja,SIN_DATOS_60D,"el exportador automático de GSC agrega por página sobre 35 días, todavía no hay serie diaria real con la que clasificar",,
Robert Luna,Liga Provincial de Cajamarca,entidad,2,414.0,207.0,baja,SIN_DATOS_60D,"el exportador automático de GSC agrega por página sobre 35 días, todavía no hay serie diaria real con la que clasificar",,
Robert Luna,campo de juego,tema,2,387.0,194.0,baja,SIN_DATOS_60D,"el exportador automático de GSC agrega por página sobre 35 días, todavía no hay serie diaria real con la que clasificar",,
Robert Luna,Sportivo Huracán,entidad,2,383.0,192.0,baja,SIN_DATOS_60D,"el exportador automático de GSC agrega por página sobre 35 días, todavía no hay serie diaria real con la que clasificar",,
Robert Luna,chiclayo y tabla,tema,3,382.0,127.0,media,SIN_DATOS_60D,"el exportador automático de GSC agrega por página sobre 35 días, todavía no hay serie diaria real con la que clasificar",,
Robert Luna,España,entidad,2,372.0,186.0,baja,SIN_DATOS_60D,"el exportador automático de GSC agrega por página sobre 35 días, todavía no hay serie diaria real con la que clasificar",,
Robert Luna,suma refuerzos,tema,2,372.0,186.0,baja,SIN_DATOS_60D,"el exportador automático de GSC agrega por página sobre 35 días, todavía no hay serie diaria real con la que clasificar",,
Robert Luna,José Gálvez,entidad,2,355.0,178.0,baja,SIN_DATOS_60D,"el exportador automático de GSC agrega por página sobre 35 días, todavía no hay serie diaria real con la que clasificar",,
Robert Luna,Liga Departamental de Junín,entidad,2,355.0,178.0,baja,SIN_DATOS_60D,"el exportador automático de GSC agrega por página sobre 35 días, todavía no hay serie diaria real con la que clasificar",,
Robert Luna,Liga Distrital de Chimbote,entidad,2,355.0,178.0,baja,SIN_DATOS_60D,"el exportador automático de GSC agrega por página sobre 35 días, todavía no hay serie diaria real con la que clasificar",,
Robert Luna,Liga Distrital,entidad,2,352.0,176.0,baja,SIN_DATOS_60D,"el exportador automático de GSC agrega por página sobre 35 días, todavía no hay serie diaria real con la que clasificar",,
Robert Luna,Renato Espinosa,entidad,2,352.0,176.0,baja,SIN_DATOS_60D,"el exportador automático de GSC agrega por página sobre 35 días, todavía no hay serie diaria real con la que clasificar",,
Robert Luna,grandes de cañete,entidad,2,350.0,175.0,baja,SIN_DATOS_60D,"el exportador automático de GSC agrega por página sobre 35 días, todavía no hay serie diaria real con la que clasificar",,
Robert Luna,hexagonal final,tema,3,334.0,111.0,media,SIN_DATOS_60D,"el exportador automático de GSC agrega por página sobre 35 días, todavía no hay serie diaria real con la que clasificar",,
Robert Luna,cusco y tabla,tema,2,327.0,164.0,baja,SIN_DATOS_60D,"el exportador automático de GSC agrega por página sobre 35 días, todavía no hay serie diaria real con la que clasificar",,
Robert Luna,tanda de penales,tema,2,315.0,158.0,baja,SIN_DATOS_60D,"el exportador automático de GSC agrega por página sobre 35 días, todavía no hay serie diaria real con la que clasificar",,
Robert Luna,Defensores del Ilucán,entidad,3,299.0,100.0,media,SIN_DATOS_60D,"el exportador automático de GSC agrega por página sobre 35 días, todavía no hay serie diaria real con la que clasificar",,
Robert Luna,ica y tabla,tema,2,298.0,149.0,baja,SIN_DATOS_60D,"el exportador automático de GSC agrega por página sobre 35 días, todavía no hay serie diaria real con la que clasificar",,
Robert Luna,juliaca y tabla,tema,2,272.0,136.0,baja,SIN_DATOS_60D,"el exportador automático de GSC agrega por página sobre 35 días, todavía no hay serie diaria real con la que clasificar",,
Robert Luna,refuerzos para la etapa,tema,2,271.0,136.0,baja,SIN_DATOS_60D,"el exportador automático de GSC agrega por página sobre 35 días, todavía no hay serie diaria real con la que clasificar",,
Robert Luna,puno y tabla,entidad,2,266.0,133.0,baja,SIN_DATOS_60D,"el exportador automático de GSC agrega por página sobre 35 días, todavía no hay serie diaria real con la que clasificar",,
Robert Luna,FC Killas,entidad,3,261.0,87.0,media,SIN_DATOS_60D,"el exportador automático de GSC agrega por página sobre 35 días, todavía no hay serie diaria real con la que clasificar",,
Robert Luna,Ecuador,entidad,2,257.0,128.0,baja,SIN_DATOS_60D,"el exportador automático de GSC agrega por página sobre 35 días, todavía no hay serie diaria real con la que clasificar",,
Robert Luna,cajamarca y tabla,tema,2,251.0,126.0,baja,SIN_DATOS_60D,"el exportador automático de GSC agrega por página sobre 35 días, todavía no hay serie diaria real con la que clasificar",,
Robert Luna,Francia,entidad,2,249.0,124.0,baja,SIN_DATOS_60D,"el exportador automático de GSC agrega por página sobre 35 días, todavía no hay serie diaria real con la que clasificar",,
Robert Luna,Walter Ormeño y Bella Esperanza,entidad,2,243.0,122.0,baja,SIN_DATOS_60D,"el exportador automático de GSC agrega por página sobre 35 días, todavía no hay serie diaria real con la que clasificar",,
Robert Luna,torneo tradición,entidad,2,235.0,118.0,baja,SIN_DATOS_60D,"el exportador automático de GSC agrega por página sobre 35 días, todavía no hay serie diaria real con la que clasificar",,
Robert Luna,candidatos participarán,tema,3,233.0,78.0,media,SIN_DATOS_60D,"el exportador automático de GSC agrega por página sobre 35 días, todavía no hay serie diaria real con la que clasificar",,
Robert Luna,empieza y qué candidatos,tema,3,233.0,78.0,media,SIN_DATOS_60D,"el exportador automático de GSC agrega por página sobre 35 días, todavía no hay serie diaria real con la que clasificar",,
Robert Luna,generales a qué hora,tema,3,233.0,78.0,media,SIN_DATOS_60D,"el exportador automático de GSC agrega por página sobre 35 días, todavía no hay serie diaria real con la que clasificar",,
Robert Luna,hora empieza,tema,3,233.0,78.0,media,SIN_DATOS_60D,"el exportador automático de GSC agrega por página sobre 35 días, todavía no hay serie diaria real con la que clasificar",,
Robert Luna,debate presidencial,tema,3,233.0,78.0,media,SIN_DATOS_60D,"el exportador automático de GSC agrega por página sobre 35 días, todavía no hay serie diaria real con la que clasificar",,
Robert Luna,Bosnia,entidad,2,230.0,115.0,baja,SIN_DATOS_60D,"el exportador automático de GSC agrega por página sobre 35 días, todavía no hay serie diaria real con la que clasificar",,
Robert Luna,américa tv,tema,2,227.0,114.0,baja,SIN_DATOS_60D,"el exportador automático de GSC agrega por página sobre 35 días, todavía no hay serie diaria real con la que clasificar",,
Robert Luna,fecha del hexagonal,tema,2,219.0,110.0,baja,SIN_DATOS_60D,"el exportador automático de GSC agrega por página sobre 35 días, todavía no hay serie diaria real con la que clasificar",,
Robert Luna,Octavio Espinosa,entidad,2,219.0,110.0,baja,SIN_DATOS_60D,"el exportador automático de GSC agrega por página sobre 35 días, todavía no hay serie diaria real con la que clasificar",,
Robert Luna,resultados de la fecha,tema,2,201.0,100.0,baja,SIN_DATOS_60D,"el exportador automático de GSC agrega por página sobre 35 días, todavía no hay serie diaria real con la que clasificar",,
Robert Luna,avos de final,tema,2,196.0,98.0,baja,SIN_DATOS_60D,"el exportador automático de GSC agrega por página sobre 35 días, todavía no hay serie diaria real con la que clasificar",,
Robert Luna,día del debate,tema,2,189.0,94.0,baja,SIN_DATOS_60D,"el exportador automático de GSC agrega por página sobre 35 días, todavía no hay serie diaria real con la que clasificar",,
Robert Luna,terremoto en venezuela,entidad,2,187.0,94.0,baja,SIN_DATOS_60D,"el exportador automático de GSC agrega por página sobre 35 días, todavía no hay serie diaria real con la que clasificar",,
Robert Luna,Australia,entidad,2,179.0,90.0,baja,SIN_DATOS_60D,"el exportador automático de GSC agrega por página sobre 35 días, todavía no hay serie diaria real con la que clasificar",,
Robert Luna,incluye temas,tema,2,157.0,78.0,baja,SIN_DATOS_60D,"el exportador automático de GSC agrega por página sobre 35 días, todavía no hay serie diaria real con la que clasificar",,
Robert Luna,Flamengo FBC,entidad,2,152.0,76.0,baja,SIN_DATOS_60D,"el exportador automático de GSC agrega por página sobre 35 días, todavía no hay serie diaria real con la que clasificar",,
Robert Luna,Sudáfrica,entidad,2,85.0,42.0,baja,SIN_DATOS_60D,"el exportador automático de GSC agrega por página sobre 35 días, todavía no hay serie diaria real con la que clasificar",,
Stewart Luya,Alianza Lima,entidad,156,148886.0,954.0,alta,SIN_DATOS_60D,"el exportador automático de GSC agrega por página sobre 35 días, todavía no hay serie diaria real con la que clasificar",,
Stewart Luya,liga peruana,entidad,70,140870.0,2012.0,alta,SIN_DATOS_60D,"el exportador automático de GSC agrega por página sobre 35 días, todavía no hay serie diaria real con la que clasificar",,
Stewart Luya,tabla de posiciones,tema,48,90036.0,1876.0,alta,SIN_DATOS_60D,"el exportador automático de GSC agrega por página sobre 35 días, todavía no hay serie diaria real con la que clasificar",,
Stewart Luya,resultados y tabla,tema,46,89444.0,1944.0,alta,SIN_DATOS_60D,"el exportador automático de GSC agrega por página sobre 35 días, todavía no hay serie diaria real con la que clasificar",,
Stewart Luya,Torneo Clausura,entidad,90,58712.0,652.0,alta,SIN_DATOS_60D,"el exportador automático de GSC agrega por página sobre 35 días, todavía no hay serie diaria real con la que clasificar",,
Stewart Luya,Sport Huancayo,entidad,21,57697.0,2747.0,alta,SIN_DATOS_60D,"el exportador automático de GSC agrega por página sobre 35 días, todavía no hay serie diaria real con la que clasificar",,
Stewart Luya,posiciones de la fecha,tema,31,56250.0,1815.0,alta,SIN_DATOS_60D,"el exportador automático de GSC agrega por página sobre 35 días, todavía no hay serie diaria real con la que clasificar",,
Stewart Luya,Sudamericano,entidad,19,52147.0,2745.0,alta,SIN_DATOS_60D,"el exportador automático de GSC agrega por página sobre 35 días, todavía no hay serie diaria real con la que clasificar",,
Stewart Luya,Universitario de Deportes,entidad,77,49758.0,646.0,alta,SIN_DATOS_60D,"el exportador automático de GSC agrega por página sobre 35 días, todavía no hay serie diaria real con la que clasificar",,
Stewart Luya,nuevo entrenador,tema,12,48441.0,4037.0,alta,SIN_DATOS_60D,"el exportador automático de GSC agrega por página sobre 35 días, todavía no hay serie diaria real con la que clasificar",,
Stewart Luya,Incontrastable,entidad,2,45777.0,22888.0,baja,SIN_DATOS_60D,"el exportador automático de GSC agrega por página sobre 35 días, todavía no hay serie diaria real con la que clasificar",,
Stewart Luya,regresa a la incontrastable,entidad,2,45088.0,22544.0,baja,SIN_DATOS_60D,"el exportador automático de GSC agrega por página sobre 35 días, todavía no hay serie diaria real con la que clasificar",,
Stewart Luya,viejo conocido,tema,2,44957.0,22478.0,baja,SIN_DATOS_60D,"el exportador automático de GSC agrega por página sobre 35 días, todavía no hay serie diaria real con la que clasificar",,
Stewart Luya,San Martín,entidad,32,41177.0,1287.0,alta,SIN_DATOS_60D,"el exportador automático de GSC agrega por página sobre 35 días, todavía no hay serie diaria real con la que clasificar",,
Stewart Luya,Sporting Cristal,entidad,78,38654.0,496.0,alta,SIN_DATOS_60D,"el exportador automático de GSC agrega por página sobre 35 días, todavía no hay serie diaria real con la que clasificar",,
Stewart Luya,Liga Juan Aurich,entidad,5,30343.0,6069.0,media,SIN_DATOS_60D,"el exportador automático de GSC agrega por página sobre 35 días, todavía no hay serie diaria real con la que clasificar",,
Stewart Luya,Torneo Apertura,entidad,51,27992.0,549.0,alta,SIN_DATOS_60D,"el exportador automático de GSC agrega por página sobre 35 días, todavía no hay serie diaria real con la que clasificar",,
Stewart Luya,Voleibol Femenino,entidad,12,27352.0,2279.0,alta,SIN_DATOS_60D,"el exportador automático de GSC agrega por página sobre 35 días, todavía no hay serie diaria real con la que clasificar",,
Stewart Luya,fecha de la segunda,tema,4,26176.0,6544.0,media,SIN_DATOS_60D,"el exportador automático de GSC agrega por página sobre 35 días, todavía no hay serie diaria real con la que clasificar",,
Stewart Luya,segunda etapa,entidad,3,25326.0,8442.0,media,SIN_DATOS_60D,"el exportador automático de GSC agrega por página sobre 35 días, todavía no hay serie diaria real con la que clasificar",,
Stewart Luya,vóley resultados,entidad,3,25326.0,8442.0,media,SIN_DATOS_60D,"el exportador automático de GSC agrega por página sobre 35 días, todavía no hay serie diaria real con la que clasificar",,
Stewart Luya,llegada de ricardo,tema,2,24527.0,12264.0,baja,SIN_DATOS_60D,"el exportador automático de GSC agrega por página sobre 35 días, todavía no hay serie diaria real con la que clasificar",,
Stewart Luya,Mano Menezes,entidad,3,22417.0,7472.0,media,SIN_DATOS_60D,"el exportador automático de GSC agrega por página sobre 35 días, todavía no hay serie diaria real con la que clasificar",,
Stewart Luya,fútbol peruano,tema,7,21934.0,3133.0,media,SIN_DATOS_60D,"el exportador automático de GSC agrega por página sobre 35 días, todavía no hay serie diaria real con la que clasificar",,
Stewart Luya,Melgar,entidad,23,21866.0,951.0,alta,SIN_DATOS_60D,"el exportador automático de GSC agrega por página sobre 35 días, todavía no hay serie diaria real con la que clasificar",,
Stewart Luya,fecha hora,tema,50,21736.0,435.0,alta,SIN_DATOS_60D,"el exportador automático de GSC agrega por página sobre 35 días, todavía no hay serie diaria real con la que clasificar",,
Stewart Luya,clubes de voleibol,entidad,8,21282.0,2660.0,media,SIN_DATOS_60D,"el exportador automático de GSC agrega por página sobre 35 días, todavía no hay serie diaria real con la que clasificar",,
Stewart Luya,Copa de la Liga,entidad,33,20920.0,634.0,alta,SIN_DATOS_60D,"el exportador automático de GSC agrega por página sobre 35 días, todavía no hay serie diaria real con la que clasificar",,
Stewart Luya,FC Cajamarca,entidad,22,20904.0,950.0,alta,SIN_DATOS_60D,"el exportador automático de GSC agrega por página sobre 35 días, todavía no hay serie diaria real con la que clasificar",,
Stewart Luya,Circolo Sportivo Italiano,entidad,4,20421.0,5105.0,media,SIN_DATOS_60D,"el exportador automático de GSC agrega por página sobre 35 días, todavía no hay serie diaria real con la que clasificar",,
Stewart Luya,Copa Sudamericana,entidad,41,20138.0,491.0,alta,SIN_DATOS_60D,"el exportador automático de GSC agrega por página sobre 35 días, todavía no hay serie diaria real con la que clasificar",,
Stewart Luya,figura de alianza,tema,2,20021.0,10010.0,baja,SIN_DATOS_60D,"el exportador automático de GSC agrega por página sobre 35 días, todavía no hay serie diaria real con la que clasificar",,
Stewart Luya,Copa Panamericana Sub,entidad,10,19904.0,1990.0,alta,SIN_DATOS_60D,"el exportador automático de GSC agrega por página sobre 35 días, todavía no hay serie diaria real con la que clasificar",,
Stewart Luya,posiciones de la copa,entidad,8,19493.0,2437.0,media,SIN_DATOS_60D,"el exportador automático de GSC agrega por página sobre 35 días, todavía no hay serie diaria real con la que clasificar",,
Stewart Luya,Cienciano,entidad,33,18946.0,574.0,alta,SIN_DATOS_60D,"el exportador automático de GSC agrega por página sobre 35 días, todavía no hay serie diaria real con la que clasificar",,
Stewart Luya,nuevos refuerzos,tema,15,18829.0,1255.0,alta,SIN_DATOS_60D,"el exportador automático de GSC agrega por página sobre 35 días, todavía no hay serie diaria real con la que clasificar",,
Stewart Luya,fecha del torneo,tema,24,18734.0,781.0,alta,SIN_DATOS_60D,"el exportador automático de GSC agrega por página sobre 35 días, todavía no hay serie diaria real con la que clasificar",,
Stewart Luya,liga resultados,entidad,15,18472.0,1231.0,alta,SIN_DATOS_60D,"el exportador automático de GSC agrega por página sobre 35 días, todavía no hay serie diaria real con la que clasificar",,
Stewart Luya,Copa Libertadores,entidad,55,17922.0,326.0,alta,SIN_DATOS_60D,"el exportador automático de GSC agrega por página sobre 35 días, todavía no hay serie diaria real con la que clasificar",,
Stewart Luya,Vóley,entidad,5,17917.0,3583.0,media,SIN_DATOS_60D,"el exportador automático de GSC agrega por página sobre 35 días, todavía no hay serie diaria real con la que clasificar",,
Stewart Luya,altas bajas,tema,8,17627.0,2203.0,media,SIN_DATOS_60D,"el exportador automático de GSC agrega por página sobre 35 días, todavía no hay serie diaria real con la que clasificar",,
Stewart Luya,mundial de vóley,entidad,10,16910.0,1691.0,alta,SIN_DATOS_60D,"el exportador automático de GSC agrega por página sobre 35 días, todavía no hay serie diaria real con la que clasificar",,
Stewart Luya,convocada a la selección,entidad,2,16266.0,8133.0,baja,SIN_DATOS_60D,"el exportador automático de GSC agrega por página sobre 35 días, todavía no hay serie diaria real con la que clasificar",,
Stewart Luya,Liga FC Cajamarca,entidad,9,16123.0,1791.0,media,SIN_DATOS_60D,"el exportador automático de GSC agrega por página sobre 35 días, todavía no hay serie diaria real con la que clasificar",,
Stewart Luya,previa del partido,tema,19,16027.0,844.0,alta,SIN_DATOS_60D,"el exportador automático de GSC agrega por página sobre 35 días, todavía no hay serie diaria real con la que clasificar",,
Stewart Luya,dos nuevos,tema,11,14703.0,1337.0,alta,SIN_DATOS_60D,"el exportador automático de GSC agrega por página sobre 35 días, todavía no hay serie diaria real con la que clasificar",,
Stewart Luya,Atlético Grau,entidad,19,14557.0,766.0,alta,SIN_DATOS_60D,"el exportador automático de GSC agrega por página sobre 35 días, todavía no hay serie diaria real con la que clasificar",,
Stewart Luya,semifinales del sudamericano,entidad,3,14472.0,4824.0,media,SIN_DATOS_60D,"el exportador automático de GSC agrega por página sobre 35 días, todavía no hay serie diaria real con la que clasificar",,
Stewart Luya,semifinales de la copa,entidad,10,14396.0,1440.0,alta,SIN_DATOS_60D,"el exportador automático de GSC agrega por página sobre 35 días, todavía no hay serie diaria real con la que clasificar",,
Stewart Luya,Liga Alianza Lima,entidad,6,14344.0,2391.0,media,SIN_DATOS_60D,"el exportador automático de GSC agrega por página sobre 35 días, todavía no hay serie diaria real con la que clasificar",,
Stewart Luya,Universitario,entidad,22,13956.0,634.0,alta,SIN_DATOS_60D,"el exportador automático de GSC agrega por página sobre 35 días, todavía no hay serie diaria real con la que clasificar",,
Stewart Luya,Copa América de Futsal,entidad,5,13757.0,2751.0,media,SIN_DATOS_60D,"el exportador automático de GSC agrega por página sobre 35 días, todavía no hay serie diaria real con la que clasificar",,
Stewart Luya,lima vs,entidad,32,13645.0,426.0,alta,SIN_DATOS_60D,"el exportador automático de GSC agrega por página sobre 35 días, todavía no hay serie diaria real con la que clasificar",,
Stewart Luya,Deportivo Soan,entidad,7,13627.0,1947.0,media,SIN_DATOS_60D,"el exportador automático de GSC agrega por página sobre 35 días, todavía no hay serie diaria real con la que clasificar",,
Stewart Luya,italiano se refuerza,tema,2,13250.0,6625.0,baja,SIN_DATOS_60D,"el exportador automático de GSC agrega por página sobre 35 días, todavía no hay serie diaria real con la que clasificar",,
Stewart Luya,fecha de la fase,entidad,17,13175.0,775.0,alta,SIN_DATOS_60D,"el exportador automático de GSC agrega por página sobre 35 días, todavía no hay serie diaria real con la que clasificar",,
Stewart Luya,Matute,entidad,6,12933.0,2156.0,media,SIN_DATOS_60D,"el exportador automático de GSC agrega por página sobre 35 días, todavía no hay serie diaria real con la que clasificar",,
Stewart Luya,Campeonato Sudamericano,entidad,4,12272.0,3068.0,media,SIN_DATOS_60D,"el exportador automático de GSC agrega por página sobre 35 días, todavía no hay serie diaria real con la que clasificar",,
Stewart Luya,bajas y renovaciones,tema,2,12270.0,6135.0,baja,SIN_DATOS_60D,"el exportador automático de GSC agrega por página sobre 35 días, todavía no hay serie diaria real con la que clasificar",,
Stewart Luya,renovaciones para la liga,entidad,2,12270.0,6135.0,baja,SIN_DATOS_60D,"el exportador automático de GSC agrega por página sobre 35 días, todavía no hay serie diaria real con la que clasificar",,
Stewart Luya,Etapa Nacional,entidad,24,12269.0,511.0,alta,SIN_DATOS_60D,"el exportador automático de GSC agrega por página sobre 35 días, todavía no hay serie diaria real con la que clasificar",,
Stewart Luya,Brasil,entidad,11,12157.0,1105.0,alta,SIN_DATOS_60D,"el exportador automático de GSC agrega por página sobre 35 días, todavía no hay serie diaria real con la que clasificar",,
Stewart Luya,ex alianza,tema,4,12068.0,3017.0,media,SIN_DATOS_60D,"el exportador automático de GSC agrega por página sobre 35 días, todavía no hay serie diaria real con la que clasificar",,
Stewart Luya,Bulgaria,entidad,2,11792.0,5896.0,baja,SIN_DATOS_60D,"el exportador automático de GSC agrega por página sobre 35 días, todavía no hay serie diaria real con la que clasificar",,
Stewart Luya,Regatas Lima,entidad,11,11792.0,1072.0,alta,SIN_DATOS_60D,"el exportador automático de GSC agrega por página sobre 35 días, todavía no hay serie diaria real con la que clasificar",,
Stewart Luya,Alianza Atlético,entidad,37,11757.0,318.0,alta,SIN_DATOS_60D,"el exportador automático de GSC agrega por página sobre 35 días, todavía no hay serie diaria real con la que clasificar",,
Stewart Luya,campeonato sudamericano de clubes,entidad,2,11756.0,5878.0,baja,SIN_DATOS_60D,"el exportador automático de GSC agrega por página sobre 35 días, todavía no hay serie diaria real con la que clasificar",,
Stewart Luya,temporada de la liga,entidad,4,11415.0,2854.0,media,SIN_DATOS_60D,"el exportador automático de GSC agrega por página sobre 35 días, todavía no hay serie diaria real con la que clasificar",,
Stewart Luya,posiciones del campeonato,entidad,5,11343.0,2269.0,media,SIN_DATOS_60D,"el exportador automático de GSC agrega por página sobre 35 días, todavía no hay serie diaria real con la que clasificar",,
Stewart Luya,Vóley Sub de Chile,entidad,3,11204.0,3735.0,media,SIN_DATOS_60D,"el exportador automático de GSC agrega por página sobre 35 días, todavía no hay serie diaria real con la que clasificar",,
Stewart Luya,programación de la fecha,tema,13,10973.0,844.0,alta,SIN_DATOS_60D,"el exportador automático de GSC agrega por página sobre 35 días, todavía no hay serie diaria real con la que clasificar",,
Stewart Luya,fecha de la liga,entidad,14,10860.0,776.0,alta,SIN_DATOS_60D,"el exportador automático de GSC agrega por página sobre 35 días, todavía no hay serie diaria real con la que clasificar",,
Stewart Luya,refuerza con ex,tema,12,10498.0,875.0,alta,SIN_DATOS_60D,"el exportador automático de GSC agrega por página sobre 35 días, todavía no hay serie diaria real con la que clasificar",,
Stewart Luya,disputar la copa,entidad,6,10449.0,1742.0,media,SIN_DATOS_60D,"el exportador automático de GSC agrega por página sobre 35 días, todavía no hay serie diaria real con la que clasificar",,
Stewart Luya,nuevo refuerzo,tema,16,10428.0,652.0,alta,SIN_DATOS_60D,"el exportador automático de GSC agrega por página sobre 35 días, todavía no hay serie diaria real con la que clasificar",,
Stewart Luya,deportes vs,entidad,18,10319.0,573.0,alta,SIN_DATOS_60D,"el exportador automático de GSC agrega por página sobre 35 días, todavía no hay serie diaria real con la que clasificar",,
Stewart Luya,Campeonato,entidad,4,10247.0,2562.0,media,SIN_DATOS_60D,"el exportador automático de GSC agrega por página sobre 35 días, todavía no hay serie diaria real con la que clasificar",,
Stewart Luya,Sport Boys,entidad,21,10247.0,488.0,alta,SIN_DATOS_60D,"el exportador automático de GSC agrega por página sobre 35 días, todavía no hay serie diaria real con la que clasificar",,
Stewart Luya,Comisión Disciplinaria,entidad,12,10167.0,847.0,alta,SIN_DATOS_60D,"el exportador automático de GSC agrega por página sobre 35 días, todavía no hay serie diaria real con la que clasificar",,
Stewart Luya,campeonato mundial,entidad,3,10153.0,3384.0,media,SIN_DATOS_60D,"el exportador automático de GSC agrega por página sobre 35 días, todavía no hay serie diaria real con la que clasificar",,
Stewart Luya,fichajes de alianza,tema,2,10100.0,5050.0,baja,SIN_DATOS_60D,"el exportador automático de GSC agrega por página sobre 35 días, todavía no hay serie diaria real con la que clasificar",,
Stewart Luya,Cusco FC,entidad,22,9954.0,452.0,alta,SIN_DATOS_60D,"el exportador automático de GSC agrega por página sobre 35 días, todavía no hay serie diaria real con la que clasificar",,
Stewart Luya,fecha del torneo apertura,entidad,14,9690.0,692.0,alta,SIN_DATOS_60D,"el exportador automático de GSC agrega por página sobre 35 días, todavía no hay serie diaria real con la que clasificar",,
Stewart Luya,División,entidad,8,9435.0,1179.0,media,SIN_DATOS_60D,"el exportador automático de GSC agrega por página sobre 35 días, todavía no hay serie diaria real con la que clasificar",,
Stewart Luya,ADT de Tarma,entidad,21,9417.0,448.0,alta,SIN_DATOS_60D,"el exportador automático de GSC agrega por página sobre 35 días, todavía no hay serie diaria real con la que clasificar",,
Stewart Luya,primera vez,tema,2,9295.0,4648.0,baja,SIN_DATOS_60D,"el exportador automático de GSC agrega por página sobre 35 días, todavía no hay serie diaria real con la que clasificar",,
Stewart Luya,cuartos de final,tema,11,9256.0,841.0,alta,SIN_DATOS_60D,"el exportador automático de GSC agrega por página sobre 35 días, todavía no hay serie diaria real con la que clasificar",,
Stewart Luya,vóley alianza,entidad,5,9255.0,1851.0,media,SIN_DATOS_60D,"el exportador automático de GSC agrega por página sobre 35 días, todavía no hay serie diaria real con la que clasificar",,
Stewart Luya,semifinales del campeonato,entidad,2,9134.0,4567.0,baja,SIN_DATOS_60D,"el exportador automático de GSC agrega por página sobre 35 días, todavía no hay serie diaria real con la que clasificar",,
Stewart Luya,triunfo en la liga,entidad,9,9048.0,1005.0,media,SIN_DATOS_60D,"el exportador automático de GSC agrega por página sobre 35 días, todavía no hay serie diaria real con la que clasificar",,
Stewart Luya,fecha del torneo clausura,entidad,10,9044.0,904.0,alta,SIN_DATOS_60D,"el exportador automático de GSC agrega por página sobre 35 días, todavía no hay serie diaria real con la que clasificar",,
Stewart Luya,vs alianza,entidad,25,8931.0,357.0,alta,SIN_DATOS_60D,"el exportador automático de GSC agrega por página sobre 35 días, todavía no hay serie diaria real con la que clasificar",,
Stewart Luya,Deportivo Moquegua,entidad,19,8898.0,468.0,alta,SIN_DATOS_60D,"el exportador automático de GSC agrega por página sobre 35 días, todavía no hay serie diaria real con la que clasificar",,
Stewart Luya,Ayacucho,entidad,2,8728.0,4364.0,baja,SIN_DATOS_60D,"el exportador automático de GSC agrega por página sobre 35 días, todavía no hay serie diaria real con la que clasificar",,
Stewart Luya,fecha de la etapa,entidad,4,8714.0,2178.0,media,SIN_DATOS_60D,"el exportador automático de GSC agrega por página sobre 35 días, todavía no hay serie diaria real con la que clasificar",,
Stewart Luya,peruano jesús,tema,2,8662.0,4331.0,baja,SIN_DATOS_60D,"el exportador automático de GSC agrega por página sobre 35 días, todavía no hay serie diaria real con la que clasificar",,
Stewart Luya,Comerciantes FC,entidad,8,8530.0,1066.0,media,SIN_DATOS_60D,"el exportador automático de GSC agrega por página sobre 35 días, todavía no hay serie diaria real con la que clasificar",,
Stewart Luya,Selección,entidad,4,8373.0,2093.0,media,SIN_DATOS_60D,"el exportador automático de GSC agrega por página sobre 35 días, todavía no hay serie diaria real con la que clasificar",,
Stewart Luya,Liga Deportivo Municipal,entidad,2,8364.0,4182.0,baja,SIN_DATOS_60D,"el exportador automático de GSC agrega por página sobre 35 días, todavía no hay serie diaria real con la que clasificar",,
Stewart Luya,flamante refuerzo,tema,2,8346.0,4173.0,baja,SIN_DATOS_60D,"el exportador automático de GSC agrega por página sobre 35 días, todavía no hay serie diaria real con la que clasificar",,
Stewart Luya,Etapa Nacional de la Copa,entidad,5,8338.0,1668.0,media,SIN_DATOS_60D,"el exportador automático de GSC agrega por página sobre 35 días, todavía no hay serie diaria real con la que clasificar",,
Stewart Luya,octavos de final,tema,19,8328.0,438.0,alta,SIN_DATOS_60D,"el exportador automático de GSC agrega por página sobre 35 días, todavía no hay serie diaria real con la que clasificar",,
Stewart Luya,Liga Sport Huancayo,entidad,8,8310.0,1039.0,media,SIN_DATOS_60D,"el exportador automático de GSC agrega por página sobre 35 días, todavía no hay serie diaria real con la que clasificar",,
Stewart Luya,selección argentina,entidad,2,8298.0,4149.0,baja,SIN_DATOS_60D,"el exportador automático de GSC agrega por página sobre 35 días, todavía no hay serie diaria real con la que clasificar",,
Stewart Luya,refuerzo para la liga,entidad,3,8168.0,2723.0,media,SIN_DATOS_60D,"el exportador automático de GSC agrega por página sobre 35 días, todavía no hay serie diaria real con la que clasificar",,
Stewart Luya,selección peruana,entidad,12,8166.0,680.0,alta,SIN_DATOS_60D,"el exportador automático de GSC agrega por página sobre 35 días, todavía no hay serie diaria real con la que clasificar",,
Stewart Luya,Liga Estudiantil CNI,entidad,6,8114.0,1352.0,media,SIN_DATOS_60D,"el exportador automático de GSC agrega por página sobre 35 días, todavía no hay serie diaria real con la que clasificar",,
Stewart Luya,mercado de pases,tema,7,8025.0,1146.0,media,SIN_DATOS_60D,"el exportador automático de GSC agrega por página sobre 35 días, todavía no hay serie diaria real con la que clasificar",,
Stewart Luya,suma dos,tema,8,7977.0,997.0,media,SIN_DATOS_60D,"el exportador automático de GSC agrega por página sobre 35 días, todavía no hay serie diaria real con la que clasificar",,
Stewart Luya,cajamarca se refuerza,entidad,5,7949.0,1590.0,media,SIN_DATOS_60D,"el exportador automático de GSC agrega por página sobre 35 días, todavía no hay serie diaria real con la que clasificar",,
Stewart Luya,Unión Minas,entidad,8,7947.0,993.0,media,SIN_DATOS_60D,"el exportador automático de GSC agrega por página sobre 35 días, todavía no hay serie diaria real con la que clasificar",,
Stewart Luya,corta su racha,tema,2,7942.0,3971.0,baja,SIN_DATOS_60D,"el exportador automático de GSC agrega por página sobre 35 días, todavía no hay serie diaria real con la que clasificar",,
Stewart Luya,UTC,entidad,10,7865.0,786.0,alta,SIN_DATOS_60D,"el exportador automático de GSC agrega por página sobre 35 días, todavía no hay serie diaria real con la que clasificar",,
Stewart Luya,refuerzos para la liga,entidad,4,7855.0,1964.0,media,SIN_DATOS_60D,"el exportador automático de GSC agrega por página sobre 35 días, todavía no hay serie diaria real con la que clasificar",,
Stewart Luya,Unión Santo,entidad,9,7643.0,849.0,media,SIN_DATOS_60D,"el exportador automático de GSC agrega por página sobre 35 días, todavía no hay serie diaria real con la que clasificar",,
Stewart Luya,Fase Regional,entidad,9,7541.0,838.0,media,SIN_DATOS_60D,"el exportador automático de GSC agrega por página sobre 35 días, todavía no hay serie diaria real con la que clasificar",,
Stewart Luya,Corea del Sur,entidad,5,7387.0,1477.0,media,SIN_DATOS_60D,"el exportador automático de GSC agrega por página sobre 35 días, todavía no hay serie diaria real con la que clasificar",,
Stewart Luya,Copa Sudamericana de Vóley,entidad,5,7306.0,1461.0,media,SIN_DATOS_60D,"el exportador automático de GSC agrega por página sobre 35 días, todavía no hay serie diaria real con la que clasificar",,
Stewart Luya,Chankas,entidad,15,7222.0,481.0,alta,SIN_DATOS_60D,"el exportador automático de GSC agrega por página sobre 35 días, todavía no hay serie diaria real con la que clasificar",,
Stewart Luya,mundial de voleibol,entidad,6,7138.0,1190.0,media,SIN_DATOS_60D,"el exportador automático de GSC agrega por página sobre 35 días, todavía no hay serie diaria real con la que clasificar",,
Stewart Luya,vs alianza lima,entidad,19,7120.0,375.0,alta,SIN_DATOS_60D,"el exportador automático de GSC agrega por página sobre 35 días, todavía no hay serie diaria real con la que clasificar",,
Stewart Luya,vs universitario,entidad,9,7071.0,786.0,media,SIN_DATOS_60D,"el exportador automático de GSC agrega por página sobre 35 días, todavía no hay serie diaria real con la que clasificar",,
Stewart Luya,selección peruana de vóley,entidad,4,7054.0,1764.0,media,SIN_DATOS_60D,"el exportador automático de GSC agrega por página sobre 35 días, todavía no hay serie diaria real con la que clasificar",,
Stewart Luya,república dominicana,entidad,3,6850.0,2283.0,media,SIN_DATOS_60D,"el exportador automático de GSC agrega por página sobre 35 días, todavía no hay serie diaria real con la que clasificar",,
Stewart Luya,Liga César Vallejo,entidad,4,6809.0,1702.0,media,SIN_DATOS_60D,"el exportador automático de GSC agrega por página sobre 35 días, todavía no hay serie diaria real con la que clasificar",,
Stewart Luya,Copa Federación,entidad,2,6789.0,3394.0,baja,SIN_DATOS_60D,"el exportador automático de GSC agrega por página sobre 35 días, todavía no hay serie diaria real con la que clasificar",,
Stewart Luya,suma un nuevo,tema,12,6768.0,564.0,alta,SIN_DATOS_60D,"el exportador automático de GSC agrega por página sobre 35 días, todavía no hay serie diaria real con la que clasificar",,
Stewart Luya,Voleibol Femenino Sub,entidad,5,6754.0,1351.0,media,SIN_DATOS_60D,"el exportador automático de GSC agrega por página sobre 35 días, todavía no hay serie diaria real con la que clasificar",,
Stewart Luya,UTC de Cajamarca,entidad,7,6731.0,962.0,media,SIN_DATOS_60D,"el exportador automático de GSC agrega por página sobre 35 días, todavía no hay serie diaria real con la que clasificar",,
Stewart Luya,bombazo en la liga,entidad,3,6653.0,2218.0,media,SIN_DATOS_60D,"el exportador automático de GSC agrega por página sobre 35 días, todavía no hay serie diaria real con la que clasificar",,
Stewart Luya,tercera división,entidad,7,6588.0,941.0,media,SIN_DATOS_60D,"el exportador automático de GSC agrega por página sobre 35 días, todavía no hay serie diaria real con la que clasificar",,
Stewart Luya,equipo de pablo,tema,2,6477.0,3238.0,baja,SIN_DATOS_60D,"el exportador automático de GSC agrega por página sobre 35 días, todavía no hay serie diaria real con la que clasificar",,
Stewart Luya,histórico triunfo,tema,2,6404.0,3202.0,baja,SIN_DATOS_60D,"el exportador automático de GSC agrega por página sobre 35 días, todavía no hay serie diaria real con la que clasificar",,
Stewart Luya,pacta amistoso,tema,2,6336.0,3168.0,baja,SIN_DATOS_60D,"el exportador automático de GSC agrega por página sobre 35 días, todavía no hay serie diaria real con la que clasificar",,
Stewart Luya,Sesi Volei Bauru,entidad,3,6324.0,2108.0,media,SIN_DATOS_60D,"el exportador automático de GSC agrega por página sobre 35 días, todavía no hay serie diaria real con la que clasificar",,
Stewart Luya,Liga Femenina,entidad,4,6283.0,1571.0,media,SIN_DATOS_60D,"el exportador automático de GSC agrega por página sobre 35 días, todavía no hay serie diaria real con la que clasificar",,
Stewart Luya,suma un nuevo refuerzo,tema,9,6163.0,685.0,media,SIN_DATOS_60D,"el exportador automático de GSC agrega por página sobre 35 días, todavía no hay serie diaria real con la que clasificar",,
Stewart Luya,Grupo,entidad,19,6009.0,316.0,alta,SIN_DATOS_60D,"el exportador automático de GSC agrega por página sobre 35 días, todavía no hay serie diaria real con la que clasificar",,
Stewart Luya,inicio del torneo,tema,9,5854.0,650.0,media,SIN_DATOS_60D,"el exportador automático de GSC agrega por página sobre 35 días, todavía no hay serie diaria real con la que clasificar",,
Stewart Luya,cajamarca ficha,entidad,2,5850.0,2925.0,baja,SIN_DATOS_60D,"el exportador automático de GSC agrega por página sobre 35 días, todavía no hay serie diaria real con la que clasificar",,
Stewart Luya,vs san,entidad,9,5850.0,650.0,media,SIN_DATOS_60D,"el exportador automático de GSC agrega por página sobre 35 días, todavía no hay serie diaria real con la que clasificar",,
Stewart Luya,Deportivo Garcilaso,entidad,17,5831.0,343.0,alta,SIN_DATOS_60D,"el exportador automático de GSC agrega por página sobre 35 días, todavía no hay serie diaria real con la que clasificar",,
Stewart Luya,liga de naciones,entidad,3,5786.0,1929.0,media,SIN_DATOS_60D,"el exportador automático de GSC agrega por página sobre 35 días, todavía no hay serie diaria real con la que clasificar",,
Stewart Luya,naciones de voleibol,entidad,3,5786.0,1929.0,media,SIN_DATOS_60D,"el exportador automático de GSC agrega por página sobre 35 días, todavía no hay serie diaria real con la que clasificar",,
Stewart Luya,Suecia,entidad,2,5726.0,2863.0,baja,SIN_DATOS_60D,"el exportador automático de GSC agrega por página sobre 35 días, todavía no hay serie diaria real con la que clasificar",,
Stewart Luya,cuándo inicia,tema,6,5699.0,950.0,media,SIN_DATOS_60D,"el exportador automático de GSC agrega por página sobre 35 días, todavía no hay serie diaria real con la que clasificar",,
Stewart Luya,semana complicada,tema,2,5673.0,2836.0,baja,SIN_DATOS_60D,"el exportador automático de GSC agrega por página sobre 35 días, todavía no hay serie diaria real con la que clasificar",,
Stewart Luya,segunda división,entidad,10,5655.0,566.0,alta,SIN_DATOS_60D,"el exportador automático de GSC agrega por página sobre 35 días, todavía no hay serie diaria real con la que clasificar",,
Stewart Luya,fixture oficial,tema,2,5598.0,2799.0,baja,SIN_DATOS_60D,"el exportador automático de GSC agrega por página sobre 35 días, todavía no hay serie diaria real con la que clasificar",,
Stewart Luya,Liga Deportivo Garcilaso,entidad,4,5493.0,1373.0,media,SIN_DATOS_60D,"el exportador automático de GSC agrega por página sobre 35 días, todavía no hay serie diaria real con la que clasificar",,
Stewart Luya,Bundesliga,entidad,10,5473.0,547.0,alta,SIN_DATOS_60D,"el exportador automático de GSC agrega por página sobre 35 días, todavía no hay serie diaria real con la que clasificar",,
Stewart Luya,Juan Aurich,entidad,7,5400.0,771.0,media,SIN_DATOS_60D,"el exportador automático de GSC agrega por página sobre 35 días, todavía no hay serie diaria real con la que clasificar",,
Stewart Luya,cuatro refuerzos,tema,4,5385.0,1346.0,media,SIN_DATOS_60D,"el exportador automático de GSC agrega por página sobre 35 días, todavía no hay serie diaria real con la que clasificar",,
Stewart Luya,Liga Unión Comercio,entidad,8,5339.0,667.0,media,SIN_DATOS_60D,"el exportador automático de GSC agrega por página sobre 35 días, todavía no hay serie diaria real con la que clasificar",,
Stewart Luya,ex universitario,entidad,3,5307.0,1769.0,media,SIN_DATOS_60D,"el exportador automático de GSC agrega por página sobre 35 días, todavía no hay serie diaria real con la que clasificar",,
Stewart Luya,Botafogo,entidad,5,5273.0,1055.0,media,SIN_DATOS_60D,"el exportador automático de GSC agrega por página sobre 35 días, todavía no hay serie diaria real con la que clasificar",,
Stewart Luya,campeón de la liga,entidad,4,5224.0,1306.0,media,SIN_DATOS_60D,"el exportador automático de GSC agrega por página sobre 35 días, todavía no hay serie diaria real con la que clasificar",,
Stewart Luya,bauru y se despide,tema,2,5198.0,2599.0,baja,SIN_DATOS_60D,"el exportador automático de GSC agrega por página sobre 35 días, todavía no hay serie diaria real con la que clasificar",,
Stewart Luya,despide del sudamericano,entidad,2,5198.0,2599.0,baja,SIN_DATOS_60D,"el exportador automático de GSC agrega por página sobre 35 días, todavía no hay serie diaria real con la que clasificar",,
Stewart Luya,Liga Unión Minas,entidad,4,5179.0,1295.0,media,SIN_DATOS_60D,"el exportador automático de GSC agrega por página sobre 35 días, todavía no hay serie diaria real con la que clasificar",,
Stewart Luya,disciplinaria sanciona,entidad,5,5104.0,1021.0,media,SIN_DATOS_60D,"el exportador automático de GSC agrega por página sobre 35 días, todavía no hay serie diaria real con la que clasificar",,
Stewart Luya,final de la liga,entidad,4,5097.0,1274.0,media,SIN_DATOS_60D,"el exportador automático de GSC agrega por página sobre 35 días, todavía no hay serie diaria real con la que clasificar",,
Stewart Luya,Osasco,entidad,3,5067.0,1689.0,media,SIN_DATOS_60D,"el exportador automático de GSC agrega por página sobre 35 días, todavía no hay serie diaria real con la que clasificar",,
Stewart Luya,inicio del torneo clausura,entidad,7,5059.0,723.0,media,SIN_DATOS_60D,"el exportador automático de GSC agrega por página sobre 35 días, todavía no hay serie diaria real con la que clasificar",,
Stewart Luya,final del mundial,tema,15,5052.0,337.0,alta,SIN_DATOS_60D,"el exportador automático de GSC agrega por página sobre 35 días, todavía no hay serie diaria real con la que clasificar",,
Stewart Luya,horarios confirmados,tema,5,5034.0,1007.0,media,SIN_DATOS_60D,"el exportador automático de GSC agrega por página sobre 35 días, todavía no hay serie diaria real con la que clasificar",,
Stewart Luya,Liga Comisión Disciplinaria,entidad,3,5033.0,1678.0,media,SIN_DATOS_60D,"el exportador automático de GSC agrega por página sobre 35 días, todavía no hay serie diaria real con la que clasificar",,
Stewart Luya,copa perú defensor,entidad,3,5008.0,1669.0,media,SIN_DATOS_60D,"el exportador automático de GSC agrega por página sobre 35 días, todavía no hay serie diaria real con la que clasificar",,
Stewart Luya,histórico equipo,tema,4,4963.0,1241.0,media,SIN_DATOS_60D,"el exportador automático de GSC agrega por página sobre 35 días, todavía no hay serie diaria real con la que clasificar",,
Stewart Luya,Campeonato Nacional Tradición Copera,entidad,12,4943.0,412.0,alta,SIN_DATOS_60D,"el exportador automático de GSC agrega por página sobre 35 días, todavía no hay serie diaria real con la que clasificar",,
Stewart Luya,refuerzo de lujo,tema,3,4917.0,1639.0,media,SIN_DATOS_60D,"el exportador automático de GSC agrega por página sobre 35 días, todavía no hay serie diaria real con la que clasificar",,
Stewart Luya,liga del fútbol,entidad,2,4887.0,2444.0,baja,SIN_DATOS_60D,"el exportador automático de GSC agrega por página sobre 35 días, todavía no hay serie diaria real con la que clasificar",,
Stewart Luya,refuerza con campeón,tema,2,4887.0,2444.0,baja,SIN_DATOS_60D,"el exportador automático de GSC agrega por página sobre 35 días, todavía no hay serie diaria real con la que clasificar",,
Stewart Luya,gerdau minas,entidad,2,4783.0,2392.0,baja,SIN_DATOS_60D,"el exportador automático de GSC agrega por página sobre 35 días, todavía no hay serie diaria real con la que clasificar",,
Stewart Luya,Fase Regional de la Liga,entidad,8,4741.0,593.0,media,SIN_DATOS_60D,"el exportador automático de GSC agrega por página sobre 35 días, todavía no hay serie diaria real con la que clasificar",,
Stewart Luya,terrible noticia,tema,11,4741.0,431.0,alta,SIN_DATOS_60D,"el exportador automático de GSC agrega por página sobre 35 días, todavía no hay serie diaria real con la que clasificar",,
Stewart Luya,Liga Universitario de Deportes,entidad,7,4718.0,674.0,media,SIN_DATOS_60D,"el exportador automático de GSC agrega por página sobre 35 días, todavía no hay serie diaria real con la que clasificar",,
Stewart Luya,dónde comprar,tema,6,4678.0,780.0,media,SIN_DATOS_60D,"el exportador automático de GSC agrega por página sobre 35 días, todavía no hay serie diaria real con la que clasificar",,
Stewart Luya,Conmebol,entidad,3,4676.0,1559.0,media,SIN_DATOS_60D,"el exportador automático de GSC agrega por página sobre 35 días, todavía no hay serie diaria real con la que clasificar",,
Stewart Luya,fase de la liga,entidad,3,4670.0,1557.0,media,SIN_DATOS_60D,"el exportador automático de GSC agrega por página sobre 35 días, todavía no hay serie diaria real con la que clasificar",,
Stewart Luya,Juan Pablo II,entidad,15,4633.0,309.0,alta,SIN_DATOS_60D,"el exportador automático de GSC agrega por página sobre 35 días, todavía no hay serie diaria real con la que clasificar",,
Stewart Luya,Liga Deportivo Moquegua,entidad,6,4560.0,760.0,media,SIN_DATOS_60D,"el exportador automático de GSC agrega por página sobre 35 días, todavía no hay serie diaria real con la que clasificar",,
Stewart Luya,Chimbote,entidad,2,4556.0,2278.0,baja,SIN_DATOS_60D,"el exportador automático de GSC agrega por página sobre 35 días, todavía no hay serie diaria real con la que clasificar",,
Stewart Luya,nuevas bajas,tema,3,4540.0,1513.0,media,SIN_DATOS_60D,"el exportador automático de GSC agrega por página sobre 35 días, todavía no hay serie diaria real con la que clasificar",,
Stewart Luya,sacude el mercado,tema,8,4531.0,566.0,media,SIN_DATOS_60D,"el exportador automático de GSC agrega por página sobre 35 días, todavía no hay serie diaria real con la que clasificar",,
Stewart Luya,volleyball nations,entidad,3,4491.0,1497.0,media,SIN_DATOS_60D,"el exportador automático de GSC agrega por página sobre 35 días, todavía no hay serie diaria real con la que clasificar",,
Stewart Luya,César Vallejo,entidad,8,4455.0,557.0,media,SIN_DATOS_60D,"el exportador automático de GSC agrega por página sobre 35 días, todavía no hay serie diaria real con la que clasificar",,
Stewart Luya,Noche Blanquiazul Vóley,entidad,5,4447.0,889.0,media,SIN_DATOS_60D,"el exportador automático de GSC agrega por página sobre 35 días, todavía no hay serie diaria real con la que clasificar",,
Stewart Luya,liga programación,entidad,3,4429.0,1476.0,media,SIN_DATOS_60D,"el exportador automático de GSC agrega por página sobre 35 días, todavía no hay serie diaria real con la que clasificar",,
Stewart Luya,suma un refuerzo,tema,2,4426.0,2213.0,baja,SIN_DATOS_60D,"el exportador automático de GSC agrega por página sobre 35 días, todavía no hay serie diaria real con la que clasificar",,
Stewart Luya,Pirata FC,entidad,4,4365.0,1091.0,media,SIN_DATOS_60D,"el exportador automático de GSC agrega por página sobre 35 días, todavía no hay serie diaria real con la que clasificar",,
Stewart Luya,fecha y hora,tema,6,4344.0,724.0,media,SIN_DATOS_60D,"el exportador automático de GSC agrega por página sobre 35 días, todavía no hay serie diaria real con la que clasificar",,
Stewart Luya,inicia la liga,entidad,2,4274.0,2137.0,baja,SIN_DATOS_60D,"el exportador automático de GSC agrega por página sobre 35 días, todavía no hay serie diaria real con la que clasificar",,
Stewart Luya,league cuándo,entidad,2,4274.0,2137.0,baja,SIN_DATOS_60D,"el exportador automático de GSC agrega por página sobre 35 días, todavía no hay serie diaria real con la que clasificar",,
Stewart Luya,dos refuerzos,tema,3,4271.0,1424.0,media,SIN_DATOS_60D,"el exportador automático de GSC agrega por página sobre 35 días, todavía no hay serie diaria real con la que clasificar",,
Stewart Luya,refuerza con ex universitario,entidad,2,4197.0,2098.0,baja,SIN_DATOS_60D,"el exportador automático de GSC agrega por página sobre 35 días, todavía no hay serie diaria real con la que clasificar",,
Stewart Luya,Canadá,entidad,4,4165.0,1041.0,media,SIN_DATOS_60D,"el exportador automático de GSC agrega por página sobre 35 días, todavía no hay serie diaria real con la que clasificar",,
Stewart Luya,cuándo se jugarán,tema,2,4147.0,2074.0,baja,SIN_DATOS_60D,"el exportador automático de GSC agrega por página sobre 35 días, todavía no hay serie diaria real con la que clasificar",,
Stewart Luya,libertadores universitario,entidad,6,4145.0,691.0,media,SIN_DATOS_60D,"el exportador automático de GSC agrega por página sobre 35 días, todavía no hay serie diaria real con la que clasificar",,
Stewart Luya,Liga ADT de Tarma,entidad,8,4134.0,517.0,media,SIN_DATOS_60D,"el exportador automático de GSC agrega por página sobre 35 días, todavía no hay serie diaria real con la que clasificar",,
Stewart Luya,contundente comunicado,tema,10,4129.0,413.0,alta,SIN_DATOS_60D,"el exportador automático de GSC agrega por página sobre 35 días, todavía no hay serie diaria real con la que clasificar",,
Stewart Luya,final de la copa,entidad,16,4101.0,256.0,alta,SIN_DATOS_60D,"el exportador automático de GSC agrega por página sobre 35 días, todavía no hay serie diaria real con la que clasificar",,
Stewart Luya,Sergio Peña,entidad,7,4081.0,583.0,media,SIN_DATOS_60D,"el exportador automático de GSC agrega por página sobre 35 días, todavía no hay serie diaria real con la que clasificar",,
Stewart Luya,Sub,entidad,3,4038.0,1346.0,media,SIN_DATOS_60D,"el exportador automático de GSC agrega por página sobre 35 días, todavía no hay serie diaria real con la que clasificar",,
Stewart Luya,primera división,entidad,17,4017.0,236.0,alta,SIN_DATOS_60D,"el exportador automático de GSC agrega por página sobre 35 días, todavía no hay serie diaria real con la que clasificar",,
Stewart Luya,refuerzos para la temporada,tema,3,4008.0,1336.0,media,SIN_DATOS_60D,"el exportador automático de GSC agrega por página sobre 35 días, todavía no hay serie diaria real con la que clasificar",,
Stewart Luya,fc vs,entidad,4,4001.0,1000.0,media,SIN_DATOS_60D,"el exportador automático de GSC agrega por página sobre 35 días, todavía no hay serie diaria real con la que clasificar",,
Stewart Luya,presente temporada,tema,2,3967.0,1984.0,baja,SIN_DATOS_60D,"el exportador automático de GSC agrega por página sobre 35 días, todavía no hay serie diaria real con la que clasificar",,
Stewart Luya,Géminis,entidad,4,3898.0,974.0,media,SIN_DATOS_60D,"el exportador automático de GSC agrega por página sobre 35 días, todavía no hay serie diaria real con la que clasificar",,
Stewart Luya,suma dos nuevos,tema,5,3896.0,779.0,media,SIN_DATOS_60D,"el exportador automático de GSC agrega por página sobre 35 días, todavía no hay serie diaria real con la que clasificar",,
Stewart Luya,bicampeón de la liga,entidad,2,3889.0,1944.0,baja,SIN_DATOS_60D,"el exportador automático de GSC agrega por página sobre 35 días, todavía no hay serie diaria real con la que clasificar",,
Stewart Luya,refuerza con bicampeón,tema,2,3889.0,1944.0,baja,SIN_DATOS_60D,"el exportador automático de GSC agrega por página sobre 35 días, todavía no hay serie diaria real con la que clasificar",,
Stewart Luya,sorprende y se refuerza,tema,12,3875.0,323.0,alta,SIN_DATOS_60D,"el exportador automático de GSC agrega por página sobre 35 días, todavía no hay serie diaria real con la que clasificar",,
Stewart Luya,dos nuevas,tema,2,3850.0,1925.0,baja,SIN_DATOS_60D,"el exportador automático de GSC agrega por página sobre 35 días, todavía no hay serie diaria real con la que clasificar",,
Stewart Luya,tercer lugar,tema,2,3835.0,1918.0,baja,SIN_DATOS_60D,"el exportador automático de GSC agrega por página sobre 35 días, todavía no hay serie diaria real con la que clasificar",,
Stewart Luya,vs sporting,entidad,5,3831.0,766.0,media,SIN_DATOS_60D,"el exportador automático de GSC agrega por página sobre 35 días, todavía no hay serie diaria real con la que clasificar",,
Stewart Luya,Universidad San Martín,entidad,3,3828.0,1276.0,media,SIN_DATOS_60D,"el exportador automático de GSC agrega por página sobre 35 días, todavía no hay serie diaria real con la que clasificar",,
Stewart Luya,mete miedo,tema,6,3826.0,638.0,media,SIN_DATOS_60D,"el exportador automático de GSC agrega por página sobre 35 días, todavía no hay serie diaria real con la que clasificar",,
Stewart Luya,fc y sporting,entidad,5,3814.0,763.0,media,SIN_DATOS_60D,"el exportador automático de GSC agrega por página sobre 35 días, todavía no hay serie diaria real con la que clasificar",,
Stewart Luya,primera fecha,tema,2,3814.0,1907.0,baja,SIN_DATOS_60D,"el exportador automático de GSC agrega por página sobre 35 días, todavía no hay serie diaria real con la que clasificar",,
Stewart Luya,programación de la primera,tema,2,3814.0,1907.0,baja,SIN_DATOS_60D,"el exportador automático de GSC agrega por página sobre 35 días, todavía no hay serie diaria real con la que clasificar",,
Stewart Luya,grupo b,entidad,8,3759.0,470.0,media,SIN_DATOS_60D,"el exportador automático de GSC agrega por página sobre 35 días, todavía no hay serie diaria real con la que clasificar",,
Stewart Luya,Alianza Universidad,entidad,6,3735.0,622.0,media,SIN_DATOS_60D,"el exportador automático de GSC agrega por página sobre 35 días, todavía no hay serie diaria real con la que clasificar",,
Stewart Luya,liga comisión disciplinaria sanciona,entidad,2,3731.0,1866.0,baja,SIN_DATOS_60D,"el exportador automático de GSC agrega por página sobre 35 días, todavía no hay serie diaria real con la que clasificar",,
Stewart Luya,toma radical,tema,5,3726.0,745.0,media,SIN_DATOS_60D,"el exportador automático de GSC agrega por página sobre 35 días, todavía no hay serie diaria real con la que clasificar",,
Stewart Luya,bombos de la copa,entidad,2,3709.0,1854.0,baja,SIN_DATOS_60D,"el exportador automático de GSC agrega por página sobre 35 días, todavía no hay serie diaria real con la que clasificar",,
Stewart Luya,luce con un doblete,tema,2,3673.0,1836.0,baja,SIN_DATOS_60D,"el exportador automático de GSC agrega por página sobre 35 días, todavía no hay serie diaria real con la que clasificar",,
Stewart Luya,universitario cusco,entidad,3,3665.0,1222.0,media,SIN_DATOS_60D,"el exportador automático de GSC agrega por página sobre 35 días, todavía no hay serie diaria real con la que clasificar",,
Stewart Luya,Bolivia,entidad,4,3660.0,915.0,media,SIN_DATOS_60D,"el exportador automático de GSC agrega por página sobre 35 días, todavía no hay serie diaria real con la que clasificar",,
Stewart Luya,fichajes de deportivo,entidad,3,3630.0,1210.0,media,SIN_DATOS_60D,"el exportador automático de GSC agrega por página sobre 35 días, todavía no hay serie diaria real con la que clasificar",,
Stewart Luya,Uruguay,entidad,8,3630.0,454.0,media,SIN_DATOS_60D,"el exportador automático de GSC agrega por página sobre 35 días, todavía no hay serie diaria real con la que clasificar",,
Stewart Luya,Hernán Barcos,entidad,4,3590.0,898.0,media,SIN_DATOS_60D,"el exportador automático de GSC agrega por página sobre 35 días, todavía no hay serie diaria real con la que clasificar",,
Stewart Luya,canal del universitario,entidad,4,3582.0,896.0,media,SIN_DATOS_60D,"el exportador automático de GSC agrega por página sobre 35 días, todavía no hay serie diaria real con la que clasificar",,
Stewart Luya,extra game,tema,5,3541.0,708.0,media,SIN_DATOS_60D,"el exportador automático de GSC agrega por página sobre 35 días, todavía no hay serie diaria real con la que clasificar",,
Stewart Luya,fase de grupos,entidad,8,3489.0,436.0,media,SIN_DATOS_60D,"el exportador automático de GSC agrega por página sobre 35 días, todavía no hay serie diaria real con la que clasificar",,
Stewart Luya,Deportivo Municipal,entidad,3,3484.0,1161.0,media,SIN_DATOS_60D,"el exportador automático de GSC agrega por página sobre 35 días, todavía no hay serie diaria real con la que clasificar",,
Stewart Luya,Filipinas,entidad,2,3482.0,1741.0,baja,SIN_DATOS_60D,"el exportador automático de GSC agrega por página sobre 35 días, todavía no hay serie diaria real con la que clasificar",,
Stewart Luya,Campeonato Sudamericano de Voleibol Femenino,entidad,2,3462.0,1731.0,baja,SIN_DATOS_60D,"el exportador automático de GSC agrega por página sobre 35 días, todavía no hay serie diaria real con la que clasificar",,
Stewart Luya,fecha de la copa,entidad,14,3428.0,245.0,alta,SIN_DATOS_60D,"el exportador automático de GSC agrega por página sobre 35 días, todavía no hay serie diaria real con la que clasificar",,
Stewart Luya,Comerciantes Unidos,entidad,9,3420.0,380.0,media,SIN_DATOS_60D,"el exportador automático de GSC agrega por página sobre 35 días, todavía no hay serie diaria real con la que clasificar",,
Stewart Luya,senda del triunfo,tema,9,3415.0,379.0,media,SIN_DATOS_60D,"el exportador automático de GSC agrega por página sobre 35 días, todavía no hay serie diaria real con la que clasificar",,
Stewart Luya,carlos zambrano,entidad,4,3405.0,851.0,media,SIN_DATOS_60D,"el exportador automático de GSC agrega por página sobre 35 días, todavía no hay serie diaria real con la que clasificar",,
Stewart Luya,canal del alianza,tema,5,3356.0,671.0,media,SIN_DATOS_60D,"el exportador automático de GSC agrega por página sobre 35 días, todavía no hay serie diaria real con la que clasificar",,
Stewart Luya,lima en la previa,entidad,2,3342.0,1671.0,baja,SIN_DATOS_60D,"el exportador automático de GSC agrega por página sobre 35 días, todavía no hay serie diaria real con la que clasificar",,
Stewart Luya,vuelve a la senda,tema,7,3310.0,473.0,media,SIN_DATOS_60D,"el exportador automático de GSC agrega por página sobre 35 días, todavía no hay serie diaria real con la que clasificar",,
Stewart Luya,fútbol europeo,tema,6,3276.0,546.0,media,SIN_DATOS_60D,"el exportador automático de GSC agrega por página sobre 35 días, todavía no hay serie diaria real con la que clasificar",,
Stewart Luya,primer refuerzo,tema,3,3258.0,1086.0,media,SIN_DATOS_60D,"el exportador automático de GSC agrega por página sobre 35 días, todavía no hay serie diaria real con la que clasificar",,
Stewart Luya,vs regatas,tema,3,3248.0,1083.0,media,SIN_DATOS_60D,"el exportador automático de GSC agrega por página sobre 35 días, todavía no hay serie diaria real con la que clasificar",,
Stewart Luya,lima cuándo,entidad,2,3242.0,1621.0,baja,SIN_DATOS_60D,"el exportador automático de GSC agrega por página sobre 35 días, todavía no hay serie diaria real con la que clasificar",,
Stewart Luya,Deportivo Llacuabamba,entidad,9,3232.0,359.0,media,SIN_DATOS_60D,"el exportador automático de GSC agrega por página sobre 35 días, todavía no hay serie diaria real con la que clasificar",,
Stewart Luya,Huamachuco,entidad,2,3228.0,1614.0,baja,SIN_DATOS_60D,"el exportador automático de GSC agrega por página sobre 35 días, todavía no hay serie diaria real con la que clasificar",,
Stewart Luya,defensor la bocana,tema,2,3227.0,1614.0,baja,SIN_DATOS_60D,"el exportador automático de GSC agrega por página sobre 35 días, todavía no hay serie diaria real con la que clasificar",,
Stewart Luya,Cienciano del Cusco,entidad,3,3220.0,1073.0,media,SIN_DATOS_60D,"el exportador automático de GSC agrega por página sobre 35 días, todavía no hay serie diaria real con la que clasificar",,
Stewart Luya,Liga Bentín Tacna Heroica,entidad,4,3220.0,805.0,media,SIN_DATOS_60D,"el exportador automático de GSC agrega por página sobre 35 días, todavía no hay serie diaria real con la que clasificar",,
Stewart Luya,Rebaza Acosta,entidad,3,3215.0,1072.0,media,SIN_DATOS_60D,"el exportador automático de GSC agrega por página sobre 35 días, todavía no hay serie diaria real con la que clasificar",,
Stewart Luya,grupos de la copa,entidad,7,3212.0,459.0,media,SIN_DATOS_60D,"el exportador automático de GSC agrega por página sobre 35 días, todavía no hay serie diaria real con la que clasificar",,
Stewart Luya,cni se refuerza,tema,2,3176.0,1588.0,baja,SIN_DATOS_60D,"el exportador automático de GSC agrega por página sobre 35 días, todavía no hay serie diaria real con la que clasificar",,
Stewart Luya,Surinam,entidad,3,3173.0,1058.0,media,SIN_DATOS_60D,"el exportador automático de GSC agrega por página sobre 35 días, todavía no hay serie diaria real con la que clasificar",,
Stewart Luya,equipo de josé,tema,2,3169.0,1584.0,baja,SIN_DATOS_60D,"el exportador automático de GSC agrega por página sobre 35 días, todavía no hay serie diaria real con la que clasificar",,
Stewart Luya,deportes vs san,entidad,2,3160.0,1580.0,baja,SIN_DATOS_60D,"el exportador automático de GSC agrega por página sobre 35 días, todavía no hay serie diaria real con la que clasificar",,
Stewart Luya,Argentina,entidad,9,3136.0,348.0,media,SIN_DATOS_60D,"el exportador automático de GSC agrega por página sobre 35 días, todavía no hay serie diaria real con la que clasificar",,
Stewart Luya,Cusco,entidad,7,3133.0,448.0,media,SIN_DATOS_60D,"el exportador automático de GSC agrega por página sobre 35 días, todavía no hay serie diaria real con la que clasificar",,
Stewart Luya,potenciar la liga,entidad,3,3125.0,1042.0,media,SIN_DATOS_60D,"el exportador automático de GSC agrega por página sobre 35 días, todavía no hay serie diaria real con la que clasificar",,
Stewart Luya,pocos días,tema,2,3112.0,1556.0,baja,SIN_DATOS_60D,"el exportador automático de GSC agrega por página sobre 35 días, todavía no hay serie diaria real con la que clasificar",,
Stewart Luya,huancayo vs,entidad,3,3091.0,1030.0,media,SIN_DATOS_60D,"el exportador automático de GSC agrega por página sobre 35 días, todavía no hay serie diaria real con la que clasificar",,
Stewart Luya,cristal vs,tema,15,3065.0,204.0,alta,SIN_DATOS_60D,"el exportador automático de GSC agrega por página sobre 35 días, todavía no hay serie diaria real con la que clasificar",,
Stewart Luya,bajas renovaciones,tema,4,3027.0,757.0,media,SIN_DATOS_60D,"el exportador automático de GSC agrega por página sobre 35 días, todavía no hay serie diaria real con la que clasificar",,
Stewart Luya,rumores para la liga,entidad,4,3027.0,757.0,media,SIN_DATOS_60D,"el exportador automático de GSC agrega por página sobre 35 días, todavía no hay serie diaria real con la que clasificar",,
Stewart Luya,canal del perú vs,tema,3,2982.0,994.0,media,SIN_DATOS_60D,"el exportador automático de GSC agrega por página sobre 35 días, todavía no hay serie diaria real con la que clasificar",,
Stewart Luya,lima como protagonistas,entidad,3,2977.0,992.0,media,SIN_DATOS_60D,"el exportador automático de GSC agrega por página sobre 35 días, todavía no hay serie diaria real con la que clasificar",,
Stewart Luya,entradas para sport,tema,2,2964.0,1482.0,baja,SIN_DATOS_60D,"el exportador automático de GSC agrega por página sobre 35 días, todavía no hay serie diaria real con la que clasificar",,
Stewart Luya,Pumas,entidad,2,2948.0,1474.0,baja,SIN_DATOS_60D,"el exportador automático de GSC agrega por página sobre 35 días, todavía no hay serie diaria real con la que clasificar",,
Stewart Luya,miguel trauco,entidad,4,2944.0,736.0,media,SIN_DATOS_60D,"el exportador automático de GSC agrega por página sobre 35 días, todavía no hay serie diaria real con la que clasificar",,
Stewart Luya,Universitario de Deportes Héctor Cúper,entidad,2,2934.0,1467.0,baja,SIN_DATOS_60D,"el exportador automático de GSC agrega por página sobre 35 días, todavía no hay serie diaria real con la que clasificar",,
Stewart Luya,prensa brasileña,tema,2,2932.0,1466.0,baja,SIN_DATOS_60D,"el exportador automático de GSC agrega por página sobre 35 días, todavía no hay serie diaria real con la que clasificar",,
Stewart Luya,emite contundente,tema,5,2915.0,583.0,media,SIN_DATOS_60D,"el exportador automático de GSC agrega por página sobre 35 días, todavía no hay serie diaria real con la que clasificar",,
Stewart Luya,Venezuela,entidad,2,2886.0,1443.0,baja,SIN_DATOS_60D,"el exportador automático de GSC agrega por página sobre 35 días, todavía no hay serie diaria real con la que clasificar",,
Stewart Luya,drásticamente a fc,entidad,2,2878.0,1439.0,baja,SIN_DATOS_60D,"el exportador automático de GSC agrega por página sobre 35 días, todavía no hay serie diaria real con la que clasificar",,
Stewart Luya,da una terrible,tema,6,2865.0,478.0,media,SIN_DATOS_60D,"el exportador automático de GSC agrega por página sobre 35 días, todavía no hay serie diaria real con la que clasificar",,
Stewart Luya,consigue agónico,tema,5,2842.0,568.0,media,SIN_DATOS_60D,"el exportador automático de GSC agrega por página sobre 35 días, todavía no hay serie diaria real con la que clasificar",,
Stewart Luya,peña y miguel,tema,3,2831.0,944.0,media,SIN_DATOS_60D,"el exportador automático de GSC agrega por página sobre 35 días, todavía no hay serie diaria real con la que clasificar",,
Stewart Luya,zambrano sergio,tema,3,2831.0,944.0,media,SIN_DATOS_60D,"el exportador automático de GSC agrega por página sobre 35 días, todavía no hay serie diaria real con la que clasificar",,
Stewart Luya,Cajamarca,entidad,4,2827.0,707.0,media,SIN_DATOS_60D,"el exportador automático de GSC agrega por página sobre 35 días, todavía no hay serie diaria real con la que clasificar",,
Stewart Luya,Noche Blanquiazul,entidad,6,2794.0,466.0,media,SIN_DATOS_60D,"el exportador automático de GSC agrega por página sobre 35 días, todavía no hay serie diaria real con la que clasificar",,
Stewart Luya,Cutervo,entidad,3,2789.0,930.0,media,SIN_DATOS_60D,"el exportador automático de GSC agrega por página sobre 35 días, todavía no hay serie diaria real con la que clasificar",,
Stewart Luya,Montevideo City,entidad,3,2783.0,928.0,media,SIN_DATOS_60D,"el exportador automático de GSC agrega por página sobre 35 días, todavía no hay serie diaria real con la que clasificar",,
Stewart Luya,Unión Comercio,entidad,4,2775.0,694.0,media,SIN_DATOS_60D,"el exportador automático de GSC agrega por página sobre 35 días, todavía no hay serie diaria real con la que clasificar",,
Stewart Luya,liga sport,entidad,7,2736.0,391.0,media,SIN_DATOS_60D,"el exportador automático de GSC agrega por página sobre 35 días, todavía no hay serie diaria real con la que clasificar",,
Stewart Luya,Estados Unidos,entidad,6,2719.0,453.0,media,SIN_DATOS_60D,"el exportador automático de GSC agrega por página sobre 35 días, todavía no hay serie diaria real con la que clasificar",,
Stewart Luya,copa perú resultados,entidad,5,2715.0,543.0,media,SIN_DATOS_60D,"el exportador automático de GSC agrega por página sobre 35 días, todavía no hay serie diaria real con la que clasificar",,
Stewart Luya,buscar el ascenso,tema,2,2713.0,1356.0,baja,SIN_DATOS_60D,"el exportador automático de GSC agrega por página sobre 35 días, todavía no hay serie diaria real con la que clasificar",,
Stewart Luya,Palmeiras,entidad,11,2685.0,244.0,alta,SIN_DATOS_60D,"el exportador automático de GSC agrega por página sobre 35 días, todavía no hay serie diaria real con la que clasificar",,
Stewart Luya,ficha por un equipo,tema,6,2669.0,445.0,media,SIN_DATOS_60D,"el exportador automático de GSC agrega por página sobre 35 días, todavía no hay serie diaria real con la que clasificar",,
Stewart Luya,agónico empate,tema,6,2662.0,444.0,media,SIN_DATOS_60D,"el exportador automático de GSC agrega por página sobre 35 días, todavía no hay serie diaria real con la que clasificar",,
Stewart Luya,ascenso a la liga,entidad,2,2651.0,1326.0,baja,SIN_DATOS_60D,"el exportador automático de GSC agrega por página sobre 35 días, todavía no hay serie diaria real con la que clasificar",,
Stewart Luya,disciplinaria multa,tema,3,2646.0,882.0,media,SIN_DATOS_60D,"el exportador automático de GSC agrega por página sobre 35 días, todavía no hay serie diaria real con la que clasificar",,
Stewart Luya,Fase,entidad,3,2641.0,880.0,media,SIN_DATOS_60D,"el exportador automático de GSC agrega por página sobre 35 días, todavía no hay serie diaria real con la que clasificar",,
Stewart Luya,voleibol masculino,entidad,7,2623.0,375.0,media,SIN_DATOS_60D,"el exportador automático de GSC agrega por página sobre 35 días, todavía no hay serie diaria real con la que clasificar",,
Stewart Luya,noticia a sus hinchas,tema,5,2598.0,520.0,media,SIN_DATOS_60D,"el exportador automático de GSC agrega por página sobre 35 días, todavía no hay serie diaria real con la que clasificar",,
Stewart Luya,director técnico,tema,13,2587.0,199.0,alta,SIN_DATOS_60D,"el exportador automático de GSC agrega por página sobre 35 días, todavía no hay serie diaria real con la que clasificar",,
Stewart Luya,Fabio Gruber,entidad,15,2571.0,171.0,alta,SIN_DATOS_60D,"el exportador automático de GSC agrega por página sobre 35 días, todavía no hay serie diaria real con la que clasificar",,
Stewart Luya,futbolista peruano,tema,2,2556.0,1278.0,baja,SIN_DATOS_60D,"el exportador automático de GSC agrega por página sobre 35 días, todavía no hay serie diaria real con la que clasificar",,
Stewart Luya,fechas y horarios,tema,2,2551.0,1276.0,baja,SIN_DATOS_60D,"el exportador automático de GSC agrega por página sobre 35 días, todavía no hay serie diaria real con la que clasificar",,
Stewart Luya,Liga y Copa Sudamericana,entidad,5,2528.0,506.0,media,SIN_DATOS_60D,"el exportador automático de GSC agrega por página sobre 35 días, todavía no hay serie diaria real con la que clasificar",,
Stewart Luya,lima vs san,entidad,6,2488.0,415.0,media,SIN_DATOS_60D,"el exportador automático de GSC agrega por página sobre 35 días, todavía no hay serie diaria real con la que clasificar",,
Stewart Luya,partido ante utc,entidad,2,2480.0,1240.0,baja,SIN_DATOS_60D,"el exportador automático de GSC agrega por página sobre 35 días, todavía no hay serie diaria real con la que clasificar",,
Stewart Luya,Liga y Copa Libertadores,entidad,4,2471.0,618.0,media,SIN_DATOS_60D,"el exportador automático de GSC agrega por página sobre 35 días, todavía no hay serie diaria real con la que clasificar",,
Stewart Luya,liga quién,entidad,10,2470.0,247.0,alta,SIN_DATOS_60D,"el exportador automático de GSC agrega por página sobre 35 días, todavía no hay serie diaria real con la que clasificar",,
Stewart Luya,cuándo vuelve,tema,9,2468.0,274.0,media,SIN_DATOS_60D,"el exportador automático de GSC agrega por página sobre 35 días, todavía no hay serie diaria real con la que clasificar",,
Stewart Luya,Bassco Soyer,entidad,6,2442.0,407.0,media,SIN_DATOS_60D,"el exportador automático de GSC agrega por página sobre 35 días, todavía no hay serie diaria real con la que clasificar",,
Stewart Luya,Carlos Mannucci,entidad,7,2439.0,348.0,media,SIN_DATOS_60D,"el exportador automático de GSC agrega por página sobre 35 días, todavía no hay serie diaria real con la que clasificar",,
Stewart Luya,Boca Juniors,entidad,4,2378.0,594.0,media,SIN_DATOS_60D,"el exportador automático de GSC agrega por página sobre 35 días, todavía no hay serie diaria real con la que clasificar",,
Stewart Luya,canal del debut,tema,3,2346.0,782.0,media,SIN_DATOS_60D,"el exportador automático de GSC agrega por página sobre 35 días, todavía no hay serie diaria real con la que clasificar",,
Stewart Luya,mundial de clubes,entidad,5,2336.0,467.0,media,SIN_DATOS_60D,"el exportador automático de GSC agrega por página sobre 35 días, todavía no hay serie diaria real con la que clasificar",,
Stewart Luya,bajas y rumores,tema,2,2330.0,1165.0,baja,SIN_DATOS_60D,"el exportador automático de GSC agrega por página sobre 35 días, todavía no hay serie diaria real con la que clasificar",,
Stewart Luya,rumores para el torneo,tema,2,2330.0,1165.0,baja,SIN_DATOS_60D,"el exportador automático de GSC agrega por página sobre 35 días, todavía no hay serie diaria real con la que clasificar",,
Stewart Luya,imparable en la liga,entidad,3,2325.0,775.0,media,SIN_DATOS_60D,"el exportador automático de GSC agrega por página sobre 35 días, todavía no hay serie diaria real con la que clasificar",,
Stewart Luya,cambia de equipo,tema,3,2305.0,768.0,media,SIN_DATOS_60D,"el exportador automático de GSC agrega por página sobre 35 días, todavía no hay serie diaria real con la que clasificar",,
Stewart Luya,remece la liga,entidad,2,2304.0,1152.0,baja,SIN_DATOS_60D,"el exportador automático de GSC agrega por página sobre 35 días, todavía no hay serie diaria real con la que clasificar",,
Stewart Luya,Río de la Plata,entidad,6,2294.0,382.0,media,SIN_DATOS_60D,"el exportador automático de GSC agrega por página sobre 35 días, todavía no hay serie diaria real con la que clasificar",,
Stewart Luya,serie río,tema,6,2294.0,382.0,media,SIN_DATOS_60D,"el exportador automático de GSC agrega por página sobre 35 días, todavía no hay serie diaria real con la que clasificar",,
Stewart Luya,vóley con alianza,entidad,2,2279.0,1140.0,baja,SIN_DATOS_60D,"el exportador automático de GSC agrega por página sobre 35 días, todavía no hay serie diaria real con la que clasificar",,
Stewart Luya,viejo continente,tema,5,2271.0,454.0,media,SIN_DATOS_60D,"el exportador automático de GSC agrega por página sobre 35 días, todavía no hay serie diaria real con la que clasificar",,
Stewart Luya,boys en la previa,tema,3,2270.0,757.0,media,SIN_DATOS_60D,"el exportador automático de GSC agrega por página sobre 35 días, todavía no hay serie diaria real con la que clasificar",,
Stewart Luya,cajamarca sorprende,entidad,2,2269.0,1134.0,baja,SIN_DATOS_60D,"el exportador automático de GSC agrega por página sobre 35 días, todavía no hay serie diaria real con la que clasificar",,
Stewart Luya,Canadá Estados Unidos y México,entidad,2,2269.0,1134.0,baja,SIN_DATOS_60D,"el exportador automático de GSC agrega por página sobre 35 días, todavía no hay serie diaria real con la que clasificar",,
Stewart Luya,mundial de canadá,entidad,2,2269.0,1134.0,baja,SIN_DATOS_60D,"el exportador automático de GSC agrega por página sobre 35 días, todavía no hay serie diaria real con la que clasificar",,
Stewart Luya,presencia peruana,tema,27,2254.0,83.0,alta,SIN_DATOS_60D,"el exportador automático de GSC agrega por página sobre 35 días, todavía no hay serie diaria real con la que clasificar",,
Stewart Luya,Guillermo Viscarra,entidad,2,2253.0,1126.0,baja,SIN_DATOS_60D,"el exportador automático de GSC agrega por página sobre 35 días, todavía no hay serie diaria real con la que clasificar",,
Stewart Luya,partido ante deportivo,entidad,4,2248.0,562.0,media,SIN_DATOS_60D,"el exportador automático de GSC agrega por página sobre 35 días, todavía no hay serie diaria real con la que clasificar",,
Stewart Luya,cav esquimo,entidad,2,2236.0,1118.0,baja,SIN_DATOS_60D,"el exportador automático de GSC agrega por página sobre 35 días, todavía no hay serie diaria real con la que clasificar",,
Stewart Luya,continúa imparable,tema,3,2224.0,741.0,media,SIN_DATOS_60D,"el exportador automático de GSC agrega por página sobre 35 días, todavía no hay serie diaria real con la que clasificar",,
Stewart Luya,b de la copa,entidad,3,2215.0,738.0,media,SIN_DATOS_60D,"el exportador automático de GSC agrega por página sobre 35 días, todavía no hay serie diaria real con la que clasificar",,
Stewart Luya,Ignacio Buse,entidad,6,2210.0,368.0,media,SIN_DATOS_60D,"el exportador automático de GSC agrega por página sobre 35 días, todavía no hay serie diaria real con la que clasificar",,
Stewart Luya,estadio alberto,tema,3,2195.0,732.0,media,SIN_DATOS_60D,"el exportador automático de GSC agrega por página sobre 35 días, todavía no hay serie diaria real con la que clasificar",,
Stewart Luya,partido de universitario,entidad,2,2182.0,1091.0,baja,SIN_DATOS_60D,"el exportador automático de GSC agrega por página sobre 35 días, todavía no hay serie diaria real con la que clasificar",,
Stewart Luya,disputar la liga,entidad,6,2162.0,360.0,media,SIN_DATOS_60D,"el exportador automático de GSC agrega por página sobre 35 días, todavía no hay serie diaria real con la que clasificar",,
Stewart Luya,primera victoria,tema,5,2140.0,428.0,media,SIN_DATOS_60D,"el exportador automático de GSC agrega por página sobre 35 días, todavía no hay serie diaria real con la que clasificar",,
Stewart Luya,Rojo Matador,entidad,2,2130.0,1065.0,baja,SIN_DATOS_60D,"el exportador automático de GSC agrega por página sobre 35 días, todavía no hay serie diaria real con la que clasificar",,
Stewart Luya,tarma vs,entidad,2,2130.0,1065.0,baja,SIN_DATOS_60D,"el exportador automático de GSC agrega por página sobre 35 días, todavía no hay serie diaria real con la que clasificar",,
Stewart Luya,cienciano vs,entidad,10,2126.0,213.0,alta,SIN_DATOS_60D,"el exportador automático de GSC agrega por página sobre 35 días, todavía no hay serie diaria real con la que clasificar",,
Stewart Luya,Carlos Bustos,entidad,2,2125.0,1062.0,baja,SIN_DATOS_60D,"el exportador automático de GSC agrega por página sobre 35 días, todavía no hay serie diaria real con la que clasificar",,
Stewart Luya,ADA de Jaén,entidad,6,2121.0,354.0,media,SIN_DATOS_60D,"el exportador automático de GSC agrega por página sobre 35 días, todavía no hay serie diaria real con la que clasificar",,
Stewart Luya,martín vs,tema,5,2103.0,421.0,media,SIN_DATOS_60D,"el exportador automático de GSC agrega por página sobre 35 días, todavía no hay serie diaria real con la que clasificar",,
Stewart Luya,heroica se refuerza,tema,2,2099.0,1050.0,baja,SIN_DATOS_60D,"el exportador automático de GSC agrega por página sobre 35 días, todavía no hay serie diaria real con la que clasificar",,
Stewart Luya,liga dónde,entidad,3,2091.0,697.0,media,SIN_DATOS_60D,"el exportador automático de GSC agrega por página sobre 35 días, todavía no hay serie diaria real con la que clasificar",,
Stewart Luya,refuerza con un ex,tema,2,2086.0,1043.0,baja,SIN_DATOS_60D,"el exportador automático de GSC agrega por página sobre 35 días, todavía no hay serie diaria real con la que clasificar",,
Stewart Luya,refuerzos para disputar,tema,5,2077.0,415.0,media,SIN_DATOS_60D,"el exportador automático de GSC agrega por página sobre 35 días, todavía no hay serie diaria real con la que clasificar",,
Stewart Luya,reemplazo de carlos,tema,2,2073.0,1036.0,baja,SIN_DATOS_60D,"el exportador automático de GSC agrega por página sobre 35 días, todavía no hay serie diaria real con la que clasificar",,
Stewart Luya,Pablo Guede,entidad,3,2069.0,690.0,media,SIN_DATOS_60D,"el exportador automático de GSC agrega por página sobre 35 días, todavía no hay serie diaria real con la que clasificar",,
Stewart Luya,cuenta para vencer,tema,2,2045.0,1022.0,baja,SIN_DATOS_60D,"el exportador automático de GSC agrega por página sobre 35 días, todavía no hay serie diaria real con la que clasificar",,
Stewart Luya,nombre del nuevo,tema,3,2017.0,672.0,media,SIN_DATOS_60D,"el exportador automático de GSC agrega por página sobre 35 días, todavía no hay serie diaria real con la que clasificar",,
Stewart Luya,vóley quién,entidad,2,1992.0,996.0,baja,SIN_DATOS_60D,"el exportador automático de GSC agrega por página sobre 35 días, todavía no hay serie diaria real con la que clasificar",,
Stewart Luya,Dianderas,entidad,4,1979.0,495.0,media,SIN_DATOS_60D,"el exportador automático de GSC agrega por página sobre 35 días, todavía no hay serie diaria real con la que clasificar",,
Stewart Luya,lista de convocadas,tema,3,1947.0,649.0,media,SIN_DATOS_60D,"el exportador automático de GSC agrega por página sobre 35 días, todavía no hay serie diaria real con la que clasificar",,
Stewart Luya,Carlos Stein,entidad,4,1939.0,485.0,media,SIN_DATOS_60D,"el exportador automático de GSC agrega por página sobre 35 días, todavía no hay serie diaria real con la que clasificar",,
Stewart Luya,carrera futbolística,tema,3,1935.0,645.0,media,SIN_DATOS_60D,"el exportador automático de GSC agrega por página sobre 35 días, todavía no hay serie diaria real con la que clasificar",,
Stewart Luya,nombre del nuevo entrenador,tema,2,1931.0,966.0,baja,SIN_DATOS_60D,"el exportador automático de GSC agrega por página sobre 35 días, todavía no hay serie diaria real con la que clasificar",,
Stewart Luya,Santos FC,entidad,4,1924.0,481.0,media,SIN_DATOS_60D,"el exportador automático de GSC agrega por página sobre 35 días, todavía no hay serie diaria real con la que clasificar",,
Stewart Luya,Campeonato Sudamericano Femenino Sub,entidad,5,1921.0,384.0,media,SIN_DATOS_60D,"el exportador automático de GSC agrega por página sobre 35 días, todavía no hay serie diaria real con la que clasificar",,
Stewart Luya,LDU de Quito,entidad,8,1920.0,240.0,media,SIN_DATOS_60D,"el exportador automático de GSC agrega por página sobre 35 días, todavía no hay serie diaria real con la que clasificar",,
Stewart Luya,árbitro del universitario,entidad,9,1908.0,212.0,media,SIN_DATOS_60D,"el exportador automático de GSC agrega por página sobre 35 días, todavía no hay serie diaria real con la que clasificar",,
Stewart Luya,defensor patibamba,tema,2,1887.0,944.0,baja,SIN_DATOS_60D,"el exportador automático de GSC agrega por página sobre 35 días, todavía no hay serie diaria real con la que clasificar",,
Stewart Luya,árbitro del alianza,entidad,8,1873.0,234.0,media,SIN_DATOS_60D,"el exportador automático de GSC agrega por página sobre 35 días, todavía no hay serie diaria real con la que clasificar",,
Stewart Luya,miedo y se refuerza,tema,2,1836.0,918.0,baja,SIN_DATOS_60D,"el exportador automático de GSC agrega por página sobre 35 días, todavía no hay serie diaria real con la que clasificar",,
Stewart Luya,nuevo reto,tema,2,1822.0,911.0,baja,SIN_DATOS_60D,"el exportador automático de GSC agrega por página sobre 35 días, todavía no hay serie diaria real con la que clasificar",,
Stewart Luya,Lima,entidad,4,1814.0,454.0,media,SIN_DATOS_60D,"el exportador automático de GSC agrega por página sobre 35 días, todavía no hay serie diaria real con la que clasificar",,
Stewart Luya,equipo de la copa,entidad,3,1813.0,604.0,media,SIN_DATOS_60D,"el exportador automático de GSC agrega por página sobre 35 días, todavía no hay serie diaria real con la que clasificar",,
Stewart Luya,Europa,entidad,3,1810.0,603.0,media,SIN_DATOS_60D,"el exportador automático de GSC agrega por página sobre 35 días, todavía no hay serie diaria real con la que clasificar",,
Stewart Luya,toma las riendas,tema,2,1808.0,904.0,baja,SIN_DATOS_60D,"el exportador automático de GSC agrega por página sobre 35 días, todavía no hay serie diaria real con la que clasificar",,
Stewart Luya,Liga Comerciantes FC,entidad,5,1790.0,358.0,media,SIN_DATOS_60D,"el exportador automático de GSC agrega por página sobre 35 días, todavía no hay serie diaria real con la que clasificar",,
Stewart Luya,garcilaso se refuerza,tema,2,1789.0,894.0,baja,SIN_DATOS_60D,"el exportador automático de GSC agrega por página sobre 35 días, todavía no hay serie diaria real con la que clasificar",,
Stewart Luya,universitario vs,entidad,9,1786.0,198.0,media,SIN_DATOS_60D,"el exportador automático de GSC agrega por página sobre 35 días, todavía no hay serie diaria real con la que clasificar",,
Stewart Luya,Eryc Castillo,entidad,2,1778.0,889.0,baja,SIN_DATOS_60D,"el exportador automático de GSC agrega por página sobre 35 días, todavía no hay serie diaria real con la que clasificar",,
Stewart Luya,final vuelta,tema,3,1769.0,590.0,media,SIN_DATOS_60D,"el exportador automático de GSC agrega por página sobre 35 días, todavía no hay serie diaria real con la que clasificar",,
Stewart Luya,vs deportivo,entidad,6,1768.0,295.0,media,SIN_DATOS_60D,"el exportador automático de GSC agrega por página sobre 35 días, todavía no hay serie diaria real con la que clasificar",,
Stewart Luya,apertura dónde,tema,2,1763.0,882.0,baja,SIN_DATOS_60D,"el exportador automático de GSC agrega por página sobre 35 días, todavía no hay serie diaria real con la que clasificar",,
Stewart Luya,ex delantero,tema,3,1760.0,587.0,media,SIN_DATOS_60D,"el exportador automático de GSC agrega por página sobre 35 días, todavía no hay serie diaria real con la que clasificar",,
Stewart Luya,posibles alineaciones,tema,2,1758.0,879.0,baja,SIN_DATOS_60D,"el exportador automático de GSC agrega por página sobre 35 días, todavía no hay serie diaria real con la que clasificar",,
Stewart Luya,apertura calendario,tema,5,1739.0,348.0,media,SIN_DATOS_60D,"el exportador automático de GSC agrega por página sobre 35 días, todavía no hay serie diaria real con la que clasificar",,
Stewart Luya,vs fc,entidad,4,1730.0,432.0,media,SIN_DATOS_60D,"el exportador automático de GSC agrega por página sobre 35 días, todavía no hay serie diaria real con la que clasificar",,
Stewart Luya,sorprende a sus hinchas,tema,6,1724.0,287.0,media,SIN_DATOS_60D,"el exportador automático de GSC agrega por página sobre 35 días, todavía no hay serie diaria real con la que clasificar",,
Stewart Luya,estadio monumental,entidad,3,1719.0,573.0,media,SIN_DATOS_60D,"el exportador automático de GSC agrega por página sobre 35 días, todavía no hay serie diaria real con la que clasificar",,
Stewart Luya,refuerza con un delantero,tema,5,1706.0,341.0,media,SIN_DATOS_60D,"el exportador automático de GSC agrega por página sobre 35 días, todavía no hay serie diaria real con la que clasificar",,
Stewart Luya,Deportivo Lute,entidad,4,1705.0,426.0,media,SIN_DATOS_60D,"el exportador automático de GSC agrega por página sobre 35 días, todavía no hay serie diaria real con la que clasificar",,
Stewart Luya,Bentín Tacna Heroica,entidad,4,1702.0,426.0,media,SIN_DATOS_60D,"el exportador automático de GSC agrega por página sobre 35 días, todavía no hay serie diaria real con la que clasificar",,
Stewart Luya,apertura triunfo,tema,3,1694.0,565.0,media,SIN_DATOS_60D,"el exportador automático de GSC agrega por página sobre 35 días, todavía no hay serie diaria real con la que clasificar",,
Stewart Luya,vuelta de la liga,entidad,2,1693.0,846.0,baja,SIN_DATOS_60D,"el exportador automático de GSC agrega por página sobre 35 días, todavía no hay serie diaria real con la que clasificar",,
Stewart Luya,Deportivo Binacional,entidad,4,1690.0,422.0,media,SIN_DATOS_60D,"el exportador automático de GSC agrega por página sobre 35 días, todavía no hay serie diaria real con la que clasificar",,
Stewart Luya,semifinales de la liga,entidad,2,1687.0,844.0,baja,SIN_DATOS_60D,"el exportador automático de GSC agrega por página sobre 35 días, todavía no hay serie diaria real con la que clasificar",,
Stewart Luya,pases y se refuerza,tema,3,1678.0,559.0,media,SIN_DATOS_60D,"el exportador automático de GSC agrega por página sobre 35 días, todavía no hay serie diaria real con la que clasificar",,
Stewart Luya,partido ante sport,tema,2,1675.0,838.0,baja,SIN_DATOS_60D,"el exportador automático de GSC agrega por página sobre 35 días, todavía no hay serie diaria real con la que clasificar",,
Stewart Luya,Liga Melgar,entidad,3,1673.0,558.0,media,SIN_DATOS_60D,"el exportador automático de GSC agrega por página sobre 35 días, todavía no hay serie diaria real con la que clasificar",,
Stewart Luya,colombiano para el torneo,tema,3,1669.0,556.0,media,SIN_DATOS_60D,"el exportador automático de GSC agrega por página sobre 35 días, todavía no hay serie diaria real con la que clasificar",,
Stewart Luya,Alfonso Barco,entidad,8,1667.0,208.0,media,SIN_DATOS_60D,"el exportador automático de GSC agrega por página sobre 35 días, todavía no hay serie diaria real con la que clasificar",,
Stewart Luya,comercio sorprende,tema,3,1660.0,553.0,media,SIN_DATOS_60D,"el exportador automático de GSC agrega por página sobre 35 días, todavía no hay serie diaria real con la que clasificar",,
Stewart Luya,Liga Alianza Atlético,entidad,5,1660.0,332.0,media,SIN_DATOS_60D,"el exportador automático de GSC agrega por página sobre 35 días, todavía no hay serie diaria real con la que clasificar",,
Stewart Luya,Alianza Lima Vóley,entidad,3,1658.0,553.0,media,SIN_DATOS_60D,"el exportador automático de GSC agrega por página sobre 35 días, todavía no hay serie diaria real con la que clasificar",,
Stewart Luya,Selección Peruana Femenina,entidad,5,1654.0,331.0,media,SIN_DATOS_60D,"el exportador automático de GSC agrega por página sobre 35 días, todavía no hay serie diaria real con la que clasificar",,
Stewart Luya,fc sorprende,entidad,3,1649.0,550.0,media,SIN_DATOS_60D,"el exportador automático de GSC agrega por página sobre 35 días, todavía no hay serie diaria real con la que clasificar",,
Stewart Luya,sigue firme,tema,2,1648.0,824.0,baja,SIN_DATOS_60D,"el exportador automático de GSC agrega por página sobre 35 días, todavía no hay serie diaria real con la que clasificar",,
Stewart Luya,calendario oficial,tema,2,1630.0,815.0,baja,SIN_DATOS_60D,"el exportador automático de GSC agrega por página sobre 35 días, todavía no hay serie diaria real con la que clasificar",,
Stewart Luya,consigue agónico empate,tema,3,1624.0,541.0,media,SIN_DATOS_60D,"el exportador automático de GSC agrega por página sobre 35 días, todavía no hay serie diaria real con la que clasificar",,
Stewart Luya,sorprende y cambia,tema,2,1619.0,810.0,baja,SIN_DATOS_60D,"el exportador automático de GSC agrega por página sobre 35 días, todavía no hay serie diaria real con la que clasificar",,
Stewart Luya,pasado en el fútbol,tema,2,1612.0,806.0,baja,SIN_DATOS_60D,"el exportador automático de GSC agrega por página sobre 35 días, todavía no hay serie diaria real con la que clasificar",,
Stewart Luya,árbitro del alianza lima,entidad,6,1609.0,268.0,media,SIN_DATOS_60D,"el exportador automático de GSC agrega por página sobre 35 días, todavía no hay serie diaria real con la que clasificar",,
Stewart Luya,Sudamericano Femenino Sub,entidad,3,1604.0,535.0,media,SIN_DATOS_60D,"el exportador automático de GSC agrega por página sobre 35 días, todavía no hay serie diaria real con la que clasificar",,
Stewart Luya,vs melgar,entidad,6,1599.0,266.0,media,SIN_DATOS_60D,"el exportador automático de GSC agrega por página sobre 35 días, todavía no hay serie diaria real con la que clasificar",,
Stewart Luya,futbolística en el extranjero,tema,2,1594.0,797.0,baja,SIN_DATOS_60D,"el exportador automático de GSC agrega por página sobre 35 días, todavía no hay serie diaria real con la que clasificar",,
Stewart Luya,partido ante alianza,tema,2,1592.0,796.0,baja,SIN_DATOS_60D,"el exportador automático de GSC agrega por página sobre 35 días, todavía no hay serie diaria real con la que clasificar",,
Stewart Luya,Sudamericano Sub,entidad,2,1590.0,795.0,baja,SIN_DATOS_60D,"el exportador automático de GSC agrega por página sobre 35 días, todavía no hay serie diaria real con la que clasificar",,
Stewart Luya,lidera el torneo,tema,2,1586.0,793.0,baja,SIN_DATOS_60D,"el exportador automático de GSC agrega por página sobre 35 días, todavía no hay serie diaria real con la que clasificar",,
Stewart Luya,huancayo vs alianza,entidad,2,1582.0,791.0,baja,SIN_DATOS_60D,"el exportador automático de GSC agrega por página sobre 35 días, todavía no hay serie diaria real con la que clasificar",,
Stewart Luya,Paraguay,entidad,6,1578.0,263.0,media,SIN_DATOS_60D,"el exportador automático de GSC agrega por página sobre 35 días, todavía no hay serie diaria real con la que clasificar",,
Stewart Luya,España,entidad,11,1571.0,143.0,alta,SIN_DATOS_60D,"el exportador automático de GSC agrega por página sobre 35 días, todavía no hay serie diaria real con la que clasificar",,
Stewart Luya,delantero colombiano,tema,4,1568.0,392.0,media,SIN_DATOS_60D,"el exportador automático de GSC agrega por página sobre 35 días, todavía no hay serie diaria real con la que clasificar",,
Stewart Luya,liga victoria,entidad,2,1568.0,784.0,baja,SIN_DATOS_60D,"el exportador automático de GSC agrega por página sobre 35 días, todavía no hay serie diaria real con la que clasificar",,
Stewart Luya,título del torneo,tema,2,1565.0,782.0,baja,SIN_DATOS_60D,"el exportador automático de GSC agrega por página sobre 35 días, todavía no hay serie diaria real con la que clasificar",,
Stewart Luya,ex defensa,tema,2,1560.0,780.0,baja,SIN_DATOS_60D,"el exportador automático de GSC agrega por página sobre 35 días, todavía no hay serie diaria real con la que clasificar",,
Stewart Luya,Bragantino,entidad,5,1558.0,312.0,media,SIN_DATOS_60D,"el exportador automático de GSC agrega por página sobre 35 días, todavía no hay serie diaria real con la que clasificar",,
Stewart Luya,nuevo director,tema,10,1553.0,155.0,alta,SIN_DATOS_60D,"el exportador automático de GSC agrega por página sobre 35 días, todavía no hay serie diaria real con la que clasificar",,
Stewart Luya,Estudiantil CNI,entidad,6,1546.0,258.0,media,SIN_DATOS_60D,"el exportador automático de GSC agrega por página sobre 35 días, todavía no hay serie diaria real con la que clasificar",,
Stewart Luya,hinchas en la previa,tema,3,1546.0,515.0,media,SIN_DATOS_60D,"el exportador automático de GSC agrega por página sobre 35 días, todavía no hay serie diaria real con la que clasificar",,
Stewart Luya,debut de sporting,tema,2,1544.0,772.0,baja,SIN_DATOS_60D,"el exportador automático de GSC agrega por página sobre 35 días, todavía no hay serie diaria real con la que clasificar",,
Stewart Luya,Liga Sporting Cristal,entidad,3,1541.0,514.0,media,SIN_DATOS_60D,"el exportador automático de GSC agrega por página sobre 35 días, todavía no hay serie diaria real con la que clasificar",,
Stewart Luya,vallejo se refuerza,tema,2,1540.0,770.0,baja,SIN_DATOS_60D,"el exportador automático de GSC agrega por página sobre 35 días, todavía no hay serie diaria real con la que clasificar",,
Stewart Luya,Erick Noriega,entidad,6,1536.0,256.0,media,SIN_DATOS_60D,"el exportador automático de GSC agrega por página sobre 35 días, todavía no hay serie diaria real con la que clasificar",,
Stewart Luya,Huánuco,entidad,4,1533.0,383.0,media,SIN_DATOS_60D,"el exportador automático de GSC agrega por página sobre 35 días, todavía no hay serie diaria real con la que clasificar",,
Stewart Luya,pelea por el torneo,tema,3,1533.0,511.0,media,SIN_DATOS_60D,"el exportador automático de GSC agrega por página sobre 35 días, todavía no hay serie diaria real con la que clasificar",,
Stewart Luya,Voleibol,entidad,2,1533.0,766.0,baja,SIN_DATOS_60D,"el exportador automático de GSC agrega por página sobre 35 días, todavía no hay serie diaria real con la que clasificar",,
Stewart Luya,US Open,entidad,2,1531.0,766.0,baja,SIN_DATOS_60D,"el exportador automático de GSC agrega por página sobre 35 días, todavía no hay serie diaria real con la que clasificar",,
Stewart Luya,medalla de bronce,tema,2,1522.0,761.0,baja,SIN_DATOS_60D,"el exportador automático de GSC agrega por página sobre 35 días, todavía no hay serie diaria real con la que clasificar",,
Stewart Luya,Trujillo,entidad,6,1522.0,254.0,media,SIN_DATOS_60D,"el exportador automático de GSC agrega por página sobre 35 días, todavía no hay serie diaria real con la que clasificar",,
Stewart Luya,disciplinaria castiga,tema,2,1519.0,760.0,baja,SIN_DATOS_60D,"el exportador automático de GSC agrega por página sobre 35 días, todavía no hay serie diaria real con la que clasificar",,
Stewart Luya,nuevos refuerzos para disputar,tema,2,1519.0,760.0,baja,SIN_DATOS_60D,"el exportador automático de GSC agrega por página sobre 35 días, todavía no hay serie diaria real con la que clasificar",,
Stewart Luya,Colombia,entidad,4,1514.0,378.0,media,SIN_DATOS_60D,"el exportador automático de GSC agrega por página sobre 35 días, todavía no hay serie diaria real con la que clasificar",,
Stewart Luya,ASA FC,entidad,3,1511.0,504.0,media,SIN_DATOS_60D,"el exportador automático de GSC agrega por página sobre 35 días, todavía no hay serie diaria real con la que clasificar",,
Stewart Luya,lima sismo,entidad,2,1506.0,753.0,baja,SIN_DATOS_60D,"el exportador automático de GSC agrega por página sobre 35 días, todavía no hay serie diaria real con la que clasificar",,
Stewart Luya,temblor hoy en lima,entidad,2,1506.0,753.0,baja,SIN_DATOS_60D,"el exportador automático de GSC agrega por página sobre 35 días, todavía no hay serie diaria real con la que clasificar",,
Stewart Luya,liga fecha,entidad,3,1500.0,500.0,media,SIN_DATOS_60D,"el exportador automático de GSC agrega por página sobre 35 días, todavía no hay serie diaria real con la que clasificar",,
Stewart Luya,completo del equipo,tema,3,1497.0,499.0,media,SIN_DATOS_60D,"el exportador automático de GSC agrega por página sobre 35 días, todavía no hay serie diaria real con la que clasificar",,
Stewart Luya,Monumental de la UNSA,entidad,2,1492.0,746.0,baja,SIN_DATOS_60D,"el exportador automático de GSC agrega por página sobre 35 días, todavía no hay serie diaria real con la que clasificar",,
Stewart Luya,FBC Melgar,entidad,4,1489.0,372.0,media,SIN_DATOS_60D,"el exportador automático de GSC agrega por página sobre 35 días, todavía no hay serie diaria real con la que clasificar",,
Stewart Luya,derrota ante alianza,tema,2,1486.0,743.0,baja,SIN_DATOS_60D,"el exportador automático de GSC agrega por página sobre 35 días, todavía no hay serie diaria real con la que clasificar",,
Stewart Luya,vóley san,entidad,3,1486.0,495.0,media,SIN_DATOS_60D,"el exportador automático de GSC agrega por página sobre 35 días, todavía no hay serie diaria real con la que clasificar",,
Stewart Luya,independiente de avellaneda,entidad,2,1477.0,738.0,baja,SIN_DATOS_60D,"el exportador automático de GSC agrega por página sobre 35 días, todavía no hay serie diaria real con la que clasificar",,
Stewart Luya,Fase de la Copa Libertadores,entidad,3,1475.0,492.0,media,SIN_DATOS_60D,"el exportador automático de GSC agrega por página sobre 35 días, todavía no hay serie diaria real con la que clasificar",,
Stewart Luya,américa tv,entidad,3,1468.0,489.0,media,SIN_DATOS_60D,"el exportador automático de GSC agrega por página sobre 35 días, todavía no hay serie diaria real con la que clasificar",,
Stewart Luya,Brasil Cup,entidad,2,1464.0,732.0,baja,SIN_DATOS_60D,"el exportador automático de GSC agrega por página sobre 35 días, todavía no hay serie diaria real con la que clasificar",,
Stewart Luya,Croacia,entidad,6,1458.0,243.0,media,SIN_DATOS_60D,"el exportador automático de GSC agrega por página sobre 35 días, todavía no hay serie diaria real con la que clasificar",,
Stewart Luya,canal transmitirá,tema,4,1457.0,364.0,media,SIN_DATOS_60D,"el exportador automático de GSC agrega por página sobre 35 días, todavía no hay serie diaria real con la que clasificar",,
Stewart Luya,Torneo Apertura de la Liga,entidad,3,1457.0,486.0,media,SIN_DATOS_60D,"el exportador automático de GSC agrega por página sobre 35 días, todavía no hay serie diaria real con la que clasificar",,
Stewart Luya,Liga Atlético Grau,entidad,5,1456.0,291.0,media,SIN_DATOS_60D,"el exportador automático de GSC agrega por página sobre 35 días, todavía no hay serie diaria real con la que clasificar",,
Stewart Luya,boys vs,entidad,4,1444.0,361.0,media,SIN_DATOS_60D,"el exportador automático de GSC agrega por página sobre 35 días, todavía no hay serie diaria real con la que clasificar",,
Stewart Luya,previa del torneo,tema,2,1434.0,717.0,baja,SIN_DATOS_60D,"el exportador automático de GSC agrega por página sobre 35 días, todavía no hay serie diaria real con la que clasificar",,
Stewart Luya,Sudamericana,entidad,2,1430.0,715.0,baja,SIN_DATOS_60D,"el exportador automático de GSC agrega por página sobre 35 días, todavía no hay serie diaria real con la que clasificar",,
Stewart Luya,Sports,entidad,2,1428.0,714.0,baja,SIN_DATOS_60D,"el exportador automático de GSC agrega por página sobre 35 días, todavía no hay serie diaria real con la que clasificar",,
Stewart Luya,club deportivo,entidad,3,1427.0,476.0,media,SIN_DATOS_60D,"el exportador automático de GSC agrega por página sobre 35 días, todavía no hay serie diaria real con la que clasificar",,
Stewart Luya,refuerzo para el torneo,tema,5,1418.0,284.0,media,SIN_DATOS_60D,"el exportador automático de GSC agrega por página sobre 35 días, todavía no hay serie diaria real con la que clasificar",,
Stewart Luya,nuevo equipo,tema,3,1408.0,469.0,media,SIN_DATOS_60D,"el exportador automático de GSC agrega por página sobre 35 días, todavía no hay serie diaria real con la que clasificar",,
Stewart Luya,lima emite,entidad,2,1402.0,701.0,baja,SIN_DATOS_60D,"el exportador automático de GSC agrega por página sobre 35 días, todavía no hay serie diaria real con la que clasificar",,
Stewart Luya,decisión tras la goleada,tema,2,1400.0,700.0,baja,SIN_DATOS_60D,"el exportador automático de GSC agrega por página sobre 35 días, todavía no hay serie diaria real con la que clasificar",,
Stewart Luya,goleada sufrida,tema,2,1400.0,700.0,baja,SIN_DATOS_60D,"el exportador automático de GSC agrega por página sobre 35 días, todavía no hay serie diaria real con la que clasificar",,
Stewart Luya,noticia en la previa,tema,3,1398.0,466.0,media,SIN_DATOS_60D,"el exportador automático de GSC agrega por página sobre 35 días, todavía no hay serie diaria real con la que clasificar",,
Stewart Luya,lima vs deportivo,entidad,3,1376.0,459.0,media,SIN_DATOS_60D,"el exportador automático de GSC agrega por página sobre 35 días, todavía no hay serie diaria real con la que clasificar",,
Stewart Luya,FIFA,entidad,4,1374.0,344.0,media,SIN_DATOS_60D,"el exportador automático de GSC agrega por página sobre 35 días, todavía no hay serie diaria real con la que clasificar",,
Stewart Luya,Callao,entidad,3,1372.0,457.0,media,SIN_DATOS_60D,"el exportador automático de GSC agrega por página sobre 35 días, todavía no hay serie diaria real con la que clasificar",,
Stewart Luya,Sudamericano de Voleibol,entidad,2,1369.0,684.0,baja,SIN_DATOS_60D,"el exportador automático de GSC agrega por página sobre 35 días, todavía no hay serie diaria real con la que clasificar",,
Stewart Luya,mercado y se refuerza,tema,2,1366.0,683.0,baja,SIN_DATOS_60D,"el exportador automático de GSC agrega por página sobre 35 días, todavía no hay serie diaria real con la que clasificar",,
Stewart Luya,ventaja en la fecha,tema,2,1358.0,679.0,baja,SIN_DATOS_60D,"el exportador automático de GSC agrega por página sobre 35 días, todavía no hay serie diaria real con la que clasificar",,
Stewart Luya,José Rivera,entidad,2,1356.0,678.0,baja,SIN_DATOS_60D,"el exportador automático de GSC agrega por página sobre 35 días, todavía no hay serie diaria real con la que clasificar",,
Stewart Luya,pie derecho,tema,2,1354.0,677.0,baja,SIN_DATOS_60D,"el exportador automático de GSC agrega por página sobre 35 días, todavía no hay serie diaria real con la que clasificar",,
Stewart Luya,Copa Libertadores de Futsal,entidad,3,1350.0,450.0,media,SIN_DATOS_60D,"el exportador automático de GSC agrega por página sobre 35 días, todavía no hay serie diaria real con la que clasificar",,
Stewart Luya,Maeva Orlé,entidad,4,1350.0,338.0,media,SIN_DATOS_60D,"el exportador automático de GSC agrega por página sobre 35 días, todavía no hay serie diaria real con la que clasificar",,
Stewart Luya,sudamericana cienciano,entidad,7,1349.0,193.0,media,SIN_DATOS_60D,"el exportador automático de GSC agrega por página sobre 35 días, todavía no hay serie diaria real con la que clasificar",,
Stewart Luya,Conference League,entidad,3,1343.0,448.0,media,SIN_DATOS_60D,"el exportador automático de GSC agrega por página sobre 35 días, todavía no hay serie diaria real con la que clasificar",,
Stewart Luya,Atlético Atenea,entidad,2,1337.0,668.0,baja,SIN_DATOS_60D,"el exportador automático de GSC agrega por página sobre 35 días, todavía no hay serie diaria real con la que clasificar",,
Stewart Luya,refuerza con un exvolante,tema,2,1332.0,666.0,baja,SIN_DATOS_60D,"el exportador automático de GSC agrega por página sobre 35 días, todavía no hay serie diaria real con la que clasificar",,
Stewart Luya,masculino sub,entidad,2,1318.0,659.0,baja,SIN_DATOS_60D,"el exportador automático de GSC agrega por página sobre 35 días, todavía no hay serie diaria real con la que clasificar",,
Stewart Luya,sudamericano de voleibol masculino,entidad,2,1318.0,659.0,baja,SIN_DATOS_60D,"el exportador automático de GSC agrega por página sobre 35 días, todavía no hay serie diaria real con la que clasificar",,
Stewart Luya,Jesús Pretell,entidad,8,1316.0,164.0,media,SIN_DATOS_60D,"el exportador automático de GSC agrega por página sobre 35 días, todavía no hay serie diaria real con la que clasificar",,
Stewart Luya,Tradición Copera,entidad,5,1313.0,263.0,media,SIN_DATOS_60D,"el exportador automático de GSC agrega por página sobre 35 días, todavía no hay serie diaria real con la que clasificar",,
Stewart Luya,vs alianza atlético,entidad,5,1313.0,263.0,media,SIN_DATOS_60D,"el exportador automático de GSC agrega por página sobre 35 días, todavía no hay serie diaria real con la que clasificar",,
Stewart Luya,Carabobo FC,entidad,5,1310.0,262.0,media,SIN_DATOS_60D,"el exportador automático de GSC agrega por página sobre 35 días, todavía no hay serie diaria real con la que clasificar",,
Stewart Luya,regresa a la liga,entidad,3,1302.0,434.0,media,SIN_DATOS_60D,"el exportador automático de GSC agrega por página sobre 35 días, todavía no hay serie diaria real con la que clasificar",,
Stewart Luya,inesperadas sanciones,tema,2,1298.0,649.0,baja,SIN_DATOS_60D,"el exportador automático de GSC agrega por página sobre 35 días, todavía no hay serie diaria real con la que clasificar",,
Stewart Luya,sanciones en la previa,tema,2,1298.0,649.0,baja,SIN_DATOS_60D,"el exportador automático de GSC agrega por página sobre 35 días, todavía no hay serie diaria real con la que clasificar",,
Stewart Luya,Arequipa,entidad,4,1285.0,321.0,media,SIN_DATOS_60D,"el exportador automático de GSC agrega por página sobre 35 días, todavía no hay serie diaria real con la que clasificar",,
Stewart Luya,Piero Quispe,entidad,10,1282.0,128.0,alta,SIN_DATOS_60D,"el exportador automático de GSC agrega por página sobre 35 días, todavía no hay serie diaria real con la que clasificar",,
Stewart Luya,partido ante deportivo moquegua,entidad,3,1280.0,427.0,media,SIN_DATOS_60D,"el exportador automático de GSC agrega por página sobre 35 días, todavía no hay serie diaria real con la que clasificar",,
Stewart Luya,Atlético Torino,entidad,3,1279.0,426.0,media,SIN_DATOS_60D,"el exportador automático de GSC agrega por página sobre 35 días, todavía no hay serie diaria real con la que clasificar",,
Stewart Luya,vs inter,tema,3,1276.0,425.0,media,SIN_DATOS_60D,"el exportador automático de GSC agrega por página sobre 35 días, todavía no hay serie diaria real con la que clasificar",,
Stewart Luya,Liga Revelacao Sub de Portugal,entidad,2,1271.0,636.0,baja,SIN_DATOS_60D,"el exportador automático de GSC agrega por página sobre 35 días, todavía no hay serie diaria real con la que clasificar",,
Stewart Luya,César Uribe,entidad,2,1267.0,634.0,baja,SIN_DATOS_60D,"el exportador automático de GSC agrega por página sobre 35 días, todavía no hay serie diaria real con la que clasificar",,
Stewart Luya,Adrián Ugarriza,entidad,5,1266.0,253.0,media,SIN_DATOS_60D,"el exportador automático de GSC agrega por página sobre 35 días, todavía no hay serie diaria real con la que clasificar",,
Stewart Luya,Francia,entidad,6,1262.0,210.0,media,SIN_DATOS_60D,"el exportador automático de GSC agrega por página sobre 35 días, todavía no hay serie diaria real con la que clasificar",,
Stewart Luya,encarar el torneo,tema,5,1253.0,251.0,media,SIN_DATOS_60D,"el exportador automático de GSC agrega por página sobre 35 días, todavía no hay serie diaria real con la que clasificar",,
Stewart Luya,Liga de Naciones Femenina,entidad,4,1251.0,313.0,media,SIN_DATOS_60D,"el exportador automático de GSC agrega por página sobre 35 días, todavía no hay serie diaria real con la que clasificar",,
Stewart Luya,Senegal,entidad,3,1234.0,411.0,media,SIN_DATOS_60D,"el exportador automático de GSC agrega por página sobre 35 días, todavía no hay serie diaria real con la que clasificar",,
Stewart Luya,dos bajas,tema,3,1231.0,410.0,media,SIN_DATOS_60D,"el exportador automático de GSC agrega por página sobre 35 días, todavía no hay serie diaria real con la que clasificar",,
Stewart Luya,agónico triunfo,tema,2,1218.0,609.0,baja,SIN_DATOS_60D,"el exportador automático de GSC agrega por página sobre 35 días, todavía no hay serie diaria real con la que clasificar",,
Stewart Luya,República Checa,entidad,5,1215.0,243.0,media,SIN_DATOS_60D,"el exportador automático de GSC agrega por página sobre 35 días, todavía no hay serie diaria real con la que clasificar",,
Stewart Luya,emite un contundente,tema,5,1214.0,243.0,media,SIN_DATOS_60D,"el exportador automático de GSC agrega por página sobre 35 días, todavía no hay serie diaria real con la que clasificar",,
Stewart Luya,última fecha,tema,4,1211.0,303.0,media,SIN_DATOS_60D,"el exportador automático de GSC agrega por página sobre 35 días, todavía no hay serie diaria real con la que clasificar",,
Stewart Luya,gira internacional,tema,3,1210.0,403.0,media,SIN_DATOS_60D,"el exportador automático de GSC agrega por página sobre 35 días, todavía no hay serie diaria real con la que clasificar",,
Stewart Luya,Copa Sudamericana de Voleibol,entidad,4,1203.0,301.0,media,SIN_DATOS_60D,"el exportador automático de GSC agrega por página sobre 35 días, todavía no hay serie diaria real con la que clasificar",,
Stewart Luya,destino confirmado,tema,3,1203.0,401.0,media,SIN_DATOS_60D,"el exportador automático de GSC agrega por página sobre 35 días, todavía no hay serie diaria real con la que clasificar",,
Stewart Luya,sudamericana de voleibol masculino,entidad,4,1203.0,301.0,media,SIN_DATOS_60D,"el exportador automático de GSC agrega por página sobre 35 días, todavía no hay serie diaria real con la que clasificar",,
Stewart Luya,conoce a sus rivales,tema,3,1201.0,400.0,media,SIN_DATOS_60D,"el exportador automático de GSC agrega por página sobre 35 días, todavía no hay serie diaria real con la que clasificar",,
Stewart Luya,vs deportivo soan,entidad,2,1199.0,600.0,baja,SIN_DATOS_60D,"el exportador automático de GSC agrega por página sobre 35 días, todavía no hay serie diaria real con la que clasificar",,
Stewart Luya,ciudad incontrastable,entidad,2,1196.0,598.0,baja,SIN_DATOS_60D,"el exportador automático de GSC agrega por página sobre 35 días, todavía no hay serie diaria real con la que clasificar",,
Stewart Luya,victoria en el torneo,tema,2,1190.0,595.0,baja,SIN_DATOS_60D,"el exportador automático de GSC agrega por página sobre 35 días, todavía no hay serie diaria real con la que clasificar",,
Stewart Luya,fichajes de sporting,entidad,2,1179.0,590.0,baja,SIN_DATOS_60D,"el exportador automático de GSC agrega por página sobre 35 días, todavía no hay serie diaria real con la que clasificar",,
Stewart Luya,compartirán equipo,tema,2,1174.0,587.0,baja,SIN_DATOS_60D,"el exportador automático de GSC agrega por página sobre 35 días, todavía no hay serie diaria real con la que clasificar",,
Stewart Luya,Italia,entidad,5,1174.0,235.0,media,SIN_DATOS_60D,"el exportador automático de GSC agrega por página sobre 35 días, todavía no hay serie diaria real con la que clasificar",,
Stewart Luya,presentado como nuevo,tema,2,1169.0,584.0,baja,SIN_DATOS_60D,"el exportador automático de GSC agrega por página sobre 35 días, todavía no hay serie diaria real con la que clasificar",,
Stewart Luya,huancayo consigue,entidad,2,1160.0,580.0,baja,SIN_DATOS_60D,"el exportador automático de GSC agrega por página sobre 35 días, todavía no hay serie diaria real con la que clasificar",,
Stewart Luya,liga horarios,entidad,2,1155.0,578.0,baja,SIN_DATOS_60D,"el exportador automático de GSC agrega por página sobre 35 días, todavía no hay serie diaria real con la que clasificar",,
Stewart Luya,París,entidad,2,1154.0,577.0,baja,SIN_DATOS_60D,"el exportador automático de GSC agrega por página sobre 35 días, todavía no hay serie diaria real con la que clasificar",,
Stewart Luya,debut de alianza,tema,2,1146.0,573.0,baja,SIN_DATOS_60D,"el exportador automático de GSC agrega por página sobre 35 días, todavía no hay serie diaria real con la que clasificar",,
Stewart Luya,afrontar la temporada,tema,2,1144.0,572.0,baja,SIN_DATOS_60D,"el exportador automático de GSC agrega por página sobre 35 días, todavía no hay serie diaria real con la que clasificar",,
Stewart Luya,liga fecha hora,entidad,2,1139.0,570.0,baja,SIN_DATOS_60D,"el exportador automático de GSC agrega por página sobre 35 días, todavía no hay serie diaria real con la que clasificar",,
Stewart Luya,Joao,entidad,2,1133.0,566.0,baja,SIN_DATOS_60D,"el exportador automático de GSC agrega por página sobre 35 días, todavía no hay serie diaria real con la que clasificar",,
Stewart Luya,amistoso internacional,tema,4,1132.0,283.0,media,SIN_DATOS_60D,"el exportador automático de GSC agrega por página sobre 35 días, todavía no hay serie diaria real con la que clasificar",,
Stewart Luya,campeón de la copa,entidad,3,1120.0,373.0,media,SIN_DATOS_60D,"el exportador automático de GSC agrega por página sobre 35 días, todavía no hay serie diaria real con la que clasificar",,
Stewart Luya,Ecuador,entidad,5,1117.0,223.0,media,SIN_DATOS_60D,"el exportador automático de GSC agrega por página sobre 35 días, todavía no hay serie diaria real con la que clasificar",,
Stewart Luya,Marruecos,entidad,5,1116.0,223.0,media,SIN_DATOS_60D,"el exportador automático de GSC agrega por página sobre 35 días, todavía no hay serie diaria real con la que clasificar",,
Stewart Luya,impactante revelación,tema,2,1114.0,557.0,baja,SIN_DATOS_60D,"el exportador automático de GSC agrega por página sobre 35 días, todavía no hay serie diaria real con la que clasificar",,
Stewart Luya,delantero argentino,tema,5,1101.0,220.0,media,SIN_DATOS_60D,"el exportador automático de GSC agrega por página sobre 35 días, todavía no hay serie diaria real con la que clasificar",,
Stewart Luya,delantero con pasado,tema,3,1101.0,367.0,media,SIN_DATOS_60D,"el exportador automático de GSC agrega por página sobre 35 días, todavía no hay serie diaria real con la que clasificar",,
Stewart Luya,fixture de alianza,tema,2,1096.0,548.0,baja,SIN_DATOS_60D,"el exportador automático de GSC agrega por página sobre 35 días, todavía no hay serie diaria real con la que clasificar",,
Stewart Luya,Felipe Chávez,entidad,9,1094.0,122.0,media,SIN_DATOS_60D,"el exportador automático de GSC agrega por página sobre 35 días, todavía no hay serie diaria real con la que clasificar",,
Stewart Luya,sorprende y ficha,tema,6,1092.0,182.0,media,SIN_DATOS_60D,"el exportador automático de GSC agrega por página sobre 35 días, todavía no hay serie diaria real con la que clasificar",,
Stewart Luya,jugar la selección,entidad,2,1087.0,544.0,baja,SIN_DATOS_60D,"el exportador automático de GSC agrega por página sobre 35 días, todavía no hay serie diaria real con la que clasificar",,
Stewart Luya,campeonato mundial de clubes,entidad,2,1086.0,543.0,baja,SIN_DATOS_60D,"el exportador automático de GSC agrega por página sobre 35 días, todavía no hay serie diaria real con la que clasificar",,
Stewart Luya,clubes femeninos,tema,2,1086.0,543.0,baja,SIN_DATOS_60D,"el exportador automático de GSC agrega por página sobre 35 días, todavía no hay serie diaria real con la que clasificar",,
Stewart Luya,Femeninos de la FIVB,entidad,2,1086.0,543.0,baja,SIN_DATOS_60D,"el exportador automático de GSC agrega por página sobre 35 días, todavía no hay serie diaria real con la que clasificar",,
Stewart Luya,entradas para el sudamericano,entidad,2,1084.0,542.0,baja,SIN_DATOS_60D,"el exportador automático de GSC agrega por página sobre 35 días, todavía no hay serie diaria real con la que clasificar",,
Stewart Luya,dos equipos,tema,2,1082.0,541.0,baja,SIN_DATOS_60D,"el exportador automático de GSC agrega por página sobre 35 días, todavía no hay serie diaria real con la que clasificar",,
Stewart Luya,fecha fifa,entidad,2,1080.0,540.0,baja,SIN_DATOS_60D,"el exportador automático de GSC agrega por página sobre 35 días, todavía no hay serie diaria real con la que clasificar",,
Stewart Luya,refuerzo de sporting,entidad,2,1076.0,538.0,baja,SIN_DATOS_60D,"el exportador automático de GSC agrega por página sobre 35 días, todavía no hay serie diaria real con la que clasificar",,
Stewart Luya,resultados de la fecha,tema,8,1072.0,134.0,media,SIN_DATOS_60D,"el exportador automático de GSC agrega por página sobre 35 días, todavía no hay serie diaria real con la que clasificar",,
Stewart Luya,corre riesgo,tema,2,1067.0,534.0,baja,SIN_DATOS_60D,"el exportador automático de GSC agrega por página sobre 35 días, todavía no hay serie diaria real con la que clasificar",,
Stewart Luya,Doris Manco,entidad,2,1062.0,531.0,baja,SIN_DATOS_60D,"el exportador automático de GSC agrega por página sobre 35 días, todavía no hay serie diaria real con la que clasificar",,
Stewart Luya,luce con doblete,tema,2,1062.0,531.0,baja,SIN_DATOS_60D,"el exportador automático de GSC agrega por página sobre 35 días, todavía no hay serie diaria real con la que clasificar",,
Stewart Luya,primer lugar,tema,2,1062.0,531.0,baja,SIN_DATOS_60D,"el exportador automático de GSC agrega por página sobre 35 días, todavía no hay serie diaria real con la que clasificar",,
Stewart Luya,primer gol,tema,5,1061.0,212.0,media,SIN_DATOS_60D,"el exportador automático de GSC agrega por página sobre 35 días, todavía no hay serie diaria real con la que clasificar",,
Stewart Luya,Liga UTC,entidad,2,1060.0,530.0,baja,SIN_DATOS_60D,"el exportador automático de GSC agrega por página sobre 35 días, todavía no hay serie diaria real con la que clasificar",,
Stewart Luya,lidera la liga,entidad,2,1050.0,525.0,baja,SIN_DATOS_60D,"el exportador automático de GSC agrega por página sobre 35 días, todavía no hay serie diaria real con la que clasificar",,
Stewart Luya,nueva armadora,tema,2,1049.0,524.0,baja,SIN_DATOS_60D,"el exportador automático de GSC agrega por página sobre 35 días, todavía no hay serie diaria real con la que clasificar",,
Stewart Luya,grau sorprende,entidad,4,1038.0,260.0,media,SIN_DATOS_60D,"el exportador automático de GSC agrega por página sobre 35 días, todavía no hay serie diaria real con la que clasificar",,
Stewart Luya,lima vs melgar,entidad,2,1038.0,519.0,baja,SIN_DATOS_60D,"el exportador automático de GSC agrega por página sobre 35 días, todavía no hay serie diaria real con la que clasificar",,
Stewart Luya,argentino para el torneo,tema,4,1032.0,258.0,media,SIN_DATOS_60D,"el exportador automático de GSC agrega por página sobre 35 días, todavía no hay serie diaria real con la que clasificar",,
Stewart Luya,Tarma,entidad,3,1021.0,340.0,media,SIN_DATOS_60D,"el exportador automático de GSC agrega por página sobre 35 días, todavía no hay serie diaria real con la que clasificar",,
Stewart Luya,Héctor Cúper,entidad,4,1018.0,254.0,media,SIN_DATOS_60D,"el exportador automático de GSC agrega por página sobre 35 días, todavía no hay serie diaria real con la que clasificar",,
Stewart Luya,Liga Juventus de Huamachuco,entidad,5,1016.0,203.0,media,SIN_DATOS_60D,"el exportador automático de GSC agrega por página sobre 35 días, todavía no hay serie diaria real con la que clasificar",,
Stewart Luya,Sudáfrica,entidad,5,1016.0,203.0,media,SIN_DATOS_60D,"el exportador automático de GSC agrega por página sobre 35 días, todavía no hay serie diaria real con la que clasificar",,
Stewart Luya,jugar alianza,tema,4,1009.0,252.0,media,SIN_DATOS_60D,"el exportador automático de GSC agrega por página sobre 35 días, todavía no hay serie diaria real con la que clasificar",,
Stewart Luya,camiseta de universitario,entidad,2,1006.0,503.0,baja,SIN_DATOS_60D,"el exportador automático de GSC agrega por página sobre 35 días, todavía no hay serie diaria real con la que clasificar",,
Stewart Luya,moquegua se refuerza,entidad,2,1000.0,500.0,baja,SIN_DATOS_60D,"el exportador automático de GSC agrega por página sobre 35 días, todavía no hay serie diaria real con la que clasificar",,
Stewart Luya,suma dos refuerzos,tema,2,998.0,499.0,baja,SIN_DATOS_60D,"el exportador automático de GSC agrega por página sobre 35 días, todavía no hay serie diaria real con la que clasificar",,
Stewart Luya,Liga Femenina Sporting Cristal,entidad,2,995.0,498.0,baja,SIN_DATOS_60D,"el exportador automático de GSC agrega por página sobre 35 días, todavía no hay serie diaria real con la que clasificar",,
Stewart Luya,Ayacucho FC,entidad,3,992.0,331.0,media,SIN_DATOS_60D,"el exportador automático de GSC agrega por página sobre 35 días, todavía no hay serie diaria real con la que clasificar",,
Stewart Luya,boys vs alianza,entidad,3,989.0,330.0,media,SIN_DATOS_60D,"el exportador automático de GSC agrega por página sobre 35 días, todavía no hay serie diaria real con la que clasificar",,
Stewart Luya,melgar sorprende,entidad,2,988.0,494.0,baja,SIN_DATOS_60D,"el exportador automático de GSC agrega por página sobre 35 días, todavía no hay serie diaria real con la que clasificar",,
Stewart Luya,Oliver Sonne,entidad,10,982.0,98.0,alta,SIN_DATOS_60D,"el exportador automático de GSC agrega por página sobre 35 días, todavía no hay serie diaria real con la que clasificar",,
Stewart Luya,Yanapuma,entidad,2,977.0,488.0,baja,SIN_DATOS_60D,"el exportador automático de GSC agrega por página sobre 35 días, todavía no hay serie diaria real con la que clasificar",,
Stewart Luya,femenina cuándo,tema,2,973.0,486.0,baja,SIN_DATOS_60D,"el exportador automático de GSC agrega por página sobre 35 días, todavía no hay serie diaria real con la que clasificar",,
Stewart Luya,Huancayo,entidad,4,971.0,243.0,media,SIN_DATOS_60D,"el exportador automático de GSC agrega por página sobre 35 días, todavía no hay serie diaria real con la que clasificar",,
Stewart Luya,Copa Sudamericana de Voleibol Femenino,entidad,3,968.0,323.0,media,SIN_DATOS_60D,"el exportador automático de GSC agrega por página sobre 35 días, todavía no hay serie diaria real con la que clasificar",,
Stewart Luya,cristal y cusco,entidad,3,968.0,323.0,media,SIN_DATOS_60D,"el exportador automático de GSC agrega por página sobre 35 días, todavía no hay serie diaria real con la que clasificar",,
Stewart Luya,universitario sporting,entidad,3,968.0,323.0,media,SIN_DATOS_60D,"el exportador automático de GSC agrega por página sobre 35 días, todavía no hay serie diaria real con la que clasificar",,
Stewart Luya,descenso a la copa,entidad,2,962.0,481.0,baja,SIN_DATOS_60D,"el exportador automático de GSC agrega por página sobre 35 días, todavía no hay serie diaria real con la que clasificar",,
Stewart Luya,martín vs alianza,entidad,3,955.0,318.0,media,SIN_DATOS_60D,"el exportador automático de GSC agrega por página sobre 35 días, todavía no hay serie diaria real con la que clasificar",,
Stewart Luya,Gianluca Lapadula,entidad,5,954.0,191.0,media,SIN_DATOS_60D,"el exportador automático de GSC agrega por página sobre 35 días, todavía no hay serie diaria real con la que clasificar",,
Stewart Luya,campeón de puno,tema,3,954.0,318.0,media,SIN_DATOS_60D,"el exportador automático de GSC agrega por página sobre 35 días, todavía no hay serie diaria real con la que clasificar",,
Stewart Luya,sanciona a adt,tema,2,954.0,477.0,baja,SIN_DATOS_60D,"el exportador automático de GSC agrega por página sobre 35 días, todavía no hay serie diaria real con la que clasificar",,
Stewart Luya,Alemania,entidad,5,950.0,190.0,media,SIN_DATOS_60D,"el exportador automático de GSC agrega por página sobre 35 días, todavía no hay serie diaria real con la que clasificar",,
Stewart Luya,Bella Esperanza,entidad,2,950.0,475.0,baja,SIN_DATOS_60D,"el exportador automático de GSC agrega por página sobre 35 días, todavía no hay serie diaria real con la que clasificar",,
Stewart Luya,lima por la fecha,entidad,4,938.0,234.0,media,SIN_DATOS_60D,"el exportador automático de GSC agrega por página sobre 35 días, todavía no hay serie diaria real con la que clasificar",,
Stewart Luya,Kevin Ortega,entidad,5,937.0,187.0,media,SIN_DATOS_60D,"el exportador automático de GSC agrega por página sobre 35 días, todavía no hay serie diaria real con la que clasificar",,
Stewart Luya,LINFA,entidad,2,936.0,468.0,baja,SIN_DATOS_60D,"el exportador automático de GSC agrega por página sobre 35 días, todavía no hay serie diaria real con la que clasificar",,
Stewart Luya,goleador para el torneo,tema,2,930.0,465.0,baja,SIN_DATOS_60D,"el exportador automático de GSC agrega por página sobre 35 días, todavía no hay serie diaria real con la que clasificar",,
Stewart Luya,lista de convocados,tema,7,929.0,133.0,media,SIN_DATOS_60D,"el exportador automático de GSC agrega por página sobre 35 días, todavía no hay serie diaria real con la que clasificar",,
Stewart Luya,nuevo triunfo,tema,4,924.0,231.0,media,SIN_DATOS_60D,"el exportador automático de GSC agrega por página sobre 35 días, todavía no hay serie diaria real con la que clasificar",,
Stewart Luya,VAR,entidad,2,924.0,462.0,baja,SIN_DATOS_60D,"el exportador automático de GSC agrega por página sobre 35 días, todavía no hay serie diaria real con la que clasificar",,
Stewart Luya,Saravia,entidad,2,923.0,462.0,baja,SIN_DATOS_60D,"el exportador automático de GSC agrega por página sobre 35 días, todavía no hay serie diaria real con la que clasificar",,
Stewart Luya,bajas para recibir,tema,2,920.0,460.0,baja,SIN_DATOS_60D,"el exportador automático de GSC agrega por página sobre 35 días, todavía no hay serie diaria real con la que clasificar",,
Stewart Luya,altas y bajas,tema,2,906.0,453.0,baja,SIN_DATOS_60D,"el exportador automático de GSC agrega por página sobre 35 días, todavía no hay serie diaria real con la que clasificar",,
Stewart Luya,bajas para el torneo,tema,2,906.0,453.0,baja,SIN_DATOS_60D,"el exportador automático de GSC agrega por página sobre 35 días, todavía no hay serie diaria real con la que clasificar",,
Stewart Luya,visitar a alianza,tema,2,901.0,450.0,baja,SIN_DATOS_60D,"el exportador automático de GSC agrega por página sobre 35 días, todavía no hay serie diaria real con la que clasificar",,
Stewart Luya,Etapa Departamental de Lima,entidad,3,899.0,300.0,media,SIN_DATOS_60D,"el exportador automático de GSC agrega por página sobre 35 días, todavía no hay serie diaria real con la que clasificar",,
Stewart Luya,vs los chankas,entidad,3,896.0,299.0,media,SIN_DATOS_60D,"el exportador automático de GSC agrega por página sobre 35 días, todavía no hay serie diaria real con la que clasificar",,
Stewart Luya,mira de un equipo,tema,2,895.0,448.0,baja,SIN_DATOS_60D,"el exportador automático de GSC agrega por página sobre 35 días, todavía no hay serie diaria real con la que clasificar",,
Stewart Luya,ocurrido en uruguay,entidad,2,889.0,444.0,baja,SIN_DATOS_60D,"el exportador automático de GSC agrega por página sobre 35 días, todavía no hay serie diaria real con la que clasificar",,
Stewart Luya,transmitirá la copa,entidad,2,880.0,440.0,baja,SIN_DATOS_60D,"el exportador automático de GSC agrega por página sobre 35 días, todavía no hay serie diaria real con la que clasificar",,
Stewart Luya,clásico del sur,tema,2,879.0,440.0,baja,SIN_DATOS_60D,"el exportador automático de GSC agrega por página sobre 35 días, todavía no hay serie diaria real con la que clasificar",,
Stewart Luya,rescata un empate,tema,3,878.0,293.0,media,SIN_DATOS_60D,"el exportador automático de GSC agrega por página sobre 35 días, todavía no hay serie diaria real con la que clasificar",,
Stewart Luya,advertencia a universitario,entidad,2,875.0,438.0,baja,SIN_DATOS_60D,"el exportador automático de GSC agrega por página sobre 35 días, todavía no hay serie diaria real con la que clasificar",,
Stewart Luya,francia vs,entidad,4,872.0,218.0,media,SIN_DATOS_60D,"el exportador automático de GSC agrega por página sobre 35 días, todavía no hay serie diaria real con la que clasificar",,
Stewart Luya,mira de dos,tema,2,866.0,433.0,baja,SIN_DATOS_60D,"el exportador automático de GSC agrega por página sobre 35 días, todavía no hay serie diaria real con la que clasificar",,
Stewart Luya,MLS,entidad,5,866.0,173.0,media,SIN_DATOS_60D,"el exportador automático de GSC agrega por página sobre 35 días, todavía no hay serie diaria real con la que clasificar",,
Stewart Luya,Alianza Lima Pablo Guede,entidad,2,857.0,428.0,baja,SIN_DATOS_60D,"el exportador automático de GSC agrega por página sobre 35 días, todavía no hay serie diaria real con la que clasificar",,
Stewart Luya,CONAR,entidad,3,856.0,285.0,media,SIN_DATOS_60D,"el exportador automático de GSC agrega por página sobre 35 días, todavía no hay serie diaria real con la que clasificar",,
Stewart Luya,lima refuerza,entidad,2,856.0,428.0,baja,SIN_DATOS_60D,"el exportador automático de GSC agrega por página sobre 35 días, todavía no hay serie diaria real con la que clasificar",,
Stewart Luya,futbolista de alianza,tema,2,851.0,426.0,baja,SIN_DATOS_60D,"el exportador automático de GSC agrega por página sobre 35 días, todavía no hay serie diaria real con la que clasificar",,
Stewart Luya,Universidad de Chile,entidad,3,851.0,284.0,media,SIN_DATOS_60D,"el exportador automático de GSC agrega por página sobre 35 días, todavía no hay serie diaria real con la que clasificar",,
Stewart Luya,vs cienciano,entidad,3,851.0,284.0,media,SIN_DATOS_60D,"el exportador automático de GSC agrega por página sobre 35 días, todavía no hay serie diaria real con la que clasificar",,
Stewart Luya,vóley universitario,entidad,2,849.0,424.0,baja,SIN_DATOS_60D,"el exportador automático de GSC agrega por página sobre 35 días, todavía no hay serie diaria real con la que clasificar",,
Stewart Luya,participar en tradición,tema,2,843.0,422.0,baja,SIN_DATOS_60D,"el exportador automático de GSC agrega por página sobre 35 días, todavía no hay serie diaria real con la que clasificar",,
Stewart Luya,liga futbolista,entidad,2,836.0,418.0,baja,SIN_DATOS_60D,"el exportador automático de GSC agrega por página sobre 35 días, todavía no hay serie diaria real con la que clasificar",,
Stewart Luya,refuerza con experimentado,tema,2,833.0,416.0,baja,SIN_DATOS_60D,"el exportador automático de GSC agrega por página sobre 35 días, todavía no hay serie diaria real con la que clasificar",,
Stewart Luya,chankas vs,entidad,3,831.0,277.0,media,SIN_DATOS_60D,"el exportador automático de GSC agrega por página sobre 35 días, todavía no hay serie diaria real con la que clasificar",,
Stewart Luya,árbitro del universitario vs,entidad,5,823.0,165.0,media,SIN_DATOS_60D,"el exportador automático de GSC agrega por página sobre 35 días, todavía no hay serie diaria real con la que clasificar",,
Stewart Luya,sorprende y suma,tema,4,823.0,206.0,media,SIN_DATOS_60D,"el exportador automático de GSC agrega por página sobre 35 días, todavía no hay serie diaria real con la que clasificar",,
Stewart Luya,b del mundial,tema,2,821.0,410.0,baja,SIN_DATOS_60D,"el exportador automático de GSC agrega por página sobre 35 días, todavía no hay serie diaria real con la que clasificar",,
Stewart Luya,fixture de la copa,entidad,2,821.0,410.0,baja,SIN_DATOS_60D,"el exportador automático de GSC agrega por página sobre 35 días, todavía no hay serie diaria real con la que clasificar",,
Stewart Luya,Fernando Pacheco,entidad,2,819.0,410.0,baja,SIN_DATOS_60D,"el exportador automático de GSC agrega por página sobre 35 días, todavía no hay serie diaria real con la que clasificar",,
Stewart Luya,peruana cuándo,tema,2,819.0,410.0,baja,SIN_DATOS_60D,"el exportador automático de GSC agrega por página sobre 35 días, todavía no hay serie diaria real con la que clasificar",,
Stewart Luya,huancayo se refuerza,entidad,2,816.0,408.0,baja,SIN_DATOS_60D,"el exportador automático de GSC agrega por página sobre 35 días, todavía no hay serie diaria real con la que clasificar",,
Stewart Luya,cara al torneo,tema,2,815.0,408.0,baja,SIN_DATOS_60D,"el exportador automático de GSC agrega por página sobre 35 días, todavía no hay serie diaria real con la que clasificar",,
Stewart Luya,copa perú el campeón,entidad,4,810.0,202.0,media,SIN_DATOS_60D,"el exportador automático de GSC agrega por página sobre 35 días, todavía no hay serie diaria real con la que clasificar",,
Stewart Luya,André Carrillo,entidad,4,809.0,202.0,media,SIN_DATOS_60D,"el exportador automático de GSC agrega por página sobre 35 días, todavía no hay serie diaria real con la que clasificar",,
Stewart Luya,boys sorprende,tema,2,808.0,404.0,baja,SIN_DATOS_60D,"el exportador automático de GSC agrega por página sobre 35 días, todavía no hay serie diaria real con la que clasificar",,
Stewart Luya,Lanús,entidad,4,807.0,202.0,media,SIN_DATOS_60D,"el exportador automático de GSC agrega por página sobre 35 días, todavía no hay serie diaria real con la que clasificar",,
Stewart Luya,primera división de australia,entidad,5,805.0,161.0,media,SIN_DATOS_60D,"el exportador automático de GSC agrega por página sobre 35 días, todavía no hay serie diaria real con la que clasificar",,
Stewart Luya,inicio del torneo apertura,entidad,2,795.0,398.0,baja,SIN_DATOS_60D,"el exportador automático de GSC agrega por página sobre 35 días, todavía no hay serie diaria real con la que clasificar",,
Stewart Luya,técnico para la temporada,tema,4,794.0,198.0,media,SIN_DATOS_60D,"el exportador automático de GSC agrega por página sobre 35 días, todavía no hay serie diaria real con la que clasificar",,
Stewart Luya,Renato Tapia,entidad,4,789.0,197.0,media,SIN_DATOS_60D,"el exportador automático de GSC agrega por página sobre 35 días, todavía no hay serie diaria real con la que clasificar",,
Stewart Luya,Sporting Cristal Roberto Mosquera,entidad,2,789.0,394.0,baja,SIN_DATOS_60D,"el exportador automático de GSC agrega por página sobre 35 días, todavía no hay serie diaria real con la que clasificar",,
Stewart Luya,paso del fútbol,tema,2,786.0,393.0,baja,SIN_DATOS_60D,"el exportador automático de GSC agrega por página sobre 35 días, todavía no hay serie diaria real con la que clasificar",,
Stewart Luya,canal del sport,tema,2,784.0,392.0,baja,SIN_DATOS_60D,"el exportador automático de GSC agrega por página sobre 35 días, todavía no hay serie diaria real con la que clasificar",,
Stewart Luya,dos futbolistas,tema,2,780.0,390.0,baja,SIN_DATOS_60D,"el exportador automático de GSC agrega por página sobre 35 días, todavía no hay serie diaria real con la que clasificar",,
Stewart Luya,Bayern Múnich,entidad,6,775.0,129.0,media,SIN_DATOS_60D,"el exportador automático de GSC agrega por página sobre 35 días, todavía no hay serie diaria real con la que clasificar",,
Stewart Luya,partido ante palmeiras,entidad,2,773.0,386.0,baja,SIN_DATOS_60D,"el exportador automático de GSC agrega por página sobre 35 días, todavía no hay serie diaria real con la que clasificar",,
Stewart Luya,mala racha,tema,3,769.0,256.0,media,SIN_DATOS_60D,"el exportador automático de GSC agrega por página sobre 35 días, todavía no hay serie diaria real con la que clasificar",,
Stewart Luya,River Plate,entidad,2,769.0,384.0,baja,SIN_DATOS_60D,"el exportador automático de GSC agrega por página sobre 35 días, todavía no hay serie diaria real con la que clasificar",,
Stewart Luya,triunfo en el torneo,tema,2,769.0,384.0,baja,SIN_DATOS_60D,"el exportador automático de GSC agrega por página sobre 35 días, todavía no hay serie diaria real con la que clasificar",,
Stewart Luya,Academia Cantolao,entidad,2,768.0,384.0,baja,SIN_DATOS_60D,"el exportador automático de GSC agrega por página sobre 35 días, todavía no hay serie diaria real con la que clasificar",,
Stewart Luya,refuerzos para la etapa,entidad,3,762.0,254.0,media,SIN_DATOS_60D,"el exportador automático de GSC agrega por página sobre 35 días, todavía no hay serie diaria real con la que clasificar",,
Stewart Luya,jugarán los cuartos,tema,2,760.0,380.0,baja,SIN_DATOS_60D,"el exportador automático de GSC agrega por página sobre 35 días, todavía no hay serie diaria real con la que clasificar",,
Stewart Luya,viejo continente maxloren,tema,2,760.0,380.0,baja,SIN_DATOS_60D,"el exportador automático de GSC agrega por página sobre 35 días, todavía no hay serie diaria real con la que clasificar",,
Stewart Luya,Torneo Clausura Sport Boys,entidad,2,755.0,378.0,baja,SIN_DATOS_60D,"el exportador automático de GSC agrega por página sobre 35 días, todavía no hay serie diaria real con la que clasificar",,
Stewart Luya,Copa Libertadores Sub,entidad,2,754.0,377.0,baja,SIN_DATOS_60D,"el exportador automático de GSC agrega por página sobre 35 días, todavía no hay serie diaria real con la que clasificar",,
Stewart Luya,peruanos en el exterior,tema,7,749.0,107.0,media,SIN_DATOS_60D,"el exportador automático de GSC agrega por página sobre 35 días, todavía no hay serie diaria real con la que clasificar",,
Stewart Luya,gol y asistencia,tema,3,741.0,247.0,media,SIN_DATOS_60D,"el exportador automático de GSC agrega por página sobre 35 días, todavía no hay serie diaria real con la que clasificar",,
Stewart Luya,enfrentar a sporting,tema,3,735.0,245.0,media,SIN_DATOS_60D,"el exportador automático de GSC agrega por página sobre 35 días, todavía no hay serie diaria real con la que clasificar",,
Stewart Luya,vs españa,entidad,4,735.0,184.0,media,SIN_DATOS_60D,"el exportador automático de GSC agrega por página sobre 35 días, todavía no hay serie diaria real con la que clasificar",,
Stewart Luya,lima en la serie,entidad,3,734.0,245.0,media,SIN_DATOS_60D,"el exportador automático de GSC agrega por página sobre 35 días, todavía no hay serie diaria real con la que clasificar",,
Stewart Luya,liga cuándo,entidad,2,726.0,363.0,baja,SIN_DATOS_60D,"el exportador automático de GSC agrega por página sobre 35 días, todavía no hay serie diaria real con la que clasificar",,
Stewart Luya,melgar en el estadio,entidad,2,726.0,363.0,baja,SIN_DATOS_60D,"el exportador automático de GSC agrega por página sobre 35 días, todavía no hay serie diaria real con la que clasificar",,
Stewart Luya,vs argentina,entidad,2,725.0,362.0,baja,SIN_DATOS_60D,"el exportador automático de GSC agrega por página sobre 35 días, todavía no hay serie diaria real con la que clasificar",,
Stewart Luya,Liga Unión Santo,entidad,6,722.0,120.0,media,SIN_DATOS_60D,"el exportador automático de GSC agrega por página sobre 35 días, todavía no hay serie diaria real con la que clasificar",,
Stewart Luya,México,entidad,5,719.0,144.0,media,SIN_DATOS_60D,"el exportador automático de GSC agrega por página sobre 35 días, todavía no hay serie diaria real con la que clasificar",,
Stewart Luya,refuerza al campeón,tema,2,715.0,358.0,baja,SIN_DATOS_60D,"el exportador automático de GSC agrega por página sobre 35 días, todavía no hay serie diaria real con la que clasificar",,
Stewart Luya,mete en la pelea,tema,2,713.0,356.0,baja,SIN_DATOS_60D,"el exportador automático de GSC agrega por página sobre 35 días, todavía no hay serie diaria real con la que clasificar",,
Stewart Luya,amistoso de pretemporada,tema,4,712.0,178.0,media,SIN_DATOS_60D,"el exportador automático de GSC agrega por página sobre 35 días, todavía no hay serie diaria real con la que clasificar",,
Stewart Luya,hinchas y se refuerza,tema,2,712.0,356.0,baja,SIN_DATOS_60D,"el exportador automático de GSC agrega por página sobre 35 días, todavía no hay serie diaria real con la que clasificar",,
Stewart Luya,buen momento,tema,3,711.0,237.0,media,SIN_DATOS_60D,"el exportador automático de GSC agrega por página sobre 35 días, todavía no hay serie diaria real con la que clasificar",,
Stewart Luya,futbolista con pasado,tema,2,705.0,352.0,baja,SIN_DATOS_60D,"el exportador automático de GSC agrega por página sobre 35 días, todavía no hay serie diaria real con la que clasificar",,
Stewart Luya,liga a qué hora,entidad,3,705.0,235.0,media,SIN_DATOS_60D,"el exportador automático de GSC agrega por página sobre 35 días, todavía no hay serie diaria real con la que clasificar",,
Stewart Luya,Campeonato Gaúcho,entidad,2,701.0,350.0,baja,SIN_DATOS_60D,"el exportador automático de GSC agrega por página sobre 35 días, todavía no hay serie diaria real con la que clasificar",,
Stewart Luya,Cienciano Horacio Melgarejo,entidad,2,700.0,350.0,baja,SIN_DATOS_60D,"el exportador automático de GSC agrega por página sobre 35 días, todavía no hay serie diaria real con la que clasificar",,
Stewart Luya,Unión Huaral,entidad,3,700.0,233.0,media,SIN_DATOS_60D,"el exportador automático de GSC agrega por página sobre 35 días, todavía no hay serie diaria real con la que clasificar",,
Stewart Luya,empate ante alianza,tema,2,693.0,346.0,baja,SIN_DATOS_60D,"el exportador automático de GSC agrega por página sobre 35 días, todavía no hay serie diaria real con la que clasificar",,
Stewart Luya,fichajes de deportivo moquegua,entidad,2,693.0,346.0,baja,SIN_DATOS_60D,"el exportador automático de GSC agrega por página sobre 35 días, todavía no hay serie diaria real con la que clasificar",,
Stewart Luya,amistoso entre universitario,entidad,2,689.0,344.0,baja,SIN_DATOS_60D,"el exportador automático de GSC agrega por página sobre 35 días, todavía no hay serie diaria real con la que clasificar",,
Stewart Luya,Bolívar,entidad,2,685.0,342.0,baja,SIN_DATOS_60D,"el exportador automático de GSC agrega por página sobre 35 días, todavía no hay serie diaria real con la que clasificar",,
Stewart Luya,final de vuelta,tema,2,683.0,342.0,baja,SIN_DATOS_60D,"el exportador automático de GSC agrega por página sobre 35 días, todavía no hay serie diaria real con la que clasificar",,
Stewart Luya,vs universidad,entidad,3,670.0,223.0,media,SIN_DATOS_60D,"el exportador automático de GSC agrega por página sobre 35 días, todavía no hay serie diaria real con la que clasificar",,
Stewart Luya,Voleibol Femenino Sub de Chile,entidad,2,668.0,334.0,baja,SIN_DATOS_60D,"el exportador automático de GSC agrega por página sobre 35 días, todavía no hay serie diaria real con la que clasificar",,
Stewart Luya,Nacional,entidad,4,667.0,167.0,media,SIN_DATOS_60D,"el exportador automático de GSC agrega por página sobre 35 días, todavía no hay serie diaria real con la que clasificar",,
Stewart Luya,entrenador uruguayo,tema,3,662.0,221.0,media,SIN_DATOS_60D,"el exportador automático de GSC agrega por página sobre 35 días, todavía no hay serie diaria real con la que clasificar",,
Stewart Luya,lima la francesa,entidad,2,656.0,328.0,baja,SIN_DATOS_60D,"el exportador automático de GSC agrega por página sobre 35 días, todavía no hay serie diaria real con la que clasificar",,
Stewart Luya,primer triunfo,tema,3,652.0,217.0,media,SIN_DATOS_60D,"el exportador automático de GSC agrega por página sobre 35 días, todavía no hay serie diaria real con la que clasificar",,
Stewart Luya,fc se recupera,entidad,2,649.0,324.0,baja,SIN_DATOS_60D,"el exportador automático de GSC agrega por página sobre 35 días, todavía no hay serie diaria real con la que clasificar",,
Stewart Luya,Inglaterra,entidad,5,647.0,129.0,media,SIN_DATOS_60D,"el exportador automático de GSC agrega por página sobre 35 días, todavía no hay serie diaria real con la que clasificar",,
Stewart Luya,Christopher Olivares,entidad,2,646.0,323.0,baja,SIN_DATOS_60D,"el exportador automático de GSC agrega por página sobre 35 días, todavía no hay serie diaria real con la que clasificar",,
Stewart Luya,División de Italia,entidad,2,644.0,322.0,baja,SIN_DATOS_60D,"el exportador automático de GSC agrega por página sobre 35 días, todavía no hay serie diaria real con la que clasificar",,
Stewart Luya,pases y ficha,tema,2,644.0,322.0,baja,SIN_DATOS_60D,"el exportador automático de GSC agrega por página sobre 35 días, todavía no hay serie diaria real con la que clasificar",,
Stewart Luya,vs unión,tema,2,644.0,322.0,baja,SIN_DATOS_60D,"el exportador automático de GSC agrega por página sobre 35 días, todavía no hay serie diaria real con la que clasificar",,
Stewart Luya,empate ante sport,tema,2,637.0,318.0,baja,SIN_DATOS_60D,"el exportador automático de GSC agrega por página sobre 35 días, todavía no hay serie diaria real con la que clasificar",,
Stewart Luya,fútbol playa,tema,3,635.0,212.0,media,SIN_DATOS_60D,"el exportador automático de GSC agrega por página sobre 35 días, todavía no hay serie diaria real con la que clasificar",,
Stewart Luya,Bad Boys,entidad,3,634.0,211.0,media,SIN_DATOS_60D,"el exportador automático de GSC agrega por página sobre 35 días, todavía no hay serie diaria real con la que clasificar",,
Stewart Luya,cristal por la fecha,tema,2,627.0,314.0,baja,SIN_DATOS_60D,"el exportador automático de GSC agrega por página sobre 35 días, todavía no hay serie diaria real con la que clasificar",,
Stewart Luya,b de la liga,entidad,2,626.0,313.0,baja,SIN_DATOS_60D,"el exportador automático de GSC agrega por página sobre 35 días, todavía no hay serie diaria real con la que clasificar",,
Stewart Luya,Túnez,entidad,3,624.0,208.0,media,SIN_DATOS_60D,"el exportador automático de GSC agrega por página sobre 35 días, todavía no hay serie diaria real con la que clasificar",,
Stewart Luya,chankas vs universitario,entidad,2,623.0,312.0,baja,SIN_DATOS_60D,"el exportador automático de GSC agrega por página sobre 35 días, todavía no hay serie diaria real con la que clasificar",,
Stewart Luya,Pedro Gallese,entidad,7,622.0,89.0,media,SIN_DATOS_60D,"el exportador automático de GSC agrega por página sobre 35 días, todavía no hay serie diaria real con la que clasificar",,
Stewart Luya,vs sport,entidad,3,620.0,207.0,media,SIN_DATOS_60D,"el exportador automático de GSC agrega por página sobre 35 días, todavía no hay serie diaria real con la que clasificar",,
Stewart Luya,debut en el mundial,tema,3,618.0,206.0,media,SIN_DATOS_60D,"el exportador automático de GSC agrega por página sobre 35 días, todavía no hay serie diaria real con la que clasificar",,
Stewart Luya,importante anuncio,tema,2,618.0,309.0,baja,SIN_DATOS_60D,"el exportador automático de GSC agrega por página sobre 35 días, todavía no hay serie diaria real con la que clasificar",,
Stewart Luya,partido de la copa,entidad,2,614.0,307.0,baja,SIN_DATOS_60D,"el exportador automático de GSC agrega por página sobre 35 días, todavía no hay serie diaria real con la que clasificar",,
Stewart Luya,Libertad,entidad,2,612.0,306.0,baja,SIN_DATOS_60D,"el exportador automático de GSC agrega por página sobre 35 días, todavía no hay serie diaria real con la que clasificar",,
Stewart Luya,Sydney FC,entidad,2,609.0,304.0,baja,SIN_DATOS_60D,"el exportador automático de GSC agrega por página sobre 35 días, todavía no hay serie diaria real con la que clasificar",,
Stewart Luya,suma un nuevo triunfo,tema,3,605.0,202.0,media,SIN_DATOS_60D,"el exportador automático de GSC agrega por página sobre 35 días, todavía no hay serie diaria real con la que clasificar",,
Stewart Luya,Andahuaylas,entidad,3,604.0,201.0,media,SIN_DATOS_60D,"el exportador automático de GSC agrega por página sobre 35 días, todavía no hay serie diaria real con la que clasificar",,
Stewart Luya,Liga Deportivo Llacuabamba,entidad,3,603.0,201.0,media,SIN_DATOS_60D,"el exportador automático de GSC agrega por página sobre 35 días, todavía no hay serie diaria real con la que clasificar",,
Stewart Luya,tabla acumulada,tema,2,600.0,300.0,baja,SIN_DATOS_60D,"el exportador automático de GSC agrega por página sobre 35 días, todavía no hay serie diaria real con la que clasificar",,
Stewart Luya,ex volante,tema,2,598.0,299.0,baja,SIN_DATOS_60D,"el exportador automático de GSC agrega por página sobre 35 días, todavía no hay serie diaria real con la que clasificar",,
Stewart Luya,Liga Carlos Mannucci,entidad,3,596.0,199.0,media,SIN_DATOS_60D,"el exportador automático de GSC agrega por página sobre 35 días, todavía no hay serie diaria real con la que clasificar",,
Stewart Luya,canal del san,tema,2,594.0,297.0,baja,SIN_DATOS_60D,"el exportador automático de GSC agrega por página sobre 35 días, todavía no hay serie diaria real con la que clasificar",,
Stewart Luya,Portugal,entidad,4,587.0,147.0,media,SIN_DATOS_60D,"el exportador automático de GSC agrega por página sobre 35 días, todavía no hay serie diaria real con la que clasificar",,
Stewart Luya,Liga Hernán Barcos,entidad,4,585.0,146.0,media,SIN_DATOS_60D,"el exportador automático de GSC agrega por página sobre 35 días, todavía no hay serie diaria real con la que clasificar",,
Stewart Luya,entradas para los chankas,entidad,2,582.0,291.0,baja,SIN_DATOS_60D,"el exportador automático de GSC agrega por página sobre 35 días, todavía no hay serie diaria real con la que clasificar",,
Stewart Luya,vuelve a jugar alianza,tema,2,578.0,289.0,baja,SIN_DATOS_60D,"el exportador automático de GSC agrega por página sobre 35 días, todavía no hay serie diaria real con la que clasificar",,
Stewart Luya,dieciseisavos de final,tema,4,575.0,144.0,media,SIN_DATOS_60D,"el exportador automático de GSC agrega por página sobre 35 días, todavía no hay serie diaria real con la que clasificar",,
Stewart Luya,inicio de la temporada,tema,2,572.0,286.0,baja,SIN_DATOS_60D,"el exportador automático de GSC agrega por página sobre 35 días, todavía no hay serie diaria real con la que clasificar",,
Stewart Luya,Junior,entidad,4,572.0,143.0,media,SIN_DATOS_60D,"el exportador automático de GSC agrega por página sobre 35 días, todavía no hay serie diaria real con la que clasificar",,
Stewart Luya,ficha a un delantero,tema,2,568.0,284.0,baja,SIN_DATOS_60D,"el exportador automático de GSC agrega por página sobre 35 días, todavía no hay serie diaria real con la que clasificar",,
Stewart Luya,fase preliminar,entidad,2,564.0,282.0,baja,SIN_DATOS_60D,"el exportador automático de GSC agrega por página sobre 35 días, todavía no hay serie diaria real con la que clasificar",,
Stewart Luya,preliminar de la copa,entidad,2,564.0,282.0,baja,SIN_DATOS_60D,"el exportador automático de GSC agrega por página sobre 35 días, todavía no hay serie diaria real con la que clasificar",,
Stewart Luya,equipo de la tercera,tema,2,561.0,280.0,baja,SIN_DATOS_60D,"el exportador automático de GSC agrega por página sobre 35 días, todavía no hay serie diaria real con la que clasificar",,
Stewart Luya,sigue reforzando,tema,2,561.0,280.0,baja,SIN_DATOS_60D,"el exportador automático de GSC agrega por página sobre 35 días, todavía no hay serie diaria real con la que clasificar",,
Stewart Luya,técnico para la etapa,entidad,3,561.0,187.0,media,SIN_DATOS_60D,"el exportador automático de GSC agrega por página sobre 35 días, todavía no hay serie diaria real con la que clasificar",,
Stewart Luya,Mainz,entidad,4,560.0,140.0,media,SIN_DATOS_60D,"el exportador automático de GSC agrega por página sobre 35 días, todavía no hay serie diaria real con la que clasificar",,
Stewart Luya,resultados de los octavos,tema,3,559.0,186.0,media,SIN_DATOS_60D,"el exportador automático de GSC agrega por página sobre 35 días, todavía no hay serie diaria real con la que clasificar",,
Stewart Luya,cienciano vs alianza,entidad,2,557.0,278.0,baja,SIN_DATOS_60D,"el exportador automático de GSC agrega por página sobre 35 días, todavía no hay serie diaria real con la que clasificar",,
Stewart Luya,inicia la venta,tema,2,557.0,278.0,baja,SIN_DATOS_60D,"el exportador automático de GSC agrega por página sobre 35 días, todavía no hay serie diaria real con la que clasificar",,
Stewart Luya,venta de entradas,tema,2,557.0,278.0,baja,SIN_DATOS_60D,"el exportador automático de GSC agrega por página sobre 35 días, todavía no hay serie diaria real con la que clasificar",,
Stewart Luya,fecha del grupo,entidad,2,556.0,278.0,baja,SIN_DATOS_60D,"el exportador automático de GSC agrega por página sobre 35 días, todavía no hay serie diaria real con la que clasificar",,
Stewart Luya,recibir a alianza,tema,3,553.0,184.0,media,SIN_DATOS_60D,"el exportador automático de GSC agrega por página sobre 35 días, todavía no hay serie diaria real con la que clasificar",,
Stewart Luya,semifinales del mundial,tema,4,547.0,137.0,media,SIN_DATOS_60D,"el exportador automático de GSC agrega por página sobre 35 días, todavía no hay serie diaria real con la que clasificar",,
Stewart Luya,enfrentar a alianza,entidad,4,543.0,136.0,media,SIN_DATOS_60D,"el exportador automático de GSC agrega por página sobre 35 días, todavía no hay serie diaria real con la que clasificar",,
Stewart Luya,Liga Ayacucho FC,entidad,2,541.0,270.0,baja,SIN_DATOS_60D,"el exportador automático de GSC agrega por página sobre 35 días, todavía no hay serie diaria real con la que clasificar",,
Stewart Luya,playoffs de la copa,entidad,4,541.0,135.0,media,SIN_DATOS_60D,"el exportador automático de GSC agrega por página sobre 35 días, todavía no hay serie diaria real con la que clasificar",,
Stewart Luya,Renato Espinosa,entidad,3,541.0,180.0,media,SIN_DATOS_60D,"el exportador automático de GSC agrega por página sobre 35 días, todavía no hay serie diaria real con la que clasificar",,
Stewart Luya,invicto en el torneo,tema,2,540.0,270.0,baja,SIN_DATOS_60D,"el exportador automático de GSC agrega por página sobre 35 días, todavía no hay serie diaria real con la que clasificar",,
Stewart Luya,deportes vs alianza,entidad,3,538.0,179.0,media,SIN_DATOS_60D,"el exportador automático de GSC agrega por página sobre 35 días, todavía no hay serie diaria real con la que clasificar",,
Stewart Luya,triunfo en la copa,entidad,2,538.0,269.0,baja,SIN_DATOS_60D,"el exportador automático de GSC agrega por página sobre 35 días, todavía no hay serie diaria real con la que clasificar",,
Stewart Luya,principales figuras,tema,2,535.0,268.0,baja,SIN_DATOS_60D,"el exportador automático de GSC agrega por página sobre 35 días, todavía no hay serie diaria real con la que clasificar",,
Stewart Luya,hunde a juan,tema,2,534.0,267.0,baja,SIN_DATOS_60D,"el exportador automático de GSC agrega por página sobre 35 días, todavía no hay serie diaria real con la que clasificar",,
Stewart Luya,vallejo sorprende,tema,2,534.0,267.0,baja,SIN_DATOS_60D,"el exportador automático de GSC agrega por página sobre 35 días, todavía no hay serie diaria real con la que clasificar",,
Stewart Luya,emotivo mensaje,tema,2,526.0,263.0,baja,SIN_DATOS_60D,"el exportador automático de GSC agrega por página sobre 35 días, todavía no hay serie diaria real con la que clasificar",,
Stewart Luya,LigaPro,entidad,3,525.0,175.0,media,SIN_DATOS_60D,"el exportador automático de GSC agrega por página sobre 35 días, todavía no hay serie diaria real con la que clasificar",,
Stewart Luya,f de la copa,entidad,3,523.0,174.0,media,SIN_DATOS_60D,"el exportador automático de GSC agrega por página sobre 35 días, todavía no hay serie diaria real con la que clasificar",,
Stewart Luya,grupo f,entidad,3,523.0,174.0,media,SIN_DATOS_60D,"el exportador automático de GSC agrega por página sobre 35 días, todavía no hay serie diaria real con la que clasificar",,
Stewart Luya,vs comerciantes,entidad,3,523.0,174.0,media,SIN_DATOS_60D,"el exportador automático de GSC agrega por página sobre 35 días, todavía no hay serie diaria real con la que clasificar",,
Stewart Luya,argentina vs,entidad,2,522.0,261.0,baja,SIN_DATOS_60D,"el exportador automático de GSC agrega por página sobre 35 días, todavía no hay serie diaria real con la que clasificar",,
Stewart Luya,disputar el torneo,tema,3,520.0,173.0,media,SIN_DATOS_60D,"el exportador automático de GSC agrega por página sobre 35 días, todavía no hay serie diaria real con la que clasificar",,
Stewart Luya,Carlos Cortijo,entidad,2,519.0,260.0,baja,SIN_DATOS_60D,"el exportador automático de GSC agrega por página sobre 35 días, todavía no hay serie diaria real con la que clasificar",,
Stewart Luya,Campeonato Sudamericano de Voleibol,entidad,2,517.0,258.0,baja,SIN_DATOS_60D,"el exportador automático de GSC agrega por página sobre 35 días, todavía no hay serie diaria real con la que clasificar",,
Stewart Luya,árbitro de sporting,tema,3,513.0,171.0,media,SIN_DATOS_60D,"el exportador automático de GSC agrega por página sobre 35 días, todavía no hay serie diaria real con la que clasificar",,
Stewart Luya,LDU,entidad,2,512.0,256.0,baja,SIN_DATOS_60D,"el exportador automático de GSC agrega por página sobre 35 días, todavía no hay serie diaria real con la que clasificar",,
Stewart Luya,principal objetivo,tema,4,511.0,128.0,media,SIN_DATOS_60D,"el exportador automático de GSC agrega por página sobre 35 días, todavía no hay serie diaria real con la que clasificar",,
Stewart Luya,Incontrastable Sport Huancayo,entidad,2,507.0,254.0,baja,SIN_DATOS_60D,"el exportador automático de GSC agrega por página sobre 35 días, todavía no hay serie diaria real con la que clasificar",,
Stewart Luya,lima comando,tema,2,499.0,250.0,baja,SIN_DATOS_60D,"el exportador automático de GSC agrega por página sobre 35 días, todavía no hay serie diaria real con la que clasificar",,
Stewart Luya,Australia,entidad,4,497.0,124.0,media,SIN_DATOS_60D,"el exportador automático de GSC agrega por página sobre 35 días, todavía no hay serie diaria real con la que clasificar",,
Stewart Luya,ii vs,tema,2,496.0,248.0,baja,SIN_DATOS_60D,"el exportador automático de GSC agrega por página sobre 35 días, todavía no hay serie diaria real con la que clasificar",,
Stewart Luya,Sparta Praga,entidad,5,496.0,99.0,media,SIN_DATOS_60D,"el exportador automático de GSC agrega por página sobre 35 días, todavía no hay serie diaria real con la que clasificar",,
Stewart Luya,cni vs,tema,2,495.0,248.0,baja,SIN_DATOS_60D,"el exportador automático de GSC agrega por página sobre 35 días, todavía no hay serie diaria real con la que clasificar",,
Stewart Luya,Japón,entidad,3,495.0,165.0,media,SIN_DATOS_60D,"el exportador automático de GSC agrega por página sobre 35 días, todavía no hay serie diaria real con la que clasificar",,
Stewart Luya,deportes vs fc,entidad,2,493.0,246.0,baja,SIN_DATOS_60D,"el exportador automático de GSC agrega por página sobre 35 días, todavía no hay serie diaria real con la que clasificar",,
Stewart Luya,enfrentar a alianza lima,entidad,3,492.0,164.0,media,SIN_DATOS_60D,"el exportador automático de GSC agrega por página sobre 35 días, todavía no hay serie diaria real con la que clasificar",,
Stewart Luya,Chongoyape,entidad,3,489.0,163.0,media,SIN_DATOS_60D,"el exportador automático de GSC agrega por página sobre 35 días, todavía no hay serie diaria real con la que clasificar",,
Stewart Luya,cienciano vs universitario,entidad,2,489.0,244.0,baja,SIN_DATOS_60D,"el exportador automático de GSC agrega por página sobre 35 días, todavía no hay serie diaria real con la que clasificar",,
Stewart Luya,Independiente,entidad,2,489.0,244.0,baja,SIN_DATOS_60D,"el exportador automático de GSC agrega por página sobre 35 días, todavía no hay serie diaria real con la que clasificar",,
Stewart Luya,refuerza con delantero,tema,2,487.0,244.0,baja,SIN_DATOS_60D,"el exportador automático de GSC agrega por página sobre 35 días, todavía no hay serie diaria real con la que clasificar",,
Stewart Luya,canal de la noche,tema,2,486.0,243.0,baja,SIN_DATOS_60D,"el exportador automático de GSC agrega por página sobre 35 días, todavía no hay serie diaria real con la que clasificar",,
Stewart Luya,Israel,entidad,3,484.0,161.0,media,SIN_DATOS_60D,"el exportador automático de GSC agrega por página sobre 35 días, todavía no hay serie diaria real con la que clasificar",,
Stewart Luya,liga atlético grau sorprende,entidad,2,484.0,242.0,baja,SIN_DATOS_60D,"el exportador automático de GSC agrega por página sobre 35 días, todavía no hay serie diaria real con la que clasificar",,
Stewart Luya,deportes vs universidad,entidad,2,481.0,240.0,baja,SIN_DATOS_60D,"el exportador automático de GSC agrega por página sobre 35 días, todavía no hay serie diaria real con la que clasificar",,
Stewart Luya,noche crema,entidad,2,481.0,240.0,baja,SIN_DATOS_60D,"el exportador automático de GSC agrega por página sobre 35 días, todavía no hay serie diaria real con la que clasificar",,
Stewart Luya,vs universidad de chile,entidad,2,481.0,240.0,baja,SIN_DATOS_60D,"el exportador automático de GSC agrega por página sobre 35 días, todavía no hay serie diaria real con la que clasificar",,
Stewart Luya,Liga Santos FC,entidad,2,480.0,240.0,baja,SIN_DATOS_60D,"el exportador automático de GSC agrega por página sobre 35 días, todavía no hay serie diaria real con la que clasificar",,
Stewart Luya,Esteban Pavez,entidad,3,479.0,160.0,media,SIN_DATOS_60D,"el exportador automático de GSC agrega por página sobre 35 días, todavía no hay serie diaria real con la que clasificar",,
Stewart Luya,boys vs alianza lima,entidad,2,466.0,233.0,baja,SIN_DATOS_60D,"el exportador automático de GSC agrega por página sobre 35 días, todavía no hay serie diaria real con la que clasificar",,
Stewart Luya,libertadores quién,tema,3,466.0,155.0,media,SIN_DATOS_60D,"el exportador automático de GSC agrega por página sobre 35 días, todavía no hay serie diaria real con la que clasificar",,
Stewart Luya,Bicolor,entidad,2,463.0,232.0,baja,SIN_DATOS_60D,"el exportador automático de GSC agrega por página sobre 35 días, todavía no hay serie diaria real con la que clasificar",,
Stewart Luya,comando técnico,tema,2,463.0,232.0,baja,SIN_DATOS_60D,"el exportador automático de GSC agrega por página sobre 35 días, todavía no hay serie diaria real con la que clasificar",,
Stewart Luya,manda en el historial,tema,2,460.0,230.0,baja,SIN_DATOS_60D,"el exportador automático de GSC agrega por página sobre 35 días, todavía no hay serie diaria real con la que clasificar",,
Stewart Luya,quién manda,tema,2,460.0,230.0,baja,SIN_DATOS_60D,"el exportador automático de GSC agrega por página sobre 35 días, todavía no hay serie diaria real con la que clasificar",,
Stewart Luya,triunfo ante deportivo,entidad,2,460.0,230.0,baja,SIN_DATOS_60D,"el exportador automático de GSC agrega por página sobre 35 días, todavía no hay serie diaria real con la que clasificar",,
Stewart Luya,vs palmeiras,entidad,2,458.0,229.0,baja,SIN_DATOS_60D,"el exportador automático de GSC agrega por página sobre 35 días, todavía no hay serie diaria real con la que clasificar",,
Stewart Luya,sorteo de la fase,entidad,2,457.0,228.0,baja,SIN_DATOS_60D,"el exportador automático de GSC agrega por página sobre 35 días, todavía no hay serie diaria real con la que clasificar",,
Stewart Luya,vs carabobo,tema,2,454.0,227.0,baja,SIN_DATOS_60D,"el exportador automático de GSC agrega por página sobre 35 días, todavía no hay serie diaria real con la que clasificar",,
Stewart Luya,Mirassol,entidad,2,451.0,226.0,baja,SIN_DATOS_60D,"el exportador automático de GSC agrega por página sobre 35 días, todavía no hay serie diaria real con la que clasificar",,
Stewart Luya,Copa Latina,entidad,2,447.0,224.0,baja,SIN_DATOS_60D,"el exportador automático de GSC agrega por página sobre 35 días, todavía no hay serie diaria real con la que clasificar",,
Stewart Luya,racha en el torneo,tema,2,445.0,222.0,baja,SIN_DATOS_60D,"el exportador automático de GSC agrega por página sobre 35 días, todavía no hay serie diaria real con la que clasificar",,
Stewart Luya,agónico tanto,tema,2,444.0,222.0,baja,SIN_DATOS_60D,"el exportador automático de GSC agrega por página sobre 35 días, todavía no hay serie diaria real con la que clasificar",,
Stewart Luya,mundial con un agónico,tema,2,444.0,222.0,baja,SIN_DATOS_60D,"el exportador automático de GSC agrega por página sobre 35 días, todavía no hay serie diaria real con la que clasificar",,
Stewart Luya,Núremberg,entidad,5,443.0,89.0,media,SIN_DATOS_60D,"el exportador automático de GSC agrega por página sobre 35 días, todavía no hay serie diaria real con la que clasificar",,
Stewart Luya,Gremio,entidad,2,436.0,218.0,baja,SIN_DATOS_60D,"el exportador automático de GSC agrega por página sobre 35 días, todavía no hay serie diaria real con la que clasificar",,
Stewart Luya,Liga Alianza Universidad,entidad,3,435.0,145.0,media,SIN_DATOS_60D,"el exportador automático de GSC agrega por página sobre 35 días, todavía no hay serie diaria real con la que clasificar",,
Stewart Luya,Wilder Cartagena,entidad,8,432.0,54.0,media,SIN_DATOS_60D,"el exportador automático de GSC agrega por página sobre 35 días, todavía no hay serie diaria real con la que clasificar",,
Stewart Luya,cuándo volverá,tema,2,431.0,216.0,baja,SIN_DATOS_60D,"el exportador automático de GSC agrega por página sobre 35 días, todavía no hay serie diaria real con la que clasificar",,
Stewart Luya,Liga Binacional,entidad,2,431.0,216.0,baja,SIN_DATOS_60D,"el exportador automático de GSC agrega por página sobre 35 días, todavía no hay serie diaria real con la que clasificar",,
Stewart Luya,Liga Centro Social de Pariacoto,entidad,3,430.0,143.0,media,SIN_DATOS_60D,"el exportador automático de GSC agrega por página sobre 35 días, todavía no hay serie diaria real con la que clasificar",,
Stewart Luya,Países Bajos,entidad,3,428.0,143.0,media,SIN_DATOS_60D,"el exportador automático de GSC agrega por página sobre 35 días, todavía no hay serie diaria real con la que clasificar",,
Stewart Luya,deportes vs alianza lima,entidad,2,425.0,212.0,baja,SIN_DATOS_60D,"el exportador automático de GSC agrega por página sobre 35 días, todavía no hay serie diaria real con la que clasificar",,
Stewart Luya,Liga Comisión de Licencias,entidad,2,425.0,212.0,baja,SIN_DATOS_60D,"el exportador automático de GSC agrega por página sobre 35 días, todavía no hay serie diaria real con la que clasificar",,
Stewart Luya,vs bragantino,entidad,3,423.0,141.0,media,SIN_DATOS_60D,"el exportador automático de GSC agrega por página sobre 35 días, todavía no hay serie diaria real con la que clasificar",,
Stewart Luya,Burnley,entidad,4,422.0,106.0,media,SIN_DATOS_60D,"el exportador automático de GSC agrega por página sobre 35 días, todavía no hay serie diaria real con la que clasificar",,
Stewart Luya,vs comerciantes unidos,entidad,2,422.0,211.0,baja,SIN_DATOS_60D,"el exportador automático de GSC agrega por página sobre 35 días, todavía no hay serie diaria real con la que clasificar",,
Stewart Luya,momento en el ascenso,tema,2,419.0,210.0,baja,SIN_DATOS_60D,"el exportador automático de GSC agrega por página sobre 35 días, todavía no hay serie diaria real con la que clasificar",,
Stewart Luya,lugar del grupo,entidad,2,417.0,208.0,baja,SIN_DATOS_60D,"el exportador automático de GSC agrega por página sobre 35 días, todavía no hay serie diaria real con la que clasificar",,
Stewart Luya,primera división de rumanía,entidad,2,414.0,207.0,baja,SIN_DATOS_60D,"el exportador automático de GSC agrega por página sobre 35 días, todavía no hay serie diaria real con la que clasificar",,
Stewart Luya,peruano adrián,tema,2,409.0,204.0,baja,SIN_DATOS_60D,"el exportador automático de GSC agrega por página sobre 35 días, todavía no hay serie diaria real con la que clasificar",,
Stewart Luya,Thomas,entidad,2,407.0,204.0,baja,SIN_DATOS_60D,"el exportador automático de GSC agrega por página sobre 35 días, todavía no hay serie diaria real con la que clasificar",,
Stewart Luya,canal del deportivo,entidad,2,405.0,202.0,baja,SIN_DATOS_60D,"el exportador automático de GSC agrega por página sobre 35 días, todavía no hay serie diaria real con la que clasificar",,
Stewart Luya,llacuabamba vs,tema,2,405.0,202.0,baja,SIN_DATOS_60D,"el exportador automático de GSC agrega por página sobre 35 días, todavía no hay serie diaria real con la que clasificar",,
Stewart Luya,vs junior,entidad,3,404.0,135.0,media,SIN_DATOS_60D,"el exportador automático de GSC agrega por página sobre 35 días, todavía no hay serie diaria real con la que clasificar",,
Stewart Luya,canal de alianza,tema,2,402.0,201.0,baja,SIN_DATOS_60D,"el exportador automático de GSC agrega por página sobre 35 días, todavía no hay serie diaria real con la que clasificar",,
Stewart Luya,equipo arequipeño,tema,2,400.0,200.0,baja,SIN_DATOS_60D,"el exportador automático de GSC agrega por página sobre 35 días, todavía no hay serie diaria real con la que clasificar",,
Stewart Luya,cultural volante,entidad,2,398.0,199.0,baja,SIN_DATOS_60D,"el exportador automático de GSC agrega por página sobre 35 días, todavía no hay serie diaria real con la que clasificar",,
Stewart Luya,liga quiénes,entidad,3,398.0,133.0,media,SIN_DATOS_60D,"el exportador automático de GSC agrega por página sobre 35 días, todavía no hay serie diaria real con la que clasificar",,
Stewart Luya,disputar el campeonato,entidad,2,396.0,198.0,baja,SIN_DATOS_60D,"el exportador automático de GSC agrega por página sobre 35 días, todavía no hay serie diaria real con la que clasificar",,
Stewart Luya,gálvez suma,tema,2,396.0,198.0,baja,SIN_DATOS_60D,"el exportador automático de GSC agrega por página sobre 35 días, todavía no hay serie diaria real con la que clasificar",,
Stewart Luya,canal del amistoso,tema,2,395.0,198.0,baja,SIN_DATOS_60D,"el exportador automático de GSC agrega por página sobre 35 días, todavía no hay serie diaria real con la que clasificar",,
Stewart Luya,refuerza con defensa,tema,3,394.0,131.0,media,SIN_DATOS_60D,"el exportador automático de GSC agrega por página sobre 35 días, todavía no hay serie diaria real con la que clasificar",,
Stewart Luya,Monumental,entidad,2,392.0,196.0,baja,SIN_DATOS_60D,"el exportador automático de GSC agrega por página sobre 35 días, todavía no hay serie diaria real con la que clasificar",,
Stewart Luya,acecha a deportivo,entidad,2,389.0,194.0,baja,SIN_DATOS_60D,"el exportador automático de GSC agrega por página sobre 35 días, todavía no hay serie diaria real con la que clasificar",,
Stewart Luya,punto de fichar,tema,2,387.0,194.0,baja,SIN_DATOS_60D,"el exportador automático de GSC agrega por página sobre 35 días, todavía no hay serie diaria real con la que clasificar",,
Stewart Luya,partido entre francia,entidad,2,385.0,192.0,baja,SIN_DATOS_60D,"el exportador automático de GSC agrega por página sobre 35 días, todavía no hay serie diaria real con la que clasificar",,
Stewart Luya,plantel para disputar,tema,2,384.0,192.0,baja,SIN_DATOS_60D,"el exportador automático de GSC agrega por página sobre 35 días, todavía no hay serie diaria real con la que clasificar",,
Stewart Luya,canal del sorteo,tema,2,383.0,192.0,baja,SIN_DATOS_60D,"el exportador automático de GSC agrega por página sobre 35 días, todavía no hay serie diaria real con la que clasificar",,
Stewart Luya,Huancavelica,entidad,2,383.0,192.0,baja,SIN_DATOS_60D,"el exportador automático de GSC agrega por página sobre 35 días, todavía no hay serie diaria real con la que clasificar",,
Stewart Luya,Deportivo Caysa,entidad,3,380.0,127.0,media,SIN_DATOS_60D,"el exportador automático de GSC agrega por página sobre 35 días, todavía no hay serie diaria real con la que clasificar",,
Stewart Luya,buse vs,tema,2,379.0,190.0,baja,SIN_DATOS_60D,"el exportador automático de GSC agrega por página sobre 35 días, todavía no hay serie diaria real con la que clasificar",,
Stewart Luya,equipo cusqueño,tema,2,378.0,189.0,baja,SIN_DATOS_60D,"el exportador automático de GSC agrega por página sobre 35 días, todavía no hay serie diaria real con la que clasificar",,
Stewart Luya,peruana felipe,tema,3,378.0,126.0,media,SIN_DATOS_60D,"el exportador automático de GSC agrega por página sobre 35 días, todavía no hay serie diaria real con la que clasificar",,
Stewart Luya,vs adt,tema,3,378.0,126.0,media,SIN_DATOS_60D,"el exportador automático de GSC agrega por página sobre 35 días, todavía no hay serie diaria real con la que clasificar",,
Stewart Luya,Deportivo,entidad,3,377.0,126.0,media,SIN_DATOS_60D,"el exportador automático de GSC agrega por página sobre 35 días, todavía no hay serie diaria real con la que clasificar",,
Stewart Luya,titular en el empate,tema,2,376.0,188.0,baja,SIN_DATOS_60D,"el exportador automático de GSC agrega por página sobre 35 días, todavía no hay serie diaria real con la que clasificar",,
Stewart Luya,Joao Grimaldo,entidad,4,370.0,92.0,media,SIN_DATOS_60D,"el exportador automático de GSC agrega por página sobre 35 días, todavía no hay serie diaria real con la que clasificar",,
Stewart Luya,volante con pasado,tema,2,367.0,184.0,baja,SIN_DATOS_60D,"el exportador automático de GSC agrega por página sobre 35 días, todavía no hay serie diaria real con la que clasificar",,
Stewart Luya,octavos de final vuelta,tema,2,361.0,180.0,baja,SIN_DATOS_60D,"el exportador automático de GSC agrega por página sobre 35 días, todavía no hay serie diaria real con la que clasificar",,
Stewart Luya,Orlando City,entidad,7,361.0,52.0,media,SIN_DATOS_60D,"el exportador automático de GSC agrega por página sobre 35 días, todavía no hay serie diaria real con la que clasificar",,
Stewart Luya,sumar minutos,tema,4,361.0,90.0,media,SIN_DATOS_60D,"el exportador automático de GSC agrega por página sobre 35 días, todavía no hay serie diaria real con la que clasificar",,
Stewart Luya,vuelta de la copa,entidad,2,361.0,180.0,baja,SIN_DATOS_60D,"el exportador automático de GSC agrega por página sobre 35 días, todavía no hay serie diaria real con la que clasificar",,
Stewart Luya,mira a figura,tema,2,360.0,180.0,baja,SIN_DATOS_60D,"el exportador automático de GSC agrega por página sobre 35 días, todavía no hay serie diaria real con la que clasificar",,
Stewart Luya,árbitro del sporting,tema,2,359.0,180.0,baja,SIN_DATOS_60D,"el exportador automático de GSC agrega por página sobre 35 días, todavía no hay serie diaria real con la que clasificar",,
Stewart Luya,canal transmite,tema,3,359.0,120.0,media,SIN_DATOS_60D,"el exportador automático de GSC agrega por página sobre 35 días, todavía no hay serie diaria real con la que clasificar",,
Stewart Luya,copa perú cuándo,entidad,2,357.0,178.0,baja,SIN_DATOS_60D,"el exportador automático de GSC agrega por página sobre 35 días, todavía no hay serie diaria real con la que clasificar",,
Stewart Luya,figura de universitario,entidad,2,357.0,178.0,baja,SIN_DATOS_60D,"el exportador automático de GSC agrega por página sobre 35 días, todavía no hay serie diaria real con la que clasificar",,
Stewart Luya,refuerza para disputar,tema,2,356.0,178.0,baja,SIN_DATOS_60D,"el exportador automático de GSC agrega por página sobre 35 días, todavía no hay serie diaria real con la que clasificar",,
Stewart Luya,lima vs sport,entidad,2,355.0,178.0,baja,SIN_DATOS_60D,"el exportador automático de GSC agrega por página sobre 35 días, todavía no hay serie diaria real con la que clasificar",,
Stewart Luya,entrenador para la etapa,tema,3,354.0,118.0,media,SIN_DATOS_60D,"el exportador automático de GSC agrega por página sobre 35 días, todavía no hay serie diaria real con la que clasificar",,
Stewart Luya,Corinthians,entidad,3,353.0,118.0,media,SIN_DATOS_60D,"el exportador automático de GSC agrega por página sobre 35 días, todavía no hay serie diaria real con la que clasificar",,
Stewart Luya,bajas para visitar,tema,2,352.0,176.0,baja,SIN_DATOS_60D,"el exportador automático de GSC agrega por página sobre 35 días, todavía no hay serie diaria real con la que clasificar",,
Stewart Luya,programación de los octavos,tema,2,352.0,176.0,baja,SIN_DATOS_60D,"el exportador automático de GSC agrega por página sobre 35 días, todavía no hay serie diaria real con la que clasificar",,
Stewart Luya,radical medida,tema,2,350.0,175.0,baja,SIN_DATOS_60D,"el exportador automático de GSC agrega por página sobre 35 días, todavía no hay serie diaria real con la que clasificar",,
Stewart Luya,Copa Davis,entidad,2,349.0,174.0,baja,SIN_DATOS_60D,"el exportador automático de GSC agrega por página sobre 35 días, todavía no hay serie diaria real con la que clasificar",,
Stewart Luya,Qualifiers,entidad,2,349.0,174.0,baja,SIN_DATOS_60D,"el exportador automático de GSC agrega por página sobre 35 días, todavía no hay serie diaria real con la que clasificar",,
Stewart Luya,comunicado en la previa,tema,2,347.0,174.0,baja,SIN_DATOS_60D,"el exportador automático de GSC agrega por página sobre 35 días, todavía no hay serie diaria real con la que clasificar",,
Stewart Luya,Qatar,entidad,2,343.0,172.0,baja,SIN_DATOS_60D,"el exportador automático de GSC agrega por página sobre 35 días, todavía no hay serie diaria real con la que clasificar",,
Stewart Luya,contundente mensaje,tema,2,342.0,171.0,baja,SIN_DATOS_60D,"el exportador automático de GSC agrega por página sobre 35 días, todavía no hay serie diaria real con la que clasificar",,
Stewart Luya,mundial marcadores,tema,2,341.0,170.0,baja,SIN_DATOS_60D,"el exportador automático de GSC agrega por página sobre 35 días, todavía no hay serie diaria real con la que clasificar",,
Stewart Luya,Sport River,entidad,2,339.0,170.0,baja,SIN_DATOS_60D,"el exportador automático de GSC agrega por página sobre 35 días, todavía no hay serie diaria real con la que clasificar",,
Stewart Luya,vs nacional,entidad,2,334.0,167.0,baja,SIN_DATOS_60D,"el exportador automático de GSC agrega por página sobre 35 días, todavía no hay serie diaria real con la que clasificar",,
Stewart Luya,liga refuerza,entidad,2,333.0,166.0,baja,SIN_DATOS_60D,"el exportador automático de GSC agrega por página sobre 35 días, todavía no hay serie diaria real con la que clasificar",,
Stewart Luya,pasado en la liga,entidad,2,333.0,166.0,baja,SIN_DATOS_60D,"el exportador automático de GSC agrega por página sobre 35 días, todavía no hay serie diaria real con la que clasificar",,
Stewart Luya,cerro porteño,entidad,2,330.0,165.0,baja,SIN_DATOS_60D,"el exportador automático de GSC agrega por página sobre 35 días, todavía no hay serie diaria real con la que clasificar",,
Stewart Luya,melgar vs,entidad,2,329.0,164.0,baja,SIN_DATOS_60D,"el exportador automático de GSC agrega por página sobre 35 días, todavía no hay serie diaria real con la que clasificar",,
Stewart Luya,Sudamericano de Voleibol Femenino Sub,entidad,2,328.0,164.0,baja,SIN_DATOS_60D,"el exportador automático de GSC agrega por página sobre 35 días, todavía no hay serie diaria real con la que clasificar",,
Stewart Luya,mannucci vs,tema,2,326.0,163.0,baja,SIN_DATOS_60D,"el exportador automático de GSC agrega por página sobre 35 días, todavía no hay serie diaria real con la que clasificar",,
Stewart Luya,Curazao,entidad,2,323.0,162.0,baja,SIN_DATOS_60D,"el exportador automático de GSC agrega por página sobre 35 días, todavía no hay serie diaria real con la que clasificar",,
Stewart Luya,vs chile,entidad,2,322.0,161.0,baja,SIN_DATOS_60D,"el exportador automático de GSC agrega por página sobre 35 días, todavía no hay serie diaria real con la que clasificar",,
Stewart Luya,vinl f,tema,6,320.0,53.0,media,SIN_DATOS_60D,"el exportador automático de GSC agrega por página sobre 35 días, todavía no hay serie diaria real con la que clasificar",,
Stewart Luya,comercio sorprende y suma,tema,2,319.0,160.0,baja,SIN_DATOS_60D,"el exportador automático de GSC agrega por página sobre 35 días, todavía no hay serie diaria real con la que clasificar",,
Stewart Luya,ortega volverá,tema,2,319.0,160.0,baja,SIN_DATOS_60D,"el exportador automático de GSC agrega por página sobre 35 días, todavía no hay serie diaria real con la que clasificar",,
Stewart Luya,refuerzo para la temporada,tema,2,319.0,160.0,baja,SIN_DATOS_60D,"el exportador automático de GSC agrega por página sobre 35 días, todavía no hay serie diaria real con la que clasificar",,
Stewart Luya,bragantino por los playoffs,entidad,2,318.0,159.0,baja,SIN_DATOS_60D,"el exportador automático de GSC agrega por página sobre 35 días, todavía no hay serie diaria real con la que clasificar",,
Stewart Luya,Carlos Beltrán,entidad,2,315.0,158.0,baja,SIN_DATOS_60D,"el exportador automático de GSC agrega por página sobre 35 días, todavía no hay serie diaria real con la que clasificar",,
Stewart Luya,fc se refuerza,entidad,2,312.0,156.0,baja,SIN_DATOS_60D,"el exportador automático de GSC agrega por página sobre 35 días, todavía no hay serie diaria real con la que clasificar",,
Stewart Luya,sorpresiva salida,tema,2,312.0,156.0,baja,SIN_DATOS_60D,"el exportador automático de GSC agrega por página sobre 35 días, todavía no hay serie diaria real con la que clasificar",,
Stewart Luya,tarma sorprende,entidad,2,310.0,155.0,baja,SIN_DATOS_60D,"el exportador automático de GSC agrega por página sobre 35 días, todavía no hay serie diaria real con la que clasificar",,
Stewart Luya,Sportivo Huracán,entidad,2,309.0,154.0,baja,SIN_DATOS_60D,"el exportador automático de GSC agrega por página sobre 35 días, todavía no hay serie diaria real con la que clasificar",,
Stewart Luya,árbitro del cienciano,entidad,2,304.0,152.0,baja,SIN_DATOS_60D,"el exportador automático de GSC agrega por página sobre 35 días, todavía no hay serie diaria real con la que clasificar",,
Stewart Luya,martín quién,tema,2,301.0,150.0,baja,SIN_DATOS_60D,"el exportador automático de GSC agrega por página sobre 35 días, todavía no hay serie diaria real con la que clasificar",,
Stewart Luya,triunfo del bayern,tema,2,299.0,150.0,baja,SIN_DATOS_60D,"el exportador automático de GSC agrega por página sobre 35 días, todavía no hay serie diaria real con la que clasificar",,
Stewart Luya,experimentado delantero,tema,2,297.0,148.0,baja,SIN_DATOS_60D,"el exportador automático de GSC agrega por página sobre 35 días, todavía no hay serie diaria real con la que clasificar",,
Stewart Luya,FC,entidad,2,297.0,148.0,baja,SIN_DATOS_60D,"el exportador automático de GSC agrega por página sobre 35 días, todavía no hay serie diaria real con la que clasificar",,
Stewart Luya,defensa central,tema,2,295.0,148.0,baja,SIN_DATOS_60D,"el exportador automático de GSC agrega por página sobre 35 días, todavía no hay serie diaria real con la que clasificar",,
Stewart Luya,cajamarca suma,entidad,2,294.0,147.0,baja,SIN_DATOS_60D,"el exportador automático de GSC agrega por página sobre 35 días, todavía no hay serie diaria real con la que clasificar",,
Stewart Luya,denuncia penal,tema,2,292.0,146.0,baja,SIN_DATOS_60D,"el exportador automático de GSC agrega por página sobre 35 días, todavía no hay serie diaria real con la que clasificar",,
Stewart Luya,UEFA Conference League,entidad,4,290.0,72.0,media,SIN_DATOS_60D,"el exportador automático de GSC agrega por página sobre 35 días, todavía no hay serie diaria real con la que clasificar",,
Stewart Luya,derbi trujillano,tema,2,289.0,144.0,baja,SIN_DATOS_60D,"el exportador automático de GSC agrega por página sobre 35 días, todavía no hay serie diaria real con la que clasificar",,
Stewart Luya,Stadium,entidad,2,289.0,144.0,baja,SIN_DATOS_60D,"el exportador automático de GSC agrega por página sobre 35 días, todavía no hay serie diaria real con la que clasificar",,
Stewart Luya,Wimbledon,entidad,2,288.0,144.0,baja,SIN_DATOS_60D,"el exportador automático de GSC agrega por página sobre 35 días, todavía no hay serie diaria real con la que clasificar",,
Stewart Luya,sumando minutos,tema,3,285.0,95.0,media,SIN_DATOS_60D,"el exportador automático de GSC agrega por página sobre 35 días, todavía no hay serie diaria real con la que clasificar",,
Stewart Luya,portero colombiano,tema,2,284.0,142.0,baja,SIN_DATOS_60D,"el exportador automático de GSC agrega por página sobre 35 días, todavía no hay serie diaria real con la que clasificar",,
Stewart Luya,Brasileirao,entidad,3,281.0,94.0,media,SIN_DATOS_60D,"el exportador automático de GSC agrega por página sobre 35 días, todavía no hay serie diaria real con la que clasificar",,
Stewart Luya,delantero brasileño,tema,2,279.0,140.0,baja,SIN_DATOS_60D,"el exportador automático de GSC agrega por página sobre 35 días, todavía no hay serie diaria real con la que clasificar",,
Stewart Luya,Francesco Andrealli,entidad,3,279.0,93.0,media,SIN_DATOS_60D,"el exportador automático de GSC agrega por página sobre 35 días, todavía no hay serie diaria real con la que clasificar",,
Stewart Luya,árbitro confirmado,tema,3,277.0,92.0,media,SIN_DATOS_60D,"el exportador automático de GSC agrega por página sobre 35 días, todavía no hay serie diaria real con la que clasificar",,
Stewart Luya,confirmado para el debut,tema,3,277.0,92.0,media,SIN_DATOS_60D,"el exportador automático de GSC agrega por página sobre 35 días, todavía no hay serie diaria real con la que clasificar",,
Stewart Luya,Inca,entidad,2,273.0,136.0,baja,SIN_DATOS_60D,"el exportador automático de GSC agrega por página sobre 35 días, todavía no hay serie diaria real con la que clasificar",,
Stewart Luya,fc suma,entidad,2,271.0,136.0,baja,SIN_DATOS_60D,"el exportador automático de GSC agrega por página sobre 35 días, todavía no hay serie diaria real con la que clasificar",,
Stewart Luya,levanta cabeza,tema,4,271.0,68.0,media,SIN_DATOS_60D,"el exportador automático de GSC agrega por página sobre 35 días, todavía no hay serie diaria real con la que clasificar",,
Stewart Luya,Ecosem Pasco,entidad,2,268.0,134.0,baja,SIN_DATOS_60D,"el exportador automático de GSC agrega por página sobre 35 días, todavía no hay serie diaria real con la que clasificar",,
Stewart Luya,vs bentín,tema,2,268.0,134.0,baja,SIN_DATOS_60D,"el exportador automático de GSC agrega por página sobre 35 días, todavía no hay serie diaria real con la que clasificar",,
Stewart Luya,Walter Ormeño,entidad,2,267.0,134.0,baja,SIN_DATOS_60D,"el exportador automático de GSC agrega por página sobre 35 días, todavía no hay serie diaria real con la que clasificar",,
Stewart Luya,pasa bien,tema,3,265.0,88.0,media,SIN_DATOS_60D,"el exportador automático de GSC agrega por página sobre 35 días, todavía no hay serie diaria real con la que clasificar",,
Stewart Luya,árbitro del alianza atlético,entidad,2,264.0,132.0,baja,SIN_DATOS_60D,"el exportador automático de GSC agrega por página sobre 35 días, todavía no hay serie diaria real con la que clasificar",,
Stewart Luya,atlético vs,tema,2,264.0,132.0,baja,SIN_DATOS_60D,"el exportador automático de GSC agrega por página sobre 35 días, todavía no hay serie diaria real con la que clasificar",,
Stewart Luya,tendrá presencia,tema,2,261.0,130.0,baja,SIN_DATOS_60D,"el exportador automático de GSC agrega por página sobre 35 días, todavía no hay serie diaria real con la que clasificar",,
Stewart Luya,Deportivo Cali,entidad,4,260.0,65.0,media,SIN_DATOS_60D,"el exportador automático de GSC agrega por página sobre 35 días, todavía no hay serie diaria real con la que clasificar",,
Stewart Luya,convocados de alianza,tema,2,257.0,128.0,baja,SIN_DATOS_60D,"el exportador automático de GSC agrega por página sobre 35 días, todavía no hay serie diaria real con la que clasificar",,
Stewart Luya,Suiza,entidad,2,255.0,128.0,baja,SIN_DATOS_60D,"el exportador automático de GSC agrega por página sobre 35 días, todavía no hay serie diaria real con la que clasificar",,
Stewart Luya,Bosnia,entidad,2,254.0,127.0,baja,SIN_DATOS_60D,"el exportador automático de GSC agrega por página sobre 35 días, todavía no hay serie diaria real con la que clasificar",,
Stewart Luya,entrenador para disputar,tema,2,252.0,126.0,baja,SIN_DATOS_60D,"el exportador automático de GSC agrega por página sobre 35 días, todavía no hay serie diaria real con la que clasificar",,
Stewart Luya,canal del comerciantes,tema,2,246.0,123.0,baja,SIN_DATOS_60D,"el exportador automático de GSC agrega por página sobre 35 días, todavía no hay serie diaria real con la que clasificar",,
Stewart Luya,comerciantes fc vs,entidad,2,246.0,123.0,baja,SIN_DATOS_60D,"el exportador automático de GSC agrega por página sobre 35 días, todavía no hay serie diaria real con la que clasificar",,
Stewart Luya,tres bajas,tema,2,244.0,122.0,baja,SIN_DATOS_60D,"el exportador automático de GSC agrega por página sobre 35 días, todavía no hay serie diaria real con la que clasificar",,
Stewart Luya,peruana oliver,tema,2,241.0,120.0,baja,SIN_DATOS_60D,"el exportador automático de GSC agrega por página sobre 35 días, todavía no hay serie diaria real con la que clasificar",,
Stewart Luya,tres nuevos,tema,2,240.0,120.0,baja,SIN_DATOS_60D,"el exportador automático de GSC agrega por página sobre 35 días, todavía no hay serie diaria real con la que clasificar",,
Stewart Luya,Liga Universidad César Vallejo,entidad,2,239.0,120.0,baja,SIN_DATOS_60D,"el exportador automático de GSC agrega por página sobre 35 días, todavía no hay serie diaria real con la que clasificar",,
Stewart Luya,Premier League,entidad,2,239.0,120.0,baja,SIN_DATOS_60D,"el exportador automático de GSC agrega por página sobre 35 días, todavía no hay serie diaria real con la que clasificar",,
Stewart Luya,Campeonato Paulista,entidad,2,238.0,119.0,baja,SIN_DATOS_60D,"el exportador automático de GSC agrega por página sobre 35 días, todavía no hay serie diaria real con la que clasificar",,
Stewart Luya,ATP de Hamburgo Ignacio Buse,entidad,2,235.0,118.0,baja,SIN_DATOS_60D,"el exportador automático de GSC agrega por página sobre 35 días, todavía no hay serie diaria real con la que clasificar",,
Stewart Luya,vs deportivo garcilaso,entidad,2,235.0,118.0,baja,SIN_DATOS_60D,"el exportador automático de GSC agrega por página sobre 35 días, todavía no hay serie diaria real con la que clasificar",,
Stewart Luya,comunicado tras lo sucedido,tema,2,233.0,116.0,baja,SIN_DATOS_60D,"el exportador automático de GSC agrega por página sobre 35 días, todavía no hay serie diaria real con la que clasificar",,
Stewart Luya,grupo c,entidad,2,232.0,116.0,baja,SIN_DATOS_60D,"el exportador automático de GSC agrega por página sobre 35 días, todavía no hay serie diaria real con la que clasificar",,
Stewart Luya,peruana fabio,tema,2,230.0,115.0,baja,SIN_DATOS_60D,"el exportador automático de GSC agrega por página sobre 35 días, todavía no hay serie diaria real con la que clasificar",,
Stewart Luya,Copa de Croacia,entidad,3,225.0,75.0,media,SIN_DATOS_60D,"el exportador automático de GSC agrega por página sobre 35 días, todavía no hay serie diaria real con la que clasificar",,
Stewart Luya,objetivo con la selección,entidad,2,223.0,112.0,baja,SIN_DATOS_60D,"el exportador automático de GSC agrega por página sobre 35 días, todavía no hay serie diaria real con la que clasificar",,
Stewart Luya,remarca su principal,tema,2,223.0,112.0,baja,SIN_DATOS_60D,"el exportador automático de GSC agrega por página sobre 35 días, todavía no hay serie diaria real con la que clasificar",,
Stewart Luya,Piura,entidad,2,222.0,111.0,baja,SIN_DATOS_60D,"el exportador automático de GSC agrega por página sobre 35 días, todavía no hay serie diaria real con la que clasificar",,
Stewart Luya,Copa Colombia,entidad,2,221.0,110.0,baja,SIN_DATOS_60D,"el exportador automático de GSC agrega por página sobre 35 días, todavía no hay serie diaria real con la que clasificar",,
Stewart Luya,mediocentro ofensivo,tema,2,221.0,110.0,baja,SIN_DATOS_60D,"el exportador automático de GSC agrega por página sobre 35 días, todavía no hay serie diaria real con la que clasificar",,
Stewart Luya,refuerza con un portero,tema,2,221.0,110.0,baja,SIN_DATOS_60D,"el exportador automático de GSC agrega por página sobre 35 días, todavía no hay serie diaria real con la que clasificar",,
Stewart Luya,lima destaca,entidad,2,218.0,109.0,baja,SIN_DATOS_60D,"el exportador automático de GSC agrega por página sobre 35 días, todavía no hay serie diaria real con la que clasificar",,
Stewart Luya,Liga MX,entidad,2,216.0,108.0,baja,SIN_DATOS_60D,"el exportador automático de GSC agrega por página sobre 35 días, todavía no hay serie diaria real con la que clasificar",,
Stewart Luya,luce con una asistencia,tema,4,216.0,54.0,media,SIN_DATOS_60D,"el exportador automático de GSC agrega por página sobre 35 días, todavía no hay serie diaria real con la que clasificar",,
Stewart Luya,españa por las semifinales,entidad,2,213.0,106.0,baja,SIN_DATOS_60D,"el exportador automático de GSC agrega por página sobre 35 días, todavía no hay serie diaria real con la que clasificar",,
Stewart Luya,figura de deportivo,entidad,2,213.0,106.0,baja,SIN_DATOS_60D,"el exportador automático de GSC agrega por página sobre 35 días, todavía no hay serie diaria real con la que clasificar",,
Stewart Luya,francia vs españa,entidad,2,213.0,106.0,baja,SIN_DATOS_60D,"el exportador automático de GSC agrega por página sobre 35 días, todavía no hay serie diaria real con la que clasificar",,
Stewart Luya,árbitro de cienciano,entidad,2,206.0,103.0,baja,SIN_DATOS_60D,"el exportador automático de GSC agrega por página sobre 35 días, todavía no hay serie diaria real con la que clasificar",,
Stewart Luya,André Carrillo y Jesús Pretell,entidad,2,205.0,102.0,baja,SIN_DATOS_60D,"el exportador automático de GSC agrega por página sobre 35 días, todavía no hay serie diaria real con la que clasificar",,
Stewart Luya,Alex Valera,entidad,2,198.0,99.0,baja,SIN_DATOS_60D,"el exportador automático de GSC agrega por página sobre 35 días, todavía no hay serie diaria real con la que clasificar",,
Stewart Luya,santo domingo sorprende,tema,2,198.0,99.0,baja,SIN_DATOS_60D,"el exportador automático de GSC agrega por página sobre 35 días, todavía no hay serie diaria real con la que clasificar",,
Stewart Luya,Moquegua,entidad,2,197.0,98.0,baja,SIN_DATOS_60D,"el exportador automático de GSC agrega por página sobre 35 días, todavía no hay serie diaria real con la que clasificar",,
Stewart Luya,peruana francesco,tema,2,194.0,97.0,baja,SIN_DATOS_60D,"el exportador automático de GSC agrega por página sobre 35 días, todavía no hay serie diaria real con la que clasificar",,
Stewart Luya,derrota en la bundesliga,entidad,2,193.0,96.0,baja,SIN_DATOS_60D,"el exportador automático de GSC agrega por página sobre 35 días, todavía no hay serie diaria real con la que clasificar",,
Stewart Luya,defensor sporting,entidad,2,193.0,96.0,baja,SIN_DATOS_60D,"el exportador automático de GSC agrega por página sobre 35 días, todavía no hay serie diaria real con la que clasificar",,
Stewart Luya,cienciano vs melgar,entidad,2,189.0,94.0,baja,SIN_DATOS_60D,"el exportador automático de GSC agrega por página sobre 35 días, todavía no hay serie diaria real con la que clasificar",,
Stewart Luya,vs lanús,entidad,2,186.0,93.0,baja,SIN_DATOS_60D,"el exportador automático de GSC agrega por página sobre 35 días, todavía no hay serie diaria real con la que clasificar",,
Stewart Luya,nueva derrota,tema,2,185.0,92.0,baja,SIN_DATOS_60D,"el exportador automático de GSC agrega por página sobre 35 días, todavía no hay serie diaria real con la que clasificar",,
Stewart Luya,Copa de la Liga SAFAP,entidad,2,182.0,91.0,baja,SIN_DATOS_60D,"el exportador automático de GSC agrega por página sobre 35 días, todavía no hay serie diaria real con la que clasificar",,
Stewart Luya,League,entidad,2,180.0,90.0,baja,SIN_DATOS_60D,"el exportador automático de GSC agrega por página sobre 35 días, todavía no hay serie diaria real con la que clasificar",,
Stewart Luya,peruana alfonso,tema,3,178.0,59.0,media,SIN_DATOS_60D,"el exportador automático de GSC agrega por página sobre 35 días, todavía no hay serie diaria real con la que clasificar",,
Stewart Luya,panta walon,tema,2,178.0,89.0,baja,SIN_DATOS_60D,"el exportador automático de GSC agrega por página sobre 35 días, todavía no hay serie diaria real con la que clasificar",,
Stewart Luya,encabeza la convocatoria,tema,3,177.0,59.0,media,SIN_DATOS_60D,"el exportador automático de GSC agrega por página sobre 35 días, todavía no hay serie diaria real con la que clasificar",,
Stewart Luya,praga oliver,tema,2,173.0,86.0,baja,SIN_DATOS_60D,"el exportador automático de GSC agrega por página sobre 35 días, todavía no hay serie diaria real con la que clasificar",,
Stewart Luya,sonne y joao,entidad,2,173.0,86.0,baja,SIN_DATOS_60D,"el exportador automático de GSC agrega por página sobre 35 días, todavía no hay serie diaria real con la que clasificar",,
Stewart Luya,once titular,tema,3,170.0,57.0,media,SIN_DATOS_60D,"el exportador automático de GSC agrega por página sobre 35 días, todavía no hay serie diaria real con la que clasificar",,
Stewart Luya,sigue sumando,tema,2,170.0,85.0,baja,SIN_DATOS_60D,"el exportador automático de GSC agrega por página sobre 35 días, todavía no hay serie diaria real con la que clasificar",,
Stewart Luya,Juan Pablo Goicochea,entidad,2,169.0,84.0,baja,SIN_DATOS_60D,"el exportador automático de GSC agrega por página sobre 35 días, todavía no hay serie diaria real con la que clasificar",,
Stewart Luya,DNI,entidad,2,162.0,81.0,baja,SIN_DATOS_60D,"el exportador automático de GSC agrega por página sobre 35 días, todavía no hay serie diaria real con la que clasificar",,
Stewart Luya,Emiratos Árabes Unidos,entidad,2,162.0,81.0,baja,SIN_DATOS_60D,"el exportador automático de GSC agrega por página sobre 35 días, todavía no hay serie diaria real con la que clasificar",,
Stewart Luya,ideal de la copa,entidad,2,160.0,80.0,baja,SIN_DATOS_60D,"el exportador automático de GSC agrega por página sobre 35 días, todavía no hay serie diaria real con la que clasificar",,
Stewart Luya,once ideal,tema,2,160.0,80.0,baja,SIN_DATOS_60D,"el exportador automático de GSC agrega por página sobre 35 días, todavía no hay serie diaria real con la que clasificar",,
Stewart Luya,Marcos López,entidad,4,153.0,38.0,media,SIN_DATOS_60D,"el exportador automático de GSC agrega por página sobre 35 días, todavía no hay serie diaria real con la que clasificar",,
Stewart Luya,minutos en el triunfo,tema,3,153.0,51.0,media,SIN_DATOS_60D,"el exportador automático de GSC agrega por página sobre 35 días, todavía no hay serie diaria real con la que clasificar",,
Stewart Luya,cabeza en la primera,tema,2,151.0,76.0,baja,SIN_DATOS_60D,"el exportador automático de GSC agrega por página sobre 35 días, todavía no hay serie diaria real con la que clasificar",,
Stewart Luya,suma minutos,tema,3,151.0,50.0,media,SIN_DATOS_60D,"el exportador automático de GSC agrega por página sobre 35 días, todavía no hay serie diaria real con la que clasificar",,
Stewart Luya,Academia Tito Drago,entidad,2,149.0,74.0,baja,SIN_DATOS_60D,"el exportador automático de GSC agrega por página sobre 35 días, todavía no hay serie diaria real con la que clasificar",,
Stewart Luya,deportes cusco,entidad,2,149.0,74.0,baja,SIN_DATOS_60D,"el exportador automático de GSC agrega por página sobre 35 días, todavía no hay serie diaria real con la que clasificar",,
Stewart Luya,libertadores universitario de deportes,entidad,2,149.0,74.0,baja,SIN_DATOS_60D,"el exportador automático de GSC agrega por página sobre 35 días, todavía no hay serie diaria real con la que clasificar",,
Stewart Luya,duro revés,tema,2,147.0,74.0,baja,SIN_DATOS_60D,"el exportador automático de GSC agrega por página sobre 35 días, todavía no hay serie diaria real con la que clasificar",,
Stewart Luya,inesperada derrota,tema,2,144.0,72.0,baja,SIN_DATOS_60D,"el exportador automático de GSC agrega por página sobre 35 días, todavía no hay serie diaria real con la que clasificar",,
Stewart Luya,primera división de israel,entidad,2,143.0,72.0,baja,SIN_DATOS_60D,"el exportador automático de GSC agrega por página sobre 35 días, todavía no hay serie diaria real con la que clasificar",,
Stewart Luya,segunda división de rusia,entidad,2,141.0,70.0,baja,SIN_DATOS_60D,"el exportador automático de GSC agrega por página sobre 35 días, todavía no hay serie diaria real con la que clasificar",,
Stewart Luya,posible alineación,tema,2,141.0,70.0,baja,SIN_DATOS_60D,"el exportador automático de GSC agrega por página sobre 35 días, todavía no hay serie diaria real con la que clasificar",,
Stewart Luya,Yordy Reyna,entidad,2,141.0,70.0,baja,SIN_DATOS_60D,"el exportador automático de GSC agrega por página sobre 35 días, todavía no hay serie diaria real con la que clasificar",,
Stewart Luya,Copa de Dinamarca,entidad,2,140.0,70.0,baja,SIN_DATOS_60D,"el exportador automático de GSC agrega por página sobre 35 días, todavía no hay serie diaria real con la que clasificar",,
Stewart Luya,cinta de capitán,tema,2,138.0,69.0,baja,SIN_DATOS_60D,"el exportador automático de GSC agrega por página sobre 35 días, todavía no hay serie diaria real con la que clasificar",,
Stewart Luya,barco disputará,tema,2,130.0,65.0,baja,SIN_DATOS_60D,"el exportador automático de GSC agrega por página sobre 35 días, todavía no hay serie diaria real con la que clasificar",,
Stewart Luya,liga mx femenil,entidad,2,130.0,65.0,baja,SIN_DATOS_60D,"el exportador automático de GSC agrega por página sobre 35 días, todavía no hay serie diaria real con la que clasificar",,
Stewart Luya,quispe no levanta,tema,2,126.0,63.0,baja,SIN_DATOS_60D,"el exportador automático de GSC agrega por página sobre 35 días, todavía no hay serie diaria real con la que clasificar",,
Stewart Luya,reaparece en la goleada,tema,2,125.0,62.0,baja,SIN_DATOS_60D,"el exportador automático de GSC agrega por página sobre 35 días, todavía no hay serie diaria real con la que clasificar",,
Stewart Luya,disputar el mundial,tema,2,122.0,61.0,baja,SIN_DATOS_60D,"el exportador automático de GSC agrega por página sobre 35 días, todavía no hay serie diaria real con la que clasificar",,
Stewart Luya,rivales en la copa,entidad,2,122.0,61.0,baja,SIN_DATOS_60D,"el exportador automático de GSC agrega por página sobre 35 días, todavía no hay serie diaria real con la que clasificar",,
Stewart Luya,Major League Soccer,entidad,3,120.0,40.0,media,SIN_DATOS_60D,"el exportador automático de GSC agrega por página sobre 35 días, todavía no hay serie diaria real con la que clasificar",,
Stewart Luya,exterior matteo,tema,2,118.0,59.0,baja,SIN_DATOS_60D,"el exportador automático de GSC agrega por página sobre 35 días, todavía no hay serie diaria real con la que clasificar",,
Stewart Luya,Torneo Clausura de Colombia,entidad,2,117.0,58.0,baja,SIN_DATOS_60D,"el exportador automático de GSC agrega por página sobre 35 días, todavía no hay serie diaria real con la que clasificar",,
Stewart Luya,peruana sebastián,tema,2,116.0,58.0,baja,SIN_DATOS_60D,"el exportador automático de GSC agrega por página sobre 35 días, todavía no hay serie diaria real con la que clasificar",,
Stewart Luya,hora del sorteo,tema,2,100.0,50.0,baja,SIN_DATOS_60D,"el exportador automático de GSC agrega por página sobre 35 días, todavía no hay serie diaria real con la que clasificar",,
Stewart Luya,sorteo de los octavos,tema,2,100.0,50.0,baja,SIN_DATOS_60D,"el exportador automático de GSC agrega por página sobre 35 días, todavía no hay serie diaria real con la que clasificar",,
Stewart Luya,peruana matteo,tema,2,93.0,46.0,baja,SIN_DATOS_60D,"el exportador automático de GSC agrega por página sobre 35 días, todavía no hay serie diaria real con la que clasificar",,
Stewart Luya,asistencia en el triunfo,tema,2,91.0,46.0,baja,SIN_DATOS_60D,"el exportador automático de GSC agrega por página sobre 35 días, todavía no hay serie diaria real con la que clasificar",,
Stewart Luya,minutos con el orlando,tema,2,87.0,44.0,baja,SIN_DATOS_60D,"el exportador automático de GSC agrega por página sobre 35 días, todavía no hay serie diaria real con la que clasificar",,
Stewart Luya,cartagena vuelve,tema,2,87.0,44.0,baja,SIN_DATOS_60D,"el exportador automático de GSC agrega por página sobre 35 días, todavía no hay serie diaria real con la que clasificar",,
Stewart Luya,primera división de croacia,entidad,2,80.0,40.0,baja,SIN_DATOS_60D,"el exportador automático de GSC agrega por página sobre 35 días, todavía no hay serie diaria real con la que clasificar",,
Stewart Luya,triunfo del dinamo,tema,2,75.0,38.0,baja,SIN_DATOS_60D,"el exportador automático de GSC agrega por página sobre 35 días, todavía no hay serie diaria real con la que clasificar",,
