Páginas principales,Clics,Impresiones,CTR,Posición
https://www.futbolperuano.com/partidos-por-tv/,104061,2436520,4.27%,6.34
https://www.futbolperuano.com/liga-voley/LNSV/tabla-de-posiciones,18688,214510,8.71%,6.15
https://www.futbolperuano.com/liga-1/tabla-acumulada/tabla-de-posiciones,9361,2920490,0.32%,8.12
https://www.futbolperuano.com/liga-voley/LNSV/resultados,8106,176474,4.59%,6.88
https://www.futbolperuano.com/,8094,251001,3.22%,5.73
https://www.futbolperuano.com/futbol-femenino/tabla-de-posiciones,6130,55121,11.12%,5.78
https://www.futbolperuano.com/liga-1/noticias/sporting-cristal-anuncia-a-jorge-soto-como-dt-interino-tras-salida-de-paulo-autuori-y-define-su-reemplazo-en-los-proximos-dias-575105,5648,38247,14.77%,5.07
https://www.futbolperuano.com/liga-2/noticias/se-confirmo-el-canal-que-transmitira-los-partidos-de-la-liga-2-574855,3990,27390,14.57%,6.32
https://www.futbolperuano.com/liga-3/tabla-de-posiciones,3144,29351,10.71%,4.88
https://www.futbolperuano.com/liga-2/noticias/liga-2-2026-se-realizo-el-sorteo-del-fixture-del-torneo-de-ascenso-que-reunira-a-18-equipos-en-busca-de-llegar-a-la-liga-1-573240,2860,30742,9.3%,5.44
https://www.futbolperuano.com/peruanos-en-el-exterior/,2483,9425,26.34%,4.04
https://www.futbolperuano.com/liga-1/noticias/la-comision-disciplinaria-toma-rotunda-decision-sobre-concha-fara-y-rabanal-568134,2466,16392,15.04%,6.01
https://www.futbolperuano.com/partidos-por-tv/liga-1-peru-c42,2187,275024,0.8%,7.61
https://www.futbolperuano.com/liga-2/,2154,82589,2.61%,4.94
https://www.futbolperuano.com/liga-2/tabla-de-posiciones,2001,105053,1.9%,4.8
https://www.futbolperuano.com/liga-2/noticias/liga-2-sport-huancayo-presento-a-su-nuevo-entrenador-575038,1857,9076,20.46%,4.15
https://www.futbolperuano.com/liga-1/tabla-de-posiciones,1729,392520,0.44%,9.42
https://www.futbolperuano.com/liga-1/noticias/universitario-le-responde-a-alianza-lima-tras-queja-por-bryan-reyna-574235,1346,14329,9.39%,4.15
https://www.futbolperuano.com/copa-peru/,1318,21499,6.13%,5.02
https://www.futbolperuano.com/liga-2/noticias/cuando-se-iniciara-el-torneo-de-liga-2-del-2026-562301,1119,12831,8.72%,4.72
https://www.futbolperuano.com/en-vivo/,1090,31223,3.49%,7.3
https://www.futbolperuano.com/copa-libertadores/noticias/sporting-cristal-vs-palmeiras-en-vivo-online-por-fecha-3-de-copa-libertadores-sub-20-573648,1065,120265,0.89%,6.62
https://www.futbolperuano.com/liga-2/noticias/la-liga-2-ya-tendria-fecha-para-el-sorteo-de-su-fixture-568250,973,18618,5.23%,6.18
https://www.futbolperuano.com/en-vivo/copa-libertadores-sub-20-flamengo-vs-olimpia-en-vivo-574273,968,78762,1.23%,6.1
https://www.futbolperuano.com/liga-1/resultados,888,167612,0.53%,8.72
https://www.futbolperuano.com/liga-2/noticias/jean-deza-encuentra-nuevo-equipo-tras-no-llegar-a-sport-boys-574925,883,5852,15.09%,3.68
https://www.futbolperuano.com/liga-1/noticias/franco-velazco-revela-el-futuro-de-sekou-gassama-en-universitario-569951,880,6859,12.83%,4.51
https://www.futbolperuano.com/liga-3/noticias/estos-son-los-37-equipos-que-disputaran-la-liga-3-2026-553500,859,11793,7.28%,5.05
https://www.futbolperuano.com/copa-libertadores/tabla-de-posiciones,839,23508,3.57%,8.87
https://www.futbolperuano.com/partidos-por-tv/golperu-c4,833,37049,2.25%,7.39
https://www.futbolperuano.com/seleccion/noticias/mano-menezes-dio-a-conocer-su-primera-lista-de-convocados-de-la-seleccion-peruana-573818,827,38713,2.14%,6.91
https://www.futbolperuano.com/en-vivo/liga-peruana-de-voley-alianza-lima-vs-geminis-en-vivo-575417,804,41640,1.93%,5.43
https://www.futbolperuano.com/futbol-femenino/resultados,802,13797,5.81%,7.14
https://www.futbolperuano.com/liga-3/,763,12802,5.96%,6.25
https://www.futbolperuano.com/liga-voley/facundo-morando-fluminense-vuelve-a-la-carga-por-otra-figura-de-alianza-lima-568380,761,6982,10.9%,5.01
https://www.futbolperuano.com/en-vivo/liga-peruana-de-voley-regatas-lima-vs-universitario-en-vivo-574507,757,31577,2.4%,5.39
https://www.futbolperuano.com/descentralizado/tabla-de-posiciones,752,102430,0.73%,7.66
https://www.futbolperuano.com/liga-voley/resultados-y-tabla-de-posiciones-de-la-fecha-8-de-la-liga-peruana-de-voley-567612,739,18448,4.01%,5.55
https://www.futbolperuano.com/partidos-por-tv/liga-1-peru-torneo-apertura-t35,736,50759,1.45%,9.06
https://www.futbolperuano.com/mas-deportes/noticias/ignacio-buse-cuando-volvera-a-jugar-en-el-circuito-atp-568940,726,17822,4.07%,5.18
https://www.futbolperuano.com/en-vivo/liga-femenina-2026-alianza-lima-vs-fc-killas-en-vivo-573631,700,20281,3.45%,5.48
https://www.futbolperuano.com/liga-voley/resultados-y-tabla-de-posiciones-de-la-fecha-9-de-la-liga-peruana-de-voley-568569,698,35884,1.95%,6.8
https://www.futbolperuano.com/en-vivo/liga-peruana-de-voley-universitario-vs-regatas-lima-en-vivo-573605,690,34325,2.01%,5.51
https://www.futbolperuano.com/futbol-internacional/noticias/todos-los-convocados-de-surinam-militan-en-el-futbol-europeo-575018,679,15485,4.38%,7.14
https://www.futbolperuano.com/copa-libertadores/noticias/sporting-cristal-vs-olimpia-en-vivo-online-por-la-fecha-1-de-la-copa-libertadores-sub-20-568724,657,125143,0.52%,4.73
https://www.futbolperuano.com/copa-libertadores/noticias/asi-quedaron-los-bombos-de-la-copa-libertadores-2026-573481,656,29067,2.26%,5.2
https://www.futbolperuano.com/liga-2/noticias/binacional-vs-santos-fc-en-vivo-por-la-liga-2-575245,654,20368,3.21%,6.47
https://www.futbolperuano.com/liga-voley/resultados-de-las-semifinales-de-la-liga-peruana-de-voley-2025-26-575521,654,19887,3.29%,4.59
https://www.futbolperuano.com/mas-deportes/noticias/ignacio-buse-clasifica-al-cuadro-principal-del-miami-open-573979,653,15721,4.15%,6.09
https://www.futbolperuano.com/liga-voley/liga-peruana-de-voley-asi-se-jugaran-los-partidos-por-las-semifinales-574724,653,14656,4.46%,4.62
https://www.futbolperuano.com/liga-voley/los-posibles-cruces-de-los-cuartos-de-final-de-la-liga-peruana-de-voley-567932,651,10723,6.07%,6
https://www.futbolperuano.com/liga-voley/cruces-confirmados-asi-se-jugaran-los-cuartos-de-final-de-la-liga-peruana-de-voley-568831,641,13902,4.61%,5.14
https://www.futbolperuano.com/liga-2/noticias/union-minas-vs-bentin-tacna-heroica-en-vivo-online-por-la-fecha-1-del-grupo-2-de-la-fase-regional-de-la-liga-2-2026-575513,634,21601,2.94%,6.44
https://www.futbolperuano.com/en-vivo/liga-peruana-de-voley-geminis-vs-atenea-en-vivo-574509,628,14903,4.21%,5.25
https://www.futbolperuano.com/liga-voley/deportivo-geminis-vs-atletico-atenea-en-vivo-online-por-la-vuelta-de-los-cuartos-de-final-de-la-liga-peruana-de-voley-574603,624,24204,2.58%,4.68
https://www.futbolperuano.com/liga-voley/resultados-de-los-partidos-de-vuelta-de-los-cuartos-de-final-de-la-liga-peruana-de-voley-574585,622,20935,2.97%,4.38
https://www.futbolperuano.com/partidos-por-tv/espn-c1,607,14430,4.21%,7.73
https://www.futbolperuano.com/liga-1/,583,348786,0.17%,9.52
https://www.futbolperuano.com/liga-2/noticias/equipo-de-la-liga-2-sorprende-con-la-construccion-de-su-propio-estadio-573646,566,53102,1.07%,12.47
https://www.futbolperuano.com/liga-voley/san-martin-vs-circolo-en-vivo-online-por-la-liga-peruana-de-voley-567681,566,18433,3.07%,5.76
https://www.futbolperuano.com/liga-voley/resultados-de-los-cuartos-de-final-de-la-liga-peruana-de-voley-573510,559,16801,3.33%,4.96
https://www.futbolperuano.com/liga-1/noticias/el-bambino-se-pone-la-celeste-gianluca-lapadula-podria-reforzar-el-ataque-de-sporting-cristal-573531,549,9582,5.73%,4.1
https://www.futbolperuano.com/en-vivo/liga-peruana-de-voley-san-martin-vs-universitario-en-vivo-575421,543,20259,2.68%,5.77
https://www.futbolperuano.com/liga-1/noticias/liga-1-como-se-jugaran-los-partidos-de-la-fecha-8-del-torneo-apertura-2026-573789,541,54120,1%,7.32
https://www.futbolperuano.com/en-vivo/liga-peruana-de-voley-universitario-vs-san-martin-en-vivo-568558,539,66490,0.81%,3.28
https://www.futbolperuano.com/en-vivo/chile-vs-peru-en-vivo-partido-amistoso-de-creadores-de-contenidos-575579,536,15778,3.4%,5.39
https://www.futbolperuano.com/copa-sudamericana/noticias/cienciano-vs-melgar-en-vivo-por-la-fase-1-de-la-copa-sudamericana-568298,526,120256,0.44%,8.57
https://www.futbolperuano.com/liga-2/noticias/union-minas-eligio-su-estadio-para-ser-local-en-la-liga-2-573385,522,10098,5.17%,5.19
https://www.futbolperuano.com/futbol-femenino/liga-femenina/da-el-salto-figura-de-alianza-lima-jugara-en-gigante-del-futbol-argentino-574753,516,15073,3.42%,8.3
https://www.futbolperuano.com/futbol-femenino/liga-femenina/se-oficializo-el-fixture-de-la-liga-femenina-2026-y-el-formato-de-competencia-567603,516,5650,9.13%,5.62
https://www.futbolperuano.com/liga-1/noticias/liga-1-fixture-de-los-chankas-en-el-torneo-apertura-2026-558283,508,7059,7.2%,5.63
https://www.futbolperuano.com/liga-1/noticias/sporting-cristal-se-queda-sin-dt-paulo-autuori-deja-el-cargo-a-semanas-del-debut-en-la-fase-de-grupos-de-la-libertadores-575099,504,11665,4.32%,5.45
https://www.futbolperuano.com/liga-voley/liga-peruana-de-voley-cuando-se-jugaran-los-partidos-de-vuelta-de-las-semifinales-576624,498,10352,4.81%,4.95
https://www.futbolperuano.com/liga-3/noticias/liga-3-deportivo-municipal-desciende-a-la-copa-peru-2027-575182,473,7901,5.99%,4.81
https://www.futbolperuano.com/en-vivo/copa-libertadores-sub-20--2026-sporting-cristal-vs-olimpia-en-vivo-568570,468,48510,0.96%,4.59
https://www.futbolperuano.com/en-vivo/liga-peruana-de-voley-femenino-geminis-vs-atenea-en-vivo-575022,467,13374,3.49%,4.65
https://www.futbolperuano.com/liga-3/noticias/clubes-peruanos-se-fusionan-para-participar-en-este-2026-562661,461,7335,6.28%,4.84
https://www.futbolperuano.com/en-vivo/liga-peruana-de-voley-circolo-sportivo-vs-olva-latino-en-vivo-568555,461,6578,7.01%,4.42
https://www.futbolperuano.com/partidos-por-tv/liga-1-primera-division-del-peru-t35,454,46610,0.97%,8.58
https://www.futbolperuano.com/liga-voley/a-que-hora-juega-alianza-lima-vs-universitario-de-deportes-567808,449,46447,0.97%,6.35
https://www.futbolperuano.com/futbol-de-menores/copa-federacion-oro-2026-programacion-de-la-1ra-fecha-del-torneo-573613,448,7515,5.96%,4.91
https://www.futbolperuano.com/liga-1/noticias/franco-navarro-advierte-sobre-la-salida-de-pablo-guede-de-alianza-lima-574229,446,6054,7.37%,4.48
https://www.futbolperuano.com/copa-libertadores/noticias/grupo-de-sporting-cristal-en-la-copa-libertadores-2026-574339,443,83935,0.53%,3.45
https://www.futbolperuano.com/copa-libertadores/noticias/sporting-cristal-ya-eligio-un-nuevo-estadio-para-sus-duelos-copa-libertadores-573463,435,27788,1.57%,8.86
https://www.futbolperuano.com/liga-voley/fecha-y-horas-confirmadas-de-extra-games-de-los-cuartos-de-final-de-la-liga-peruana-de-voley-574750,425,14377,2.96%,4.91
https://www.futbolperuano.com/liga-voley/programacion-de-vuelta-de-los-cuartos-de-final-de-la-liga-peruana-de-voley-202-26-573821,424,15790,2.69%,4.97
https://www.futbolperuano.com/en-vivo/liga-2-union-minas-vs-bentin-tacna-en-vivo-575406,416,10236,4.06%,5.41
https://www.futbolperuano.com/liga-voley/deportivo-soan-vs-atletico-atenea-en-vivo-online-por-la-liga-peruana-de-voley-2025-26-575473,406,4412,9.2%,3.81
https://www.futbolperuano.com/liga-2/noticias/binacional-y-su-pronunciamiento-tras-haber-sido-suspendido-de-la-liga-2-575434,402,20147,2%,6.48
https://www.futbolperuano.com/en-vivo/liga-femenina-2026-alianza-lima-vs-flamengo-en-vivo-575386,402,10651,3.77%,6.37
https://www.futbolperuano.com/liga-1/noticias/universitario-de-deportes-y-su-advertencia-contra-alianza-lima-573128,397,8350,4.75%,5.82
https://www.futbolperuano.com/en-vivo/liga-2-binacional-vs-santos-en-vivo-575400,395,12223,3.23%,6.73
https://www.futbolperuano.com/partidos-por-tv/uefa-champions-league-t8,392,41579,0.94%,8.88
https://www.futbolperuano.com/partidos-por-tv/liga-femenina-peru-t182,384,5462,7.03%,7.4
https://www.futbolperuano.com/mundial/noticias/cuanto-costara-y-cuando-saldra-a-la-venta-el-album-panini-mundial-2026-574780,383,12776,3%,3.79
https://www.futbolperuano.com/copa-libertadores/noticias/grupo-de-universitario-de-deportes-en-la-copa-libertadores-2026-574332,378,22064,1.71%,5.41
https://www.futbolperuano.com/en-vivo/torneo-repechaje-de-verano-de-bolivia-blooming-vs-gv-san-jose-en-vivo-574810,376,13161,2.86%,6.3
https://www.futbolperuano.com/liga-1/noticias/liga-1-fecha-y-hora-del-universitario-vs-alianza-lima-por-el-primer-clasico-del-2026-573208,375,62013,0.6%,7.81
https://www.futbolperuano.com/en-vivo/liga-2-2026-sorteo-del-fixture-en-vivo-573188,375,7318,5.12%,5.93
https://www.futbolperuano.com/liga-1/noticias/los-hinchas-d-esporting-cristal-piden-que-el-club-compre-este-estadio-568602,372,15797,2.35%,7.33
https://www.futbolperuano.com/liga-1/noticias/l1-max-gratis-en-movistar-como-ver-todos-los-partidos-de-la-liga-1-2026-561539,372,10598,3.51%,8.93
https://www.futbolperuano.com/copa-peru/tabla-de-posiciones,369,5848,6.31%,7.93
https://www.futbolperuano.com/en-vivo/torneo-apertura-2026-cusco-fc-vs-cienciano-en-vivo-573612,364,154635,0.24%,6.86
https://www.futbolperuano.com/liga-voley/fecha-hora-y-canal-del-alianza-lima-vs-deportivo-soan-por-la-liga-peruana-568238,358,20549,1.74%,6.99
https://www.futbolperuano.com/en-vivo/torneo-repechaje-de-verano-de-bolivia-the-strongest-vs-oriente-petrolero-en-vivo-573232,351,17479,2.01%,6.12
https://www.futbolperuano.com/liga-voley/cuando-se-jugara-el-extra-game-entre-universitario-y-regatas-lima-574668,351,10423,3.37%,4.83
https://www.futbolperuano.com/futbol-de-menores/mundial-montaigu/resultados,351,2600,13.5%,4.83
https://www.futbolperuano.com/en-vivo/abierto-de-miami-2026-ignacio-buse-vs-damir-dzumhur-en-vivo-574228,350,37633,0.93%,5.01
https://www.futbolperuano.com/liga-1/noticias/liga-1-como-se-jugaran-los-partidos-de-la-fecha-6-del-torneo-apertura-2026-567862,348,34169,1.02%,8.18
https://www.futbolperuano.com/futbol-femenino/liga-femenina/sporting-cristal-se-refuerza-pese-a-triunfo-conseguido-573879,338,9276,3.64%,6.81
https://www.futbolperuano.com/liga-1/noticias/atletico-grau-vs-fc-cajamarca-en-vivo-online-por-la-fecha-6-del-torneo-apertura-de-la-liga-1-2026-568467,336,125235,0.27%,7.53
https://www.futbolperuano.com/en-vivo/torneo-repechaje-de-verano-de-bolivia-independiente-petrolero-vs-blooming-en-vivo-573397,336,14001,2.4%,7.53
https://www.futbolperuano.com/liga-1/noticias/el-estadio-peruanoa-que-abre-sus-puertas-a-la-liga-1-despues-de-doce-anos-568590,333,15401,2.16%,8.34
https://www.futbolperuano.com/liga-1/noticias/eddie-fleischman-cuestiona-el-presente-de-universitario-con-javier-rabanal-568056,333,8021,4.15%,4.07
https://www.futbolperuano.com/liga-2/noticias/ayacucho-fc-vs-alianza-universidad-en-vivo-online-por-la-fecha-1-del-grupo-2-de-la-fase-regional-de-la-liga-2-2026-575451,332,27225,1.22%,6.64
https://www.futbolperuano.com/futbol-femenino/liga-femenina/los-canales-que-transmitiran-en-vivo-la-liga-femenina-2026-567620,332,3909,8.49%,2.35
https://www.futbolperuano.com/liga-1/goleadores,331,11440,2.89%,5.74
https://www.futbolperuano.com/liga-1/noticias/universitario-busca-repatriar-a-delantero-que-atraviesa-duro-momento-en-israel-568465,324,15419,2.1%,3.55
https://www.futbolperuano.com/liga-1/noticias/paulo-autuori-habria-renunciado-a-sporting-cristal-segun-julio-pena-573305,324,15149,2.14%,7
https://www.futbolperuano.com/liga-1/noticias/sporting-cristal-respalda-a-felipe-vizeu-pese-a-criticas-tras-salida-de-autuori-y-desata-debate-entre-hinchas-575544,324,5142,6.3%,3.73
https://www.futbolperuano.com/liga-1/noticias/liga-1-como-se-jugaran-los-partidos-de-la-fecha-9-del-torneo-apertura-2026-574729,320,18851,1.7%,7.67
https://www.futbolperuano.com/en-vivo/liga-peruana-de-voley-regatas-lima-vs-circolo-sportivo-en-vivo-575425,317,4970,6.38%,4.08
https://www.futbolperuano.com/en-vivo/torneo-apertura-2026-juan-pablo-ii-vs-loc-chankas-en-vivo-573546,316,220153,0.14%,9.17
https://www.futbolperuano.com/peru/elecciones-generales-2026-resultados-encuestas-presidenciales-de-datum-marzo-568873,314,4939,6.36%,4.16
https://www.futbolperuano.com/peruanos-en-el-exterior/noticias/gremio-vs-internacional-en-vivo-por-el-campeonato-gaucho-567806,312,66577,0.47%,7.75
https://www.futbolperuano.com/en-vivo/liga-femenina-2026-carlos-mannucci-vs-universitario-en-vivo-573564,301,16698,1.8%,7.09
https://www.futbolperuano.com/en-vivo/champions-league-202526-barcelona-vs-newcastle-en-vivo-574112,298,121732,0.24%,6.31
https://www.futbolperuano.com/liga-2/noticias/estos-son-los-18-equipos-que-disputaran-la-liga-2-2026-553448,297,6463,4.6%,5.52
https://www.futbolperuano.com/en-vivo/copa-libertadores-sub-20-independiente-medellin-vs-bolivar-en-vivo-568744,295,13431,2.2%,6.42
https://www.futbolperuano.com/liga-voley/universitario-vs-regatas-lima-en-vivo-online-por-el-extra-game-de-los-cuartos-de-final-de-la-liga-peruana-de-voley-574803,295,13407,2.2%,6.35
https://www.futbolperuano.com/partidos-por-tv/liga-femenina-peru-torneo-apertura-t182,295,4132,7.14%,5.66
https://www.futbolperuano.com/liga-1/noticias/liga-1-fixture-de-universitario-de-deportes-en-el-torneo-apertura-2026-558224,289,17620,1.64%,7.83
https://www.futbolperuano.com/futbol-femenino/liga-femenina/apunta-al-titulo-universitario-volvio-a-golear-en-la-liga-femenina-y-se-consolida-en-la-punta-del-torneo-apertura-574627,287,7952,3.61%,6.32
https://www.futbolperuano.com/liga-1/noticias/donde-comprar-entradas-para-los-chankas-vs-universitario-de-deportes-568529,280,25063,1.12%,6.1
https://www.futbolperuano.com/liga-2/noticias/programacion-de-la-fecha-1-de-la-fase-regional-de-la-liga-2-573949,280,8404,3.33%,8.02
https://www.futbolperuano.com/en-vivo/liga-peruana-de-voley-deportivo-geminis-vs-rebaza-acosta-en-vivo-568561,277,5011,5.53%,4.05
https://www.futbolperuano.com/en-vivo/copa-libertadores-2026-sporting-cristal-vs-carabobo-en-vivo-573171,276,24145,1.14%,3.79
https://www.futbolperuano.com/partidos-por-tv/liga-2-peru-t36,276,11288,2.45%,9.32
https://www.futbolperuano.com/mundial/noticias/salio-a-la-venta-el-album-3-reyes-del-mundial-2026-574907,274,12890,2.13%,5.06
https://www.futbolperuano.com/liga-1/noticias/comando-sur-se-pronuncia-tras-presunto-hinchaje-por-universitario-del-nuevo-presidente-del-fondo-blanquiazul-575211,274,5842,4.69%,3.5
https://www.futbolperuano.com/copa-sudamericana/noticias/programacion-de-la-fase-preliminar-de-la-copa-sudamericana-2026-567833,273,25130,1.09%,7.4
https://www.futbolperuano.com/copa-libertadores/noticias/copa-libertadores-2026-cuando-sera-el-sorteo-de-la-fase-de-grupos-y-cuando-debutaran-universitario-de-deportes-cusco-fc-y-sporting-cristal-573248,272,33976,0.8%,6
https://www.futbolperuano.com/partidos-por-tv/peru-liga-peruana-de-voley-femenino-lnsv-t295,272,20466,1.33%,8.69
https://www.futbolperuano.com/copa-libertadores/noticias/copa-libertadores-sub-20-quienes-son-los-convocados-de-sporting-cristal-568591,272,11974,2.27%,6.27
https://www.futbolperuano.com/liga-3/noticias/la-respuesta-de-deportivo-municipal-ante-el-descenso-a-copa-peru-575240,271,3376,8.03%,3.83
https://www.futbolperuano.com/en-vivo/torneo-apertura-2026-los-chankas-vs-universitario-en-vivo-568543,268,277587,0.1%,10.54
https://www.futbolperuano.com/en-vivo/liga-peruana-de-voley-soan-vs-alianza-lima-en-vivo-574513,268,12196,2.2%,5.47
https://www.futbolperuano.com/liga-1/noticias/julio-cesar-uribe-toma-fuerza-en-sporting-cristal-directiva-evalua-ofrecerle-el-cargo-a-dias-de-la-libertadores-575580,266,8761,3.04%,2.8
https://www.futbolperuano.com/liga-1/noticias/nuevo-reglamento-de-la-liga-1-aclara-sanciones-por-racismo-podria-ser-castigado-el-estadio-monumental-para-el-clasico-entre-universitario-de-deportes-y-alianza-lima-573910,266,5486,4.85%,4.46
https://www.futbolperuano.com/en-vivo/liga-2-comerciantes-fc-vs-sport-huancayo-en-vivo-575408,264,10664,2.48%,6.38
https://www.futbolperuano.com/liga-voley/alianza-lima-vs-deportivo-soan-en-vivo-por-los-cuartos-de-final-de-la-liga-peruana-de-voley-574484,263,10380,2.53%,5.18
https://www.futbolperuano.com/liga-1/noticias/liga-1-fixture-de-deportivo-moquegua-en-el-torneo-apertura-2026-558317,262,3683,7.11%,6.3
https://www.futbolperuano.com/en-vivo/liga-femenina-2026-universitario-vs-atletico-andahuaylas-en-vivo-574487,261,16517,1.58%,5.34
https://www.futbolperuano.com/liga-2/noticias/fecha-hora-y-canal-del-ayacucho-fc-vs-alianza-universidad-574912,260,7650,3.4%,6.89
https://www.futbolperuano.com/liga-voley/programacion-de-la-fecha-9-de-la-fase-2-de-la-liga-peruana-de-voley-2025-26-567991,259,11291,2.29%,5.39
https://www.futbolperuano.com/liga-1/noticias/erick-osores-dio-a-conocer-la-decision-de-alianza-lima-de-retirarse-576651,258,3625,7.12%,4.25
https://www.futbolperuano.com/en-vivo/torneo-de-marrakech-ignacio-buse-vs-matteo-berrettini-en-vivo-576796,256,44391,0.58%,5
https://www.futbolperuano.com/en-vivo/liga-peruana-de-voley-atletico-atenea-vs-deportivo-geminis-en-vivo-573601,256,10729,2.39%,6.12
https://www.futbolperuano.com/liga-1/noticias/melgar-cerca-de-dar-el-golpe-con-su-nuevo-entrenador-575149,252,5966,4.22%,6.07
https://www.futbolperuano.com/liga-1/noticias/alianza-lima-no-contara-con-una-de-sus-figuras-para-visitar-a-deportivo-garcilaso-573506,251,27532,0.91%,7.26
https://www.futbolperuano.com/liga-1/noticias/cusco-fc-vs-deportivo-garcilaso-en-vivo-online-por-fecha-6-del-torneo-apertura-de-liga-1-2026-568605,250,124802,0.2%,8.16
https://www.futbolperuano.com/liga-2/noticias/los-canales-que-transmitiran-en-vivo-las-semifinales-de-la-liga-2-542806,249,5829,4.27%,4.82
https://www.futbolperuano.com/resultados/,247,80083,0.31%,7.26
https://www.futbolperuano.com/seleccion/noticias/seleccion-peruana-adrian-quiroz-el-volante-de-los-chankas-convocado-por-mano-menezes-573838,246,23967,1.03%,8.57
https://www.futbolperuano.com/futbol-femenino/liga-femenina/programacion-de-la-fecha-2-del-torneo-apertura-de-la-liga-femenina-2026-573860,243,5993,4.05%,7.45
https://www.futbolperuano.com/liga-2/resultados,242,8232,2.94%,7.82
https://www.futbolperuano.com/liga-1/noticias/las-razones-para-la-salida-de-paulo-autuori-de-sporting-cristal-575157,242,6176,3.92%,3.61
https://www.futbolperuano.com/liga-1/clausura/tabla-de-posiciones,241,15824,1.52%,11.08
https://www.futbolperuano.com/liga-1/noticias/fc-cajamarca-vs-comerciantes-unidos-en-vivo-por-el-torneo-apertura-573299,240,70521,0.34%,8.93
https://www.futbolperuano.com/liga-1/noticias/campeono-con-universitario-y-ahora-podria-dirigir-a-cusco-fc-tras-la-salida-de-miguel-rondelli-575352,237,7110,3.33%,5.09
https://www.futbolperuano.com/futbol-femenino/liga-femenina/alianza-lima-vence-a-fc-killas-e-inicia-su-camino-al-tricampeonato-de-la-liga-femenina-573775,237,5457,4.34%,5.11
https://www.futbolperuano.com/partidos-por-tv/copa-sudamericana-t6,233,7659,3.04%,8.71
https://www.futbolperuano.com/liga-2/noticias/binacional-asegura-cinco-refuerzos-para-la-liga-2-del-2026-573955,233,4815,4.84%,6.14
https://www.futbolperuano.com/futbol-femenino/liga-femenina/tablas-y-resultados-de-los-partidos-de-la-fecha-2-del-torneo-apertura-de-la-liga-femenina-2026-574320,232,7359,3.15%,6.16
https://www.futbolperuano.com/copa-sudamericana/noticias/asi-quedaron-los-bombos-de-la-copa-sudamericana-2026-573486,228,11972,1.9%,6.31
https://www.futbolperuano.com/liga-1/noticias/cienciano-vs-sport-boys-en-vivo-por-el-torneo-apertura-de-la-liga-1-2026-568845,227,84222,0.27%,7.59
https://www.futbolperuano.com/futbol-internacional/noticias/grecia-vs-paraguay-en-vivo-por-amistoso-internacional-por-la-fecha-fifa-575237,227,35648,0.64%,7.4
https://www.futbolperuano.com/liga-1/noticias/alianza-lima-fue-sorprendido-y-derrotado-por-un-equipo-de-la-liga-2-567922,226,21793,1.04%,9.65
https://www.futbolperuano.com/en-vivo/liga-2-ayacucho-fc-vs-alianza-universidad-en-vivo-575398,226,14638,1.54%,7.09
https://www.futbolperuano.com/seleccion/noticias/seleccion-peruana-la-alineacion-confirmada-de-la-bicolor-para-enfrentar-a-senegal-575503,224,36720,0.61%,7.97
https://www.futbolperuano.com/en-vivo/torneo-apertura-2026-cienciano-vs-sport-boys-en-vivo-568545,223,136696,0.16%,8.09
https://www.futbolperuano.com/liga-1/noticias/alianza-lima-podria-sufrir-sensible-baja-para-duelo-ante-melgar-568272,222,9113,2.44%,5.17
https://www.futbolperuano.com/en-vivo/liga-peruana-de-voley-alianza-lima-vs-deportivo-soan-en-vivo-573603,219,23120,0.95%,7.63
https://www.futbolperuano.com/liga-1/noticias/baja-confirmada-en-melgar-para-visitar-a-alianza-lima-en-matute-568549,219,14240,1.54%,7.76
https://www.futbolperuano.com/copa-libertadores/noticias/carabobo-fc-confirma-dos-bajas-para-recibir-a-sporting-cristal-en-valencia-568177,217,21577,1.01%,5.73
https://www.futbolperuano.com/futbol-femenino/liga-femenina/tablas-y-resultados-de-los-partidos-de-la-fecha-1-del-torneo-apertura-de-la-liga-femenina-573556,217,10545,2.06%,7.81
https://www.futbolperuano.com/seleccion/noticias/quien-es-matias-zegarra-convocado-por-mano-menezes-seleccion-peruana-573830,217,6580,3.3%,5.32
https://www.futbolperuano.com/futbol-femenino/atletico-andahuaylas-consiguio-un-historico-triunfo-en-la-liga-femenina-573751,217,6495,3.34%,6.08
https://www.futbolperuano.com/liga-1/noticias/cienciano-vs-fc-cajamarca-en-vivo-por-el-torneo-apertura-574304,216,85224,0.25%,8.09
https://www.futbolperuano.com/liga-voley/41-voleibolistas-integran-la-preseleccion-de-peru-para-el-mundial-sub-17-568615,215,6709,3.2%,6.65
https://www.futbolperuano.com/futbol-de-menores/seleccion-peruana-sub-16-igualo-frente-a-uruguay-en-amistoso-en-campo-mar-574928,214,6888,3.11%,4.91
https://www.futbolperuano.com/copa-libertadores/noticias/jonathan-bilbao-defensa-peruano-de-carabobo-fc-advierte-a-sporting-cristal-568116,213,20706,1.03%,3.76
https://www.futbolperuano.com/en-vivo/liga-femenina-2026-atletico-andahuaylas-vs-flamengo-en-vivo-573626,213,3645,5.84%,7.03
https://www.futbolperuano.com/en-vivo/torneo-apertura-2026-adt-vs-melgar-en-vivo-574446,212,72633,0.29%,6.36
https://www.futbolperuano.com/copa-sudamericana/noticias/cienciano-vs-melgar-probables-alineaciones-para-el-duelo-por-la-fase-preliminar-de-la-copa-sudamericana-568396,211,33783,0.62%,4.3
https://www.futbolperuano.com/liga-2/noticias/comerciantes-fc-vs-sport-huancayo-en-vivo-por-la-liga-2-575426,211,9032,2.34%,6.71
https://www.futbolperuano.com/liga-1/noticias/reacciono-al-final-universitario-igualo-por-2-2-en-amistoso-ante-cesar-vallejo-en-campo-mar-568251,210,8304,2.53%,4.67
https://www.futbolperuano.com/liga-1/noticias/liga-1-como-se-jugaran-los-partidos-de-la-fecha-6-del-torneo-apertura-2026-569973,209,74330,0.28%,7.63
https://www.futbolperuano.com/en-vivo/amistoso-futbol-femenino-peru-vs-el-salvador-en-vivo-568734,207,15258,1.36%,7.73
https://www.futbolperuano.com/futbol-femenino/liga-femenina/programacion-de-la-fecha-3-del-torneo-apertura-de-la-liga-femenina-2026-574747,206,3456,5.96%,5.72
https://www.futbolperuano.com/en-vivo/copa-libertadores-sub-20-bolivar-vs-flamengo-en-vivo-573067,205,15798,1.3%,6.46
https://www.futbolperuano.com/liga-1/noticias/fc-cajamarca-sorprende-con-la-eleccion-de-su-nuevo-entrenador-574862,203,5514,3.68%,6.06
https://www.futbolperuano.com/liga-1/noticias/todo-listo-para-que-se-inaugure-el-nuevo-estadio-de-la-liga-1-574889,200,9672,2.07%,6.23
https://www.futbolperuano.com/en-vivo/liga-peruana-de-voley-soan-vs-atenea-en-vivo-575424,200,3592,5.57%,4.03
https://www.futbolperuano.com/copa-libertadores/noticias/sporting-cristal-cuando-vuelve-a-jugar-ante-carabobo-fc-por-la-fase-3-de-la-libertadores-568308,199,31787,0.63%,5.38
https://www.futbolperuano.com/liga-voley/deportivo-geminis-vs-atletico-atenea-en-vivo-online-por-el-extra-game-de-los-cuartos-de-final-de-la-liga-peruana-de-voley-574795,199,15110,1.32%,6.26
https://www.futbolperuano.com/futbol-femenino/liga-femenina/club-peruano-se-retira-de-la-primera-division-570005,199,3290,6.05%,6.75
https://www.futbolperuano.com/en-vivo/torneo-apertura-2026-cienciano-vs-fc-cajamarca-en-vivo-574447,198,100986,0.2%,7.33
https://www.futbolperuano.com/en-vivo/torneo-apertura-2026-comerciantes-unidos-vs-universitario-en-vivo-574468,197,46290,0.43%,8.04
https://www.futbolperuano.com/liga-1/noticias/sport-boys-cambia-de-entrenador-antes-de-enfrentar-a-sporting-cristal-573213,196,198649,0.1%,2.5
https://www.futbolperuano.com/futbol-de-menores/copa-federacion/oro/tabla-de-posiciones,195,954,20.44%,3.69
https://www.futbolperuano.com/en-vivo/copa-libertadores-sub-20-palmeiras-vs-sporting-cristal-en-vivo-573669,194,33635,0.58%,6.84
https://www.futbolperuano.com/mas-deportes/noticias/ignacio-buse-vence-a-berrettini-en-marrakech-y-arranca-con-triunfo-en-marruecos-576835,194,12469,1.56%,5.82
https://www.futbolperuano.com/en-vivo/liga-femenina-2026-defensores-del-ilucan-vs-alianza-lima-en-vivo-574493,194,4665,4.16%,5.73
https://www.futbolperuano.com/en-vivo/abierto-de-miami-2026-ignacio-buse-vs-coleman-wong-en-vivo-573958,193,13238,1.46%,3.53
https://www.futbolperuano.com/liga-1/noticias/hasta-cuando-se-pueden-reforzar-los-equipos-para-el-torneo-apertura-liga-1-573513,192,13931,1.38%,9.05
https://www.futbolperuano.com/liga-voley/fluminense-busca-llevarse-otra-figura-de-alianza-lima-van-con-todo-por-su-entrenador-568503,191,16436,1.16%,3.89
https://www.futbolperuano.com/en-vivo/liga-peruana-de-voley-san-martin-vs-circolo-sportivo-en-vivo-573604,190,10025,1.9%,6.92
https://www.futbolperuano.com/copa-libertadores/noticias/sporting-cristal-ya-sabe-el-estadio-en-el-que-jugara-la-copa-libertadores-tras-clausura-del-nacional-575611,189,6916,2.73%,4.66
https://www.futbolperuano.com/liga-1/noticias/la-nueva-incoporacion-de-alianza-lima-que-sera-presentada-este-jueves-575143,189,5733,3.3%,6.35
https://www.futbolperuano.com/liga-1/noticias/juan-pablo-ii-v-cusco-fc-en-vivo-online-por-la-fecha-5-del-torneo-apertura-de-la-liga-1-2026-567775,186,61210,0.3%,8.17
https://www.futbolperuano.com/en-vivo/torneo-apertura-2026-deportivo-garcilaso-vs-alianza-lima-en-vivo-573553,184,43470,0.42%,7.91
https://www.futbolperuano.com/futbol-de-menores/fixture-confirmado-de-la-seleccion-peruana-los-tres-partidos-de-peru-sub-16-en-el-mundial-montaigu-2026-561677,184,3721,4.94%,4.91
https://www.futbolperuano.com/en-vivo/torneo-apertura-2026-melgar-vs-atletico-grau-en-vivo-573608,183,111886,0.16%,7.4
https://www.futbolperuano.com/liga-1/noticias/sporting-cristal-vs-alianza-atletico-en-vivo-online-por-fecha-6-del-torneo-apertura-de-liga-1-2026-568594,183,57539,0.32%,6.43
https://www.futbolperuano.com/futbol-femenino/liga-femenina/fechas-y-horas-confirmadas-de-la-fecha-1-de-la-liga-femenina-2026-567980,183,5994,3.05%,7.45
https://www.futbolperuano.com/en-vivo/copa-libertadores-sub-20-nacional-vs-santiago-wanderers-en-vivo-568928,181,10341,1.75%,7.01
https://www.futbolperuano.com/futbol-internacional/inglaterra/tabla-de-posiciones,180,75564,0.24%,9.29
https://www.futbolperuano.com/futbol-femenino/liga-femenina/universitario-de-deportes-anota-16-goles-en-su-debut-en-la-liga-femenina-2026-573679,179,17573,1.02%,6.95
https://www.futbolperuano.com/copa-libertadores/noticias/los-tres-poderosos-rivales-que-universitario-no-enfrentara-en-copa-libertadores-573472,179,4010,4.46%,5.64
https://www.futbolperuano.com/liga-voley/universitario-vs-san-martin-en-vivo-online-por-fecha-9-de-fase-2-de-la-liga-peruana-de-voley-568616,177,17582,1.01%,6.68
https://www.futbolperuano.com/en-vivo/liga-2-deportivo-llacuabamba-vs-carlos-mannucci-en-vivo-575403,173,13256,1.31%,11
https://www.futbolperuano.com/en-vivo/liga-peruana-de-voley-circolo-sportivo-vs-san-martin-en-vivo-574506,173,6012,2.88%,5.34
https://www.futbolperuano.com/liga-1/noticias/universitario-apunta-el-nombre-de-figura-de-sport-huancayo-rabanal-ya-lo-tiene-en-el-radar-573344,172,12291,1.4%,8.58
https://www.futbolperuano.com/liga-1/noticias/diego-penny-pone-en-duda-el-cargo-de-paulo-autuori-en-sporting-cristal-574762,170,4724,3.6%,5.22
https://www.futbolperuano.com/copa-peru/noticias/copa-peru-goleada-de-16-0-sacude-el-futbol-peruano-568797,170,3488,4.87%,5.1
https://www.futbolperuano.com/copa-libertadores/sub-20/tabla-de-posiciones,168,85701,0.2%,9.5
https://www.futbolperuano.com/futbol-internacional/noticias/bolivia-vs-surinam-en-vivo-por-el-repechaje-intercontinental-para-el-mundial-2026-575006,168,30768,0.55%,6.54
https://www.futbolperuano.com/seleccion/noticias/seleccion-peruana-sub-20-thiago-kosloski-presenta-convocatoria-con-figuras-locales-y-talentos-del-exterior-574619,168,6765,2.48%,7.16
https://www.futbolperuano.com/liga-voley/san-martin-v-circolo-sportivo-italiano-en-vivo-online-por-los-cuartos-de-final-de-la-liga-peruana-de-voley-573690,167,7932,2.11%,4.43
https://www.futbolperuano.com/liga-1/noticias/cusco-fc-vs-cienciano-en-vivo-por-el-torneo-apertura-de-la-liga-1-2026-573568,166,73617,0.23%,8.23
https://www.futbolperuano.com/liga-2/noticias/fc-san-marcos-vs-union-comercio-en-vivo-por-la-liga-2-575228,166,11214,1.48%,6.74
https://www.futbolperuano.com/mas-deportes/noticias/kevin-borjas-en-la-ufc-hora-y-canal-para-ver-la-pelea-del-peruano-ante-imanol-rodriguez-en-mexico-567764,166,7828,2.12%,5.9
https://www.futbolperuano.com/en-vivo/torneo-apertura-2026-juan-pablo-ii-vs-cusco-fc-en-vivo-567655,165,61358,0.27%,6.77
https://www.futbolperuano.com/en-vivo/liga-peruana-de-voley-femenino-universitario-vs-regatas-lima-en-vivo-575023,165,7647,2.16%,3.85
https://www.futbolperuano.com/liga-1/noticias/alianza-lima-y-su-contundente-respuesta-a-denuncias-de-universitario-575052,164,6278,2.61%,4.54
https://www.futbolperuano.com/liga-voley/san-martin-vs-universitario-en-vivo-por-la-liga-peruana-de-voley-575554,163,14262,1.14%,6.7
https://www.futbolperuano.com/liga-1/noticias/bryan-reyna-es-nuevo-refuerzo-de-universitario-de-deportes-para-la-temporada-2026-tras-dejar-belgrano-573583,163,7783,2.09%,4.08
https://www.futbolperuano.com/en-vivo/liga-2-fc-san-marcos-vs-union-comercio-en-vivo-575367,162,5395,3%,7.8
https://www.futbolperuano.com/en-vivo/primera-division-de-paraguay-guarani-vs-olimpia-en-vivo-574616,161,54316,0.3%,7.64
https://www.futbolperuano.com/en-vivo/torneo-apertura-2026-deportivo-moquegua-vs-sport-huancayo-en-vivo-568534,161,30079,0.54%,7.16
https://www.futbolperuano.com/liga-1/noticias/la-liga-1-toma-sorpresiva-decision-sobre-pablo-guede-568426,161,14811,1.09%,7.76
https://www.futbolperuano.com/en-vivo/torneo-repechaje-de-verano-de-bolivia-blooming-vs-the-strongest-en-vivo-575536,161,12678,1.27%,7.62
https://www.futbolperuano.com/copa-sudamericana/tabla-de-posiciones,161,10501,1.53%,10.62
https://www.futbolperuano.com/futbol-femenino/liga-femenina/alianza-lima-goleo-3-0-a-ilucan-y-resolvio-el-partido-en-el-primer-tiempo-por-la-liga-femenina-574712,158,8549,1.85%,7.25
https://www.futbolperuano.com/copa-libertadores/noticias/la-conmebol-reprogramo-el-partido-de-universitario-en-la-copa-libertadores-574999,157,12665,1.24%,6.12
https://www.futbolperuano.com/futbol-de-menores/seleccion-peruana-sub-16-vencio-a-uruguay-en-segundo-amistoso-disputado-en-campo-mar-575244,157,8075,1.94%,5.1
https://www.futbolperuano.com/liga-1/noticias/sport-boys-vs-sport-huancayo-en-vivo-por-el-torneo-apertura-de-la-liga-1-2026-574490,156,69544,0.22%,9.91
https://www.futbolperuano.com/en-vivo/liga-peruana-de-voley-femenino-universitario-vs-alianza-lima-en-vivo-567675,156,25109,0.62%,4.8
https://www.futbolperuano.com/liga-1/noticias/alianza-lima-lanzo-su-nueva-camiseta-por-sus-125-anos-de-vida-institucional-568080,156,12257,1.27%,5.17
https://www.futbolperuano.com/liga-1/noticias/la-cifra-que-universitario-le-pegara-a-alianza-lima-por-bryan-reyna-573332,156,10530,1.48%,7.05
https://www.futbolperuano.com/liga-1/noticias/cienciano-refuerza-su-ofensiva-con-jugador-proveniente-de-japon-573661,155,40479,0.38%,6.86
https://www.futbolperuano.com/en-vivo/copa-sudamericana-2026-sportivo-trinidense-vs-olimpia-en-vivo-568224,155,22039,0.7%,4.91
https://www.futbolperuano.com/radio/radio-corporacion-cerro-de-pasco-4352,155,9705,1.6%,5.57
https://www.futbolperuano.com/liga-voley/a-que-hora-juega-universitario-de-deportes-vs-regatas-lima-573736,153,10619,1.44%,5.42
https://www.futbolperuano.com/liga-1/noticias/sporting-cristal-se-pronuncio-sobre-situacion-de-maxloren-castro-y-jair-moretti-568049,152,8346,1.82%,4.61
https://www.futbolperuano.com/en-vivo/torneo-repechaje-de-verano-de-bolivia-blooming-vs-independiente-petrolero-en-vivo-573895,151,12470,1.21%,7.25
https://www.futbolperuano.com/liga-2/noticias/deportivo-llacuabamba-vs-carlos-mannucci-en-vivo-online-por-la-fecha-1-del-grupo-1-de-la-fase-regional-de-la-liga-2-2026-575520,151,9621,1.57%,7.37
https://www.futbolperuano.com/liga-voley/liga-peruana-de-voley-cruces-horarios-y-canal-de-los-cuartos-de-final-con-alianza-lima-universitario-y-universidad-san-martin-569948,150,21509,0.7%,4.19
https://www.futbolperuano.com/futbol-femenino/sporting-cristal-golea-a-yanapuma-y-lidera-la-liga-femenina-574515,150,18386,0.82%,3.64
https://www.futbolperuano.com/en-vivo/liga-2-ada-de-jaen-vs-cantolao-en-vivo-575397,150,9463,1.59%,8.99
https://www.futbolperuano.com/en-vivo/liga-peruana-de-voley-femenino-atletico-atenea-vs-olva-latino-567674,150,2369,6.33%,3
https://www.futbolperuano.com/copa-sudamericana/noticias/copa-sudamericana-2026-fixture-completo-de-alianza-atletico-y-cienciano-en-fase-de-grupos-574540,149,27688,0.54%,5.97
https://www.futbolperuano.com/copa-libertadores/noticias/carabobo-vs-sporting-cristal-en-vivo-online-por-fase-3-de-la-copa-libertadores-2026-568089,148,38261,0.39%,5.96
https://www.futbolperuano.com/liga-voley/atletico-atenea-vs-regatas-lima-en-vivo-online-por-la-fecha-9-de-la-fase-2-de-la-liga-peruana-de-voley-568657,148,8574,1.73%,4.67
https://www.futbolperuano.com/liga-voley/programacion-de-la-fecha-8-de-la-fase-2-de-la-liga-peruana-de-voley-2025-26-567352,148,5406,2.74%,6.86
https://www.futbolperuano.com/liga-1/noticias/sekou-gassama-sufre-lesion-muscular-y-complica-su-presencia-en-universitario-de-deportes-ante-los-chankas-568295,148,5395,2.74%,3.86
https://www.futbolperuano.com/en-vivo/torneo-apertura-2026-universitario-vs-utc-en-vivo-573554,147,78575,0.19%,10.99
https://www.futbolperuano.com/liga-voley/fecha-hora-y-canal-del-alianza-lima-vs-deportivo-soan-por-la-liga-peruana-de-voley-573152,147,4635,3.17%,6
https://www.futbolperuano.com/liga-1/noticias/resultados-y-tabla-de-posiciones-de-la-fecha-5-del-torneo-apertura-567509,146,33021,0.44%,8.64
https://www.futbolperuano.com/copa-libertadores/noticias/exfigura-de-nacional-minimiza-a-universitario-574624,145,29762,0.49%,3.6
https://www.futbolperuano.com/en-vivo/copa-libertadores-sub-20-belgrano-vs-liga-de-quito-en-vivo-568925,145,23282,0.62%,6.19
https://www.futbolperuano.com/copa-libertadores/noticias/a-que-hora-y-en-que-canal-ver-el-sorteo-de-la-copa-libertadores-2026-574238,145,11157,1.3%,7.71
https://www.futbolperuano.com/liga-voley/san-martin-cayo-en-mesa-frente-a-circolo-sportivo-italiano-por-la-liga-peruana-de-voley-573090,145,4120,3.52%,5.33
https://www.futbolperuano.com/en-vivo/liga-peruana-de-voley-alianza-lima-vs-deportivo-soan-en-vivo-568564,144,40892,0.35%,4.48
https://www.futbolperuano.com/futbol-internacional/holanda/tabla-de-posiciones,143,38716,0.37%,9.11
https://www.futbolperuano.com/partidos-por-tv/noticias/programacion-de-hoy-domingo-29-de-marzo-de-2026-horarios-del-futbol-en-vivo-por-television-en-el-peru-575534,142,5074,2.8%,6
https://www.futbolperuano.com/liga-1/noticias/resultados-y-tabla-de-posiciones-de-la-fecha-7-del-torneo-apertura-573294,140,50270,0.28%,9.05
https://www.futbolperuano.com/liga-voley/atletico-atenea-vs-deportivo-geminis-en-vivo-online-por-la-ida-de-los-cuartos-de-final-de-la-liga-peruana-de-voley-573610,139,14585,0.95%,6.27
https://www.futbolperuano.com/liga-1/los-chankas-vs-universitario-de-deportes-8-marzo-2026-liga-1-peru---torneo-apertura-m3230663,139,7315,1.9%,9.71
https://www.futbolperuano.com/copa-libertadores/noticias/sporting-cristal-vs-carabobo-fc-canal-confirmado-para-ver-el-duelo-por-la-fase-3-de-la-copa-libertadores-567942,138,33345,0.41%,6.83
https://www.futbolperuano.com/liga-1/noticias/alianza-lima-toma-inesperada-decision-para-el-clasico-universitario-576800,138,7116,1.94%,6.1
https://www.futbolperuano.com/liga-2/noticias/se-confirmo-el-futuro-de-binacional-para-el-2026-565140,135,3106,4.35%,6.42
https://www.futbolperuano.com/liga-1/noticias/carlos-desio-sorprende-con-el-nuevo-equipo-que-dirigira-en-el-2026-554022,133,5834,2.28%,4.3
https://www.futbolperuano.com/copa-libertadores/noticias/asi-quedaron-conformados-todos-los-grupos-de-la-copa-libertadores-2026-574355,132,3991,3.31%,4.88
https://www.futbolperuano.com/en-vivo/champions-league-202526-bayer-leverkusen-vs-arsenal-en-vivo-573144,131,97494,0.13%,6.4
https://www.futbolperuano.com/en-vivo/conmebol-sub-20-femenino-2026-brasil-vs-venezuela-en-vivo-567680,131,6384,2.05%,9.52
https://www.futbolperuano.com/liga-1/noticias/sporting-cristal-revela-si-roberto-mosquera-podria-volver-tras-la-salida-de-paulo-autuori-575180,131,4849,2.7%,3.03
https://www.futbolperuano.com/en-vivo/liga-femenina-2026-yanapuma-vs-sporting-cristal-en-vivo-574441,131,2591,5.06%,7.16
https://www.futbolperuano.com/peru/mas-del-futbol-peruano/el-nuevo-torneo-que-se-jugara-en-peru-en-este-2026-562329,131,1448,9.05%,2.72
https://www.futbolperuano.com/copa-sudamericana/noticias/copa-sudamericana-cuando-se-realizara-el-sorteo-de-la-fase-de-grupos-568525,130,9284,1.4%,6.67
https://www.futbolperuano.com/seleccion/noticias/seleccion-peruana-cuando-sale-la-primera-lista-de-convocados-de-mano-menezes-573752,130,7672,1.69%,6.8
https://www.futbolperuano.com/liga-1/noticias/pablo-guede-se-pronuncio-a-interes-de-san-lorenzo-574518,130,7424,1.75%,4.81
https://www.futbolperuano.com/seleccion/noticias/seleccion-peruana-eddie-fleischman-advierte-a-mano-menezes-sobre-carlos-zambrano-y-miguel-trauco-568814,130,4016,3.24%,3.74
https://www.futbolperuano.com/liga-1/noticias/a-que-hora-juega-alianza-lima-vs-melgar-por-el-torneo-apertura-568792,129,47025,0.27%,7.32
https://www.futbolperuano.com/en-vivo/torneo-repechaje-de-verano-de-bolivia-the-strongest-vs-real-oruro-en-vivo-574811,128,9597,1.33%,6.06
https://www.futbolperuano.com/liga-1/noticias/los-chankas-vs-universitario-en-vivo-online-por-la-fecha-6-del-torneo-apertura-de-la-liga-1-2026-568746,127,100514,0.13%,8.22
https://www.futbolperuano.com/en-vivo/torneo-apertura-2026-fc-cajamarca-vs-comerciantes-unidos-en-vivo-573468,127,62754,0.2%,8.02
https://www.futbolperuano.com/en-vivo/torneo-apertura-2026-deportivo-moquegua-vs-cusco-fc-en-vivo-574463,127,23656,0.54%,6.43
https://www.futbolperuano.com/en-vivo/copa-libertadores-sub-20-deportivo-independiente-medellin-vs-estudiantes-de-merida-en-vivo-573069,127,13080,0.97%,6.56
https://www.futbolperuano.com/en-vivo/liga-femenina-2026-sporting-cristal-vs-melgar-en-vivo-573562,127,8832,1.44%,5.82
https://www.futbolperuano.com/futbol-internacional/espana/tabla-de-posiciones,126,172374,0.07%,9.88
https://www.futbolperuano.com/en-vivo/copa-del-rey-barcelona-vs-atletico-madrid-en-vivo-568062,126,52214,0.24%,3.69
https://www.futbolperuano.com/en-vivo/copa-sudamericana-2026-alianza-atletico-vs-deportivo-garcilaso-en-vivo-568068,126,13985,0.9%,5.28
https://www.futbolperuano.com/en-vivo/liga-peruana-de-voley-atletico-atenea-vs-regatas-lima-en-vivo-568556,126,6612,1.91%,2.68
https://www.futbolperuano.com/en-vivo/liga-femenina-2026-atletico-andahuaylas-vs-unsaac-en-vivo-575390,126,2525,4.99%,7.32
https://www.futbolperuano.com/en-vivo/torneo-apertura-2026-comerciantes-unidos-vs-utc-en-vivo-568536,125,89765,0.14%,9.17
https://www.futbolperuano.com/futbol-internacional/inglaterra/fa-cup/tabla-de-posiciones,125,6040,2.07%,10.74
https://www.futbolperuano.com/peru/resultados-encuesta-datum-candidatos-presidenciales-elecciones-generales-2026-574673,124,2911,4.26%,4.42
https://www.futbolperuano.com/liga-1/noticias/adt-de-tarma-vs-melgar-en-vivo-por-el-torneo-apertura-574300,123,33634,0.37%,7.54
https://www.futbolperuano.com/copa-peru/noticias/el-fundador-de-la-liga-peruana-gano-en-la-copa-peru-2026-567450,123,2911,4.23%,6.23
https://www.futbolperuano.com/copa-sudamericana/noticias/a-que-hora-y-que-canales-transmitiran-el-sorteo-de-la-copa-sudamericana-2026-574243,122,8128,1.5%,6.14
https://www.futbolperuano.com/liga-1/noticias/cusco-fc-ya-tiene-reemplazo-alejandro-orfila-llega-tras-la-sorpresiva-salida-de-rondelli-a-dias-de-la-libertadores-575581,121,7695,1.57%,6.97
https://www.futbolperuano.com/liga-voley/,120,26563,0.45%,10.23
https://www.futbolperuano.com/futbol-femenino/liga-femenina/tablas-y-resultados-de-los-partidos-de-la-fecha-3-del-torneo-apertura-de-la-liga-femenina-2026-575256,119,8192,1.45%,9.44
https://www.futbolperuano.com/futbol-internacional/espana/liga2/tabla-de-posiciones,118,84156,0.14%,9.83
https://www.futbolperuano.com/en-vivo/torneo-apertura-2026-alianza-atletico-vs-deportivo-moquegua-en-vivo-573611,118,58872,0.2%,8.13
https://www.futbolperuano.com/liga-voley/alianza-lima-vs-geminis-en-vivo-por-la-liga-peruana-de-voley-575378,118,9577,1.23%,7.24
https://www.futbolperuano.com/futbol-internacional/noticias/ecuador-vs-marruecos-en-vivo-por-amistoso-internacional-de-fecha-fifa-575234,117,14081,0.83%,6.75
https://www.futbolperuano.com/en-vivo/torneo-apertura-2026-sport-boys-vs-sport-huancayo-en-vivo-574478,115,63304,0.18%,9.47
https://www.futbolperuano.com/liga-1/noticias/liga-1-quien-sera-el-arbitro-del-alianza-lima-vs-melgar-568193,115,30121,0.38%,3.95
https://www.futbolperuano.com/liga-voley/regatas-lima-vs-universitario-en-vivo-por-los-cuartos-de-final-de-la-liga-peruana-de-voley-574476,115,9052,1.27%,5.34
https://www.futbolperuano.com/liga-1/noticias/piero-quispe-pega-la-vuelta-a-universitario-el-futbolista-revela-su-deseo-de-volver-a-la-u-568934,115,6434,1.79%,5.08
https://www.futbolperuano.com/liga-1/noticias/deportivo-garcilaso-sigue-sin-encontrar-a-su-nuevo-tecnico-para-la-liga-1-2026-573408,115,5186,2.22%,7.14
https://www.futbolperuano.com/liga-1/noticias/jhonny-vidales-enciende-la-previa-del-melgar-vs-alianza-lima-con-fuerte-advertencia-568818,114,63141,0.18%,6.52
https://www.futbolperuano.com/copa-libertadores/noticias/sporting-cristal-cuando-vuelve-a-jugar-por-la-fecha-2-de-la-copa-libertadores-sub-20-2026-568911,114,26133,0.44%,5.13
https://www.futbolperuano.com/liga-1/noticias/sekou-gassama-vuelve-a-quedarse-fuera-de-la-convocatoria-de-universitario-para-recibir-a-fc-cajamarca-567839,114,18619,0.61%,4.31
https://www.futbolperuano.com/liga-1/noticias/alianza-lima-sufre-sensible-baja-de-cara-al-duelo-ante-melgar-en-matute-568535,114,9850,1.16%,7.9
https://www.futbolperuano.com/seleccion/noticias/quienes-son-los-convocados-de-senegal-para-enfrentar-a-peru-en-paris-574284,114,3737,3.05%,5.29
https://www.futbolperuano.com/futbol-femenino/liga-femenina/tabla-de-posiciones,114,3243,3.52%,7.17
https://www.futbolperuano.com/liga-voley/alianza-lima-vs-deportivo-soan-en-vivo-por-la-liga-peruana-de-voley-573555,113,13505,0.84%,7.61
https://www.futbolperuano.com/liga-1/noticias/universitario-ya-tiene-rival-y-fecha-para-su-debut-en-la-copa-libertadores-2026-574401,113,11210,1.01%,6.44
https://www.futbolperuano.com/en-vivo/copa-libertadores-sub-20-flamengo-vs-estudiantes-de-merida-en-vivo-568745,113,2914,3.88%,6.44
https://www.futbolperuano.com/en-vivo/torneo-apertura-2026-cusco-fc-vs-deportivo-garcilaso-en-vivo-568539,112,89784,0.12%,10.32
https://www.futbolperuano.com/copa-sudamericana/noticias/alianza-atletico-vs-deportivo-garcilaso-en-vivo-online-por-la-primera-fase-de-la-copa-sudamericana-567917,112,14906,0.75%,7.85
https://www.futbolperuano.com/liga-voley/san-martin-vs-circolo-sportivo-italiano-en-vivo-por-la-liga-peruana-de-voley-574479,112,8109,1.38%,3.93
https://www.futbolperuano.com/en-vivo/noticias/radios-fm-y-am-que-transmiten-partidos-de-futbol-en-peru-218752,112,1976,5.67%,6.02
https://www.futbolperuano.com/liga-1/noticias/donde-comprar-entradas-para-los-chankas-vs-sporting-cristal-en-andahuaylas-573957,111,19776,0.56%,6.1
https://www.futbolperuano.com/copa-sudamericana/noticias/los-posibles-rivales-de-cienciano-y-alianza-atletico-en-fase-de-grupos-de-copa-sudamericana-2026-568579,111,8323,1.33%,6.63
https://www.futbolperuano.com/peru/clubes/union-minas-pasco/,111,4286,2.59%,6.32
https://www.futbolperuano.com/segunda-division/tabla-de-posiciones,110,30178,0.36%,8.9
https://www.futbolperuano.com/futbol-femenino/liga-femenina/sporting-cristal-goleo-a-melgar-en-el-inicio-de-la-liga-femenina-573654,110,14847,0.74%,8.29
https://www.futbolperuano.com/liga-voley/regatas-lima-vs-circolo-sportivo-italiano-en-vivo-online-por-los-playoffs-liga-peruana-de-voley-575542,110,5615,1.96%,3.96
https://www.futbolperuano.com/copa-libertadores/noticias/sporting-cristal-vs-universidad-catolica-en-vivo-online-por-la-fecha-2-de-la-copa-libertadores-sub-20-569962,109,25390,0.43%,4.42
https://www.futbolperuano.com/seleccion/noticias/peru-vs-honduras-en-vivo-online-por-amistoso-internacional-de-fecha-fifa-576658,109,16821,0.65%,5.83
https://www.futbolperuano.com/liga-voley/universitario-vs-regatas-en-vivo-por-la-liga-peruana-de-voley-573563,109,6633,1.64%,6.25
https://www.futbolperuano.com/copa-libertadores/noticias/sporting-cristal-anuncia-el-estadio-que-planea-modernizar-576793,109,5017,2.17%,3.09
https://www.futbolperuano.com/partidos-por-tv/laliga-de-espana-t16,109,4921,2.21%,8.51
https://www.futbolperuano.com/futbol-de-menores/copa-federacion/plata/tabla-de-posiciones,109,616,17.69%,3.09
https://www.futbolperuano.com/mundial/repechaje/bolivia-vs-surinam-cuando-se-enfrentan-por-el-repechaje-rumbo-al-mundial-2026-574465,108,20749,0.52%,6.45
https://www.futbolperuano.com/liga-1/noticias/jean-deza-y-la-promesa-que-hizo-si-firma-por-sport-boys-para-jugar-la-liga-1-2026-568259,108,4869,2.22%,5.72
https://www.futbolperuano.com/liga-1/noticias/universitario-de-deportes-alista-tres-nuevas-demandas-tras-hechos-liga-1-576704,108,4519,2.39%,4.63
https://www.futbolperuano.com/seleccion/noticias/seleccion-peruana-cual-podria-ser-el-primer-xi-de-mano-menezes-frente-a-senegal-574936,108,3492,3.09%,5.63
https://www.futbolperuano.com/futbol-de-menores/copa-federacion/resultados-de-la-segunda-fecha-de-la-copa-federacion-plata-a-574744,108,1764,6.12%,5.55
https://www.futbolperuano.com/liga-1/noticias/quien-sera-el-arbitro-del-universitario-de-deportes-vs-comerciantes-unidos-574319,107,19389,0.55%,3.85
https://www.futbolperuano.com/en-vivo/peru-vs-honduras-en-vivo-por-la-fecha-fifa-576803,107,12580,0.85%,4.6
https://www.futbolperuano.com/copa-libertadores/noticias/fixture-de-sporting-cristal-en-el-grupo-f-de-la-copa-libertadores-574428,107,11663,0.92%,5.16
https://www.futbolperuano.com/liga-1/noticias/estadio-de-la-liga-1-impresiona-con-la-construccion-de-su-nueva-tribuna-575341,107,5714,1.87%,7.22
https://www.futbolperuano.com/en-vivo/torneo-apertura-2026-utc-vs-alianza-atletico-en-vivo-574473,106,65527,0.16%,8.14
https://www.futbolperuano.com/liga-voley/quien-sera-rival-de-universitario-de-deportes-en-cuartos-de-final-568778,106,18366,0.58%,3.57
https://www.futbolperuano.com/seleccion/noticias/mano-menezes-justifico-convocatoria-de-adrian-quiroz-a-la-seleccion-peruana-573850,106,3232,3.28%,5.02
https://www.futbolperuano.com/liga-1/noticias/deportivo-moquegua-vs-cusco-fc-en-vivo-por-el-torneo-apertura-574462,105,36594,0.29%,8.11
https://www.futbolperuano.com/copa-libertadores/noticias/sporting-cristal-vs-carabobo-en-vivo-online-por-la-vuelta-de-fase-3-de-copa-libertadores-2026-573106,104,26363,0.39%,7.09
https://www.futbolperuano.com/partidos-por-tv/copa-libertadores-t5,104,11655,0.89%,10.28
https://www.futbolperuano.com/liga-1/noticias/melgar-vs-atletico-grau-en-vivo-online-por-la-fecha-7-del-torneo-apertura-de-la-liga-1-2026-573692,103,60821,0.17%,8.69
https://www.futbolperuano.com/liga-1/noticias/alineaciones-de-universitario-vs-utc-por-la-fecha-7-del-torneo-apertura-de-la-liga-1-573683,103,22920,0.45%,7.39
https://www.futbolperuano.com/liga-1/noticias/ya-son-cuatro-entrenadores-cesados-en-lo-que-va-de-la-liga-1-574098,103,17093,0.6%,4.69
https://www.futbolperuano.com/liga-1/noticias/arturo-vidal-revela-que-le-hubiera-encantado-jugar-en-alianza-lima-ojala-puedan-ser-campeones-567936,103,7535,1.37%,3.86
https://www.futbolperuano.com/liga-2/noticias/binacional-queda-suspendido-para-jugar-la-liga-2-575208,103,6500,1.58%,7.36
https://www.futbolperuano.com/liga-1/noticias/liga-1-tabla-de-posiciones-del-puntaje-acumulado-284185,103,4053,2.54%,18.34
https://www.futbolperuano.com/liga-1/noticias/bryan-reyna-a-universitario-desde-argentina-confirman-acuerdo-para-su-regreso-a-la-liga-1-569957,103,2015,5.11%,3.63
https://www.futbolperuano.com/liga-1/noticias/la-fortuna-que-ganaria-alianza-lima-si-guillermo-viscarra-va-al-mundial-575332,103,1764,5.84%,4.85
https://www.futbolperuano.com/partidos-por-tv/directv-sports-c3,102,5210,1.96%,9.1
https://www.futbolperuano.com/liga-1/noticias/historico-club-argentino-podria-llevarse-a-pablo-guede-574011,102,3171,3.22%,5.57
https://www.futbolperuano.com/liga-1/noticias/a-que-hora-juega-universitario-de-deportes-vs-fc-cajamarca-567811,101,27871,0.36%,6.14
https://www.futbolperuano.com/seleccion/noticias/peru-vs-honduras-historial-de-enfrentamientos-entre-ambos-equipos-205676,101,6567,1.54%,8.59
https://www.futbolperuano.com/en-vivo/torneo-repechaje-de-verano-de-bolivia-deportivo-aurora-vs-gv-san-jose-en-vivo-574031,101,4183,2.41%,6.88
https://www.futbolperuano.com/liga-1/noticias/deportivo-moquegua-vs-sport-huancayo-en-vivo-por-el-torneo-apertura-568607,100,49100,0.2%,8.85
https://www.futbolperuano.com/futbol-femenino/liga-femenina/alianza-lima-vencio-3-1-a-atletico-andahuaylas-en-un-amistoso-disputado-en-el-estadio-talavera-y-llega-con-buenas-sensaciones-al-inicio-de-la-liga-femenina-2026-568816,100,8384,1.19%,8.27
https://www.futbolperuano.com/copa-peru/noticias/copa-peru-que-paso-con-domingo-dianderas-de-jorge-luna-514717,100,7193,1.39%,6.2
https://www.futbolperuano.com/en-vivo/copa-libertadores-sub-20-sporting-cristal-vs-universidad-catolica-en-vivo-573178,99,34634,0.29%,4.55
https://www.futbolperuano.com/liga-1/noticias/carlos-desio-seria-el-tecnico-de-sport-boys-para-lo-que-resta-de-la-liga-1-2026-573828,99,6832,1.45%,6.48
https://www.futbolperuano.com/liga-2/noticias/liga-2-los-canales-confirmados-para-la-transmision-de-los-partidos-de-la-fecha-3-515950,99,4059,2.44%,5.35
https://www.futbolperuano.com/copa-peru/resultados,99,3413,2.9%,8.11
https://www.futbolperuano.com/liga-3/resultados,99,2924,3.39%,7.26
https://www.futbolperuano.com/liga-2/noticias/resultados-y-tabla-de-posiciones-de-la-fecha-1-de-la-fase-regional-de-la-liga-2-575214,98,18777,0.52%,8.94
https://www.futbolperuano.com/mundial/noticias/la-seleccion-que-reemplazara-a-iran-en-el-mundial-2026-573146,98,1532,6.4%,5.94
https://www.futbolperuano.com/liga-1/comerciantes-unidos-vs-utc-cajamarca-7-marzo-2026-liga-1-peru---torneo-apertura-m3230656,97,50712,0.19%,9.4
https://www.futbolperuano.com/liga-1/noticias/deportivo-garcilaso-presenta-dos-bajas-para-recibir-a-alianza-lima-573520,97,28178,0.34%,8.35
https://www.futbolperuano.com/en-vivo/liga-femenina-2026-sporting-cristal-vs-defensores-del-ilucanen-vivo-575373,97,7490,1.3%,7.01
https://www.futbolperuano.com/liga-1/noticias/alineaciones-de-alianza-lima-vs-juan-pablo-ii-por-la-fecha-8-del-torneo-apertura-de-la-liga-1-574588,96,47403,0.2%,6.1
https://www.futbolperuano.com/liga-1/noticias/jean-deza-y-el-motivo-por-el-que-no-pudo-entrenarse-con-sport-boys-568551,96,3769,2.55%,4.28
https://www.futbolperuano.com/seleccion/noticias/la-seleccion-peruana-sub-16-igualo-ante-japon-en-su-estreno-en-el-mundial-montaigu-2026-576887,96,3280,2.93%,5.45
https://www.futbolperuano.com/liga-1/noticias/jean-ferrari-arremete-contra-las-dirigencias-de-universitario-y-alianza-lima-574272,96,3218,2.98%,3.98
https://www.futbolperuano.com/liga-voley/mundial-sub-17-femenino/peru-ya-conoce-su-grupo-en-el-mundial-de-voley-sub-17-de-chile-574128,96,3150,3.05%,7.5
https://www.futbolperuano.com/liga-1/noticias/guillermo-viscarra-cerca-de-volver-en-alianza-lima-para-duelo-ante-fbc-melgar-568639,95,12197,0.78%,4.22
https://www.futbolperuano.com/en-vivo/copa-shebelieves-2026-canada-vs-argentina-en-vivo-568669,95,9059,1.05%,7.65
https://www.futbolperuano.com/peruanos-en-el-exterior/noticias/1-fc-koln-toma-rotunda-decision-con-felipe-chavez-tras-su-prestamo-desde-fc-bayern-573502,95,8257,1.15%,7.66
https://www.futbolperuano.com/liga-1/noticias/universitario-vs-utc-en-vivo-por-el-torneo-apertura-de-la-liga-1-2026-573415,94,23699,0.4%,7.21
https://www.futbolperuano.com/en-vivo/peru-vs-senegal-en-vivo-por-la-fecha-fifa-575427,94,16566,0.57%,4.49
https://www.futbolperuano.com/liga-1/noticias/deportivo-garcilaso-vs-alianza-lima-en-vivo-online-por-la-fecha-7-del-torneo-apertura-de-la-liga-1-2026-573600,93,96917,0.1%,9.94
https://www.futbolperuano.com/liga-1/noticias/comerciantes-unidos-vs-universitario-en-vivo-online-por-la-fecha-8-del-torneo-apertura-de-la-liga-1-2026-574526,93,30168,0.31%,6
https://www.futbolperuano.com/liga-voley/fecha-hora-y-canal-del-alianza-lima-vs-geminis-por-la-liga-peruana-de-voley-575176,93,23022,0.4%,7.19
https://www.futbolperuano.com/mundial/panini-presenta-la-portada-del-album-del-mundial-2026-553858,93,21235,0.44%,8.62
https://www.futbolperuano.com/futbol-internacional/noticias/bolivia-vs-irak-cuando-juegan-por-la-final-del-repechaje-al-mundial-2026-575284,93,14994,0.62%,6.29
https://www.futbolperuano.com/futbol-internacional/espana/copa-del-rey/tabla-de-posiciones,92,13776,0.67%,9.2
https://www.futbolperuano.com/liga-1/noticias/adrian-ugarriza-en-la-mira-de-cienciano-tras-salir-de-israel-confirmo-directivo-del-papa-568661,92,6459,1.42%,5.1
https://www.futbolperuano.com/en-vivo/copa-libertadores-2026-sorteo-de-la-fase-de-grupos-en-vivo-574281,92,4949,1.86%,6.44
https://www.futbolperuano.com/liga-1/noticias/liga-1-fixture-de-sport-boys-en-el-torneo-apertura-2026-558279,92,1505,6.11%,4.66
https://www.futbolperuano.com/liga-1/noticias/cristian-bordacahar-fue-operado-de-la-rodilla-y-preocupa-a-fbc-melgar-en-plena-liga-1-2026-573748,91,32235,0.28%,7.29
https://www.futbolperuano.com/liga-1/noticias/quien-sera-el-arbitro-del-universitario-vs-utc-de-cajamarca-573170,91,18854,0.48%,5.62
https://www.futbolperuano.com/liga-1/noticias/alianza-lima-en-alerta-tres-bajas-complican-el-panorama-previo-al-clasico-576900,91,3321,2.74%,6.07
https://www.futbolperuano.com/peru/los-resultados-de-la-encuesta-presidencial-en-peru-de-ipsos-marzo-2026-573153,91,3008,3.03%,6.29
https://www.futbolperuano.com/liga-1/noticias/pequeno-hincha-de-alianza-lima-se-vuelve-viral-573317,91,2940,3.1%,2.9
https://www.futbolperuano.com/seleccion/noticias/cuando-volvera-a-jugar-la-seleccion-peruana-576864,90,11212,0.8%,4.67
https://www.futbolperuano.com/eliminatorias/africa/tabla-de-posiciones,90,5598,1.61%,9.6
https://www.futbolperuano.com/futbol-internacional/inglaterra/the-championship/tabla-de-posiciones,89,78568,0.11%,9.88
https://www.futbolperuano.com/copa-sudamericana/noticias/cienciano-fue-ubicado-en-el-grupo-b-de-la-copa-sudamericana-2026-574337,89,51284,0.17%,9.76
https://www.futbolperuano.com/liga-1/noticias/resultados-y-tabla-de-posiciones-de-la-fecha-6-del-torneo-apertura-de-la-liga-1-2026-568389,89,40670,0.22%,9.32
https://www.futbolperuano.com/en-vivo/chile-vs-peru-en-vivo-partido-amistoso-de-creadores-de-contenidos-575452,89,6155,1.45%,6.12
https://www.futbolperuano.com/copa-libertadores/noticias/sporting-cristal-y-la-imagen-que-se-viralizo-tras-vencer-a-carabobo-en-la-copa-libertadores-2026-568424,88,10750,0.82%,5.9
https://www.futbolperuano.com/copa-sudamericana/noticias/alianza-atletico-vs-deportivo-garcilaso-hora-del-partido-de-fase-preliminar-de-copa-sudamericana-2026-568031,88,9990,0.88%,7.3
https://www.futbolperuano.com/partidos-por-tv/noticias/la-seleccion-peruana-sub-20-igualo-por-1-1-ante-chile-en-su-segundo-amistoso-internacional-576880,88,3279,2.68%,3.21
https://www.futbolperuano.com/liga-1/noticias/atletico-grau-vs-deportivo-garcilaso-en-vivo-online-por-fecha-8-del-torneo-apertura-de-liga-1-2026-574618,87,75028,0.12%,8.9
https://www.futbolperuano.com/liga-1/noticias/quien-sera-el-arbitro-del-deportivo-garcilaso-vs-alianza-lima-573181,87,13016,0.67%,5.23
https://www.futbolperuano.com/liga-voley/fecha-hora-y-canal-del-san-martin-vs-universitario-por-la-liga-peruana-de-voley-575199,87,6378,1.36%,6.24
https://www.futbolperuano.com/liga-1/noticias/los-10-estadios-mas-grandes-del-futbol-peruano-333771,86,10508,0.82%,6.42
https://www.futbolperuano.com/en-vivo/concachampions-2026-san-diego-fc-vs-toluca-en-vivo-573241,86,7578,1.13%,4.93
https://www.futbolperuano.com/en-vivo/copa-libertadores-sub-20-santiago-wanderers-vs-belgrano-en-vivo-573363,86,5217,1.65%,6.68
https://www.futbolperuano.com/liga-voley/fpv-declaro-fundado-reclamo-de-circolo-sportivo-italiano-sobre-san-martin-en-liga-peruana-de-voley-568375,86,4522,1.9%,4.74
https://www.futbolperuano.com/peru/mas-del-futbol-peruano/la-mas-reciente-encuesta-de-ipsos-resultados-presidenciales-en-elecciones-generales-2026-575615,86,3152,2.73%,1.9
https://www.futbolperuano.com/liga-1/noticias/angel-comizzo-lidera-en-la-lista-las-opciones-de-sport-boys-en-la-busqueda-de-su-nuevo-dt-573390,86,2655,3.24%,4.25
https://www.futbolperuano.com/liga-2/noticias/carlos-mannucci-presento-a-su-plantel-para-disputar-la-liga-2-del-2026-562350,86,1238,6.95%,5.47
https://www.futbolperuano.com/liga-1/noticias/miguel-araujo-rompe-su-silencio-y-revela-por-que-eligio-a-sporting-cristal-sobre-alianza-lima-573699,85,20580,0.41%,3.99
https://www.futbolperuano.com/liga-1/noticias/cienciano-se-refuerza-para-pelear-por-la-sudamericana-una-de-sus-figuras-se-nacionalizo-y-no-ocupara-plaza-de-extranjero-en-el-2026cienciano-se-refuerza-para-pelear-por-la-sudamericana-una-de-sus-fi-574253,85,7147,1.19%,7.72
https://www.futbolperuano.com/liga-1/noticias/alianza-lima-advierte-sobre-el-nuevo-reglamento-tras-lo-sucedido-en-el-estadio-monumental-574085,85,5879,1.45%,4.36
https://www.futbolperuano.com/liga-voley/fecha-hora-y-canal-del-sorteo-del-mundial-de-voleibol-femenino-sub-17-573971,85,3025,2.81%,7.29
https://www.futbolperuano.com/futbol-internacional/usa/tabla-de-posiciones,84,80946,0.1%,9.61
https://www.futbolperuano.com/en-vivo/primera-division-de-paraguay-libertad-vs-cerro-porteno-en-vivo-574625,84,41683,0.2%,9.61
https://www.futbolperuano.com/liga-1/noticias/alianza-lima-vs-juan-pablo-ii-en-vivo-por-el-torneo-apertura-574292,84,26377,0.32%,7.67
https://www.futbolperuano.com/copa-libertadores/noticias/copa-libertadores-maxloren-castro-y-jair-moretti-no-viajaran-con-sporting-cristal-a-venezuela-567986,84,7549,1.11%,4.83
https://www.futbolperuano.com/liga-2/noticias/fecha-hora-y-canal-del-deportivo-llacuabamba-vs-carlos-mannucci-574917,84,4760,1.76%,10.79
https://www.futbolperuano.com/liga-1/noticias/atletico-grau-ya-tiene-nuevo-dt-gerardo-ameli-asumira-el-rol-tras-la-salida-de-angel-comizzo-568492,84,3908,2.15%,7.19
https://www.futbolperuano.com/liga-1/noticias/liga-1-por-movistar-l1-max-ocupara-el-lugar-de-golperu-en-la-temporada-2026-561362,84,2837,2.96%,6.99
https://www.futbolperuano.com/copa-peru/noticias/la-liga-distrital-de-arequipa-ya-tiene-fixture-en-la-copa-peru-2026-562467,84,1922,4.37%,4.22
https://www.futbolperuano.com/en-vivo/peru-vs-uruguay-en-vivo-partido-amistoso-sub-16-574857,83,13816,0.6%,7.41
https://www.futbolperuano.com/copa-libertadores/noticias/universitario-nacional-de-uruguay-ya-tiene-nuevo-entrenador-para-la-copa-libertadores-574802,83,13273,0.63%,4.23
https://www.futbolperuano.com/liga-voley/universitario-de-deportes-respalda-a-francisco-hervas-pese-al-bajon-en-la-liga-peruana-de-voley-573753,83,4253,1.95%,3.02
https://www.futbolperuano.com/liga-voley/facundo-morando-nego-su-salida-de-alianza-lima-y-apunta-al-tricampeonato-en-la-liga-peruana-de-voley-574761,83,3526,2.35%,3.16
https://www.futbolperuano.com/seleccion/noticias/peru-derroto-a-bolivia-en-partido-amistoso-con-miras-sudamericano-sub-17-574303,83,2913,2.85%,7.12
https://www.futbolperuano.com/copa-peru/noticias/copa-peru-resultados-y-tabla-de-posiciones-en-la-fecha-5-de-la-liga-distrital-de-juliaca-567907,83,2190,3.79%,7.73
https://www.futbolperuano.com/liga-voley/atenea-open/resultados,83,1753,4.73%,7.77
https://www.futbolperuano.com/liga-1/noticias/universitario-vs-alianza-lima-fecha-y-hora-confirmadas-para-el-primer-clasico-de-la-liga-1-2026-574534,82,20044,0.41%,6.88
https://www.futbolperuano.com/en-vivo/sudamericana-2026-cienciano-vs-melgar-en-vivo-568399,82,14398,0.57%,6
https://www.futbolperuano.com/en-vivo/torneo-apertura-2026-alianza-lima-vs-melgar-en-vivo-568546,82,8511,0.96%,5.87
https://www.futbolperuano.com/peru/clubes/cienciano/,81,53649,0.15%,7.73
https://www.futbolperuano.com/copa-libertadores/noticias/posibles-alineaciones-de-sporting-cristal-y-carabobo-en-matute-por-la-copa-libertadores-2026-573096,81,49989,0.16%,8.1
https://www.futbolperuano.com/liga-1/noticias/alianza-lima-vs-fbc-melgar-en-vivo-online-por-la-fecha-6-del-torneo-apertura-de-la-liga-1-2026-568806,81,45057,0.18%,8.63
https://www.futbolperuano.com/liga-1/noticias/utc-vs-alianza-atletico-en-vivo-por-el-torneo-apertura-574610,81,26023,0.31%,8.62
https://www.futbolperuano.com/peru/mas-del-futbol-peruano/el-estadio-peruano-que-lleva-once-anos-fuera-de-la-liga-1-574413,81,12952,0.63%,7.35
https://www.futbolperuano.com/radio/,81,2932,2.76%,8.39
https://www.futbolperuano.com/liga-1/noticias/sport-huancayo-vs-adt-de-tarma-en-vivo-por-la-fecha-7-torneo-apertura-573571,80,52323,0.15%,8.27
https://www.futbolperuano.com/liga-1/noticias/comerciantes-unidos-vs-atletico-grau-en-vivo-por-el-torneo-apertura-567754,80,28731,0.28%,10.03
https://www.futbolperuano.com/liga-voley/alianza-lima-vs-deportivo-soan-en-vivo-por-la-liga-peruana-de-voley-568718,80,19868,0.4%,5.51
https://www.futbolperuano.com/copa-libertadores/noticias/sporting-cristal-canales-para-el-duelo-frente-a-carabobo-por-la-copa-libertadores-2026-573061,80,9882,0.81%,6.7
https://www.futbolperuano.com/futbol-de-menores/peru-ya-conoce-a-los-rivales-que-enfrentara-en-el-mes-de-abril-573033,80,5316,1.5%,6.06
https://www.futbolperuano.com/partidos-por-tv/noticias/programacion-de-partidos-por-tv-del-sabado-7-de-marzo-568672,80,4962,1.61%,4.14
https://www.futbolperuano.com/liga-1/noticias/pablo-peirano-confirma-interes-desde-peru-y-se-perfila-como-opcion-para-sporting-cristal-tras-salida-de-autuori-575510,80,4743,1.69%,3.99
https://www.futbolperuano.com/liga-1/noticias/universitario-disputara-amistoso-ante-campeon-sudamericano-en-la-previa-al-clasico-575191,80,4417,1.81%,6.32
https://www.futbolperuano.com/partidos-por-tv/noticias/programacion-de-partidos-por-tv-del-domingo-08-de-marzo-del-2026-568733,80,4123,1.94%,5.27
https://www.futbolperuano.com/copa-peru/noticias/resultados-fecha-2-liga-distrital-de-arequipa-en-la-copa-peru-2026-568761,80,2955,2.71%,6.47
https://www.futbolperuano.com/liga-1/noticias/la-suma-de-dinero-que-ganaria-alianza-lima-ante-eventual-salida-de-pablo-guede-574316,80,2537,3.15%,5.66
https://www.futbolperuano.com/en-vivo/tarde-santa-2026-san-martin-vs-ada-de-jaen-en-vivo-568697,80,1373,5.83%,7.37
https://www.futbolperuano.com/partidos-por-tv/noticias/programacion-de-partidos-por-tv-del-viernes-27-de-marzo-del-2026-575233,79,8190,0.96%,6.85
https://www.futbolperuano.com/peru/nueva-encuesta-de-ipsos-resultados-presidenciales-en-elecciones-generales-2026-574994,79,3046,2.59%,3.42
https://www.futbolperuano.com/liga-voley/resultados-de-los-extra-games-de-la-liga-peruana-de-voley-2025-26-574899,79,2445,3.23%,5.81
https://www.futbolperuano.com/liga-2/noticias/,79,2392,3.3%,9.88
https://www.futbolperuano.com/partidos-por-tv/copa-libertadores-sub-20-t172,79,1809,4.37%,6.71
https://www.futbolperuano.com/liga-1/noticias/alianza-atletico-vs-deportivo-moquegua-en-vivo-online-por-fecha-7-del-torneo-apertura-de-liga-1-2026-573696,78,26078,0.3%,8.42
https://www.futbolperuano.com/copa-sudamericana/cienciano-vs-fbc-melgar-5-marzo-2026-copa-sudamericana-m3224296,78,8422,0.93%,9.66
https://www.futbolperuano.com/peruanos-en-el-exterior/noticias/felipe-chavez-sumo-minutos-en-el-empate-de-colonia-con-hamburgo-573677,78,8266,0.94%,7.93
https://www.futbolperuano.com/mas-deportes/noticias/no-pudo-ser-kevin-borjas-chito-vera-y-brandon-moreno-perdieron-en-el-ufc-fight-night-mexico-567841,78,4440,1.76%,6.38
https://www.futbolperuano.com/liga-voley/el-equipo-mas-ganador-en-toda-la-historia-de-la-liga-de-voley-518438,78,3436,2.27%,4.81
https://www.futbolperuano.com/liga-1/noticias/liga-1-fixture-de-cienciano-en-el-torneo-apertura-2026-558271,78,2649,2.94%,5.69
https://www.futbolperuano.com/en-vivo/brasileirao-chapecoense-vs-gremio-en-vivo-por-la-serie-a-de-brasil-573888,77,77349,0.1%,10.53
https://www.futbolperuano.com/seleccion/noticias/adios-definitivo-alexander-robertson-ya-no-podra-jugar-por-la-seleccion-peruana-576849,77,12373,0.62%,3.57
https://www.futbolperuano.com/partidos-por-tv/noticias/programacion-de-partidos-por-tv-del-viernes-20-de-marzo-del-2026-574306,77,6603,1.17%,5.11
https://www.futbolperuano.com/seleccion/noticias/diego-rebagliati-y-su-rotundo-analisis-sobre-el-debut-de-jairo-velez-con-la-seleccion-peruana-575564,77,4576,1.68%,5.22
https://www.futbolperuano.com/liga-1/noticias/flaco-granda-arremete-contra-juan-reynoso-tras-polemico-gesto-en-matute-573400,77,2495,3.09%,5
https://www.futbolperuano.com/peru/clubes/universitario/,76,103767,0.07%,8.9
https://www.futbolperuano.com/copa-libertadores/noticias/sporting-cristal-ya-tiene-rival-y-fecha-para-su-debut-en-la-copa-libertadores-2026-574409,76,7865,0.97%,5.96
https://www.futbolperuano.com/liga-voley/fecha-hora-y-canal-del-universitario-de-deportes-vs-san-martin-568222,76,6514,1.17%,6.76
https://www.futbolperuano.com/liga-voley/atenea-open/tabla-de-posiciones,76,4339,1.75%,8.32
https://www.futbolperuano.com/liga-1/noticias/universitario-suma-otra-preocupacion-cesar-inga-es-duda-para-enfrentar-a-fc-cajamarca-567770,76,2169,3.5%,6.32
https://www.futbolperuano.com/peruanos-en-el-exterior/noticias/internacional-vs-gremio-con-erick-noriega-en-vivo-online-por-la-final-de-vuelta-del-torneo-gaucho-2026-568742,75,15440,0.49%,8.25
https://www.futbolperuano.com/en-vivo/copa-libertadores-2026-carabobo-vs-sporting-cristal-en-vivo-568203,75,7881,0.95%,5.9
https://www.futbolperuano.com/futbol-internacional/francia/tabla-de-posiciones,74,55678,0.13%,7.96
https://www.futbolperuano.com/en-vivo/peru-vs-uruguay-en-vivo-partido-amistoso-sub-16-del-26-de-marzo-575147,74,9508,0.78%,7.74
https://www.futbolperuano.com/liga-1/noticias/quien-sera-el-arbitro-del-universitario-de-deportes-vs-los-chankas-568206,74,4907,1.51%,5.16
https://www.futbolperuano.com/seleccion/noticias/oliver-sonne-dejo-un-mensaje-esperanzador-pese-a-la-derrota-de-la-seleccion-peruana-575586,74,4426,1.67%,6.59
https://www.futbolperuano.com/liga-1/noticias/sport-boys-asegura-un-nuevo-fichaje-tras-frustrarse-la-llegada-de-miguel-trauco-573490,74,2685,2.76%,7.16
https://www.futbolperuano.com/futbol-de-menores/copa-federacion/copa-oro-2026-segunda-fecha-del-torneo-elite-de-la-copa-federacion-574365,74,2506,2.95%,8.66
https://www.futbolperuano.com/futbol-femenino/liga-femenina/no-para-de-golear-alianza-lima-sigue-invicto-y-ahora-es-lider-de-la-liga-femenina-575549,73,2711,2.69%,6.13
https://www.futbolperuano.com/liga-voley/fecha-hora-y-canal-del-universitario-vs-regatas-lima-por-la-liga-peruana-de-voley-573157,72,7431,0.97%,5.72
https://www.futbolperuano.com/liga-1/noticias/bryan-reyna-recibe-una-importante-noticia-en-la-previa-al-universitario-vs-alianza-lima-574791,72,4788,1.5%,3.78
https://www.futbolperuano.com/partidos-por-tv/noticias/programacion-de-partidos-por-tv-del-miercoles-25-de-marzo-del-2026-574914,72,4174,1.72%,5.31
https://www.futbolperuano.com/liga-1/noticias/carlos-zambrano-miguel-trauco-y-jean-deza-podrian-compartir-club-en-la-liga-1-2026-568025,72,2448,2.94%,4.49
https://www.futbolperuano.com/futbol-femenino/liga-femenina/liga-femenina-los-clubes-que-disputaran-la-primera-division-femenina-de-peru-en-el-2026-555157,72,1538,4.68%,5.04
https://www.futbolperuano.com/liga-1/noticias/comerciantes-unidos-vs-utc-en-vivo-online-por-la-fecha-6-del-torneo-apertura-de-la-liga-1-2026-568647,71,45449,0.16%,8.38
https://www.futbolperuano.com/en-vivo/final-del-torneo-gaucho-2026-gremio-vs-inter-en-vivo-567809,71,14053,0.51%,8.41
https://www.futbolperuano.com/liga-1/noticias/a-que-hora-juega-los-chankas-vs-universitario-de-deportes-568772,71,12478,0.57%,6.68
https://www.futbolperuano.com/peru/mas-del-futbol-peruano/cristiano-ronaldo-en-el-monumental-al-nassr-alista-una-gira-por-america-latina-y-un-posible-partido-en-peru-568070,71,7255,0.98%,4.85
https://www.futbolperuano.com/peru/clubes/comerciantes-loreto/,71,4453,1.59%,8.77
https://www.futbolperuano.com/liga-1/noticias/los-chankas-vs-sporting-cristal-en-vivo-por-el-torneo-apertura-574471,70,50659,0.14%,9.01
https://www.futbolperuano.com/liga-1/noticias/universitario-de-deportes-no-gana-de-visita-y-barco-lanza-advertencia-rabanal-llega-presionado-al-clasico-ante-alianza-lima-574690,70,6638,1.05%,3.85
https://www.futbolperuano.com/liga-1/noticias/ricardo-gareca-y-la-unica-condicion-por-la-que-aceptaria-dirigir-a-sporting-cristal-575369,70,4383,1.6%,3.67
https://www.futbolperuano.com/liga-1/noticias/fernando-pacheco-podria-volver-a-la-liga-1-tras-conflicto-belico-en-israel-historico-club-busca-concretar-su-llegada-568471,70,4024,1.74%,5.22
https://www.futbolperuano.com/partidos-por-tv/disney-c53,70,3499,2%,8
https://www.futbolperuano.com/copa-libertadores/noticias/mientras-sporting-cristal-sigue-sin-dt-su-rival-cerro-porteno-ficha-a-historico-entrenador-576775,70,2461,2.84%,3.81
https://www.futbolperuano.com/liga-1/noticias/la-liga-1-tendria-al-cuarto-tecnico-en-dejar-su-cargo-en-el-2026-573659,69,75062,0.09%,9.1
https://www.futbolperuano.com/copa-libertadores/noticias/resultados-de-los-partidos-de-vuelta-de-la-fase-3-de-la-copa-libertadores-2026-573082,69,48686,0.14%,6.35
https://www.futbolperuano.com/liga-1/noticias/adt-de-tarma-se-refuerza-con-ex-defensa-de-universitario-de-deportes-573938,69,5993,1.15%,7.61
https://www.futbolperuano.com/partidos-por-tv/noticias/programacion-de-partidos-por-tv-del-martes-03-de-marzo-del-2026-567946,69,3860,1.79%,4.48
https://www.futbolperuano.com/mas-deportes/noticias/error-de-google-confunde-a-ignacio-buse-con-ben-shelton-y-muestra-foto-equivocada-568947,69,3370,2.05%,4.61
https://www.futbolperuano.com/partidos-por-tv/noticias/programacion-de-hoy-lunes-23-de-marzo-de-2026-horarios-del-futbol-en-vivo-por-television-en-el-peru-574700,69,3350,2.06%,5.71
https://www.futbolperuano.com/liga-1/noticias/atletico-grau-ya-eligio-el-estadio-donde-sera-local-en-la-liga-1-del-2026-555049,69,2099,3.29%,4.68
https://www.futbolperuano.com/liga-1/cienciano-vs-sport-boys-9-marzo-2026-liga-1-peru---torneo-apertura-m3230655,68,60162,0.11%,10.68
https://www.futbolperuano.com/copa-libertadores/noticias/sporting-cristal-oficializo-su-estadio-para-su-debut-en-copa-libertadores-576682,68,4803,1.42%,4.22
https://www.futbolperuano.com/peru/clubes/estudiantil-cni/,68,4608,1.48%,7.35
https://www.futbolperuano.com/liga-1/noticias/sport-boys-anuncia-a-carlos-desio-como-su-nuevo-dt-tras-la-salida-de-jaime-de-la-pava-en-la-liga-1-573916,68,4442,1.53%,6.29
https://www.futbolperuano.com/copa-sudamericana/noticias/quien-sera-el-arbitro-del-cienciano-vs-melgar-por-la-copa-sudamericana-567728,68,2825,2.41%,5.98
https://www.futbolperuano.com/en-vivo/tarde-alba-2026-estudiantil-cni-vs-union-comercio-en-vivo-568702,68,2221,3.06%,7.27
https://www.futbolperuano.com/futbol-internacional/copa-africana-naciones/senegal-pierde-el-titulo-y-marruecos-es-declarado-nuevo-campeon-de-la-copa-africana-2025-574035,68,1453,4.68%,2.21
https://www.futbolperuano.com/peru/clubes/alianza-lima/,67,85997,0.08%,9.23
https://www.futbolperuano.com/en-vivo/champions-league-202526-sporting-lisboa-vs-bodo-glimt-en-vivo-573969,67,68549,0.1%,9.9
https://www.futbolperuano.com/en-vivo/torneo-apertura-2026-adt-de-tarma-vs-juan-pablo-ii-en-vivo-568542,67,42188,0.16%,8.22
https://www.futbolperuano.com/en-vivo/torneo-gaucho-2026-inter-de-porto-alegre-vs-gremio-en-vivo-568800,67,16093,0.42%,6.54
https://www.futbolperuano.com/liga-1/noticias/universitario-solicitara-la-destitucion-de-la-comision-disciplinaria-573734,67,15002,0.45%,3.89
https://www.futbolperuano.com/liga-1/noticias/universitario-vs-fc-cajamarca-en-vivo-por-el-torneo-apertura-2026-567792,67,14760,0.45%,7.79
https://www.futbolperuano.com/partidos-por-tv/noticias/programacion-de-partidos-por-tv-del-miercoles-18-de-marzo-del-2026-574014,67,7850,0.85%,5.73
https://www.futbolperuano.com/liga-1/noticias/liga-1-roberto-mosquera-anuncio-su-salida-de-sport-huancayo-574953,67,3378,1.98%,4.55
https://www.futbolperuano.com/liga-1/noticias/alianza-lima-luis-felipe-bravo-presidente-del-fondo-blanquiazul-revelo-su-verdadero-hinchaje-575297,67,1448,4.63%,3.81
https://www.futbolperuano.com/partidos-por-tv/amistosos-de-clubes-t11,66,36244,0.18%,9.68
https://www.futbolperuano.com/en-vivo/torneo-apertura-2026-los-chankas-vs-sporting-cristal-en-vivo-574469,66,23588,0.28%,10.14
https://www.futbolperuano.com/copa-libertadores/noticias/botafogo-vs-barcelona-sc-en-vivo-online-por-la-vuelta-de-fase-3-de-la-copa-libertadores-2026-568923,66,16030,0.41%,6.86
https://www.futbolperuano.com/descentralizado/goleadores,66,3210,2.06%,5.94
https://www.futbolperuano.com/liga-1/noticias/liga-1-alianza-atletico-anuncio-la-llegada-de-federico-urciuoli-como-nuevo-dt-tras-la-salida-de-gerardo-ameli-554427,66,2943,2.24%,6.03
https://www.futbolperuano.com/liga-1/noticias/adt-vs-juan-pablo-ii-en-vivo-online-por-la-fecha-6-del-torneo-apertura-de-la-liga-1-2026-568749,65,46626,0.14%,8.24
https://www.futbolperuano.com/copa-libertadores/noticias/sporting-cristal-las-radios-que-relataran-partido-ante-carabobo-por-copa-libertadores-2026-568040,65,17152,0.38%,4.06
https://www.futbolperuano.com/copa-libertadores/noticias/resultados-y-tabla-de-posiciones-de-la-copa-libertadores-sub-20-568576,65,15292,0.43%,9.61
https://www.futbolperuano.com/en-vivo/copa-libertadores-sub-20-palmeiras-vs-santiago-wanderers-en-vivo-574274,65,7426,0.88%,5.61
https://www.futbolperuano.com/futbol-internacional/noticias/honduras-presento-a-sus-convocados-para-enfrentar-a-la-seleccion-peruana-574043,65,2260,2.88%,7.92
https://www.futbolperuano.com/futbol-de-menores/jovenes-promesas/resultados,65,841,7.73%,5.56
https://www.futbolperuano.com/liga-1/noticias/liga-1-michael-espinoza-y-su-informe-sobre-el-universitario-vs-utc-de-cajamarca-574030,64,11905,0.54%,5.91
https://www.futbolperuano.com/futbol-internacional/noticias/italia-vs-irlanda-del-norte-en-vivo-por-el-repechaje-europeo-para-el-mundial-2026-575051,64,7307,0.88%,6.53
https://www.futbolperuano.com/copa-sudamericana/noticias/alianza-atletico-sumo-dos-nuevos-refuerzos-para-la-copa-sudamericana-574405,64,3347,1.91%,6.03
https://www.futbolperuano.com/liga-1/noticias/liga-1-fixture-de-fc-cajamarca-en-el-torneo-apertura-2026-558266,64,3143,2.04%,7.39
https://www.futbolperuano.com/en-vivo/laliga-de-espana-celta-de-vigo-vs-real-madrid-en-vivo-568595,63,39412,0.16%,10.23
https://www.futbolperuano.com/futbol-internacional/noticias/uruguay-vs-inglaterra-en-vivo-por-amistoso-internacional-de-fecha-fifa-575221,63,19648,0.32%,8.77
https://www.futbolperuano.com/en-vivo/torneo-apertura-2026-universitario-vs-fc-cajamarca-en-vivo-567660,63,17643,0.36%,5.25
https://www.futbolperuano.com/liga-1/noticias/juan-pablo-ii-vs-los-chankas-en-vivo-por-el-torneo-apertura-573536,63,13576,0.46%,8.61
https://www.futbolperuano.com/liga-1/juan-pablo-ii-vs-los-chankas-14-marzo-2026-liga-1-peru---torneo-apertura-m3230664,63,12169,0.52%,9.22
https://www.futbolperuano.com/copa-sudamericana/noticias/alianza-atletico-fue-situado-en-el-grupo-a-de-la-copa-sudamericana-574336,63,9443,0.67%,9
https://www.futbolperuano.com/liga-1/noticias/deportivo-garcilaso-despide-a-hernan-lisi-tras-eliminacion-en-la-copa-sudamericana-568312,63,9158,0.69%,9.11
https://www.futbolperuano.com/peru/clubes/ada-jaen/,63,4735,1.33%,7.22
https://www.futbolperuano.com/liga-3/noticias/josepmir-ballon-ficha-por-un-equipo-de-la-tercera-division-del-peru-567827,63,3168,1.99%,8.22
https://www.futbolperuano.com/mundial/noticias/kylian-mbappe-en-riesgo-para-el-mundial-2026-la-lesion-que-enciende-las-alarmas-en-francia-y-el-real-madrid-568292,63,3081,2.04%,4.21
https://www.futbolperuano.com/liga-1/noticias/javier-rabanal-calienta-el-clasico-con-fuerte-advertencia-hacia-alianza-lima-574757,63,2890,2.18%,4.41
https://www.futbolperuano.com/liga-1/noticias/exfigura-de-universitario-pide-cerrar-el-estadio-monumental-tras-incidentes-574146,63,2691,2.34%,5.31
https://www.futbolperuano.com/liga-1/noticias/christopher-loayza-ilusiona-a-universitario-tras-brillar-ante-ldu-576857,63,1905,3.31%,3.26
https://www.futbolperuano.com/futbol-internacional/italia/tabla-de-posiciones,62,82140,0.08%,9.38
https://www.futbolperuano.com/seleccion/noticias/peru-vs-senegal-en-vivo-por-amistoso-internacional-575392,62,14593,0.42%,6.82
https://www.futbolperuano.com/copa-sudamericana/noticias/resultados-de-los-partidos-de-la-fase-preliminar-de-la-copa-sudamericana-2026-567999,62,14477,0.43%,7.83
https://www.futbolperuano.com/liga-1/noticias/deportivo-moquegua-marca-un-hito-en-la-actual-liga-1-575231,62,11919,0.52%,4.22
https://www.futbolperuano.com/liga-1/universitario-de-deportes-vs-fc-cajamarca-1-marzo-2026-liga-1-peru---torneo-apertura-m3230647,62,11102,0.56%,10.14
https://www.futbolperuano.com/copa-sudamericana/noticias/lista-de-buena-fe-de-melgar-para-la-copa-sudamericana-568394,62,9895,0.63%,6.84
https://www.futbolperuano.com/liga-voley/universitario-vs-alianza-lima-en-vivo-por-la-liga-peruana-de-voley-567684,62,8539,0.73%,9.4
https://www.futbolperuano.com/mundial/noticias/paraguay-vs-marruecos-en-vivo-online-amistoso-previo-al-mundial-2026-576722,62,8343,0.74%,6.96
https://www.futbolperuano.com/copa-libertadores/noticias/cusco-fc-ya-conoce-a-sus-rivales-en-la-fase-de-grupos-de-la-copa-libertadores-574343,62,7800,0.79%,8.04
https://www.futbolperuano.com/seleccion/noticias/seleccion-peruana-paolo-guerrero-pide-la-convocatoria-de-dos-figuras-de-alianza-lima-573357,62,4123,1.5%,7.19
https://www.futbolperuano.com/liga-2/noticias/liga-2-2026-cambia-de-rumbo-safap-da-marcha-atras-y-se-suma-a-la-organizacion-tras-modificar-el-formato-574183,62,2686,2.31%,6.5
https://www.futbolperuano.com/peru/clubes/sporting-cristal/,61,112201,0.05%,9.13
https://www.futbolperuano.com/en-vivo/chile-vs-cabo-verde-en-vivo-por-la-fifa-series-2026-575201,61,14072,0.43%,6.88
https://www.futbolperuano.com/copa-libertadores/noticias/fixture-oficial-de-la-copa-libertadores-sub-20-564517,61,12652,0.48%,1.24
https://www.futbolperuano.com/en-vivo/liga-peruana-de-voley-femenino-geminis-vs-soan-en-vivo-567667,61,3449,1.77%,4.05
https://www.futbolperuano.com/partidos-por-tv/noticias/programacion-de-hoy-martes-31-de-marzo-de-2026-horarios-del-futbol-en-vivo-por-television-en-el-peru-576729,61,2594,2.35%,6.8
https://www.futbolperuano.com/peruanos-en-el-exterior/noticias/novorizontino-de-jhilmar-lora-elimino-a-corinthians-de-andre-carrillo-del-campeonato-paulista-567821,60,7499,0.8%,8.78
https://www.futbolperuano.com/seleccion/noticias/el-once-que-alinearia-la-seleccion-peruana-para-enfrentar-a-honduras-576760,60,2126,2.82%,6.79
https://www.futbolperuano.com/seleccion/noticias/seleccion-peruana-podria-suspenderse-el-amistoso-ante-senegal-tras-polemica-por-la-copa-africa-574090,59,6112,0.97%,8.71
https://www.futbolperuano.com/copa-peru/noticias/copa-peru-alexi-gomez-fue-presentado-en-dos-equipos-distintos-573505,59,2557,2.31%,7.69
https://www.futbolperuano.com/peruanos-en-el-exterior/noticias/fabio-gruber-se-lesiono-y-encendio-las-alarmas-en-el-nuremberg-568696,59,2308,2.56%,8.71
https://www.futbolperuano.com/copa-peru/noticias/copa-peru-resultados-de-la-fecha-3-de-la-liga-distrital-de-arequipa-573705,59,2040,2.89%,4.74
https://www.futbolperuano.com/peru/clubes/bentin-tacna-heroica/,59,1692,3.49%,7.02
https://www.futbolperuano.com/copa-peru/noticias/resultados-fecha-4-liga-distrital-de-arequipa-en-la-copa-peru-2026-574628,59,1617,3.65%,5.35
https://www.futbolperuano.com/liga-1/noticias/sekou-gassama-marca-su-primer-gol-con-universitario-y-le-da-victoria-clave-en-la-previa-al-clasico-575560,59,1585,3.72%,4.56
https://www.futbolperuano.com/liga-1/noticias/universitario-y-las-opciones-que-maneja-como-ultimo-refuerzo-para-la-liga-1-2026-568900,58,8554,0.68%,3.61
https://www.futbolperuano.com/copa-sudamericana/noticias/alianza-atletico-vs-deportivo-garcilaso-donde-ver-el-partido-por-la-copa-sudamericana-2026-567960,58,6345,0.91%,8.22
https://www.futbolperuano.com/peruanos-en-el-exterior/noticias/leyenda-de-gremio-se-rinde-ante-erick-noriega-tras-su-aporte-en-el-tricolor-567774,58,5352,1.08%,6.53
https://www.futbolperuano.com/fichajes/fichajes-de-cienciano-en-el-2026-altas-bajas-renovaciones-y-rumores-552719,58,3414,1.7%,4.01
https://www.futbolperuano.com/liga-2/noticias/binacional-aseguro-su-primer-fichaje-extranjero-para-la-liga-2-574254,58,3355,1.73%,9.22
https://www.futbolperuano.com/partidos-por-tv/noticias/programacion-de-hoy-lunes-30-de-marzo-de-2026-horarios-del-futbol-en-vivo-por-television-en-el-peru-575604,58,2565,2.26%,6.74
https://www.futbolperuano.com/partidos-por-tv/fpf-c25,58,2558,2.27%,7.31
https://www.futbolperuano.com/copa-peru/noticias/copa-peru-resultados-y-tabla-de-posiciones-en-la-jornada-2-de-la-liga-distrital-de-ayacucho-2026-567780,58,1692,3.43%,8.77
https://www.futbolperuano.com/copa-peru/noticias/los-equipos-con-mas-tradicion-e-historia-en-la-copa-peru-2026-563274,58,1524,3.81%,4.1
https://www.futbolperuano.com/liga-1/noticias/resultados-y-tabla-de-posiciones-de-la-fecha-8-del-torneo-apertura-574295,57,83921,0.07%,8.96
https://www.futbolperuano.com/en-vivo/copa-libertadores-sub-20-olimpia-vs-palmeiras-en-vivo-573182,57,42875,0.13%,4.87
https://www.futbolperuano.com/en-vivo/grecia-vs-paraguay-en-vivo-por-la-fecha-fifa-575359,57,25586,0.22%,7.67
https://www.futbolperuano.com/liga-1/noticias/diego-penny-apunta-contra-javier-rabanal-tras-duro-momento-de-universitario-568946,57,9535,0.6%,6.11
https://www.futbolperuano.com/liga-1/noticias/universitario-respondio-a-supuesto-actos-racistas-contra-jugadores-de-utc-de-cajamarca-573811,57,5591,1.02%,5.06
https://www.futbolperuano.com/copa-libertadores/carabobo-fc-vs-sporting-cristal-4-marzo-2026-copa-libertadores-m3234588,57,3779,1.51%,8.73
https://www.futbolperuano.com/copa-peru/noticias/el-primer-campeon-peruano-se-recupera-en-la-copa-peru-2026-567950,57,2107,2.71%,6.45
https://www.futbolperuano.com/liga-voley/aixa-vigil-bicampeona-con-alianza-lima-confiesa-que-suena-con-jugar-por-universitario-573697,56,6364,0.88%,2.97
https://www.futbolperuano.com/liga-1/noticias/la-insolita-razon-por-la-que-sport-boys-no-podra-contar-con-yuriel-celi-para-el-torneo-apertura-2026-575340,56,2615,2.14%,5.43
https://www.futbolperuano.com/futbol-de-menores/liga-nacional-sub-18-peru/tabla-de-posiciones,56,1729,3.24%,8.61
https://www.futbolperuano.com/futbol-internacional/alemania/tabla-de-posiciones,55,29341,0.19%,9.76
https://www.futbolperuano.com/futbol-internacional/manchester-united-wfc-vs-bayern-munich-femenino-25-marzo-2026-liga-de-campeones-femenina-de-la-uefa-m3234173,55,24379,0.23%,10.2
https://www.futbolperuano.com/partidos-por-tv/noticias/programacion-de-partidos-por-tv-del-miercoles-11-de-marzo-del-2026-573048,55,4830,1.14%,4.96
https://www.futbolperuano.com/liga-2/noticias/programacion-de-partidos-de-la-fecha-2-de-la-fase-regional-de-la-liga-2-2026-576642,55,3905,1.41%,7.26
https://www.futbolperuano.com/copa-libertadores/noticias/paulo-autuori-y-su-amenaza-de-dejar-sporting-cristal-567241,55,3405,1.62%,5.47
https://www.futbolperuano.com/copa-peru/noticias/resultados-en-la-fecha-1-de-la-liga-distrital-de-cusco-por-copa-peru-2026-574106,55,1435,3.83%,6.16
https://www.futbolperuano.com/copa-peru/noticias/resultados-fecha-2-liga-distrital-de-ica-por-la-copa-peru-2026-567900,55,1413,3.89%,5.62
https://www.futbolperuano.com/futbol-internacional/belgica/tabla-de-posiciones,54,40217,0.13%,8.79
https://www.futbolperuano.com/futbol-internacional/ecuador/tabla-de-posiciones,54,18194,0.3%,10.92
https://www.futbolperuano.com/liga-1/cusco-futbol-club-vs-cienciano-15-marzo-2026-liga-1-peru---torneo-apertura-m3230659,53,24386,0.22%,8.35
https://www.futbolperuano.com/peruanos-en-el-exterior/noticias/ldu-con-jesus-pretell-de-titular-consiguio-un-agonico-empate-sobre-la-hora-573712,53,9315,0.57%,7.75
https://www.futbolperuano.com/copa-libertadores/noticias/fixture-de-universitario-en-el-grupo-b-de-la-copa-libertadores-2026-574420,53,6138,0.86%,6.81
https://www.futbolperuano.com/futbol-femenino/liga-femenina/se-modifica-el-numero-de-descendidos-con-el-retiro-de-biavo-fc-573651,53,1627,3.26%,5.85
https://www.futbolperuano.com/en-vivo/torneo-apertura-2026-atletico-grau-vs-fc-cajamarca-en-vivo-568532,52,34589,0.15%,8.41
https://www.futbolperuano.com/peru/clubes/adt/,52,18824,0.28%,8.2
https://www.futbolperuano.com/en-vivo/torneo-apertura-de-uruguay-2026-nacional-vs-penarol-en-vivo-567807,52,6497,0.8%,9.26
https://www.futbolperuano.com/liga-2/noticias/santos-fc-de-nazca-anuncia-siete-fichajes-mas-para-la-liga-2-2026-568405,52,4154,1.25%,12.27
https://www.futbolperuano.com/liga-1/noticias/el-universitario-vs-alianza-lima-ya-tiene-arbitro-designado-576820,52,3374,1.54%,5.76
https://www.futbolperuano.com/liga-1/noticias/cusco-fc-cuestiono-a-melgar-por-llevarse-a-su-tecnico-miguel-rondelli-576647,52,2987,1.74%,4.34
https://www.futbolperuano.com/copa-peru/noticias/copa-peru-futbolista-de-inter-fc-de-manantay-pierde-la-vida-tras-sufrir-accidente-en-pucallpa-575582,52,1253,4.15%,5.75
https://www.futbolperuano.com/peru/mas-del-futbol-peruano/la-municipalidad-de-lima-decidio-clausurar-el-estadio-nacional-575589,52,961,5.41%,6.37
https://www.futbolperuano.com/en-vivo/champions-league-202526-tottenham-vs-atletico-madrid-en-vivo-574117,51,28003,0.18%,12.1
https://www.futbolperuano.com/liga-1/noticias/luis-urruti-revelo-las-razones-detras-de-su-salida-de-universitario-568082,51,4530,1.13%,4.59
https://www.futbolperuano.com/peru/resultados-encuesta-presidencial-de-datum-para-elecciones-generales-2026-573855,51,1317,3.87%,5.88
https://www.futbolperuano.com/futbol-de-menores/jovenes-promesas/tabla-de-posiciones,51,731,6.98%,6.18
https://www.futbolperuano.com/liga-1/noticias/liga-1-en-vivo-noticias-y-resultados-de-la-fecha-6-del-torneo-apertura-568456,50,27526,0.18%,7.27
https://www.futbolperuano.com/liga-1/noticias/los-chankas-de-gran-momento-en-la-liga-1-2026-apunta-contra-universitario-de-deportes-568065,50,21268,0.24%,9.46
https://www.futbolperuano.com/copa-sudamericana/noticias/a-que-hora-juega-cienciano-vs-melgar-por-la-copa-sudamericana-568352,50,3715,1.35%,5.99
https://www.futbolperuano.com/liga-1/noticias/bryan-reyna-apunta-a-debutar-con-universitario-en-el-clasico-ante-alianza-lima-y-enciende-la-expectativa-575087,50,3432,1.46%,3.52
https://www.futbolperuano.com/partidos-por-tv/noticias/programacion-de-partidos-por-tv-del-sabado-28-de-marzo-575478,50,2265,2.21%,5.87
https://www.futbolperuano.com/seleccion/noticias/ricardo-gareca-envia-consejo-a-mano-menezes-tras-el-duro-inicio-con-la-seleccion-peruana-576633,50,1457,3.43%,3.2
https://www.futbolperuano.com/liga-2/noticias/el-estadio-rodeado-por-arboles-en-el-que-se-jugara-la-liga-este-2026-574089,50,1425,3.51%,6.41
https://www.futbolperuano.com/peruanos-en-el-exterior/noticias/oliver-sonne-presente-en-derrota-del-sparta-praga-en-conference-league-573370,49,13442,0.36%,9.95
https://www.futbolperuano.com/liga-1/noticias/condor-mendoza-arremete-contra-javier-rabanal-por-el-rendimiento-de-universitario-568304,49,5802,0.84%,3.2
https://www.futbolperuano.com/futbol-internacional/noticias/guillermo-viscarra-se-perfila-como-titular-ante-surinam-575029,49,5530,0.89%,6.25
https://www.futbolperuano.com/partidos-por-tv/liga-nacional-superior-de-voleibol-del-peru-t295,49,4994,0.98%,9.01
https://www.futbolperuano.com/liga-1/noticias/alianza-lima-sufre-sensible-baja-para-enfrentar-a-juan-pablo-ii-574156,49,4517,1.08%,4.72
https://www.futbolperuano.com/copa-libertadores/noticias/sporting-cristal-clasifico-a-la-fase-de-grupos-de-la-copa-libertadores-pero-paulo-autuori-estallo-lo-que-jugamos-hoy-no-era-para-pasar-573253,49,3264,1.5%,7.4
https://www.futbolperuano.com/seleccion/noticias/erick-noriega-revela-su-posicion-en-la-seleccion-peruana-y-genera-expectativa-en-la-era-mano-menezes-575071,49,3044,1.61%,4.37
https://www.futbolperuano.com/copa-peru/noticias/se-cambio-el-formato-a-la-etapa-nacional-de-la-copa-peru-2026-557259,49,2360,2.08%,6.28
https://www.futbolperuano.com/liga-1/noticias/juan-cruz-bolado-confirmo-su-salida-de-cienciano-pese-a-la-clasificacion-a-la-copa-sudamericana-y-dejo-un-emotivo-mensaje-de-despedida-para-la-hinchada-del-papa-553566,49,1797,2.73%,6.28
https://www.futbolperuano.com/liga-voley/liga-peruana-de-voley-define-su-fase-2-asi-se-jugara-la-recta-final-de-la-temporada-2025-26-557520,49,1531,3.2%,6.4
https://www.futbolperuano.com/partidos-por-tv/peru-liga-femenina-peru-t182,49,1092,4.49%,7.24
https://www.futbolperuano.com/liga-3/noticias/resultados-y-tabla-de-posiciones-de-la-fecha-2-de-la-fase-final-por-la-liga-3-2025-532278,49,724,6.77%,1.67
https://www.futbolperuano.com/peru/mas-del-futbol-peruano/el-estadio-peruano-que-proyectaba-tener-90-mil-espectadores-pero-se-quedo-30-mil-573498,48,16677,0.29%,6.21
https://www.futbolperuano.com/peru/mas-del-futbol-peruano/cuales-son-los-cinco-estadios-mas-grandes-del-peru-441548,48,13504,0.36%,8.81
https://www.futbolperuano.com/liga-1/noticias/cienciano-podria-sumar-un-nuevo-refuerzo-para-la-temporada-2026-568563,48,6185,0.78%,7.07
https://www.futbolperuano.com/mas-deportes/noticias/ignacio-buse-hizo-buen-partido-pero-cayo-en-el-miami-open-574372,48,5101,0.94%,5.51
https://www.futbolperuano.com/copa-libertadores/noticias/sporting-cristal-podria-enfrentar-a-universitario-en-la-copa-libertadores-573283,48,4857,0.99%,6.33
https://www.futbolperuano.com/futbol-femenino/liga-femenina/baile-celeste-sporting-cristal-sumo-un-nuevo-triunfo-en-la-liga-femenina-y-mantiene-su-puntaje-perfecto-en-el-inicio-del-2026-575441,48,4429,1.08%,6.42
https://www.futbolperuano.com/liga-1/noticias/puma-carranza-y-su-rotundo-comentario-sobre-el-fichaje-de-bryan-reyna-por-universitario-puede-cambiar-573540,48,4425,1.08%,3.96
https://www.futbolperuano.com/liga-1/noticias/utc-pide-los-audios-del-var-tras-caer-ante-alianza-lima-567930,48,4285,1.12%,4.71
https://www.futbolperuano.com/seleccion/noticias/la-diferencia-de-valor-entre-el-plantel-de-la-seleccion-peruana-y-senegal-574945,48,4019,1.19%,6
https://www.futbolperuano.com/partidos-por-tv/noticias/programacion-de-partidos-por-tv-del-viernes-13-de-marzo-del-2026-573380,48,3683,1.3%,5.35
https://www.futbolperuano.com/liga-1/noticias/fichajes-en-la-liga-1-2026-altas-bajas-renovaciones-y-remores--en-vivo-551575,48,3645,1.32%,6.14
https://www.futbolperuano.com/futbol-de-menores/copa-federacion/copa-federacion-oro-2026-resultados-de-la-tercera-fecha-576747,48,3424,1.4%,5.01
https://www.futbolperuano.com/liga-1/noticias/san-lorenzo-va-por-pablo-guede-puede-salir-de-alianza-lima-y-cual-es-su-clausula-574163,48,3099,1.55%,3.94
https://www.futbolperuano.com/liga-1/noticias/pablo-guede-y-la-razon-por-la-que-cambio-el-juego-de-alianza-lima-569998,48,2548,1.88%,6.39
https://www.futbolperuano.com/copa-peru/noticias/copa-peru-resultados-de-la-fecha-3-de-la-liga-distrital-de-ayacucho-568783,48,1993,2.41%,8.45
https://www.futbolperuano.com/liga-3/noticias/liga-3-union-huaral-sorprende-al-fichar-jugador-con-pasado-en-la-kings-league-568440,48,948,5.06%,5.88
https://www.futbolperuano.com/futbol-internacional/brasil/tabla-de-posiciones,47,38240,0.12%,9.62
https://www.futbolperuano.com/futbol-internacional/noticias/colombia-vs-francia-en-vivo-online-por-amistoso-internacional-de-fecha-fifa-575506,47,37396,0.13%,7.96
https://www.futbolperuano.com/futbol-internacional/noticias/brasil-vs-francia-en-vivo-online-en-un-partido-amistoso-internacional-por-la-fecha-fifa-575089,47,15262,0.31%,8.4
https://www.futbolperuano.com/partidos-por-tv/noticias/programacion-de-hoy-domingo-22-de-marzo-de-2026-horarios-del-futbol-en-vivo-por-television-en-el-peru-574613,47,4553,1.03%,6.03
https://www.futbolperuano.com/futbol-de-menores/copa-federacion/copa-federacion-oro-2026-resultados-de-la-1ra-fecha-del-torneo-574173,47,3735,1.26%,4.91
https://www.futbolperuano.com/en-vivo/uefa-conference-league-202526-hnk-rijeka-vs-racing-club-de-estrasburgo-en-vivo-573325,46,40995,0.11%,10.97
https://www.futbolperuano.com/futbol-internacional/escocia/tabla-de-posiciones,46,40911,0.11%,9.95
https://www.futbolperuano.com/liga-2/noticias/ayacucho-fc-refuerza-su-plantel-con-tres-fichajes-extranjeros-y-apunta-al-ascenso-en-la-liga-2-2026-574514,46,16598,0.28%,12.32
https://www.futbolperuano.com/seleccion/noticias/canales-confirmados-del-seleccion-peruana-vs-honduras-donde-ver-en-vivo-el-partido-de-la-bicolor-este-31-de-marzo-575585,46,9561,0.48%,8.48
https://www.futbolperuano.com/liga-1/noticias/rabanal-aclara-la-situacion-de-sekou-gassama-previo-al-universitario-vs-alianza-lima-574783,46,3034,1.52%,4.19
https://www.futbolperuano.com/liga-1/noticias/ya-son-tres-los-entrenadores-cesados-en-lo-que-va-del-torneo-apertura-573136,46,1929,2.38%,7.55
https://www.futbolperuano.com/liga-1/deportivo-garcilaso-vs-alianza-lima-14-marzo-2026-liga-1-peru---torneo-apertura-m3230669,46,1825,2.52%,9.89
https://www.futbolperuano.com/liga-3/noticias/cultural-volante-sorprende-y-ficha-a-ex-volante-de-alianza-lima-573189,46,1640,2.8%,7.88
https://www.futbolperuano.com/copa-peru/noticias/copa-peru-resultados-y-tabla-de-posiciones-en-la-fecha-3-de-la-liga-distrital-de-puno-567867,46,1501,3.06%,9.64
https://www.futbolperuano.com/seleccion/noticias/felipe-chavez-decidio-no-ser-parte-de-la-convocatoria-de-la-seleccion-peruana-por-insolita-razon-574130,46,1246,3.69%,6.43
https://www.futbolperuano.com/copa-peru/noticias/leon-de-huanuco-no-jugara-la-copa-peru-2026-y-confirma-participacion-en-tradicion-copera-2026-563838,46,1024,4.49%,5.5
https://www.futbolperuano.com/en-vivo/eliminatorias-europeas-al-mundial-2026-turquia-vs-rumania-en-vivo-575156,45,17280,0.26%,10.58
https://www.futbolperuano.com/liga-1/noticias/angelo-campos-arremete-contra-micke-palomino-tras-polemica-victoria-de-alianza-lima-en-su-visita-a-utc-567850,45,16660,0.27%,7.31
https://www.futbolperuano.com/en-vivo/laliga-de-espana-real-madrid-vs-atletico-madrid-en-vivo-574678,45,15203,0.3%,10.89
https://www.futbolperuano.com/en-vivo/copa-sudamericana-2026-blooming-vs-san-antonio-bulo-bulo-en-vivo-568212,45,13681,0.33%,9.22
https://www.futbolperuano.com/en-vivo/liga-2-san-martin-vs-pirata-en-vivo-575395,45,12200,0.37%,13.75
https://www.futbolperuano.com/peruanos-en-el-exterior/noticias/con-erick-noriega-gremio-derroto-a-vitoria-574350,45,3738,1.2%,6.83
https://www.futbolperuano.com/seleccion/noticias/manuel-barreto-revela-si-jairo-velez-sera-convocado-a-la-seleccion-peruana-573799,45,3565,1.26%,4.8
https://www.futbolperuano.com/copa-peru/noticias/copa-peru-resultados-de-la-fecha-4-de-la-liga-distrital-de-chiclayo-568877,45,2469,1.82%,7.77
https://www.futbolperuano.com/copa-peru/noticias/resultados-fecha-6-liga-distrital-trujillo-en-copa-peru-2026-574749,45,2034,2.21%,8.41
https://www.futbolperuano.com/futbol-de-menores/copa-federacion/copa-plata-a-federacion-programacion-de-la-segunda-fecha-574364,45,988,4.55%,7.22
https://www.futbolperuano.com/en-vivo/repechaje-al-mundial-2026-nueva-caledonia-vs-jamaica-en-vivo-575178,44,12922,0.34%,7.9
https://www.futbolperuano.com/partidos-por-tv/fivb-c56,44,10989,0.4%,9.18
https://www.futbolperuano.com/liga-1/deportivo-moquegua-vs-sport-huancayo-7-marzo-2026-liga-1-peru---torneo-apertura-m3230665,44,7861,0.56%,9.22
https://www.futbolperuano.com/en-vivo/torneo-apertura-2026-alianza-lima-vs-juan-pablo-ii-en-vivo-574470,44,4718,0.93%,7.33
https://www.futbolperuano.com/en-vivo/copa-sudamericana-2026-universidad-de-chile-vs-palestino-en-vivo-568225,44,4577,0.96%,6.95
https://www.futbolperuano.com/seleccion/noticias/jairo-velez-sorprende-al-revelar-que-dorsal-le-gustaria-llevar-en-la-seleccion-peruana-574040,44,2555,1.72%,4.25
https://www.futbolperuano.com/liga-1/noticias/la-reaccion-de-paolo-guerrero-cuando-hincha-lo-llamo-paolin-lin-lin-573947,44,1973,2.23%,4.13
https://www.futbolperuano.com/futbol-de-menores/liga-nacional-sub-18-peru/resultados,44,1494,2.95%,6.01
https://www.futbolperuano.com/futbol-de-menores/copa-federacion/programacion-de-la-tercera-fecha-de-la-copa-federacion-oro-575126,44,1209,3.64%,6.69
https://www.futbolperuano.com/fichajes/,44,973,4.52%,6.79
https://www.futbolperuano.com/copa-sudamericana/alianza-atletico-vs-deportivo-garcilaso-3-marzo-2026-copa-sudamericana-m3224292,43,16210,0.27%,9.96
https://www.futbolperuano.com/en-vivo/liga-femenina-2026-flamengo-vs-mannucci-en-vivo-574491,43,9488,0.45%,5.55
https://www.futbolperuano.com/copa-libertadores/noticias/arbitro-confirmado-para-el-debut-de-sporting-cristal-en-la-copa-libertadores-575499,43,5786,0.74%,4.03
https://www.futbolperuano.com/liga-voley/el-video-challenge-reaparece-en-los-cuartos-de-final-de-la-liga-peruana-de-voley-573327,43,4543,0.95%,4.12
https://www.futbolperuano.com/copa-peru/noticias/resultados-fecha-3-liga-distrital-cajamarca-en-la-copa-peru-2026-568875,43,2271,1.89%,7.1
https://www.futbolperuano.com/copa-peru/noticias/copa-peru-resultados-y-tabla-de-posiciones-en-la-fecha-4-de-la-liga-distrital-de-ayacucho-573704,43,1926,2.23%,6.96
https://www.futbolperuano.com/copa-peru/noticias/resultados-fecha-2-liga-distrital-cajamarca-en-la-copa-peru-2026-568192,43,1436,2.99%,7.48
https://www.futbolperuano.com/futbol-internacional/argentina/tabla-de-posiciones,42,10187,0.41%,9.38
https://www.futbolperuano.com/liga-1/noticias/el-estadio-de-lima-que-lleva-anos-esperando-ser-sede-de-la-liga-1-573302,42,6257,0.67%,8.06
https://www.futbolperuano.com/liga-2/noticias/llacuabamba-presento-a-sus-dos-nuevos-refuerzos-para-debutar-en-la-liga-2-574931,42,2345,1.79%,7.86
https://www.futbolperuano.com/liga-1/alianza-lima-vs-fbc-melgar-9-marzo-2026-liga-1-peru---torneo-apertura-m3230654,41,11130,0.37%,10.22
https://www.futbolperuano.com/futbol-internacional/mexico/tabla-de-posiciones,41,10849,0.38%,11.95
https://www.futbolperuano.com/en-vivo/challenger-de-sao-paulo-2026-alex-barrena-vs-juan-pablo-varillas-en-vivo-575167,41,9673,0.42%,6.38
https://www.futbolperuano.com/liga-1/noticias/atletico-grau-anuncio-a-gerardo-ameli-como-su-nuevo-tecnico-para-la-liga-1-2026-568860,41,9541,0.43%,7.35
https://www.futbolperuano.com/seleccion/noticias/seleccion-peruana-joao-grimaldo-y-oliver-sonne-fortalecen-su-conexion-574630,41,3745,1.09%,6.32
https://www.futbolperuano.com/peruanos-en-el-exterior/noticias/sigue-sin-poder-jugar-gianluca-lapadula-sin-sitio-en-un-spezia-que-peligra-con-el-descenso-568126,41,3286,1.25%,7.3
https://www.futbolperuano.com/liga-2/noticias/safap-cuestiono-la-organizacion-de-la-liga-2-para-la-temporada-2026-573398,41,3060,1.34%,7.33
https://www.futbolperuano.com/copa-peru/noticias/resultados-en-la-fecha-6-de-la-liga-distrital-de-juliaca-copa-peru-2026-573866,41,2422,1.69%,10.35
https://www.futbolperuano.com/liga-3/noticias/otros-dos-clubes-se-fusionan-para-encarar-la-temporada-2026-564166,41,1679,2.44%,4.41
https://www.futbolperuano.com/copa-sudamericana/noticias/quien-sera-el-arbitro-del-alianza-atletico-vs-deportivo-garcilaso-por-la-copa-sudamericana-567730,41,1427,2.87%,7.94
https://www.futbolperuano.com/seleccion/noticias/eddie-fleischman-revela-el-motivo-por-el-cual-renato-tapia-no-fue-convocado-a-la-seleccion-peruana-574096,41,1216,3.37%,6.72
https://www.futbolperuano.com/seleccion/noticias/diego-penny-y-su-duro-comentario-sobre-alex-valera-tras-la-derrota-de-la-seleccion-peruana-575569,41,1046,3.92%,4.44
https://www.futbolperuano.com/peru/mas-del-futbol-peruano/academias-de-futbol-en-surco-499115,41,981,4.18%,7.28
https://www.futbolperuano.com/seleccion/noticias/todo-listo-los-convocados-de-la-seleccion-peruana-sub-16-para-el-mundial-montaigu-2026-576756,41,935,4.39%,5.94
https://www.futbolperuano.com/futbol-de-menores/copa-federacion/oro/resultados,41,265,15.47%,4.91
https://www.futbolperuano.com/copa-libertadores/noticias/fecha-hora-y-canal-del-sorteo-de-la-fase-de-grupos-de-la-copa-libertadores-573290,40,5070,0.79%,6.97
https://www.futbolperuano.com/partidos-por-tv/noticias/programacion-de-partidos-por-tv-del-sabado-14-de-marzo-573619,40,3869,1.03%,5.62
https://www.futbolperuano.com/liga-1/noticias/dos-entrenadores-ya-dejaron-su-cargo-en-el-torneo-apertura-568359,40,3796,1.05%,7.19
https://www.futbolperuano.com/copa-peru/noticias/resultados-de-la-fecha-5-de-la-liga-distrital-de-huancayo-por-la-copa-peru-2026-574682,40,2801,1.43%,7.93
https://www.futbolperuano.com/liga-voley/la-preseleccion-de-peru-se-redujo-a-31-voleibolistas-con-miras-al-mundial-sub-17-573966,40,2388,1.68%,6.3
https://www.futbolperuano.com/copa-libertadores/noticias/atencion-universitario-nacional-se-queda-sin-dt-a-puertas-del-debut-en-la-copa-libertadores-574646,40,2363,1.69%,5.17
https://www.futbolperuano.com/liga-2/noticias/estudiantil-cni-se-quedo-sin-entrenador-a-pocos-dias-de-iniciar-la-liga-2-573984,40,1130,3.54%,6.52
https://www.futbolperuano.com/liga-1/noticias/trujillo-vuelve-a-tener-futbol-en-la-liga-1-del-2025-502953,40,513,7.8%,6.37
https://www.futbolperuano.com/mas-deportes/noticias/gaston-bolanos-vuelve-a-la-ufc-fecha-hora-y-donde-ver-en-vivo-su-regreso-al-octagono-ante-jeong-yeong-lee-568479,39,5890,0.66%,5.88
https://www.futbolperuano.com/eliminatorias/asia/tabla-de-posiciones,39,4067,0.96%,9.44
https://www.futbolperuano.com/en-vivo/torneo-apertura-2026-sporting-cristal-vs-sport-boys-en-vivo-573607,39,3878,1.01%,7.12
https://www.futbolperuano.com/copa-peru/noticias/resultados-en-la-fecha-6-liga-distrital-de-puno-por-la-copa-peru-2026-574692,39,1843,2.12%,7.91
https://www.futbolperuano.com/copa-peru/noticias/club-peruano-decide-retirarse-tras-recibir-40-goles-en-tres-partidos-568384,39,1180,3.31%,6.41
https://www.futbolperuano.com/copa-peru/noticias/ha-anotado-21-goles-en-dos-partidos-disputados-en-la-copa-peru-2026-567937,39,1062,3.67%,6.67
https://www.futbolperuano.com/peru/clubes/los-chankas-apurimac/,38,28426,0.13%,9.19
https://www.futbolperuano.com/copa-libertadores/noticias/resultados-de-los-partidos-de-ida-de-la-fase-3-de-la-copa-libertadores-2026-567972,38,20668,0.18%,5.85
https://www.futbolperuano.com/futbol-internacional/noticias/mexico-vs-portugal-en-vivo-por-amistoso-internacional-por-la-fecha-fifa-575267,38,18243,0.21%,8.44
https://www.futbolperuano.com/en-vivo/repechaje-al-mundial-2026-bolivia-vs-surinam-en-vivo-575155,38,11244,0.34%,3.76
https://www.futbolperuano.com/peruanos-en-el-exterior/noticias/erick-noriega-fue-suplente-en-la-derrota-de-gremio-ante-vasco-da-gama-por-el-brasileirao-574703,38,6642,0.57%,9.9
https://www.futbolperuano.com/en-vivo/copa-sudamericana-independiente-petrolero-vs-guabira-en-vivo-568104,38,5799,0.66%,7.77
https://www.futbolperuano.com/partidos-por-tv/noticias/programacion-de-hoy-domingo-15-de-marzo-de-2026-horarios-del-futbol-en-vivo-por-television-en-el-peru-573688,38,4587,0.83%,6.21
https://www.futbolperuano.com/partidos-por-tv/noticias/programacion-de-hoy-lunes-9-de-marzo-de-2026-horarios-del-futbol-en-vivo-por-television-en-el-peru-568803,38,4293,0.89%,6.65
https://www.futbolperuano.com/copa-peru/noticias/copa-peru-resultados-de-la-fecha-4-de-la-liga-distrital-de-trujillo-568870,38,1987,1.91%,7.96
https://www.futbolperuano.com/copa-peru/noticias/ciclista-lima-debuto-en-la-copa-peru-2026-568237,38,1685,2.26%,5.5
https://www.futbolperuano.com/copa-peru/noticias/resultados-fecha-5-liga-distrital-juliaca-en-copa-peru-2026-573287,38,1372,2.77%,6.92
https://www.futbolperuano.com/copa-peru/noticias/resultados-en-la-fecha-5-de-la-liga-distritral-trujillo-por-la-copa-peru-573825,38,1151,3.3%,6
https://www.futbolperuano.com/en-vivo/europa-league-202526-lyon-vs-celta-de-vigo-en-vivo-574262,37,52686,0.07%,9.83
https://www.futbolperuano.com/en-vivo/copa-libertadores-sub-20-nacional-vs-ldu-en-vivo-573359,37,20566,0.18%,5.27
https://www.futbolperuano.com/en-vivo/torneo-apertura-2026-atletico-grau-vs-deportivo-garcilaso-en-vivo-574475,37,16208,0.23%,8.81
https://www.futbolperuano.com/liga-2/noticias/crisis-en-la-liga-2-freddy-ames-advierte-problemas-economicos-mala-gestion-y-ausencia-de-transmision-574812,37,13869,0.27%,12.94
https://www.futbolperuano.com/peruanos-en-el-exterior/noticias/erick-noriega-y-el-millonario-valor-de-mercado-que-consiguio-tras-sus-destacadas-actuaciones-con-gremio-573409,37,10911,0.34%,7.82
https://www.futbolperuano.com/liga-de-campeones/noticias/champions-league-2025-26-definidos-los-cuartos-de-final-con-duelos-de-alto-voltaje-como-real-madrid-vs-bayern-574196,37,9957,0.37%,7.81
https://www.futbolperuano.com/liga-1/noticias/edison-flores-calienta-la-previa-del-clasico-y-envia-fuerte-advertencia-a-alianza-lima-575543,37,7229,0.51%,4.32
https://www.futbolperuano.com/liga-voley/mundial-sub-17-femenino/liana-torres-voley-quien-es-la-libero-de-peru-en-el-mundial-de-voley-sub-17-481189,37,6263,0.59%,5.53
https://www.futbolperuano.com/liga-3/noticias/liga-3-gustavo-roverano-deja-juan-aurich-tras-un-mes-falta-de-condiciones-y-sancion-fifa-golpean-al-ciclon-del-norte-574680,37,3050,1.21%,5.5
https://www.futbolperuano.com/peruanos-en-el-exterior/noticias/sebastian-aranda-cerca-de-dar-el-salto-a-europa-negocia-con-fk-auda-tras-destacar-en-sport-boys-568329,37,2524,1.47%,7.2
https://www.futbolperuano.com/liga-2/noticias/estudiantil-cni-enfrentara-a-union-comercio-en-la-tarde-alba-2026-568051,37,2340,1.58%,6.53
https://www.futbolperuano.com/copa-peru/noticias/copa-peru-resultados-de-la-fecha-3-de-la-liga-distrital-de-huancayo-568780,37,2107,1.76%,7.58
https://www.futbolperuano.com/fichajes/fichajes-de-sport-boys-en-el-2026-altas-bajas-renovaciones-y-rumores-552770,37,1834,2.02%,4.45
https://www.futbolperuano.com/futsal/futsalpro/resultados,37,1005,3.68%,6.41
https://www.futbolperuano.com/copa-peru/noticias/resultados-en-la-fecha-5-liga-distrital-de-puno-por-la-copa-peru-2026-573963,37,1001,3.7%,5.77
https://www.futbolperuano.com/liga-2/noticias/union-comercio-arma-su-plantel-2026-anuncia-cuatro-nuevos-fichajes-y-ya-suma-13-refuerzos-para-buscar-el-ascenso-a-liga-1-560550,37,695,5.32%,4.14
https://www.futbolperuano.com/eliminatorias/tabla-de-posiciones,36,32106,0.11%,10.31
https://www.futbolperuano.com/copa-libertadores/noticias/fixture-confirmado-de-cusco-fc-en-el-grupo-a-de-la-copa-libertadores-574437,36,8366,0.43%,7.52
https://www.futbolperuano.com/en-vivo/estados-unidos-vs-portugal-en-vivo-por-la-fecha-fifa-576895,36,8298,0.43%,4.85
https://www.futbolperuano.com/liga-2/noticias/san-martin-vs-pirata-fc-en-vivo-por-la-liga-2-575358,36,4046,0.89%,8.15
https://www.futbolperuano.com/peruanos-en-el-exterior/noticias/franco-giambavicchio-la-joya-peruana-firma-su-primer-contrato-profesional-con-juventus-574077,36,3410,1.06%,6.56
https://www.futbolperuano.com/liga-1/noticias/administrador-de-sport-boys-revela-que-aun-esperan-a-carlos-zambrano-y-miguel-trauco-574248,36,3386,1.06%,3.64
https://www.futbolperuano.com/liga-1/noticias/comision-disciplinaria-corcino-acusa-a-franco-velazco-de-buscar-fallos-a-favor-de-universitario-574187,36,2378,1.51%,3.36
https://www.futbolperuano.com/liga-1/noticias/exarbitro-fifa-es-un-gol-valido-de-paolo-guerreroel-futbol-es-un-deporte-de-contacto-573749,36,2319,1.55%,3.82
https://www.futbolperuano.com/partidos-por-tv/liga-3-peru-t297,36,856,4.21%,9.63
https://www.futbolperuano.com/futbol-de-menores/copa-federacion/programacion-copa-federacion-plata-a-asi-se-jugara-la-tercera-fecha-del-torneo-575109,36,685,5.26%,8.09
https://www.futbolperuano.com/futbol-femenino/liga-femenina/carlos-mannucci-y-su-grave-problema-para-la-liga-femenina-2026-567686,36,547,6.58%,6.34
https://www.futbolperuano.com/liga-2/noticias/ada-de-jaen-vs-academia-cantolao-en-vivo-por-la-liga-2-575374,35,5562,0.63%,9.54
https://www.futbolperuano.com/liga-1/noticias/liga-1-quienes-son-los-convocados-de-universitario-de-deportes-574575,35,4513,0.78%,6.92
https://www.futbolperuano.com/liga-1/noticias/flavio-maestri-revela-el-problema-de-felipe-vizeu-en-sporting-cristal-568386,35,3620,0.97%,3.66
https://www.futbolperuano.com/futbol-femenino/liga-femenina/melgar-golea-a-yanapuma-y-consigue-su-primera-victoria-en-la-liga-femenina-575508,35,3352,1.04%,8.47
https://www.futbolperuano.com/copa-libertadores/noticias/felipe-vizeu-es-blanco-de-criticas-por-su-pesimo-desempeno-ante-carabobo-fc-573280,35,3288,1.06%,4.47
https://www.futbolperuano.com/futbol-femenino/liga-femenina/fc-killas-anuncia-cuatro-refuerzos-internacionales-para-la-liga-femenina-2026-573575,35,1793,1.95%,7.09
https://www.futbolperuano.com/liga-2/noticias/liga-2-ada-de-jaen-presentara-a-su-nuevo-plantel-en-amistoso-frente-a-san-martin-564596,35,972,3.6%,5.66
https://www.futbolperuano.com/liga-1/sport-huancayo-vs-adt-tarma-14-marzo-2026-liga-1-peru---torneo-apertura-m3230672,34,38377,0.09%,10.51
https://www.futbolperuano.com/liga-1/fc-cajamarca-vs-comerciantes-unidos-13-marzo-2026-liga-1-peru---torneo-apertura-m3230670,34,29878,0.11%,10.12
https://www.futbolperuano.com/futbol-internacional/portugal/tabla-de-posiciones,34,20203,0.17%,9.47
https://www.futbolperuano.com/en-vivo/copa-libertadores-independiente-medellin-vs-juventud-las-piedras-en-vivo-573395,34,17389,0.2%,8.02
https://www.futbolperuano.com/en-vivo/copa-sudamericana-2026-deportivo-cuenca-vs-libertad-en-vivo-568227,34,6715,0.51%,7.11
https://www.futbolperuano.com/liga-1/noticias/sporting-cristal-cristiano-da-silva-rompe-su-silencio-tras-sufrir-insultos-racistas-568809,34,4994,0.68%,6.49
https://www.futbolperuano.com/seleccion/noticias/alfonso-barco-y-su-confesion-tras-ser-convocado-a-la-seleccion-peruana-574114,34,3901,0.87%,4.75
https://www.futbolperuano.com/liga-1/noticias/roberto-palacios-pide-un-delantero-y-un-volante-creativo-para-sporting-cristal-573441,34,3658,0.93%,4.85
https://www.futbolperuano.com/liga-1/noticias/irven-avila-hace-historia-con-sporting-cristal-llego-a-179-goles-y-es-el-maximo-goleador-en-actividad-del-futbol-peruano-573777,34,3367,1.01%,5.72
https://www.futbolperuano.com/liga-1/noticias/sekou-gassama-la-razon-por-la-que-no-tiene-minutos-con-universitario-568920,34,2950,1.15%,5.08
https://www.futbolperuano.com/peruanos-en-el-exterior/noticias/los-peruanos-que-jugaran-en-el-exterior-en-este-ano-2025-505656,34,2431,1.4%,4.12
https://www.futbolperuano.com/peruanos-en-el-exterior/noticias/felipe-chavez-sumo-minutos-en-el-empate-del-colonia-574589,34,2233,1.52%,8.07
https://www.futbolperuano.com/liga-2/noticias/union-minas-ficha-dos-nuevos-refuerzos-para-la-liga-2-574162,34,2226,1.53%,6.98
https://www.futbolperuano.com/liga-3/noticias/club-peruano-anuncia-su-retiro-del-futbol-profesional-en-este-2026-574760,34,1756,1.94%,7.53
https://www.futbolperuano.com/seleccion/noticias/adrian-quiroz-rompe-en-emocion-tras-su-primer-llamado-a-la-seleccion-peruana-de-mano-menezes-573873,34,1042,3.26%,4.54
https://www.futbolperuano.com/liga-1/noticias/comision-disciplinaria-sanciono-drasticamente-a-javier-rabanal-y-jairo-concha-573525,34,928,3.66%,4.24
https://www.futbolperuano.com/radio/atlantis-47-ayacucho-4331,34,596,5.7%,7.24
https://www.futbolperuano.com/peru/mas-del-futbol-peruano/manni-el-libero-la-serie-de-los-80s-que-cautivo-a-los-amantes-del-futbol-en-peru-387741,34,345,9.86%,4.66
https://www.futbolperuano.com/liga-1/noticias/sporting-cristal-vs-sport-boys-en-vivo-online-por-la-fecha-7-del-torneo-apertura-de-la-liga-1-2026-573671,33,18987,0.17%,8.1
https://www.futbolperuano.com/liga-1/adt-tarma-vs-juan-pablo-ii-8-marzo-2026-liga-1-peru---torneo-apertura-m3230646,33,16909,0.2%,9.92
https://www.futbolperuano.com/seleccion/noticias/cuando-vuelve-a-jugar-la-seleccion-peruana-575518,33,11608,0.28%,3.44
https://www.futbolperuano.com/peruanos-en-el-exterior/noticias/gremio-novorizontino-no-pudo-ante-palmeiras-en-la-final-de-ida-del-campeonato-paulista-568370,33,10550,0.31%,10.06
https://www.futbolperuano.com/en-vivo/torneo-apertura-2026-sporting-cristal-vs-alianza-atletico-en-vivo-568538,33,6702,0.49%,5.86
https://www.futbolperuano.com/peru/clubes/alianza-universidad-huanuco/,33,4486,0.74%,8.71
https://www.futbolperuano.com/futbol-femenino/liga-femenina/flamengo-fbc-se-impuso-a-carlos-mannucci-y-sumo-su-primera-victoria-en-la-liga-femenina-2026-574698,33,2118,1.56%,6.5
https://www.futbolperuano.com/partidos-por-tv/noticias/programacion-de-hoy-domingo-1-de-marzo-de-2026-horarios-del-futbol-en-vivo-por-television-en-el-peru-567758,33,2020,1.63%,7.66
https://www.futbolperuano.com/peru/mas-del-futbol-peruano/los-10-clubes-peruanos-mas-antiguos-que-aun-siguen-en-competencia-505793,33,1757,1.88%,4.53
https://www.futbolperuano.com/seleccion/noticias/la-curiosa-reaccion-de-jean-ferrari-tras-supuesta-imagen-dormido-en-el-sport-boys-vs-deportivo-moquegua-en-el-callao-567844,33,1699,1.94%,6.01
https://www.futbolperuano.com/peru/la-encuesta-de-datum-tras-primeras-rondas-de-los-debates-presidenciales-576664,33,1027,3.21%,2.71
https://www.futbolperuano.com/partidos-por-tv/mls-de-estados-unidos-t27,33,922,3.58%,8.77
https://www.futbolperuano.com/liga-de-campeones/bayer-04-leverkusen-vs-arsenal-11-marzo-2026-uefa-champions-league-m3234566,33,921,3.58%,9.05
https://www.futbolperuano.com/tag/liga-distrital-de-trujillo,33,762,4.33%,5.85
https://www.futbolperuano.com/en-vivo/liga-femenina-2026-fc-killas-vs-unsaac-en-vivo-574481,33,742,4.45%,7.95
https://www.futbolperuano.com/futbol-de-menores/torneo-reservas/resultados,33,431,7.66%,7.33
https://www.futbolperuano.com/futbol-internacional/arabia-saudita/tabla-de-posiciones,32,82604,0.04%,9.67
https://www.futbolperuano.com/liga-1/universitario-de-deportes-vs-utc-cajamarca-14-marzo-2026-liga-1-peru---torneo-apertura-m3230667,32,66918,0.05%,11.29
https://www.futbolperuano.com/partidos-por-tv/premier-league-de-inglaterra-t21,32,13129,0.24%,10.4
https://www.futbolperuano.com/copa-libertadores/noticias/cusco-fc-ya-tiene-rival-y-fecha-para-su-debut-en-la-copa-libertadores-2026-574414,32,8808,0.36%,8.06
https://www.futbolperuano.com/liga-1/noticias/deportivo-garcilaso-tiene-nuevo-dt-jugo-al-lado-de-lionel-messi-574138,32,5131,0.62%,8.64
https://www.futbolperuano.com/liga-2/noticias/quembol-guadalupe-refuerza-a-deportivo-llacuabamba-para-pelear-el-ascenso-en-la-liga-2-568716,32,4635,0.69%,8.53
https://www.futbolperuano.com/copa-peru/noticias/resultados-fecha-5-liga-distrital-de-piura-y-tabla-posiciones-copa-peru-2026-573196,32,2532,1.26%,8.27
https://www.futbolperuano.com/partidos-por-tv/noticias/programacion-de-hoy-lunes-2-de-marzo-de-2026-horarios-del-futbol-en-vivo-por-television-en-el-peru-567838,32,2448,1.31%,7.45
https://www.futbolperuano.com/liga-1/noticias/advertencia-para-maxloren-castro-pedro-garcia-reacciona-a-video-viral-del-jugador-de-sporting-cristal-568421,32,2232,1.43%,5.06
https://www.futbolperuano.com/liga-voley/quienes-son-las-extranjeras-que-jugaran-en-la-liga-peruana-de-voley-495732,32,1455,2.2%,6.42
https://www.futbolperuano.com/futsal/futsalpro/tabla-de-posiciones,32,1451,2.21%,7.99
https://www.futbolperuano.com/copa-peru/noticias/copa-peru-2026-resultados-en-la-fecha-6-de-la-liga-distrital-de-arequipa-en-el-futbol-macho-575590,32,1357,2.36%,5.6
https://www.futbolperuano.com/copa-peru/noticias/el-club-peruano-que-lleva-anotados-36-goles-en-solo-cuatro-partidos-574898,32,1246,2.57%,6.27
https://www.futbolperuano.com/liga-1/noticias/juan-romagnoli-se-prepara-para-su-regreso-la-gran-apuesta-de-cienciano-en-la-temporada-2026-557507,32,907,3.53%,5.66
https://www.futbolperuano.com/en-vivo/copa-libertadores-2026-deportes-tolima-vs-ohiggins-en-vivo-573184,31,69178,0.04%,5.08
https://www.futbolperuano.com/futbol-internacional/italia/serie-b/tabla-de-posiciones,31,44146,0.07%,9.92
https://www.futbolperuano.com/en-vivo/copa-sudamericana-2026-boston-river-vs-racing-en-vivo-568403,31,11472,0.27%,6.61
https://www.futbolperuano.com/en-vivo/copa-sudamericana-2026-america-de-cali-vs-bucaramanga-en-vivo-568408,31,9770,0.32%,8.57
https://www.futbolperuano.com/copa-peru/noticias/resultados-fecha-4-liga-distrital-de-piura-por-la-copa-peru-2026-567913,31,9154,0.34%,9.85
https://www.futbolperuano.com/peruanos-en-el-exterior/noticias/pedro-gallese-salva-al-deportivo-cali-y-evita-la-derrota-ante-santa-fe-en-la-liga-colombiana-574208,31,4218,0.73%,9.66
https://www.futbolperuano.com/liga-1/noticias/los-partidos-que-le-restan-a-alianza-lima-en-el-torneo-clausura-543744,31,3589,0.86%,8.98
https://www.futbolperuano.com/liga-3/noticias/sorteo-en-vivo-y-en-directo-del-fixture-de-la-nueva-liga-3-512015,31,1726,1.8%,6.59
https://www.futbolperuano.com/liga-voley/LNSV-masculino/tabla-de-posiciones,31,1298,2.39%,7.76
https://www.futbolperuano.com/copa-peru/noticias/uno-de-los-equipos-mas-tradicionales-de-la-copa-peru-2026-fue-eliminado-574767,31,1065,2.91%,5.31
https://www.futbolperuano.com/peru/mas-del-futbol-peruano/academias-de-futbol-en-el-distrito-de-jesus-maria-498963,31,621,4.99%,9.89
https://www.futbolperuano.com/liga-3/noticias/juan-aurich-sorprende-con-su-nuevo-entrenador-para-la-liga-3-563265,31,545,5.69%,5.22
https://www.futbolperuano.com/futbol-de-menores/copa-federacion/oro/,31,209,14.83%,4.04
https://www.futbolperuano.com/peru/clubes/fbc-melgar/,30,34583,0.09%,8.95
https://www.futbolperuano.com/liga-1/cienciano-vs-fc-cajamarca-20-marzo-2026-liga-1-peru---torneo-apertura-m3230679,30,18015,0.17%,9.01
https://www.futbolperuano.com/en-vivo/efl-cup-2026-arsenal-vs-manchester-city-en-vivo-574650,30,11776,0.25%,9.31
https://www.futbolperuano.com/peruanos-en-el-exterior/noticias/nuremberg-gano-en-la-bundesliga-2-sin-fabio-gruber-en-cancha-573644,30,7791,0.39%,10.17
https://www.futbolperuano.com/en-vivo/concachampions-2026-alajuelense-vs-los-angeles-fc-en-vivo-574036,30,7240,0.41%,9.8
https://www.futbolperuano.com/liga-2/noticias/deportivo-llacuabamba-asegura-siete-refuerzos-para-la-liga-2-2026-568462,30,4909,0.61%,10.89
https://www.futbolperuano.com/mundial/noticias/bosnia-vs-italia-en-vivo-online-por-el-repechaje-al-mundial-2026-576713,30,3739,0.8%,6.78
https://www.futbolperuano.com/liga-1/noticias/matias-di-benedetto-obtuvo-la-nacionalidad-peruana-y-libera-cupo-de-extranjero-en-universitario-de-deportes-568282,30,3676,0.82%,4.11
https://www.futbolperuano.com/partidos-por-tv/noticias/programacion-de-hoy-lunes-16-de-marzo-de-2026-horarios-del-futbol-en-vivo-por-television-en-el-peru-573763,30,2831,1.06%,6.54
https://www.futbolperuano.com/futbol-de-menores/copa-federacion/universitario-de-deportes-saca-ventaja-en-la-copa-federacion-oro-574742,30,2627,1.14%,5.91
https://www.futbolperuano.com/futbol-internacional/noticias/guillermo-viscarra-integra-lista-de-convocados-de-bolivia-para-repechaje-al-mundial-2026-568890,30,1929,1.56%,6.65
https://www.futbolperuano.com/liga-1/noticias/desde-ecuador-se-rinden-ante-sekou-gassama-tras-su-gol-en-el-universitario-vs-ldu-576774,30,1261,2.38%,3.86
https://www.futbolperuano.com/copa-libertadores/sporting-cristal-vs-carabobo-fc-11-marzo-2026-copa-libertadores-m3234590,30,1217,2.47%,9.68
https://www.futbolperuano.com/copa-peru/noticias/la-liga-distrital-de-trujillo-arrancara-con-14-equipos-en-la-copa-peru-2026-562451,30,1074,2.79%,5.11
https://www.futbolperuano.com/seleccion/noticias/jugador-del-ac-milan-es-convocado-por-la-seleccion-peruana-574867,30,1032,2.91%,6.91
https://www.futbolperuano.com/copa-peru/noticias/resultados-en-la-fecha-2-de-la-liga-distrital-puno-copa-peru-2026-565107,30,828,3.62%,6.09
https://www.futbolperuano.com/futbol-de-menores/copa-federacion/plata/,30,219,13.7%,5.64
https://www.futbolperuano.com/futbol-internacional/colombia/tabla-de-posiciones,29,47878,0.06%,10.36
https://www.futbolperuano.com/peru/clubes/fc-cajamarca/,29,31241,0.09%,9.4
https://www.futbolperuano.com/liga-1/noticias/exploto-la-reaccion-de-javier-rabanal-luego-de-conocerse-su-sancion-de-4-fechas-573687,29,11121,0.26%,4.79
https://www.futbolperuano.com/en-vivo/champions-league-202526-chelsea-vs-psg-en-vivo-573998,29,8333,0.35%,7.88
https://www.futbolperuano.com/copa-sudamericana/noticias/tecnico-de-cienciano-quiere-a-river-plate-como-rival-en-la-copa-sudamericana-568617,29,7320,0.4%,4.74
https://www.futbolperuano.com/liga-1/noticias/debut-de-paolo-guerrero-como-panelista-en-streaming-divide-opiniones-en-alianza-lima-y-genera-fuerte-critica-574695,29,4556,0.64%,4.78
https://www.futbolperuano.com/copa-libertadores/noticias/cusco-fc-ya-conoce-el-bombo-para-el-sorteo-de-la-copa-libertadores-2026-573477,29,3499,0.83%,7.24
https://www.futbolperuano.com/copa-libertadores/noticias/sporting-cristal-confirmo-el-estadio-donde-jugara-la-fase-3-copa-libertadores-567576,29,2588,1.12%,7.89
https://www.futbolperuano.com/liga-1/noticias/esteban-pavez-podria-ser-baja-para-el-clasico-entre-alianza-lima-y-universitario-de-deportes-574740,29,2437,1.19%,4.92
https://www.futbolperuano.com/liga-voley/sudamericano-clubes-femenino/resultados,29,2384,1.22%,8.57
https://www.futbolperuano.com/liga-3/noticias/liga-3-cultural-volante-se-refuerza-con-excampeon-de-universitario-de-deportes-573076,29,1823,1.59%,4.73
https://www.futbolperuano.com/copa-peru/noticias/jose-galvez-de-chimbote-suma-su-tercer-triunfo-en-la-copa-peru-2026-568100,29,1546,1.88%,5.57
https://www.futbolperuano.com/partidos-por-tv/nativa-c31,29,1286,2.26%,7.48
https://www.futbolperuano.com/copa-peru/noticias/octavio-espinosa-la-pasa-mal-en-la-liga-distrital-de-ica-copa-peru-2026-573202,29,1139,2.55%,5.97
https://www.futbolperuano.com/liga-voley/liga-peruana-de-voley-como-se-jugaran-los-partidos-de-la-fecha-9-de-la-maxima-division-del-voley-femenino-555297,29,1125,2.58%,8.17
https://www.futbolperuano.com/liga-1/noticias/liga-1-2026-tendra-nuevo-torneo-la-fpf-lanza-la-copa-de-la-liga-que-se-jugara-durante-el-mundial-558236,29,1092,2.66%,6.61
https://www.futbolperuano.com/peru/mas-del-futbol-peruano/academias-de-futbol-en-san-martin-de-porres-498324,29,763,3.8%,7.71
https://www.futbolperuano.com/copa-peru/noticias/resultados-fecha-1-liga-distrital-huancayo-copa-peru-2026-567288,29,444,6.53%,4.81
https://www.futbolperuano.com/en-vivo/brasileirao-vasco-da-gama-vs-palmeiras-en-vivo-por-la-serie-a-de-brasil-573353,28,56952,0.05%,11.49
https://www.futbolperuano.com/en-vivo/champions-league-202526-bodo-glimt-vs-sporting-lisboa-en-vivo-573167,28,36329,0.08%,9.38
https://www.futbolperuano.com/liga-1/comerciantes-unidos-vs-atletico-grau-1-marzo-2026-liga-1-peru---torneo-apertura-m3230633,28,30355,0.09%,10.54
https://www.futbolperuano.com/partidos-por-tv/fc-barcelona-c26,28,20003,0.14%,9.32
https://www.futbolperuano.com/en-vivo/champions-league-femenina-202526-real-madrid-vs-barcelona-en-vivo-575005,28,18826,0.15%,9.85
https://www.futbolperuano.com/liga-1/noticias/fc-cajamarca-suma-nuevo-refuerzo-proveniente-de-la-copa-peru-568368,28,14977,0.19%,8.47
https://www.futbolperuano.com/copa-sudamericana/america-de-cali-vs-atletico-bucaramanga-5-marzo-2026-copa-sudamericana-m3224291,28,5919,0.47%,9.65
https://www.futbolperuano.com/peruanos-en-el-exterior/noticias/pedro-gallese-rafael-dudamel-nuevo-dt-de-deportivo-cali-se-rinde-ante-el-guardameta-peruano-573700,28,4599,0.61%,6.1
https://www.futbolperuano.com/futbol-internacional/australia/tabla-de-posiciones,28,4016,0.7%,9.06
https://www.futbolperuano.com/copa-libertadores/noticias/asi-se-jugara-la-fase-3-de-la-copa-libertadores-2026-567529,28,3895,0.72%,9.51
https://www.futbolperuano.com/seleccion/noticias/las-opciones-que-maneja-peru-en-la-defensa-tras-la-lesion-de-renzo-garces-574261,28,2315,1.21%,5.49
https://www.futbolperuano.com/liga-1/noticias/confirmado-universitario-revela-el-canal-que-transmitira-todos-sus-encuentros-en-la-liga-1-2026-560992,28,1962,1.43%,7.33
https://www.futbolperuano.com/liga-1/noticias/carlos-zambrano-y-miguel-trauco-negocian-con-juan-pablo-ii-clausulas-clave-definirian-su-futuro-en-la-liga-1-575600,28,1960,1.43%,4.83
https://www.futbolperuano.com/partidos-por-tv/brasil-campeonato-brasileno-de-futbol-serie-a-t13,28,1677,1.67%,8.97
https://www.futbolperuano.com/peru/mas-del-futbol-peruano/academias-de-futbol-en-san-juan-de-lurigancho-498154,28,749,3.74%,8.74
https://www.futbolperuano.com/futbol-femenino/liga-femenina/resultados,28,506,5.53%,7.35
https://www.futbolperuano.com/en-vivo/copa-libertadores-juventud-las-piedras-vs-independiente-medellin-en-vivo-568413,27,28674,0.09%,5.85
https://www.futbolperuano.com/peruanos-en-el-exterior/noticias/con-jesus-pretell-ldu-de-quito-tropezo-por-primera-vez-en-la-liga-pro-de-ecuador-2026-567842,27,24315,0.11%,8.4
https://www.futbolperuano.com/peru/clubes/sport-boys/,27,14410,0.19%,7.77
https://www.futbolperuano.com/liga-1/noticias/fc-cajamarca-hernan-barcos-rompe-su-silencio-tras-goleada-y-lanza-advertencia-en-plena-crisis-574583,27,7606,0.35%,6.76
https://www.futbolperuano.com/seleccion/noticias/la-ausencia-de-renato-tapia-sigue-generando-debate-en-el-pais-574992,27,5409,0.5%,6.74
https://www.futbolperuano.com/liga-1/noticias/javier-rabanal-vuelve-al-banco-comision-de-apelaciones-revoca-castigo-y-dirigira-a-universitario-en-cutervo-574395,27,2272,1.19%,4.03
https://www.futbolperuano.com/futbol-femenino/liga-femenina/atletico-andahuaylas-volvio-al-triunfo-y-escala-en-la-liga-femenina-576615,27,773,3.49%,7.84
https://www.futbolperuano.com/futbol-de-menores/mundial-montaigu/tabla-de-posiciones,27,710,3.8%,8.44
https://www.futbolperuano.com/liga-1/noticias/fixture-del-atletico-grau-en-el-torneo-apertura-2026-558424,27,513,5.26%,4.73
https://www.futbolperuano.com/liga-1/sporting-cristal-vs-alianza-atletico-7-marzo-2026-liga-1-peru---torneo-apertura-m3230666,26,42042,0.06%,9.67
https://www.futbolperuano.com/en-vivo/uefa-conference-league-202526-az-alkmaar-vs-sparta-praga-en-vivo-573329,26,33527,0.08%,11.38
https://www.futbolperuano.com/en-vivo/suiza-vs-alemania-en-vivo-por-la-fecha-fifa-575365,26,22618,0.11%,9.05
https://www.futbolperuano.com/copa-sudamericana/nacional-de-paraguay-vs-recoleta-5-marzo-2026-copa-sudamericana-m3224302,26,18575,0.14%,10.07
https://www.futbolperuano.com/liga-1/noticias/atletico-grau-hace-oficial-la-contratacion-de-joya-de-melgar-para-la-liga-1-2026-573707,26,13232,0.2%,10.16
https://www.futbolperuano.com/liga-1/noticias/marcos-lliuya-sorprende-al-cambiar-de-equipo-en-la-liga-1-del-2026-555445,26,10315,0.25%,8.25
https://www.futbolperuano.com/liga-1/noticias/fbc-melgar-se-refuerza-con-defensa-campeon-de-la-liga-mx-567734,26,7378,0.35%,9.51
https://www.futbolperuano.com/partidos-por-tv/noticias/programacion-de-partidos-por-tv-del-sabado-21-de-marzo-574553,26,4730,0.55%,5.84
https://www.futbolperuano.com/liga-1/noticias/celso-ayala-llega-a-fc-cajamarca-y-toma-decision-sobre-barcos-tiene-que-centrarse-en-jugar-al-futbol-575527,26,3474,0.75%,6.93
https://www.futbolperuano.com/liga-1/noticias/las-elecciones-generales-2026-provocan-reprogramacion-torneo-apertura-575000,26,2522,1.03%,8.47
https://www.futbolperuano.com/liga-1/noticias/se-pone-la-rosada-sport-boys-busca-el-fichaje-de-una-de-las-figuras-de-universitario-573484,26,2466,1.05%,4.58
https://www.futbolperuano.com/liga-1/noticias/liga-1-fixture-de-sporting-cristal-en-el-torneo-apertura-2026-558226,26,2169,1.2%,7.96
https://www.futbolperuano.com/peruanos-en-el-exterior/noticias/con-pedro-gallese-deportivo-cali-cayo-ante-once-caldas-568692,26,1578,1.65%,10.61
https://www.futbolperuano.com/liga-1/alianza-lima-vs-juan-pablo-ii-21-marzo-2026-liga-1-peru---torneo-apertura-m3230676,26,1572,1.65%,9.73
https://www.futbolperuano.com/liga-2/noticias/se-confirmo-el-futuro-de-deportivo-binacional-en-la-liga-2-564087,26,1404,1.85%,7.16
https://www.futbolperuano.com/copa-peru/noticias/resultados-fecha-4-liga-distrital-de-puno-en-la-copa-peru-2026-573295,26,1254,2.07%,7.4
https://www.futbolperuano.com/liga-1/noticias/liga-1-fixture-de-cusco-fc-en-el-torneo-apertura-2026-558272,26,1248,2.08%,5.43
https://www.futbolperuano.com/peru/mas-del-futbol-peruano/academias-de-futbol-en-el-distrito-de-comas-499766,26,1202,2.16%,7.64
https://www.futbolperuano.com/seleccion/noticias/jean-ferrari-rompe-su-silencio-y-revela-el-motivo-de-la-ausencia-de-renato-tapia-en-la-seleccion-peruana-574285,26,1022,2.54%,4.75
https://www.futbolperuano.com/liga-1/noticias/los-18-entrenadores-que-dirigiran-en-el-inicio-de-la-liga-1-del-2026-557962,26,756,3.44%,5.23
https://www.futbolperuano.com/peru/mas-del-futbol-peruano/academias-de-futbol-en-el-distrito-de-san-miguel-499482,26,577,4.51%,6.86
https://www.futbolperuano.com/tag/liga-distrital-de-chiclayo,26,368,7.07%,4.45
https://www.futbolperuano.com/futbol-internacional/costa-rica/san-carlos-vs-deportivo-saprissa-22-marzo-2026-primera-division-de-costa-rica-m3222675,26,365,7.12%,11.76
https://www.futbolperuano.com/liga-1/fbc-melgar-vs-atletico-grau-15-marzo-2026-liga-1-peru---torneo-apertura-m3230660,25,34280,0.07%,7.51
https://www.futbolperuano.com/en-vivo/brasil-vs-francia-en-vivo-por-la-fecha-fifa-575188,25,13791,0.18%,4.73
https://www.futbolperuano.com/liga-1/noticias/estos-son-los-18-equipos-que-disputaran-la-liga-1-2026-552523,25,4092,0.61%,7.79
https://www.futbolperuano.com/en-vivo/copa-sudamericana-2026-atletico-nacional-vs-millonarios-en-vivo-568221,25,3573,0.7%,5.23
https://www.futbolperuano.com/en-vivo/champions-league-202526-psg-vs-chelsea-en-vivo-573165,25,3299,0.76%,8.75
https://www.futbolperuano.com/seleccion/noticias/el-primer-once-de-la-seleccion-peruana-con-mano-menezes-como-entrenador-575327,25,3176,0.79%,7.91
https://www.futbolperuano.com/liga-1/noticias/javier-rabanal-revela-la-verdad-sobre-la-ausencia-de-sekou-gassama-en-universitario-567879,25,2961,0.84%,7.04
https://www.futbolperuano.com/seleccion/noticias/paolo-guerrero-y-el-final-de-su-ciclo-en-peru-crece-la-opcion-de-una-despedida-historica-con-la-seleccion-peruana-574827,25,2739,0.91%,4.84
https://www.futbolperuano.com/peruanos-en-el-exterior/noticias/erick-noriega-celebra-su-primer-titulo-con-gremio-y-revela-que-hablo-con-mano-menezes-tras-asumir-la-seleccion-peruana-569955,25,2360,1.06%,5.85
https://www.futbolperuano.com/partidos-por-tv/noticias/programacion-de-partidos-por-tv-del-jueves-26-de-marzo-575124,25,2036,1.23%,6.71
https://www.futbolperuano.com/en-vivo/liga-femenina-2026-carlos-mannucci-vs-killas-en-vivo-575389,25,1481,1.69%,7.82
https://www.futbolperuano.com/copa-peru/noticias/resultados-de-la-fecha-4-de-la-liga-distrital-de-huancayo-por-la-copa-peru-2026-573803,25,1160,2.16%,7.9
https://www.futbolperuano.com/copa-peru/noticias/como-marcha-jose-galvez-en-la-copa-peru-2026-575063,25,900,2.78%,5.97
https://www.futbolperuano.com/peruanos-en-el-exterior/noticias/erick-noriega-podria-dejar-gremio-para-llegar-al-futbol-europeo-568017,25,835,2.99%,3.75
https://www.futbolperuano.com/liga-1/noticias/carlos-zambrano-y-miguel-trauco-no-llegaran-a-sport-boys-para-la-liga-1-2026-573418,25,724,3.45%,4.22
https://www.futbolperuano.com/futbol-internacional/costa-rica/san-carlos-vs-alajuelense-7-marzo-2026-primera-division-de-costa-rica-m3222666,25,562,4.45%,10.52
https://www.futbolperuano.com/peru/mas-del-futbol-peruano/academias-de-futbol-en-el-distrito-de-surquillo-499580,25,472,5.3%,7.56
https://www.futbolperuano.com/peru/mas-del-futbol-peruano/academias-de-futbol-en-la-molina-499126,25,455,5.49%,8.07
https://www.futbolperuano.com/en-vivo/torneo-apertura-2026-comerciantes-unidos-vs-atletico-grau-en-vivo-567653,24,28096,0.09%,9.66
https://www.futbolperuano.com/liga-1/comerciantes-unidos-vs-universitario-de-deportes-21-marzo-2026-liga-1-peru---torneo-apertura-m3230671,24,24540,0.1%,9.52
https://www.futbolperuano.com/peru/clubes/utc-cajamarca/,24,18797,0.13%,9.32
https://www.futbolperuano.com/en-vivo/repechaje-al-mundial-2026-bolivia-va-irak-en-vivo-576890,24,11797,0.2%,2.48
https://www.futbolperuano.com/liga-1/noticias/liga-1-ministerio-de-cultura-se-pronuncia-por-protocolo-antirracismo-en-universitario-vs-utc-573755,24,9411,0.26%,9.27
https://www.futbolperuano.com/seleccion/noticias/solano-cuestiona-el-recambio-en-la-seleccion-peruana-y-lanza-advertencia-por-ausencia-de-tapia-nos-hace-ruido-575429,24,5394,0.44%,4.76
https://www.futbolperuano.com/peruanos-en-el-exterior/noticias/a-levantarse-juan-pablo-goicochea-fue-expulsado-y-defensor-sporting-se-aleja-del-primer-lugar-en-uruguay-573780,24,5201,0.46%,8.23
https://www.futbolperuano.com/copa-libertadores/noticias/guia-de-la-copa-libertadores-2026-con-equipos-y-calendario-completo-560655,24,4122,0.58%,8.3
https://www.futbolperuano.com/liga-2/noticias/deportivo-llacuabamba-suma-nuevos-fichajes-y-arma-un-plantel-potente-para-la-liga-2-2026-574172,24,3632,0.66%,12.21
https://www.futbolperuano.com/liga-1/noticias/pablo-guede-revela-la-razon-por-la-que-se-quedo-en-alianza-lima-y-rechazo-oferta-de-san-lorenzo-574717,24,3365,0.71%,5.04
https://www.futbolperuano.com/liga-2/noticias/liga-2-estudiantil-cni-presento-a-su-nuevo-entrenador-574504,24,2982,0.8%,7.7
https://www.futbolperuano.com/liga-voley/resultados-y-posiciones-del-campeonato-sudamericano-de-clubes-de-voleibol-femenino-2026-564170,24,2806,0.86%,8.46
https://www.futbolperuano.com/copa-peru/noticias/copa-peru-resultados-y-tabla-de-posiciones-en-la-fecha-5-de-la-liga-distrital-de-ayacucho-574643,24,2346,1.02%,5.59
https://www.futbolperuano.com/seleccion/noticias/seleccion-peruana-viaja-a-europa-inicia-la-era-mano-menezes-con-amistosos-ante-senegal-y-honduras-574817,24,2328,1.03%,5.78
https://www.futbolperuano.com/fichajes/fichajes-de-fbc-melgar-en-el-2026-altas-bajas-renovaciones-y-rumores-552025,24,1866,1.29%,5.76
https://www.futbolperuano.com/partidos-por-tv/amistosos-sub-16-de-selecciones-t443,24,1677,1.43%,5.99
https://www.futbolperuano.com/futbol-femenino/,24,1564,1.53%,10.05
https://www.futbolperuano.com/partidos-por-tv/noticias/programacion-de-partidos-por-tv-del-jueves-5-de-marzo-568337,24,1557,1.54%,3.93
https://www.futbolperuano.com/en-vivo/liga-femenina-2026-melgar-vs-yanapuma-en-vivo-575385,24,1504,1.6%,7.63
https://www.futbolperuano.com/copa-peru/noticias/octavio-espinosa-de-ica-gano-su-primer-partido-copa-peru-2026-573581,24,1142,2.1%,5.44
https://www.futbolperuano.com/liga-3/noticias/el-campeon-peruano-que-estaria-a-punto-de-desaparecer-por-deudas-575186,24,1073,2.24%,6.69
https://www.futbolperuano.com/copa-peru/noticias/como-marcha-la-liga-distrital-de-arequipa-en-la-copa-peru-2026-575353,24,1034,2.32%,6.16
https://www.futbolperuano.com/partidos-por-tv/movistar-peru-c9,24,1033,2.32%,12.66
https://www.futbolperuano.com/fichajes/fichajes-de-cusco-fc-en-el-2026-altas-bajas-renovaciones-y-rumores-para-la-liga-1-y-copa-libertadores-551771,24,939,2.56%,4.33
https://www.futbolperuano.com/liga-1/noticias/el-nuevo-estadio-al-que-podria-mudarse-atletico-grau-en-la-liga-1-563408,24,857,2.8%,5.79
https://www.futbolperuano.com/liga-2/noticias/union-minas-recibio-malas-noticias-antes-de-su-debut-en-la-liga-2-2026-556354,24,821,2.92%,3.27
https://www.futbolperuano.com/liga-1/noticias/el-nieto-de-angel-comizzo-es-refuerzo-del-atletico-grau-en-liga-1-557735,24,708,3.39%,6.97
https://www.futbolperuano.com/copa-peru/noticias/los-64-clasificados-a-la-etapa-nacional-de-la-copa-peru-2025-530699,24,693,3.46%,6.07
https://www.futbolperuano.com/copa-peru/noticias/resultados-fecha-7-liga-distrital-de-piura-en-copa-peru-2026-574746,24,653,3.68%,8.33
https://www.futbolperuano.com/liga-voley/copa-panamericana-femenina/tabla-de-posiciones,24,468,5.13%,9.21
https://www.futbolperuano.com/en-vivo/champions-league-atalanta-vs-bayern-munich-en-vivo-572019,23,37234,0.06%,13.28
https://www.futbolperuano.com/liga-1/noticias/abdiel-ayarza-y-su-polemico-mensaje-previo-a-los-chankas-vs-universitario-568489,23,6139,0.37%,6.9
https://www.futbolperuano.com/copa-libertadores/noticias/dos-jugadores-de-sporting-cristal-en-el-once-ideal-de-la-copa-libertadores-568705,23,4323,0.53%,6.07