Páginas principales,Clics,Impresiones,CTR,Posición
https://www.futbolperuano.com/partidos-por-tv/,89941,1795199,5.01%,6.34
https://www.futbolperuano.com/liga-voley/LNSV/tabla-de-posiciones,44086,326547,13.5%,5.76
https://www.futbolperuano.com/liga-1/tabla-acumulada/tabla-de-posiciones,11172,2785513,0.4%,8
https://www.futbolperuano.com/liga-voley/LNSV/resultados,8690,160784,5.4%,7.18
https://www.futbolperuano.com/,7579,210393,3.6%,4.67
https://www.futbolperuano.com/mas-deportes/noticias/kevin-borjas-en-la-ufc-hora-y-canal-para-ver-la-pelea-del-peruano-ante-imanol-rodriguez-en-mexico-567764,4723,56786,8.32%,4.01
https://www.futbolperuano.com/liga-voley/sudamericano-clubes-femenino/resultados,4707,77318,6.09%,7.31
https://www.futbolperuano.com/liga-voley/sudamericano-de-clubes-de-voley-como-se-jugaran-los-partidos-de-las-semifinales-564791,4420,74081,5.97%,4.68
https://www.futbolperuano.com/peruanos-en-el-exterior/,3063,9271,33.04%,3.64
https://www.futbolperuano.com/liga-voley/resultados-y-posiciones-del-campeonato-sudamericano-de-clubes-de-voleibol-femenino-2026-564170,2767,54709,5.06%,7.39
https://www.futbolperuano.com/en-vivo/conmebol-sub-20-femenino-2026-brasil-vs-venezuela-en-vivo-567680,2734,37181,7.35%,4.44
https://www.futbolperuano.com/liga-2/noticias/cuando-se-iniciara-el-torneo-de-liga-2-del-2026-562301,2644,30324,8.72%,5.51
https://www.futbolperuano.com/liga-3/tabla-de-posiciones,2265,22480,10.08%,4.47
https://www.futbolperuano.com/liga-2/tabla-de-posiciones,1886,85967,2.19%,5.6
https://www.futbolperuano.com/copa-libertadores/noticias/nestor-gorosito-se-ponuncio-luego-eliminacion-alianza-lima-copa-libertadores-563506,1871,11119,16.83%,3.7
https://www.futbolperuano.com/liga-1/resultados,1718,158184,1.09%,8.57
https://www.futbolperuano.com/copa-libertadores/tabla-de-posiciones,1670,15708,10.63%,8.68
https://www.futbolperuano.com/liga-1/tabla-de-posiciones,1628,313359,0.52%,9.46
https://www.futbolperuano.com/en-vivo/,1447,49533,2.92%,6.9
https://www.futbolperuano.com/liga-voley/programacion-de-la-fecha-8-de-la-fase-2-de-la-liga-peruana-de-voley-2025-26-567352,1439,24496,5.87%,4.44
https://www.futbolperuano.com/partidos-por-tv/liga-1-peru-torneo-apertura-t35,1351,75218,1.8%,9.16
https://www.futbolperuano.com/futbol-de-menores/jovenes-promesas/tabla-de-posiciones,1310,5845,22.41%,5.81
https://www.futbolperuano.com/en-vivo/sudamericano-clubes-voley-femenino-2026-regatas-lima-vs-uviv-en-vivo-564350,1246,16425,7.59%,3.11
https://www.futbolperuano.com/en-vivo/copa-america-de-futsal-peru-vs-venezuela-en-vivo-562066,1240,17053,7.27%,4.74
https://www.futbolperuano.com/liga-voley/programacion-de-la-fecha-6-de-la-fase-2-de-la-liga-peruana-de-voley-2025-26-563114,1236,29290,4.22%,5.15
https://www.futbolperuano.com/liga-voley/liga-peruana-de-voley-como-se-jugaran-los-partidos-de-la-fecha-7-de-la-fase-2-563624,1225,22396,5.47%,4.96
https://www.futbolperuano.com/liga-1/noticias/liga-1-donde-comprar-entradas-para-sport-huancayo-vs-sporting-cristal-567284,1214,21489,5.65%,5.89
https://www.futbolperuano.com/en-vivo/liga-peruana-de-voley-femenino-regatas-lima-vs-deportivo-soan-en-vivo-563724,1078,10849,9.94%,3.91
https://www.futbolperuano.com/liga-voley/que-partidos-del-sudamericano-de-clubes-de-voleibol-femenino-2026-transmitira-latina-564219,1076,26974,3.99%,6.56
https://www.futbolperuano.com/en-vivo/torneo-de-verano-de-bolivia-bolivar-vs-real-potosi-en-vivo-563795,1065,28414,3.75%,5.9
https://www.futbolperuano.com/partidos-por-tv/liga-1-primera-division-del-peru-t35,1012,49184,2.06%,8.22
https://www.futbolperuano.com/liga-3/noticias/estos-son-los-37-equipos-que-disputaran-la-liga-3-2026-553500,995,8049,12.36%,4.67
https://www.futbolperuano.com/en-vivo/olva-latino-vs-deportivo-soan-por-la-liga-peruana-de-voley-femenino-563339,894,9448,9.46%,3.26
https://www.futbolperuano.com/liga-2/noticias/estos-son-los-18-equipos-que-disputaran-la-liga-2-2026-553448,883,11108,7.95%,5.57
https://www.futbolperuano.com/liga-voley/alianza-lima-vs-san-martin-pronostico-y-cuando-juegan-por-sudamericano-de-clubes-de-voleibol-femenino-2026-564441,870,43646,1.99%,6.97
https://www.futbolperuano.com/liga-1/,853,397699,0.21%,9.14
https://www.futbolperuano.com/liga-voley/tablas-y-resultados-de-los-partidos-de-la-fecha-5-de-la-fase-2-de-la-liga-peruana-de-voley-562824,840,23945,3.51%,5.17
https://www.futbolperuano.com/liga-voley/tablas-y-resultados-de-los-partidos-de-la-fecha-7-de-la-fase-2-de-la-liga-peruana-de-voley-563780,840,18370,4.57%,5.26
https://www.futbolperuano.com/partidos-por-tv/peru-liga-peruana-de-voley-femenino-lnsv-t295,824,39882,2.07%,8.48
https://www.futbolperuano.com/partidos-por-tv/espn-c1,797,16416,4.86%,7.89
https://www.futbolperuano.com/en-vivo/liga-peruana-de-voley-femenino-geminis-vs-soan-en-vivo-567667,789,6253,12.62%,3.15
https://www.futbolperuano.com/partidos-por-tv/liga-1-peru-c42,780,152286,0.51%,8.83
https://www.futbolperuano.com/copa-peru/,756,19763,3.83%,5.55
https://www.futbolperuano.com/peru/mas-del-futbol-peruano/el-nuevo-torneo-que-se-jugara-en-peru-en-este-2026-562329,753,6473,11.63%,5.79
https://www.futbolperuano.com/en-vivo/copa-america-sub-20-de-futbol-femenino-peru-vs-bolivia-en-vivo-562593,752,20624,3.65%,6.33
https://www.futbolperuano.com/en-vivo/usmp-vs-rebaza-acosta-por-la-liga-peruana-de-voley-femenino-563341,749,10997,6.81%,3.35
https://www.futbolperuano.com/futbol-femenino/liga-femenina/alianza-lima-canal-que-transmitira-la-noche-blanquiazul-femenina-2026-562504,741,11566,6.41%,4.9
https://www.futbolperuano.com/liga-1/noticias/l1-max-gratis-en-movistar-como-ver-todos-los-partidos-de-la-liga-1-2026-561539,718,21873,3.28%,9.34
https://www.futbolperuano.com/liga-voley/alianza-lima-vs-san-martin-en-vivo-por-el-sudamericano-de-clubes-564919,694,25587,2.71%,5.74
https://www.futbolperuano.com/futbol-de-menores/jovenes-promesas/,693,4348,15.94%,5.89
https://www.futbolperuano.com/liga-voley/san-martin-vs-osasco-en-vivo-por-el-sudamericano-de-clubes-564813,689,23549,2.93%,5.34
https://www.futbolperuano.com/descentralizado/tabla-de-posiciones,686,64605,1.06%,8.23
https://www.futbolperuano.com/liga-voley/sudamericano-de-clubes-de-voley-como-se-jugaran-los-partidos-de-la-fecha-1-de-la-fase-de-grupos-563975,686,16563,4.14%,5.78
https://www.futbolperuano.com/liga-1/noticias/universitario-de-deportes-toma-radical-decision-con-sekou-gassama-563449,683,24376,2.8%,5.21
https://www.futbolperuano.com/en-vivo/san-martin-vs-alianza-lima-marcador-en-vivo-por-la-liga-peruana-de-voley-femenino-562103,651,25469,2.56%,5.14
https://www.futbolperuano.com/liga-2/,638,17173,3.72%,6.66
https://www.futbolperuano.com/liga-1/noticias/alianza-lima-busca-el-fichaje-de-futbolista-que-revelo-ser-hincha-de-universitario-564521,636,6987,9.1%,4.92
https://www.futbolperuano.com/liga-voley/liga-peruana-de-voley-como-se-jugaran-los-partidos-de-la-fecha-5-de-la-fase-2-562229,635,15983,3.97%,5.79
https://www.futbolperuano.com/liga-voley/fixture-oficial-del-sudamericano-de-clubes-de-voleibol-femenino-2026-562447,629,16858,3.73%,7.61
https://www.futbolperuano.com/en-vivo/torneo-apertura-2026-melgar-vs-deportivo-moquegua-en-vivo-563715,626,112502,0.56%,7.24
https://www.futbolperuano.com/liga-voley/san-martin-vs-banco-republica-en-vivo-por-el-sudamericano-de-clubes-564693,624,14718,4.24%,5.44
https://www.futbolperuano.com/liga-voley/fechas-horas-y-canales-de-transmision-del-sudamericano-de-clubes-de-voley-2026-564104,621,25551,2.43%,7.37
https://www.futbolperuano.com/en-vivo/alianza-lima-vs-san-martin-por-la-liga-peruana-de-voley-femenino-562095,619,18536,3.34%,3.4
https://www.futbolperuano.com/en-vivo/liga-peruana-de-voley-femenino-regatas-lima-vs-deportivo-geminis-en-vivo-562998,606,10331,5.87%,3.66
https://www.futbolperuano.com/en-vivo/sudamericano-de-clubes-de-voley-femenino-2026-san-martin-vs-banco-republica-en-vivo-564703,605,9239,6.55%,3.85
https://www.futbolperuano.com/liga-2/noticias/se-confirmo-el-futuro-de-binacional-para-el-2026-565140,592,8316,7.12%,5.45
https://www.futbolperuano.com/en-vivo/torneo-apertura-de-paraguay-2026-cerro-porteno-vs-olimpia-en-vivo-564725,591,39128,1.51%,5.71
https://www.futbolperuano.com/liga-1/noticias/alianza-atletico-vs-adt-tarma-en-vivo-online-fecha-5-torneo-apertura-liga-1-567560,587,125386,0.47%,6.53
https://www.futbolperuano.com/futbol-femenino/peru-y-sus-convocadas-para-el-campeonato-sudamericano-femenino-sub-20-2026-562143,581,11140,5.22%,9.2
https://www.futbolperuano.com/liga-1/noticias/diego-rebagliati-revela-la-decision-de-alianza-lima-tras-polemica-de-piero-cari-563407,578,8906,6.49%,4.24
https://www.futbolperuano.com/liga-voley/resultados-y-posiciones-de-la-fecha-6-de-la-segunda-etapa-de-la-liga-peruana-de-voley-563230,571,17164,3.33%,4.88
https://www.futbolperuano.com/en-vivo/liga-peruana-de-voley-femenino-atletico-atenea-vs-circolo-sportivo-567314,566,3987,14.2%,3.42
https://www.futbolperuano.com/liga-2/noticias/se-confirmo-el-futuro-de-deportivo-binacional-en-la-liga-2-564087,562,11908,4.72%,8.67
https://www.futbolperuano.com/en-vivo/torneo-apertura-2026-cienciano-vs-alianza-atletico-en-vivo-564662,539,173231,0.31%,6.19
https://www.futbolperuano.com/liga-voley/cuando-y-donde-comprar-entradas-para-el-sudamericano-de-clubes-de-voleibol-femenino-563432,517,19525,2.65%,6.46
https://www.futbolperuano.com/futbol-femenino/tabla-de-posiciones,500,12449,4.02%,6.92
https://www.futbolperuano.com/partidos-por-tv/golperu-c4,492,29349,1.68%,8.27
https://www.futbolperuano.com/futbol-femenino/universitario-de-deportes-participara-en-torneo-internacional-564323,475,18495,2.57%,4.23
https://www.futbolperuano.com/en-vivo/conmebol-sub-20-femenino-venezuela-vs-paraguay-en-vivo-563285,469,11444,4.1%,7.12
https://www.futbolperuano.com/liga-1/noticias/asi-se-jugara-la-fecha-4-del-torneo-apertura-564007,454,25483,1.78%,7.67
https://www.futbolperuano.com/liga-voley/regatas-lima-vs-sesi-en-vivo-por-el-sudamericano-de-clubes-564685,454,21407,2.12%,5.32
https://www.futbolperuano.com/en-vivo/liga-peruana-de-voley-femenino-universitario-vs-atletico-atenea-en-vivo-562999,449,17027,2.64%,3.34
https://www.futbolperuano.com/liga-voley/universitario-vs-atletico-atenea-en-vivo-por-la-liga-peruana-de-voley-562981,438,45636,0.96%,3.39
https://www.futbolperuano.com/en-vivo/torneo-apertura-2026-sport-boys-vs-atletico-grau-en-vivo-563708,424,116391,0.36%,5.35
https://www.futbolperuano.com/futbol-femenino/liga-femenina/liga-femenina-los-clubes-que-disputaran-la-primera-division-femenina-de-peru-en-el-2026-555157,421,3099,13.59%,4.46
https://www.futbolperuano.com/en-vivo/conmebol-sub-20-femenino-ecuador-vs-argentina-en-vivo-562943,416,10090,4.12%,7.91
https://www.futbolperuano.com/liga-1/noticias/fc-cajamarca-se-refuerza-con-arquero-colombiano-para-la-liga-1-562840,412,44630,0.92%,5.88
https://www.futbolperuano.com/en-vivo/atp-rio-open-2026-ignacio-buse-vs-matteo-berrettini-en-vivo-desde-brasil-564764,410,51237,0.8%,4.59
https://www.futbolperuano.com/en-vivo/conmebol-sub-20-femenino-argentina-vs-venezuela-en-vivo-564043,407,16414,2.48%,7.11
https://www.futbolperuano.com/liga-1/noticias/alexander-callens-en-recuperacion-cardiaca-responde-sobre-jugar-en-alianza-lima-563032,403,22645,1.78%,3.67
https://www.futbolperuano.com/liga-1/noticias/deportivo-binacional-vuelve-a-la-liga-1-por-el-tribunal-constitucional-564982,401,11548,3.47%,5.25
https://www.futbolperuano.com/en-vivo/conmebol-sub-20-femenino-venezuela-vs-paraguay-en-vivo-564457,398,14518,2.74%,7.89
https://www.futbolperuano.com/liga-voley/san-martin-vs-alianza-lima-en-vivo-por-la-liga-peruana-de-voley-561981,389,25386,1.53%,6.75
https://www.futbolperuano.com/liga-1/noticias/universitario-toma-decision-sobre-sekou-gassama-previo-al-duelo-ante-fc-cajamarca-567443,386,5798,6.66%,4.14
https://www.futbolperuano.com/liga-1/noticias/liga-1-fixture-de-universitario-de-deportes-en-el-torneo-apertura-2026-558224,383,22942,1.67%,7.8
https://www.futbolperuano.com/en-vivo/conmebol-sub-20-femenino-venezuela-vs-ecuador-en-vivo-564710,383,20691,1.85%,7.73
https://www.futbolperuano.com/copa-libertadores/noticias/sporting-cristal-vs-carabobo-cuando-juegan-por-la-fase-3-de-la-copa-libertadores-2026-565219,367,27205,1.35%,6.87
https://www.futbolperuano.com/en-vivo/torneo-apertura-2026-deportivo-garcilaso-vs-cienciano-567485,365,65491,0.56%,7.54
https://www.futbolperuano.com/futsal/peru-vencio-a-venezuela-y-se-quedo-con-el-tercer-lugar-en-la-copa-america-de-futsal-2026-562084,365,14474,2.52%,7.21
https://www.futbolperuano.com/liga-1/noticias/deportivo-moquegua-vs-utc-en-vivo-online-por-la-fecha-2-del-torneo-apertura-de-la-liga-1-2026-562689,361,101122,0.36%,8.19
https://www.futbolperuano.com/en-vivo/conmebol-sub-20-femenino-peru-vs-ecuador-en-vivo-563772,361,11943,3.02%,8.86
https://www.futbolperuano.com/liga-1/noticias/liga-1-por-movistar-l1-max-ocupara-el-lugar-de-golperu-en-la-temporada-2026-561362,359,8880,4.04%,7.76
https://www.futbolperuano.com/en-vivo/torneo-apertura-2026-melgar-vs-los-chankas-en-vivo-567480,357,76568,0.47%,9.13
https://www.futbolperuano.com/futbol-de-menores/jovenes-promesas/resultados,352,2447,14.38%,6.51
https://www.futbolperuano.com/liga-1/noticias/alianza-atletico-vs-cusco-fc-en-vivo-online-por-la-fecha-1-del-torneo-apertura-de-liga-1-2026-562017,347,80315,0.43%,7.51
https://www.futbolperuano.com/en-vivo/noche-blanquiazul-femenina-2026-alianza-lima-vs-ldu-de-quito-en-vivo-562610,345,18490,1.87%,5.57
https://www.futbolperuano.com/liga-3/,344,8582,4.01%,6.81
https://www.futbolperuano.com/liga-voley/alianza-lima-vs-sesi-volei-bauru-en-vivo-por-el-sudamericano-de-clubes-564810,327,27876,1.17%,5.91
https://www.futbolperuano.com/en-vivo/copa-america-de-futsal-argentina-vs-brasil-en-vivo-562079,327,14259,2.29%,7.06
https://www.futbolperuano.com/liga-1/noticias/alianza-atletico-vs-alianza-lima-probables-alineaciones-para-el-duelo-por-la-fecha-3-del-torneo-apertura-de-la-liga-1-563861,324,114507,0.28%,6.7
https://www.futbolperuano.com/peru/cristiano-ronaldo-vendria-al-peru-este-2026-quien-seria-su-rival-y-cuando-llegaria-561487,324,25182,1.29%,6.35
https://www.futbolperuano.com/en-vivo/torneo-apertura-2026-comerciantes-unidos-vs-los-chankas-en-vivo-563714,317,81800,0.39%,8.41
https://www.futbolperuano.com/en-vivo/torneo-apertura-2026-fc-cajamarca-vs-deportivo-garcilaso-563112,314,86941,0.36%,7.85
https://www.futbolperuano.com/liga-1/noticias/utc-desde-cajamarca-lanzan-advertencia-a-alianza-lima-567516,314,55329,0.57%,7.32
https://www.futbolperuano.com/liga-1/goleadores,314,15549,2.02%,6.92
https://www.futbolperuano.com/peru/quien-sera-el-nuevo-presidente-de-peru-tras-censura-de-jose-jeri-564222,312,4624,6.75%,4.96
https://www.futbolperuano.com/futbol-femenino/sudamericano-sub-20/tabla-de-posiciones,309,181807,0.17%,10.25
https://www.futbolperuano.com/liga-voley/sudamericano-de-clubes-de-voley-2026-formato-y-premio-para-los-finalistas-del-certamen-560038,309,9901,3.12%,8.42
https://www.futbolperuano.com/liga-voley/alianza-lima-vs-deportivo-geminis-en-vivo-online-por-la-fecha-7-de-la-fase-2-de-la-liga-peruana-de-voley-563888,308,31842,0.97%,3.8
https://www.futbolperuano.com/en-vivo/torneo-apertura-2026-alianza-atletico-vs-adt-de-tarma-en-vivo-567479,307,61499,0.5%,7.23
https://www.futbolperuano.com/liga-1/noticias/cuando-juegan-sporting-cristal-vs-universitario-de-deportes-563948,306,52983,0.58%,6.73
https://www.futbolperuano.com/futbol-internacional/inglaterra/fa-cup/tabla-de-posiciones,303,8045,3.77%,10.16
https://www.futbolperuano.com/en-vivo/sudamericano-de-clubes-de-voley-femenino-osasco-vs-boston-college-en-vivo-564487,301,4381,6.87%,4.06
https://www.futbolperuano.com/copa-peru/tabla-de-posiciones,296,6248,4.74%,6.32
https://www.futbolperuano.com/liga-1/noticias/como-comprar-y-cuanto-cuestan-las-entradas-del-utc-vs-alianza-lima-565150,295,14043,2.1%,6.52
https://www.futbolperuano.com/futsal/resultados-y-tabla-de-posiciones-de-la-copa-america-de-futsal-560906,294,13242,2.22%,9.24
https://www.futbolperuano.com/liga-1/noticias/sporting-cristal-llega-golpeado-bajas-sensibles-complican-el-clasico-ante-universitario-564591,294,7571,3.88%,5.19
https://www.futbolperuano.com/mas-deportes/noticias/joao-fonseca-vs-ignacio-buse-en-el-rio-open-2026-564370,287,23948,1.2%,4.3
https://www.futbolperuano.com/en-vivo/torneo-apertura-2026-adt-de-tarma-vs-utc-de-cajamarca-en-vivo-564663,286,105371,0.27%,8.22
https://www.futbolperuano.com/liga-1/noticias/liga-1-fixture-de-deportivo-moquegua-en-el-torneo-apertura-2026-558317,285,5741,4.96%,7.23
https://www.futbolperuano.com/copa-peru/noticias/leon-de-huanuco-no-jugara-la-copa-peru-2026-y-confirma-participacion-en-tradicion-copera-2026-563838,283,5243,5.4%,5.4
https://www.futbolperuano.com/liga-1/noticias/liga-1-donde-comprar-entradas-para-el-cusco-fc-vs-universitario-de-deportes-562522,276,15810,1.75%,6.3
https://www.futbolperuano.com/liga-voley/san-martin-vs-circolo-en-vivo-online-por-la-liga-peruana-de-voley-567681,274,6303,4.35%,4.51
https://www.futbolperuano.com/liga-voley/a-que-hora-juega-alianza-lima-vs-san-martin-por-el-sudamericano-de-clubes-564473,273,11793,2.31%,6.86
https://www.futbolperuano.com/liga-3/noticias/clubes-peruanos-se-fusionan-para-participar-en-este-2026-562661,272,4908,5.54%,6.74
https://www.futbolperuano.com/en-vivo/torneo-apertura-2026-sporting-cristal-vs-universitario-en-vivo-564661,271,64919,0.42%,3.96
https://www.futbolperuano.com/liga-1/noticias/la-razon-por-la-que-miguel-silveira-aun-no-consigue-debutar-con-universitario-en-la-liga-1-564112,270,19060,1.42%,2.73
https://www.futbolperuano.com/en-vivo/deportivo-geminis-vs-olva-latino-en-vivo-por-la-liga-peruana-de-voley-femenino-562094,269,3373,7.98%,4.56
https://www.futbolperuano.com/en-vivo/torneo-apertura-2026-adt-de-tarma-vs-sport-boys-en-vivo-562813,268,86724,0.31%,7.21
https://www.futbolperuano.com/liga-1/alianza-lima-vs-sport-boys-20-febrero-2026-liga-1-peru---torneo-apertura-m3230645,263,10430,2.52%,9.25
https://www.futbolperuano.com/en-vivo/liga-peruana-de-voley-femenino-universitario-vs-geminis-en-vivo-567309,261,13094,1.99%,5.35
https://www.futbolperuano.com/copa-libertadores/noticias/prensa-paraguaya-reacciona-al-empate-de-sporting-cristal-el-gallo-dara-pelea-564412,260,16289,1.6%,4.32
https://www.futbolperuano.com/en-vivo/sudamericano-de-clubes-de-voley-femenino-alianza-lima-vs-san-martin-en-vivo-564485,260,8732,2.98%,4.53
https://www.futbolperuano.com/futbol-femenino/peru-cae-aparatosamente-ante-brasil-y-se-complica-en-el-sudamericano-femenino-sub-20-563460,256,18672,1.37%,7.51
https://www.futbolperuano.com/liga-1/noticias/liga-1-tabla-de-posiciones-del-puntaje-acumulado-284185,251,3501,7.17%,19.72
https://www.futbolperuano.com/copa-libertadores/noticias/club-2-de-mayo-vs-sporting-cristal-en-vivo-online-por-fase-2-de-la-copa-libertadores-2026-564082,250,54533,0.46%,8.74
https://www.futbolperuano.com/liga-voley/osasco-vs-sesi-en-vivo-por-el-sudamericano-de-clubes-564921,250,8185,3.05%,5.41
https://www.futbolperuano.com/copa-libertadores/noticias/sporting-cristal-y-su-once-ante-club-2-de-mayo-por-la-fase-2-de-la-copa-libertadores-2026-564264,248,99473,0.25%,2.54
https://www.futbolperuano.com/futbol-internacional/inglaterra/tabla-de-posiciones,246,139671,0.18%,9.34
https://www.futbolperuano.com/liga-1/clausura/tabla-de-posiciones,246,19670,1.25%,8.3
https://www.futbolperuano.com/liga-1/noticias/liga-1-alineaciones-de-alianza-lima-vs-comerciantes-unidos-por-la-fecha-2-del-torneo-apertura-de-la-liga-1-563010,245,26183,0.94%,6.43
https://www.futbolperuano.com/en-vivo/torneo-de-verano-de-bolivia-real-potosi-vs-bolivar-en-vivo-564609,240,11065,2.17%,6.66
https://www.futbolperuano.com/en-vivo/torneo-apertura-2026-cusco-fc-vs-universitario-en-vivo-562818,239,37793,0.63%,4.73
https://www.futbolperuano.com/liga-1/noticias/alianza-lima-en-alerta-guillermo-viscarra-sufre-desgarro-y-se-suma-a-la-larga-lista-de-bajas-para-el-apertura-2026-562859,239,11901,2.01%,6.3
https://www.futbolperuano.com/liga-1/noticias/resultados-y-tabla-de-posiciones-de-la-fecha-4-del-torneo-apertura-564499,238,83276,0.29%,8.34
https://www.futbolperuano.com/liga-1/deportivo-garcilaso-vs-cienciano-27-febrero-2026-liga-1-peru---torneo-apertura-m3230638,238,23622,1.01%,9.26
https://www.futbolperuano.com/en-vivo/torneo-apertura-2026-utc-vs-cusco-fc-en-vivo-563695,233,79080,0.29%,8.91
https://www.futbolperuano.com/en-vivo/liga-peruana-de-voley-femenino-rebaza-acosta-vs-circolo-sportivo-en-vivo-562876,233,3843,6.06%,3.41
https://www.futbolperuano.com/liga-1/noticias/carlos-desio-sorprende-con-el-nuevo-equipo-que-dirigira-en-el-2026-554022,232,2977,7.79%,4.45
https://www.futbolperuano.com/copa-libertadores/noticias/2-de-mayo-vs-sporting-cristal-probables-alineaciones-para-el-duelo-por-la-ida-de-la-fase-2-de-la-copa-libertadores-564124,231,97870,0.24%,5.64
https://www.futbolperuano.com/liga-1/noticias/cienciano-vs-alianza-atletico-en-vivo-por-el-torneo-apertura-de-la-liga-1-2026-564722,230,96660,0.24%,6.56
https://www.futbolperuano.com/futbol-internacional/espana/copa-del-rey/tabla-de-posiciones,230,26002,0.88%,8.59
https://www.futbolperuano.com/en-vivo/copa-chubb-de-ecuador-2026-universidad-catolica-vs-universitario-de-deportes-en-vivo-564712,229,9829,2.33%,4.81
https://www.futbolperuano.com/en-vivo/atp-rio-open-2026-igor-marcondes-vs-ignacio-buse-en-vivo-desde-brasil-564048,228,15080,1.51%,6.38
https://www.futbolperuano.com/liga-1/noticias/carlos-zambrano-y-el-inesperado-equipo-por-que-firmaria-567409,227,6217,3.65%,3.82
https://www.futbolperuano.com/partidos-por-tv/uefa-champions-league-t8,226,27594,0.82%,9.18
https://www.futbolperuano.com/liga-1/noticias/ivan-colman-enciende-la-polemica-tras-el-1-1-ante-universitario-ellos-tambien-empatan-o-ganan-por-decisiones-arbitrales-563050,224,11907,1.88%,3.98
https://www.futbolperuano.com/en-vivo/conmebol-sub-20-femenino-2026-ecuador-vs-paraguay-en-vivo-567677,220,11578,1.9%,7.12
https://www.futbolperuano.com/resultados/,217,80269,0.27%,7.31
https://www.futbolperuano.com/en-vivo/conmebol-sub-20-femenino-uruguay-vs-paraguay-en-vivo-562838,217,9038,2.4%,8.62
https://www.futbolperuano.com/en-vivo/sudamericano-de-clubes-de-voley-femenino-2026-boston-college-vs-olympic-en-vivo-564697,215,2349,9.15%,3.71
https://www.futbolperuano.com/liga-1/noticias/fc-cajamarca-vs-deportivo-garcilaso-en-vivo-online-por-la-fecha-2-del-torneo-apertura-de-la-liga-1-2026-563024,214,82881,0.26%,8.71
https://www.futbolperuano.com/en-vivo/torneo-apertura-2026-cienciano-vs-juan-pablo-ii-en-vivo-562829,214,53165,0.4%,8.1
https://www.futbolperuano.com/en-vivo/liga-1-alianza-atletico-vs-cusco-fc-561989,210,86248,0.24%,7.03
https://www.futbolperuano.com/liga-voley/resultados-y-tabla-de-posiciones-de-la-fecha-8-de-la-liga-peruana-de-voley-567612,210,6800,3.09%,6.12
https://www.futbolperuano.com/liga-1/noticias/sport-boys-vs-atletico-grau-en-vivo-online-por-la-fecha-3-del-torneo-apertura-de-la-liga-1-2026-563824,209,71910,0.29%,7
https://www.futbolperuano.com/futbol-femenino/liga-femenina/se-oficializo-el-fixture-de-la-liga-femenina-2026-y-el-formato-de-competencia-567603,208,4261,4.88%,7.55
https://www.futbolperuano.com/liga-1/noticias/liga-1-fixture-de-fc-cajamarca-en-el-torneo-apertura-2026-558266,207,5661,3.66%,7.63
https://www.futbolperuano.com/en-vivo/conmebol-sub-20-femenino-paraguay-vs-brasil-en-vivo-564041,204,12561,1.62%,8.88
https://www.futbolperuano.com/en-vivo/torneo-apertura-2026-deportivo-garcilaso-vs-adt-de-tarma-en-vivo-563699,203,64578,0.31%,7.34
https://www.futbolperuano.com/liga-2/noticias/carlos-mannucci-presento-a-su-plantel-para-disputar-la-liga-2-del-2026-562350,203,3507,5.79%,7.68
https://www.futbolperuano.com/en-vivo/copa-libertadores-2026-sporting-cristal-vs-2-de-mayo-en-vivo-565154,202,18693,1.08%,5.86
https://www.futbolperuano.com/en-vivo/liga-peruana-de-voley-femenino-san-martin-vs-circolo-sportivo-en-vivo-567670,202,4492,4.5%,4.25
https://www.futbolperuano.com/seleccion/noticias/peru-debuto-con-triunfo-en-el-torneo-jovenes-promesas-de-argentina-563101,200,8168,2.45%,7.61
https://www.futbolperuano.com/copa-peru/noticias/la-liga-distrital-de-arequipa-ya-tiene-fixture-en-la-copa-peru-2026-562467,200,5537,3.61%,6.91
https://www.futbolperuano.com/liga-1/noticias/jairo-concha-esta-cerca-de-dar-el-salto-al-exterior-565122,196,11898,1.65%,3.15
https://www.futbolperuano.com/partidos-por-tv/copa-libertadores-t5,195,18509,1.05%,10.14
https://www.futbolperuano.com/copa-peru/noticias/los-equipos-con-mas-tradicion-e-historia-en-la-copa-peru-2026-563274,195,4576,4.26%,7.74
https://www.futbolperuano.com/liga-1/noticias/flavio-maestri-rompe-su-silencio-y-revela-el-equipo-del-cual-es-hincha-565218,192,21331,0.9%,2.79
https://www.futbolperuano.com/liga-1/noticias/pablo-guede-y-el-nuevo-once-de-alianza-lima-para-enfrentar-a-sport-boys-564491,192,5740,3.34%,4.63
https://www.futbolperuano.com/liga-1/noticias/jairo-velez-cuestiona-criticas-de-hinchas-a-alianza-lima-tras-empate-y-afirma-que-hay-cosas-que-no-se-entienden-563959,190,12871,1.48%,4.94
https://www.futbolperuano.com/liga-1/noticias/liga-1-posibles-alineaciones-de-cusco-fc-vs-universitario-de-deportes-por-la-fecha-2-del-torneo-apertura-de-la-liga-1-562842,189,41104,0.46%,7.3
https://www.futbolperuano.com/liga-voley/alianza-lima-vs-olva-latino-en-vivo-por-la-liga-peruana-de-voley-562910,189,12796,1.48%,4.9
https://www.futbolperuano.com/liga-voley/alianza-lima-vs-banco-republica-en-vivo-por-el-sudamericano-de-clubes-de-voleibol-564179,189,9587,1.97%,6.98
https://www.futbolperuano.com/futbol-internacional/alemania/dfb-pokal/tabla-de-posiciones,186,3438,5.41%,11.25
https://www.futbolperuano.com/liga-1/noticias/carlos-zambrano-no-deja-alianza-lima-el-contrato-y-las-trabas-que-frenan-su-salida-del-club-blanquiazul-563018,185,43910,0.42%,3.14
https://www.futbolperuano.com/en-vivo/torneo-apertura-2026-fc-cajamarca-vs-melgar-en-vivo-564660,184,26438,0.7%,7.57
https://www.futbolperuano.com/liga-1/noticias/tabla-posiciones-resultados-fecha-3-torneo-apertura-de-la-liga-1-563551,183,27529,0.66%,8.16
https://www.futbolperuano.com/en-vivo/torneo-jovenes-promesas-2026-argentina-vs-peru-en-vivo-563713,183,5385,3.4%,7.44
https://www.futbolperuano.com/liga-1/noticias/adt-de-tarma-vs-sport-boys-en-vivo-por-el-torneo-apertura-562749,182,67694,0.27%,7.68
https://www.futbolperuano.com/liga-1/noticias/jean-pierre-rhyner-es-la-principal-opcion-de-alianza-lima-para-reemplazar-a-carlos-zambrano-562064,182,5244,3.47%,4
https://www.futbolperuano.com/en-vivo/campeonato-paulista-2026-mirassol-vs-novorizontino-en-vivo-562070,181,52262,0.35%,9.28
https://www.futbolperuano.com/liga-1/noticias/alianza-lima-y-las-posibles-10-ausencias-para-la-fecha-2-del-torneo-apertura-562743,181,4031,4.49%,5.13
https://www.futbolperuano.com/partidos-por-tv/liga-nacional-superior-de-voleibol-del-peru-t295,179,10706,1.67%,8.53
https://www.futbolperuano.com/futbol-femenino/sudamericano-sub-17/tabla-de-posiciones,179,6046,2.96%,10.73
https://www.futbolperuano.com/en-vivo/sudamericano-de-clubes-de-voley-femenino-san-martin-vs-osasco-en-vivo-564832,177,6269,2.82%,4.93
https://www.futbolperuano.com/liga-1/noticias/crisis-total-en-alianza-lima-tras-adios-a-la-copa-libertadores-hinchas-apuntan-contra-navarro-y-suena-regreso-de-hernan-barcos-563601,177,5940,2.98%,4.85
https://www.futbolperuano.com/en-vivo/liga-peruana-de-voley-femenino-san-martin-vs-deportivo-soan-en-vivo-562877,177,3909,4.53%,4.01
https://www.futbolperuano.com/peruanos-en-el-exterior/noticias/joao-grimaldo-sparta-praga-no-contara-con-el-delantero-para-disputar-la-conference-league-562640,176,11058,1.59%,9.77
https://www.futbolperuano.com/liga-1/noticias/utc-sufrira-sensible-baja-para-el-duelo-ante-alianza-lima-565036,174,15255,1.14%,6.02
https://www.futbolperuano.com/en-vivo/conmebol-sub-20-femenino-argentina-vs-peru-en-vivo-563071,174,11878,1.46%,8.13
https://www.futbolperuano.com/en-vivo/osasco-vs-olympic-transmision-en-vivo-por-el-sudamericano-de-clubes-de-voleibol-femenino-2026-564349,174,3486,4.99%,4.35
https://www.futbolperuano.com/liga-voley/sudamericano-clubes-femenino/tabla-de-posiciones,172,6728,2.56%,8.67
https://www.futbolperuano.com/liga-1/noticias/melgar-vs-los-chankas-en-vivo-por-el-torneo-apertura-de-la-liga-1-2026-567460,171,36598,0.47%,7.69
https://www.futbolperuano.com/copa-libertadores/noticias/conmebol-elige-a-polemico-arbitro-para-el-sporting-cristal-vs-2-de-mayo-por-la-copa-libertadores-564876,171,28278,0.6%,3.48
https://www.futbolperuano.com/peru/clubes/alianza-lima/,170,166833,0.1%,9.71
https://www.futbolperuano.com/futbol-internacional/holanda/tabla-de-posiciones,170,43062,0.39%,9.05
https://www.futbolperuano.com/en-vivo/sudamericano-de-clubes-de-voley-femenino-alianza-lima-vs-san-martin-en-vivo-564923,170,3788,4.49%,4.76
https://www.futbolperuano.com/liga-1/noticias/universitario-y-el-fichaje-que-no-fue-campeon-de-europa-con-cristiano-ronaldo-quiso-vestir-la-crema-en-2026-562586,167,10511,1.59%,4.11
https://www.futbolperuano.com/en-vivo/liga-1-deportivo-garcilaso-vs-sporting-cristal-561988,166,32733,0.51%,4.66
https://www.futbolperuano.com/copa-libertadores/noticias/alianza-lima-programacion-completa-de-la-fase-1-de-la-copa-libertadores-2026-562139,166,16983,0.98%,8.44
https://www.futbolperuano.com/liga-1/noticias/hansell-riojas-es-baja-en-sport-boys-para-duelo-ante-alianza-lima-y-preocupa-su-lesion-564431,162,3325,4.87%,4.28
https://www.futbolperuano.com/en-vivo/comerciantes-unidos-vs-cd-moquegua-en-vivo-liga-1-del-futbol-peruano-562130,161,56216,0.29%,9.03
https://www.futbolperuano.com/futbol-internacional/noticias/alianza-lima-vs-ldu-de-quito-en-vivo-online-por-la-noche-blanquiazul-femenina-2026-562510,161,42395,0.38%,2.85
https://www.futbolperuano.com/liga-1/noticias/las-alineaciones-que-alistan-universitario-vs-cienciano-para-el-duelo-por-el-torneo-apertura-2026-563694,161,21818,0.74%,6.03
https://www.futbolperuano.com/en-vivo/geminis-vs-regatas-y-universitario-vs-atenea-reaccion-en-vivo-por-la-liga-peruana-de-voley-femenino-563036,161,9561,1.68%,3.52
https://www.futbolperuano.com/liga-1/noticias/paulo-autuori-sobre-sporting-cristal-nos-gusta-regalar-goles-563103,161,5020,3.21%,5.69
https://www.futbolperuano.com/en-vivo/copa-davis-2026-alemania-vs-peru-jan-lennard-struff-vs-juan-pablo-varillas-en-vivo-desde-dusseldorf-562738,161,3614,4.45%,6.34
https://www.futbolperuano.com/liga-1/noticias/tablas-y-resultados-de-los-partidos-de-la-fecha-2-del-torneo-apertura-de-la-liga-1-2026-562678,159,21183,0.75%,8.73
https://www.futbolperuano.com/liga-1/noticias/liga-1-quien-sera-el-arbitro-del-sporting-cristal-vs-melgar-562659,157,24116,0.65%,5.66
https://www.futbolperuano.com/mas-deportes/noticias/temblor-de-50-grados-de-magnitud-sacudio-lima-este-jueves-26-de-febrero-567507,157,14034,1.12%,5.22
https://www.futbolperuano.com/peru/mas-del-futbol-peruano/polemica-por-comentario-racista-de-gonzalo-nunez-tras-penal-fallado-de-eryc-castillo-en-eliminacion-de-alianza-lima-563614,157,2868,5.47%,6.92
https://www.futbolperuano.com/liga-2/noticias/liga-2-union-comercio-sorprende-y-se-refuerza-con-ex-universitario-562428,156,4428,3.52%,7.66
https://www.futbolperuano.com/en-vivo/regatas-lima-vs-alianza-lima-por-la-liga-peruana-de-voley-femenino-563340,155,12394,1.25%,4.04
https://www.futbolperuano.com/en-vivo/atp-rio-open-2026-ignacio-buse-vs-alejandro-tabilo-en-vivo-desde-brasil-564837,154,14959,1.03%,4.27
https://www.futbolperuano.com/copa-libertadores/noticias/los-canales-que-transmitiran-en-vivo-el-alianza-lima-vs-2-de-mayo-copa-libertadores-563258,153,25783,0.59%,6.77
https://www.futbolperuano.com/liga-1/noticias/sporting-cristal-vs-universitario-en-vivo-por-el-torneo-apertura-564736,151,33730,0.45%,6.71
https://www.futbolperuano.com/liga-1/noticias/liga-1-donde-comprar-entradas-para-el-melgar-vs-deportivo-moquegua-563456,151,12899,1.17%,7.74
https://www.futbolperuano.com/partidos-por-tv/liga-femenina-peru-t182,151,3286,4.6%,8.16
https://www.futbolperuano.com/partidos-por-tv/laliga-de-espana-t16,150,4458,3.36%,9.07
https://www.futbolperuano.com/liga-1/noticias/alianza-lima-vs-sport-boys-alineaciones-para-el-duelo-por-la-fecha-4-del-torneo-apertura-564654,149,23026,0.65%,6.78
https://www.futbolperuano.com/liga-voley/,149,18040,0.83%,10.06
https://www.futbolperuano.com/en-vivo/conmebol-sub-20-femenino-bolivia-vs-brasil-en-vivo-562942,149,6701,2.22%,7.58
https://www.futbolperuano.com/liga-1/noticias/liga-1-como-se-jugaran-los-partidos-de-la-fecha-3-del-torneo-apertura-563160,148,14606,1.01%,8.13
https://www.futbolperuano.com/partidos-por-tv/noticias/programacion-de-partidos-por-tv-del-sabado-28-de-febrero-del-2026-567640,148,6577,2.25%,5.03
https://www.futbolperuano.com/en-vivo/liga-peruana-de-voley-femenino-rebaza-acosta-vs-olva-latino-en-vivo-563729,147,2240,6.56%,4.12
https://www.futbolperuano.com/en-vivo/liga-peruana-de-voley-femenino-alianza-lima-vs-olva-latino-en-vivo-562878,146,11249,1.3%,4.03
https://www.futbolperuano.com/en-vivo/liga-peruana-de-voley-femenino-universitario-vs-circolo-sportivo-en-vivo-563727,145,13073,1.11%,4.65
https://www.futbolperuano.com/liga-voley/alianza-lima-vs-regatas-lima-en-vivo-por-la-liga-peruana-de-voley-563206,145,11474,1.26%,5.85
https://www.futbolperuano.com/copa-peru/noticias/la-liga-distrital-de-trujillo-arrancara-con-14-equipos-en-la-copa-peru-2026-562451,145,4786,3.03%,7.46
https://www.futbolperuano.com/futbol-internacional/holanda/sparta-rotterdam-vs-nec-15-febrero-2026-eredivisie-de-paises-bajos-m3197944,144,18993,0.76%,10.07
https://www.futbolperuano.com/peruanos-en-el-exterior/noticias/el-inesperado-destino-que-tendria-miguel-trauco-tras-salir-de-alianza-lima-563416,144,3697,3.9%,5.99
https://www.futbolperuano.com/mas-deportes/noticias/nuevo-record-de-ignacio-buse-en-el-ranking-atp-564015,143,13330,1.07%,8.08
https://www.futbolperuano.com/liga-1/noticias/miguel-trauco-cerca-de-fichar-por-tradicional-club-de-la-liga-1-565119,143,4600,3.11%,5.04
https://www.futbolperuano.com/liga-1/noticias/alianza-lima-le-da-ultimatum-a-pablo-guede-y-ya-tendria-a-su-reemplazo-si-no-le-gana-a-boys-564372,143,3965,3.61%,4.58
https://www.futbolperuano.com/liga-1/noticias/exjugador-de-universitario-de-deportes-critica-fuertemente-a-pablo-guede-564159,142,5190,2.74%,4.12
https://www.futbolperuano.com/liga-1/noticias/cienciano-vs-juan-pablo-ii-en-vivo-online-por-fecha-2-del-torneo-apertura-de-liga-1-2026-562962,141,55932,0.25%,7.86
https://www.futbolperuano.com/copa-libertadores/noticias/2-de-mayo-vs-sporting-cristal-canales-del-partido-por-fase-2-de-la-copa-libertadores-2026-564036,141,11575,1.22%,7.53
https://www.futbolperuano.com/copa-libertadores/noticias/sporting-cristal-y-la-ultima-vez-que-enfrentaron-a-equipo-paraguayo-en-copa-libertadores-564028,141,6329,2.23%,5.9
https://www.futbolperuano.com/mas-deportes/noticias/copa-davis-que-canal-transmitira-peru-vs-alemania-562629,141,4388,3.21%,7.62
https://www.futbolperuano.com/copa-libertadores/noticias/2-de-mayo-vs-alianza-lima-en-vivo-online-por-la-fase-1-de-la-copa-libertadores-2026-562386,140,25946,0.54%,4.27
https://www.futbolperuano.com/en-vivo/torneo-apertura-2026-cusco-fc-vs-comerciantes-unidos-en-vivo-564668,139,100419,0.14%,7.89
https://www.futbolperuano.com/peruanos-en-el-exterior/noticias/erick-noriega-brilla-en-brasil-gremio-remonta-y-golea-5-3-a-botafogo-con-el-peruano-los-90-minutos-en-un-partido-de-locura-por-el-brasileirao-2026-562538,139,14186,0.98%,7.43
https://www.futbolperuano.com/copa-libertadores/noticias/copa-libertadores-sporting-cristal-y-su-posible-once-para-enfrentar-a-club-2-de-mayo-en-lima-565046,139,10013,1.39%,5.28
https://www.futbolperuano.com/liga-voley/san-martin-vs-rebaza-acosta-en-vivo-por-la-liga-peruana-de-voley-563214,138,5702,2.42%,5.28
https://www.futbolperuano.com/liga-1/noticias/comerciantes-unidos-vs-deportivo-moquegua-en-vivo-online-por-la-fecha-1-del-torneo-apertura-de-la-liga-1-562083,137,29770,0.46%,8.89
https://www.futbolperuano.com/en-vivo/sudamericano-clubes-voley-femenino-2026-alianza-lima-vs-banco-republica-en-vivo-564345,137,6159,2.22%,5.78
https://www.futbolperuano.com/partidos-por-tv/torneo-internacional-jovenes-promesas-t423,137,1033,13.26%,7.58
https://www.futbolperuano.com/liga-1/noticias/alianza-lima-sufriria-inesperada-baja-para-el-duelo-ante-utc-567249,136,14201,0.96%,6.82
https://www.futbolperuano.com/liga-1/noticias/confirmado-universitario-revela-el-canal-que-transmitira-todos-sus-encuentros-en-la-liga-1-2026-560992,136,4214,3.23%,7.01
https://www.futbolperuano.com/liga-1/noticias/julio-cesar-uribe-dio-la-cara-tras-la-derrota-ante-melgar-563271,135,6677,2.02%,4.93
https://www.futbolperuano.com/copa-libertadores/noticias/pablo-ceppelini-y-su-mensaje-tras-eliminacion-alianza-lima-copa-libertadores-563503,135,5410,2.5%,4.18
https://www.futbolperuano.com/peru/clubes/fc-cajamarca/,134,51143,0.26%,9.23
https://www.futbolperuano.com/liga-1/noticias/fc-cajamarca-vs-melgar-en-vivo-por-el-torneo-apertura-564745,134,32627,0.41%,8.38
https://www.futbolperuano.com/copa-peru/noticias/copa-peru-que-paso-con-domingo-dianderas-de-jorge-luna-514717,134,7489,1.79%,6.29
https://www.futbolperuano.com/seleccion/noticias/peru-sumo-nuevo-punto-en-el-torneo-jovenes-promesas-de-argentina-563371,134,3426,3.91%,5.42
https://www.futbolperuano.com/copa-libertadores/noticias/alianza-lima-que-radios-relataran-partido-ante-2-de-mayo-por-copa-libertadores-2026-562362,133,27319,0.49%,3.3
https://www.futbolperuano.com/copa-libertadores/noticias/copa-libertadores-presidente-de-2-de-mayo-advierte-que-iran-a-peru-a-pelear-la-clasificacion-ante-sporting-cristal-564782,133,24644,0.54%,3.46
https://www.futbolperuano.com/futbol-de-menores/fixture-confirmado-de-la-seleccion-peruana-los-tres-partidos-de-peru-sub-16-en-el-mundial-montaigu-2026-561677,133,2459,5.41%,6.64
https://www.futbolperuano.com/en-vivo/copa-america-sub-20-de-futbol-femenino-brasil-vs-ecuador-en-vivo-562584,132,6702,1.97%,12.2
https://www.futbolperuano.com/liga-1/noticias/javier-rabanal-y-su-autocritica-tras-debut-con-victoria-en-universitario-562161,132,6263,2.11%,4.19
https://www.futbolperuano.com/liga-1/noticias/liga-1-alianza-lima-recupera-importante-mediocampista-para-enfrentar-a-sport-boys-564072,132,6016,2.19%,6.16
https://www.futbolperuano.com/en-vivo/conmebol-sub-20-femenino-argentina-vs-ecuador-en-vivo-564459,130,7574,1.72%,10.88
https://www.futbolperuano.com/liga-1/noticias/se-revelo-cuanto-desembolso-alianza-lima-para-desprenderse-de-sergio-pena-y-miguel-trauco-562955,130,5867,2.22%,4.37
https://www.futbolperuano.com/en-vivo/liga-peruana-de-voley-femenino-alianza-lima-vs-deportivo-geminis-en-vivo-563731,130,5680,2.29%,5.04
https://www.futbolperuano.com/en-vivo/copa-davis-2026-alemania-vs-peru-yannick-hanfmann-vs-gonzalo-bueno-en-vivo-desde-dusseldorf-562735,130,2522,5.15%,5.11
https://www.futbolperuano.com/liga-1/noticias/adios-en-la-previa-universitario-pierde-a-una-promesa-antes-del-choque-con-cienciano-563682,129,31217,0.41%,4.07
https://www.futbolperuano.com/liga-1/noticias/dijeron-que-no-sporting-cristal-hizo-inedita-solicitud-a-la-liga-1-para-el-duelo-ante-juan-pablo-ii-563741,129,13624,0.95%,5.21
https://www.futbolperuano.com/liga-1/noticias/cusco-fc-rompe-su-silencio-tras-sancion-a-kevin-ortega-y-pide-criterios-arbitrales-uniformes-en-la-liga-1-563185,129,6696,1.93%,5.95
https://www.futbolperuano.com/liga-1/noticias/matias-di-benedetto-aprobo-su-nacionalizacion-pero-no-podra-jugar-ante-adt-en-la-fecha-1-del-torneo-apertura-561986,129,2952,4.37%,7.7
https://www.futbolperuano.com/liga-1/noticias/cusco-fc-vs-comerciantes-unidos-en-vivo-online-por-la-fecha-4-del-torneo-apertura-de-la-liga-1-2026-564833,128,71850,0.18%,7.69
https://www.futbolperuano.com/liga-1/noticias/cienciano-busca-un-nuevo-refuerzo-para-cubrir-su-banda-derecha-562287,128,13593,0.94%,5.65
https://www.futbolperuano.com/en-vivo/campeonato-gaucho-2026-gremio-vs-novo-hamburgo-en-vivo-562935,127,42798,0.3%,6.68
https://www.futbolperuano.com/liga-1/noticias/los-3-equipos-descendidos-de-la-liga-1-del-2025-que-jugaran-la-segunda-division-el-proximo-ano-552535,127,4354,2.92%,5.04
https://www.futbolperuano.com/liga-1/noticias/el-once-de-universitario-para-el-clasico-moderno-ante-sporting-cristal-564704,126,16080,0.78%,5.49
https://www.futbolperuano.com/en-vivo/argentina-open-2026-sebastian-baez-vs-ignacio-buse-en-vivo-563602,126,15021,0.84%,4.67
https://www.futbolperuano.com/liga-1/noticias/el-once-de-sporting-cristal-para-el-clasico-moderno-contra-universitario-564716,126,6245,2.02%,5.3
https://www.futbolperuano.com/en-vivo/conmebol-sub-20-femenino-argentina-vs-bolivia-en-vivo-563332,126,4907,2.57%,8.47
https://www.futbolperuano.com/liga-voley/universitario-vs-geminis-en-vivo-por-la-liga-peruana-de-voley-565222,125,13342,0.94%,5.91
https://www.futbolperuano.com/liga-voley/regatas-lima-vs-uviv-guayaquil-en-vivo-por-el-sudamericano-de-clubes-de-voleibol-564192,125,7556,1.65%,8.1
https://www.futbolperuano.com/copa-libertadores/noticias/sporting-cristal-podria-perder-hasta-3-figuras-para-enfrentar-a-2-de-mayo-por-la-copa-libertadores-563929,125,5448,2.29%,6.07
https://www.futbolperuano.com/liga-1/noticias/comerciantes-unidos-vs-los-chankas-en-vivo-online-por-torneo-apertura-de-liga-1-2026-563899,124,43954,0.28%,8.87
https://www.futbolperuano.com/futsal/peru-vs-brasil-en-vivo-por-la-copa-america-de-futsal-2026-561885,124,18542,0.67%,7.91
https://www.futbolperuano.com/copa-libertadores/noticias/asi-se-jugara-la-fase-3-de-la-copa-libertadores-2026-567529,124,9132,1.36%,5.5
https://www.futbolperuano.com/liga-1/noticias/liga-1-fixture-de-los-chankas-en-el-torneo-apertura-2026-558283,124,2289,5.42%,5.42
https://www.futbolperuano.com/en-vivo/torneo-apertura-2026-los-chankas-vs-alianza-atletico-en-vivo-562827,123,67701,0.18%,6.92
https://www.futbolperuano.com/liga-1/sporting-cristal-vs-universitario-de-deportes-21-febrero-2026-liga-1-peru---torneo-apertura-m3230626,123,62731,0.2%,9.45
https://www.futbolperuano.com/futbol-femenino/universitario-de-deportes-se-quedo-con-el-tercer-lugar-en-la-copa-chubb-564957,123,14166,0.87%,4.63
https://www.futbolperuano.com/en-vivo/torneo-apertura-2026-utc-vs-alianza-lima-en-vivo-567646,123,10311,1.19%,6.29
https://www.futbolperuano.com/liga-voley/universitario-vs-circolo-sportivo-italiano-en-vivo-por-la-liga-peruana-de-voley-563730,123,8176,1.5%,5.1
https://www.futbolperuano.com/en-vivo/conmebol-sub-20-femenino-colombia-vs-ecuador-en-vivo-564045,123,7848,1.57%,11.51
https://www.futbolperuano.com/liga-1/noticias/sporting-cristal-vs-universitario-arbitro-confirmado-para-el-clasico-por-el-torneo-apertura-2026-564427,122,13015,0.94%,5.33
https://www.futbolperuano.com/copa-libertadores/noticias/el-posible-once-titular-de-alianza-lima-ante-2-de-mayo-por-copa-libertadores-563359,121,21087,0.57%,6.57
https://www.futbolperuano.com/liga-1/noticias/fecha-hora-y-canal-del-universitario-de-deportes-vs-fc-cajamarca-567306,121,19028,0.64%,6.79
https://www.futbolperuano.com/futbol-femenino/peru-cayo-ante-ecuador-y-se-despidio-del-sudamericano-femenino-sub-20-563794,121,8221,1.47%,9.69
https://www.futbolperuano.com/liga-1/noticias/el-curioso-recibimiento-de-hinchas-de-cienciano-a-christian-cueva-tras-golear-a-juan-pablo-ii-563063,121,6872,1.76%,6.81
https://www.futbolperuano.com/partidos-por-tv/premier-league-de-inglaterra-t21,120,13324,0.9%,10.87
https://www.futbolperuano.com/futbol-internacional/espana/tabla-de-posiciones,119,166899,0.07%,9.97
https://www.futbolperuano.com/liga-1/fc-cajamarca-vs-fbc-melgar-21-febrero-2026-liga-1-peru---torneo-apertura-m3230652,119,70180,0.17%,9.73
https://www.futbolperuano.com/liga-2/noticias/liga-2-cesar-vallejo-golea-en-su-primer-amistoso-de-la-temporada-2026-562105,119,11983,0.99%,9.91
https://www.futbolperuano.com/en-vivo/sudamericano-de-clubes-de-voley-femenino-osasco-vs-sesi-voley-564925,118,4925,2.4%,4.45
https://www.futbolperuano.com/futbol-internacional/alemania/sv-werder-bremen-vs-bayern-munich-femenino-16-febrero-2026-bundesliga-femenina-m3208081,118,4904,2.41%,8.72
https://www.futbolperuano.com/copa-libertadores/noticias/quien-es-jussepi-garcia-jugador-que-debuto-en-el-primer-equipo-alianza-lima-562599,118,1625,7.26%,3.83
https://www.futbolperuano.com/copa-libertadores/noticias/sporting-cristal-vs-club-2-de-mayo-en-vivo-online-por-fase-2-de-la-copa-libertadores-2026-565082,116,23695,0.49%,5.96
https://www.futbolperuano.com/liga-1/noticias/cusco-fc-vs-universitario-en-vivo-por-el-torneo-apertura-de-la-liga-1-2026-562639,116,15941,0.73%,6.88
https://www.futbolperuano.com/copa-libertadores/noticias/copa-libertadores-atencion-alianza-2-de-mayo-llega-golpeado-tras-dura-goleada-antes-de-la-fase-1-562057,116,13666,0.85%,9.14
https://www.futbolperuano.com/copa-libertadores/noticias/sporting-cristal-las-radios-que-relataran-partido-ante-2-de-mayo-por-copa-libertadores-2026-564241,115,20012,0.57%,4.25
https://www.futbolperuano.com/liga-voley/atenea-open/tabla-de-posiciones,115,16140,0.71%,9.45
https://www.futbolperuano.com/liga-voley/san-martin-vs-deportivo-soan-en-vivo-por-la-liga-peruana-de-voley-562909,115,4363,2.64%,4.78
https://www.futbolperuano.com/liga-1/noticias/atletico-grau-vs-juan-pablo-ii-college-en-vivo-online-por-la-fecha-4-del-torneo-apertura-de-la-liga-1-2026-564827,114,60086,0.19%,8.33
https://www.futbolperuano.com/liga-1/noticias/programacion-de-la-fecha-5-del-torneo-apertura-de-la-liga-1-2026-565056,114,19061,0.6%,7.06
https://www.futbolperuano.com/liga-2/noticias/fichaje-de-peso-cesar-vallejo-suma-atacante-colombiano-para-pelear-en-la-liga-2-562204,114,3794,3%,12.37
https://www.futbolperuano.com/liga-voley/programacion-completa-de-la-sexta-fecha-de-la-liga-peruana-de-voley-2025-26-552588,114,2839,4.02%,6.91
https://www.futbolperuano.com/liga-1/noticias/alexander-callens-revela-en-que-equipo-jugaria-si-regresa-a-la-liga-1-563920,113,34165,0.33%,4.92
https://www.futbolperuano.com/liga-voley/a-que-hora-juega-san-martin-vs-osasco-por-las-semifinales-del-sudamericano-564842,113,4395,2.57%,6.22
https://www.futbolperuano.com/liga-1/noticias/deportivo-garcilaso-vs-cienciano-en-vivo-online-por-la-fecha-5-del-torneo-apertura-de-liga-1-2026-567368,111,23241,0.48%,7.79
https://www.futbolperuano.com/liga-2/noticias/gabriel-costa-y-la-insolita-razon-por-la-que-san-martin-rechazo-su-fichaje-562741,111,2933,3.78%,6.56
https://www.futbolperuano.com/liga-1/noticias/por-que-alianza-atletico-recibira-a-alianza-lima-en-trujillo-505085,111,1984,5.59%,9.81
https://www.futbolperuano.com/fichajes/fichajes-de-utc-de-cajamarca-en-el-2026-altas-bajas-renovaciones-y-rumores-552780,110,18570,0.59%,10.04
https://www.futbolperuano.com/liga-1/noticias/jean-deza-regresa-a-la-liga-1-luego-de-su-ultimo-paso-por-la-liga-2-562436,110,5776,1.9%,7.86
https://www.futbolperuano.com/liga-1/noticias/universitario-y-su-rotunda-postura-sobre-la-nacionalizacion-de-matias-di-benedetto-567406,110,3791,2.9%,6.08
https://www.futbolperuano.com/liga-2/noticias/liga-2-ada-de-jaen-se-refuerza-con-arquero-formado-en-universitario-562535,110,3279,3.35%,6.25
https://www.futbolperuano.com/liga-1/noticias/fbc-melgar-vs-deportivo-moquegua-en-vivo-online-por-la-fecha-3-del-torneo-apertura-de-la-liga-1-2026-563880,109,25988,0.42%,8.77
https://www.futbolperuano.com/liga-de-campeones/noticias/los-cruces-de-octavos-de-final-de-la-champions-league-567565,109,24113,0.45%,4.22
https://www.futbolperuano.com/en-vivo/copa-america-de-futsal-brasil-vs-peru-en-vivo-561928,109,10902,1%,5.25
https://www.futbolperuano.com/liga-1/noticias/horacio-melgarejo-tecnico-de-cienciano-pidio-disculpas-a-los-hinchas-cusquenos-564258,109,5503,1.98%,5.65
https://www.futbolperuano.com/copa-peru/noticias/se-confirmo-el-canal-que-transmitira-la-copa-peru-2026-563753,109,3802,2.87%,6.98
https://www.futbolperuano.com/en-vivo/torneo-apertura-2026-atletico-grau-vs-sport-huancayo-en-vivo-562816,108,43699,0.25%,8.09
https://www.futbolperuano.com/partidos-por-tv/noticias/programacion-de-partidos-por-tv-del-martes-24-de-febrero-del-2026-565039,108,4400,2.45%,5.05
https://www.futbolperuano.com/partidos-por-tv/noticias/programacion-de-partidos-por-tv-del-jueves-12-de-febrero-del-2026-563437,108,4054,2.66%,4.5
https://www.futbolperuano.com/mas-deportes/noticias/alemania-toma-la-delantera-gonzalo-bueno-no-pudo-ante-hanfmann-y-peru-va-1-0-abajo-en-la-copa-davis-562781,108,3770,2.86%,6.7
https://www.futbolperuano.com/liga-1/noticias/javier-rabanal-analiza-el-presente-de-universitario-previo-al-clasico-frente-a-sporting-cristal-564438,107,6936,1.54%,3.91
https://www.futbolperuano.com/copa-libertadores/noticias/copa-libertadores-eduardo-ledesma-dt-de-2-de-mayo-elogia-a-sporting-cristal-y-admite-que-es-favorito-en-la-llave-564117,107,5190,2.06%,5.05
https://www.futbolperuano.com/liga-voley/facundo-morando-conto-lo-le-falto-a-alianza-lima-en-el-sudamericano-de-clubes-de-voley-565026,107,4181,2.56%,4.72
https://www.futbolperuano.com/liga-1/noticias/utc-vs-cusco-fc-en-vivo-por-el-torneo-apertura-563471,106,42970,0.25%,8.78
https://www.futbolperuano.com/liga-1/noticias/sporting-cristal-vs-melgar-en-vivo-por-el-torneo-apertura-562919,106,18355,0.58%,6.06
https://www.futbolperuano.com/copa-libertadores/noticias/alianza-lima-presenta-lista-para-libertadores-2026-con-ausencias-de-zambrano-trauco-y-pena-562211,106,6564,1.61%,6.36
https://www.futbolperuano.com/mas-deportes/noticias/ignacio-buse-firma-remontada-epica-ante-igor-marcondes-y-avanza-a-octavos-del-rio-open-564134,105,6033,1.74%,5.64
https://www.futbolperuano.com/liga-1/noticias/no-ira-a-arabia-jairo-concha-y-las-opciones-importantes-opciones-que-tiene-para-emigrar-al-exterior-567632,105,4395,2.39%,5.36
https://www.futbolperuano.com/liga-voley/tablas-y-resultados-de-los-partidos-de-la-fecha-4--fase-2-de-la-liga-peruana-de-voley-2025-26-561835,105,3047,3.45%,5.48
https://www.futbolperuano.com/en-vivo/sudamericano-clubes-voley-femenino-2026-sesi-volei-vs-uviv-guayaquil-en-vivo-564483,105,2928,3.59%,4.16
https://www.futbolperuano.com/en-vivo/campeonato-paulista-2026-corinthians-vs-capivariano-en-vivo-562604,104,60506,0.17%,8.35
https://www.futbolperuano.com/liga-2/noticias/del-tricampeonato-a-la-liga-2-gabriel-costa-firma-con-historico-club-en-busca-del-ascenso-562145,104,29912,0.35%,12.73
https://www.futbolperuano.com/copa-libertadores/noticias/fechas-y-horas-confirmadas-del-sporting-cristal-vs-carabobo-fc-por-la-copa-libertadores-567599,104,8115,1.28%,5.05
https://www.futbolperuano.com/peruanos-en-el-exterior/noticias/grace-cagnina-campeono-con-alianza-lima-y-ahora-volvera-a-jugar-en-el-viejo-continente-565201,104,4486,2.32%,4.19
https://www.futbolperuano.com/liga-1/noticias/alianza-lima-confirmo-la-situacion-contractual-de-pablo-guede-563674,104,4403,2.36%,5.95
https://www.futbolperuano.com/partidos-por-tv/primeira-liga-de-portugal-t28,104,1530,6.8%,8.49
https://www.futbolperuano.com/peru/clubes/universitario/,103,147649,0.07%,8.91
https://www.futbolperuano.com/liga-1/noticias/deportivo-moquegua-vs-deportivo-garcilaso-en-vivo-online-por-fecha-4-del-torneo-apertura-de-liga-1-2026-564960,103,27838,0.37%,7.91
https://www.futbolperuano.com/liga-1/noticias/alianza-lima-mr-peet-cuestiona-a-pablo-guede-con-acida-comparacion-564382,103,2502,4.12%,4.58
https://www.futbolperuano.com/futbol-internacional/espana/liga2/tabla-de-posiciones,102,82041,0.12%,10.04
https://www.futbolperuano.com/liga-1/noticias/sport-huancayo-vs-sporting-cristal-en-vivo-por-el-torneo-apertura-567627,102,33441,0.31%,7.24
https://www.futbolperuano.com/en-vivo/copa-america-sub-20-de-futbol-femenino-uruguay-vs-venezuela-en-vivo-562519,101,4974,2.03%,10.34
https://www.futbolperuano.com/en-vivo/sudamericano-de-clubes-de-voley-femenino-2026-sesi-volei-vs-regatas-lima-en-vivo-564700,101,3955,2.55%,4.76
https://www.futbolperuano.com/futbol-femenino/el-plantel-femenino-de-alianza-lima-cayo-en-amistoso-ante-universidad-de-chile-564922,101,3952,2.56%,5.89
https://www.futbolperuano.com/liga-1/noticias/liga-1-fixture-de-sport-boys-en-el-torneo-apertura-2026-558279,101,1688,5.98%,4.75
https://www.futbolperuano.com/copa-libertadores/noticias/que-record-alcanzara-alianza-lima-vs-2-de-mayo-en-la-copa-libertadores-563243,100,14934,0.67%,6.05
https://www.futbolperuano.com/liga-2/noticias/ex-portero-de-alianza-lima-refuerza-a-union-comercio-para-la-liga-2-563220,100,6014,1.66%,8.16
https://www.futbolperuano.com/copa-libertadores/noticias/paulo-autuori-y-su-amenaza-de-dejar-sporting-cristal-567241,100,3517,2.84%,5.62
https://www.futbolperuano.com/partidos-por-tv/directv-sports-c3,99,4264,2.32%,9.54
https://www.futbolperuano.com/liga-1/noticias/sport-huancayo-vs-fc-cajamarca-en-vivo-por-el-torneo-apertura-563890,98,46681,0.21%,8.81
https://www.futbolperuano.com/liga-voley/nuevos-integrantes-en-la-liga-peruana-de-voley-sport-boys-sporting-cristal-y-cesar-vallejo-levantan-la-mano-563908,98,23113,0.42%,3.37
https://www.futbolperuano.com/en-vivo/copa-libertadores-2026-alianza-lima-vs-2-de-mayo-en-vivo-563336,98,14279,0.69%,3.66
https://www.futbolperuano.com/seleccion/noticias/mano-menezes-revelo-como-jugara-la-seleccion-peruana-bajo-su-mando-567244,98,3629,2.7%,7.08
https://www.futbolperuano.com/liga-1/noticias/sport-boys-mostro-preocupacion-por-el-arbitro-principal-del-partido-ante-alianza-lima-564621,97,18809,0.52%,2.97
https://www.futbolperuano.com/futsal/donde-ver-en-vivo-la-copa-america-de-futsal-2026-560915,97,5765,1.68%,10.65
https://www.futbolperuano.com/liga-1/noticias/gabriel-costa-aclara-de-que-equipo-es-hincha-tras-dejar-universitario-soy-hincha-del-que-me-contrata-562879,97,2552,3.8%,6.7
https://www.futbolperuano.com/liga-1/noticias/alianza-lima-vs-sport-boys-a-que-hora-se-jugara-partido-por-fecha-4-del-torneo-apertura-2026-564607,96,14473,0.66%,5.99
https://www.futbolperuano.com/copa-libertadores/noticias/carlos-galvan-arremete-contra-pablo-guede-tras-derrota-de-alianza-lima-en-la-copa-libertadores-562630,96,1767,5.43%,5.26
https://www.futbolperuano.com/liga-3/noticias/otros-dos-clubes-se-fusionan-para-encarar-la-temporada-2026-564166,96,1353,7.1%,6.25
https://www.futbolperuano.com/en-vivo/liga-profesional-saudi-al-nassr-vs-al-ittihad-en-vivo-562786,95,50715,0.19%,6.38
https://www.futbolperuano.com/copa-libertadores/noticias/sporting-cristal-ya-tiene-rivales-en-la-copa-libertadores-sub-20-563229,95,9401,1.01%,7.97
https://www.futbolperuano.com/liga-1/noticias/alianza-lima-en-el-ojo-de-la-tormenta-nicolas-tagliani-arremete-contra-pablo-guede-y-federico-girotti-563866,95,5090,1.87%,4.59
https://www.futbolperuano.com/seleccion/noticias/tuvo-un-amargo-paso-por-la-seleccion-peruana-en-el-2025-y-ahora-dirigira-a-corinthians-567673,95,1875,5.07%,7.4
https://www.futbolperuano.com/peru/clubes/union-minas-pasco/,95,1243,7.64%,5.22
https://www.futbolperuano.com/copa-libertadores/noticias/a-que-hora-juega-alianza-lima-vs-2-de-mayo-en-matute-563204,94,19843,0.47%,7.37
https://www.futbolperuano.com/copa-peru/noticias/liga-distrital-de-chiclayo-confirmo-su-fixture-y-equipos-participantes-copa-peru-2026-562778,94,4268,2.2%,7.64
https://www.futbolperuano.com/liga-1/noticias/santiao-arias-calienta-la-previa-del-universitario-vs-cienciano-563750,93,24913,0.37%,4.24
https://www.futbolperuano.com/copa-peru/noticias/el-primer-campeon-de-la-liga-peruana-debuto-con-derrota-en-la-copa-peru-2026-564096,93,3237,2.87%,7.62
https://www.futbolperuano.com/liga-1/noticias/melgar-juan-reynoso-apuesta-por-matias-zegarra-y-el-joven-responde-en-liga-1-562062,92,6153,1.5%,6.74
https://www.futbolperuano.com/futsal/futsalpro/resultados,92,2647,3.48%,7.71
https://www.futbolperuano.com/liga-1/noticias/deportivo-garcilaso-vs-adt-en-vivo-online-por-la-fecha-3-del-torneo-apertura-de-la-liga-1-2026-563816,91,30425,0.3%,8.25
https://www.futbolperuano.com/copa-libertadores/noticias/deportivo-tachira-vs-the-strongest-en-vivo-online-por-vuelta-de-fase-1-de-copa-libertadores-2026-563136,91,10919,0.83%,8.51
https://www.futbolperuano.com/en-vivo/conmebol-sub-20-femenino-paraguay-vs-colombia-en-vivo-563587,91,6911,1.32%,9.09
https://www.futbolperuano.com/fichajes/fichajes-de-universitario-de-deportes-en-el-2026-altas-bajas-renovaciones-y-rumores-552194,91,3689,2.47%,8.26
https://www.futbolperuano.com/copa-libertadores/noticias/alianza-lima-las-radios-que-relataran-partido-ante-2-de-mayo-por-copa-libertadores-2026-563300,90,44960,0.2%,4.41
https://www.futbolperuano.com/liga-voley/universitario-vs-alianza-lima-en-vivo-por-la-liga-peruana-de-voley-567684,90,26653,0.34%,5.87
https://www.futbolperuano.com/futbol-internacional/paraguay/tabla-de-posiciones,90,11430,0.79%,13.69
https://www.futbolperuano.com/liga-voley/julieta-lazcano-ilusiona-a-alianza-lima-tras-la-caida-ante-sesi-por-el-sudamericano-de-clubes-no-descarta-volver-al-club-564953,90,6580,1.37%,6.15
https://www.futbolperuano.com/futsal/futsalpro/tabla-de-posiciones,90,3208,2.81%,7.44
https://www.futbolperuano.com/copa-peru/resultados,90,3084,2.92%,8.35
https://www.futbolperuano.com/liga-1/noticias/utc-de-cajamarca-vs-alianza-lima-en-vivo-online-por-fecha-5-del-torneo-apertura-de-liga-1-2026-567691,89,31884,0.28%,7.99
https://www.futbolperuano.com/liga-1/noticias/liga-1-quien-sera-el-arbitro-del-alianza-lima-vs-comerciantes-unidos-562667,89,11729,0.76%,7.09
https://www.futbolperuano.com/copa-libertadores/noticias/sporting-cristal-cuando-vuelve-a-jugar-ante-club-2-de-mayo-por-copa-libertadores-564288,89,5033,1.77%,5.64
https://www.futbolperuano.com/copa-libertadores/noticias/fecha-hora-y-canal-del-alianza-lima-vs-2-de-mayo-por-la-copa-libertadores-562267,88,23654,0.37%,8.81
https://www.futbolperuano.com/en-vivo/conmebol-sub-20-femenino-colombia-vs-uruguay-en-vivo-563286,88,8000,1.1%,9.42
https://www.futbolperuano.com/liga-1/noticias/alvaro-barco-explica-el-motivo-por-el-cual-ficharon-a-sekou-gassama-562731,88,3155,2.79%,3.86
https://www.futbolperuano.com/liga-1/noticias/atletico-grau-vs-sport-huancayo-en-vivo-por-el-torneo-apertura-562755,87,45834,0.19%,8.8
https://www.futbolperuano.com/en-vivo/liga-de-la-champions-league-galatasaray-vs-juventus-en-vivo-564184,87,15931,0.55%,9.52
https://www.futbolperuano.com/liga-2/noticias/santos-fc-de-nazca-confirma-nueve-refuerzos-para-la-liga-2-2026-562080,87,8722,1%,13.36
https://www.futbolperuano.com/liga-voley/fecha-hora-y-canal-del-debut-de-alianza-lima-en-el-sudamericano-de-clubes-de-voleibol-562459,87,4798,1.81%,7.56
https://www.futbolperuano.com/liga-1/noticias/javier-rabanal-califica-a-sporting-cristal-y-da-rotunda-opinion-sobre-paulo-autuori-564395,87,2372,3.67%,5.93
https://www.futbolperuano.com/futbol-internacional/inglaterra/the-championship/tabla-de-posiciones,86,88938,0.1%,9.9
https://www.futbolperuano.com/en-vivo/afc-champions-league-two-al-wasl-vs-al-zawraa-en-vivo-564162,86,13720,0.63%,10.27
https://www.futbolperuano.com/descentralizado/goleadores,86,3891,2.21%,5.55
https://www.futbolperuano.com/en-vivo/liga-peruana-de-voley-femenino-san-martin-vs-atletico-atenea-en-vivo-563726,86,3157,2.72%,6.01
https://www.futbolperuano.com/liga-1/noticias/los-navarro-pueden-dejar-alianza-lima-563683,86,2726,3.15%,5.71
https://www.futbolperuano.com/liga-1/noticias/adt-vs-utc-en-vivo-por-el-torneo-apertura-564868,85,39005,0.22%,8.79
https://www.futbolperuano.com/en-vivo/copa-libertadores-2026-nacional-potosi-vs-botafogo-en-vivo-564415,85,22670,0.37%,8.82
https://www.futbolperuano.com/copa-libertadores/noticias/juventud-de-las-piedras-logra-remontada-epica-ante-universidad-catolica-y-avanza-en-la-copa-libertadores-563642,85,11740,0.72%,7.53
https://www.futbolperuano.com/liga-1/noticias/hernan-barcos-enciende-las-alarmas-en-fc-cajamarca-tras-salir-lesionado-ante-sport-huancayo-563990,85,9528,0.89%,4.56
https://www.futbolperuano.com/copa-libertadores/noticias/quien-sera-el-arbitro-del-alianza-lima-vs-2-de-mayo-en-matute-563252,85,2297,3.7%,4.8
https://www.futbolperuano.com/futbol-internacional/francia/tabla-de-posiciones,84,32225,0.26%,9.69
https://www.futbolperuano.com/mas-deportes/noticias/juan-pablo-varillas-pierde-y-peru-cae-2-a-0-ante-alemania-en-la-copa-davis-562796,84,2636,3.19%,7.1
https://www.futbolperuano.com/en-vivo/universitario-de-deportes-vs-regatas-lima-en-vivo-por-la-liga-peruana-de-voley-femenino-562030,83,119166,0.07%,2.67
https://www.futbolperuano.com/futbol-internacional/belgica/tabla-de-posiciones,83,70666,0.12%,9.18
https://www.futbolperuano.com/copa-libertadores/noticias/pablo-guede-sorprende-con-el-once-titular-de-alianza-lima-ante-2-de-mayo-562422,83,7226,1.15%,5.7
https://www.futbolperuano.com/en-vivo/torneo-apertura-2026-deportivo-moquegua-vs-deportivo-garcilaso-en-vivo-564672,82,34217,0.24%,8.7
https://www.futbolperuano.com/liga-1/noticias/alianza-lima-fernando-gaibor-gana-millonaria-demanda-a-independiente-tras-fallo-del-tas-562960,82,9320,0.88%,4.9
https://www.futbolperuano.com/liga-1/noticias/burla-alex-valera-revela-el-motivo-de-su-festejo-en-el-universitario-vs-sporting-cristal-564944,82,4829,1.7%,6.19
https://www.futbolperuano.com/partidos-por-tv/disney-c53,82,3146,2.61%,10.15
https://www.futbolperuano.com/liga-2/noticias/san-martin-anuncia-su-segundo-fichaje-para-la-liga-2-2026-562074,82,2730,3%,8.91
https://www.futbolperuano.com/liga-1/noticias/atletico-grau-ya-eligio-el-estadio-donde-sera-local-en-la-liga-1-del-2026-555049,82,2210,3.71%,5.87
https://www.futbolperuano.com/segunda-division/tabla-de-posiciones,81,18971,0.43%,8.52
https://www.futbolperuano.com/liga-1/cienciano-vs-juan-pablo-ii-8-febrero-2026-liga-1-peru---torneo-apertura-m3230620,81,11421,0.71%,9.63
https://www.futbolperuano.com/en-vivo/conmebol-sub-20-femenino-2026-colombia-vs-argentina-en-vivo-567678,81,4162,1.95%,8.56
https://www.futbolperuano.com/liga-1/noticias/alianza-lima-le-pone-exorbitante-precio-a-alan-cantero-ante-posible-venta-al-exterior-562168,81,3787,2.14%,4.99
https://www.futbolperuano.com/mas-deportes/noticias/ignacio-buse-sorprende-al-mundo-elimina-a-matteo-berrettini-y-avanza-a-semifinales-del-rio-open-564821,81,2291,3.54%,3.84
https://www.futbolperuano.com/futbol-femenino/liga-femenina/se-confirmo-la-fecha-del-sorteo-del-fixture-de-la-liga-femenina-567438,81,1620,5%,8.8
https://www.futbolperuano.com/futbol-femenino/alianza-lima-goleo-a-la-universidad-catolica-de-chile-en-amistoso-internacional-564682,80,3800,2.11%,6.58
https://www.futbolperuano.com/liga-1/noticias/los-cinco-operadores-que-transmitiran-la-liga-1-del-2026-558169,80,3413,2.34%,10.78
https://www.futbolperuano.com/liga-1/noticias/la-indignacion-de-luis-urruti-tras-polemico-gol-anulado-en-la-derrota-de-sport-boys-562965,79,70114,0.11%,3.45
https://www.futbolperuano.com/liga-1/noticias/quien-sera-el-arbitro-del-alianza-atletico-vs-alianza-lima-en-trujillo-563417,79,12530,0.63%,4.87
https://www.futbolperuano.com/liga-1/noticias/universitario-vs-adt-probables-alineaciones-para-el-duelo-por-la-fecha-1-del-torneo-apertura-de-la-liga-1-562060,79,12182,0.65%,6.42
https://www.futbolperuano.com/liga-1/noticias/universitario-alvaro-barco-estalla-y-critica-duramente-a-kevin-ortega-562995,79,4483,1.76%,4.99
https://www.futbolperuano.com/partidos-por-tv/noticias/programacion-de-hoy-domingo-22-de-febrero-de-2026-horarios-del-futbol-en-vivo-por-television-en-el-peru-564869,79,2894,2.73%,7.7
https://www.futbolperuano.com/liga-voley/mundial-de-clubes/tabla-de-posiciones,79,1661,4.76%,7.54
https://www.futbolperuano.com/liga-1/noticias/el-curioso-saludo-de-universitario-a-alianza-lima-por-su-125-aniversario-564008,79,1489,5.31%,5.59
https://www.futbolperuano.com/peru/clubes/utc-cajamarca/,78,20396,0.38%,8.76
https://www.futbolperuano.com/en-vivo/conmebol-sub-20-femenino-venezuela-vs-chile-en-vivo-563585,78,12530,0.62%,5.71
https://www.futbolperuano.com/peruanos-en-el-exterior/noticias/rafael-guzman-deja-universitario-y-ficha-por-el-real-betis-defensor-peruano-de-18-anos-inicia-su-camino-en-espana-562869,77,8556,0.9%,5.28
https://www.futbolperuano.com/fichajes/fichajes-de-alianza-lima-en-el-2026-altas-bajas-renovaciones-y-rumores-551778,77,6261,1.23%,4.82
https://www.futbolperuano.com/liga-voley/programacion-de-la-quinta-fecha-de-la-liga-peruana-de-voley-2025-26-551670,77,3297,2.34%,9.24
https://www.futbolperuano.com/copa-libertadores/noticias/copa-libertadores-juventud-de-las-piedras-vs-universidad-catolica-de-ecuador-pronostico-y-cuando-juegan-por-la-ida-de-la-fase-1-562534,76,54282,0.14%,5.63
https://www.futbolperuano.com/liga-1/adt-tarma-vs-sport-boys-7-febrero-2026-liga-1-peru---torneo-apertura-m3230619,76,39890,0.19%,8.99
https://www.futbolperuano.com/copa-libertadores/noticias/el-canal-de-youtube-que-transmitira-debut-de-alianza-lima-en-copa-libertadores-562276,76,6036,1.26%,6.91
https://www.futbolperuano.com/peruanos-en-el-exterior/noticias/felipe-chavez-y-su-fecha-de-debut-con-colonia-en-la-bundesliga-562371,76,4310,1.76%,5.37
https://www.futbolperuano.com/copa-peru/noticias/sport-ancash-tambien-renuncia-a-participar-de-la-copa-peru-2026-564330,76,1905,3.99%,5.84
https://www.futbolperuano.com/copa-libertadores/noticias/diego-rebagliati-arremete-contra-alianza-lima-tras-la-eliminacion-en-la-copa-libertadores-563536,76,1691,4.49%,6.14
https://www.futbolperuano.com/liga-2/noticias/tas-rechaza-la-medida-provisional-presentada-por-ayacucho-fc-561968,76,1430,5.31%,7.69
https://www.futbolperuano.com/copa-libertadores/noticias/deportivo-tachira-vs-deportes-tolima-en-vivo-online-por-fase-2-de-la-copa-libertadores-2026-564250,75,22846,0.33%,7.22
https://www.futbolperuano.com/liga-1/noticias/melgar-revela-la-razon-por-la-que-sus-jugadores-no-declararon-tras-la-victoria-ante-sporting-cristal-mientras-no-nos-paguen-563065,75,6694,1.12%,5.71
https://www.futbolperuano.com/fichajes/fichajes-de-cusco-fc-en-el-2026-altas-bajas-renovaciones-y-rumores-para-la-liga-1-y-copa-libertadores-551771,75,980,7.65%,4.38
https://www.futbolperuano.com/liga-1/noticias/liga-1-como-se-jugaran-los-partidos-de-la-fecha-2-del-torneo-apertura-562218,74,11939,0.62%,9.26
https://www.futbolperuano.com/mas-deportes/noticias/ignacio-buse-se-despide-en-semifinales-del-rio-open-2026-tras-caer-ante-tabilo-564929,74,7743,0.96%,3.15
https://www.futbolperuano.com/copa-libertadores/noticias/alianza-lima-emite-contundente-comunicado-tras-su-eliminacion-de-la-copa-libertadores-563693,74,5793,1.28%,6.92
https://www.futbolperuano.com/partidos-por-tv/noticias/programacion-de-hoy-domingo-8-de-febrero-de-2026-horarios-del-futbol-en-vivo-por-television-en-el-peru-562949,74,4322,1.71%,8.04
https://www.futbolperuano.com/en-vivo/torneo-apertura-2026-sport-huancayo-vs-sporting-cristal-en-vivo-567642,73,7471,0.98%,5.11
https://www.futbolperuano.com/futbol-femenino/peru-vs-argentina-en-vivo-por-el-campeonato-sudamericano-femenino-sub-20-563012,73,5272,1.38%,12.45
https://www.futbolperuano.com/en-vivo/conmebol-sub-20-femenino-brasil-vs-peru-en-vivo-563333,73,5097,1.43%,8.98
https://www.futbolperuano.com/liga-1/noticias/jonathan-medina-no-sera-convocado-para-duelo-entre-fc-cajamarca-y-melgar-564355,73,3612,2.02%,5.94
https://www.futbolperuano.com/en-vivo/torneo-apertura-2026-sport-huancayo-vs-fc-cajamarca-en-vivo-563712,72,33649,0.21%,8.13
https://www.futbolperuano.com/en-vivo/torneo-apertura-2026-atletico-grau-vs-juan-pablo-ii-en-vivo-564666,72,32558,0.22%,8.15
https://www.futbolperuano.com/copa-libertadores/noticias/sporting-cristal-conoce-la-fecha-del-debut-de-los-celestes-en-la-copa-libertadores-sub-20-564537,72,15413,0.47%,5.24
https://www.futbolperuano.com/liga-voley/a-que-hora-juega-alianza-lima-vs-sesi-volei-bauru-por-el-sudamericano-564841,72,10541,0.68%,7.54
https://www.futbolperuano.com/copa-libertadores/noticias/pablo-guede-lamenta-la-eliminacion-de-alianza-lima-en-la-copa-libertadores-563560,72,9201,0.78%,4.79
https://www.futbolperuano.com/liga-1/noticias/liga-1-sporting-cristal-nego-acercamiento-con-bryan-reyna-para-el-2026-562165,72,8360,0.86%,3.97
https://www.futbolperuano.com/partidos-por-tv/noticias/programacion-de-partidos-por-tv-del-miercoles-18-de-febrero-del-2026-564231,72,3178,2.27%,5.61
https://www.futbolperuano.com/peruanos-en-el-exterior/noticias/jonathan-bilbao-el-defensor-peruano-venezolano-que-enfrentara-a-sporting-cristal-en-la-copa-libertadores-567618,72,2741,2.63%,5.39
https://www.futbolperuano.com/copa-peru/noticias/se-cambio-el-formato-a-la-etapa-nacional-de-la-copa-peru-2026-557259,72,2531,2.84%,7.19
https://www.futbolperuano.com/copa-libertadores/noticias/sporting-cristal-confirmo-el-estadio-donde-jugara-la-fase-3-copa-libertadores-567576,71,12078,0.59%,5.15
https://www.futbolperuano.com/en-vivo/liga-1-universitario-de-deportes-vs-adt-de-tarma-561990,71,11915,0.6%,7.02
https://www.futbolperuano.com/copa-libertadores/noticias/the-strongest-vs-deportivo-tachira-en-vivo-online-por-fase-1-de-copa-libertadores-2026-562186,71,9355,0.76%,8.79
https://www.futbolperuano.com/liga-1/noticias/universitario-perdera-a-dos-titulares-importantes-para-visitar-a-cusco-fc-562567,71,3875,1.83%,5.24
https://www.futbolperuano.com/copa-libertadores/noticias/quienes-son-los-convocados-de-alianza-lima-para-visitar-a-2-de-mayo-562316,71,3695,1.92%,6.5
https://www.futbolperuano.com/liga-1/noticias/andy-polo-podria-dejar-universitario-se-revela-la-verdad-sobre-el-supuesto-interes-del-millonarios-de-colombia-563348,71,3545,2%,6.31
https://www.futbolperuano.com/liga-1/noticias/mr-peet-advierte-sobre-la-continuidad-de-pablo-guede-en-alianza-lima-563666,71,2198,3.23%,4.38
https://www.futbolperuano.com/liga-1/noticias/fc-cajamarca-alineo-con-un-solo-jugador-nacido-en-el-peru-en-el-duelo-ante-sport-huancayo-563978,70,10685,0.66%,7.74
https://www.futbolperuano.com/fichajes/fichajes-de-cienciano-en-el-2026-altas-bajas-renovaciones-y-rumores-552719,70,2603,2.69%,5.04
https://www.futbolperuano.com/liga-1/noticias/juan-pablo-ii-vs-sporting-cristal-probables-alineaciones-para-el-duelo-por-la-fecha-3-del-torneo-apertura-de-la-liga-1-563800,69,19433,0.36%,7.02
https://www.futbolperuano.com/partidos-por-tv/noticias/programacion-de-partidos-por-tv-del-miercoles-11-de-febrero-del-2026-563281,69,4233,1.63%,4.32
https://www.futbolperuano.com/liga-voley/san-martin-vs-atletico-atenea-en-vivo-por-la-liga-peruana-de-voley-563717,69,3666,1.88%,5.91
https://www.futbolperuano.com/liga-2/noticias/liga-2-estudiantil-cni-se-refuerza-con-un-experimentado-portero-563769,69,3313,2.08%,6.22
https://www.futbolperuano.com/partidos-por-tv/noticias/programacion-de-partidos-por-tv-del-jueves-05-de-febrero-del-2026-562497,69,3146,2.19%,5.01
https://www.futbolperuano.com/futbol-internacional/alemania/tabla-de-posiciones,68,29960,0.23%,10.01
https://www.futbolperuano.com/liga-1/deportivo-moquegua-vs-utc-cajamarca-6-febrero-2026-liga-1-peru---torneo-apertura-m3230624,68,19791,0.34%,9.04
https://www.futbolperuano.com/en-vivo/conmebol-sub-20-femenino-chile-vs-colombia-en-vivo-562797,68,7096,0.96%,9.22
https://www.futbolperuano.com/liga-2/noticias/union-minas-se-refuerza-con-delantero-ecuatoriano-para-la-liga-2-2026-562382,68,2710,2.51%,9.3
https://www.futbolperuano.com/en-vivo/torneo-apertura-2026-sport-boys-vs-deportivo-moquegua-en-vivo-567651,67,25623,0.26%,8.48
https://www.futbolperuano.com/peruanos-en-el-exterior/noticias/gianluca-lapadula-anda-desaparecido-y-con-un-futuro-incierto-en-italia-563950,67,1826,3.67%,4.56
https://www.futbolperuano.com/futbol-internacional/italia/tabla-de-posiciones,66,72135,0.09%,9.64
https://www.futbolperuano.com/en-vivo/universitario-vs-regatas-lima-reaccion-en-vivo-por-la-liga-peruana-de-voley-femenino-562031,66,25196,0.26%,2.76
https://www.futbolperuano.com/futbol-internacional/portugal/tabla-de-posiciones,66,18802,0.35%,10.02
https://www.futbolperuano.com/liga-2/noticias/liga-2-pirlo-se-convirtio-en-nuevo-refuerzo-de-deportivo-llacuabamba-567296,66,11767,0.56%,8.04
https://www.futbolperuano.com/futbol-internacional/mexico/tabla-de-posiciones,66,11608,0.57%,14.05
https://www.futbolperuano.com/liga-1/fbc-melgar-vs-los-chankas-27-febrero-2026-liga-1-peru---torneo-apertura-m3230642,66,9425,0.7%,9.78
https://www.futbolperuano.com/seleccion/noticias/el-debut-de-mano-menezes-la-seleccion-peruana-confirma-amistoso-con-senegal-en-paris-564102,66,6742,0.98%,9.03
https://www.futbolperuano.com/peruanos-en-el-exterior/noticias/gianluca-lapadula-suma-tres-partidos-consecutivos-sin-ser-tomado-en-cuenta-en-spezia-de-italia-562946,66,3440,1.92%,8.45
https://www.futbolperuano.com/liga-1/noticias/el-nuevo-estadio-al-que-podria-mudarse-atletico-grau-en-la-liga-1-563408,66,2977,2.22%,6.96
https://www.futbolperuano.com/liga-2/noticias/el-estadio-que-sigue-sonando-con-ser-parte-de-la-liga-profesional-567265,66,2377,2.78%,8.16
https://www.futbolperuano.com/en-vivo/campeonato-paulista-2026-corinthians-vs-palmeiras-en-vivo-563052,65,68442,0.09%,9.31
https://www.futbolperuano.com/liga-1/noticias/resultados-y-tabla-de-posiciones-de-la-fecha-5-del-torneo-apertura-567509,65,30253,0.21%,8.15
https://www.futbolperuano.com/liga-1/noticias/alianza-atletico-vs-alianza-lima-en-vivo-por-el-torneo-apertura-de-la-liga-1-2026-563615,65,16502,0.39%,7.82
https://www.futbolperuano.com/liga-1/noticias/socios-de-alianza-lima-recuperarian-el-control-del-club-antes-de-2031-mientras-se-define-el-futuro-dirigencial-563809,65,8116,0.8%,4.2
https://www.futbolperuano.com/liga-1/noticias/estadio-heroes-de-san-ramon-reabre-sus-puertas-tras-recibir-certificacion-fifa-quality-pro-550464,65,7987,0.81%,5.42
https://www.futbolperuano.com/liga-1/noticias/los-10-estadios-mas-grandes-del-futbol-peruano-333771,65,6818,0.95%,6.59
https://www.futbolperuano.com/liga-1/noticias/entrenador-de-la-liga-1-vuelve-a-encender-polemica-con-sus-declaraciones-565103,65,4633,1.4%,7.78
https://www.futbolperuano.com/partidos-por-tv/noticias/programacion-de-hoy-domingo-15-de-febrero-de-2026-horarios-del-futbol-en-vivo-por-television-en-el-peru-563894,65,3718,1.75%,7.42
https://www.futbolperuano.com/liga-voley/tiffany-abreu-queda-fuera-del-sudamericano-de-clubes-de-voley-en-lima-por-bloqueo-burocratico-564291,65,3674,1.77%,7.29
https://www.futbolperuano.com/copa-peru/noticias/la-copa-peru-2026-ya-tiene-fecha-de-inicio-557031,65,3423,1.9%,6.17
https://www.futbolperuano.com/futbol-de-menores/liga-nacional-sub-18-peru/resultados,65,1830,3.55%,5.77
https://www.futbolperuano.com/liga-voley/liga-peruana-de-voley-define-su-fase-2-asi-se-jugara-la-recta-final-de-la-temporada-2025-26-557520,65,1143,5.69%,7.15
https://www.futbolperuano.com/en-vivo/copa-libertadores-2026-botafogo-vs-nacional-de-potosi-en-vivo-567320,64,20724,0.31%,8.4
https://www.futbolperuano.com/liga-1/noticias/universitario-suma-otra-preocupacion-cesar-inga-es-duda-para-enfrentar-a-fc-cajamarca-567770,64,12120,0.53%,3.96
https://www.futbolperuano.com/seleccion/noticias/el-nuevo-canal-que-transmitira-los-partidos-de-la-seleccion-peruana-564558,64,4471,1.43%,8.05
https://www.futbolperuano.com/copa-libertadores/noticias/alianza-lima-vs-2-de-mayo-en-vivo-online-por-vuelta-de-fase-1-de-copa-libertadores-2026-563319,63,18404,0.34%,6.28
https://www.futbolperuano.com/copa-libertadores/noticias/copa-libertadores-2026-cuando-vuelve-a-jugar-alianza-lima-ante-2-de-mayo-562536,63,10936,0.58%,6.16
https://www.futbolperuano.com/liga-1/noticias/jean-ferrari-rompe-su-silencio-la-verdadera-razon-por-la-que-dejo-universitario-564541,63,6055,1.04%,2.79
https://www.futbolperuano.com/liga-1/noticias/la-conar-toma-firme-decision-sobre-kevin-ortega-563149,63,4329,1.46%,7
https://www.futbolperuano.com/mas-deportes/noticias/gonzalo-bueno-y-juan-pablo-varillas-tuvieron-debuts-opuestos-en-el-challenger-de-tigre-564246,62,12467,0.5%,6.74
https://www.futbolperuano.com/liga-1/noticias/quien-sera-el-arbitro-del-universitario-vs-cienciano-en-el-monumental-563413,62,9121,0.68%,5.79
https://www.futbolperuano.com/mundial/panini-presenta-la-portada-del-album-del-mundial-2026-553858,62,6439,0.96%,7.61
https://www.futbolperuano.com/en-vivo/copa-libertadores-2026-2-de-mayo-vs-sporting-cristal-en-vivo-564185,62,5875,1.06%,6.98
https://www.futbolperuano.com/liga-1/noticias/jairo-concha-y-su-rotunda-opinion-tras-amargo-empate-de-universitario-ante-sporting-cristal-564933,62,5072,1.22%,6.7
https://www.futbolperuano.com/peru/clubes/alianza-universidad-huanuco/,62,4139,1.5%,8.91
https://www.futbolperuano.com/partidos-por-tv/noticias/programacion-de-partidos-por-tv-del-jueves-26-de-febrero-del-2026-567317,62,2834,2.19%,7.18
https://www.futbolperuano.com/peru/clubes/comerciantes-loreto/,62,2776,2.23%,8.74
https://www.futbolperuano.com/liga-1/noticias/defensor-de-alianza-lima-cuestiona-a-la-hinchada-pese-al-invicto-mateo-antoni-sorprende-con-fuerte-mensaje-564823,62,2342,2.65%,4.67
https://www.futbolperuano.com/liga-voley/programacion-completa-de-la-octava-fecha-de-la-liga-peruana-de-voley-2025-26-554469,62,2151,2.88%,6.95
https://www.futbolperuano.com/en-vivo/liga-peruana-de-voley-femenino-regatas-lima-vs-rebaza-acosta-en-vivo-567668,62,1235,5.02%,4.87
https://www.futbolperuano.com/partidos-por-tv/fc-barcelona-c26,61,31728,0.19%,10.39
https://www.futbolperuano.com/liga-1/alianza-lima-vs-comerciantes-unidos-8-febrero-2026-liga-1-peru---torneo-apertura-m3230618,61,12121,0.5%,10.31
https://www.futbolperuano.com/en-vivo/campeonato-gaucho-2026-guarany-de-bage-vs-monsoon-fc-562603,61,6294,0.97%,8.47
https://www.futbolperuano.com/liga-1/noticias/paolo-guerrero-confiesa-como-es-pablo-guede-entrenador-alianza-lima-565004,61,3916,1.56%,6.46
https://www.futbolperuano.com/copa-libertadores/2-de-mayo-vs-sporting-cristal-17-febrero-2026-copa-libertadores-m3233270,61,2545,2.4%,11.53
https://www.futbolperuano.com/liga-3/noticias/juan-aurich-sorprende-con-su-nuevo-entrenador-para-la-liga-3-563265,61,2136,2.86%,6.51
https://www.futbolperuano.com/en-vivo/campeonato-paulista-2026-novorizontino-vs-sao-bernardo-en-vivo-562928,60,17323,0.35%,11.03
https://www.futbolperuano.com/liga-1/noticias/nolberto-solano-minimizo-triplete-de-hernan-barcos-ante-fbc-melgar-567489,60,4224,1.42%,6.04
https://www.futbolperuano.com/peru/mas-del-futbol-peruano/los-10-clubes-peruanos-mas-antiguos-que-aun-siguen-en-competencia-505793,60,2665,2.25%,5.13
https://www.futbolperuano.com/futbol-de-menores/liga-nacional-sub-18-peru/tabla-de-posiciones,60,2063,2.91%,6.7
https://www.futbolperuano.com/copa-libertadores/noticias/eddie-fleischman-despotrica-contra-paolo-guerrero-por-no-patear-penal-563579,60,1950,3.08%,5.37
https://www.futbolperuano.com/copa-libertadores/noticias/sporting-cristal-vs-2-de-mayo-fecha-y-hora-por-la-fase-2-de-la-copa-libertadores-2026-563487,59,4928,1.2%,5.83
https://www.futbolperuano.com/liga-voley/cuanto-costaran-las-entradas-para-el-sudamericano-de-clubes-de-voleibol-femenino-563423,59,4183,1.41%,6.7
https://www.futbolperuano.com/liga-1/noticias/hernan-barcos-no-se-olvida-de-alianza-lima-y-le-dedica-un-emotivo-mensaje-de-aniversario-563952,59,3823,1.54%,7.25
https://www.futbolperuano.com/liga-1/noticias/los-18-entrenadores-que-dirigiran-en-el-inicio-de-la-liga-1-del-2026-557962,59,658,8.97%,5.14
https://www.futbolperuano.com/liga-3/noticias/resultados-y-tabla-de-posiciones-de-la-fecha-2-de-la-fase-final-por-la-liga-3-2025-532278,59,593,9.95%,1.97
https://www.futbolperuano.com/futbol-internacional/arabia-saudita/tabla-de-posiciones,58,146944,0.04%,9.14
https://www.futbolperuano.com/liga-1/noticias/hernan-barcos-rompe-el-silencio-tras-ataques-de-wilmer-aguirre-el-pirata-responde-a-las-criticas-562530,58,53341,0.11%,2.81
https://www.futbolperuano.com/peruanos-en-el-exterior/noticias/universitario-confirma-la-partida-de-rafael-guzman-al-real-betis-con-emotiva-despedida-562952,58,34509,0.17%,2.79
https://www.futbolperuano.com/en-vivo/torneo-apertura-2026-alianza-lima-vs-comerciantes-unidos-en-vivo-562833,58,10755,0.54%,5.4
https://www.futbolperuano.com/en-vivo/alianza-lima-vs-sesi-volei-bauru-transmision-en-vivo-por-el-sudamericano-de-clubes-de-voleibol-femenino-2026-564835,58,7113,0.82%,4.72
https://www.futbolperuano.com/seleccion/noticias/seleccion-peruana-a-falta-de-detalles-para-cerrar-su-segundo-amistoso-en-la-fecha-fifa-de-marzo-564647,58,4316,1.34%,7.54
https://www.futbolperuano.com/liga-voley/alianza-lima-integra-el-top-10-de-mejores-clubes-de-voley-del-mundo-de-2025-555197,58,4257,1.36%,6.58
https://www.futbolperuano.com/liga-1/noticias/sport-boys-estalla-contra-la-conar-y-apunta-contra-universitario-a-la-u-le-dan-la-razon-rapido-563379,58,3752,1.55%,6.89
https://www.futbolperuano.com/liga-1/noticias/alianza-lima-tendria-en-la-mira-a-dt-que-casi-llega-a-la-seleccion-peruana-para-reemplazar-a-pablo-guede-564557,58,3459,1.68%,7.62
https://www.futbolperuano.com/liga-3/resultados,58,2030,2.86%,8.12
https://www.futbolperuano.com/liga-1/noticias/pablo-lavandeira-estalla-contra-el-arbitraje-de-la-liga-1-562113,57,42669,0.13%,6.3
https://www.futbolperuano.com/peru/clubes/adt/,57,13360,0.43%,7.36
https://www.futbolperuano.com/peruanos-en-el-exterior/noticias/con-oliver-sonne-y-joao-grimaldo-sparta-praga-consiguio-nuevo-triunfo-en-la-liga-checa-563966,57,11450,0.5%,8.86
https://www.futbolperuano.com/en-vivo/conmebol-sub-20-femenino-colombia-vs-brasil-en-vivo-564458,57,6632,0.86%,12.46
https://www.futbolperuano.com/liga-1/noticias/universitario-tomo-drastica-decision-con-sekou-gassama-previo-al-duelo-ante-adt-561931,57,2814,2.03%,6.21
https://www.futbolperuano.com/partidos-por-tv/nativa-c31,57,1492,3.82%,8.33
https://www.futbolperuano.com/liga-1/los-chankas-vs-sport-huancayo-22-febrero-2026-liga-1-peru---torneo-apertura-m3230651,56,17339,0.32%,10.52
https://www.futbolperuano.com/liga-1/noticias/hernan-barcos-respondio-a-las-supuestas-deudas-de-fc-cajamarca-564071,56,4375,1.28%,5.18
https://www.futbolperuano.com/partidos-por-tv/peru-lnsv-liga-peruana-de-voley-femenino-t295,56,4273,1.31%,9.48
https://www.futbolperuano.com/partidos-por-tv/liga-2-peru-t36,56,3368,1.66%,12.09
https://www.futbolperuano.com/liga-1/noticias/universitario-de-deportes-presentara-una-queja-formal-ante-la-conar-563015,56,3101,1.81%,6.3
https://www.futbolperuano.com/copa-libertadores/noticias/pedro-garcia-apunta-contra-paolo-guerrero-y-pablo-guede-tras-eliminacion-de-alianza-lima-563589,56,2525,2.22%,3.61
https://www.futbolperuano.com/fichajes/fichajes-de-deportivo-moquegua-en-el-2026-altas-bajas-renovaciones-y-rumores-552723,56,1975,2.84%,4.99
https://www.futbolperuano.com/copa-peru/noticias/leon-de-huanuco-confirmo-a-su-nuevo-entrenador-para-la-copa-peru-2026-562293,56,1940,2.89%,8.24
https://www.futbolperuano.com/en-vivo/torneo-jovenes-promesas-2026-argentina-vs-chile-en-vivo-563069,56,1597,3.51%,13.72
https://www.futbolperuano.com/seleccion/noticias/peru-vs-honduras-historial-de-enfrentamientos-entre-ambos-equipos-205676,56,1285,4.36%,7.12
https://www.futbolperuano.com/liga-1/noticias/los-chankas-se-pronunciaron-por-la-falta-de-camisetas-en-el-duelo-ante-melgar-567696,55,13377,0.41%,8.27
https://www.futbolperuano.com/en-vivo/torneo-apertura-2026-sporting-cristal-vs-melgar-en-vivo-562826,55,9948,0.55%,4.95
https://www.futbolperuano.com/copa-libertadores/noticias/quienes-son-los-convocados-del-2-de-mayo-para-recibir-a-alianza-lima-562414,55,6683,0.82%,9.11
https://www.futbolperuano.com/copa-libertadores/noticias/esteban-pavez-utilizara-la-5-de-carlos-zambrano-en-alianza-lima-562199,55,4467,1.23%,3.85
https://www.futbolperuano.com/liga-voley/rebaza-acosta-separa-a-claudia-palza-por-indisciplina-en-plena-lucha-por-clasificar-en-la-liga-peruana-de-voley-562523,55,3750,1.47%,6.81
https://www.futbolperuano.com/liga-1/noticias/fichajes-en-la-liga-1-2026-altas-bajas-renovaciones-y-remores--en-vivo-551575,55,3302,1.67%,7.02
https://www.futbolperuano.com/liga-1/noticias/liga-1-2026-se-realizo-el-sorteo-del-fixture-y-se-definio-el-calendario-completo-del-torneo-peruano-558237,55,2532,2.17%,9.27
https://www.futbolperuano.com/partidos-por-tv/noticias/programacion-de-partidos-por-tv-del-viernes-20-de-febrero-del-2026-564562,55,2167,2.54%,7.1
https://www.futbolperuano.com/liga-1/noticias/liga-1-alianza-atletico-anuncio-la-llegada-de-federico-urciuoli-como-nuevo-dt-tras-la-salida-de-gerardo-ameli-554427,54,3239,1.67%,6.08
https://www.futbolperuano.com/liga-1/noticias/liga-1-fixture-de-cusco-fc-en-el-torneo-apertura-2026-558272,54,1237,4.37%,5.74
https://www.futbolperuano.com/liga-1/utc-cajamarca-vs-cusco-futbol-club-13-febrero-2026-liga-1-peru---torneo-apertura-m3230630,53,49772,0.11%,8.36
https://www.futbolperuano.com/liga-1/noticias/universitario-vs-cienciano-cuando-y-a-que-hora-sera-el-partido-por-el-torneo-apertura-2026-563464,53,20902,0.25%,7.62
https://www.futbolperuano.com/en-vivo/torneo-apertura-2026-deportivo-moquegua-vs-utc-de-cajamarca-en-vivo-562615,53,14257,0.37%,8.69
https://www.futbolperuano.com/peruanos-en-el-exterior/noticias/oliver-sonne-y-joao-grimaldo-brillan-en-triunfo-del-sparta-praga-y-siguen-firmes-en-la-liga-checa-563041,53,10062,0.53%,7.24
https://www.futbolperuano.com/liga-1/noticias/wilmer-aguirre-puso-en-la-mira-a-hernan-barcos-y-le-lanzo-fuertes-criticas-562482,53,7454,0.71%,5.87
https://www.futbolperuano.com/en-vivo/copa-libertadores-2-de-mayo-vs-alianza-lima-en-vivo-562389,53,6979,0.76%,5.09
https://www.futbolperuano.com/liga-1/noticias/desde-sport-boys-senalaron-como-vencer-a-alianza-lima-564230,53,4621,1.15%,6.36
https://www.futbolperuano.com/partidos-por-tv/copa-del-rey-de-espana-t17,53,3802,1.39%,8.21
https://www.futbolperuano.com/liga-2/noticias/deportivo-llacuabamba-anuncia-ocho-nuevos-refuerzos-para-la-liga-2-2026-567656,53,2888,1.84%,7.16
https://www.futbolperuano.com/liga-voley/regatas-lima-sumo-un-refuerzo-de-lujo-para-el-sudamericano-de-clubes-2026-562698,53,2847,1.86%,7.29
https://www.futbolperuano.com/liga-2/noticias/liga-2-ada-de-jaen-presentara-a-su-nuevo-plantel-en-amistoso-frente-a-san-martin-564596,53,1816,2.92%,6.12
https://www.futbolperuano.com/copa-peru/noticias/el-fundador-de-la-liga-peruana-gano-en-la-copa-peru-2026-567450,53,1418,3.74%,5.56
https://www.futbolperuano.com/en-vivo/copa-libertadores-juventud-de-las-piedras-vs-universidad-catolica-de-quito-en-vivo-562616,52,17751,0.29%,6.9
https://www.futbolperuano.com/liga-1/noticias/carlos-bustos-aclaro-situacion-de-jean-deza-con-utc-cajamarca-562753,52,10483,0.5%,6.19
https://www.futbolperuano.com/liga-1/noticias/checho-ibarra-pidio-disculpas-a-jose-carvallo-tras-el-universitario-vs-cienciano-563885,52,7272,0.72%,4.1
https://www.futbolperuano.com/liga-1/noticias/diego-penny-le-pide-a-sporting-cristal-fichar-a-un-nuevo-delantero-567423,52,3712,1.4%,4.4
https://www.futbolperuano.com/mas-deportes/noticias/ignacio-buse-debuta-con-triunfo-en-buenos-aires-563313,52,3243,1.6%,6.07
https://www.futbolperuano.com/liga-1/noticias/cuando-fue-la-ultima-vez-que-cristal-y-universitario-se-enfrentaron-en-el-alberto-gallardo-561746,52,1796,2.9%,7.67
https://www.futbolperuano.com/copa-peru/noticias/resultados-fecha-1-liga-distrital-de-puno-en-la-copa-peru-2026-564033,52,1244,4.18%,8.31
https://www.futbolperuano.com/liga-voley/universitario-vs-regatas-lima-en-vivo-por-la-liga-peruana-de-voley-561871,51,18940,0.27%,3.41
https://www.futbolperuano.com/liga-1/noticias/alianza-lima-vs-comerciantes-unidos-en-vivo-por-el-torneo-apertura-de-la-liga-1-2026-562807,51,9324,0.55%,8.19
https://www.futbolperuano.com/liga-1/deportivo-garcilaso-vs-sporting-cristal-1-febrero-2026-liga-1-peru---torneo-apertura-m3226397,51,4098,1.24%,9.8
https://www.futbolperuano.com/partidos-por-tv/noticias/programacion-de-partidos-por-tv-del-miercoles-04-de-febrero-del-2026-562347,51,3579,1.42%,4.36
https://www.futbolperuano.com/peruanos-en-el-exterior/noticias/prensa-colombiana-queda-impresionada-con-pedro-gallese-tras-victoria-de-deportivo-cali-felino-564106,51,3303,1.54%,7.23
https://www.futbolperuano.com/liga-2/noticias/liga-2-union-minas-anuncia-cinco-nuevos-refuerzos-para-la-temporada-2026-560402,51,1713,2.98%,6.24
https://www.futbolperuano.com/liga-1/noticias/liga-1-fixture-de-cienciano-en-el-torneo-apertura-2026-558271,51,1675,3.04%,6.47
https://www.futbolperuano.com/liga-voley/atenea-open/resultados,51,1367,3.73%,9.87
https://www.futbolperuano.com/en-vivo/liga-femenina-2026-sorteo-del-fixture-en-vivo-567588,51,1153,4.42%,8.24
https://www.futbolperuano.com/liga-1/adt-tarma-vs-utc-cajamarca-22-febrero-2026-liga-1-peru---torneo-apertura-m3230643,50,42775,0.12%,9.78
https://www.futbolperuano.com/liga-1/cusco-futbol-club-vs-universitario-de-deportes-7-febrero-2026-liga-1-peru---torneo-apertura-m3230625,50,10558,0.47%,9.06
https://www.futbolperuano.com/liga-1/universitario-de-deportes-vs-adt-tarma-1-febrero-2026-liga-1-peru---torneo-apertura-m3226402,50,7985,0.63%,10.29
https://www.futbolperuano.com/liga-1/noticias/diego-romero-y-su-ilusion-tras-su-reestreno-con-universitario-562189,50,6284,0.8%,4.55
https://www.futbolperuano.com/en-vivo/copa-libertadores-sub-20--2026-sorteo-en-vivo-de-la-fase-de-grupos-563212,50,5405,0.93%,6.31
https://www.futbolperuano.com/partidos-por-tv/noticias/programacion-de-partidos-por-tv-del-sabado-7-de-febrero-562883,50,3586,1.39%,4.85
https://www.futbolperuano.com/copa-libertadores/noticias/esteban-pavez-se-pronuncio-sobre-su-lesion-tras-debut-en-copa-libertadores-562577,50,3483,1.44%,7.78
https://www.futbolperuano.com/futbol-femenino/futbolista-del-brentford-fc-recibe-llamado-de-la-seleccion-peruana-femenina-564490,50,3340,1.5%,13.02
https://www.futbolperuano.com/futbol-internacional/fc-porto-vs-sporting-lisboa-9-febrero-2026-primeira-liga-de-portugal-m3205138,49,46002,0.11%,12.32
https://www.futbolperuano.com/liga-1/noticias/reimond-manco-critica-el-debut-de-cristian-carbajal-en-alianza-lima-tras-victoria-2-1-562072,49,3842,1.28%,5.71
https://www.futbolperuano.com/liga-1/fbc-melgar-vs-deportivo-moquegua-15-febrero-2026-liga-1-peru---torneo-apertura-m3230639,49,3582,1.37%,10.24
https://www.futbolperuano.com/copa-peru/noticias/los-campeones-nacionales-que-juegan-la-copa-peru-2026-564367,49,2207,2.22%,6.93
https://www.futbolperuano.com/peru/clubes/sporting-cristal/,48,84057,0.06%,9.34
https://www.futbolperuano.com/peruanos-en-el-exterior/noticias/1-fc-koln-de-felipe-chavez-cae-ante-stuttgart-y-suma-otra-derrota-en-la-bundesliga-563900,48,9281,0.52%,10.34
https://www.futbolperuano.com/peruanos-en-el-exterior/noticias/felipe-chavez-suma-otro-partido-sin-minutos-y-crece-la-preocupacion-tras-empate-del-colonia-en-bundesliga-564856,48,6668,0.72%,9.38
https://www.futbolperuano.com/fichajes/fichajes-de-fbc-melgar-en-el-2026-altas-bajas-renovaciones-y-rumores-552025,48,2673,1.8%,5.38
https://www.futbolperuano.com/liga-voley/mundial-de-clubes/resultados,48,2127,2.26%,8.1
https://www.futbolperuano.com/en-vivo/copa-davis-2026-alemania-vs-peru-en-vivo-desde-dusseldorf-562900,48,1391,3.45%,9.26
https://www.futbolperuano.com/futbol-internacional/escocia/tabla-de-posiciones,47,59088,0.08%,10.17
https://www.futbolperuano.com/peru/clubes/fbc-melgar/,47,40555,0.12%,8.89
https://www.futbolperuano.com/liga-1/noticias/universitario-recupera-tres-jugadores-para-enfrentar-a-sporting-cristal-564248,47,35938,0.13%,3.36
https://www.futbolperuano.com/liga-1/cienciano-vs-alianza-atletico-21-febrero-2026-liga-1-peru---torneo-apertura-m3230648,47,28010,0.17%,9.48
https://www.futbolperuano.com/futbol-internacional/argentina/tabla-de-posiciones,47,11146,0.42%,10.12
https://www.futbolperuano.com/liga-1/noticias/delantero-de-cusco-fc-sobre-penal-ante-universitario-nos-paso-una-vez-en-la-cancha-de-ellos-563020,47,5631,0.83%,4.81
https://www.futbolperuano.com/liga-1/universitario-de-deportes-vs-cienciano-13-febrero-2026-liga-1-peru---torneo-apertura-m3230649,47,5548,0.85%,9.36
https://www.futbolperuano.com/copa-libertadores/noticias/copa-libertadores-2-de-mayo-rival-de-alianza-lima-sufre-contratiempo-en-su-viaje-a-lima-antes-del-duelo-de-vuelta-por-la-fase-2-563183,47,4563,1.03%,5.73
https://www.futbolperuano.com/liga-voley/sudamericano-de-clubes-de-voley-2026-alianza-lima-regatas-lima-y-san-martin-ya-conocen-a-sus-rivales-en-la-fase-de-grupos-560032,47,4018,1.17%,9.6
https://www.futbolperuano.com/peruanos-en-el-exterior/noticias/los-peruanos-que-jugaran-en-el-exterior-en-este-ano-2025-505656,47,2262,2.08%,6.35
https://www.futbolperuano.com/peruanos-en-el-exterior/noticias/el-nuremberg-extrano-a-fabio-gruber-y-sumo-una-nueva-derrota-en-alemania-562904,47,2072,2.27%,9.38
https://www.futbolperuano.com/liga-2/noticias/,47,669,7.03%,13.63
https://www.futbolperuano.com/liga-1/noticias/deportivo-garcilaso-vs-sporting-cristal-en-vivo-online-por-la-fecha-1-del-torneo-apertura-de-la-liga-1-562019,46,42729,0.11%,10.57
https://www.futbolperuano.com/en-vivo/copa-libertadores-2026-deportivo-tachira-vs-deportes-tolima-en-vivo-564518,46,23260,0.2%,6.32
https://www.futbolperuano.com/futbol-femenino/resultados-y-posiciones-del-sudamericano-femenino-sub-20-562294,46,6455,0.71%,12.07
https://www.futbolperuano.com/copa-peru/noticias/resultados-fecha-1-liga-distrital-de-arequipa-en-la-copa-peru-2026-564884,46,3629,1.27%,6.16
https://www.futbolperuano.com/liga-3/noticias/fifa-ordena-a-club-peruano-a-pagar-sus-deudas-para-poder-jugar-en-este-2026-564987,46,2621,1.76%,6.86
https://www.futbolperuano.com/partidos-por-tv/noticias/programacion-de-hoy-domingo-1-de-marzo-de-2026-horarios-del-futbol-en-vivo-por-television-en-el-peru-567758,46,2563,1.79%,6.85
https://www.futbolperuano.com/liga-1/noticias/liga-1-sport-boys-sera-local-ante-alianza-lima-y-universitario-en-el-estadio-nacional-563306,46,2295,2%,6.32
https://www.futbolperuano.com/liga-voley/quienes-son-las-extranjeras-que-jugaran-en-la-liga-peruana-de-voley-495732,46,2153,2.14%,7
https://www.futbolperuano.com/liga-1/sporting-cristal-vs-fbc-melgar-8-febrero-2026-liga-1-peru---torneo-apertura-m3230629,46,1760,2.61%,11.17
https://www.futbolperuano.com/en-vivo/torneo-jovenes-promesas-2026-talleres-de-argentina-vs-peru-en-vivo-563337,46,1376,3.34%,11.17
https://www.futbolperuano.com/peru/encuesta-de-datum-candidatos-presenciales-en-elecciones-generales-2026-en-peru-563122,46,1272,3.62%,8.68
https://www.futbolperuano.com/liga-1/fc-cajamarca-vs-deportivo-garcilaso-9-febrero-2026-liga-1-peru---torneo-apertura-m3230622,45,31224,0.14%,9.29
https://www.futbolperuano.com/liga-1/noticias/marco-huaman-se-refirio-al-buen-momento-que-atraviesa-en-alianza-lima-564858,45,11443,0.39%,6.03
https://www.futbolperuano.com/liga-2/noticias/santos-fc-sorprende-y-se-refuerza-con-ex-volante-de-boca-juniors-564543,45,4090,1.1%,10.2
https://www.futbolperuano.com/liga-1/noticias/jefferson-caceres-vuelve-a-fbc-melgar-tras-fallido-paso-europeo-y-genera-expectativa-en-arequipa-564947,45,2740,1.64%,7.68
https://www.futbolperuano.com/liga-1/noticias/cienciano-anuncio-a-su-septimo-refuerzo-extranjero-para-la-liga-1-2026-562376,45,2310,1.95%,6.47
https://www.futbolperuano.com/copa-peru/noticias/10-equipos-jugaran-la-liga-distrital-de-cajamarca-en-la-copa-peru-2026-562794,45,2019,2.23%,7.51
https://www.futbolperuano.com/liga-1/noticias/miguel-trauco-deja-alianza-lima-tras-su-desvinculacion-oficial-y-su-futuro-apunta-al-futbol-de-indonesia-562845,45,1071,4.2%,7.36
https://www.futbolperuano.com/partidos-por-tv/pluto-tv-c46,45,907,4.96%,7.09
https://www.futbolperuano.com/futbol-femenino/liga-femenina/alianza-lima-suma-dos-refuerzos-en-ofensiva-para-la-liga-femenina-2026-558321,45,600,7.5%,5.2
https://www.futbolperuano.com/en-vivo/copa-libertadores-2026-universidad-catolica-vs-juventud-las-piedras-563542,44,19707,0.22%,6.7
https://www.futbolperuano.com/en-vivo/recopa-sudamericana-2026-lanus-vs-flamengo-en-vivo-564608,44,14350,0.31%,4.99
https://www.futbolperuano.com/liga-1/noticias/sekou-gassama-ilusiona-al-hincha-y-explica-su-estilo-de-juego-previo-a-su-debut-con-universitario-563673,44,6783,0.65%,3.96
https://www.futbolperuano.com/liga-1/noticias/carlos-silvestri-se-refirio-al-mal-arranque-de-fc-cajamarca-en-la-liga-1-2026-564058,44,4929,0.89%,4.05
https://www.futbolperuano.com/partidos-por-tv/noticias/programacion-de-partidos-por-tv-del-domingo-01-de-febrero-del-2026-562007,44,4152,1.06%,5.16
https://www.futbolperuano.com/liga-1/noticias/deportivo-moquegua-reafirmo-al-tecnico-jaime-serna-para-la-liga-1-2026-553318,44,3170,1.39%,5.04
https://www.futbolperuano.com/liga-1/noticias/alianza-lima-oficializo-la-situacion-de-carlos-zambrano-563414,44,3119,1.41%,5.19
https://www.futbolperuano.com/liga-1/noticias/universitario-vs-adt-de-tarma-en-vivo-por-el-torneo-apertura-de-la-liga-1-2026-561943,44,2873,1.53%,8.09
https://www.futbolperuano.com/liga-2/noticias/union-comercio-se-refuerza-con-futbolista-proveniente-de-europa-562340,44,2482,1.77%,9.07
https://www.futbolperuano.com/partidos-por-tv/copa-sudamericana-t6,44,2247,1.96%,12.59
https://www.futbolperuano.com/liga-2/resultados,44,2196,2%,12.76
https://www.futbolperuano.com/liga-voley/el-equipo-mas-ganador-en-toda-la-historia-de-la-liga-de-voley-518438,44,2001,2.2%,7.05
https://www.futbolperuano.com/liga-1/noticias/director-tecnico-argentino-recibe-12-fechas-de-suspension-537050,44,553,7.96%,5.4
https://www.futbolperuano.com/peru/clubes/sport-boys/,43,17213,0.25%,8.17
https://www.futbolperuano.com/en-vivo/copa-libertadores-2026-independiente-medellin-vs-liverpool-en-vivo-565165,43,16223,0.27%,6.66
https://www.futbolperuano.com/en-vivo/copa-libertadores-2026-guarani-vs-juventud-las-piedras-en-vivo-567490,43,11094,0.39%,7.49
https://www.futbolperuano.com/liga-1/noticias/alianza-lima-peter-arevalo-estalla-contra-pablo-guede-por-suplencia-de-pedro-aquino-563982,43,3172,1.36%,6.24
https://www.futbolperuano.com/copa-sudamericana/noticias/fecha-y-hora-confirmada-del-cienciano-vs-melgar-por-la-copa-sudamericana-556296,43,3158,1.36%,8.36
https://www.futbolperuano.com/copa-peru/noticias/leon-de-huanuco-ficho-sus-tres-primeros-refuerzos-copa-peru-2026-562357,43,1926,2.23%,7.88
https://www.futbolperuano.com/liga-1/noticias/sport-huancayo-vs-alianza-lima-en-vivo-online-por-la-fecha-1-del-torneo-apertura-de-la-liga-1-561706,42,21885,0.19%,7.68
https://www.futbolperuano.com/liga-1/noticias/partido-entre-comerciantes-unidos-vs-los-chankas-se-paralizo-por-insultos-contra-abdiel-ayarza-563993,42,12761,0.33%,10.09
https://www.futbolperuano.com/en-vivo/liga-uruguaya-de-futbol-liverpool-vs-defensor-sporting-en-vivo-563815,42,9554,0.44%,8.62
https://www.futbolperuano.com/liga-1/noticias/administrador-de-universitario-confirmo-que-williams-riveros-fue-inscrito-como-extranjero-562132,42,5855,0.72%,4.69
https://www.futbolperuano.com/peruanos-en-el-exterior/noticias/andre-carrillo-se-corono-campeon-de-la-supercopa-de-brasil-562104,42,3747,1.12%,9.03
https://www.futbolperuano.com/partidos-por-tv/noticias/programacion-de-partidos-por-tv-del-martes-17-de-febrero-564141,42,2025,2.07%,5.56
https://www.futbolperuano.com/futsal/copa-america/tabla-de-posiciones,42,1839,2.28%,9.28
https://www.futbolperuano.com/radio/atlantis-47-ayacucho-4331,42,961,4.37%,7.37
https://www.futbolperuano.com/copa-peru/noticias/miguel-mostto-sorprende-al-fichar-por-equipo-de-la-copa-peru-2026-563758,42,883,4.76%,8.66
https://www.futbolperuano.com/partidos-por-tv/zapping-c49,42,419,10.02%,2.89
https://www.futbolperuano.com/en-vivo/bundesliga-de-alemania-colonia-vs-rb-leipzig-en-vivo-562989,41,30615,0.13%,10.65
https://www.futbolperuano.com/futbol-internacional/francia/nantes-vs-lyon-7-febrero-2026-ligue-1-de-francia-m3201242,41,26793,0.15%,12.06
https://www.futbolperuano.com/liga-1/utc-cajamarca-vs-alianza-lima-28-febrero-2026-liga-1-peru---torneo-apertura-m3230632,41,19374,0.21%,9.8
https://www.futbolperuano.com/liga-1/noticias/sport-boys-vs-deportivo-moquegua-en-vivo-por-el-torneo-apertura-de-la-liga-1-2026-567467,41,16573,0.25%,8.81
https://www.futbolperuano.com/liga-1/noticias/piero-serra-jugador-de-utc-de-cajamarca-apunto-contra-alianza-lima-567771,41,7650,0.54%,3.82
https://www.futbolperuano.com/peruanos-en-el-exterior/noticias/ya-es-oficial-felipe-chavez-fue-presentado-como-nuevo-jugador-del-1-fc-koln-562180,41,7396,0.55%,8.66
https://www.futbolperuano.com/en-vivo/liga-mexicana-femenil-toluca-vs-atletico-de-san-luis-en-vivo-562385,41,5131,0.8%,8.68
https://www.futbolperuano.com/en-vivo/torneo-de-verano-de-bolivia-the-strongest-vs-bolivar-en-vivo-561919,41,2874,1.43%,14.51
https://www.futbolperuano.com/copa-peru/noticias/programacion-fecha-2-liga-distrital-piura-en-la-copa-peru-2026-563762,41,2256,1.82%,7.64
https://www.futbolperuano.com/copa-peru/noticias/resultados-en-la-fecha-2-de-la-liga-distrital-puno-copa-peru-2026-565107,41,1356,3.02%,8.81
https://www.futbolperuano.com/radio/,41,1356,3.02%,8.95
https://www.futbolperuano.com/en-vivo/noticias/radios-fm-y-am-que-transmiten-partidos-de-futbol-en-peru-218752,41,880,4.66%,7.11
https://www.futbolperuano.com/en-vivo/copa-libertadores-2026-ohiggins-vs-bahia-en-vivo-564411,40,25146,0.16%,6.77
https://www.futbolperuano.com/futbol-internacional/casa-pia-vs-fc-porto-2-febrero-2026-primeira-liga-de-portugal-m3205125,40,24757,0.16%,10.88
https://www.futbolperuano.com/liga-1/noticias/los-chankas-vs-sport-huancayo-en-vivo-por-el-torneo-apertura-de-la-liga-1-2026-564738,40,12619,0.32%,9.31
https://www.futbolperuano.com/liga-1/noticias/alianza-lima-esteban-pavez-explica-como-pablo-guede-influyo-en-su-fichaje-por-los-grones-562081,40,4210,0.95%,4.64
https://www.futbolperuano.com/copa-libertadores/juventud-de-las-piedras-vs-u-catolica-de-quito-5-febrero-2026-copa-libertadores-m3224305,40,3074,1.3%,8.8
https://www.futbolperuano.com/futbol-internacional/brasil/tabla-de-posiciones,39,37064,0.11%,10.09
https://www.futbolperuano.com/futbol-internacional/ecuador/tabla-de-posiciones,39,6706,0.58%,13.48
https://www.futbolperuano.com/en-vivo/conmebol-sub-20-femenino-colombia-vs-venezuela-en-vivo-562993,39,4177,0.93%,13.88
https://www.futbolperuano.com/liga-1/noticias/pablo-guede-revelo-que-le-falto-a-alianza-lima-para-llevarse-el-triunfo-de-trujillo-563945,39,3538,1.1%,7.16
https://www.futbolperuano.com/seleccion/noticias/seleccion-peruana-confirmo-sus-dos-primeros-amistosos-del-2026-565061,39,2682,1.45%,8.13
https://www.futbolperuano.com/liga-1/clausura/resultados,39,2241,1.74%,14.87
https://www.futbolperuano.com/liga-1/noticias/carlos-bustos-y-su-advertencia-a-jean-deza-de-confirmarse-su-llegada-a-utc-aca-es-bien-diferente-563364,39,2041,1.91%,6.73
https://www.futbolperuano.com/copa-libertadores/noticias/mr-peet-explota-en-vivo-tras-eliminacion-de-alianza-lima-de-la-copa-libertadores-563552,39,996,3.92%,6.7
https://www.futbolperuano.com/en-vivo/brasileirao-corinthians-vs-bragantino-en-vivo-por-la-serie-a-de-brasil-563600,38,56116,0.07%,12.5
https://www.futbolperuano.com/futbol-internacional/brasil/copa-paulista/tabla-de-posiciones,38,38457,0.1%,9.24
https://www.futbolperuano.com/copa-libertadores/noticias/cuantos-triunfos-suma-alianza-lima-en-la-copa-libertadores-563455,38,21381,0.18%,5.6
https://www.futbolperuano.com/peruanos-en-el-exterior/noticias/sorpresa-jhilmar-lora-y-novorizontino-eliminan-al-santos-y-suenan-con-el-titulo-en-el-paulista-564962,38,17428,0.22%,9.25
https://www.futbolperuano.com/copa-libertadores/noticias/mundialista-chileno-elogio-a-su-compatriota-esteban-pavez-562440,38,6415,0.59%,3.45
https://www.futbolperuano.com/liga-1/noticias/melgar-vs-los-chankas-kevin-ortega-volvera-a-dirigir-en-el-torneo-apertura-567341,38,4940,0.77%,8.82
https://www.futbolperuano.com/peruanos-en-el-exterior/noticias/erick-noriega-clasifica-a-la-final-del-torneo-gaucho-con-gremio-tras-vencer-a-juventude-por-penales-564969,38,4762,0.8%,7.58
https://www.futbolperuano.com/liga-2/noticias/liga-2-arquero-campeon-con-boca-juniors-marcos-diaz-muy-cerca-de-fichar-por-deportivo-llacuabamba-562243,38,2988,1.27%,7.93
https://www.futbolperuano.com/liga-1/noticias/club-peruano-reconocio-que-quiere-a-miguel-trauco-567275,38,2902,1.31%,4.92
https://www.futbolperuano.com/liga-1/noticias/universitario-javier-rabanal-jairo-concha-y-cain-fara-explotan-contra-la-hinchada-de-sporting-cristal-564959,38,2594,1.46%,5.39
https://www.futbolperuano.com/liga-3/noticias/exfigura-de-alianza-lima-se-convierte-en-entrenador-del-volante-bambamarca-563743,38,2219,1.71%,5.08
https://www.futbolperuano.com/peru/ipd-rompe-su-silencio-tras-deplorable-estado-en-el-que-se-encuentra-el-estadio-nacional-561926,38,1923,1.98%,6.94
https://www.futbolperuano.com/partidos-por-tv/arabia-saudita-liga-profesional-saudi-t61,38,736,5.16%,7.17
https://www.futbolperuano.com/futbol-internacional/sporting-lisboa-vs-estoril-27-febrero-2026-primeira-liga-de-portugal-m3205168,37,50771,0.07%,11.84
https://www.futbolperuano.com/en-vivo/champions-league-202526-benfica-vs-real-madrid-en-vivo-564189,37,11235,0.33%,6.12
https://www.futbolperuano.com/liga-1/noticias/universitario-javier-rabanal-valoro-el-empate-ante-cusco-fc-563001,37,8790,0.42%,4.65
https://www.futbolperuano.com/futbol-internacional/australia/tabla-de-posiciones,37,4756,0.78%,9.09
https://www.futbolperuano.com/en-vivo/torneo-apertura-2026-juan-pablo-ii-vs-sporting-cristal-en-vivo-563703,37,3545,1.04%,5.52
https://www.futbolperuano.com/copa-peru/noticias/raul-tito-jugara-la-copa-peru-2026-con-pintoresco-equipo-562476,37,1733,2.14%,8.02
https://www.futbolperuano.com/liga-3/noticias/campeon-peruano-se-quedarian-sin-estadio-para-el-2026-564749,37,1403,2.64%,7.66
https://www.futbolperuano.com/peru/mas-del-futbol-peruano/academias-de-futbol-en-el-distrito-de-los-olivos-499303,37,684,5.41%,7.45
https://www.futbolperuano.com/liga-1/atletico-grau-vs-sport-huancayo-7-febrero-2026-liga-1-peru---torneo-apertura-m3230623,36,30512,0.12%,9.03
https://www.futbolperuano.com/peru/clubes/los-chankas-apurimac/,36,20902,0.17%,9.27
https://www.futbolperuano.com/liga-1/noticias/universitario-vs-fc-cajamarca-en-vivo-por-el-torneo-apertura-2026-567792,36,10604,0.34%,4.74
https://www.futbolperuano.com/liga-1/noticias/adt-de-tarma-presenta-tres-bajas-para-visitar-a-universitario-de-deportes-561973,36,7944,0.45%,7.18
https://www.futbolperuano.com/liga-1/noticias/estos-son-los-18-equipos-que-disputaran-la-liga-1-2026-552523,36,7037,0.51%,8.92
https://www.futbolperuano.com/liga-1/noticias/kevin-ortega-dirigira-el-partido-de-universitario-de-deportes-en-cusco-562421,36,5395,0.67%,7.9
https://www.futbolperuano.com/copa-libertadores/noticias/guia-de-la-copa-libertadores-2026-con-equipos-y-calendario-completo-560655,36,5368,0.67%,9.17
https://www.futbolperuano.com/seleccion/noticias/nolberto-solano-ve-a-christian-cueva-lejos-de-la-seleccion-peruana-564866,36,4622,0.78%,4.55
https://www.futbolperuano.com/copa-libertadores/noticias/alejandro-duarte-explico-lo-sucedido-en-el-penal-que-cometio-ante-2-de-mayo-563519,36,3837,0.94%,6.16
https://www.futbolperuano.com/peruanos-en-el-exterior/noticias/bryan-reyna-sigue-sin-sumar-minutos-con-belgrano-en-la-nueva-temporada-de-la-liga-argentina-563026,36,3837,0.94%,7.05
https://www.futbolperuano.com/partidos-por-tv/serie-a-de-italia-t24,36,3221,1.12%,11.09
https://www.futbolperuano.com/liga-1/noticias/pablo-lavandeira-es-suspendido-4-fechas-y-golpea-a-fc-cajamarca-antes-de-duelos-clave-564439,36,3206,1.12%,8.27
https://www.futbolperuano.com/partidos-por-tv/noticias/programacion-de-hoy-lunes-2-de-febrero-de-2026-horarios-del-futbol-en-vivo-por-television-en-el-peru-562096,36,2790,1.29%,7.22
https://www.futbolperuano.com/liga-3/noticias/alexi-gomez-ficha-por-un-equipo-de-la-tercera-division-del-peru-567348,36,2742,1.31%,7.63
https://www.futbolperuano.com/liga-1/noticias/universitario-sufrira-la-ausencia-de-tres-de-sus-figuras-para-enfrentar-a-cienciano-563613,36,1700,2.12%,7.33
https://www.futbolperuano.com/liga-1/noticias/flaco-granda-arremete-contra-pedro-aquino-por-su-presente-en-alianza-lima-563390,36,1694,2.13%,4.79
https://www.futbolperuano.com/futsal/bicampeon-de-argentina-ficha-a-estrella-de-la-seccion-peruana-alex-juarez-563251,36,1524,2.36%,7.23
https://www.futbolperuano.com/partidos-por-tv/portugal-primeira-liga-t28,36,690,5.22%,10.55
https://www.futbolperuano.com/partidos-por-tv/mls-de-estados-unidos-t27,36,471,7.64%,10.69
https://www.futbolperuano.com/liga-1/noticias/liga-1-en-vivo-noticias-y-resultados-en-la-fecha-4-del-torneo-apertura-564735,35,28181,0.12%,8.01
https://www.futbolperuano.com/liga-1/noticias/liga-1-en-vivo-noticias-y-resultados-de-la-fecha-3-del-torneo-apertura-563632,35,13730,0.25%,6.59
https://www.futbolperuano.com/liga-2/noticias/san-martin-refuerza-su-banda-derecha-para-la-liga-2-2026-564926,35,8162,0.43%,13.31
https://www.futbolperuano.com/liga-1/noticias/hinchas-de-sporting-cristal-lanzaron-una-gallina-en-pleno-duelo-ante-universitario-564956,35,4503,0.78%,5.74
https://www.futbolperuano.com/futbol-de-menores/copa-federacion-oro-2025-conoce-a-los-clasificados-a-la-fase-final-del-torneo-de-menores-533164,35,2819,1.24%,7.71
https://www.futbolperuano.com/futbol-de-menores/thiago-kosloski-es-el-nuevo-tecnico-de-la-seleccion-peruana-sub-20-para-2026-562526,35,2588,1.35%,6.67
https://www.futbolperuano.com/partidos-por-tv/brasil-campeonato-brasileno-de-futbol-serie-a-t13,35,1920,1.82%,9.81
https://www.futbolperuano.com/futbol-de-menores/torneo-reservas/resultados,35,505,6.93%,6.81
https://www.futbolperuano.com/liga-2/noticias/joazhino-arroe-vuelve-a-la-universidad-san-martin-y-es-nuevo-refuerzo-para-la-liga-2-2026-563048,34,33248,0.1%,14.84
https://www.futbolperuano.com/peruanos-en-el-exterior/noticias/pedro-gallese-volvio-a-dejar-su-valla-invicta-en-el-deportivo-cali-ante-millonarios-563076,34,6847,0.5%,6.26
https://www.futbolperuano.com/liga-1/noticias/kevin-quevedo-arremete-contra-reimond-manco-tras-polemica-por-su-ausencia-en-alianza-lima-564874,34,4248,0.8%,10.17
https://www.futbolperuano.com/copa-peru/noticias/resultados-fecha-1-de-liga-distrital-de-juliaca-en-la-copa-peru-2026-563083,34,1738,1.96%,8.35
https://www.futbolperuano.com/copa-libertadores/noticias/reimond-manco-arremete-contra-paolo-guerrero-tras-no-patear-penal-en-alianza-lima-563720,34,1727,1.97%,8.01
https://www.futbolperuano.com/fichajes/fichajes-de-adt-de-tarma-en-el-2026-altas-bajas-renovaciones-y-rumores-552425,34,1377,2.47%,5.32
https://www.futbolperuano.com/futbol-internacional/usa/tabla-de-posiciones,33,27088,0.12%,10.33
https://www.futbolperuano.com/peru/clubes/cienciano/,33,21145,0.16%,7.91
https://www.futbolperuano.com/liga-1/sport-boys-vs-deportivo-moquegua-28-febrero-2026-liga-1-peru---torneo-apertura-m3230644,33,17628,0.19%,10.2
https://www.futbolperuano.com/en-vivo/copa-libertadores-2026-deportes-tolima-vs-deportivo-tachira-en-vivo-567495,33,15697,0.21%,6.99
https://www.futbolperuano.com/en-vivo/futbol-colombiano-deportivo-cali-vs-atletico-nacional-en-vivo-563989,33,11173,0.3%,8.52
https://www.futbolperuano.com/liga-1/noticias/dt-de-alianza-atletico-reconocio-que-el-empate-ante-alianza-lima-fue-justo-563947,33,8270,0.4%,5.5
https://www.futbolperuano.com/en-vivo/futbol-colombiano-internacional-de-bogota-vs-deportivo-cali-en-vivo-563334,33,6920,0.48%,8.08
https://www.futbolperuano.com/seleccion/noticias/seleccion-peruana-enfrentara-selecciones-mundialistas-tras-la-llegada-de-mano-menezes-561712,33,6358,0.52%,9.96
https://www.futbolperuano.com/peruanos-en-el-exterior/noticias/impacto-peruano-dt-de-sparta-praga-se-rinde-ante-oliver-sonne-y-joao-grimaldo-562128,33,6183,0.53%,8.91
https://www.futbolperuano.com/liga-2/noticias/liga-2-deportivo-llacuabamba-presento-a-su-nuevo-director-tecnico-564714,33,4461,0.74%,7.88
https://www.futbolperuano.com/copa-libertadores/noticias/alianza-lima-su-ultima-vez-ante-un-equipo-paraguayo-en-matute-por-copa-libertadores-563093,33,4208,0.78%,5.27
https://www.futbolperuano.com/en-vivo/champions-league-202526-real-madrid-vs-benfica-en-vivo-567293,33,4183,0.79%,5.4
https://www.futbolperuano.com/en-vivo/liga-mx-femenil-necaxa-vs-guadalajara-en-vivo-562608,33,3286,1%,8.51
https://www.futbolperuano.com/copa-sudamericana/tabla-de-posiciones,33,3062,1.08%,13.09
https://www.futbolperuano.com/peruanos-en-el-exterior/noticias/belgrano-decide-el-futuro-de-bryan-reyna-se-queda-en-el-club-o-vuelve-a-la-liga-1-563352,33,1951,1.69%,5.04
https://www.futbolperuano.com/liga-1/noticias/sergio-pena-y-alianza-lima-toman-radical-decision-562637,33,1715,1.92%,5.66
https://www.futbolperuano.com/copa-peru/noticias/resultados-en-la-fecha-2-liga-distrital-de-piura-por-la-copa-peru-2026-564055,33,1604,2.06%,5.27
https://www.futbolperuano.com/copa-peru/noticias/resultados-fecha-1-liga-distrital-piura-en-copa-peru-2026-563219,33,1317,2.51%,8.02
https://www.futbolperuano.com/liga-1/noticias/universitario-denuncio-microfonos-ocultos-antes-del-duelo-ante-sporting-cristal-564937,33,1221,2.7%,9.28
https://www.futbolperuano.com/seleccion/noticias/peru-vencio-a-bolivia-y-acabo-en-el-quinto-lugar-del-torneo-jovenes-promesas-2026-563913,33,963,3.43%,4.87
https://www.futbolperuano.com/copa-libertadores/noticias/universitario-y-su-historial-contra-equipos-brasilenos-por-torneos-conmebol-531013,33,906,3.64%,8.18
https://www.futbolperuano.com/liga-1/noticias/quien-sera-el-arbitro-del-universitario-vs-adt-de-tarma-561359,33,654,5.05%,7.82
https://www.futbolperuano.com/partidos-por-tv/fortuna-liga-de-republica-checa-t151,33,353,9.35%,5.58
https://www.futbolperuano.com/liga-2/noticias/san-martin-ficha-a-experimentado-volante-argentino-para-la-liga-2-2026-563871,32,50354,0.06%,16.15
https://www.futbolperuano.com/en-vivo/copa-del-rey-atletico-madrid-vs-barcelona-en-vivo-563538,32,13702,0.23%,6.56
https://www.futbolperuano.com/copa-peru/noticias/campeon-de-la-copa-sudamericana-dirigira-en-la-copa-peru-2026-564775,32,4604,0.7%,7.46
https://www.futbolperuano.com/copa-libertadores/noticias/sporting-cristal-seria-local-en-el-estadio-de-matute-en-su-proximo-duelo-de-copa-libertadores-2026-567339,32,4531,0.71%,5.12
https://www.futbolperuano.com/liga-2/noticias/universidad-san-martin-ficha-a-otavio-gut-y-arma-plantel-de-experiencia-para-luchar-por-el-ascenso-en-la-liga-2-2026-564116,32,3416,0.94%,10
https://www.futbolperuano.com/liga-1/noticias/se-despide-del-futbol-el-emotivo-mensaje-de-gabriel-costa-que-pone-en-duda-su-futuro-562579,32,2993,1.07%,7.8
https://www.futbolperuano.com/liga-1/comerciantes-unidos-vs-los-chankas-15-febrero-2026-liga-1-peru---torneo-apertura-m3230631,32,2941,1.09%,9.07
https://www.futbolperuano.com/partidos-por-tv/noticias/programacion-de-hoy-lunes-9-de-febrero-de-2026-horarios-del-futbol-en-vivo-por-television-en-el-peru-563035,32,2177,1.47%,7.12
https://www.futbolperuano.com/copa-libertadores/noticias/puma-carranza-minimiza-la-localia-de-alianza-lima-para-la-vuelta-ante-2-de-mayo-por-la-copa-libertadores-562795,32,2143,1.49%,5.15
https://www.futbolperuano.com/liga-voley/alianza-lima-quedo-fuera-del-mundial-de-clubes-pero-termina-quinta-y-confirma-que-compite-al-nivel-de-la-elite-del-voley-internacional-554907,32,2102,1.52%,8.32
https://www.futbolperuano.com/copa-peru/noticias/pasion-y-primeros-golpes-asi-comenzo-la-copa-peru-2026-en-ayacucho-564886,32,1697,1.89%,6.49
https://www.futbolperuano.com/liga-2/noticias/carlos-mannucci-comenzo-a-reforzarse-para-la-liga-2-del-2026-557574,32,1539,2.08%,8.68
https://www.futbolperuano.com/liga-1/noticias/comerciantes-unidos-confirmo-el-plantel-completo-para-la-liga-1-2026-560407,32,1293,2.47%,5.2
https://www.futbolperuano.com/liga-voley/programacion-de-la-fecha-2-de-la-fase-2-de-la-liga-peruana-de-voley-2025-26-558423,32,1235,2.59%,8.27
https://www.futbolperuano.com/liga-voley/LNSV-masculino/tabla-de-posiciones,32,1210,2.64%,9.22
https://www.futbolperuano.com/seleccion/noticias/seleccion-peruana-senegal-confirma-la-fecha-oficial-para-el-amistoso-por-la-fecha-fifa-de-marzo-564573,32,1095,2.92%,6.18
https://www.futbolperuano.com/liga-2/noticias/ayacucho-fc-presento-a-su-nuevo-director-tecnico-para-la-temporada-2026-567276,32,888,3.6%,7.52
https://www.futbolperuano.com/en-vivo/copa-libertadores-the-strongest-vs-deportivo-tachira-en-vivo-562314,31,20067,0.15%,5.95
https://www.futbolperuano.com/liga-1/alianza-atletico-vs-cusco-futbol-club-1-febrero-2026-liga-1-peru---torneo-apertura-m3226394,31,16931,0.18%,9.1
https://www.futbolperuano.com/futbol-internacional/costa-rica/sporting-san-jose-vs-puntarenas-21-febrero-2026-primera-division-de-costa-rica-m3222645,31,14646,0.21%,9.08
https://www.futbolperuano.com/liga-1/noticias/los-chankas-vs-alianza-atletico-en-vivo-por-el-torneo-apertura-562925,31,9805,0.32%,8.83
https://www.futbolperuano.com/liga-1/noticias/alejandro-duarte-sobre-proximos-partidos-con-alianza-lima-creo-que-puedo-estar-a-la-altura-563126,31,6666,0.47%,7.56
https://www.futbolperuano.com/copa-libertadores/noticias/alianza-lima-pablo-guede-revelo-el-secreto-para-eliminar-a-2-de-mayo-en-la-copa-libertadores-563079,31,4170,0.74%,5.21
https://www.futbolperuano.com/liga-2/noticias/el-valor-que-alcanzo-union-minas-tras-ascender-a-la-liga-2-552178,31,3639,0.85%,5.9
https://www.futbolperuano.com/liga-1/noticias/sport-huancayo-sacude-el-mercado-y-se-refuerza-con-ex-defensor-de-cruzeiro-563263,31,2243,1.38%,11.28
https://www.futbolperuano.com/partidos-por-tv/latina-c20,31,1818,1.71%,10.05
https://www.futbolperuano.com/partidos-por-tv/noticias/programacion-de-hoy-miercoles-25-de-febrero-de-2026-horarios-del-futbol-en-vivo-por-television-en-el-peru-565169,31,1763,1.76%,8.91
https://www.futbolperuano.com/liga-1/noticias/liga-1-2026-tendra-nuevo-torneo-la-fpf-lanza-la-copa-de-la-liga-que-se-jugara-durante-el-mundial-558236,31,1242,2.5%,7.88
https://www.futbolperuano.com/futbol-femenino/liga-femenina/los-canales-que-transmitiran-en-vivo-la-liga-femenina-2026-567620,31,1197,2.59%,10.12
https://www.futbolperuano.com/peruanos-en-el-exterior/noticias/joya-de-universitario-rumbo-al-real-betis-de-espana-562303,31,977,3.17%,5.68
https://www.futbolperuano.com/peru/clubes/juan-aurich/,31,767,4.04%,6.76
https://www.futbolperuano.com/tag/liga-distrital-de-chiclayo,31,613,5.06%,6.11
https://www.futbolperuano.com/liga-2/noticias/los-canales-que-transmitiran-en-vivo-las-semifinales-de-la-liga-2-542806,31,383,8.09%,4.04
https://www.futbolperuano.com/en-vivo/champions-league-202526-inter-milan-vs-bodo-glimt-565159,30,23288,0.13%,8.21
https://www.futbolperuano.com/peruanos-en-el-exterior/noticias/corinthians-de-andre-carrillo-vence-a-rb-bragantino-y-logra-su-primer-triunfo-en-el-brasileirao-563637,30,18987,0.16%,8.22
https://www.futbolperuano.com/liga-1/noticias/juan-pablo-ii-vs-sporting-cristal-en-vivo-por-el-torneo-apertura-de-la-liga-1-2026-563759,30,7454,0.4%,5.97
https://www.futbolperuano.com/futbol-internacional/usa/houston-dynamo-vs-chicago-fire-21-febrero-2026-mls-de-estados-unidos-m3222840,30,5056,0.59%,10
https://www.futbolperuano.com/liga-1/noticias/arbitros-incomodos-con-el-var-la-revelacion-de-winston-reategui-que-explica-por-que-no-se-publican-los-audios-en-la-liga-1-2026-563165,30,5013,0.6%,6.04
https://www.futbolperuano.com/peruanos-en-el-exterior/noticias/vuelve-a-norteamerica-pierre-da-silva-ficha-por-brooklyn-fc-tras-salir-de-cusco-fc-564678,30,2662,1.13%,7.85
https://www.futbolperuano.com/partidos-por-tv/noticias/programacion-de-partidos-por-tv-del-martes-3-de-febrero-562252,30,2323,1.29%,3.93
https://www.futbolperuano.com/liga-2/noticias/bentin-tacna-heroica-suma-dos-nuevos-refuerzos-para-la-liga-2-2026-563310,30,1845,1.63%,7.96
https://www.futbolperuano.com/liga-1/noticias/periodista-pide-perdon-a-juan-reynoso-tras-criticar-el-fichaje-de-jeriel-de-santis-a-melgar-562110,30,997,3.01%,5.3
https://www.futbolperuano.com/liga-1/noticias/liga-1-del-futbol-peruano-2021-tabla-de-posiciones-del-puntaje-acumulado-313201,30,464,6.47%,13.92
https://www.futbolperuano.com/futbol-internacional/sporting-lisboa-vs-nacional-1-febrero-2026-primeira-liga-de-portugal-m3205132,29,37693,0.08%,11.69
https://www.futbolperuano.com/futbol-internacional/colombia/tabla-de-posiciones,29,22823,0.13%,11.09
https://www.futbolperuano.com/liga-1/comerciantes-unidos-vs-deportivo-moquegua-2-febrero-2026-liga-1-peru---torneo-apertura-m3226395,29,10354,0.28%,8.75
https://www.futbolperuano.com/en-vivo/a-league-de-australia-auckland-fc-vs-sydney-fc-en-vivo-562841,29,10057,0.29%,13.14
https://www.futbolperuano.com/liga-1/noticias/alianza-atletico-refuerza-su-arco-con-la-llegada-de-eder-hermoza-y-suma-experiencia-para-la-liga-1-y-sudamericana-2026-562875,29,7874,0.37%,11.07
https://www.futbolperuano.com/en-vivo/supercopa-de-brasil-flamengo-vs-corinthians-en-vivo-561985,29,5830,0.5%,9.58
https://www.futbolperuano.com/copa-libertadores/noticias/fixture-oficial-de-la-copa-libertadores-sub-20-564517,29,4546,0.64%,9.26
https://www.futbolperuano.com/copa-libertadores/noticias/flaco-granda-apunta-contra-paolo-guerrero-y-lo-compara-con-yoshimar-yotun-564407,29,4127,0.7%,5.11
https://www.futbolperuano.com/liga-1/noticias/sekou-gassama-hablo-tras-su-estreno-con-universitario-563911,29,3836,0.76%,4.79
https://www.futbolperuano.com/seleccion/noticias/peru-negocia-amistoso-ante-espana-previo-al-mundial-2026-564762,29,2671,1.09%,7.35
https://www.futbolperuano.com/copa-peru/noticias/el-nuevo-juan-aurich-logra-su-primer-titulo-en-la-copa-peru-556193,29,1784,1.63%,8.21
https://www.futbolperuano.com/copa-libertadores/noticias/paolo-guerrero-y-su-explicacion-para-no-haber-pateado-penal-2-de-mayo-563514,29,1718,1.69%,6.62
https://www.futbolperuano.com/liga-1/noticias/juan-cruz-bolado-confirmo-su-salida-de-cienciano-pese-a-la-clasificacion-a-la-copa-sudamericana-y-dejo-un-emotivo-mensaje-de-despedida-para-la-hinchada-del-papa-553566,29,1456,1.99%,6.72
https://www.futbolperuano.com/peru/mas-del-futbol-peruano/academias-de-futbol-en-el-distrito-de-comas-499766,29,1405,2.06%,8.14
https://www.futbolperuano.com/partidos-por-tv/campeonato-sudamericano-femenino-de-futbol-sub-20-t316,29,1217,2.38%,10.58
https://www.futbolperuano.com/peru/mas-del-futbol-peruano/academias-de-futbol-en-san-juan-de-lurigancho-498154,29,1063,2.73%,8.37
https://www.futbolperuano.com/peru/mas-del-futbol-peruano/academias-de-futbol-en-surco-499115,29,856,3.39%,8.43
https://www.futbolperuano.com/peru/mas-del-futbol-peruano/academias-de-futbol-en-el-distrito-de-jesus-maria-498963,29,634,4.57%,10.23
https://www.futbolperuano.com/en-vivo/brasileirao-sao-paulo-vs-gremio-en-vivo-por-la-serie-a-de-brasil-563335,28,28946,0.1%,11.07
https://www.futbolperuano.com/futbol-internacional/dinamarca/tabla-de-posiciones,28,24068,0.12%,9.72
https://www.futbolperuano.com/liga-1/deportivo-garcilaso-vs-adt-tarma-14-febrero-2026-liga-1-peru---torneo-apertura-m3230640,28,16900,0.17%,9.03
https://www.futbolperuano.com/liga-1/noticias/liga-1-en-vivo-noticias-y-resultados-de-la-fecha-2-del-torneo-apertura-562652,28,10848,0.26%,7.9
https://www.futbolperuano.com/liga-1/alianza-atletico-vs-alianza-lima-14-febrero-2026-liga-1-peru---torneo-apertura-m3230628,28,5836,0.48%,10.15
https://www.futbolperuano.com/liga-1/alianza-atletico-vs-adt-tarma-27-febrero-2026-liga-1-peru---torneo-apertura-m3230627,28,4824,0.58%,9.9
https://www.futbolperuano.com/futbol-internacional/istanbul-basaksehir-vs-besiktas-15-febrero-2026-superliga-de-turquia-m3205993,28,3695,0.76%,9.83
https://www.futbolperuano.com/liga-1/noticias/paulo-autuori-valora-el-esfuerzo-de-sporting-cristal-tras-empatarle-a-universitario-564902,28,3146,0.89%,5.22
https://www.futbolperuano.com/peru/mas-del-futbol-peruano/imponente-estadio-peruano-construye-nueva-tribuna-para-aumentar-su-aforo-551387,28,2486,1.13%,6.3
https://www.futbolperuano.com/copa-libertadores/noticias/copa-libertadores-alianza-lima-sufre-dos-nuevas-bajas-562284,28,1917,1.46%,7.43
https://www.futbolperuano.com/copa-peru/noticias/resultados-fecha-1-liga-distrital-de-cajamarca-en-la-copa-peru-2026-565067,28,1647,1.7%,9.62
https://www.futbolperuano.com/partidos-por-tv/campeonato-paulista-de-brasil-t42,28,1497,1.87%,10.89
https://www.futbolperuano.com/liga-3/noticias/deportivo-municipal-contrata-al-entrenador-mas-joven-del-futbol-peruano-557269,28,1208,2.32%,8.23
https://www.futbolperuano.com/partidos-por-tv/ligue-1-de-francia-t18,28,938,2.99%,10.72
https://www.futbolperuano.com/futbol-de-menores/copa-efipan-sub-15/resultados,28,232,12.07%,4.59
https://www.futbolperuano.com/en-vivo/brasileirao-gremio-vs-botafogo-en-vivo-por-la-serie-a-de-brasil-562388,27,47830,0.06%,10.76
https://www.futbolperuano.com/liga-1/noticias/juan-pablo-ii-v-cusco-fc-en-vivo-online-por-la-fecha-5-del-torneo-apertura-de-la-liga-1-2026-567775,27,9014,0.3%,8.25
https://www.futbolperuano.com/copa-libertadores/noticias/pura-mistica-asi-reacciono-la-prensa-paraguaya-a-la-eliminacion-de-alianza-lima-en-la-copa-libertadores-2026-563605,27,5842,0.46%,4.44
https://www.futbolperuano.com/radio/radio-corporacion-cerro-de-pasco-4352,27,5480,0.49%,6.75
https://www.futbolperuano.com/partidos-por-tv/fivb-c56,27,5247,0.51%,9.29
https://www.futbolperuano.com/liga-1/noticias/jairo-concha-y-andy-polo-estallan-contra-el-arbitraje-tras-polemico-empate-de-universitario-ante-cusco-fc-563038,27,5007,0.54%,6.06
https://www.futbolperuano.com/peruanos-en-el-exterior/noticias/sergio-pena-debuto-con-el-sakaryaspor-de-turquia-563138,27,3592,0.75%,10.01
https://www.futbolperuano.com/peruanos-en-el-exterior/noticias/rafael-guzman-desde-espana-analizan-el-fichaje-del-joven-defensa-peruano-por-el-real-betis-563042,27,2348,1.15%,5.66
https://www.futbolperuano.com/partidos-por-tv/noticias/programacion-de-partidos-por-tv-del-jueves-19-de-febrero-564450,27,1835,1.47%,8.23
https://www.futbolperuano.com/en-vivo/liga-evolucion-de-futsal-peru-vs-venezuela-en-vivo-551086,27,1802,1.5%,10.08
https://www.futbolperuano.com/copa-peru/noticias/resultados-fecha-1-liga-distrital-huancayo-copa-peru-2026-567288,27,1505,1.79%,7.06
https://www.futbolperuano.com/copa-peru/noticias/fbc-aurora-suma-ocho-refuerzos-para-la-copa-peru-2026-562769,27,1342,2.01%,6.42
https://www.futbolperuano.com/mas-deportes/portada/copa-davis-por-que-alexander-zverev-no-jugara-ante-peru-562646,27,1314,2.05%,6.03
https://www.futbolperuano.com/copa-peru/noticias/los-64-clasificados-a-la-etapa-nacional-de-la-copa-peru-2025-530699,27,1124,2.4%,6.51
https://www.futbolperuano.com/copa-sudamericana/noticias/fecha-y-hora-confirmada-del-alianza-atletico-vs-deportivo-garcilaso-por-la-copa-sudamericana-556298,27,1028,2.63%,7.07
https://www.futbolperuano.com/copa-peru/noticias/los-refuerzos-del-ada-de-cajabamba-para-la-copa-peru-2026-563090,27,983,2.75%,6.73
https://www.futbolperuano.com/liga-1/noticias/melgar-bloquea-camaras-de-1190-sports-hasta-que-se-pague-deuda-arrastrada-desde-2023-561999,27,754,3.58%,9.42
https://www.futbolperuano.com/fichajes/fichajes-de-deportivo-garcilaso-en-el-2026-altas-bajas-renovaciones-y-rumores-551806,27,401,6.73%,4.79
https://www.futbolperuano.com/liga-1/noticias/juan-pablo-ii-convierte-a-chongoyape-en-fortin-pero-debera-mudarse-en-duelos-clave-564769,26,34891,0.07%,5.58
https://www.futbolperuano.com/liga-1/sport-huancayo-vs-fc-cajamarca-15-febrero-2026-liga-1-peru---torneo-apertura-m3230641,26,33245,0.08%,9.93
https://www.futbolperuano.com/liga-1/noticias/universitario-vs-cienciano-en-vivo-online-por-la-fecha-3-del-torneo-apertura-de-la-liga-1-2026-563628,26,16763,0.16%,9.23
https://www.futbolperuano.com/en-vivo/champions-league-202526-atletico-madrid-vs-brujas-en-vivo-565135,26,13100,0.2%,9.83
https://www.futbolperuano.com/copa-libertadores/noticias/andres-mendoza-arremete-contra-paolo-guerrero-tras-eliminacion-de-alianza-lima-y-lo-tilda-de-cobarde-563910,26,5819,0.45%,3.04
https://www.futbolperuano.com/liga-1/noticias/melgar-y-el-emotivo-homenaje-a-su-goleador-historico-bernardo-cuesta-565075,26,4720,0.55%,5.02
https://www.futbolperuano.com/peruanos-en-el-exterior/noticias/oliver-sonne-y-joao-grimaldo-presentes-en-el-empate-de-sparta-praga-en-liga-checa-564950,26,4276,0.61%,11.35
https://www.futbolperuano.com/liga-1/noticias/carlos-bustos-es-oficializado-como-nuevo-tecnico-de-utc-de-cajamarca-para-2026-554712,26,2558,1.02%,5.14
https://www.futbolperuano.com/copa-peru/noticias/jose-galvez-debuto-con-triunfo-en-la-copa-peru-2026-564212,26,2169,1.2%,5.23
https://www.futbolperuano.com/liga-1/noticias/sekou-gassama-recibe-ultimatum-en-universitario-de-deportes-tras-debut-con-dudas-advierte-javier-rabanal-564419,26,2091,1.24%,6.01
https://www.futbolperuano.com/partidos-por-tv/noticias/programacion-de-partidos-por-tv-del-sabado-21-de-febrero-564807,26,1908,1.36%,5.6
https://www.futbolperuano.com/copa-peru/noticias/arequipa-se-queda-sin-estadios-para-la-copa-peru-2026-567458,26,1347,1.93%,5.15
https://www.futbolperuano.com/futbol-internacional/dundee-united-vs-aberdeen-11-febrero-2026-premiership-league-de-escocia-m3197148,26,900,2.89%,9.26
https://www.futbolperuano.com/fichajes/fichajes-de-juan-pablo-ii-en-el-2026-altas-bajas-renovaciones-y-rumores-552662,26,889,2.92%,3.43
https://www.futbolperuano.com/peruanos-en-el-exterior/noticias/santiago-ormeno-tras-fracasar-en-exotica-liga-asiatica-alista-su-regreso-a-club-donde-fue-figura-567661,26,844,3.08%,7.02
https://www.futbolperuano.com/seleccion/noticias/peru-no-pudo-mantener-su-ventaja-sobre-uruguay-en-el-torneo-jovenes-promesas-de-argentina-563315,26,824,3.16%,8.36
https://www.futbolperuano.com/en-vivo/copa-libertadores-2026-deportivo-tachira-vs-the-strongest-en-vivo-563240,25,12452,0.2%,7.44
https://www.futbolperuano.com/futbol-internacional/brasil/campeonato-gaucho/tabla-de-posiciones,25,5466,0.46%,9.63
https://www.futbolperuano.com/fichajes/fichajes-de-fc-cajamarca-en-el-2026-altas-bajas-renovaciones-y-rumores-552295,25,4118,0.61%,8.63
https://www.futbolperuano.com/liga-voley/mundial-sub-17-femenino/liana-torres-voley-quien-es-la-libero-de-peru-en-el-mundial-de-voley-sub-17-481189,25,3841,0.65%,6.69
https://www.futbolperuano.com/futbol-femenino/resultados,25,2440,1.02%,13.36
https://www.futbolperuano.com/peru/clubes/universidad-cesar-vallejo/,25,2423,1.03%,8.06
https://www.futbolperuano.com/liga-1/noticias/alianza-lima-confirma-los-dorsales-2026-duarte-sera-el-1-ramos-hereda-la-9-y-advincula-usara-la-17-558300,25,2311,1.08%,4.18
https://www.futbolperuano.com/liga-2/noticias/deportivo-llacuabamba-anuncia-dos-renovaciones-para-la-temporada-2026-564235,25,1986,1.26%,5.4
https://www.futbolperuano.com/peru/clubes/estudiantil-cni/,25,1620,1.54%,7.02
https://www.futbolperuano.com/copa-peru/noticias/resultados-en-la-fecha-2-de-la-liga-distrital-trujillo-en-copa-peru-2026-564996,25,1493,1.67%,10.11
https://www.futbolperuano.com/futbol-femenino/liga-femenina/de-no-creer-la-razon-por-la-que-alianza-lima-no-disputara-la-copa-libertadores-en-el-2026-555228,25,1075,2.33%,8.12
https://www.futbolperuano.com/copa-peru/noticias/el-premio-que-recibira-el-campeon-de-la-copa-peru-2025-505369,25,997,2.51%,5.43
https://www.futbolperuano.com/copa-libertadores/sporting-cristal-vs-2-de-mayo-24-febrero-2026-copa-libertadores-m3233279,25,758,3.3%,13.42
https://www.futbolperuano.com/copa-peru/noticias/jose-galvez-mete-ocho-goles-en-su-triunfo-por-la-copa-peru-2026-565172,25,746,3.35%,6.86
https://www.futbolperuano.com/tag/liga-distrital-de-trujillo,25,635,3.94%,7.19
https://www.futbolperuano.com/copa-peru/noticias/copa-peru-2025-programacion-de-la-fecha-1-de-la-liga-distrital-de-san-isidro-507551,25,515,4.85%,7.12
https://www.futbolperuano.com/liga-2/noticias/union-comercio-arma-su-plantel-2026-anuncia-cuatro-nuevos-fichajes-y-ya-suma-13-refuerzos-para-buscar-el-ascenso-a-liga-1-560550,25,418,5.98%,5.61
https://www.futbolperuano.com/peruanos-en-el-exterior/noticias/erick-noriega-jugo-en-el-empate-de-gremio-y-clasifico-a-cuartos-de-final-del-campeonato-gaucho-562043,24,5374,0.45%,8.29
https://www.futbolperuano.com/liga-1/noticias/fbc-melgar-se-refuerza-con-defensa-campeon-de-la-liga-mx-567734,24,4722,0.51%,6.96
https://www.futbolperuano.com/en-vivo/copa-america-sub-20-de-futbol-femenino-chile-vs-paraguay-en-vivo-562520,24,3797,0.63%,12.19
https://www.futbolperuano.com/liga-1/noticias/carlos-galvan-arremete-contra-williams-riveros-y-respalda-el-penal-ante-cusco-fc-563426,24,3058,0.78%,5.13
https://www.futbolperuano.com/peruanos-en-el-exterior/noticias/sakaryaspor-de-sergio-pena-esta-cada-vez-mas-cerca-de-la-tercera-division-de-turquia-565072,24,2896,0.83%,11.53
https://www.futbolperuano.com/futbol-femenino/el-plantel-femenino-de-alianza-lima-jugara-amistosos-internacionales-en-chile-564592,24,1822,1.32%,6.53
https://www.futbolperuano.com/liga-2/noticias/san-martin-refuerza-su-linea-defensiva-para-la-liga-2-2026-567735,24,1609,1.49%,4.85
https://www.futbolperuano.com/copa-libertadores/noticias/reimond-manco-y-su-critica-a-postura-de-paulo-autuori-567418,24,1549,1.55%,5.2
https://www.futbolperuano.com/liga-voley/sudamericano-de-clubes-de-voley-2026-en-peru-se-confirmaron-las-fechas-y-los-nueve-equipos-que-lucharan-por-el-titulo-continental-558372,24,1223,1.96%,8.91
https://www.futbolperuano.com/copa-peru/noticias/resultados-en-la-fecha-1-de-la-liga-distrital-trujillo-copa-peru-2026-564023,24,1074,2.23%,7.21
https://www.futbolperuano.com/peruanos-en-el-exterior/noticias/marco-saravia-encendio-las-alarmas-en-uruguay-562914,24,946,2.54%,7.02
https://www.futbolperuano.com/en-vivo/torneo-jovenes-promesas-2026-paraguay-vs-uruguay-en-vivo-563668,24,857,2.8%,14.43
https://www.futbolperuano.com/fichajes/,24,804,2.99%,7.35
https://www.futbolperuano.com/en-vivo/copa-peru-2026-aurora-vs-atletico-universidad-en-vivo-564863,24,670,3.58%,9.41
https://www.futbolperuano.com/liga-1/noticias/fixture-de-alianza-atletico-en-el-torneo-apertura-2026-558427,24,552,4.35%,6.64
https://www.futbolperuano.com/fichajes/fichajes-de-alianza-atletico-en-el-2026-altas-bajas-renovaciones-y-rumores-552015,24,549,4.37%,5.03
https://www.futbolperuano.com/peru/mas-del-futbol-peruano/manni-el-libero-la-serie-de-los-80s-que-cautivo-a-los-amantes-del-futbol-en-peru-387741,24,301,7.97%,6.66
https://www.futbolperuano.com/liga-1/noticias/alianza-atletico-emite-contundente-comunicado-respecto-al-partido-contra-alianza-lima-562902,23,11624,0.2%,11.49
https://www.futbolperuano.com/liga-1/noticias/fernando-cabada-respalda-a-pablo-guede-pese-a-presion-de-hinchas-de-alianza-lima-tras-eliminacion-de-la-copa-libertadores-563970,23,5326,0.43%,4.73
https://www.futbolperuano.com/copa-libertadores/noticias/alianza-lima-confirmo-el-estado-de-salud-de-cristian-carbajal-562628,23,4128,0.56%,7.2
https://www.futbolperuano.com/peruanos-en-el-exterior/noticias/pedro-gallese-brilla-con-dos-atajadas-vitales-en-la-goleada-de-deportivo-cali-562123,23,2087,1.1%,7.32
https://www.futbolperuano.com/partidos-por-tv/noticias/programacion-de-hoy-lunes-16-de-febrero-de-2026-horarios-del-futbol-en-vivo-por-television-en-el-peru-563991,23,1809,1.27%,9.6
https://www.futbolperuano.com/liga-1/noticias/el-moderno-estadio-que-se-viene-construyendo-en-el-interior-del-peru-524609,23,1133,2.03%,5.66
https://www.futbolperuano.com/liga-1/sport-huancayo-vs-sporting-cristal-28-febrero-2026-liga-1-peru---torneo-apertura-m3230661,23,1014,2.27%,9.95
https://www.futbolperuano.com/liga-3/noticias/club-peruano-cambiara-de-nombre-en-el-2026-553626,23,1006,2.29%,8.17
https://www.futbolperuano.com/peru/clubes/carlos-a-manucci/,23,774,2.97%,9.79
https://www.futbolperuano.com/seleccion/noticias/seleccion-peruana-femenina-se-anuncio-la-lista-de-convocadas-para-enfrentar-a-chile-y-venezuela-en-la-liga-de-naciones-femenina-551296,23,767,3%,6.68
https://www.futbolperuano.com/liga-2/noticias/union-minas-presento-a-sus-nuevos-fichajes-para-la-temporada-2026-558116,23,703,3.27%,6.85
https://www.futbolperuano.com/liga-1/noticias/utc-sumo-dos-nuevos-refuerzos-para-disputar-la-liga-1-2026-558145,23,473,4.86%,4.79
https://www.futbolperuano.com/partidos-por-tv/superliga-de-turquia-t68,23,408,5.64%,9.88
https://www.futbolperuano.com/futbol-femenino/liga-femenina/liga-femenina-2026-alianza-lima-confirmo-la-salida-de-la-arquera-maryory-sanchez-558419,23,396,5.81%,6.15
https://www.futbolperuano.com/peru/clubes/comerciantes-unidos/,22,9259,0.24%,7.31
https://www.futbolperuano.com/en-vivo/copa-del-rey-de-espana-albacete-vs-barcelona-en-vivo-562311,22,8614,0.26%,6.33
https://www.futbolperuano.com/copa-libertadores/resultados,22,4948,0.44%,10.11
https://www.futbolperuano.com/liga-1/noticias/comerciantes-unidos-presento-su-plantel-para-disputar-la-liga-1-557705,22,3509,0.63%,9.71
https://www.futbolperuano.com/liga-2/noticias/universidad-cesar-vallejo-suma-a-junior-catashunga-como-refuerzo-clave-y-refuerza-su-ilusion-de-ascender-en-la-liga-2-2026-562700,22,2446,0.9%,8
https://www.futbolperuano.com/liga-1/noticias/los-apodos-de-los-18-equipos-de-la-liga-1-499396,22,2231,0.99%,4.92
https://www.futbolperuano.com/liga-2/noticias/miguel-trauco-podria-llegar-a-union-comercio-para-disputar-la-liga-2-2026-562392,22,2058,1.07%,5.05
https://www.futbolperuano.com/liga-voley/sudamericano-de-clubes-de-voley-2026-san-martin-recibe-dura-noticia-a-un-mes-del-torneo-continental-en-peru-558374,22,2045,1.08%,9.44
https://www.futbolperuano.com/futbol-internacional/besiktas-vs-goztepe-22-febrero-2026-superliga-de-turquia-m3206005,22,1854,1.19%,12.17
https://www.futbolperuano.com/copa-libertadores/alianza-lima-vs-2-de-mayo-11-febrero-2026-copa-libertadores-m3224304,22,1597,1.38%,11.53
https://www.futbolperuano.com/liga-1/noticias/liga-1-resultados-y-tabla-de-posiciones-de-la-fecha-4-del-torneo-clausura-2025-529716,22,1418,1.55%,6.84
https://www.futbolperuano.com/liga-1/noticias/juan-romagnoli-se-prepara-para-su-regreso-la-gran-apuesta-de-cienciano-en-la-temporada-2026-557507,22,886,2.48%,5.47
https://www.futbolperuano.com/liga-voley/fixture-completo-del-mundial-de-clubes-2025-552146,22,751,2.93%,8.02
https://www.futbolperuano.com/partidos-por-tv/futsal-pro-peru-t195,22,698,3.15%,7.66
https://www.futbolperuano.com/mas-deportes/noticias/rio-open-ignacio-buse-silencia-a-todo-brasil-564635,22,681,3.23%,5.14
https://www.futbolperuano.com/futbol-internacional/uruguay/tabla-de-posiciones,21,11754,0.18%,9.92
https://www.futbolperuano.com/en-vivo/torneo-apertura-202-universitario-vs-cienciano-en-vivo-563544,21,8152,0.26%,8.89
https://www.futbolperuano.com/en-vivo/copa-libertadores-2026-liverpool-vs-independiente-medellin-en-vivo-564180,21,6077,0.35%,6.46
https://www.futbolperuano.com/futbol-internacional/austria/tabla-de-posiciones,21,3490,0.6%,9.13
https://www.futbolperuano.com/liga-1/noticias/paolo-guerrero-responde-a-criticas-tras-triunfo-de-alianza-lima-dominamos-todo-el-partido-564846,21,3385,0.62%,5.11
https://www.futbolperuano.com/copa-libertadores/noticias/alianza-lima-prensa-paraguaya-celebra-historica-victoria-de-2-de-mayo-en-la-copa-libertadores-562618,21,2639,0.8%,7.01
https://www.futbolperuano.com/copa-peru/noticias/resultados-fecha-3-liga-distrital-de-piura-en-la-copa-peru-2026-565031,21,2403,0.87%,10.34
https://www.futbolperuano.com/copa-peru/noticias/defensor-la-bocana-suma-10-refuerzos-para-disputar-la-copa-peru-2026-563022,21,1974,1.06%,5.57
https://www.futbolperuano.com/fichajes/fichajes-de-los-chankas-en-el-2026-altas-bajas-renovaciones-y-rumores-para-la-liga-1-551780,21,1930,1.09%,7.89
https://www.futbolperuano.com/liga-1/noticias/liga-1-2026-programacion-oficial-de-la-fecha-1-del-torneo-apertura-558777,21,1275,1.65%,10.6
https://www.futbolperuano.com/liga-1/noticias/deportivo-garcilaso-presenta-su-plantel-2026-y-apunta-a-dar-el-golpe-en-liga-1-y-copa-sudamericana-558068,21,1217,1.73%,6.1
https://www.futbolperuano.com/liga-1/noticias/pablo-guede-revela-el-motivo-de-la-poca-participacion-de-kevin-quevedo-en-alianza-lima-567422,21,1064,1.97%,5.77
https://www.futbolperuano.com/en-vivo/circolo-sportivo-italiano-vs-deportivo-soan-en-vivo-por-la-liga-peruana-de-voley-femenino-562003,21,906,2.32%,6.57
https://www.futbolperuano.com/copa-peru/noticias/joao-villamarin-sorprende-y-ficha-por-un-equipo-de-la-copa-peru-563746,21,904,2.32%,10.34
https://www.futbolperuano.com/copa-peru/noticias/resultados-fecha-3-liga-distrital-juliaca-copa-peru-2026-564990,21,882,2.38%,9.11
https://www.futbolperuano.com/fichajes/fichajes-de-sport-huancayo-en-el-2026-altas-bajas-renovaciones-y-rumores-552031,21,753,2.79%,4.98