Páginas principales,Clics,Impresiones,CTR,Posición
https://www.futbolperuano.com/liga-1/tabla-acumulada/tabla-de-posiciones,129660,2208959,5.87%,8.84
https://www.futbolperuano.com/liga-1/clausura/tabla-de-posiciones,83453,2657335,3.14%,8.07
https://www.futbolperuano.com/partidos-por-tv/,77056,1456519,5.29%,5.42
https://www.futbolperuano.com/liga-3/tabla-de-posiciones,44023,121833,36.13%,2.83
https://www.futbolperuano.com/partidos-por-tv/liga-1-peru-c42,10543,619828,1.7%,5.63
https://www.futbolperuano.com/copa-peru/tabla-de-posiciones,9433,27210,34.67%,4.05
https://www.futbolperuano.com/liga-2/tabla-de-posiciones,8838,202722,4.36%,4.79
https://www.futbolperuano.com/,8280,296335,2.79%,7.6
https://www.futbolperuano.com/copa-peru/,6835,71492,9.56%,5.64
https://www.futbolperuano.com/copa-peru/noticias/el-fixture-oficial-de-la-etapa-nacional-de-la-copa-peru-2026-596524,5614,37293,15.05%,3.71
https://www.futbolperuano.com/copa-peru/resultados,5117,26314,19.45%,4.26
https://www.futbolperuano.com/liga-3/resultados,4820,49267,9.78%,5.36
https://www.futbolperuano.com/en-vivo/copa-de-la-liga-adt-vs-sporting-cristal-en-vivo-602381,4573,105713,4.33%,3.83
https://www.futbolperuano.com/futbol-femenino/tabla-de-posiciones,4444,41649,10.67%,4.95
https://www.futbolperuano.com/en-vivo/alianza-lima-vs-universitario-en-vivo-por-el-torneo-clausura-2026-600126,3866,1104259,0.35%,7.83
https://www.futbolperuano.com/mas-deportes/tenis/copa-davis-2026-resultados-de-peru-vs-paraguay-y-todos-los-partidos-de-la-serie-en-el-jockey-club-601310,3678,66307,5.55%,4.82
https://www.futbolperuano.com/en-vivo/,3505,65020,5.39%,7.53
https://www.futbolperuano.com/copa-de-la-liga/resultados,3107,38854,8%,4.13
https://www.futbolperuano.com/liga-1/tabla-de-posiciones,2660,236734,1.12%,8.08
https://www.futbolperuano.com/copa-peru/noticias/copa-peru-2026-resultados-y-tablas-de-posiciones-de-la-fecha-2-de-la-etapa-nacional-601242,2236,23524,9.51%,4.07
https://www.futbolperuano.com/en-vivo/copa-de-la-liga-sport-boys-vs-alianza-atletico-en-vivo-602375,2227,126910,1.75%,4.78
https://www.futbolperuano.com/liga-2/,2169,129870,1.67%,5.94
https://www.futbolperuano.com/en-vivo/liga-2-ayacucho-fc-vs-union-minas-en-vivo-602371,2042,20631,9.9%,5.19
https://www.futbolperuano.com/liga-3/,2023,32630,6.2%,5.45
https://www.futbolperuano.com/peruanos-en-el-exterior/,1818,8996,20.21%,4.48
https://www.futbolperuano.com/liga-2/noticias/la-liga-2-2026-ya-tiene-sus-grupos-para-la-fase-final-asi-se-definira-el-ascenso-y-la-permanencia-600448,1798,25418,7.07%,5.39
https://www.futbolperuano.com/liga-1/clausura/resultados,1738,194967,0.89%,9.23
https://www.futbolperuano.com/copa-peru/noticias/copa-peru-2026-asi-se-jugara-la-tercera-jornada-de-la-etapa-nacional-601536,1632,18269,8.93%,2.46
https://www.futbolperuano.com/futbol-femenino/torneo-clausura/tabla-de-posiciones,1281,15459,8.29%,6.32
https://www.futbolperuano.com/liga-3/noticias/juan-aurich-confirmo-la-llegada-de-ricardo-gareca-a-ferrenafe-601705,1274,10082,12.64%,3.99
https://www.futbolperuano.com/futbol-de-menores/peru-se-recupero-en-los-juegos-suramericanos-santa-fe-2026-y-derroto-a-un-chile-que-habia-comenzado-con-victoria-en-el-grupo-a-601251,1219,28724,4.24%,4.96
https://www.futbolperuano.com/copa-de-la-liga/noticias/adt-vs-sporting-cristal-en-vivo-por-la-semifinal-ida-de-la-copa-de-la-liga-2026-602386,1181,39134,3.02%,5.16
https://www.futbolperuano.com/en-vivo/liga-1-deportivo-garcilaso-vs-atletico-grau-en-vivo-599039,1153,295946,0.39%,6.45
https://www.futbolperuano.com/copa-de-la-liga/tabla-de-posiciones,1140,49850,2.29%,7.95
https://www.futbolperuano.com/en-vivo/liga-2-carlos-mannucci-vs-san-martin-en-vivo-602336,1109,20580,5.39%,5.7
https://www.futbolperuano.com/futbol-de-menores/copa-federacion/plata-b-serie-1/tabla-de-posiciones,1082,3337,32.42%,3.38
https://www.futbolperuano.com/futbol-de-menores/copa-federacion/oro/tabla-de-posiciones,1080,6275,17.21%,4.17
https://www.futbolperuano.com/liga-2/noticias/liga-2-2026-asi-se-jugara-la-fase-2-de-la-segunda-division-de-peru-599428,1002,16407,6.11%,6.25
https://www.futbolperuano.com/copa-de-la-liga/noticias/fecha-y-horarios-de-la-ida-de-semifinales-de-copa-de-la-liga-2026-600573,889,14420,6.17%,4.97
https://www.futbolperuano.com/copa-peru/noticias/domingo-dianderas-y-su-fixture-para-la-etapa-nacional-de-la-copa-peru-2026-598644,873,20079,4.35%,4.95
https://www.futbolperuano.com/en-vivo/argentina-vs-colombia-en-vivo-por-el-campeonato-sudamericano-de-voleibol-femenino-599738,856,16927,5.06%,3.93
https://www.futbolperuano.com/en-vivo/liga-2-comerciantes-fc-vs-sport-huancayo-602275,851,25599,3.32%,6.36
https://www.futbolperuano.com/en-vivo/futbol-en-los-juegos-suramericanos-santa-fe-2026-peru-vs-panama-en-vivo-601593,846,50431,1.68%,5.24
https://www.futbolperuano.com/en-vivo/liga-3-juan-aurich-vs-juventud-santo-domingo-en-vivo-602399,843,10462,8.06%,2.85
https://www.futbolperuano.com/futbol-de-menores/copa-federacion/plata/tabla-de-posiciones,841,5662,14.85%,4.8
https://www.futbolperuano.com/liga-3/noticias/se-oficializo-el-fixture-de-la-liga-3-del-2026-583716,824,2804,29.39%,3.17
https://www.futbolperuano.com/en-vivo/liga-1-atletico-grau-vs-melgar-en-vivo-598061,791,124072,0.64%,5.92
https://www.futbolperuano.com/partidos-por-tv/liga-2-peru-t36,787,14545,5.41%,7.36
https://www.futbolperuano.com/copa-peru/noticias/programacion-de-la-fecha-1-de-la-etapa-nacional-de-la-copa-peru-598540,767,9870,7.77%,3.97
https://www.futbolperuano.com/futbol-de-menores/liga-evolucion-sub-15/tabla-de-posiciones,756,5220,14.48%,5.16
https://www.futbolperuano.com/copa-de-la-liga/noticias/fecha-hora-y-canal-del-adt-de-tarma-vs-sporting-cristal-por-la-copa-de-la-liga-601579,749,31512,2.38%,7.24
https://www.futbolperuano.com/copa-peru/noticias/copa-peru-resultados-y-posiciones-de-la-fecha-3-de-la-etapa-nacional-602282,714,10883,6.56%,4.47
https://www.futbolperuano.com/futbol-femenino/liga-evolucion-sub-15/tabla-de-posiciones,711,4325,16.44%,5.37
https://www.futbolperuano.com/liga-1/,707,287578,0.25%,9.51
https://www.futbolperuano.com/liga-1/noticias/sporting-cristal-decidio-ponerle-fin-al-ciclo-de-roberto-mosquera-599778,703,20716,3.39%,5.36
https://www.futbolperuano.com/en-vivo/liga-2-alianza-universidad-vs-union-minas-en-vivo-599068,690,17498,3.94%,6.99
https://www.futbolperuano.com/en-vivo/juegos-suramericanos-santa-fe-2026-peru-vs-argentina-en-vivo-601810,685,38309,1.79%,4.03
https://www.futbolperuano.com/en-vivo/liga-2-alianza-universidad-vs-bentin-tacna-en-vivo-602383,668,13892,4.81%,6.18
https://www.futbolperuano.com/futbol-de-menores/liga-nacional-sub-18-peru/tabla-de-posiciones,663,3364,19.71%,4.78
https://www.futbolperuano.com/copa-peru/noticias/copa-peru-asi-se-disputara-la-segunda-jornada-de-la-etapa-nacional-600458,650,9097,7.15%,3.62
https://www.futbolperuano.com/futbol-femenino/tabla-acumulada/tabla-de-posiciones,650,8482,7.66%,6.01
https://www.futbolperuano.com/liga-1/noticias/liga-1-asi-marcha-la-tabla-acumulada-luego-de-jugarse-la-fecha-8-del-torneo-clausura-2026-599354,648,83480,0.78%,8.41
https://www.futbolperuano.com/en-vivo/liga-1-sport-huancayo-vs-sport-boys-en-vivo-599030,647,185657,0.35%,7.01
https://www.futbolperuano.com/liga-2/noticias/carlos-mannucci-vs-san-martin-en-vivo-online-por-la-fecha-1-del-grupo-de-campeonato-c-de-la-liga-2-2026-602173,632,23010,2.75%,5.41
https://www.futbolperuano.com/copa-peru/noticias/estrella-roja-vs-domingo-dianderas-en-vivo-por-la-etapa-nacional-de-la-copa-peru-2026-601328,629,14049,4.48%,3.81
https://www.futbolperuano.com/copa-peru/noticias/domingo-dianderas-vs-heraldos-negros-en-vivo-por-la-etapa-nacional-de-la-copa-peru-2026-600258,615,16274,3.78%,3.67
https://www.futbolperuano.com/liga-2/noticias/liga-2-asi-se-definira-el-descenso-en-la-segunda-division-de-peru-599473,615,11628,5.29%,6.12
https://www.futbolperuano.com/en-vivo/liga-1-universitario-vs-comerciantes-unidos-en-vivo-599034,612,422534,0.14%,6.67
https://www.futbolperuano.com/seleccion/noticias/seleccion-peruana-estos-son-los-jugadores-a-los-que-ya-les-tramitan-ingreso-a-canada-para-amistoso-de-octubre-598590,600,14172,4.23%,6.38
https://www.futbolperuano.com/liga-1/noticias/la-tabla-acumulada-de-la-liga-1-2026-tras-el-partido-pendiente-de-adt-ante-cienciano-601982,599,88427,0.68%,7.23
https://www.futbolperuano.com/copa-peru/noticias/los-50-equipos-clasificados-a-la-etapa-nacional-copa-peru-2026-595518,585,5481,10.67%,3.92
https://www.futbolperuano.com/en-vivo/copa-peru-2026-domingo-dianderas-vs-bad-boys-en-vivo-602569,578,9453,6.11%,3.51
https://www.futbolperuano.com/liga-2/noticias/ayacucho-fc-vs-union-minas-en-vivo-online-por-grupo-campeonato-de-liga-2-2026-602222,568,19769,2.87%,5.53
https://www.futbolperuano.com/en-vivo/liga-1-fc-cajamarca-vs-cienciano-en-vivo-598937,562,231603,0.24%,7.49
https://www.futbolperuano.com/futbol-de-menores/la-seleccion-peruana-sub-20-debuto-derrota-colombia-juegos-suramericanos-odesur-2026-600808,557,13255,4.2%,4.96
https://www.futbolperuano.com/partidos-por-tv/espn-c1,547,11947,4.58%,6.57
https://www.futbolperuano.com/futbol-de-menores/copa-federacion/plata-promocional-serie-1/tabla-de-posiciones,516,2636,19.58%,4.01
https://www.futbolperuano.com/en-vivo/colombia-vs-chile-en-vivo-por-el-campeonato-sudamericano-de-voleibol-femenino-599557,504,11978,4.21%,4.43
https://www.futbolperuano.com/en-vivo/domingo-dianderas-vs-heraldos-negros-en-vivo-por-la-copa-peru-2026-600179,499,11347,4.4%,4.66
https://www.futbolperuano.com/liga-1/noticias/por-que-sporting-cristal-podria-quedar-fuera-de-los-playoffs-aunque-gane-el-torneo-clausura-601524,498,27213,1.83%,5.1
https://www.futbolperuano.com/en-vivo/liga-2-union-comercio-vs-pirata-fc-en-vivo-602610,488,14066,3.47%,6.48
https://www.futbolperuano.com/liga-1/clausura/goleadores,485,7022,6.91%,5.23
https://www.futbolperuano.com/en-vivo/fluminense-vs-osasco-en-vivo-por-la-brasil-cup-2026-601297,482,4608,10.46%,3.97
https://www.futbolperuano.com/futbol-de-menores/liga-nacional-sub-18-peru/resultados,480,3410,14.08%,4.69
https://www.futbolperuano.com/mas-deportes/tenis/quien-sera-el-proximo-rival-de-ignacio-buse-en-el-us-open-598762,469,9085,5.16%,3.57
https://www.futbolperuano.com/liga-voley/sudamericano-sub-19-masculino/resultados,469,5638,8.32%,5.78
https://www.futbolperuano.com/copa-peru/noticias/copa-peru-fechas-y-horarios-confirmados-de-la-fecha-2-de-la-etapa-nacional-600894,456,6613,6.9%,4.27
https://www.futbolperuano.com/en-vivo/campeonato-sudamericano-de-voleibol-femenino-brasil-vs-argentina-en-vivo-600398,454,10189,4.46%,4.85
https://www.futbolperuano.com/copa-peru/noticias/domingo-dianderas-vs-bad-boys-en-vivo-online-por-la-fecha-3-de-la-etapa-nacional-de-la-copa-peru-2026-602505,448,11977,3.74%,2.7
https://www.futbolperuano.com/futbol-de-menores/resultados-de-peru-en-los-juegos-suramericanos-santa-fe-2026-600735,444,13801,3.22%,5.96
https://www.futbolperuano.com/liga-voley/alianza-lima-resultados-de-la-noche-blanquiazul-voley-602122,442,26154,1.69%,6.45
https://www.futbolperuano.com/liga-1/noticias/liga-1-asi-se-jugaran-los-partidos-de-la-decima-fecha-del-torneo-clausura-2026-600453,439,59399,0.74%,7
https://www.futbolperuano.com/partidos-por-tv/liga-1-primera-division-del-peru-t35,438,84098,0.52%,7.87
https://www.futbolperuano.com/liga-1/noticias/universitario-la-medida-que-tomara-con-bryan-reyna-tras-sus-polemicas-declaraciones-602020,435,15906,2.73%,4.67
https://www.futbolperuano.com/liga-voley/resultados-y-tabla-de-posiciones-del-sudamericano-de-voleibol-femenino-599293,431,16179,2.66%,6.49
https://www.futbolperuano.com/liga-1/noticias/liga-1-comision-disciplinaria-sanciona-a-fc-cajamarca-601994,427,7770,5.5%,6.28
https://www.futbolperuano.com/en-vivo/brasil-vs-peru-en-vivo-por-el-campeonato-sudamericano-de-voleibol-femenino-599740,420,22565,1.86%,4.21
https://www.futbolperuano.com/liga-2/resultados,415,16669,2.49%,8.18
https://www.futbolperuano.com/en-vivo/cultural-volante-vs-juan-aurich-en-vivo-por-la-liga-3-601215,404,7452,5.42%,5.06
https://www.futbolperuano.com/mas-deportes/tenis/peru-vs-paraguay-por-copa-davis-canal-de-tv-y-plataforma-que-transmitiran-la-serie-por-el-grupo-mundial-1-600923,400,15421,2.59%,7.6
https://www.futbolperuano.com/futbol-de-menores/peru-derroto-a-panama-y-aseguro-su-presencia-en-las-semifinales-de-los-juegos-suramericanos-santa-fe-2026-601618,398,6588,6.04%,4.39
https://www.futbolperuano.com/copa-peru/noticias/copa-peru-2026-como-se-jugaran-los-partidos-de-la-fecha-3-de-la-etapa-nacional-601841,395,5611,7.04%,3.85
https://www.futbolperuano.com/resultados/,394,102982,0.38%,7.23
https://www.futbolperuano.com/futsal/futsalpro/resultados,386,3581,10.78%,5.98
https://www.futbolperuano.com/liga-1/noticias/no-sera-en-piura-universitario-enfrentara-a-alianza-atletico-y-grau-en-insolito-estadio-599849,385,8430,4.57%,6.58
https://www.futbolperuano.com/en-vivo/liga-2-ada-de-jaen-vs-deportivo-llacuabamba-en-vivo-602334,383,8829,4.34%,6.03
https://www.futbolperuano.com/en-vivo/copa-pacena-2026-oriente-petrolero-vs-blooming-en-vivo-601518,382,79072,0.48%,6.64
https://www.futbolperuano.com/liga-1/noticias/liga-1-asi-se-jugaran-los-partidos-de-la-novena-fecha-del-torneo-clausura-2026-599353,382,46611,0.82%,6.65
https://www.futbolperuano.com/copa-peru/noticias/copa-peru-resultados-y-posiciones-de-la-fecha-1-de-la-etapa-nacional-599750,382,7976,4.79%,4.84
https://www.futbolperuano.com/descentralizado/tabla-de-posiciones,374,12609,2.97%,8.67
https://www.futbolperuano.com/en-vivo/copa-peru-2026-miguel-grau-vs-vinicunca-fc-601500,374,4635,8.07%,3.49
https://www.futbolperuano.com/futbol-femenino/liga-evolucion-sub-15/resultados,364,3773,9.65%,6.45
https://www.futbolperuano.com/peru/mas-del-futbol-peruano/oficializan-convocatoria-equipos-mas-populares-del-peru-para-tradicion-copera-595958,360,4524,7.96%,4.83
https://www.futbolperuano.com/liga-1/noticias/resultados-y-tabla-de-posiciones-de-la-fecha-10-del-torneo-clausura-601043,359,95341,0.38%,6.79
https://www.futbolperuano.com/en-vivo/liga-1-sporting-cristal-vs-los-chankas-en-vivo-599036,357,144090,0.25%,7.32
https://www.futbolperuano.com/liga-3/noticias/juan-aurich-vs-juventud-santo-domingo-en-vivo-online-por-la-fecha-17-de-la-fase-regional-de-la-liga-3-2026-602515,354,8357,4.24%,3.55
https://www.futbolperuano.com/liga-1/noticias/universitario-esto-se-sabe-sobre-el-posible-regreso-de-fabian-bustos-601766,351,12757,2.75%,4.25
https://www.futbolperuano.com/segunda-division/tabla-de-posiciones,348,79854,0.44%,9.19
https://www.futbolperuano.com/en-vivo/alianza-lima-vs-adt-de-tarma-en-vivo-por-el-torneo-clausura-2026-601099,344,179867,0.19%,10.22
https://www.futbolperuano.com/liga-2/noticias/liga-2-2026-como-se-jugaran-los-partidos-de-la-fecha-1-de-la-fase-final-600668,339,11765,2.88%,7.45
https://www.futbolperuano.com/liga-1/noticias/liga-1-2026-conoce-cuando-se-reanudara-el-torneo-clausura-y-cuales-seran-los-partidos-de-la-fecha-11-601505,337,54499,0.62%,6.41
https://www.futbolperuano.com/en-vivo/union-minas-vs-santos-fc-en-vivo-por-la-liga-2-2026-600135,332,30629,1.08%,8.31
https://www.futbolperuano.com/liga-1/noticias/ignacio-buse-sorprende-al-referirse-sobre-alianza-lima-600362,331,117476,0.28%,3.87
https://www.futbolperuano.com/mas-deportes/tenis/ignacio-buse-vs-marco-giron-en-vivo-online-por-la-primera-ronda-del-us-open-2026-598585,329,20622,1.6%,3.94
https://www.futbolperuano.com/en-vivo/alianza-lima-vs-gerdau-minas-en-vivo-por-la-brasil-cup-2026-601229,327,15056,2.17%,4.5
https://www.futbolperuano.com/liga-voley/juegos-suramericanos-voleibol-masculino/,327,5598,5.84%,6.63
https://www.futbolperuano.com/liga-3/noticias/resultados-y-tabla-de-posiciones-de-la-fecha-16-de-la-liga-3-601067,324,16501,1.96%,2.81
https://www.futbolperuano.com/copa-sudamericana/tabla-de-posiciones,316,92529,0.34%,9.52
https://www.futbolperuano.com/en-vivo/sporting-cristal-vs-atletico-grau-en-vivo-por-la-liga-1-601189,308,293390,0.1%,6.92
https://www.futbolperuano.com/copa-de-la-liga/noticias/sport-boys-vs-alianza-atletico-en-vivo-online-por-la-semifinal-de-ida-de-la-copa-de-la-liga-2026-602489,304,24431,1.24%,4.94
https://www.futbolperuano.com/en-vivo/futbol-en-los-juegos-suramericanos-santa-fe-2026-chile-vs-peru-en-vivo-601228,303,9826,3.08%,5.01
https://www.futbolperuano.com/liga-voley/sudamericano-femenino/resultados,302,11486,2.63%,7.91
https://www.futbolperuano.com/en-vivo/torneo-clausura-2026-adt-vs-cienciano-en-vivo-601942,300,122834,0.24%,6
https://www.futbolperuano.com/en-vivo/us-open-ignacio-buse-vs-marcos-giron-en-vivo-598575,300,19253,1.56%,6.79
https://www.futbolperuano.com/futbol-de-menores/copa-federacion/plata-b-liguilla-descenso/tabla-de-posiciones,300,1501,19.99%,3.97
https://www.futbolperuano.com/liga-1/noticias/atletico-grau-vs-fbc-melgar-en-vivo-por-el-torneo-clausura-de-la-liga-1-2026-598337,297,98042,0.3%,7.94
https://www.futbolperuano.com/futbol-femenino/liga-femenina/alianza-lima-vence-a-atletico-andahuaylas-y-sigue-imparable-en-el-primer-lugar-del-torneo-clausura-2026-599332,297,30682,0.97%,2.87
https://www.futbolperuano.com/en-vivo/estrella-roja-vs-domingo-dianderas-en-vivo-por-la-copa-peru-2026-601222,294,10384,2.83%,4.88
https://www.futbolperuano.com/liga-voley/sudamericano-femenino/tabla-de-posiciones,292,8451,3.46%,6.87
https://www.futbolperuano.com/en-vivo/chile-vs-venezuela-en-vivo-por-el-campeonato-sudamericano-de-voleibol-femenino-599736,292,7639,3.82%,5.02
https://www.futbolperuano.com/liga-3/noticias/liga-3-2026-resultados-y-tabla-de-posiciones-de-la-fecha-4-de-la-fase-regional-589718,291,13965,2.08%,1.02
https://www.futbolperuano.com/liga-2/noticias/se-confirmo-el-canal-que-transmitira-los-partidos-de-la-liga-2-574855,291,2564,11.35%,4.49
https://www.futbolperuano.com/liga-3/noticias/resultados-y-tabla-de-posiciones-de-la-fecha-15-de-la-liga-3-599915,289,14020,2.06%,2.37
https://www.futbolperuano.com/liga-voley/peru-cayo-ante-chile-en-el-voley-masculino-de-los-juegos-suramericanos-santa-fe-2026-601726,287,7240,3.96%,4.27
https://www.futbolperuano.com/futbol-de-menores/liga-evolucion-sub-15/resultados,286,3882,7.37%,6.6
https://www.futbolperuano.com/liga-1/noticias/liga-1-asi-marcha-la-tabla-acumulada-luego-de-jugarse-la-fecha-9-del-torneo-clausura-2026-600446,283,45840,0.62%,5.95
https://www.futbolperuano.com/mas-deportes/tenis/ignacio-buse-vs-benjamin-bonzi-en-vivo-por-el-us-open-598778,281,11244,2.5%,5.17
https://www.futbolperuano.com/liga-voley/alianza-lima-vs-boca-juniors-en-vivo-online-por-fecha-2-de-noche-blanquiazul-voley-2026-602448,276,18307,1.51%,4.88
https://www.futbolperuano.com/liga-1/noticias/franco-velazco-y-su-fuerte-mensaje-tras-dura-derrota-de-universitario-ante-deportivo-garcilaso-601508,274,25142,1.09%,5.55
https://www.futbolperuano.com/en-vivo/juegos-suramericanos-santa-fe-2026-peru-vs-chile-en-vivo-602266,272,19022,1.43%,4
https://www.futbolperuano.com/liga-1/noticias/alianza-lima-define-lo-que-pasara-con-el-futuro-de-alejandro-duarte-600902,270,11713,2.31%,4.2
https://www.futbolperuano.com/en-vivo/montevideo-city-vs-cienciano-en-vivo-por-la-copa-sudamericana-2026-601049,268,41006,0.65%,5.68
https://www.futbolperuano.com/liga-2/noticias/comerciantes-fc-vs-sport-huancayo-en-vivo-online-por-la-fecha-1-del-grupo-de-campeonato-b-de-la-liga-2-2026-602162,267,12520,2.13%,6.24
https://www.futbolperuano.com/partidos-por-tv/copa-sudamericana-t6,266,29294,0.91%,8.97
https://www.futbolperuano.com/peru/mas-del-futbol-peruano/tradicion-copera-estos-son-los-primeros-10-equipos-que-buscaran-un-lugar-en-la-liga-3-2027-y-podrian-volver-al-circuito-profesional-del-futbol-peruano-600420,265,7511,3.53%,4.68
https://www.futbolperuano.com/liga-2/noticias/union-comercio-vs-pirata-fc-en-vivo-online-por-fase-final-de-liga-2-2026-602506,264,9244,2.86%,5.91
https://www.futbolperuano.com/copa-peru/noticias/juan-pablo-ii-vs-atletico-torino-en-vivo-online-por-la-fecha-2-de-la-etapa-nacional-de-la-copa-peru-2026-601391,261,15022,1.74%,5.12
https://www.futbolperuano.com/futbol-de-menores/liga-nacional-sub-16-peru/resultados,255,1834,13.9%,4.21
https://www.futbolperuano.com/liga-2/noticias/alianza-universidad-vs-union-minas-en-vivo-por-la-liga-2-599127,254,23650,1.07%,6.69
https://www.futbolperuano.com/en-vivo/ada-de-jaen-vs-union-comercio-en-vivo-por-la-liga-2-2026-600145,253,30076,0.84%,9.29
https://www.futbolperuano.com/peru/mas-del-futbol-peruano/estos-son-los-25-equipos-que-disputaran-el-campeonato-nacional-tradicion-copera-601594,252,2138,11.79%,4.2
https://www.futbolperuano.com/seleccion/noticias/seleccion-peruana-confirmo-cuatro-amistosos-internacionales-para-septiembre-y-octubre-600746,251,42276,0.59%,8.02
https://www.futbolperuano.com/en-vivo/brasil-vs-venezuela-en-vivo-por-el-campeonato-sudamericano-de-voleibol-femenino-599587,251,7455,3.37%,6.19
https://www.futbolperuano.com/en-vivo/argentina-vs-peru-en-vivo-por-el-campeonato-sudamericano-de-voleibol-femenino-599579,250,12343,2.03%,6.15
https://www.futbolperuano.com/futbol-de-menores/copa-federacion/plata-b-serie-2/tabla-de-posiciones,250,1489,16.79%,3.14
https://www.futbolperuano.com/liga-3/noticias/programacion-de-la-fecha-16-de-la-fase-regional-de-la-liga-3-600692,249,3087,8.07%,4.29
https://www.futbolperuano.com/liga-1/noticias/los-chankas-anuncian-salida-de-andre-vasquez-tras-mal-momento-en-la-liga-1-600334,247,25846,0.96%,6.28
https://www.futbolperuano.com/partidos-por-tv/uefa-champions-league-t8,247,21961,1.12%,8.17
https://www.futbolperuano.com/liga-1/noticias/alianza-lima-vs-palestino-canal-que-transmitira-amistoso-internacional-en-matute-602174,244,16813,1.45%,3.78
https://www.futbolperuano.com/liga-1/noticias/liga-1-comision-disciplinaria-vuelve-a-sancionar-a-sport-boys-598878,241,14406,1.67%,6.78
https://www.futbolperuano.com/liga-voley/LNSV/tabla-de-posiciones,240,9909,2.42%,7.73
https://www.futbolperuano.com/liga-voley/resultados-de-la-brasil-cup-con-alianza-lima-fluminense-gerdau-minas-y-osasco-600906,239,11867,2.01%,5.99
https://www.futbolperuano.com/futbol-de-menores/peru-vs-chile-en-vivo-online-por-la-medalla-de-bronce-de-los-juegos-suramericanos-2026-602113,238,23143,1.03%,7.49
https://www.futbolperuano.com/en-vivo/us-open-ignacio-buse-vs-benjamin-bonzi-en-vivo-598802,238,21856,1.09%,4.12
https://www.futbolperuano.com/liga-1/noticias/hector-cuper-estaria-cerca-de-dejar-de-ser-el-tecnico-de-universitario-602497,236,12655,1.86%,3.51
https://www.futbolperuano.com/futbol-femenino/resultados,234,3063,7.64%,8.63
https://www.futbolperuano.com/liga-1/noticias/universitario-de-deportes-busca-nuevo-director-deportivo-y-apunta-a-contratar-un-extranjero-para-la-temporada-2027-602418,231,7627,3.03%,5.05
https://www.futbolperuano.com/seleccion/noticias/la-seleccion-peruana-sub-20-y-la-lista-de-convocados-para-los-juegos-odesur-2026-600487,231,7115,3.25%,5.64
https://www.futbolperuano.com/en-vivo/copa-peru-2026-alianza-arenal-vs-sport-ancash-en-vivo-602566,231,1999,11.56%,3.44
https://www.futbolperuano.com/partidos-por-tv/liga-femenina-peru-torneo-apertura-t182,230,6023,3.82%,6.5
https://www.futbolperuano.com/liga-3/noticias/programacion-de-la-fecha-14-de-la-liga-3--2026-598504,228,3295,6.92%,4.3
https://www.futbolperuano.com/futbol-femenino/liga-femenina/liga-femenina-2026-alianza-lima-vencio-a-fbc-melgar-y-cerro-el-clausura-con-puntaje-perfecto-antes-de-las-semifinales-602618,227,5809,3.91%,3.36
https://www.futbolperuano.com/liga-3/noticias/liga-3-2026-resultados-y-tablas-de-posiciones-de-la-fecha-17-de-la-fase-regional-602089,226,4999,4.52%,4.4
https://www.futbolperuano.com/liga-2/noticias/union-minas-emite-un-contundente-comunicado-en-respuesta-a-santos-fc-602093,223,9023,2.47%,5.82
https://www.futbolperuano.com/en-vivo/atletico-torino-vs-ud-chulucanas-en-vivo-por-la-copa-peru-2026-600176,223,7091,3.14%,5.97
https://www.futbolperuano.com/en-vivo/argentina-vs-chile-en-vivo-por-el-campeonato-sudamericano-de-voleibol-femenino-599921,218,6840,3.19%,4.37
https://www.futbolperuano.com/liga-1/noticias/cusco-fc-vs-deportivo-moquegua-en-vivo-por-el-torneo-clausura-de-la-liga-1-2026-599151,217,80459,0.27%,8.36
https://www.futbolperuano.com/liga-1/noticias/universitario-hace-grave-denuncia-en-contra-de-alianza-lima-tras-su-victoria-en-matute-600455,213,28382,0.75%,5.3
https://www.futbolperuano.com/liga-3/noticias/liga-3-resultados-y-tabla-de-posiciones-de-la-fecha-12-de-la-fase-regional-596989,213,15370,1.39%,1.37
https://www.futbolperuano.com/copa-de-la-liga/noticias/fecha-hora-y-canal-del-sport-boys-vs-alianza-atletico-por-la-copa-de-la-liga-601571,212,21367,0.99%,6.41
https://www.futbolperuano.com/en-vivo/liga-3-juan-aurich-vs-juventud-cautivo-en-vivo-599101,212,4638,4.57%,4.35
https://www.futbolperuano.com/futbol-internacional/sporting-braga-vs-estoril-14-septiembre-2026-primeira-liga-de-portugal-m3256174,211,67627,0.31%,9.54
https://www.futbolperuano.com/liga-1/noticias/la-tabla-acumulada-de-la-liga-1-tras-la-fecha-7-del-torneo-clausura-2026-598607,209,43928,0.48%,7.83
https://www.futbolperuano.com/liga-voley/venezuela-vs-peru-en-vivo-online-por-la-fecha-3-del-sudamericano-de-voleibol-femenino-599858,209,12835,1.63%,6.61
https://www.futbolperuano.com/copa-sudamericana/noticias/cienciano-quedo-eliminado-y-horacio-melgarejo-dejo-contundente-mensaje-601142,208,17334,1.2%,4.3
https://www.futbolperuano.com/copa-peru/noticias/copa-peru-patricio-arce-se-luce-con-un-doblete-en-la-etapa-nacional-601587,208,4950,4.2%,2.35
https://www.futbolperuano.com/partidos-por-tv/liga-3-peru-t297,205,2499,8.2%,5.77
https://www.futbolperuano.com/liga-3/noticias/liga-3-2026-tablas-y-resultados-de-la-fecha-9-de-la-fase-regional-de-la-tercera-division-594105,203,2916,6.96%,1.24
https://www.futbolperuano.com/liga-1/noticias/torneo-clausura-resultados-y-tabla-de-posiciones-de-la-fecha-9-599985,199,50826,0.39%,6.19
https://www.futbolperuano.com/futbol-femenino/liga-femenina/sporting-cristal-sorprende-y-presenta-a-daniel-carrasco-como-reemplazo-de-vivian-ayres-en-la-liga-femenina-598795,199,7427,2.68%,5.73
https://www.futbolperuano.com/partidos-por-tv/noticias/programacion-de-hoy-domingo-27-de-septiembre-de-2026-horarios-del-futbol-en-vivo-por-television-en-el-peru-602491,199,6632,3%,5.84
https://www.futbolperuano.com/liga-1/noticias/liga-1-tabla-de-posiciones-del-puntaje-acumulado-284185,199,3286,6.06%,18.31
https://www.futbolperuano.com/en-vivo/binacional-vs-alianza-universidad-en-vivo-por-la-liga-2-2026-600132,198,16820,1.18%,9.51
https://www.futbolperuano.com/liga-2/noticias/deportivo-binacional-vs-academia-cantolao-en-vivo-por-la-liga-2-602083,198,10573,1.87%,6.43
https://www.futbolperuano.com/en-vivo/uefa-nations-league-portugal-vs-gales-en-vivo-602102,195,217819,0.09%,4.49
https://www.futbolperuano.com/liga-1/resultados,193,30784,0.63%,9.95
https://www.futbolperuano.com/seleccion/noticias/seleccion-peruana-vs-estados-unidos-este-seria-el-once-de-mano-menezes-para-el-amistoso-602471,193,29021,0.67%,6.74
https://www.futbolperuano.com/liga-voley/calendario-oficial-del-club-alianza-lima-voley-para-la-temporada-2026-27-601741,193,9866,1.96%,4.75
https://www.futbolperuano.com/en-vivo/juegos-suramericanos-santa-fe-2026-peru-vs-colombia-en-vivo-602281,191,5209,3.67%,4.12
https://www.futbolperuano.com/en-vivo/juan-pablo-ii-vs-atletico-torino-en-vivo-por-la-copa-peru-2026-601223,190,11588,1.64%,5.04
https://www.futbolperuano.com/copa-peru/noticias/atletico-torino-mantiene-su-clasificacion-tras-reclamo-de-alfonso-ugarte-de-vice-en-la-copa-peru-2026-599031,190,5123,3.71%,4.8
https://www.futbolperuano.com/liga-voley/peru-eliminado-por-argentina-en-semifinales-del-voley-masculino-de-juegos-suramericanos-santa-fe-2026-602198,190,4005,4.74%,3.52
https://www.futbolperuano.com/en-vivo/cienciano-vs-montevideo-city-en-vivo-por-la-copa-sudamericana-2026-599928,187,34570,0.54%,8.15
https://www.futbolperuano.com/partidos-por-tv/copa-peru-t156,187,2271,8.23%,5.58
https://www.futbolperuano.com/en-vivo/estudiantil-cni-vs-bentin-tacna-heroica-en-vivo-por-la-liga-2-2026-600136,186,9812,1.9%,7.14
https://www.futbolperuano.com/futbol-internacional/holanda/tabla-de-posiciones,185,55265,0.33%,8.87
https://www.futbolperuano.com/liga-voley/copa-brasilia-de-voleibol-cuando-juega-universitario-de-deportes-601619,184,6125,3%,4.49
https://www.futbolperuano.com/liga-1/noticias/sport-boys-vs-deportivo-garcilaso-en-vivo-online-por-fecha-9-del-torneo-clausura-de-liga-1-2026-600348,183,130321,0.14%,6.58
https://www.futbolperuano.com/copa-sudamericana/noticias/cienciano-vs-montevideo-city-canales-del-partido-de-cuartos-de-final-de-copa-sudamericana-2026-599649,183,29646,0.62%,5.27
https://www.futbolperuano.com/en-vivo/campeonato-sudamericano-de-voleibol-femenino-colombia-vs-venezuela-en-vivo-600397,183,4611,3.97%,4.77
https://www.futbolperuano.com/liga-1/goleadores,182,8293,2.19%,7.37
https://www.futbolperuano.com/futbol-femenino/liga-femenina/liga-femenina-2026-conoce-a-los-seis-clasificados-al-hexagonal-final-y-como-quedaron-las-llaves-del-torneo-clausura-602531,181,2680,6.75%,4.09
https://www.futbolperuano.com/en-vivo/copa-de-la-liga-cienciano-vs-adt-de-tarma-en-vivo-591403,174,105145,0.17%,5.99
https://www.futbolperuano.com/liga-2/noticias/alianza-universidad-vs-bentin-tacna-en-vivo-online-por-fecha-1-de-fase-final-de-liga-2-2026-602495,174,9571,1.82%,6.69
https://www.futbolperuano.com/en-vivo/copa-peru-2026-defensor-patibamba-vs-sport-machete-en-vivo-601480,174,2194,7.93%,3.59
https://www.futbolperuano.com/futbol-de-menores/liga-nacional-juvenil/tabla-de-posiciones,174,1165,14.94%,5.04
https://www.futbolperuano.com/liga-voley/peru-vs-paraguay-por-la-fecha-1-del-voley-masculino-en-vivo-online-por-juegos-suramericanos-2026-601549,173,12833,1.35%,4.33
https://www.futbolperuano.com/partidos-por-tv/laliga-de-espana-t16,173,9180,1.88%,7.14
https://www.futbolperuano.com/liga-voley/alianza-lima-vs-ec-pinheiros-en-vivo-online-por-fecha-3-de-noche-blanquiazul-voley-2026-602571,172,11297,1.52%,4.63
https://www.futbolperuano.com/futbol-de-menores/copa-federacion/,171,2515,6.8%,5.9
https://www.futbolperuano.com/liga-3/noticias/cultural-volante-vs-juan-aurich-en-vivo-online-por-fecha-16-de-liga-3-2026-601382,170,5610,3.03%,4.75
https://www.futbolperuano.com/futsal/futsalpro/tabla-de-posiciones,170,1331,12.77%,6.32
https://www.futbolperuano.com/en-vivo/sporting-cristal-vs-alianza-lima-en-vivo-por-la-liga-femenina-2026-601197,168,12773,1.32%,4.9
https://www.futbolperuano.com/en-vivo/deportivo-bad-boys-vs-por-la-santa-fc-en-vivo-por-la-copa-peru-2026-601227,168,4524,3.71%,3.62
https://www.futbolperuano.com/futbol-de-menores/copa-federacion/copa-federacion-quienes-jugaran-la-fase-nacional-y-programacion-del-26-y-27-de-septiembre-602187,168,3780,4.44%,5.48
https://www.futbolperuano.com/liga-1/noticias/alianza-lima-vs-universitario-posibles-alineaciones-para-el-clasico-del-futbol-peruano-en-la-fecha-9-del-torneo-clausura-de-la-liga-1-600213,167,34610,0.48%,5.41
https://www.futbolperuano.com/liga-2/noticias/binacional-planifica-pretemporada-para-jugar-la-liga-1-del-2027-602064,167,4803,3.48%,5.84
https://www.futbolperuano.com/en-vivo/peru-vs-venezuela-en-vivo-por-el-campeonato-sudamericano-de-voleibol-femenino-599923,166,6236,2.66%,6.48
https://www.futbolperuano.com/liga-1/noticias/adt-vscienciano-en-vivo-online-por-la-fecha-9-del-torneo-clausura-de-la-liga-1-2026-601611,165,54503,0.3%,7.24
https://www.futbolperuano.com/liga-1/noticias/matias-di-benedetto-se-pierde-el-duelo-de-universitario-ante-deportivo-garcilaso-por-liga-1-600965,165,14918,1.11%,5.01
https://www.futbolperuano.com/liga-1/noticias/liga-1-2026-se-confirma-como-se-jugaran-los-playoffs-y-la-definicion-por-el-titulo-nacional-560490,164,8248,1.99%,6.27
https://www.futbolperuano.com/en-vivo/copa-peru-2026-leones-de-anccaca-vs-cefut-juliaca-en-vivo-602473,164,1823,9%,3.26
https://www.futbolperuano.com/liga-2/noticias/estudiantil-cni-vs-bentin-tacna-heroica-en-vivo-online-por-la-fecha-18-de-la-fase-regional-de-la-liga-2-2026-600249,163,11561,1.41%,6.18
https://www.futbolperuano.com/en-vivo/liga-2-comerciantes-fc-vs-ayacucho-fc-en-vivo-598941,163,7484,2.18%,6.64
https://www.futbolperuano.com/futbol-femenino/liga-femenina/resultados-y-tabla-de-posiciones-de-fecha-11-del-torneo-clausura-de-liga-femenina-2026-602208,163,4781,3.41%,4.5
https://www.futbolperuano.com/liga-1/noticias/alianza-atletico-vs-comerciantes-unidos-en-vivo-por-el-torneo-clausura-601037,162,84490,0.19%,8.67
https://www.futbolperuano.com/partidos-por-tv/peru-liga-peruana-de-voley-femenino-lnsv-t295,162,21303,0.76%,8.18
https://www.futbolperuano.com/en-vivo/voley-en-los-juegos-suramericanos-santa-fe-2026-peru-vs-chile-en-vivo-601703,162,5897,2.75%,4.37
https://www.futbolperuano.com/en-vivo/copa-peru-2026-sport-ancash-vs-atletico-evza-en-vivo-601479,160,2553,6.27%,4.06
https://www.futbolperuano.com/liga-3/noticias/juan-aurich-vs-juvenud-cautivo-en-vivo-online-por-fecha-14-de-liga-3-2026-599199,159,5266,3.02%,4.18
https://www.futbolperuano.com/en-vivo/liga-2-alianza-universidad-vs-bentin-tacna-en-vivo-596972,159,4018,3.96%,5.84
https://www.futbolperuano.com/liga-2/noticias/liga-2-2026-resultados-y-tablas-de-posiciones-de-la-fecha-18-de-la-fase-regional-600175,158,21812,0.72%,7.86
https://www.futbolperuano.com/liga-voley/alianza-lima-vs-gerdau-minas-en-vivo-por-la-brasil-cup-2026-600855,157,9796,1.6%,5.36
https://www.futbolperuano.com/liga-voley/alianza-lima-brillo-en-la-noche-blanquiazul-y-vencio-3-0-a-cav-esquimo-en-la-presentacion-de-su-equipo-de-voley-602426,157,9060,1.73%,4.92
https://www.futbolperuano.com/futbol-de-menores/copa-federacion/fixture-completo-de-la-liguilla-oro-plata-de-promocion-y-permanencia-de-la-copa-federacion-2026-598724,156,2095,7.45%,4.64
https://www.futbolperuano.com/futbol-femenino/liga-femenina/programacion-de-la-fecha-10-del-torneo-clausura-de-la-liga-femenina-2026-600555,155,2424,6.39%,5.06
https://www.futbolperuano.com/peru/mas-del-futbol-peruano/club-campeon-del-futbol-peruano-busca-volver-al-futbol-profesional-en-este-2026-601735,155,1256,12.34%,5.37
https://www.futbolperuano.com/liga-2/noticias/liga-2-2026-resultados-y-tablas-de-posiciones-de-la-fecha-1-de-la-fase-final-602114,154,9237,1.67%,7.7
https://www.futbolperuano.com/liga-3/noticias/ecosem-vs-asa-fc-en-vivo-online-por-la-fecha-14-de-la-fase-regional-de-la-liga-3-2026-599254,154,5668,2.72%,3.94
https://www.futbolperuano.com/seleccion/noticias/seleccion-peruana-su-posible-once-para-enfrentar-a-estados-unidos-602213,153,9395,1.63%,7.29
https://www.futbolperuano.com/copa-peru/noticias/domingo-dianderas-sorprendio-y-firmo-con-walon-para-la-etapa-nacional-de-la-copa-peru-601919,153,3627,4.22%,4.55
https://www.futbolperuano.com/en-vivo/sport-ancash-vs-atletico-evza-en-vivo-por-la-copa-peru-2026-601221,153,2187,7%,4.16
https://www.futbolperuano.com/en-vivo/liga-femenina-alianza-lima-vs-atletico-andahuaylas-en-vivo-599086,151,13939,1.08%,4.25
https://www.futbolperuano.com/en-vivo/copa-peru-2026-vinicunca-fc-vs-deportivo-huayruro-en-vivo-602472,151,1176,12.84%,3.79
https://www.futbolperuano.com/liga-voley/sudamericano-sub-19-masculino/,150,2641,5.68%,5.73
https://www.futbolperuano.com/liga-1/noticias/eryc-castillo-despierta-interes-de-dos-clubes-de-la-liga-mx-y-alianza-lima-ya-conoce-la-propuesta-602412,148,5975,2.48%,4.93
https://www.futbolperuano.com/liga-voley/sudamericano-sub-19-masculino/tabla-de-posiciones,147,3573,4.11%,6.95
https://www.futbolperuano.com/en-vivo/sport-boys-vs-deportivo-garcilaso-en-vivo-por-el-torneo-clausura-2026-600127,146,69015,0.21%,6.35
https://www.futbolperuano.com/peru/mas-del-futbol-peruano/que-equipos-solicitaron-participar-en-tradicion-copera-2026-599298,146,1862,7.84%,5.81
https://www.futbolperuano.com/en-vivo/copa-peru-2026-sport-river-la-libertad-vs-sport-ancash-ancash-en-vivo-600416,145,5089,2.85%,4.98
https://www.futbolperuano.com/seleccion/noticias/sin-sus-estrellas-colombia-presenta-grandes-ausencias-para-medirse-ante-la-seleccion-peruana-601412,145,4348,3.33%,4.14
https://www.futbolperuano.com/en-vivo/fc-cajamarca-vs-cusco-fc-en-vivo-por-la-liga-1-601187,144,91758,0.16%,8.05
https://www.futbolperuano.com/liga-1/fbc-melgar-vs-sport-boys-19-septiembre-2026-liga-1-peru---torneo-clausura-m3243948,143,101246,0.14%,8.83
https://www.futbolperuano.com/copa-sudamericana/noticias/cienciano-vs-montevideo-city-en-vivo-por-la-copa-sudamericana-599827,143,31723,0.45%,5.32
https://www.futbolperuano.com/copa-peru/noticias/atletico-torino-se-consagra-bicampeon-de-piura-y-va-por-el-ascenso-en-la-etapa-nacional-de-la-copa-peru-2026-con-la-ilusion-de-volver-a-hacer-historia-599341,143,5595,2.56%,4.08
https://www.futbolperuano.com/en-vivo/liga-2-union-comercio-vs-san-martin-en-vivo-599069,143,5575,2.57%,7.49
https://www.futbolperuano.com/liga-voley/peru-termino-cuarto-en-voley-masculino-de-los-juegos-suramericanos-santa-fe-2026-tras-caer-ante-colombia-602374,142,8396,1.69%,4.88
https://www.futbolperuano.com/peru/mas-del-futbol-peruano/cuando-inicia-el-campeonato-nacional-tradicion-copera-2026-601008,142,2289,6.2%,4.82
https://www.futbolperuano.com/futbol-de-menores/copa-federacion/copa-federacion-2026-programacion-de-partidos-del-21-al-23-de-agosto-596846,142,1649,8.61%,4.53
https://www.futbolperuano.com/en-vivo/copa-peru-2026-sport-river-vs-el-inca-en-vivo-602400,140,2120,6.6%,4.62
https://www.futbolperuano.com/liga-1/noticias/universitario-decide-el-futuro-de-bryan-reyna-tras-quedar-fuera-de-la-convocatoria-para-el-clasico-600211,139,10820,1.28%,5.14
https://www.futbolperuano.com/liga-1/noticias/cusco-fc-vs-melgar-en-vivo-por-el-torneo-clausura-de-la-liga-1-599855,138,35802,0.39%,7.48
https://www.futbolperuano.com/en-vivo/campeonato-sudamericano-de-voleibol-femenino-peru-vs-chile-en-vivo-600411,138,8888,1.55%,6.83
https://www.futbolperuano.com/seleccion/noticias/seleccion-peruana-que-radios-relataran-amistoso-ante-estados-unidos-en-orlando-602186,138,8124,1.7%,4.33
https://www.futbolperuano.com/liga-2/noticias/pirata-fc-vs-carlos-mannucci-en-vivo-por-la-liga-2-599346,137,12461,1.1%,6.72
https://www.futbolperuano.com/en-vivo/liga-2-union-minas-vs-ayacucho-fc-en-vivo-596103,137,5019,2.73%,5.38
https://www.futbolperuano.com/futbol-femenino/liga-femenina/universitario-golea-a-unsaac-y-sella-su-pase-a-las-semifinales-del-torneo-clausura-femenino-602527,137,3808,3.6%,3.09
https://www.futbolperuano.com/seleccion/noticias/francesco-andrealli-y-franco-giambavicchio-han-sido-convocados-a-la-seleccion-peruana-601824,137,2461,5.57%,4.61
https://www.futbolperuano.com/en-vivo/deportivo-garcilaso-vs-universitario-en-vivo-por-la-liga-1-601190,136,141231,0.1%,8.29
https://www.futbolperuano.com/futbol-femenino/liga-femenina/universitario-aplasta-a-yanapuma-y-se-aferra-a-la-pelea-por-el-torneo-clausura-599261,136,115794,0.12%,2.95
https://www.futbolperuano.com/en-vivo/liga-2-santos-fc-vs-estudiantil-cni-en-vivo-599066,136,18967,0.72%,11.65
https://www.futbolperuano.com/futbol-femenino/liga-femenina/alianza-lima-derrota-a-sporting-cristal-y-conserva-invicto-en-torneo-clausura-de-liga-femenina-2026-601515,136,12772,1.06%,5.04
https://www.futbolperuano.com/liga-voley/noche-blanquiazul-cuando-vuelve-a-jugar-alianza-lima-voley-601609,136,10660,1.28%,4.53
https://www.futbolperuano.com/liga-1/deportivo-garcilaso-vs-atletico-grau-6-septiembre-2026-liga-1-peru---torneo-clausura-m3243936,135,36085,0.37%,8.28
https://www.futbolperuano.com/en-vivo/liga-2-cesar-vallejo-vs-ada-de-jaen-en-vivo-599064,135,10361,1.3%,9.09
https://www.futbolperuano.com/peru/mas-del-futbol-peruano/asi-quedaron-definidos-los-grupos-del-campeonato-nacional-tradicion-copera-601701,134,1183,11.33%,4.29
https://www.futbolperuano.com/futbol-de-menores/liga-nacional-sub-16-peru/tabla-de-posiciones,134,893,15.01%,4.67
https://www.futbolperuano.com/liga-1/noticias/deportivo-garcilaso-vs-atletico-grau-en-vivo-online-por-fecha-8-del-torneo-clausura-de-liga-1-2026-599205,133,114856,0.12%,8.04
https://www.futbolperuano.com/en-vivo/copa-peru-2026-cefut-juliaca-vs-adevil-fc-601497,133,2989,4.45%,3.97
https://www.futbolperuano.com/liga-1/noticias/fc-cajamarca-vs-cienciano-en-vivo-online-por-fecha-8-de-torneo-clausura-de-liga-1-2026-598955,132,47084,0.28%,6.65
https://www.futbolperuano.com/seleccion/noticias/quien-es-piero-magallanes-el-delantero-de-sport-huancayo-convocado-a-la-seleccion-peruana-601083,132,20676,0.64%,7.04
https://www.futbolperuano.com/copa-peru/noticias/atletico-torino-vs-ud-chulucanas-en-vivo-online-por-etapa-nacional-de-copa-peru-2026-600325,132,5575,2.37%,4.18
https://www.futbolperuano.com/futbol-de-menores/seleccion-peruana-jugara-en-el-mundial-sub-15-de-azerbaiyan-y-su-fixture-completo-601147,132,2272,5.81%,5.83
https://www.futbolperuano.com/en-vivo/alianza-atletico-vs-comerciantes-unidos-en-vivo-por-el-torneo-clausura-2026-601098,131,90352,0.14%,6.7
https://www.futbolperuano.com/futbol-internacional/usa/tabla-de-posiciones,131,47644,0.27%,9.41
https://www.futbolperuano.com/en-vivo/brasil-vs-peru-en-vivo-por-el-campeonato-sudamericano-de-voleibol-masculino-sub-19-599743,131,4582,2.86%,5.95
https://www.futbolperuano.com/partidos-por-tv/noticias/programacion-de-partidos-por-tv-del-miercoles-02-de-septiembre-del-2026-598589,130,7306,1.78%,3.82
https://www.futbolperuano.com/liga-1/noticias/probables-alineaciones-del-deportivo-garcilaso-vs-universitario-por-la-fecha-10-del-torneo-clausura-de-la-liga-1-2026-601361,128,96967,0.13%,6.77
https://www.futbolperuano.com/en-vivo/liga-1-melgar-vs-adt-de-tarma-en-vivo-599042,128,95695,0.13%,7.3
https://www.futbolperuano.com/peru/clubes/adt/,128,22093,0.58%,6.82
https://www.futbolperuano.com/liga-1/noticias/asi-se-jugaran-los-partidos-de-fecha-8-del-torneo-clausura-de-liga-1-2026-598614,128,18365,0.7%,6.16
https://www.futbolperuano.com/partidos-por-tv/fivb-c56,128,14973,0.85%,7.88
https://www.futbolperuano.com/copa-peru/noticias/deportivo-caysa-vs-atletico-torino-se-enfrentan-por-final-de-etapa-departamental-piura-de-la-copa-peru-2026-599044,128,4574,2.8%,4.15
https://www.futbolperuano.com/seleccion/noticias/los-eurocausas-que-quedaron-fuera-de-peru-y-que-pudieron-reforzar-la-sub-20-en-odesur-600845,128,2542,5.04%,3.69
https://www.futbolperuano.com/partidos-por-tv/noticias/programacion-de-partidos-por-tv-del-viernes-11-de-septiembre-del-2026-599984,127,6993,1.82%,3.87
https://www.futbolperuano.com/en-vivo/los-chankas-vs-fc-cajamarca-en-vivo-por-el-torneo-clausura-2026-600120,126,73087,0.17%,9.1
https://www.futbolperuano.com/liga-2/noticias/liga-2-union-minas-recibe-fuerte-multa-598912,125,13987,0.89%,6.14
https://www.futbolperuano.com/peru/clubes/juan-aurich/,125,6704,1.86%,6.39
https://www.futbolperuano.com/en-vivo/conmebol-liga-evolucion-sub-15-femenino-colombia-vs-peru-en-vivo-599746,125,4395,2.84%,5.58
https://www.futbolperuano.com/liga-2/noticias/union-minas-vs-santos-fc-en-vivo-por-la-liga-2-600252,124,13629,0.91%,6.31
https://www.futbolperuano.com/liga-1/noticias/alianza-lima-se-solidarizo-con-hernan-barcos-tras-el-fallecimiento-de-su-madre-600499,123,10975,1.12%,2.38
https://www.futbolperuano.com/liga-1/noticias/liga-1-alianza-lima-recibe-dos-inesperadas-sanciones-598891,123,6962,1.77%,3.57
https://www.futbolperuano.com/liga-1/noticias/figura-de-los-chankas-deja-el-equipo-en-el-tramo-final-del-torneo-clausura-602077,123,5668,2.17%,4.67
https://www.futbolperuano.com/en-vivo/copa-peru-2026-atletico-torino-vs-deportivo-caysa-en-vivo-602487,123,1992,6.17%,3.6
https://www.futbolperuano.com/liga-voley/prensa-espanola-expectante-por-la-noche-blanquiazul-voley-602150,122,3427,3.56%,4.96
https://www.futbolperuano.com/en-vivo/copa-peru-2026-cd-huayruro-vs-union-minas-pamputa-601495,122,2906,4.2%,5.55
https://www.futbolperuano.com/en-vivo/liga-1-juan-pablo-ii-vs-alianza-lima-en-vivo-599041,121,38485,0.31%,5.9
https://www.futbolperuano.com/copa-sudamericana/noticias/cienciano-vs-montevideo-city-se-confirma-al-arbitro-que-dirigira-el-encuentro-599139,121,27886,0.43%,5.24
https://www.futbolperuano.com/liga-1/noticias/alianza-lima-y-una-racha-historica-que-parece-imposible-de-repetir-en-los-clasicos-ante-universitario-599830,121,6291,1.92%,5.38
https://www.futbolperuano.com/liga-1/noticias/universitario-espera-una-respuesta-de-jairo-concha-que-puede-cambiar-sus-planes-para-2027-601944,121,4699,2.58%,5.42
https://www.futbolperuano.com/en-vivo/copa-peru-2026-ud-chulucanas-vs-deportivo-cachorro-601502,121,2592,4.67%,3.23
https://www.futbolperuano.com/liga-1/noticias/alianza-lima-vs-universitario-ya-estan-confirmadas-las-alineaciones-para-el-clasico-600363,120,117165,0.1%,6.53
https://www.futbolperuano.com/en-vivo/campeonato-sudamericano-de-voleibol-femenino-peru-vs-colombia-en-vivo-600281,120,4798,2.5%,5.61
https://www.futbolperuano.com/partidos-por-tv/directv-sports-c3,120,4015,2.99%,9.63
https://www.futbolperuano.com/en-vivo/el-combe-fc-vs-sport-river-en-vivo-por-la-copa-peru-2026-601224,120,2343,5.12%,2.87
https://www.futbolperuano.com/liga-1/noticias/liga-1-2026-resultados-y-tablas-de-posiciones-de-la-fecha-8-del-torneo-clausura-598866,119,25485,0.47%,6.75
https://www.futbolperuano.com/partidos-por-tv/peru-liga-1-primera-division-del-peru-t35,118,14198,0.83%,6.69
https://www.futbolperuano.com/liga-voley/peru-vs-argentina-en-vivo-por-el-sudamericano-de-voleibol-femenino-599294,118,11352,1.04%,6.98
https://www.futbolperuano.com/futbol-internacional/malmo-ff-vs-aik-7-septiembre-2026-allsvenskan-de-suecia-m3225333,117,13226,0.88%,8.75
https://www.futbolperuano.com/liga-2/noticias/ada-jaen-vs-union-comercio-en-vivo-online-por-la-fecha-18-de-la-fase-regional-de-la-liga-2-2026-600329,117,12643,0.93%,6.86
https://www.futbolperuano.com/liga-voley/alianza-lima-que-canal-transmitira-en-vivo-la-brasil-cup-2026-600706,117,6751,1.73%,5.38
https://www.futbolperuano.com/liga-3/noticias/liga-3-2026-resultados-y-tablas-de-posiciones-de-la-fecha-14-de-la-fase-regional-598876,117,4225,2.77%,4.88
https://www.futbolperuano.com/en-vivo/brasil-vs-colombia-en-vivo-por-el-campeonato-sudamericano-de-voleibol-femenino-599926,117,3685,3.18%,5.39
https://www.futbolperuano.com/copa-sudamericana/noticias/los-resultados-de-la-vuelta-de-cuartos-de-final-de-copa-sudamericana-2026-600729,116,142472,0.08%,7.34
https://www.futbolperuano.com/en-vivo/cusco-fc-vs-melgar-en-vivo-por-el-torneo-clausura-2026-600012,116,98842,0.12%,8.11
https://www.futbolperuano.com/copa-peru/noticias/cultural-sachapuyos-vs-combe-fc-en-vivo-por-la-etapa-nacional-de-la-copa-peru-600247,116,3896,2.98%,3.56
https://www.futbolperuano.com/copa-peru/noticias/estadio-de-la-selva-sorprende-en-la-etapa-nacional-copa-peru-2026-601752,116,3546,3.27%,2.27
https://www.futbolperuano.com/en-vivo/ecosem-pasco-vs-nuevo-san-cristobal-en-vivo-por-la-liga-3-601213,116,2285,5.08%,6.38
https://www.futbolperuano.com/copa-peru/noticias/copa-peru-union-minas-sorprende-con-extensa-purga-a-puertas-de-su-participacion-en-la-etapa-nacional-599460,116,1907,6.08%,4.51
https://www.futbolperuano.com/liga-voley/alianza-lima-sorprende-al-fichar-opuesta-europea-para-liga-peruana-de-voley-2026-27-600030,115,3906,2.94%,3.71
https://www.futbolperuano.com/copa-de-la-liga/noticias/los-tres-premios-que-otorgara-la-copa-de-la-liga-2026-584695,115,3626,3.17%,5.18
https://www.futbolperuano.com/peru/mas-del-futbol-peruano/cuantos-equipos-descenderan-del-campeonato-nacional-tradicion-copera-601769,115,1550,7.42%,3.9
https://www.futbolperuano.com/futbol-de-menores/copa-federacion/plata-promocional-liguilla-ascenso/tabla-de-posiciones,115,912,12.61%,4.44
https://www.futbolperuano.com/liga-1/noticias/julio-cesar-uribe-revela-el-futuro-de-roberto-mosquera-tras-la-preocupante-situacion-de-sporting-cristal-598676,114,4782,2.38%,4.66
https://www.futbolperuano.com/futbol-de-menores/copa-federacion/oro-liguilla-promocion-permanencia/tabla-de-posiciones,114,759,15.02%,4.76
https://www.futbolperuano.com/en-vivo/comerciantes-unidos-vs-sport-huancayo-en-vivo-por-el-torneo-clausura-2026-600121,113,52890,0.21%,7.76
https://www.futbolperuano.com/peru/clubes/bentin-tacna-heroica/,113,4085,2.77%,5.26
https://www.futbolperuano.com/liga-voley/juegos-suramericanos-voleibol-masculino/tabla-de-posiciones,113,1738,6.5%,6.59
https://www.futbolperuano.com/copa-sudamericana/noticias/cienciano-vs-montevideo-city-torque-asi-llega-el-rival-por-los-cuartos-de-la-copa-sudamericana-599245,112,31153,0.36%,5.29
https://www.futbolperuano.com/liga-1/noticias/alianza-lima-vs-adt-alineaciones-por-la-fecha-10-del-torneo-clausura-de-la-liga-1-601217,112,24307,0.46%,5.21
https://www.futbolperuano.com/liga-2/noticias/liga-2-2026-como-se-jugaran-los-partidos-de-la-fecha-18-de-la-fase-regional-599426,112,9943,1.13%,7.79
https://www.futbolperuano.com/partidos-por-tv/noticias/programacion-de-hoy-lunes-21-de-septiembre-de-2026-horarios-del-futbol-en-vivo-por-television-en-el-peru-601498,112,3296,3.4%,6.47
https://www.futbolperuano.com/liga-1/noticias/pablo-guede-confirma-tres-preocupantes-bajas-en-alianza-lima-esta-roto-601381,111,18220,0.61%,4.54
https://www.futbolperuano.com/liga-1/noticias/la-verdad-de-la-salida-de-guillermo-viscarra-de-alianza-lima-que-incluye-a-pablo-guede-600796,111,5588,1.99%,3.44
https://www.futbolperuano.com/liga-voley/alianza-lima-el-canal-de-transmision-de-noche-blanquiazul-voley-2026-601673,111,5410,2.05%,6.07
https://www.futbolperuano.com/copa-peru/noticias/copa-peru-domingo-dianderas-pacta-amistoso-de-peso-598747,111,3819,2.91%,4.95
https://www.futbolperuano.com/futbol-de-menores/copa-federacion/plata-b-liguilla-ascenso/tabla-de-posiciones,111,1120,9.91%,5.57
https://www.futbolperuano.com/liga-1/noticias/alianza-lima-precios-de-entradas-para-amistoso-ante-palestino-601954,110,19959,0.55%,4.86
https://www.futbolperuano.com/copa-peru/noticias/copa-peru-2026-cuando-se-juega-la-fecha-4-de-la-etapa-nacional-y-que-partidos-se-disputaran-602627,110,2866,3.84%,3.29
https://www.futbolperuano.com/copa-sudamericana/noticias/cienciano-recibe-un-duro-golpe-para-enfrentar-a-montevideo-city-por-la-copa-sudamericana-599497,109,11833,0.92%,5.91
https://www.futbolperuano.com/en-vivo/juan-pablo-ii-vs-deportivo-moquegua-en-vivo-por-la-liga-1-601194,108,38659,0.28%,7.8
https://www.futbolperuano.com/copa-peru/noticias/carlos-ascues-jugara-la-etapa-nacional-de-la-copa-peru-con-fc-sport-river-599224,108,6477,1.67%,4.74
https://www.futbolperuano.com/copa-peru/noticias/domingo-dianderas-vs-bad-boys-fecha-y-hora-por-etapa-nacional-de-copa-peru-2026-601909,108,3857,2.8%,4.37
https://www.futbolperuano.com/futbol-internacional/inglaterra/tabla-de-posiciones,107,28263,0.38%,9.12
https://www.futbolperuano.com/liga-3/noticias/liga-3-2026-resultados-y-tablas-de-la-fecha-11-de-la-fase-regional-596008,107,2232,4.79%,1.88
https://www.futbolperuano.com/seleccion/noticias/seleccion-peruana-los-futbolistas-con-mayor-valor-de-mercado-en-la-convocatoria-de-mano-menezes-602329,106,8476,1.25%,5.67
https://www.futbolperuano.com/liga-1/noticias/incendian-mural-del-senor-de-los-milagros-a-horas-del-alianza-lima-vs-universitario-600100,106,8434,1.26%,4.3
https://www.futbolperuano.com/partidos-por-tv/paramount-c86,106,5461,1.94%,5.61
https://www.futbolperuano.com/seleccion/noticias/la-seleccion-peruana-pierde-a-dos-titulares-por-lesion-para-enfrentar-a-estados-unidos-602007,106,4723,2.24%,4.94
https://www.futbolperuano.com/en-vivo/juegos-suramericanos-santa-fe-2026-peru-vs-argentina-en-vivo-602108,106,3062,3.46%,3.41
https://www.futbolperuano.com/futbol-de-menores/copa-federacion/plata-promocional-liguilla-permanencia/tabla-de-posiciones,106,1343,7.89%,5.53
https://www.futbolperuano.com/seleccion/noticias/seleccion-peruana-se-confirma-la-fecha-en-la-que-se-anunciara-a-convocatoria-598739,105,14570,0.72%,7.53
https://www.futbolperuano.com/liga-2/noticias/liga-2-union-minas-vuelve-al-estadio-daniel-alcides-carrion-600677,105,6495,1.62%,6.76
https://www.futbolperuano.com/liga-2/tabla-acumulada/tabla-de-posiciones,105,4899,2.14%,9.5
https://www.futbolperuano.com/liga-voley/nuevo-equipo-confirmado-para-la-liga-peruana-de-voley-2026-27-600316,105,3555,2.95%,4.98
https://www.futbolperuano.com/en-vivo/utc-vs-juan-pablo-ii-en-vivo-por-el-torneo-clausura-2026-600011,104,57186,0.18%,8.56
https://www.futbolperuano.com/copa-sudamericana/noticias/quien-sera-el-arbitro-del-montevideo-city-vs-cienciano-en-uruguay-600322,104,13476,0.77%,3.84
https://www.futbolperuano.com/liga-voley/sudamericano-femenino/,104,4885,2.13%,8.21
https://www.futbolperuano.com/en-vivo/liga-2-pirata-fc-vs-carlos-mannucci-en-vivo-599071,104,2666,3.9%,6.36
https://www.futbolperuano.com/copa-libertadores/noticias/quien-es-jussepi-garcia-jugador-que-debuto-en-el-primer-equipo-alianza-lima-562599,104,837,12.43%,4.17
https://www.futbolperuano.com/futbol-de-menores/deportivo-garcilaso-aplasto-a-universitario-y-le-marco-27-goles-en-tres-partidos-de-la-copa-oro-de-cusco-sin-recibir-un-solo-tanto-599304,103,40863,0.25%,6.55
https://www.futbolperuano.com/liga-1/noticias/alianza-lima-vs-universitario-en-vivo-online-por-el-torneo-clausura-de-la-liga-1-599956,103,28813,0.36%,6.26
https://www.futbolperuano.com/liga-voley/alianza-lima-vs-cav-esquimo-en-vivo-por-la-noche-blanquiazul-voley-602131,103,8669,1.19%,4.71
https://www.futbolperuano.com/liga-1/noticias/universitario-rompe-su-silencio-y-desmiente-comunicado-de-alianza-lima-600596,103,5880,1.75%,3.11
https://www.futbolperuano.com/seleccion/noticias/seleccion-peruanas-joyas-peruanas-que-han-sido-convocados-por-otros-seleccionados-para-esta-fecha-fifa-601302,102,2405,4.24%,4.32
https://www.futbolperuano.com/liga-3/noticias/la-liga-3-sorprende-con-el-numero-de-ascensos-que-dara-este-2026-581541,102,1935,5.27%,4.3
https://www.futbolperuano.com/futbol-femenino/liga-femenina/liga-femenina-2026-unsaac-y-defensores-del-ilucan-pierden-la-categoria-602535,102,1707,5.98%,3.99
https://www.futbolperuano.com/liga-1/noticias/alianza-lima-vs-universitario-asi-marcha-el-historial-de-clasicos-jugados-en-matute-y-en-la-historia-599805,101,19322,0.52%,7.37
https://www.futbolperuano.com/liga-3/noticias/liga-3-2026-resultados-y-tabla-de-posiciones-de-la-fecha-5-de-la-fase-regional-590390,101,6264,1.61%,1.24
https://www.futbolperuano.com/futbol-internacional/espana/tabla-de-posiciones,100,67573,0.15%,9.51
https://www.futbolperuano.com/partidos-por-tv/noticias/programacion-de-hoy-sabado-19-de-septiembre-de-2026-horarios-del-futbol-en-vivo-por-television-en-el-peru-601263,100,8501,1.18%,6.64
https://www.futbolperuano.com/liga-1/noticias/mr-peet-despotrico-contra-alejandro-duarte-tras-grosero-blooper-que-le-dio-la-victoria-a-universitario-600462,100,7304,1.37%,5.14
https://www.futbolperuano.com/futbol-femenino/liga-femenina/universitario-de-deportes-goleo-y-sigue-en-carrera-por-la-clasificacion-directa-a-las-semifinales-del-torneo-clausura-600445,100,5789,1.73%,3.24
https://www.futbolperuano.com/liga-1/noticias/carlos-desio-revelo-su-futuro-en-sport-boys-de-cara-al-2027-599480,100,5585,1.79%,5.13
https://www.futbolperuano.com/liga-1/noticias/alianza-lima-vs-adt-de-tarma-en-vivo-por-el-torneo-clausura-601023,99,29332,0.34%,6.15
https://www.futbolperuano.com/liga-1/noticias/liga-1-se-conocieron-las-fechas-de-semifinales-y-final-para-definir-al-campeon-del-2026-600877,99,22385,0.44%,7.7
https://www.futbolperuano.com/en-vivo/amistoso-internacional-japon-vs-uruguay-en-vivo-601969,99,16289,0.61%,6.06
https://www.futbolperuano.com/liga-1/noticias/sport-boys-en-alerta-por-una-de-sus-figuras-se-realizara-una-resonancia-y-esperan-conocer-su-diagnostico-601798,99,6204,1.6%,5.01
https://www.futbolperuano.com/en-vivo/liga-2-san-martin-vs-carlos-mannucci-en-vivo-593276,99,4123,2.4%,4.83
https://www.futbolperuano.com/mas-deportes/tenis/ignacio-buse-fue-elegido-como-suplente-del-team-mundial-para-la-laver-cup-2026-601558,99,3623,2.73%,3.02
https://www.futbolperuano.com/copa-sudamericana/noticias/cienciano-cuando-vuelve-a-enfrentar-a-montevideo-city-por-copa-sudamericana-2026-600042,98,11857,0.83%,4.44
https://www.futbolperuano.com/seleccion/noticias/diego-kochen-revela-su-carino-y-conexion-con-el-peru-pese-a-jugar-por-estados-unidos-602509,98,11154,0.88%,3.83
https://www.futbolperuano.com/futbol-de-menores/peru-vs-argentina-en-vivo-por-los-juegos-suramericanos-601636,98,7907,1.24%,6.15
https://www.futbolperuano.com/mas-deportes/tenis/fecha-hora-y-canal-del-partido-entre-ignacio-buse-y-benjamin-bonzi-por-la-segunda-ronda-del-us-open-598780,98,5821,1.68%,5.15
https://www.futbolperuano.com/copa-sudamericana/noticias/marcelo-mendez-y-su-mensaje-tras-el-2-0-de-cienciano-por-la-copa-sudamericana-600158,98,4941,1.98%,4.45
https://www.futbolperuano.com/liga-voley/alianza-lima-fox-sports-transmitira-la-noche-blanquiazul-voley-2026-601975,98,2146,4.57%,3.91
https://www.futbolperuano.com/seleccion/noticias/jean-ferrari-y-su-rotunda-respuesta-ante-la-ausencia-de-felipe-chavez-en-la-seleccion-peruana-601743,98,1458,6.72%,3.5
https://www.futbolperuano.com/en-vivo/amistoso-internacional-peru-vs-estados-unidos-en-vivo-602342,97,30216,0.32%,7.57
https://www.futbolperuano.com/partidos-por-tv/copa-libertadores-t5,97,29744,0.33%,9.21
https://www.futbolperuano.com/liga-2/noticias/liga-2-2026-resultados-y-tablas-de-posiciones-de-la-fecha-17-de-la-fase-de-grupos-598854,97,17441,0.56%,8.55
https://www.futbolperuano.com/liga-1/noticias/andres-mendoza-arremete-contra-paolo-guerrero-luis-advincula-y-otros-9-jugadores-de-alianza-lima-tras-caida-ante-garcilaso-598568,97,6726,1.44%,4.27
https://www.futbolperuano.com/futbol-femenino/liga-femenina/liga-femenina-2026-como-se-jugaran-los-partidos-de-la-fecha-11-del-torneo-clausura-601523,97,5199,1.87%,5.87
https://www.futbolperuano.com/liga-3/noticias/cultural-volante-vs-santo-domingo-en-vivo-por-la-liga-3-599266,97,3963,2.45%,3.24
https://www.futbolperuano.com/liga-1/noticias/fbc-melgar-vs-sport-boys-en-vivo-por-la-fecha-10-del-torneo-clausura-601188,96,46472,0.21%,7.92
https://www.futbolperuano.com/liga-1/noticias/mr-peet-arremete-contra-el-arbitro-del-universitario-vs-comerciantes-unidos-599338,96,22567,0.43%,4.14
https://www.futbolperuano.com/liga-voley/colombia-vs-peru-en-vivo-online-por-la-fecha-4-del-sudamericano-de-voleibol-femenino-600236,96,5445,1.76%,6.36
https://www.futbolperuano.com/liga-2/noticias/binacional-vs-alianza-universidad-en-vivo-por-la-liga-2-600248,95,8927,1.06%,6.61
https://www.futbolperuano.com/partidos-por-tv/noticias/programacion-de-partidos-por-tv-del-miercoles-16-de-septiembre-del-2026-600715,95,7388,1.29%,3.72
https://www.futbolperuano.com/en-vivo/uefa-nations-league-noruega-vs-dinamarca-en-vivo-602098,94,73850,0.13%,8.7
https://www.futbolperuano.com/futbol-femenino/liga-femenina/resultados-y-tabla-de-posiciones-de-fecha-10-del-torneo-clausura-de-liga-femenina-2026-601104,94,6869,1.37%,4.97
https://www.futbolperuano.com/seleccion/noticias/peru-cerro-su-participacion-en-el-noveno-lugar-de-la-liga-evolucion-femenina-sub-15-601415,94,5572,1.69%,7.42
https://www.futbolperuano.com/partidos-por-tv/noticias/programacion-de-partidos-por-tv-del-viernes-18-de-septiembre-del-2026-601057,94,5391,1.74%,4.13
https://www.futbolperuano.com/liga-3/noticias/uda-vs-adt-tahuishco-en-vivo-online-por-la-fecha-14-de-la-fase-regional-de-la-liga-3-2026-599263,94,3635,2.59%,4.71
https://www.futbolperuano.com/peru/mas-del-futbol-peruano/el-nuevo-torneo-que-se-jugara-en-peru-en-este-2026-562329,94,2427,3.87%,6.32
https://www.futbolperuano.com/copa-peru/noticias/los-campeones-de-las-ligas-departamentales-en-la-copa-peru-2026-598392,94,2173,4.33%,4.51
https://www.futbolperuano.com/futbol-internacional/espana/liga2/tabla-de-posiciones,93,101071,0.09%,9.98
https://www.futbolperuano.com/liga-1/noticias/sporting-cristal-eligio-el-estadio-alberto-gallardo-recibir-a-alianza-lima-por-liga-1-601165,93,21664,0.43%,5.55
https://www.futbolperuano.com/futbol-femenino/liga-femenina/resultados-y-tabla-de-posiciones-de-fecha-9-del-torneo-clausura-de-liga-femenina-2026-599998,93,4415,2.11%,5
https://www.futbolperuano.com/liga-2/noticias/la-razon-por-la-que-santos-fc-presento-reclamo-contra-union-minas-tras-partido-en-liga-2-601637,93,3956,2.35%,5.12
https://www.futbolperuano.com/copa-peru/noticias/sport-ancash-vs-atletico-evza-en-vivo-por-la-copa-peru-601266,93,2939,3.16%,4.93
https://www.futbolperuano.com/partidos-por-tv/noticias/programacion-de-partidos-por-tv-del-martes-22-de-septiembre-del-2026-601627,93,2469,3.77%,6.19
https://www.futbolperuano.com/copa-peru/noticias/fecha-y-hora-del-miguel-grau-vs-vinicunca-fc-por-fecha-2-de-etapa-nacional-de-copa-peru-2026-600756,93,1868,4.98%,4.66
https://www.futbolperuano.com/peru/mas-del-futbol-peruano/cuando-gana-la-u-el-pan-es-mas-rico-de-donde-proviene-esa-frase-460624,93,1319,7.05%,2.46
https://www.futbolperuano.com/peru/mas-del-futbol-peruano/los-20-grandes-equipos-ausentes-en-tradicion-copera-601774,93,877,10.6%,4.43
https://www.futbolperuano.com/liga-1/noticias/deportivo-moquegua-vs-sporting-cristal-en-vivo-online-por-el-torneo-clausura-de-la-liga-1-600130,92,24574,0.37%,6.14
https://www.futbolperuano.com/liga-1/noticias/alianza-lima-alejandro-duarte-y-la-competencia-que-crece-en-el-arco-durante-la-mini-pretemporada-de-pablo-guede-602611,92,11309,0.81%,3.53
https://www.futbolperuano.com/en-vivo/futbol-en-los-juegos-suramericanos-santa-fe-2026-colombia-vs-peru-en-vivo-600798,92,2597,3.54%,5.55
https://www.futbolperuano.com/en-vivo/copa-peru-2026-atletico-evza-vs-constructores-uchiza-en-vivo-602570,92,1768,5.2%,4.09
https://www.futbolperuano.com/futbol-internacional/brasil/tabla-de-posiciones,91,57989,0.16%,9.49
https://www.futbolperuano.com/liga-1/noticias/deportivo-garcilaso-vs-universitario-fecha-hora-y-canal-por-fecha-10-del-torneo-clausura-2026-601092,91,39957,0.23%,5.42
https://www.futbolperuano.com/seleccion/noticias/seleccion-peruana-podria-despedir-el-2026-con-amistosos-en-cusco-y-arequipa-601481,91,13976,0.65%,7.06
https://www.futbolperuano.com/liga-1/noticias/universitario-recibe-una-gran-noticia-corte-superior-deja-sin-efecto-medida-cautelar-que-favorecia-a-gremco-600662,91,5339,1.7%,3.28
https://www.futbolperuano.com/en-vivo/conmebol-liga-evolucion-sub-15-masculino-colombia-vs-brasil-en-vivo-599523,91,3196,2.85%,5.44
https://www.futbolperuano.com/peruanos-en-el-exterior/noticias/felipe-chavez-fue-titular-y-marca-un-gol-con-fc-magdeburg-sub-21-en-alemania-599884,91,3141,2.9%,5.19
https://www.futbolperuano.com/liga-1/noticias/fc-cajamarca-vs-cusco-fc-en-vivo-online-por-fecha-10-del-torneo-clausura-de-liga-1-2026-601121,90,20917,0.43%,7.6
https://www.futbolperuano.com/liga-voley/universitario-de-deportes-confirmo-fecha-y-rival-para-noche-de-las-pumas-2026-600021,90,12584,0.72%,3.64
https://www.futbolperuano.com/partidos-por-tv/noticias/programacion-de-hoy-sabado-5-de-septiembre-de-2026-horarios-del-futbol-en-vivo-por-television-en-el-peru-599099,90,9502,0.95%,6.25
https://www.futbolperuano.com/partidos-por-tv/noticias/programacion-de-hoy-martes-15-de-septiembre-de-2026-horarios-del-futbol-en-vivo-por-television-en-el-peru-600559,90,4787,1.88%,5.15
https://www.futbolperuano.com/peru/mas-del-futbol-peruano/los-10-clubes-peruanos-mas-antiguos-que-aun-siguen-en-competencia-505793,90,2273,3.96%,4.57
https://www.futbolperuano.com/futbol-de-menores/copa-federacion/oro/resultados,90,696,12.93%,5.15
https://www.futbolperuano.com/en-vivo/copa-peru-2026-atletico-evza-huanuco-vs-municipal-de-atalaya-ucayali-en-vivo-600413,89,956,9.31%,4.87
https://www.futbolperuano.com/liga-1/noticias/deportivo-garcilaso-vs-universitario-en-vivo-por-el-torneo-clausura-de-la-liga-1-2026-601327,88,58213,0.15%,7.25
https://www.futbolperuano.com/liga-1/noticias/sporting-cristal-sorprendio-con-su-nueva-camiseta-de-coleccion-inspirada-en-la-decada-de-los-70-601016,88,16657,0.53%,3.18
https://www.futbolperuano.com/en-vivo/uefa-nations-league-turquia-vs-francia-en-vivo-602296,87,150961,0.06%,5.06
https://www.futbolperuano.com/liga-1/noticias/utc-vs-juan-pablo-ii-en-vivo-por-el-torneo-clausura-599970,87,22812,0.38%,8.36
https://www.futbolperuano.com/liga-voley/copa-sudamericana/tabla-de-posiciones,87,3332,2.61%,8.42
https://www.futbolperuano.com/peru/clubes/union-huaral/,87,1776,4.9%,6.29
https://www.futbolperuano.com/partidos-por-tv/noticias/programacion-de-partidos-por-tv-del-domingo-6-de-septiembre-599287,86,14354,0.6%,5.84
https://www.futbolperuano.com/liga-voley/alianza-lima-cayo-ante-fluminense-y-termino-en-el-cuarto-lugar-de-la-brasil-cup-2026-601403,86,7237,1.19%,5.6
https://www.futbolperuano.com/peru/clubes/cienciano/,85,189480,0.04%,9.14
https://www.futbolperuano.com/liga-1/noticias/atletico-grau-vs-alianza-atletico-en-vivo-por-el-torneo-clausura-2026-600259,85,35972,0.24%,5.97
https://www.futbolperuano.com/liga-1/noticias/los-chankas-vs-fc-cajamarca-en-vivo-por-el-torneo-clausura-600190,85,27445,0.31%,7.53
https://www.futbolperuano.com/copa-sudamericana/noticias/conmebol-sanciona-duramente-a-cienciano-en-la-copa-sudamericana-598691,85,11165,0.76%,6.33
https://www.futbolperuano.com/copa-sudamericana/noticias/montevideo-city-se-burlo-de-cienciano-tras-eliminarlo-de-copa-sudamericana-601152,85,5303,1.6%,4.38
https://www.futbolperuano.com/peru/mas-del-futbol-peruano/cuantos-ascensos-otorgara-el-campeonato-nacional-tradicion-copera-601754,85,1120,7.59%,4.06
https://www.futbolperuano.com/en-vivo/atletico-grau-vs-alianza-atletico-en-vivo-por-el-torneo-clausura-2026-600128,82,42703,0.19%,7.54
https://www.futbolperuano.com/en-vivo/voley-en-los-juegos-suramericanos-santa-fe-2026-peru-vs-paraguay-en-vivo-601550,82,5610,1.46%,6.36
https://www.futbolperuano.com/liga-1/noticias/marca-que-fue-patrocinador-de-alianza-lima-se-burla-del-club-600890,82,3416,2.4%,4.26
https://www.futbolperuano.com/partidos-por-tv/liga-femenina-peru-t182,82,1941,4.22%,5.97
https://www.futbolperuano.com/peru/clubes/universitario/,81,161680,0.05%,9
https://www.futbolperuano.com/en-vivo/atletico-mineiro-vs-santos-en-vivo-por-la-copa-sudamericana-2026-600851,81,87764,0.09%,9.79
https://www.futbolperuano.com/seleccion/noticias/pablo-guede-lo-relego-del-plantel-de-alianza-lima-y-ahora-es-figura-de-la-seleccion-peruana-601323,81,75362,0.11%,3.96
https://www.futbolperuano.com/liga-voley/fixture-del-sudamericano-de-voleibol-femenino-sub-19-602164,81,4437,1.83%,5.42
https://www.futbolperuano.com/copa-peru/noticias/patricio-arce-vuelve-al-futbol-tras-recuperar-su-libertad-y-es-anunciado-como-nuevo-refuerzo-de-leones-de-anccaca-para-la-etapa-nacional-de-la-copa-peru-2026-599863,81,4006,2.02%,6.32
https://www.futbolperuano.com/futsal/sudamericano-sub-20/tabla-de-posiciones,81,1448,5.59%,6.33
https://www.futbolperuano.com/seleccion/noticias/dt-de-deportivo-garcilaso-revela-el-lamento-de-beto-da-silva-tras-no-ser-convocado-a-la-seleccion-peruana-601538,80,7767,1.03%,3.43
https://www.futbolperuano.com/seleccion/noticias/rodrigo-vilca-y-matias-cordova-fueron-convocados-por-seleccion-peruana-para-los-amistosos-601002,80,3935,2.03%,6.22
https://www.futbolperuano.com/copa-peru/noticias/sport-ancash-fixture-completo-y-rivales-para-la-etapa-nacional-de-la-copa-peru-2026-598529,80,1758,4.55%,4.29
https://www.futbolperuano.com/liga-1/noticias/pablo-guede-y-su-situacion-en-alianza-lima-tras-los-rumores-de-renuncia-598686,79,3454,2.29%,3.32
https://www.futbolperuano.com/futbol-femenino/liga-femenina/universitario-de-deportes-mantiene-su-gran-momento-y-derrota-a-fc-killas-para-seguir-en-la-pelea-por-la-clasificacion-directa-601408,78,50428,0.15%,3.54
https://www.futbolperuano.com/liga-2/noticias/ada-jaen-vs-deportivo-llacuabamba-en-vivo-por-la-liga-2-601992,78,7796,1%,7.07
https://www.futbolperuano.com/en-vivo/copa-peru-2026-academia-pepe-vs-bella-esperanza-601491,78,3109,2.51%,5.65
https://www.futbolperuano.com/copa-peru/noticias/copa-peru-exarquero-de-alianza-lima-refuerza-al-campeon-de-puno-598874,78,1050,7.43%,3.07
https://www.futbolperuano.com/liga-1/noticias/sport-huancayo-vs-sport-boys-en-vivo-online-por-la-fecha-8-del-torneo-clausura-de-la-liga-1-2026-598997,77,16358,0.47%,7.34
https://www.futbolperuano.com/liga-1/noticias/universitario-de-deportes-perdio-4-0-y-hector-cuper-queda-bajo-la-lupa-tras-la-dura-derrota-601429,77,4963,1.55%,5.61
https://www.futbolperuano.com/futbol-de-menores/copa-federacion/plata/resultados,77,578,13.32%,4.32
https://www.futbolperuano.com/futbol-de-menores/copa-desarrollo-oro/tabla-de-posiciones,77,311,24.76%,4.02
https://www.futbolperuano.com/en-vivo/uefa-nations-league-noruega-vs-portugal-en-vivo-602390,76,57692,0.13%,5.75
https://www.futbolperuano.com/liga-2/noticias/cesar-vallejo-vs-ada-de-jaen-en-vivo-por-la-fase-regional-de-la-liga-2-599206,76,11728,0.65%,7.34
https://www.futbolperuano.com/futbol-femenino/liga-femenina/liga-femenina-2026-como-se-jugaran-los-partidos-de-la-fecha-9-del-torneo-clausura-599624,76,2341,3.25%,4.93
https://www.futbolperuano.com/futbol-playa/conmebol-sub-20/tabla-de-posiciones,76,2004,3.79%,7.01
https://www.futbolperuano.com/peruanos-en-el-exterior/noticias/ronald-banana-ruiz-es-nuevo-jugador-del-azuqueca-de-espana-a-los-41-anos-599405,76,1832,4.15%,3.64
https://www.futbolperuano.com/copa-peru/noticias/copa-peru-un-nuevo-reclamo-remece-la-liga-departamental-de-piura-598726,75,1020,7.35%,4.13
https://www.futbolperuano.com/peru/clubes/alianza-lima/,74,171363,0.04%,8.76
https://www.futbolperuano.com/copa-peru/noticias/bad-boys-vs-por-la-santa-fc-en-vivo-por-la-etapa-nacional-de-la-copa-peru-2026-601330,74,7522,0.98%,4.32
https://www.futbolperuano.com/partidos-por-tv/noticias/programacion-de-hoy-sabado-12-de-septiembre-de-2026-horarios-del-futbol-en-vivo-por-television-en-el-peru-600207,74,6570,1.13%,6.1
https://www.futbolperuano.com/seleccion/noticias/con-raices-peruanas-los-convocados-de-estados-unidos-para-medirse-ante-la-bicolor-601390,74,1613,4.59%,3.54
https://www.futbolperuano.com/peru/clubes/sport-boys/,73,81052,0.09%,8.25
https://www.futbolperuano.com/partidos-por-tv/liga-1-peru-torneo-apertura-t35,73,26907,0.27%,11.59
https://www.futbolperuano.com/copa-sudamericana/noticias/montevideo-city-vs-cienciano-en-vivo-online-por-vuelta-de-cuartos-de-final-de-copa-sudamericana-2026-600770,73,17273,0.42%,5.93
https://www.futbolperuano.com/peru/clubes/carlos-a-manucci/,73,6060,1.2%,7.86
https://www.futbolperuano.com/seleccion/noticias/felipe-chavez-jugo-con-magdeburgo-y-crece-la-duda-por-su-ausencia-en-la-seleccion-peruana-601280,73,2946,2.48%,5.11
https://www.futbolperuano.com/liga-3/noticias/carlos-stein-se-niega-a-dejar-de-participar-en-la-liga-3-2026-600296,73,2852,2.56%,4.3
https://www.futbolperuano.com/liga-voley/juegos-suramericanos-voleibol-masculino/resultados,73,1236,5.91%,6.72
https://www.futbolperuano.com/futbol-femenino/liga-femenina/programacion-de-la-fecha-8-del-torneo-clausura-de-la-liga-femenina-2026-598426,73,1176,6.21%,4.95
https://www.futbolperuano.com/en-vivo/copa-peru-2026-por-la-santa-fc-vs-defensor-patibamba-en-vivo-602480,73,879,8.3%,3.96
https://www.futbolperuano.com/futbol-de-menores/,73,561,13.01%,4.72
https://www.futbolperuano.com/liga-1/noticias/melgar-vs-adt-en-vivo-por-el-torneo-clausura-de-la-liga-1-599169,72,41146,0.17%,8.91
https://www.futbolperuano.com/liga-1/noticias/victor-rivera-es-nuevo-tecnico-de-adt-de-tarma-598682,72,3367,2.14%,5.11
https://www.futbolperuano.com/partidos-por-tv/noticias/programacion-de-partidos-por-tv-del-viernes-25-de-septiembre-del-2026-602159,72,2089,3.45%,7.46
https://www.futbolperuano.com/liga-3/noticias/programacion-de-la-fecha-17-de-la-fase-regional-de-la-liga-3-601966,72,1461,4.93%,3.94
https://www.futbolperuano.com/futbol-de-menores/copa-desarrollo-oro/resultados,72,224,32.14%,4.33
https://www.futbolperuano.com/peruanos-en-el-exterior/noticias/joao-grimaldo-se-queda-sin-lugar-en-sparta-praga-de-republica-checa-598321,71,8069,0.88%,7.58
https://www.futbolperuano.com/en-vivo/liga-femenina-sporting-cristal-vs-unsaac-en-vivo-599082,71,7393,0.96%,5.94
https://www.futbolperuano.com/liga-1/noticias/se-inauguro-el-nuevo-estadio-donde-se-disputara-la-liga-1-2026-586177,71,4359,1.63%,4.31
https://www.futbolperuano.com/en-vivo/copa-peru-2026-constructores-uchiza-vs-deportivo-bancos-601489,71,1435,4.95%,4.95
https://www.futbolperuano.com/en-vivo/copa-peru-2026-bella-esperanza-vs-arsenal-lawn-tennis-en-vivo-602469,71,623,11.4%,4.8
https://www.futbolperuano.com/en-vivo/universitario-vs-fc-killas-en-vivo-por-la-liga-femenina-2026-601238,70,28400,0.25%,3.85
https://www.futbolperuano.com/liga-1/noticias/comerciantes-unidos-vs-sport-huancayo-en-vivo-por-el-torneo-clausura-600197,70,21869,0.32%,7.49
https://www.futbolperuano.com/liga-1/noticias/cristian-molins-revelo-el-drama-de-utc-y-explico-la-decision-de-utilizar-a-ignacio-barrios-como-jugador-de-campo-601529,70,7437,0.94%,5.64
https://www.futbolperuano.com/peru/clubes/union-minas-pasco/,70,6684,1.05%,6.27
https://www.futbolperuano.com/liga-2/noticias/el-estadio-al-que-se-mudaria-union-minas-en-la-liga-2-591229,70,1284,5.45%,4.91
https://www.futbolperuano.com/en-vivo/copa-peru-2026-sport-machete-vs-heraldos-negros-en-vivo-602567,70,1182,5.92%,4.55
https://www.futbolperuano.com/home/programacion-de-hoy-domingo-20-de-septiembre-de-2026-horarios-del-futbol-en-vivo-por-television-en-el-peru-601383,69,4775,1.45%,6.82
https://www.futbolperuano.com/en-vivo/copa-peru-2026-el-inca-chao-vs-alianza-arenal-601499,69,4493,1.54%,5.25
https://www.futbolperuano.com/seleccion/noticias/mano-menezes-rompe-su-silencio-y-explica-por-que-renato-tapia-sigue-fuera-de-la-seleccion-peruana-601815,69,3827,1.8%,3.72
https://www.futbolperuano.com/copa-peru/noticias/alianza-arenal-vs-sport-ancash-en-vivo-online-por-fecha-3-de-etapa-nacional-de-copa-peru-2026-602468,69,2083,3.31%,3.63
https://www.futbolperuano.com/peru/clubes/uda-huancavelica/,69,1027,6.72%,4.73
https://www.futbolperuano.com/copa-peru/noticias/arequipa-confirmo-a-su-segundo-clasificado-a-la-etapa-nacional-de-la-copa-peru-2026-598387,69,863,8%,3.84
https://www.futbolperuano.com/copa-libertadores/noticias/ldu-de-quito-vs-palmeiras-en-vivo-por-la-copa-libertadores-600730,68,27574,0.25%,7.32
https://www.futbolperuano.com/liga-1/noticias/juan-pablo-ii-vs-alianza-lima-posibles-alineaciones-para-el-duelo-por-la-fecha-8-del-torneo-clausura-de-la-liga-1-599247,68,27182,0.25%,6.61
https://www.futbolperuano.com/en-vivo/campeonato-sudamericano-de-voleibol-masculino-sub-19-2026-colombia-vs-peru-en-vivo-600408,68,4199,1.62%,3.59
https://www.futbolperuano.com/en-vivo/liga-femenina-yanapuma-vs-universitario-en-vivo-599083,68,3758,1.81%,3.4
https://www.futbolperuano.com/liga-voley/copa-sudamericana-masculina/tabla-de-posiciones,68,2202,3.09%,7.08
https://www.futbolperuano.com/liga-voley/liga-peruana-de-voley-san-martin-se-refuerza-con-seleccionada-alemana-601642,68,1640,4.15%,4.96
https://www.futbolperuano.com/liga-3/noticias/uda-emite-contundente-comunicado-tras-el-1-9-sufrido-ante-deportivo-ucrania-600714,68,1169,5.82%,4.19
https://www.futbolperuano.com/liga-voley/LNSV/resultados,67,9625,0.7%,8.09
https://www.futbolperuano.com/liga-voley/partidos-de-pretemporada-de-la-liga-peruana-de-voley-2026-27-601624,67,5233,1.28%,5.03
https://www.futbolperuano.com/liga-1/noticias/alianza-lima-y-su-contundente-respuesta-a-la-denuncia-de-universitario-tras-el-clasico-en-matute-600563,67,4254,1.57%,3.82
https://www.futbolperuano.com/liga-3/noticias/carlos-stein-vuelve-a-la-liga-3-y-se-descarta-su-descenso-a-la-copa-peru-602361,67,1560,4.29%,4.67
https://www.futbolperuano.com/futbol-de-menores/copa-federacion/plata-a-liguilla/tabla-de-posiciones,67,448,14.96%,5
https://www.futbolperuano.com/futbol-de-menores/copa-federacion/plata-b-liguilla-ascenso/resultados,67,437,15.33%,5.24
https://www.futbolperuano.com/futbol-femenino/sudamericano-sub-20/tabla-de-posiciones,66,8147,0.81%,8.93
https://www.futbolperuano.com/liga-1/noticias/franco-velasco-revela-como-llego-sekou-gassama-a-universitario-y-que-cambio-tras-salida-599891,66,3535,1.87%,3.03
https://www.futbolperuano.com/futsal/futsal-pro-2026-resultados-y-tablas-de-posiciones-de-la-fecha-1-de-la-primera-etapa-599570,66,2142,3.08%,4.95
https://www.futbolperuano.com/liga-1/noticias/juan-pablo-ii-vs-deportivo-moquegua-en-vivo-online-por-la-fecha-10-del-torneo-clausura-de-la-liga-1-2026-601404,65,29265,0.22%,7.87
https://www.futbolperuano.com/futbol-internacional/aik-vs-vasteras-sk-fk-12-septiembre-2026-allsvenskan-de-suecia-m3225330,65,12150,0.53%,6.77
https://www.futbolperuano.com/liga-voley/quien-es-alejandro-schneider-tecnico-de-alianza-lima-para-la-liga-peruana-de-voley-586727,65,3594,1.81%,7.53
https://www.futbolperuano.com/liga-voley/prensa-brasilena-sorprendida-con-el-presente-del-voleibol-peruano-599561,65,3246,2%,6
https://www.futbolperuano.com/liga-1/noticias/universitario-de-deportes-y-los-jugadores-que-vuelven-a-convocatoria-deportivo-garcilaso-601171,65,2881,2.26%,3.73
https://www.futbolperuano.com/futbol-de-menores/liga-evolucion-sub-15/,65,970,6.7%,5.72
https://www.futbolperuano.com/en-vivo/copa-peru-2026-union-minas-de-pamputa-vs-miguel-grau-en-vivo-602402,65,932,6.97%,3.23
https://www.futbolperuano.com/futbol-de-menores/copa-federacion/plata-promocional-liguilla-permanencia/resultados,65,249,26.1%,4.46
https://www.futbolperuano.com/futbol-internacional/francia/tabla-de-posiciones,64,65384,0.1%,7.78
https://www.futbolperuano.com/futbol-internacional/uefa-nations-league/portugal-vs-gales-en-vivo-online-por-la-fecha-1-del-grupo-d-de-la-liga-de-naciones-601847,64,47900,0.13%,7.39
https://www.futbolperuano.com/liga-1/noticias/yoshimar-yotun-es-una-de-las-opciones-de-sport-boys-pensando-en-el-centenario-598714,64,3215,1.99%,3.98
https://www.futbolperuano.com/liga-voley/fixture-del-campeonato-mundial-de-clubes-femeninos-de-la-fivb-599577,64,2873,2.23%,4.35
https://www.futbolperuano.com/en-vivo/copa-peru-2026-cruz-de-chalpon-vs-ada-cajabamba-en-vivo-601460,64,1456,4.4%,4.15
https://www.futbolperuano.com/futbol-de-menores/copa-federacion/plata-promocional-serie-2/tabla-de-posiciones,64,911,7.03%,5.45
https://www.futbolperuano.com/liga-1/noticias/el-once-de-universitario-para-enfrentar-a-comerciantes-unidos-en-el-monumental-599229,63,23031,0.27%,7.45
https://www.futbolperuano.com/copa-libertadores/tabla-de-posiciones,63,19766,0.32%,10.13
https://www.futbolperuano.com/liga-1/sport-boys-vs-deportivo-garcilaso-13-septiembre-2026-liga-1-peru---torneo-clausura-m3243942,63,17099,0.37%,9.76
https://www.futbolperuano.com/seleccion/noticias/seleccion-peruana-canal-que-transmitiran-los-amistosos-de-septiembre-y-octubre-601927,63,10616,0.59%,7.5
https://www.futbolperuano.com/en-vivo/deportivo-moquegua-vs-sporting-cristal-en-vivo-por-el-torneo-clausura-2026-600123,63,10378,0.61%,4.45
https://www.futbolperuano.com/en-vivo/universitario-vs-flamengo-fbc-en-vivo-por-la-liga-femenina-2026-600156,63,9543,0.66%,4.16
https://www.futbolperuano.com/liga-1/noticias/universitario-edison-flores-y-bryan-reyna-vuelven-a-quedar-fuera-en-el-equipo-de-hector-cuper-599122,63,9473,0.67%,6.02
https://www.futbolperuano.com/en-vivo/liga-2-academia-cantolao-vs-deportivo-llacuabamba-en-vivo-599062,63,5511,1.14%,9.59
https://www.futbolperuano.com/liga-1/noticias/como-le-fue-a-alianza-lima-con-micke-palomino-antes-del-clasico-ante-universitario-599781,63,4824,1.31%,5.31
https://www.futbolperuano.com/liga-voley/resultados-y-tabla-de-posiciones-de-la-copa-sudamericana-de-voley-592744,63,4327,1.46%,9.18
https://www.futbolperuano.com/liga-1/noticias/jose-luis-puma-carranza-estara-en-matute-para-el-clasico-entre-universitario-y-alianza-lima-599714,63,4016,1.57%,5.62
https://www.futbolperuano.com/liga-1/alianza-lima-vs-universitario-de-deportes-12-septiembre-2026-liga-1-peru---torneo-clausura-m3243941,63,3773,1.67%,7.12
https://www.futbolperuano.com/futbol-femenino/liga-femenina/universitario-se-refuerza-con-nueva-figura-internacional-para-copa-libertadores-femenina-2026-598947,63,3730,1.69%,5.16
https://www.futbolperuano.com/partidos-por-tv/noticias/programacion-de-hoy-jueves-24-de-septiembre-de-2026-horarios-del-futbol-en-vivo-por-television-en-el-peru-601970,63,2310,2.73%,6.43
https://www.futbolperuano.com/liga-1/noticias/hector-cuper-recibe-inesperado-mensaje-desde-el-plantel-de-universitario-de-deportes-601605,63,1105,5.7%,3.21
https://www.futbolperuano.com/liga-1/noticias/universitario-hector-cuper-autocritico-pese-al-triunfo-sobre-alianza-lima-600404,62,19014,0.33%,4.47
https://www.futbolperuano.com/liga-1/noticias/alianza-lima-vs-universitario-quien-es-el-maximo-goleador-en-la-historia-de-los-clasicos-600326,62,17248,0.36%,4.57
https://www.futbolperuano.com/liga-1/noticias/liga-1-revelo-la-lista-de-suspendidos-para-la-fecha-9-del-torneo-clausura-599938,62,8212,0.75%,7.54
https://www.futbolperuano.com/seleccion/noticias/mano-menezes-confirmo-una-baja-de-peru-para-duelo-ante-estados-unidos-602445,62,7183,0.86%,5.61
https://www.futbolperuano.com/futbol-femenino/,62,2385,2.6%,8.08
https://www.futbolperuano.com/liga-2/noticias/se-inaugura-el-estadio-daniel-alcides-carrion-en-la-liga-2-595950,62,2150,2.88%,6.07
https://www.futbolperuano.com/peru/clubes/cultural-volante-bambamarca/,62,1507,4.11%,5.26
https://www.futbolperuano.com/futbol-femenino/torneo-clausura/resultados,62,1078,5.75%,6.14
https://www.futbolperuano.com/futbol-femenino/liga-evolucion-sub-15/,62,733,8.46%,5.91
https://www.futbolperuano.com/liga-1/noticias/miguel-rondelli-dt-de-melgar-tuvo-fuerte-pelea-con-periodista-599360,61,8235,0.74%,6.38
https://www.futbolperuano.com/en-vivo/copa-peru-2026-ada-cajabamba-cajamarca-vs-juan-pablo-ii-amazonas-en-vivo-600441,61,2965,2.06%,4.85
https://www.futbolperuano.com/liga-2/noticias/la-comision-disciplinaria-sanciona-drasticamente-a-fc-san-marcos-596867,61,2312,2.64%,6.72
https://www.futbolperuano.com/copa-peru/noticias/sport-river-vs-el-inca-de-chao-en-vivo-por-la-etapa-nacional-de-la-copa-peru-2026-602362,61,1886,3.23%,4.14
https://www.futbolperuano.com/copa-peru/noticias/cesa-ya-conoce-sus-rivales-en-la-etapa-nacional-de-la-copa-peru-2026-y-buscara-el-ascenso-tras-conquistar-junin-598553,61,1659,3.68%,3.32
https://www.futbolperuano.com/futbol-internacional/brasil/serie-b/tabla-de-posiciones,60,104624,0.06%,9.44
https://www.futbolperuano.com/en-vivo/liga-1-cusco-fc-vs-deportivo-moquegua-en-vivo-599033,60,66085,0.09%,7.1
https://www.futbolperuano.com/liga-1/noticias/juan-pablo-ii-vs-alianza-lima-en-vivo-online-por-fecha-8-del-torneo-clausura-de-liga-1-2026-599233,60,43961,0.14%,6.56
https://www.futbolperuano.com/liga-1/noticias/sport-boys-alista-un-gran-cambio-en-su-camiseta-para-el-centenario-600243,60,20514,0.29%,6.17
https://www.futbolperuano.com/en-vivo/deportivo-llacuabamba-vs-pirata-fc-en-vivo-por-la-liga-2-2026-600140,60,8990,0.67%,8.63
https://www.futbolperuano.com/liga-1/noticias/juan-drogba-carrillo-revelo-el-incentivo-de-alianza-lima-en-2008-para-salvar-descenso-602286,60,5855,1.02%,3.01
https://www.futbolperuano.com/futbol-internacional/mexico/tabla-de-posiciones,60,5361,1.12%,14
https://www.futbolperuano.com/liga-3/noticias/pacifico-fc-gano-el-reclamo-frente-a-social-pariacoto-y-lidera-la-liga-3-2026-599441,60,3908,1.54%,5.15
https://www.futbolperuano.com/partidos-por-tv/noticias/programacion-de-hoy-martes-8-de-septiembre-de-2026-horarios-del-futbol-en-vivo-por-television-en-el-peru-599457,60,3707,1.62%,4.71
https://www.futbolperuano.com/peru/mas-del-futbol-peruano/tradicion-copera-2026-suma-a-sport-ancash-historico-club-que-buscara-un-lugar-en-la-liga-3-601288,60,3026,1.98%,5.41
https://www.futbolperuano.com/peruanos-en-el-exterior/noticias/alberto-velasquez-fue-convocado-por-finlandia-sub-19-y-la-seleccion-peruana-esta-atento-a-su-futuro-600792,60,1367,4.39%,4.31
https://www.futbolperuano.com/en-vivo/copa-peru-2026-cachorro-vs-cruz-de-chalpon-en-vivo-602562,60,346,17.34%,2.51
https://www.futbolperuano.com/copa-sudamericana/noticias/cienciano-radios-que-relataran-partido-ante-montevideo-city-por-cuartos-de-copa-sudamericana-2026-599663,59,32769,0.18%,4.08
https://www.futbolperuano.com/liga-2/noticias/liga-2-union-comercio-recibe-una-terrible-noticia-en-el-ascenso-599786,59,5185,1.14%,7.22
https://www.futbolperuano.com/en-vivo/conmebol-liga-evolucion-sub-15-masculino-ecuador-vs-peru-en-vivo-600279,59,3300,1.79%,6
https://www.futbolperuano.com/en-vivo/amistoso-internacional-canada-vs-chile-en-vivo-602349,58,27622,0.21%,7.13
https://www.futbolperuano.com/liga-2/noticias/union-comercio-vs-san-martin-en-vivo-por-la-liga-2-599265,58,10765,0.54%,7.26
https://www.futbolperuano.com/partidos-por-tv/premier-league-de-inglaterra-t21,58,5732,1.01%,8.28
https://www.futbolperuano.com/liga-1/sport-huancayo-vs-sport-boys-5-septiembre-2026-liga-1-peru---torneo-clausura-m3243931,58,5693,1.02%,10.74
https://www.futbolperuano.com/liga-2/noticias/liga-2-como-se-jugaran-los-partidos-de-la-fecha-17-de-la-fase-regional-598324,58,3204,1.81%,7.57
https://www.futbolperuano.com/mas-deportes/noticias/universitario-anuncia-un-fichaje-de-jugador-estadounidense-para-su-equipo-de-basquet-601782,58,2326,2.49%,2.88
https://www.futbolperuano.com/liga-1/noticias/utc-explota-contra-la-fpf-tras-polemica-derrota-ante-juan-pablo-ii-600364,57,259174,0.02%,5.79
https://www.futbolperuano.com/futbol-internacional/belgica/tabla-de-posiciones,57,44254,0.13%,9.7
https://www.futbolperuano.com/eliminatorias/tabla-de-posiciones,57,15240,0.37%,11.54
https://www.futbolperuano.com/liga-1/noticias/deportivo-garcilaso-vs-universitario-precios-y-venta-de-entradas-para-el-duelo-que-puede-definir-la-lucha-por-el-clausura-600650,57,8482,0.67%,5.38
https://www.futbolperuano.com/liga-1/universitario-de-deportes-vs-comerciantes-unidos-5-septiembre-2026-liga-1-peru---torneo-clausura-m3243932,57,5677,1%,8.62
https://www.futbolperuano.com/liga-1/noticias/liga-1-comision-disciplinaria-sanciona-drasticamente-a-utc-602311,57,4724,1.21%,7.14
https://www.futbolperuano.com/liga-3/noticias/programacion-de-la-fecha-12-de-la-fase-regional-de-la-liga-3-2026-596641,57,1351,4.22%,5.39
https://www.futbolperuano.com/liga-1/noticias/kevin-quevedo-vuelve-a-ser-convocado-alianza-lima-vs-adt-por-la-liga-1-601158,56,12818,0.44%,4.16
https://www.futbolperuano.com/en-vivo/copa-peru-2026-liberty-school-vs-atletico-huracan-en-vivo-602321,56,8992,0.62%,1.95
https://www.futbolperuano.com/liga-voley/brasil-vs-peru-en-vivo-online-por-el-sudamericano-de-voleibol-femenino-2026-599669,56,5119,1.09%,5.4
https://www.futbolperuano.com/en-vivo/conmebol-liga-evolucion-sub-15-femenino-brasil-vs-peru-en-vivo-600421,56,4207,1.33%,5.54
https://www.futbolperuano.com/en-vivo/conmebol-liga-evolucion-sub-15-femenino-peru-vs-venezuela-en-vivo-600146,56,2496,2.24%,6.2
https://www.futbolperuano.com/futbol-femenino/liga-femenina/liga-femenina-2026-resultados-y-tablas-de-posiciones-de-la-fecha-8-del-torneo-clausura-598907,56,2073,2.7%,4.58
https://www.futbolperuano.com/futbol-internacional/mexico/el-nuevo-equipo-de-guillermo-viscarra-tras-haber-dejado-alianza-lima-595904,56,1903,2.94%,4.65
https://www.futbolperuano.com/seleccion/noticias/seleccion-peruana-principales-ausencias-en-convocatoria-de-manos-menezes-601072,56,1545,3.62%,4.7
https://www.futbolperuano.com/peru/mas-del-futbol-peruano/prometen-recuperar-historico-estadio-peruano-sede-liga-1-decada-de-los-90-601897,56,1481,3.78%,6.73
https://www.futbolperuano.com/seleccion/noticias/estados-unidos-vs-peru-en-vivo-por-amistoso-internacional-602002,55,15772,0.35%,8.32
https://www.futbolperuano.com/liga-1/noticias/puma-carranza-y-su-polemico-sentir-sobre-regresar-a-matute-para-el-clasico-600234,55,8199,0.67%,5.26
https://www.futbolperuano.com/partidos-por-tv/noticias/programacion-de-partidos-por-tv-del-miercoles-09-de-septiembre-del-2026-599640,55,5503,1%,3.37
https://www.futbolperuano.com/partidos-por-tv/disney-c53,55,3152,1.74%,6.73
https://www.futbolperuano.com/liga-voley/se-confirmo-la-sede-del-campeonato-sudamericano-de-voleibol-femenino-sub-19-602106,55,2893,1.9%,5.18
https://www.futbolperuano.com/copa-peru/noticias/el-estadio-que-abriria-sus-puertas-por-primera-vez-en-la-etapa-nacional-copa-peru-2026-601714,55,2451,2.24%,3.07
https://www.futbolperuano.com/liga-3/noticias/ecosem-pasco-vs-nuevo-san-cristobal-en-vivo-online-por-fecha-16-de-liga-3-2026-601370,55,1797,3.06%,4.36
https://www.futbolperuano.com/liga-3/noticias/fixture-de-juan-aurich-para-la-temporada-2026-de-la-liga-3-583887,55,585,9.4%,5.25
https://www.futbolperuano.com/en-vivo/uefa-nations-league-alemania-vs-grecia-en-vivo-602388,54,74688,0.07%,8.66
https://www.futbolperuano.com/liga-1/noticias/jesus-barco-revela-la-razon-por-la-que-decidio-rechazar-importante-oferta-de-alianza-lima-600354,54,51218,0.11%,3.13
https://www.futbolperuano.com/en-vivo/liga-2-sport-huancayo-vs-binacional-en-vivo-598939,54,15243,0.35%,9.61
https://www.futbolperuano.com/liga-3/noticias/carlos-stein-confirma-su-permanencia-en-la-liga-3-2026-600323,54,8050,0.67%,7.11
https://www.futbolperuano.com/peru/clubes/domingo-dianderas-ica/,54,4509,1.2%,6.54
https://www.futbolperuano.com/liga-1/noticias/se-revela-la-razon-por-la-que-jairo-concha-todavia-no-renueva-su-vinculo-con-universitario-602532,54,4360,1.24%,4.07
https://www.futbolperuano.com/liga-voley/alianza-lima-presentara-a-sus-tricampeonas-en-la-noche-blanquiazul-voley-2026-fechas-y-rivales-599735,54,4349,1.24%,4.21
https://www.futbolperuano.com/liga-1/noticias/liga-1-2026-resultados-y-tabla-de-posiciones-de-la-fecha-7-del-torneo-clausura-597877,54,1142,4.73%,5.63
https://www.futbolperuano.com/futbol-internacional/italia/tabla-de-posiciones,53,58159,0.09%,9.47
https://www.futbolperuano.com/liga-1/noticias/alianza-lima-vs-universitario-ya-tiene-arbitro-para-el-clasico-y-la-designacion-llega-tras-las-recientes-polemicas-de-la-liga-1-599578,53,7953,0.67%,4.8
https://www.futbolperuano.com/en-vivo/ayacucho-fc-vs-sport-huancayo-en-vivo-por-la-liga-2-2026-600133,53,5885,0.9%,8.19
https://www.futbolperuano.com/en-vivo/atletico-andahuaylas-vs-melgar-en-vivo-por-la-liga-femenina-2026-600097,53,4879,1.09%,5.25
https://www.futbolperuano.com/liga-1/noticias/lisandro-greppo-fue-ratificado-como-tecnico-de-deportivo-garcilaso-hasta-fin-de-la-temproada-2026-de-la-liga-1-595238,53,2113,2.51%,5.59
https://www.futbolperuano.com/liga-3/noticias/linfa-sanciona-a-carlos-stein-con-descenso-automatico-y-lo-deja-fuera-de-la-liga-3-durante-tres-temporadas-tras-el-caso-ante-juventud-santo-domingo-600199,53,1376,3.85%,4.01
https://www.futbolperuano.com/futbol-internacional/uefa-nations-league/turquia-vs-francia-en-vivo-por-la-uefa-nations-league-601978,52,54256,0.1%,7.6
https://www.futbolperuano.com/liga-1/noticias/andres-mendoza-arremetio-contra-federico-girotti-antes-del-clasico-y-cuestiono-duramente-el-rendimiento-del-delantero-de-alianza-lima-en-la-temporada-2026-599812,52,4998,1.04%,2.98
https://www.futbolperuano.com/en-vivo/amistoso-internacional-australia-vs-brasil-en-vivo-602160,51,26332,0.19%,7.45
https://www.futbolperuano.com/liga-3/noticias/liga-3-resultados-y-tabla-de-posiciones-de-la-fecha-13-de-la-fase-regional-597956,51,3613,1.41%,2.93
https://www.futbolperuano.com/mas-deportes/noticias/peru-es-clave-piero-guaylupo-rompe-record-historico-y-se-gana-su-contrato-con-la-ufc-602024,51,3159,1.61%,4.44
https://www.futbolperuano.com/liga-voley/fixture-de-alianza-lima-en-el-campeonato-mundial-de-clubes-femeninos-de-la-fivb-599572,51,2229,2.29%,4.52
https://www.futbolperuano.com/partidos-por-tv/noticias/programacion-de-partidos-por-tv-del-sabado-26-de-septiembre-602433,51,2018,2.53%,5.72
https://www.futbolperuano.com/futsal/resultados-y-tablas-de-posiciones-de-fecha-2-de-primera-etapa-de-futsal-pro-2026-600752,51,1691,3.02%,5
https://www.futbolperuano.com/en-vivo/copa-peru-2026-ada-de-cacjabamba-vs-el-combe-en-vivo-602564,51,925,5.51%,5.44
https://www.futbolperuano.com/copa-peru/noticias/atletico-torino-suma-siete-refuerzos-para-afrontar-la-etapa-nacional-de-la-copa-peru-2026-599730,51,865,5.9%,4.85
https://www.futbolperuano.com/copa-peru/noticias/resultados-de-cuartos-de-final-de-la-liga-departamental-de-lima-en-copa-peru-2026-594504,51,725,7.03%,1.93
https://www.futbolperuano.com/liga-1/noticias/tres-triunfos-seguidos-y-un-mensaje-de-michael-hoyos-que-ilusiona-a-sporting-cristal-601425,50,41179,0.12%,7.42
https://www.futbolperuano.com/liga-1/noticias/alianza-lima-vs-universitario-los-seis-jugadores-que-podrian-protagonizar-la-ley-del-ex-en-el-clasico-599840,50,14255,0.35%,4.66
https://www.futbolperuano.com/liga-1/noticias/como-le-fue-a-universitario-las-veces-que-micke-palomino-dirigio-sus-partidos-599757,50,7170,0.7%,5.43
https://www.futbolperuano.com/copa-peru/noticias/copa-peru-peru-san-german-disputara-la-segunda-division-599607,50,4048,1.24%,5.58
https://www.futbolperuano.com/liga-voley/lista-de-convocadas-a-la-copa-sudamericana-de-voley-2026-592757,50,2436,2.05%,7.64
https://www.futbolperuano.com/liga-1/noticias/duro-golpe-para-pedro-aquino-salio-de-alianza-lima-y-estara-fuera-del-futbol-varios-meses-600787,50,2107,2.37%,4.82
https://www.futbolperuano.com/liga-1/noticias/el-puma-carranza-no-llego-a-matute-para-el-clasico-entre-alianza-lima-y-universitario-600357,50,1363,3.67%,4.99
https://www.futbolperuano.com/liga-1/atletico-grau-vs-fbc-melgar-1-septiembre-2026-liga-1-peru---torneo-clausura-m3243922,49,27321,0.18%,6.31
https://www.futbolperuano.com/liga-1/noticias/sporting-cristal-vs-los-chankas-en-vivo-por-el-torneo-clausura-599119,49,24451,0.2%,6.86
https://www.futbolperuano.com/liga-1/noticias/alianza-atletico-vs-comerciantes-unidos-se-jugara-a-puertas-cerradas-por-la-fecha-10-del-torneo-clausura-600820,49,18460,0.27%,7.1
https://www.futbolperuano.com/futbol-internacional/inglaterra/carling-cup/tabla-de-posiciones,49,2916,1.68%,8.78
https://www.futbolperuano.com/copa-peru/noticias/alfonso-ugarte-de-vice-presenta-reclamo-contra-atletico-torino-por-presunta-inscripcion-irregular-de-cinco-refuerzos-en-la-copa-peru-2026-598576,49,1571,3.12%,6.76
https://www.futbolperuano.com/futbol-femenino/liga-femenina/carlos-mannucci-remonto-ante-yanapuma-y-clasifico-al-hexagonal-final-del-torneo-clausura-de-la-liga-femenina-2026-602522,49,654,7.49%,3.67
https://www.futbolperuano.com/liga-1/noticias/alianza-atletico-vs-utc-en-vivo-por-el-torneo-clausura-2026-598755,48,17477,0.27%,7.45
https://www.futbolperuano.com/liga-1/juan-pablo-ii-vs-alianza-lima-6-septiembre-2026-liga-1-peru---torneo-clausura-m3243930,48,7324,0.66%,7.49
https://www.futbolperuano.com/liga-1/noticias/lisandro-greppo-dt-de-deportivo-garcilaso-envia-fuerte-advertencia-a-universitario-600601,48,4595,1.04%,4.37
https://www.futbolperuano.com/liga-voley/regatas-lima-suma-dos-nuevos-refuerzos-para-liga-peruana-de-voley-2026-27-600760,48,1759,2.73%,5.25
https://www.futbolperuano.com/liga-voley/universidad-san-martin-confirmo-a-su-rival-para-la-gala-santa-600880,48,1580,3.04%,5.69
https://www.futbolperuano.com/liga-1/noticias/dalessandro-montenegro-reaparecio-en-alianza-lima-y-entrenara-en-cineguilla-602347,48,1577,3.04%,5.26
https://www.futbolperuano.com/peru/clubes/juventud-huracan-supe/,48,1346,3.57%,6.3
https://www.futbolperuano.com/peru/mas-del-futbol-peruano/tradicion-copera-suma-a-su-decimoprimer-equipo-y-el-historico-venus-de-huacho-se-une-a-la-lucha-por-la-liga-3-2027-600936,48,1237,3.88%,5.93
https://www.futbolperuano.com/liga-1/noticias/diego-rebagliati-revelo-que-podria-pasar-con-hector-cuper-en-universitario-de-deportes-602452,48,1150,4.17%,5.38
https://www.futbolperuano.com/peru/mas-del-futbol-peruano/academias-de-futbol-en-el-distrito-de-los-olivos-499303,48,916,5.24%,6.56
https://www.futbolperuano.com/copa-libertadores/noticias/resultados-de-los-cuartos-de-final-de-vuelta-de-la-copa-libertadores-2026-600737,47,72248,0.07%,6.53
https://www.futbolperuano.com/liga-1/noticias/universitario-vs-comerciantes-unidos-en-vivo-por-el-torneo-clausura-2026-599152,47,28910,0.16%,6.57
https://www.futbolperuano.com/liga-1/noticias/liga-1-comision-disciplinaria-sanciona-a-adt-de-tarma-599774,47,7893,0.6%,7.57
https://www.futbolperuano.com/futbol-femenino/liga-femenina/sporting-cristal-se-impone-a-club-unsaac-y-se-mantiene-en-la-victoria-en-liga-femenina-2026-599213,47,6981,0.67%,3.49
https://www.futbolperuano.com/seleccion/noticias/oslimg-mora-vuelve-a-la-seleccion-peruana-y-explico-como-su-nueva-posicion-fue-clave-para-su-convocatoria-601376,47,6912,0.68%,4.23
https://www.futbolperuano.com/liga-2/noticias/carlos-mannucci-se-queda-sin-mario-viera-el-tecnico-uruguayo-dejara-el-club-y-se-convertira-en-asistente-de-junior-de-barranquilla-598846,47,3179,1.48%,6.79
https://www.futbolperuano.com/liga-voley/calendario-oficial-de-universitario-de-deportes-en-la-temporada-2026-27-601745,47,3059,1.54%,5.52
https://www.futbolperuano.com/futbol-femenino/liga-femenina/liga-femenina-confirman-tres-descensos-y-cambia-el-panorama-a-dos-fechas-del-final-600980,47,2799,1.68%,6.62
https://www.futbolperuano.com/liga-3/noticias/centro-social-pariacoto-anuncia-fin-de-alianza-con-jose-galvez-en-liga-3-2026-599193,47,1679,2.8%,4.51
https://www.futbolperuano.com/en-vivo/liga-3-juan-aurich-vs-union-santo-domingo-en-vivo-591482,47,1442,3.26%,7
https://www.futbolperuano.com/futsal/sudamericano-sub-20/resultados,47,772,6.09%,7.15
https://www.futbolperuano.com/liga-1/fbc-melgar-vs-adt-tarma-6-septiembre-2026-liga-1-peru---torneo-clausura-m3243933,46,66798,0.07%,11.06
https://www.futbolperuano.com/liga-3/noticias/universitario-vs-amazon-callao-en-vivo-por-la-liga-3-600290,46,42732,0.11%,3.69
https://www.futbolperuano.com/en-vivo/amistoso-internacional-bolivia-vs-paraguay-en-vivo-602393,46,12044,0.38%,5.85
https://www.futbolperuano.com/partidos-por-tv/golperu-c4,46,3976,1.16%,12.03
https://www.futbolperuano.com/peruanos-en-el-exterior/noticias/felipe-chavez-se-enfrentara-al-bayern-munich-por-la-segunda-ronda-de-la-copa-de-alemania-599264,46,3786,1.22%,5.72
https://www.futbolperuano.com/partidos-por-tv/noticias/programacion-de-partidos-por-tv-del-viernes-04-de-septiembre-del-2026-598922,46,3740,1.23%,4.06
https://www.futbolperuano.com/liga-voley/peru-y-sus-convocadas-para-el-sudamericano-de-voleibol-femenino-sub-19-602335,46,3540,1.3%,4.73
https://www.futbolperuano.com/seleccion/noticias/diego-kochen-debuto-con-estados-unidos-ante-la-seleccion-peruana-en-amistoso-fifa-602523,46,2685,1.71%,3.69
https://www.futbolperuano.com/copa-peru/noticias/los-equipos-tradicionales-que-jugaran-la-etapa-nacional-de-la-copa-peru-2026-598403,46,2020,2.28%,5.58
https://www.futbolperuano.com/copa-peru/noticias/bella-esperanza-vs-arsenal-lawn-tennis-en-vivo-por-la-final-de-la-liga-departamental-de-lima--copa-peru-598162,46,1728,2.66%,5.2
https://www.futbolperuano.com/seleccion/noticias/mano-menezes-presento-la-lista-de-convocados-de-peru-para-sus-proximos-amistosos-600997,46,1455,3.16%,4.16
https://www.futbolperuano.com/copa-peru/noticias/copa-peru-se-reafirmo-la-participacion-de-deportivo-caysa-en-la-etapa-nacional-598975,46,1376,3.34%,3.87
https://www.futbolperuano.com/copa-peru/noticias/copa-peru-2026-bella-esperanza-anuncio-cuatro-refuerzos-para-buscar-el-ascenso-en-la-etapa-nacional-598789,46,1294,3.55%,4.1
https://www.futbolperuano.com/copa-peru/noticias/los-20-nombres-mas-curiosos-de-la-copa-peru-2026-598567,46,1027,4.48%,3.24
https://www.futbolperuano.com/liga-3/noticias/cuantos-equipos-de-la-liga-3-ascenderan-a-la-liga-2-507291,46,595,7.73%,3.83
https://www.futbolperuano.com/liga-1/noticias/alianza-lima-vs-universitario-los-clasicos-mas-recordados-en-matute-600335,45,23789,0.19%,4.91
https://www.futbolperuano.com/liga-1/noticias/los-10-jugadores-mas-valiosos-de-la-liga-1-en-2026-segun-transfermarkt-598877,45,20445,0.22%,6.17
https://www.futbolperuano.com/en-vivo/liga-1-alianza-atletico-vs-utc-en-vivo-598938,45,18520,0.24%,8.26
https://www.futbolperuano.com/partidos-por-tv/noticias/programacion-de-hoy-lunes-7-de-septiembre-de-2026-horarios-del-futbol-en-vivo-por-television-en-el-peru-599326,45,6740,0.67%,5.07
https://www.futbolperuano.com/liga-1/noticias/alianza-lima-ya-tendria-rival-para-su-segundo-amistoso-en-la-fecha-fifa-y-seria-emelec-601891,45,3574,1.26%,5.67
https://www.futbolperuano.com/liga-1/noticias/hector-cuper-y-su-postura-tras-las-polemicas-declaraciones-de-bryan-reyna-que-sacudieron-a-universitario-de-deportes-601833,45,1868,2.41%,3.86
https://www.futbolperuano.com/liga-voley/copa-federacion/tabla-de-posiciones,45,1148,3.92%,7.2
https://www.futbolperuano.com/liga-1/noticias/hector-cuper-vuelve-a-matute-para-enfrentar-a-alianza-lima-30-anos-despues-de-dirigir-a-lanus-en-la-goleada-del-cuadro-argentino-por-el-aniversario-intimo-600301,44,12399,0.35%,4.49
https://www.futbolperuano.com/liga-1/noticias/conar-rompe-su-silencio-comision-de-arbitros-condeno-la-agresion-contra-jesus-cartagena-durante-el-partido-entre-utc-y-juan-pablo-ii-en-cajamarca-600317,44,9346,0.47%,4.49
https://www.futbolperuano.com/liga-1/noticias/cuando-se-jugara-el-partido-entre-deportivo-moquegua-y-sporting-cristal-600286,44,6981,0.63%,5.47
https://www.futbolperuano.com/liga-voley/sudamericano-clubes-femenino/resultados,44,4851,0.91%,9
https://www.futbolperuano.com/eliminatorias/africa/tabla-de-posiciones,44,2665,1.65%,8.89
https://www.futbolperuano.com/liga-1/noticias/los-chankas-emiten-contundente-comunicado-sobre-uno-de-sus-jugadores-599655,44,2573,1.71%,5.8
https://www.futbolperuano.com/en-vivo/copa-peru-2026-tiro-28-vs-academia-pepe-en-vivo-602470,44,1699,2.59%,5.68
https://www.futbolperuano.com/liga-voley/san-martin-se-refuerza-con-excampeona-de-alianza-lima-para-liga-peruana-de-voley-2026-27-599677,44,1627,2.7%,4.42
https://www.futbolperuano.com/en-vivo/fc-killas-vs-defensores-del-ilucan-en-vivo-por-la-liga-femenina-2026-600099,44,1515,2.9%,6.9
https://www.futbolperuano.com/liga-1/noticias/flaco-granda-disparo-contra-roberto-mosquera-tras-el-duro-momento-de-sporting-cristal-598473,44,1301,3.38%,5.12
https://www.futbolperuano.com/copa-peru/noticias/copa-peru-2026-los-estadios-elegidos-para-albergar-los-partidos-de-la-etapa-nacional-598451,44,1291,3.41%,4.19
https://www.futbolperuano.com/copa-peru/noticias/copa-peru-vinicunca-fc-campeon-de-cusco-anuncia-seis-refuerzos-para-disputar-la-etapa-nacional-597600,44,1145,3.84%,4.72
https://www.futbolperuano.com/peru/clubes/asa-fc-chancay/,44,952,4.62%,5.64
https://www.futbolperuano.com/copa-peru/noticias/el-equipo-de-jose-soto-consiguio-un-historico-triplete-en-la-copa-peru-598550,44,736,5.98%,4.3
https://www.futbolperuano.com/liga-3/noticias/la-liga-3-y-el-aumento-de-descenso-que-tendra-en-el-2026-581654,44,621,7.09%,4.41
https://www.futbolperuano.com/en-vivo/champions-league-202627-real-madrid-vs-inter-en-vivo-599462,43,23788,0.18%,4.16
https://www.futbolperuano.com/futbol-internacional/colombia/tabla-de-posiciones,43,21736,0.2%,10.27
https://www.futbolperuano.com/partidos-por-tv/liga-nacional-superior-de-voleibol-del-peru-t295,43,6417,0.67%,8.24
https://www.futbolperuano.com/copa-sudamericana/noticias/santiago-arias-se-retracto-de-sus-declaraciones-tras-la-eliminacion-de-cienciano-de-copa-sudamericana-601430,43,4100,1.05%,6.34
https://www.futbolperuano.com/liga-voley/,43,3200,1.34%,9.35
https://www.futbolperuano.com/en-vivo/liga-2-de-peru-carlos-mannucci-vs-san-martin-en-vivo-577350,43,1621,2.65%,5.09
https://www.futbolperuano.com/en-vivo/copa-peru-2026-viargoca-arequipa-vs-vendaval-azul-tacna-en-vivo-600431,43,1315,3.27%,3.79
https://www.futbolperuano.com/en-vivo/conmebol-liga-evolucion-sub-15-masculino-peru-vs-bolivia-en-vivo-601439,43,1173,3.67%,6.9
https://www.futbolperuano.com/peruanos-en-el-exterior/noticias/matteo-perez-vinlof-fue-convocado-por-suecia-y-situacion-con-seleccion-peruana-cambia-600834,43,832,5.17%,4.95
https://www.futbolperuano.com/liga-1/noticias/por-que-es-importante-la-tabla-acumulada-de-la-liga-1-323218,43,718,5.99%,2.88
https://www.futbolperuano.com/futbol-internacional/inglaterra/the-championship/tabla-de-posiciones,42,127862,0.03%,10.09
https://www.futbolperuano.com/futbol-internacional/argentina/tabla-de-posiciones,42,33107,0.13%,9.6
https://www.futbolperuano.com/liga-1/noticias/carlos-garces-sigue-haciendo-historia-en-cienciano-599262,42,28142,0.15%,5.52
https://www.futbolperuano.com/liga-3/noticias/resultados-de-la-fecha-6-de-la-liga-3-y-tabla-de-posiciones-520301,42,8216,0.51%,1.02
https://www.futbolperuano.com/en-vivo/copa-peru-2026-municipal-atalaya-vs-atletico-nacional-de-iquitos-601504,42,4730,0.89%,4.47
https://www.futbolperuano.com/en-vivo/conmebol-liga-evolucion-sub-15-masculino-venezuela-vs-peru-en-vivo-599522,42,2389,1.76%,5.31
https://www.futbolperuano.com/futsal/futsal-pro-2026-resultados-y-tablas-de-posiciones-de-la-fecha-3-de-la-fase-regular-601829,42,2316,1.81%,4.83
https://www.futbolperuano.com/seleccion/noticias/atencion-peru-mexico-ya-tiene-a-sus-elegidos-para-enfrentar-a-la-bicolor-601397,42,1907,2.2%,4.44
https://www.futbolperuano.com/liga-1/noticias/l1-max-gratis-en-movistar-como-ver-todos-los-partidos-de-la-liga-1-2026-561539,42,1699,2.47%,12.85
https://www.futbolperuano.com/liga-voley/copa-panamericana-femenina/tabla-de-posiciones,42,991,4.24%,7.23
https://www.futbolperuano.com/liga-3/noticias/fixture-de-union-huaral-para-la-temporada-2026-de-la-liga-3-583891,42,295,14.24%,4.83
https://www.futbolperuano.com/liga-1/noticias/gianluca-lapadula-calienta-la-previa-del-clasico-con-picante-dardo-a-alianza-lima-599330,41,33550,0.12%,4.49
https://www.futbolperuano.com/copa-sudamericana/noticias/kevin-becerra-revela-la-clave-de-cienciano-para-buscar-la-clasificacion-ante-montevideo-city-por-la-copa-sudamericana-600895,41,29767,0.14%,4.87
https://www.futbolperuano.com/liga-1/noticias/el-plan-de-pablo-guede-en-alianza-lima-para-aprovechar-el-receso-de-20-dias-y-llegar-con-mas-fuerza-al-tramo-decisivo-del-clausura-601488,41,9503,0.43%,6.08
https://www.futbolperuano.com/peru/clubes/alianza-universidad-huanuco/,41,8236,0.5%,7.1
https://www.futbolperuano.com/seleccion/noticias/seleccion-peruana-historial-de-enfrentamientos-ante-mexico-602589,41,7028,0.58%,6.6
https://www.futbolperuano.com/en-vivo/liga-evolucion-sub-15-femenina-ecuador-vs-peru-en-vivo-601035,41,1236,3.32%,5.89
https://www.futbolperuano.com/peru/clubes/cd-anda-juliaca/,41,1091,3.76%,6.21
https://www.futbolperuano.com/liga-1/noticias/liga-1-hinchas-de-sporting-cristal-agreden-a-julio-cesar-uribe-598916,41,758,5.41%,4.34
https://www.futbolperuano.com/liga-1/noticias/utc-se-queda-sin-entrenador-tras-confirmar-la-salida-de-cristian-paulucci-598464,41,569,7.21%,5.17
https://www.futbolperuano.com/liga-1/utc-cajamarca-vs-juan-pablo-ii-11-septiembre-2026-liga-1-peru---torneo-clausura-m3243944,40,53135,0.08%,10.73
https://www.futbolperuano.com/copa-sudamericana/noticias/con-cienciano-resultados-de-cuartos-de-final-de-copa-sudamericana-2026-599412,40,14171,0.28%,5.4
https://www.futbolperuano.com/futbol-internacional/uefa-nations-league/italia-vs-belgica-en-vivo-online-por-fecha-1-de-uefa-nations-league-2026-27-602231,40,12371,0.32%,7.76
https://www.futbolperuano.com/seleccion/noticias/seleccion-peruana-historial-de-enfrentamientos-ante-estados-unidos-601940,40,9430,0.42%,6.06
https://www.futbolperuano.com/en-vivo/copa-peru-2026-domingo-dianderas-vs-bad-boys-en-vivo-597046,40,7254,0.55%,8.07
https://www.futbolperuano.com/futbol-femenino/liga-femenina/universitario-ficha-a-seleccionada-chilena-para-la-copa-libertadores-femenina-2026-599682,40,5113,0.78%,4.78
https://www.futbolperuano.com/liga-1/noticias/juan-carlos-bazalar-regresa-a-los-chankas-tras-la-salida-de-walter-paolella-para-intentar-recuperar-al-equipo-en-la-liga-1-600632,40,3736,1.07%,6.11
https://www.futbolperuano.com/liga-2/noticias/liga-2-sport-huancayo-recibe-tres-inesperadas-sanciones-599818,40,3501,1.14%,5.92
https://www.futbolperuano.com/liga-1/noticias/alianza-lima-revelo-la-camiseta-blanquimorada-que-lucira-en-octubre-de-2026-599914,40,3410,1.17%,4.45
https://www.futbolperuano.com/liga-voley/alianza-lima-cenaida-uribe-desmiente-a-gino-vegas-600821,40,2375,1.68%,3.03
https://www.futbolperuano.com/peruanos-en-el-exterior/noticias/brasileirao-tomo-decision-que-puso-en-peligro-el-futuro-de-andre-carrillo-y-erick-noriega-601664,40,2298,1.74%,6.41
https://www.futbolperuano.com/liga-1/noticias/bryan-reyna-recibio-consejo-de-cesar-cueto-tras-expresar-su-molestia-en-universitario-de-deportes-602513,40,1939,2.06%,5.4
https://www.futbolperuano.com/seleccion/noticias/diego-kochen-le-cierra-la-puerta-a-la-seleccion-peruana-602019,40,1474,2.71%,6.23
https://www.futbolperuano.com/peru/mas-del-futbol-peruano/un-historico-equipo-de-lima-se-suma-a-tradicion-copera-2026-601015,40,1226,3.26%,5.09
https://www.futbolperuano.com/futbol-de-menores/copa-federacion/plata-a-liguilla/resultados,40,150,26.67%,3.99
https://www.futbolperuano.com/peru/clubes/fbc-melgar/,39,37677,0.1%,8.53
https://www.futbolperuano.com/liga-1/noticias/deportivo-garcilaso-el-plan-de-lisandro-greppo-para-aprovechar-el-receso-y-seguir-en-lo-mas-alto-del-torneo-clausura-601757,39,8811,0.44%,4.62
https://www.futbolperuano.com/copa-peru/noticias/estadio-monumental-de-la-una-recibe-luz-verde-y-ya-podra-albergar-partidos-de-la-etapa-nacional-de-la-copa-peru-2026-antes-de-recibir-a-la-seleccion-peruana-599850,39,2625,1.49%,5.07
https://www.futbolperuano.com/partidos-por-tv/mls-de-estados-unidos-t27,39,1933,2.02%,8.25
https://www.futbolperuano.com/liga-voley/alianza-lima-presento-a-su-refuerzo-olimpico-para-la-temporada-2026-27-601089,39,1765,2.21%,3.16
https://www.futbolperuano.com/futbol-femenino/la-seleccion-peruana-femenina-disputara-dos-amistosos-ante-filipinas-en-videna-598859,39,1633,2.39%,5.16
https://www.futbolperuano.com/peru/clubes/defensor-patibamba-ayacucho/,39,1356,2.88%,5.59
https://www.futbolperuano.com/copa-peru/noticias/copa-peru-2026-arsenal-lawn-tennis-ya-conoce-su-fixture-para-la-etapa-nacional-598538,39,1085,3.59%,4.91
https://www.futbolperuano.com/radio/,39,1005,3.88%,7.17
https://www.futbolperuano.com/futbol-femenino/liga-femenina/los-canales-que-transmitiran-en-vivo-la-liga-femenina-2026-567620,39,494,7.89%,3.32
https://www.futbolperuano.com/liga-1/noticias/trujillo-vuelve-a-tener-futbol-en-la-liga-1-del-2025-502953,39,298,13.09%,5.95
https://www.futbolperuano.com/futbol-internacional/arabia-saudita/tabla-de-posiciones,38,170636,0.02%,9.82
https://www.futbolperuano.com/liga-1/noticias/universitario-busca-hacer-historia-ante-alianza-lima-y-romper-un-record-historico-en-matute-599819,38,4588,0.83%,6.67
https://www.futbolperuano.com/liga-1/noticias/javier-rabanal-arremetio-contra-horacio-melgarejo-y-defendio-su-carrera-la-verdad-del-futbol-esta-en-transfermarkt-598758,38,3785,1%,6.77
https://www.futbolperuano.com/partidos-por-tv/noticias/programacion-de-partidos-por-tv-del-jueves-17-de-septiembre-600948,38,2198,1.73%,5.21
https://www.futbolperuano.com/liga-1/noticias/los-chankas-ya-cuentan-con-nueva-tribuna-sur-conoce-las-novedades-que-tendra-el-renovado-estadio-los-chankas-602136,38,1514,2.51%,5.82
https://www.futbolperuano.com/liga-2/noticias/bentin-tacna-sufre-resta-de-puntos-ante-reclamo-de-ayacucho-fc-y-perdio-cima-en-liga-2-2026-597862,38,853,4.45%,6.6
https://www.futbolperuano.com/en-vivo/sport-huancayo-vs-utc-en-vivo-por-la-liga-1-601193,37,75773,0.05%,9.19
https://www.futbolperuano.com/liga-1/comerciantes-unidos-vs-sport-huancayo-12-septiembre-2026-liga-1-peru---torneo-clausura-m3243938,37,36025,0.1%,9.9
https://www.futbolperuano.com/peruanos-en-el-exterior/noticias/ldu-de-quito-de-jesus-pretell-clasifico-al-grupo-de-campeonato-de-la-liga-pro-600406,37,27588,0.13%,6.34
https://www.futbolperuano.com/liga-1/noticias/alianza-lima-vs-universitario-el-jugador-que-mas-clasicos-disputo-600340,37,20092,0.18%,4.06
https://www.futbolperuano.com/liga-1/sporting-cristal-vs-atletico-grau-19-septiembre-2026-liga-1-peru---torneo-clausura-m3243952,37,16087,0.23%,9.79
https://www.futbolperuano.com/liga-1/noticias/los-chankas-walter-paolella-deja-el-cargo-de-dt-600320,37,6620,0.56%,5
https://www.futbolperuano.com/seleccion/noticias/seleccion-peruana-quien-es-matias-cordova-el-nuevo-arquero-que-cito-mano-menezes-585679,37,5315,0.7%,7.21
https://www.futbolperuano.com/liga-1/noticias/mr-peet-fulmina-a-sporting-cristal-y-cuestiona-a-sus-referentes-598741,37,2149,1.72%,4.56
https://www.futbolperuano.com/liga-1/noticias/gabriel-sapio-representante-de-paolo-guerrero-respondio-por-su-vinculo-con-alianza-lima-598729,37,2086,1.77%,4.27
https://www.futbolperuano.com/peru/mas-del-futbol-peruano/academias-de-futbol-en-san-juan-de-lurigancho-498154,37,1019,3.63%,6.51
https://www.futbolperuano.com/liga-1/noticias/sport-boys-arremete-contra-el-arbitraje-tras-caer-ante-sport-huancayo-y-exige-los-audios-del-var-de-las-acciones-mas-polemicas-del-partido-599267,36,50895,0.07%,6.51
https://www.futbolperuano.com/futbol-internacional/escocia/tabla-de-posiciones,36,21051,0.17%,10.51
https://www.futbolperuano.com/mas-deportes/noticias/jb-por-que-sentenciaron-a-comico-yuca-a-tres-anos-de-carcel-403200,36,14384,0.25%,1.25
https://www.futbolperuano.com/copa-libertadores/noticias/palmeiras-vs-ldu-de-quito-en-vivo-online-con-jesus-pretell-por-cuartos-de-final-de-copa-libertadores-2026-599688,36,12061,0.3%,5.98
https://www.futbolperuano.com/futbol-femenino/liga-femenina/melgar-se-impuso-2-1-carlos-mannucci-por-fecha-10-torneo-clausura-liga-femenina-2026-601247,36,11988,0.3%,5.3
https://www.futbolperuano.com/copa-sudamericana/noticias/cienciano-quien-sera-su-rival-en-los-cuartos-de-final-de-la-copa-sudamericana-2026-597005,36,8147,0.44%,9.19
https://www.futbolperuano.com/peruanos-en-el-exterior/noticias/bassco-soyer-volvio-a-ser-titular-con-gil-vicente-vs-maritimo-en-liga-next-gen-u23-599713,36,6431,0.56%,8.2
https://www.futbolperuano.com/liga-1/noticias/kevin-quevedo-podria-ser-la-novedad-de-alianza-lima-para-el-clasico-ante-universitario-600086,36,6407,0.56%,4.53
https://www.futbolperuano.com/liga-1/noticias/los-10-estadios-mas-grandes-del-futbol-peruano-333771,36,4795,0.75%,6.2
https://www.futbolperuano.com/peruanos-en-el-exterior/noticias/joao-grimaldo-volvio-al-banco-en-el-triunfo-del-sparta-praga-en-la-europa-league-600924,36,3297,1.09%,5.4
https://www.futbolperuano.com/liga-3/noticias/resultados-y-tabla-de-posiciones-de-la-fecha-17-de-la-fase-regional-de-la-liga-3-2025-528434,36,3088,1.17%,1.03
https://www.futbolperuano.com/copa-peru/noticias/fabrizio-roca-continuara-su-carrera-futbolistica-en-la-copa-peru-599295,36,1971,1.83%,4.37
https://www.futbolperuano.com/en-vivo/liga-3-deportivo-ucrania-vs-ecosem-pasco-en-vivo-602397,36,1941,1.85%,5.8
https://www.futbolperuano.com/liga-voley/atletico-atenea-presento-plantel-oficial-para-liga-peruana-de-voley-2026-27-602596,36,1922,1.87%,3.67
https://www.futbolperuano.com/en-vivo/conmebol-liga-evolucion-sub-15-femenino-brasil-vs-colombia-en-vivo-600137,36,1563,2.3%,5.23
https://www.futbolperuano.com/futbol-de-menores/copa-federacion/alianza-lima-sporting-cristal-y-universitario-luchan-por-el-titulo-de-la-copa-federacion-oro-596460,36,1212,2.97%,5.43
https://www.futbolperuano.com/copa-peru/noticias/sport-machete-ya-conoce-sus-rivales-en-la-etapa-nacional-de-la-copa-peru-2026-y-buscara-el-ascenso-tras-conquistar-huancavelica-598545,36,1150,3.13%,4.5
https://www.futbolperuano.com/tradicion-copera/defensor-lima-y-su-estrategia-para-armarse-para-tradicion-copera-601960,36,1071,3.36%,8.62
https://www.futbolperuano.com/peru/mas-del-futbol-peruano/academias-de-futbol-en-surco-499115,36,989,3.64%,6.68
https://www.futbolperuano.com/copa-peru/noticias/equipo-liga-departamental-puno-clasifico-en-mesa-a-etapa-nacional-copa-peru-2026-596457,36,628,5.73%,4.11
https://www.futbolperuano.com/copa-peru/noticias/domingo-dianderas-continua-reforzando-para-la-etapa-nacional-de-la-copa-peru-y-anuncio-a-marlon-ayovi-597693,36,532,6.77%,5.73
https://www.futbolperuano.com/futbol-de-menores/copa-desarrollo-oro/acumulado/tabla-de-posiciones,36,377,9.55%,5.32
https://www.futbolperuano.com/futbol-internacional/brann-vs-bod-glimt-20-septiembre-2026-eliteserien-de-noruega-m3230088,35,27231,0.13%,8.43
https://www.futbolperuano.com/liga-1/noticias/sporting-cristal-vs-atletico-grau-en-vivo-online-por-la-fecha-10-del-torneo-clausura-de-la-liga-1-2026-601315,35,23374,0.15%,6.69
https://www.futbolperuano.com/liga-1/noticias/alianza-lima-y-la-ulima-vez-que-vencio-a-universitario-de-deportes-en-matute-600013,35,15966,0.22%,6.24
https://www.futbolperuano.com/futbol-femenino/liga-femenina/sporting-cristal-vence-a-carlos-mannucci-y-se-mantiene-por-senda-del-triunfo-en-liga-femenina-2026-600434,35,11150,0.31%,3.83
https://www.futbolperuano.com/en-vivo/copa-pacena-2026-the-strongest-vs-bolivar-en-vivo-601516,35,8176,0.43%,5.63
https://www.futbolperuano.com/liga-1/noticias/pablo-guede-respalda-a-alejandro-duarte-tras-su-error-en-el-clasico-y-destaca-su-reaccion-ante-adt-601367,35,4184,0.84%,4.99
https://www.futbolperuano.com/liga-1/noticias/horacio-melgarejo-arremete-contra-javier-rabanal-tras-el-cienciano-vs-cusco-fc-598472,35,4168,0.84%,4.96
https://www.futbolperuano.com/en-vivo/conmebol-sub-20-futsal-femenina-argentina-vs-peru-en-vivo-600800,35,3578,0.98%,4.94
https://www.futbolperuano.com/liga-voley/resultados-y-tabla-de-posiciones-de-la-copa-sudamericana-de-voleibol-masculino-594648,35,3015,1.16%,8.87
https://www.futbolperuano.com/liga-voley/liga-peruana-de-voley-2026-27-tendra-nuevo-sistema-de-descenso-y-contara-con-video-challenge-desde-la-primera-jornada-anuncio-gino-vegas-600429,35,2547,1.37%,5.18
https://www.futbolperuano.com/liga-voley/mundial-sub-17-femenino/resultados,35,2387,1.47%,8.51
https://www.futbolperuano.com/liga-1/noticias/arquero-ignacio-barrios-hablo-sobre-su-debut-como-delantero-en-utc-601825,35,2374,1.47%,4.33
https://www.futbolperuano.com/en-vivo/conmebol-sub-20-futsal-femenina-peru-vs-uruguay-en-vivo-600280,35,1720,2.03%,5.47
https://www.futbolperuano.com/liga-voley/seleccion-peruana-pierde-jugadora-clave-para-campeonato-sudamericano-de-voley-2026-598440,35,1470,2.38%,5.37
https://www.futbolperuano.com/copa-peru/noticias/domingo-dianderas-suma-dos-refuerzos-para-la-etapa-nacional-597113,35,1146,3.05%,5.08
https://www.futbolperuano.com/peru/mas-del-futbol-peruano/arequipa-tendra-presencia-en-el-campeonato-nacional-tradicion-copera-2026-601001,35,877,3.99%,4.86
https://www.futbolperuano.com/copa-de-la-liga/noticias/asi-quedo-conformado-el-fixture-oficial-de-la-copa-de-la-liga-2026-583565,35,446,7.85%,6.05
https://www.futbolperuano.com/futbol-femenino/horarios-de-universitario-en-la-fase-de-grupos-de-copa-libertadores-femenina-2026-601353,34,15876,0.21%,4.23
https://www.futbolperuano.com/en-vivo/torneo-apertura-2026-sporting-cristal-vs-adt-en-vivo-584652,34,4024,0.84%,7.95
https://www.futbolperuano.com/liga-voley/campeonato-sudamericano-de-voleibol-femenino-eduardo-guillaume-destaca-el-crecimiento-de-chile-y-advierte-a-peru-599608,34,2980,1.14%,5.55
https://www.futbolperuano.com/liga-1/noticias/cienciano-horacio-melgarejo-en-la-mira-de-dos-equipos-brasilenos-598534,34,2971,1.14%,4.66
https://www.futbolperuano.com/peru/mas-del-futbol-peruano/alexander-sanchez-sale-del-retiro-para-disputar-tradicion-copera-2026-599296,34,2705,1.26%,4.69
https://www.futbolperuano.com/en-vivo/copa-peru-2026-viargoca-fc-vs-virgen-de-las-nieves-en-vivo-602315,34,2496,1.36%,3.37
https://www.futbolperuano.com/seleccion/noticias/renato-tapia-no-estara-en-la-convocatoria-de-peru-600909,34,2448,1.39%,4.87
https://www.futbolperuano.com/en-vivo/copa-peru-2026-deportivo-vinicunca-vs-deportivo-huayruro-en-vivo-597325,34,1390,2.45%,5.51
https://www.futbolperuano.com/copa-peru/noticias/la-copa-peru-se-jugara-en-el-estadio-municipal-de-oxapampa-600814,34,1219,2.79%,3.96
https://www.futbolperuano.com/peru/clubes/ad-tahuishco-moyobamba/,34,866,3.93%,5.37
https://www.futbolperuano.com/liga-1/noticias/hernan-barcos-la-entrega-para-nosotros-no-se-negocia-319923,33,49483,0.07%,1.25
https://www.futbolperuano.com/en-vivo/melgar-vs-carlos-mannucci-en-vivo-por-la-liga-femenina-2026-601101,33,19689,0.17%,5.53
https://www.futbolperuano.com/copa-sudamericana/noticias/rodrigo-morales-termino-en-el-piso-previa-del-cienciano-vs-montevideo-city-torque-599961,33,6212,0.53%,4.71
https://www.futbolperuano.com/en-vivo/liga-femenina-defensores-del-ilucan-vs-flamengo-fbc-en-vivo-599084,33,5790,0.57%,5.97
https://www.futbolperuano.com/liga-voley/aixa-vigil-deja-un-contundente-mensaje-tras-la-participacion-de-peru-en-el-sudamericano-600870,33,2589,1.27%,3.44
https://www.futbolperuano.com/partidos-por-tv/fpf-c25,33,2445,1.35%,8.69
https://www.futbolperuano.com/copa-peru/noticias/el-combe-fc-vs-sport-river-en-vivo-por-la-etapa-nacional-de-la-copa-peru-2026-601329,33,2421,1.36%,3.46
https://www.futbolperuano.com/peruanos-en-el-exterior/noticias/conoce-a-los-futbolistas-peruanos-que-disputaran-la-europa-league-y-conference-league-202627-598661,33,2037,1.62%,6.12
https://www.futbolperuano.com/partidos-por-tv/noticias/programacion-de-hoy-lunes-14-de-septiembre-de-2026-horarios-del-futbol-en-vivo-por-television-en-el-peru-600440,33,1776,1.86%,5.26
https://www.futbolperuano.com/futbol-internacional/alemania/dfb-pokal/tabla-de-posiciones,33,904,3.65%,14.68
https://www.futbolperuano.com/liga-1/noticias/sport-huancayo-vs-utc-en-vivo-por-el-torneo-clausura-601278,32,16747,0.19%,7.89
https://www.futbolperuano.com/en-vivo/flamengo-fbc-vs-unsaac-en-vivo-por-la-liga-femenina-2026-601237,32,10874,0.29%,8.95
https://www.futbolperuano.com/liga-1/noticias/seis-jugadores-no-podran-estar-en-la-fecha-8-del-torneo-clausura-2026-598870,32,5543,0.58%,6.6
https://www.futbolperuano.com/liga-1/noticias/paolo-guerrero-avanza-en-su-recuperacion-y-ya-tendria-fecha-de-regreso-en-liga-1-602332,32,4469,0.72%,5.57
https://www.futbolperuano.com/liga-1/deportivo-moquegua-vs-sporting-cristal-13-septiembre-2026-liga-1-peru---torneo-clausura-m3243943,32,4148,0.77%,9.11
https://www.futbolperuano.com/liga-2/noticias/liga-2-2026-como-se-jugaran-los-partidos-de-la-fecha-16-de-la-fase-regional-597471,32,2769,1.16%,9.3
https://www.futbolperuano.com/peruanos-en-el-exterior/noticias/felipe-chavez-permanecio-en-el-banco-de-suplentes-en-la-victoria-de-fc-magdeburgo-en-la-2-bundesliga-598329,32,2590,1.24%,5.94
https://www.futbolperuano.com/liga-voley/las-convocadas-de-la-seleccion-peruana-para-el-campeonato-sudamericano-de-voley-2026-598633,32,2182,1.47%,6.62
https://www.futbolperuano.com/en-vivo/copa-sudamericana-de-voleibol-masculino-2026-peru-vs-argentina-en-vivo-595058,32,2076,1.54%,8.26
https://www.futbolperuano.com/copa-peru/noticias/union-minas-pamputa-vs-miguel-grau-en-vivo-online-por-fecha-3-de-etapa-nacional-de-copa-peru-2026-602458,32,2073,1.54%,3.91
https://www.futbolperuano.com/seleccion/noticias/mr-peet-cuestiona-a-tres-futbolistas-de-peru-tras-dura-goleada-ante-estados-unidos-602624,32,1286,2.49%,2.83
https://www.futbolperuano.com/futbol-playa/liga-sudamericana/tabla-de-posiciones,32,967,3.31%,7.69
https://www.futbolperuano.com/en-vivo/copa-peru-2026-deportivo-pacifico-vs-ud-chulucanas-en-vivo-602483,32,374,8.56%,5.16
https://www.futbolperuano.com/liga-1/juan-pablo-ii-vs-deportivo-moquegua-20-septiembre-2026-liga-1-peru---torneo-clausura-m3243949,31,37525,0.08%,11.01
https://www.futbolperuano.com/liga-1/adt-tarma-vs-cienciano-23-septiembre-2026-liga-1-peru---torneo-clausura-m3243937,31,35482,0.09%,8.65
https://www.futbolperuano.com/partidos-por-tv/amistosos-de-clubes-t11,31,14545,0.21%,9.34
https://www.futbolperuano.com/en-vivo/carlos-mannucci-vs-sporting-cristal-en-vivo-por-la-liga-femenina-2026-600154,31,9273,0.33%,5.52
https://www.futbolperuano.com/liga-1/noticias/ronaldo-nazario-quiere-conocer-a-ignacio-buse-y-sorprendio-con-inesperada-confesion-599893,31,6586,0.47%,6.94
https://www.futbolperuano.com/partidos-por-tv/noticias/programacion-de-hoy-martes-1-de-septiembre-de-2026-horarios-del-futbol-en-vivo-por-television-en-el-peru-598434,31,4579,0.68%,4.72
https://www.futbolperuano.com/peru/clubes/universidad-cesar-vallejo/,31,4179,0.74%,8.46
https://www.futbolperuano.com/liga-1/noticias/mister-peet-arremete-contra-sus-criticos-y-asegura-que-ningun-narrador-peruano-puede-comparar-su-carrera-con-la-suya-600696,31,3380,0.92%,5.49
https://www.futbolperuano.com/liga-voley/fichajes-en-la-liga-peruana-de-voley-2026-2027-altas-bajas-y-renovaciones-583061,31,1726,1.8%,7.66
https://www.futbolperuano.com/copa-sudamericana/noticias/se-pierde-el-resto-de-la-temporada-se-confirma-la-gravedad-de-la-lesion-de-alejandro-hohberg-600581,31,1489,2.08%,5.05
https://www.futbolperuano.com/en-vivo/liga-3-ecosem-pasco-vs-adt-en-vivo-597038,31,1399,2.22%,6.19
https://www.futbolperuano.com/peru/clubes/santo-domingo-chachapoyas/,31,1235,2.51%,6.6
https://www.futbolperuano.com/copa-peru/noticias/atletico-torino-vs-deportivo-caysa-en-vivo-online-por-la-fecha-3-de-la-etapa-nacional-de-la-copa-peru-2026-602502,31,1233,2.51%,3.81
https://www.futbolperuano.com/en-vivo/liga-boliviana-always-ready-vs-oriente-petrolero-en-vivo-580556,31,1196,2.59%,9.72
https://www.futbolperuano.com/futbol-internacional/costa-rica/san-carlos-vs-cartagines-20-septiembre-2026-primera-division-de-costa-rica-m3247363,31,1126,2.75%,7.98
https://www.futbolperuano.com/copa-peru/noticias/copa-peru-2026-los-historicos-que-quedaron-fuera-de-la-etapa-nacional-598447,31,835,3.71%,4.25
https://www.futbolperuano.com/futbol-de-menores/resultados-y-posiciones-de-la-liga-evolucion-sub-15-femenina-537501,31,755,4.11%,7.34
https://www.futbolperuano.com/tradicion-copera/deportivo-municipal-ya-tiene-entrenador-para-disputar-el-torneo-tradicion-copera-602288,31,632,4.91%,3.91
https://www.futbolperuano.com/seleccion/noticias/mano-menezes-suma-a-un-ex-arsena-especialista-en-rendimiento-a-la-seleccion-peruana-602097,31,514,6.03%,4.7
https://www.futbolperuano.com/futbol-internacional/portugal/tabla-de-posiciones,30,77800,0.04%,7.05
https://www.futbolperuano.com/liga-1/fc-cajamarca-vs-cienciano-4-septiembre-2026-liga-1-peru---torneo-clausura-m3243929,30,65659,0.05%,11.81
https://www.futbolperuano.com/home/noticias/programacion-de-hoy-domingo-13-de-septiembre-de-2026-horarios-del-futbol-en-vivo-por-television-en-el-peru-600345,30,15879,0.19%,5.99
https://www.futbolperuano.com/futbol-internacional/uruguay/tabla-de-posiciones,30,8743,0.34%,9.7
https://www.futbolperuano.com/en-vivo/amistoso-internacional-corea-del-sur-vs-uruguay-en-vivo-602583,30,6466,0.46%,5.63
https://www.futbolperuano.com/liga-1/noticias/comerciantes-unidos-pide-reconsiderar-la-terna-arbitral-para-duelo-ante-universitario-598964,30,4206,0.71%,3.96
https://www.futbolperuano.com/liga-1/deportivo-garcilaso-vs-universitario-de-deportes-19-septiembre-2026-liga-1-peru---torneo-clausura-m3243947,30,4028,0.74%,8.91
https://www.futbolperuano.com/peruanos-en-el-exterior/noticias/francesco-andrealli-debuto-en-la-uefa-youth-league-2026-27-599936,30,2703,1.11%,5.92
https://www.futbolperuano.com/liga-3/noticias/estos-son-los-37-equipos-que-disputaran-la-liga-3-2026-553500,30,2690,1.12%,5.21
https://www.futbolperuano.com/peru/mas-del-futbol-peruano/huanuco-tendra-dos-representantes-en-el-campeonato-nacional-tradicion-copera-601462,30,2064,1.45%,7.24
https://www.futbolperuano.com/liga-2/noticias/liga-2-2026-se-realizo-el-sorteo-del-fixture-del-torneo-de-ascenso-que-reunira-a-18-equipos-en-busca-de-llegar-a-la-liga-1-573240,30,1126,2.66%,6.86
https://www.futbolperuano.com/liga-1/noticias/liga-1-como-se-jugaran-los-partidos-de-la-fecha-11-del-torneo-apertura-579718,30,758,3.96%,6.46
https://www.futbolperuano.com/peru/mas-del-futbol-peruano/academias-de-futbol-en-san-martin-de-porres-498324,30,721,4.16%,7.03
https://www.futbolperuano.com/en-vivo/copa-peru-2025-defensor-patibamba-vs-sport-machete-en-vivo-544003,30,627,4.78%,5.9
https://www.futbolperuano.com/liga-3/noticias/cuantos-equipos-descenderan-en-la-liga-3-y-como-se-define-la-baja-528758,30,455,6.59%,4.62
https://www.futbolperuano.com/futbol-de-menores/copa-federacion/oro-sub-13/resultados,30,234,12.82%,4.09
https://www.futbolperuano.com/en-vivo/copa-peru-2026-shanao-fc-vs-sport-huaja-en-vivo-602565,30,203,14.78%,3.25
https://www.futbolperuano.com/futbol-de-menores/copa-federacion/oro-liguilla-promocion-permanencia/resultados,30,146,20.55%,5.8
https://www.futbolperuano.com/futbol-de-menores/copa-federacion/plata-b-liguilla-descenso/resultados,30,144,20.83%,4.64
https://www.futbolperuano.com/liga-1/noticias/javier-sanguinetti-pidio-disculpas-a-sport-boys-tras-su-polemica-celebracion-en-el-triunfo-de-sport-huancayo-por-el-torneo-clausura-de-la-liga-1-599283,29,10682,0.27%,6.06
https://www.futbolperuano.com/liga-2/noticias/ayacucho-fc-vs-sport-huancayo-en-vivo-por-la-liga-2-600201,29,7018,0.41%,7.94
https://www.futbolperuano.com/liga-2/noticias/comerciantes-fc-vs-ayacucho-fc-en-vivo-por-la-liga-2-598760,29,6762,0.43%,8.09
https://www.futbolperuano.com/peru/clubes/ada-jaen/,29,5518,0.53%,7.25
https://www.futbolperuano.com/liga-1/noticias/duro-mensaje-en-utc-adolfo-munoz-arremetio-contra-el-arbitraje-y-pidio-que-el-gavilan-sea-descendido-tras-las-constantes-sanciones-600294,29,4269,0.68%,5.69
https://www.futbolperuano.com/peruanos-en-el-exterior/noticias/francesco-andrealli-participo-en-la-victoria-de-como-1907-primavera-ante-torino-599243,29,4188,0.69%,6.03
https://www.futbolperuano.com/liga-1/noticias/rainer-torres-cuestiono-a-hector-cuper-y-explico-por-que-universitario-de-deportes-no-termina-de-encontrar-su-mejor-version-601802,29,2688,1.08%,3.47
https://www.futbolperuano.com/peru/clubes/atletico-torino-talara/,29,2405,1.21%,5.95
https://www.futbolperuano.com/liga-1/noticias/con-las-nuevas-reglas-de-la-liga-1-alianza-lima-clasifico-a-la-copa-libertadores-2027-tras-ganar-el-torneo-apertura-584874,29,1909,1.52%,5.83
https://www.futbolperuano.com/liga-1/noticias/matias-di-benedetto-fue-claro-sobre-cuper-y-la-interna-de-universitario-de-deportes-602261,29,1775,1.63%,3.14
https://www.futbolperuano.com/peruanos-en-el-exterior/noticias/dos-jovenes-futbolistas-peruanos-firmaron-por-equipo-del-brasileirao-598625,29,1095,2.65%,6.32
https://www.futbolperuano.com/en-vivo/liga-1-del-futbol-peruano-adt-de-tarma-vs-sporting-cristal-en-vivo-541929,29,822,3.53%,9.76
https://www.futbolperuano.com/en-vivo/noticias/radios-fm-y-am-que-transmiten-partidos-de-futbol-en-peru-218752,29,790,3.67%,5.02
https://www.futbolperuano.com/peru/clubes/comerciantes-loreto/,29,719,4.03%,8.43
https://www.futbolperuano.com/futbol-femenino/liga-femenina/se-oficializo-el-fixture-de-la-liga-femenina-2026-y-el-formato-de-competencia-567603,29,695,4.17%,8.15
https://www.futbolperuano.com/futbol-internacional/noruega-vs-portugal-27-septiembre-2026-uefa-nations-league-a-m3235104,29,630,4.6%,10.23
https://www.futbolperuano.com/copa-peru/noticias/cachorro-vs-cruz-de-chalpon-en-vivo-por-la-etapa-nacional-de-la-copa-peru-602409,29,585,4.96%,3.41
https://www.futbolperuano.com/copa-peru/noticias/copa-peru-definicion-de-los-puntos-relativos-en-la-etapa-nacional-597586,29,508,5.71%,3.86
https://www.futbolperuano.com/liga-3/goleadores,29,101,28.71%,3.43
https://www.futbolperuano.com/liga-1/atletico-grau-vs-alianza-atletico-13-septiembre-2026-liga-1-peru---torneo-clausura-m3243946,28,22220,0.13%,8.04
https://www.futbolperuano.com/seleccion/noticias/el-colombiano-nixon-perea-recordo-como-hizo-debutar-a-bassco-soyer-en-alianza-lima-602475,28,8237,0.34%,4.14
https://www.futbolperuano.com/en-vivo/amistoso-internacional-japon-vs-venezuela-en-vivo-602581,28,4741,0.59%,5.53
https://www.futbolperuano.com/liga-1/noticias/bryan-reyna-mostro-su-enojo-por-no-ser-considerado-en-universitario-de-deportes-601457,28,4169,0.67%,4.83
https://www.futbolperuano.com/copa-peru/noticias/domingo-dianderas-vs-bad-boys-en-vivo-online-por-final-de-etapa-departamental-de-ica-de-copa-peru-2026-597236,28,3810,0.73%,6.37
https://www.futbolperuano.com/liga-1/noticias/paolo-guerrero-sera-baja-en-alianza-lima-por-varias-semanas-y-se-perdera-el-partido-ante-juan-pablo-ii-y-el-clasico-del-futbol-peruano-598923,28,3542,0.79%,4.74
https://www.futbolperuano.com/peruanos-en-el-exterior/noticias/juan-reynoso-perdio-en-su-debut-como-nuevo-tecnico-de-club-necaxa-en-la-liga-mx-601501,28,2557,1.1%,4.9
https://www.futbolperuano.com/en-vivo/conmebol-liga-evolucion-sub-15-femenino-peru-vs-bolivia-en-vivo-601334,28,2372,1.18%,4.94
https://www.futbolperuano.com/peruanos-en-el-exterior/noticias/adrian-ugarriza-ficho-por-campeon-de-israel-y-ya-conoce-a-los-rivales-que-enfrentara-en-la-europa-league-598703,28,2301,1.22%,7.36
https://www.futbolperuano.com/seleccion/noticias/erick-noriega-confirmo-la-posicion-en-la-que-sera-utilizado-por-mano-menezes-en-la-seleccion-peruana-601814,28,1557,1.8%,4.11
https://www.futbolperuano.com/seleccion/noticias/mano-menezes-sorprendio-al-elegir-al-nuevo-10-de-la-seleccion-peruana-598705,28,1344,2.08%,4.62
https://www.futbolperuano.com/futbol-femenino/liga-femenina/universitario-suma-un-nuevo-refuerzo-para-la-copa-libertadores-2026-598718,28,1335,2.1%,6.19
https://www.futbolperuano.com/copa-peru/noticias/copa-peru-leones-de-anccaca-es-el-primer-representante-de-puno-en-la-etapa-nacional-596401,28,1275,2.2%,5.05
https://www.futbolperuano.com/en-vivo/liga-2-bentin-tacna-vs-alianza-universidad-en-vivo-582820,28,1187,2.36%,5.8
https://www.futbolperuano.com/futbol-femenino/liga-femenina/liga-femenina-que-equipos-luchan-por-ultimo-cupo-a-las-semifinales-del-torneo-clausura-2026-601653,28,1184,2.36%,4.38
https://www.futbolperuano.com/seleccion/noticias/la-explicacion-de-jean-ferrari-por-la-ausencia-de-beto-da-silva-en-la-convocatoria-de-mano-menezes-para-los-amistosos-de-peru-601475,28,1180,2.37%,4.14
https://www.futbolperuano.com/copa-peru/noticias/copa-peru-deportivo-caysa-presento-a-sus-nuevos-refuerzos-599962,28,1039,2.69%,3.87
https://www.futbolperuano.com/peru/clubes/nacional-fbc-mollendo/,28,1036,2.7%,5.96
https://www.futbolperuano.com/peru/mas-del-futbol-peruano/academias-de-futbol-en-el-distrito-de-jesus-maria-498963,28,638,4.39%,7.56
https://www.futbolperuano.com/liga-3/noticias/sport-huancayo-podra-participar-en-la-liga-2-si-campeona-en-la-liga-3-548278,28,527,5.31%,3.98
https://www.futbolperuano.com/copa-peru/noticias/viargoca-fc-vs-virgen-de-las-nieves-en-vivo-online-por-la-etapa-nacional-copa-peru-2026-602302,28,484,5.79%,3.3
https://www.futbolperuano.com/futbol-de-menores/copa-federacion/plata-promocional-liguilla-ascenso/,28,176,15.91%,5.22
https://www.futbolperuano.com/copa-libertadores/noticias/estudiantes-de-la-plata-vs-corinthians-en-vivo-online-por-la-ida-de-los-cuartos-de-final-de-la-copa-libertadores-2026-599658,27,28739,0.09%,6.73
https://www.futbolperuano.com/futbol-femenino/liga-naciones-conmebol/tabla-de-posiciones,27,13444,0.2%,10.15
https://www.futbolperuano.com/liga-2/noticias/academia-cantolao-vs-deportivo-llacuabamba-en-vivo-online-por-fecha-17-de-liga-2-2026-598981,27,9596,0.28%,8.35
https://www.futbolperuano.com/futbol-internacional/rc-genk-vs-kaa-gent-13-septiembre-2026-pro-league-de-belgica-m3250842,27,8594,0.31%,9.5
https://www.futbolperuano.com/peru/mas-del-futbol-peruano/cuales-son-los-cinco-estadios-mas-grandes-del-peru-441548,27,6841,0.39%,7.24
https://www.futbolperuano.com/partidos-por-tv/transmisiones-copa-peru-c38,27,6448,0.42%,8.38
https://www.futbolperuano.com/peruanos-en-el-exterior/noticias/deportivo-cali-se-despidio-de-la-copa-colombia-y-pedro-gallese-fue-suplente-599710,27,5566,0.49%,5.95
https://www.futbolperuano.com/peruanos-en-el-exterior/noticias/rafael-guzman-debuta-oficialmente-con-real-betis-en-la-uefa-youth-league-y-da-su-primer-paso-en-europa-como-una-de-las-grandes-promesas-peruanas-599594,27,4052,0.67%,5.48
https://www.futbolperuano.com/futbol-femenino/liga-femenina/melgar-goleo-5-1-a-atletico-andahuaylas-por-la-fecha-9-del-clausura-de-la-liga-femenina-600184,27,2488,1.09%,6.76
https://www.futbolperuano.com/seleccion/noticias/seleccion-peruana-andre-carrillo-enciende-las-alarmas-antes-de-la-fecha-fifa-601517,27,2253,1.2%,5.88
https://www.futbolperuano.com/copa-peru/noticias/anthony-osorio-nuevo-refuerzo-de-union-minas-de-pamputa-para-etapa-nacional-de-copa-peru-599925,27,1818,1.49%,4.2
https://www.futbolperuano.com/copa-peru/noticias/copa-peru-cachorro-de-motupe-campeon-de-la-liga-departamental-de-lambayeque-598380,27,1139,2.37%,4.8
https://www.futbolperuano.com/copa-de-la-liga/noticias/semifinales-de-la-copa-de-la-liga-2026-fechas-partidos-y-todos-los-detalles-de-esta-decisiva-etapa-597810,27,1084,2.49%,5.88
https://www.futbolperuano.com/peru/mas-del-futbol-peruano/academias-de-futbol-en-el-distrito-de-comas-499766,27,1081,2.5%,6.46
https://www.futbolperuano.com/en-vivo/copa-de-la-liga-alianza-universidad-vs-union-minas-en-vivo-589566,27,1073,2.52%,6.52
https://www.futbolperuano.com/en-vivo/copa-peru-2026-virgen-de-las-nieves-vs-virgen-de-la-natividad-en-vivo-601467,27,1036,2.61%,4.07
https://www.futbolperuano.com/peruanos-en-el-exterior/noticias/los-peruanos-con-mas-partidos-disputados-en-el-exterior-durante-la-temporada-2026-598883,27,954,2.83%,5.97
https://www.futbolperuano.com/copa-peru/noticias/copa-peru-resultados-de-la-fecha-4-en-la-liguilla-final-de-la-liga-departamental-de-arequipa-596387,27,702,3.85%,5.97
https://www.futbolperuano.com/copa-peru/noticias/copa-peru-2026-asi-quedaron-las-semifinales-de-la-etapa-departamental-de-lima-595417,27,468,5.77%,6.71
https://www.futbolperuano.com/en-vivo/universitario-vs-alianza-lima-en-vivo-liga-1-del-futbol-peruano-577292,27,226,11.95%,40.51
https://www.futbolperuano.com/futbol-de-menores/copa-desarrollo-plata/tabla-de-posiciones,27,132,20.45%,5.02
https://www.futbolperuano.com/en-vivo/uefa-nations-league-inglaterra-vs-espana-en-vivo-602355,26,76136,0.03%,7.66
https://www.futbolperuano.com/en-vivo/san-martin-vs-academia-cantolao-en-vivo-por-la-liga-2-2026-600142,26,10377,0.25%,9.79
https://www.futbolperuano.com/futbol-internacional/brasil/fortaleza-ec-vs-avai-9-septiembre-2026-campeonato-brasileno-de-serie-b-m3232815,26,9733,0.27%,9.88
https://www.futbolperuano.com/en-vivo/yanapuma-vs-atletico-andahuaylas-en-vivo-por-la-liga-femenina-2026-601195,26,8941,0.29%,9.93
https://www.futbolperuano.com/liga-1/noticias/paolo-guerrero-se-pierde-el-clasico-alianza-lima-confirma-lesion-599144,26,6759,0.38%,5.65
https://www.futbolperuano.com/liga-1/alianza-lima-vs-adt-tarma-18-septiembre-2026-liga-1-peru---torneo-clausura-m3243953,26,5924,0.44%,11.59
https://www.futbolperuano.com/futbol-internacional/sv-ried-vs-red-bull-salzburg-11-septiembre-2026-bundesliga-austria-m3251332,26,3413,0.76%,8.97
https://www.futbolperuano.com/en-vivo/conmebol-liga-evolucion-sub-15-masculino-argentina-vs-uruguay-en-vivo-599544,26,2611,1%,5.45
https://www.futbolperuano.com/copa-peru/noticias/domingo-dianderas-no-pudo-ganar-pero-avanza-en-la-copa-peru-2026-592678,26,2188,1.19%,8.32
https://www.futbolperuano.com/partidos-por-tv/noticias/programacion-de-partidos-por-tv-del-jueves-3-de-septiembre-598818,26,2043,1.27%,5.41
https://www.futbolperuano.com/futsal/futsal-pro-2026-arranca-el-torneo-que-dara-un-cupo-a-la-copa-libertadores-599433,26,1511,1.72%,5.51
https://www.futbolperuano.com/liga-3/noticias/juventud-cautivo-vs-deportivo-lute-en-vivo-online-por-fecha-17-de-liga-3-2026-602603,26,1234,2.11%,2.56
https://www.futbolperuano.com/en-vivo/liga-femenina-2026-melgar-vs-alianza-lima-en-vivo-587562,26,1016,2.56%,5.12
https://www.futbolperuano.com/copa-peru/noticias/cesa-se-proclamo-campeon-de-la-liga-departamental-de-junin-en-la-copa-peru-2026-598411,26,834,3.12%,4.49
https://www.futbolperuano.com/en-vivo/liga-3-juventud-santo-domingo-vs-juan-aurich-en-vivo-593293,26,728,3.57%,7.69
https://www.futbolperuano.com/seleccion/noticias/seleccion-peruana-sub-20-thiago-kosloski-presenta-convocatoria-con-figuras-locales-y-talentos-del-exterior-574619,26,532,4.89%,5.73
https://www.futbolperuano.com/copa-peru/noticias/los-cuatro-clasificados-al-cuadrangular-final-de-junin-de-la-copa-peru-2026-596438,26,327,7.95%,3.88