Páginas principales,Clics,Impresiones,CTR,Posición
https://www.futbolperuano.com/liga-1/clausura/tabla-de-posiciones,78239,2154344,3.63%,7.58
https://www.futbolperuano.com/liga-1/tabla-acumulada/tabla-de-posiciones,63053,1243575,5.07%,9.02
https://www.futbolperuano.com/partidos-por-tv/,45944,820373,5.6%,5.84
https://www.futbolperuano.com/liga-3/tabla-de-posiciones,30045,77436,38.8%,2.66
https://www.futbolperuano.com/liga-voley/copa-federacion/tabla-de-posiciones,8145,118374,6.88%,6.49
https://www.futbolperuano.com/partidos-por-tv/liga-1-peru-c42,7589,533560,1.42%,5.41
https://www.futbolperuano.com/futbol-femenino/tabla-de-posiciones,6913,40028,17.27%,3.85
https://www.futbolperuano.com/,6147,174469,3.52%,5.73
https://www.futbolperuano.com/liga-2/tabla-de-posiciones,5808,135182,4.3%,4.42
https://www.futbolperuano.com/liga-voley/resultados-y-tabla-de-posiciones-del-mundial-de-voley-sub-17-594666,5498,221084,2.49%,7.62
https://www.futbolperuano.com/liga-3/resultados,4377,36980,11.84%,5.2
https://www.futbolperuano.com/copa-peru/,3755,44347,8.47%,4.83
https://www.futbolperuano.com/liga-voley/resultados-y-tabla-de-posiciones-de-la-copa-federacion-2026-594187,3403,50927,6.68%,4.49
https://www.futbolperuano.com/liga-voley/mundial-sub-17-femenino/resultados,3150,66323,4.75%,6.74
https://www.futbolperuano.com/liga-voley/mundial-sub-17-femenino/tabla-de-posiciones,3078,64204,4.79%,7.29
https://www.futbolperuano.com/en-vivo/,2845,40280,7.06%,7.53
https://www.futbolperuano.com/liga-3/,1897,27747,6.84%,5.71
https://www.futbolperuano.com/peruanos-en-el-exterior/,1727,7653,22.57%,4.88
https://www.futbolperuano.com/en-vivo/mundial-de-voley-femenino-sub-17-peru-vs-argentina-en-vivo-596067,1694,46934,3.61%,3.98
https://www.futbolperuano.com/copa-peru/noticias/los-50-equipos-clasificados-a-la-etapa-nacional-copa-peru-2026-595518,1685,15213,11.08%,4.05
https://www.futbolperuano.com/en-vivo/mundial-de-voley-femenino-sub-17-peru-vs-republica-checa-en-vivo-596167,1673,42122,3.97%,4.1
https://www.futbolperuano.com/liga-1/tabla-de-posiciones,1612,148504,1.09%,8.75
https://www.futbolperuano.com/en-vivo/mundial-de-voley-femenino-sub-17-peru-vs-china-en-vivo-595671,1447,58976,2.45%,4.73
https://www.futbolperuano.com/en-vivo/mundial-de-voley-femenino-sub-17-peru-vs-filipinas-en-vivo-595493,1427,53609,2.66%,4.63
https://www.futbolperuano.com/liga-1/clausura/resultados,1401,80911,1.73%,7.74
https://www.futbolperuano.com/liga-2/,1331,86937,1.53%,5.43
https://www.futbolperuano.com/en-vivo/mundial-de-voley-femenino-sub-17-peru-vs-italia-en-vivo-595767,1302,47586,2.74%,5.26
https://www.futbolperuano.com/en-vivo/mundial-de-voley-femenino-sub-17-peru-vs-tunez-en-vivo-594936,1251,40149,3.12%,4.44
https://www.futbolperuano.com/copa-peru/noticias/el-fixture-oficial-de-la-etapa-nacional-de-la-copa-peru-2026-596524,1170,7966,14.69%,3.43
https://www.futbolperuano.com/en-vivo/mundial-de-voley-femenino-sub-17-peru-vs-venezuela-en-vivo-595122,1147,32899,3.49%,5.03
https://www.futbolperuano.com/futbol-de-menores/copa-federacion/oro/tabla-de-posiciones,1136,7675,14.8%,4.72
https://www.futbolperuano.com/futbol-de-menores/copa-federacion/plata-b-serie-1/tabla-de-posiciones,1124,4418,25.44%,3.42
https://www.futbolperuano.com/futbol-de-menores/copa-federacion/plata/tabla-de-posiciones,1119,6949,16.1%,4.88
https://www.futbolperuano.com/en-vivo/copa-sudamericana-2026-cienciano-vs-botafogo-en-vivo-595994,1090,276377,0.39%,6.2
https://www.futbolperuano.com/en-vivo/torneo-clausura-2026-sport-boys-vs-alianza-lima-en-vivo-595143,935,543035,0.17%,8.75
https://www.futbolperuano.com/en-vivo/mundial-de-voley-femenino-sub-17-peru-vs-venezuela-en-vivo-596337,934,27803,3.36%,4.06
https://www.futbolperuano.com/futbol-femenino/liga-femenina/sporting-cristal-vs-universitario-en-vivo-por-el-torneo-clausura-de-la-liga-femenina-595328,918,65888,1.39%,4.03
https://www.futbolperuano.com/en-vivo/torneo-clausura-2026-sporting-cristal-vs-sport-huancayo-en-vivo-596088,884,173656,0.51%,6.58
https://www.futbolperuano.com/en-vivo/mundial-de-voley-femenino-sub-17-china-vs-venezuela-en-vivo-595274,874,19353,4.52%,3.67
https://www.futbolperuano.com/futbol-de-menores/liga-nacional-sub-18-peru/tabla-de-posiciones,821,3394,24.19%,4.84
https://www.futbolperuano.com/copa-de-la-liga/tabla-de-posiciones,812,22817,3.56%,7.11
https://www.futbolperuano.com/copa-peru/noticias/copa-peru-2026-asi-quedaron-las-semifinales-de-la-etapa-departamental-de-lima-595417,812,11439,7.1%,4.37
https://www.futbolperuano.com/en-vivo/copa-peru-2026-atletico-nacional-vs-domingo-dianderas-en-vivo-595359,791,29312,2.7%,5.31
https://www.futbolperuano.com/futbol-femenino/liga-femenina/liga-femenina-resultados-y-tabla-de-posiciones-de-la-fecha-4-del-torneo-clausura-2026-595322,771,9758,7.9%,5.09
https://www.futbolperuano.com/en-vivo/mundial-de-voley-femenino-sub-17-peru-vs-mexico-en-vivo-595209,749,28846,2.6%,4.37
https://www.futbolperuano.com/futbol-de-menores/copa-federacion/plata-promocional-serie-1/tabla-de-posiciones,734,3969,18.49%,4.04
https://www.futbolperuano.com/liga-voley/mundial-sub-17-femenino/peru-vs-venezuela-en-vivo-por-el-mundial-de-voley-sub-17-596341,729,30141,2.42%,5.69
https://www.futbolperuano.com/futbol-femenino/torneo-clausura/tabla-de-posiciones,712,5202,13.69%,5.29
https://www.futbolperuano.com/liga-1/noticias/la-tabla-acumulada-de-la-liga-1-tras-la-fecha-3-del-torneo-clausura-2026-594470,708,127943,0.55%,7.53
https://www.futbolperuano.com/copa-peru/noticias/domingo-dianderas-no-pudo-ganar-pero-avanza-en-la-copa-peru-2026-592678,668,32396,2.06%,5.77
https://www.futbolperuano.com/liga-voley/mundial-sub-17-femenino/peru-vs-italia-en-vivo-online-octavos-de-final-del-mundial-de-voley-sub-17-595744,603,19259,3.13%,6.31
https://www.futbolperuano.com/ultimos-sismos/temblor-de-72-grados-de-magnitud-sacudio-ayacucho-este-jueves-20-de-agosto-596897,600,22886,2.62%,2.79
https://www.futbolperuano.com/en-vivo/adidas-lima-cup-2026-universitario-vs-boca-juniors-en-vivo-595267,600,17779,3.37%,4.04
https://www.futbolperuano.com/futbol-de-menores/copa-federacion/plata-b-serie-2/tabla-de-posiciones,597,3857,15.48%,3.35
https://www.futbolperuano.com/liga-3/noticias/se-oficializo-el-fixture-de-la-liga-3-del-2026-583716,576,1972,29.21%,2.83
https://www.futbolperuano.com/liga-1/noticias/la-tabla-acumulada-de-la-liga-1-tras-la-fecha-4-del-torneo-clausura-2026-595408,566,107691,0.53%,7.52
https://www.futbolperuano.com/copa-peru/noticias/10-equipos-ya-clasificaron-a-la-etapa-nacional-de-la-copa-peru-2026-594699,556,7951,6.99%,4.95
https://www.futbolperuano.com/liga-1/,555,156264,0.36%,9.07
https://www.futbolperuano.com/copa-peru/noticias/copa-peru-tres-equipos-ya-celebran-su-pase-a-semifinales-en-la-liga-departamental-de-ica-594513,553,9206,6.01%,4.77
https://www.futbolperuano.com/liga-voley/mundial-sub-17-femenino/peru-vs-venezuela-en-vivo-online-por-fecha-2-del-mundial-de-voley-sub-17-595067,532,23336,2.28%,6.13
https://www.futbolperuano.com/copa-sudamericana/tabla-de-posiciones,527,189408,0.28%,9.5
https://www.futbolperuano.com/en-vivo/copa-peru-2026-sport-river-vs-juventud-bellavista-en-vivo-595360,524,10137,5.17%,4.62
https://www.futbolperuano.com/liga-voley/mundial-sub-17-femenino/peru-vs-mexico-en-vivo-por-el-mundial-de-voley-sub-17-595194,486,16821,2.89%,5.51
https://www.futbolperuano.com/liga-1/noticias/historico-estadio-liga-1-volvera-a-abrir-sus-puertas-a-los-hinchas-torneo-clausura-596709,484,18266,2.65%,7.59
https://www.futbolperuano.com/copa-peru/noticias/domingo-dianderas-a-un-triunfo-de-clasificarse-a-la-etapa-nacional-copa-peru-2026-595504,477,16990,2.81%,5.26
https://www.futbolperuano.com/copa-peru/noticias/sport-river-vs-juventud-bellavista-en-vivo-liga-departamental-la-libertad-copa-peru-2026-596432,464,5993,7.74%,3.75
https://www.futbolperuano.com/liga-voley/peru-cerro-la-copa-federacion-sub-17-con-derrota-ante-corea-del-sur-y-ahora-piensa-en-el-mundial-de-chile-594460,462,21590,2.14%,5.06
https://www.futbolperuano.com/copa-peru/noticias/regatas-lima-vs-bella-esperanza-en-vivo-online-la-liga-departamental-de-lima-de-copa-peru-2026-596147,462,6371,7.25%,3.7
https://www.futbolperuano.com/liga-1/goleadores,456,13695,3.33%,6.65
https://www.futbolperuano.com/copa-peru/tabla-de-posiciones,456,4260,10.7%,7.84
https://www.futbolperuano.com/liga-voley/peru-dio-a-conocer-sus-convocadas-para-el-mundial-de-voleibol-femenino-sub-17-593864,454,15941,2.85%,6.34
https://www.futbolperuano.com/liga-voley/peru-no-pudo-ante-espana-su-sumo-su-primera-derrota-en-la-copa-federacion-sub-17-594406,451,30337,1.49%,6.05
https://www.futbolperuano.com/liga-1/noticias/programacion-de-la-fecha-6-del-torneo-clausura-de-la-liga-1-2026-596398,442,49540,0.89%,5.98
https://www.futbolperuano.com/futbol-de-menores/liga-nacional-sub-18-peru/resultados,440,3811,11.55%,4.71
https://www.futbolperuano.com/en-vivo/copa-peru-2026-domingo-dianderas-vs-atletico-nacional-en-vivo-596162,436,22734,1.92%,4.83
https://www.futbolperuano.com/copa-peru/noticias/domingo-dianderas-hizo-historia-al-clasificar-a-la-etapa-nacional-de-la-copa-peru-2026-596413,434,11680,3.72%,4.02
https://www.futbolperuano.com/copa-de-la-liga/resultados,434,8596,5.05%,5.09
https://www.futbolperuano.com/liga-3/noticias/juventus-fc-vs-juan-aurich-en-vivo-por-la-liga-3-596269,425,8880,4.79%,4.29
https://www.futbolperuano.com/liga-voley/mundial-sub-17-femenino/peru-vs-filipinas-en-vivo-por-el-mundial-de-voley-sub-17-595375,416,14489,2.87%,6.45
https://www.futbolperuano.com/futsal/sudamericano-sub-17/tabla-de-posiciones,394,10762,3.66%,7.94
https://www.futbolperuano.com/futbol-femenino/liga-femenina/resultados-y-tabla-de-posiciones-de-fecha-3-del-torneo-clausura-de-liga-femenina-2026-594551,391,4406,8.87%,5.19
https://www.futbolperuano.com/copa-sudamericana/noticias/cienciano-cuando-vuelve-a-jugar-por-los-8vos-de-final-de-la-copa-sudamericana-596034,376,85379,0.44%,6.92
https://www.futbolperuano.com/liga-1/noticias/periodista-panameno-envia-dardo-a-alianza-lima-tras-fichaje-de-jorge-gutierrez-por-universitario-595694,371,5573,6.66%,3.53
https://www.futbolperuano.com/liga-1/noticias/llego-como-promesa-a-sporting-cristal-y-ahora-buscara-minutos-con-deportivo-moquegua-en-el-torneo-clausura-595947,370,9429,3.92%,5.12
https://www.futbolperuano.com/en-vivo/torneo-clausura-2026-deportivo-moquegua-vs-sport-boys-en-vivo-596090,367,132118,0.28%,6.04
https://www.futbolperuano.com/segunda-division/tabla-de-posiciones,366,61791,0.59%,8.52
https://www.futbolperuano.com/en-vivo/torneo-clausura-2026-cienciano-vs-universitario-en-vivo-594239,362,134569,0.27%,5.62
https://www.futbolperuano.com/liga-voley/mundial-sub-17-femenino/peru-vs-republica-checa-en-vivo-online-por-el-mundial-sub-17-de-voley-femenino-596223,359,18598,1.93%,5.98
https://www.futbolperuano.com/en-vivo/torneo-clausura-2026-universitario-vs-sporting-cristal-en-vivo-595117,357,63611,0.56%,3.67
https://www.futbolperuano.com/copa-sudamericana/noticias/cienciano-igualo-el-record-de-universitario-en-torneos-conmebol-596077,356,29079,1.22%,4.72
https://www.futbolperuano.com/liga-1/noticias/liga-1-como-se-jugaran-los-partidos-de-la-fecha-4-del-torneo-clausura-594466,353,55226,0.64%,7.77
https://www.futbolperuano.com/copa-peru/resultados,352,4346,8.1%,5.76
https://www.futbolperuano.com/copa-sudamericana/noticias/botafogo-vs-cienciano-fecha-hora-y-canales-de-la-vuela-de-octavos-de-final-de-copa-sudamericana-2026-596474,346,84077,0.41%,8.28
https://www.futbolperuano.com/liga-voley/mundial-sub-17-femenino/peru-vs-argentina-en-vivo-online-por-los-puestos-9-al-16-por-el-mundial-sub-17-de-voley-596022,343,18973,1.81%,6.06
https://www.futbolperuano.com/liga-3/noticias/juan-aurich-vs-deportivo-lute-en-vivo-por-la-liga-3-595363,342,6590,5.19%,3.64
https://www.futbolperuano.com/liga-1/noticias/deportivo-garcilaso-vs-deportivo-moquegua-en-vivo-por-el-torneo-clausura-595288,329,130910,0.25%,8.23
https://www.futbolperuano.com/resultados/,325,73028,0.45%,7.08
https://www.futbolperuano.com/liga-1/noticias/liga-1-comision-disciplinaria-sanciono-a-alianza-lima-596249,319,43127,0.74%,8.19
https://www.futbolperuano.com/liga-1/noticias/alianza-atletico-vs-cienciano-en-vivo-online-por-la-fecha-4-del-torneo-clausura-de-la-liga-1-2026-594922,318,149443,0.21%,8.72
https://www.futbolperuano.com/en-vivo/liga-2-union-minas-vs-ayacucho-fc-en-vivo-596103,312,14276,2.19%,7.12
https://www.futbolperuano.com/en-vivo/mundial-de-voley-femenino-sub-17-japon-vs-argentina-en-vivo-595528,310,14335,2.16%,3.55
https://www.futbolperuano.com/en-vivo/liga-2-carlos-mannucci-vs-cesar-vallejo-en-vivo-596111,308,14829,2.08%,6.78
https://www.futbolperuano.com/futbol-de-menores/liga-nacional-juvenil/tabla-de-posiciones,308,1720,17.91%,4.81
https://www.futbolperuano.com/liga-voley/mundial-sub-17-femenino/asi-se-jugaran-los-cuartos-de-final-del-mundial-de-voley-sub-17-595869,307,16617,1.85%,6.3
https://www.futbolperuano.com/liga-1/noticias/pablo-guede-sobre-el-reencuentro-con-zambrano-y-trauco-en-el-sport-boys-vs-alianza-lima-594561,306,6641,4.61%,4.22
https://www.futbolperuano.com/copa-sudamericana/noticias/cienciano-vs-botafogo-en-vivo-por-la-copa-sudamericana-595825,303,102293,0.3%,9.18
https://www.futbolperuano.com/en-vivo/torneo-clausura-2026-adt-vs-alianza-atletico-en-vivo-596080,297,86469,0.34%,6.44
https://www.futbolperuano.com/descentralizado/tabla-de-posiciones,297,10519,2.82%,8.39
https://www.futbolperuano.com/en-vivo/liga-3-juan-aurich-vs-deportivo-lute-en-vivo-595182,295,9621,3.07%,5.39
https://www.futbolperuano.com/liga-1/noticias/alianza-lima-cerca-de-reforzarse-con-exdelantero-de-fluminens-596585,289,10869,2.66%,5.11
https://www.futbolperuano.com/liga-1/noticias/cienciano-vs-universitario-de-deportes-probables-alineaciones-por-la-fecha-3-del-torneo-clausura-de-la-liga-1-594447,285,144056,0.2%,5.75
https://www.futbolperuano.com/futbol-de-menores/liga-nacional-sub-16-peru/resultados,282,2856,9.87%,5.3
https://www.futbolperuano.com/liga-voley/LNSV/tabla-de-posiciones,280,9808,2.85%,7.37
https://www.futbolperuano.com/liga-1/clausura/goleadores,274,2416,11.34%,4.65
https://www.futbolperuano.com/liga-voley/mundial-sub-17-femenino/peru-ya-conoce-a-su-rival-para-disputar-los-octavos-de-final-del-mundial-de-voley-sub-17-595710,268,4319,6.21%,4.25
https://www.futbolperuano.com/en-vivo/liga-femenina-2026-universitario-vs-melgar-en-vivo-596134,267,28345,0.94%,4.52
https://www.futbolperuano.com/liga-1/noticias/kevin-quevedo-se-revelan-las-cuatro-faltas-graves-que-cometio-para-quedar-apartado-de-alianza-lima-596710,266,5314,5.01%,3.64
https://www.futbolperuano.com/liga-1/noticias/la-tabla-acumulada-de-la-liga-1-tras-jugarse-la-fecha-5-del-torneo-clausura-2026-596397,263,35361,0.74%,5.41
https://www.futbolperuano.com/liga-2/noticias/union-minas-vs-ayacucho-fc-en-vivo-online-fecha-14-de-la-fase-regional-de-la-liga-2-2026-596177,262,23651,1.11%,6.85
https://www.futbolperuano.com/copa-peru/noticias/copa-peru-resultados-de-la-fecha-4-en-la-liguilla-final-de-la-liga-departamental-de-arequipa-596387,262,7032,3.73%,3.97
https://www.futbolperuano.com/liga-1/noticias/comerciantes-unidos-vs-cusco-fc-en-vivo-por-el-torneo-clausura-2026-595101,261,259005,0.1%,8.26
https://www.futbolperuano.com/futbol-femenino/resultados,259,3602,7.19%,7.43
https://www.futbolperuano.com/liga-3/noticias/liga-3-2026-resultados-y-tablas-de-la-fecha-11-de-la-fase-regional-596008,256,5720,4.48%,4.4
https://www.futbolperuano.com/liga-2/resultados,254,13259,1.92%,8.38
https://www.futbolperuano.com/liga-1/noticias/atletico-grau-vs-sport-boys-en-vivo-online-por-fecha-3-del-torneo-clausura-de-liga-1-2026-594313,252,102700,0.25%,8.41
https://www.futbolperuano.com/partidos-por-tv/liga-3-peru-t297,250,2287,10.93%,5.35
https://www.futbolperuano.com/liga-voley/mundial-sub-17-femenino/cuando-se-jugaran-los-octavos-de-final-del-mundial-de-voley-sub-17-595631,249,10720,2.32%,4.57
https://www.futbolperuano.com/en-vivo/universitario-de-deportes-vs-alianza-lima-en-vivo-adidas-lima-cup-2026-595104,248,15362,1.61%,5.55
https://www.futbolperuano.com/liga-1/noticias/sporting-cristal-recupera-una-pieza-clave-para-enfrentar-a-universitario-594899,246,20507,1.2%,4.94
https://www.futbolperuano.com/futbol-femenino/liga-femenina/atletico-andahuaylas-y-universitario-no-se-sacan-ventaja-en-el-torneo-clausura-de-liga-femenina-594385,245,11188,2.19%,4.06
https://www.futbolperuano.com/copa-sudamericana/noticias/copa-sudamericana-prensa-brasilena-reconoce-la-superioridad-de-cienciano-596062,243,9913,2.45%,4.98
https://www.futbolperuano.com/liga-1/noticias/universitario-acelera-el-regreso-de-piero-quispe-para-una-prueba-de-fuego-ante-sporting-cristal-594595,242,9641,2.51%,4.14
https://www.futbolperuano.com/partidos-por-tv/liga-femenina-peru-torneo-apertura-t182,240,8407,2.85%,6.16
https://www.futbolperuano.com/copa-sudamericana/noticias/periodista-brasilena-arremete-contra-cienciano-en-la-previa-a-la-revancha-ante-botafogo-596922,239,18751,1.27%,4.11
https://www.futbolperuano.com/liga-1/noticias/probables-alineaciones-del-sport-boys-vs-alianza-lima-por-la-fecha-4-del-torneo-clausura-de-la-liga-1-2026-595188,238,63521,0.37%,7.31
https://www.futbolperuano.com/futbol-femenino/liga-femenina/liga-femenina-2026-alianza-lima-vencio-2-0-a-unsaac-y-se-mantiene-como-lider-del-torneo-clausura-596372,238,11004,2.16%,3.41
https://www.futbolperuano.com/liga-3/noticias/liga-3-2026-resultados-y-tablas-de-posiciones-de-la-fecha-10-de-la-fase-regional-595018,238,7531,3.16%,5.29
https://www.futbolperuano.com/en-vivo/torneo-clausura-2026-alianza-lima-vs-alianza-atletico-en-vivo-594226,237,81909,0.29%,5.55
https://www.futbolperuano.com/liga-3/noticias/german-carty-vuelve-al-futbol-profesional-a-sus-58-anos-y-jugara-en-la-liga-3-595398,237,13840,1.71%,6.1
https://www.futbolperuano.com/en-vivo/liga-femenina-2026-atletico-andahuaylas-vs-universitario-en-vivo-594243,236,9055,2.61%,8.1
https://www.futbolperuano.com/partidos-por-tv/espn-c1,236,6615,3.57%,7.17
https://www.futbolperuano.com/partidos-por-tv/copa-sudamericana-t6,235,18930,1.24%,8.17
https://www.futbolperuano.com/peruanos-en-el-exterior/noticias/el-rimac-a-portugal-joya-de-sporting-cristal-continuara-su-carrera-en-el-cd-santa-clara-594991,235,9467,2.48%,5.13
https://www.futbolperuano.com/liga-1/noticias/con-todas-sus-armas-el-once-de-sporting-cristal-para-visitar-a-universitario-por-el-torneo-clausura-2026-595116,233,15390,1.51%,5.84
https://www.futbolperuano.com/copa-peru/noticias/programacion-semifinales-ida-de-la-liga-departamental-lima-en-copa-peru-2026-595749,233,3973,5.86%,4.78
https://www.futbolperuano.com/copa-sudamericana/noticias/que-canal-transmitira-cienciano-vs-botafogo-por-la-copa-sudamericana-595619,232,34146,0.68%,7.77
https://www.futbolperuano.com/en-vivo/torneo-clausura-2026-deportivo-moquegua-vs-melgar-en-vivo-594238,221,110747,0.2%,8.54
https://www.futbolperuano.com/liga-1/noticias/kevin-quevedo-fue-apartado-de-alianza-lima-y-se-revelaron-los-motivos-de-su-ausencia-en-el-torneo-clausura-596343,220,25487,0.86%,5.48
https://www.futbolperuano.com/liga-voley/mundial-sub-17-femenino/peru-tiene-a-la-mejor-defensa-del-mundial-de-voley-sub-17-595369,219,13340,1.64%,4.51
https://www.futbolperuano.com/liga-voley/mundial-sub-17-femenino/fecha-hora-y-canal-del-peru-vs-filipinas-por-el-mundial-de-voley-sub-17-595366,216,11403,1.89%,7.59
https://www.futbolperuano.com/liga-3/noticias/liga-3-2026-resultados-y-tabla-de-posiciones-de-la-fecha-5-de-la-fase-regional-590390,213,10337,2.06%,1.19
https://www.futbolperuano.com/en-vivo/liga-3-ucayali-fc-vs-ecosem-pasco-en-vivo-594261,212,3411,6.22%,5.39
https://www.futbolperuano.com/liga-1/resultados,211,41589,0.51%,9.55
https://www.futbolperuano.com/liga-voley/resultados-y-tabla-de-posiciones-de-la-copa-sudamericana-de-voley-592744,211,9985,2.11%,7.02
https://www.futbolperuano.com/futbol-femenino/liga-femenina/liga-femenina-sporting-cristal-remonto-e-igualo-a-alianza-lima-en-la-cima-del-torneo-clausura-595038,209,19620,1.07%,3.9
https://www.futbolperuano.com/liga-2/noticias/liga-2-comision-disciplinaria-sanciono-a-carlos-mannucci-594674,207,1761,11.75%,6.65
https://www.futbolperuano.com/liga-1/noticias/hector-cuper-revela-que-universitario-buscara-un-nuevo-fichaje-594390,205,18836,1.09%,4.95
https://www.futbolperuano.com/copa-peru/noticias/clasificados-y-llaves-fase-2-liga-departamental-piura-en-copa-peru-2026-593592,205,2381,8.61%,3.84
https://www.futbolperuano.com/liga-1/noticias/alineaciones-de-alianza-lima-vs-alianza-atletico-por-la-fecha-3-del-torneo-clausura-de-la-liga-1-2026-594353,203,88018,0.23%,5.7
https://www.futbolperuano.com/liga-1/noticias/utc-vs-adt-en-vivo-online-por-la-fecha-4-del-torneo-clausura-de-la-liga-1-2026-595246,201,103204,0.19%,7.05
https://www.futbolperuano.com/futbol-femenino/liga-femenina/alianza-lima-derroto-a-flamengo-fbc-y-sigue-firme-en-la-liga-femenina-2026-595019,201,11521,1.74%,3.77
https://www.futbolperuano.com/liga-1/noticias/edison-flores-pierde-terreno-en-universitario-se-conocio-la-verdadera-razon-de-sus-ultimas-ausencias-595506,201,5733,3.51%,4.92
https://www.futbolperuano.com/futbol-femenino/liga-femenina/tabla-de-posiciones,200,8461,2.36%,7.09
https://www.futbolperuano.com/peru/clubes/juan-aurich/,200,5973,3.35%,5.71
https://www.futbolperuano.com/liga-1/noticias/alianza-lima-se-conocio-el-tiempo-en-el-que-marco-huaman-estara-fuera-de-las-canchas-tras-fuerte-lesion-595478,200,5675,3.52%,5.68
https://www.futbolperuano.com/copa-peru/noticias/resultados-de-la-fecha-2-de-liguilla-final-de-etapa-departamental-de-arequipa-de-copa-peru-2026-594497,200,2091,9.56%,4.47
https://www.futbolperuano.com/liga-1/noticias/jhair-soto-no-llegara-a-alianza-lima-tras-caerse-su-fichaje-en-las-ultimas-horas-595730,197,4840,4.07%,4.3
https://www.futbolperuano.com/liga-3/noticias/programacion-de-la-fecha-11-de-la-liga-3-2026-595847,192,3182,6.03%,3.5
https://www.futbolperuano.com/liga-1/noticias/piero-quispe-y-las-tres-ausencias-de-universitario-para-visitar-a-cienciano-por-el-torneo-clausura-2026-594398,188,97425,0.19%,8.3
https://www.futbolperuano.com/liga-1/noticias/sporting-cristal-completo-el-cupo-de-extranjeros-con-su-ultimo-fichaje-595758,188,9773,1.92%,4.26
https://www.futbolperuano.com/copa-peru/noticias/juan-pablo-ii-cerca-de-tener-un-segundo-equipo-en-la-liga-profesional-594680,188,2976,6.32%,6.18
https://www.futbolperuano.com/en-vivo/copa-sudamericana-de-voleibol-masculino-2026-peru-vs-argentina-en-vivo-595058,187,8408,2.22%,6.72
https://www.futbolperuano.com/copa-sudamericana/noticias/la-prensa-mundial-se-rinde-ante-cienciano-tras-la-historica-goleada-sobre-botafogo-596066,185,3119,5.93%,4.61
https://www.futbolperuano.com/liga-3/noticias/programacion-de-la-fecha-9-de-la-fase-regional-de-la-liga-3-2026-593942,185,2841,6.51%,5.19
https://www.futbolperuano.com/liga-voley/copa-panamericana-sub-17-femenino/tabla-de-posiciones,184,3773,4.88%,6.54
https://www.futbolperuano.com/liga-1/noticias/luciano-nequecaur-se-revela-el-motivo-por-el-que-rechazo-a-universitario-y-sporting-cristal-tras-dejar-sport-boys-595900,183,5411,3.38%,3.93
https://www.futbolperuano.com/liga-voley/mundial-sub-17-femenino/peru-vs-tunez-en-vivo-online-por-la-fecha-1-del-grupo-b-del-campeonato-mundial-de-voley-sub-17-594946,182,14253,1.28%,7.08
https://www.futbolperuano.com/futbol-femenino/liga-femenina/alianza-lima-vs-defensores-del-ilucan-en-vivo-online-por-el-torneo-clausura-de-liga-femenina-2026-594360,181,28270,0.64%,4
https://www.futbolperuano.com/futbol-de-menores/liga-nacional-sub-16-peru/tabla-de-posiciones,181,1258,14.39%,4.57
https://www.futbolperuano.com/en-vivo/torneo-clausura-2026-fc-cajamarca-vs-universitario-en-vivo-596092,180,61032,0.29%,5.34
https://www.futbolperuano.com/liga-1/noticias/sporting-cristal-no-quiere-mover-el-partido-ante-sport-boys-y-noriega-revela-contundente-advertencia-596803,180,5253,3.43%,4.3
https://www.futbolperuano.com/en-vivo/copa-peru-2026-sport-river-vs-juventud-bellavista-en-vivo-596163,180,2779,6.48%,4.07
https://www.futbolperuano.com/futbol-femenino/liga-femenina/alianza-lima-continua-con-su-racha-invicta-en-el-torneo-clausura-de-la-liga-femenina-595388,177,7710,2.3%,4.82
https://www.futbolperuano.com/liga-3/noticias/liga-3-resultados-y-tabla-de-posiciones-de-la-fecha-8-de-la-fase-regional-593253,176,10509,1.67%,1.12
https://www.futbolperuano.com/en-vivo/copa-peru-2026-regatas-lima-vs-bella-esperanza-en-vivo-596156,176,4449,3.96%,5.06
https://www.futbolperuano.com/copa-peru/noticias/los-semifinalistas-de-liga-departamental-cusco-en-copa-peru-2026-595263,175,5436,3.22%,4.7
https://www.futbolperuano.com/liga-voley/resultados-y-tabla-de-posiciones-de-la-copa-sudamericana-de-voleibol-masculino-594648,174,15297,1.14%,7.21
https://www.futbolperuano.com/copa-sudamericana/cienciano-vs-botafogo-13-agosto-2026-copa-sudamericana-m3262881,174,6008,2.9%,10.33
https://www.futbolperuano.com/en-vivo/copa-sudamericana-2026-botafogo-vs-cienciano-en-vivo-596885,173,25021,0.69%,5.57
https://www.futbolperuano.com/liga-voley/mundial-sub-17-femenino/peru-vs-china-en-vivo-online-por-la-fecha-5-de-la-fase-de-grupos-del-mundial-sub-17-de-voley-femenino-595552,173,19370,0.89%,8.59
https://www.futbolperuano.com/en-vivo/copa-sudamericana-masculina-de-voley-2026-bolivia-vs-peru-en-vivo-595130,173,5674,3.05%,5.13
https://www.futbolperuano.com/partidos-por-tv/liga-2-peru-t36,173,5210,3.32%,7.33
https://www.futbolperuano.com/copa-peru/noticias/copa-peru-2026-resultados-de-los-partidos-de-la-primera-fecha-de-la-liguilla-final-de-la-etapa-departamental-de-ancash-594587,173,3431,5.04%,4.69
https://www.futbolperuano.com/liga-2/noticias/se-confirmo-el-canal-que-transmitira-los-partidos-de-la-liga-2-574855,172,1097,15.68%,3.77
https://www.futbolperuano.com/copa-sudamericana/noticias/cienciano-quien-sera-su-rival-en-los-cuartos-de-final-de-la-copa-sudamericana-2026-597005,169,8815,1.92%,4
https://www.futbolperuano.com/liga-2/noticias/programacion-de-la-fecha-13-de-la-fase-de-grupos-de-la-liga-2-2026-594532,168,6862,2.45%,8.06
https://www.futbolperuano.com/liga-voley/fecha-hora-y-canal-del-peru-vs-tunez-por-el-mundial-de-voley-sub-17-594868,166,18424,0.9%,8.04
https://www.futbolperuano.com/liga-3/noticias/ucayali-fc-vs-ecosem-pasco-en-vivo-online-por-fecha-9-de-fase-regional-de-liga-3-594301,166,3326,4.99%,4.22
https://www.futbolperuano.com/copa-peru/noticias/conoce-los-resultados-y-las-tablas-tras-la-fecha-5-de-la-liga-departamental-de-puno-por-la-copa-peru-2026-595470,166,2164,7.67%,4.09
https://www.futbolperuano.com/liga-1/noticias/cienciano-vs-deportivo-garcilaso-en-vivo-por-el-torneo-clausura-de-la-liga-1-596310,165,99843,0.17%,8.34
https://www.futbolperuano.com/en-vivo/liga-2-bentin-tacna-vs-sport-huancayo-en-vivo-596110,165,11384,1.45%,7.82
https://www.futbolperuano.com/en-vivo/liga-2-bentin-tacna-vs-ayacucho-fc-en-vivo-594205,165,7341,2.25%,8.39
https://www.futbolperuano.com/futbol-internacional/holanda/tabla-de-posiciones,163,18917,0.86%,8.96
https://www.futbolperuano.com/copa-peru/noticias/asi-quedo-la-liguilla-de-la-liga-departamental-de-cajamarca-de-copa-peru-2026-596415,163,2701,6.03%,4.12
https://www.futbolperuano.com/en-vivo/liga-2-ada-de-jaen-vs-deportivo-llacuabamba-en-vivo-595155,162,6514,2.49%,8.69
https://www.futbolperuano.com/peruanos-en-el-exterior/noticias/jesus-castillo-el-millonario-monto-que-recibira-universitario-por-su-transferencia-al-esperance-de-tunez-594545,162,4167,3.89%,3.67
https://www.futbolperuano.com/copa-peru/noticias/resultados-de-cuartos-de-final-de-la-liga-departamental-de-lima-en-copa-peru-2026-594504,162,2291,7.07%,4.61
https://www.futbolperuano.com/en-vivo/boca-juniors-vs-flamengo-en-vivo-adidas-lima-cup-2026-595121,161,3266,4.93%,5.37
https://www.futbolperuano.com/liga-2/noticias/liga-2-como-se-jugaran-los-partidos-de-la-fecha-14-de-la-fase-regional-595396,160,9398,1.7%,7.3
https://www.futbolperuano.com/en-vivo/liga-2-carlos-mannucci-vs-ada-de-jaen-en-vivo-594209,159,10846,1.47%,8.89
https://www.futbolperuano.com/futbol-femenino/liga-femenina/universitario-derroto-2-0-a-melgar-y-escalo-al-tercer-lugar-de-la-liga-femenina-2026-596305,158,22280,0.71%,3.06
https://www.futbolperuano.com/liga-1/noticias/mundialista-de-sport-boys-se-pierde-el-partido-ante-alianza-lima-595173,157,28233,0.56%,5.82
https://www.futbolperuano.com/copa-peru/noticias/domingo-dianderas-se-acerca-a-la-etapa-nacional-copa-peru-2026-593642,157,10021,1.57%,6.36
https://www.futbolperuano.com/copa-peru/noticias/copa-peru-posibles-rivales-de-domingo-dianderas-en-la-etapa-nacional-596537,157,4247,3.7%,4.06
https://www.futbolperuano.com/peru/mas-del-futbol-peruano/oficializan-convocatoria-equipos-mas-populares-del-peru-para-tradicion-copera-595958,157,1332,11.79%,4.49
https://www.futbolperuano.com/en-vivo/torneo-clausura-2026-cienciano-vs-deportivo-garcilaso-en-vivo-596095,155,84647,0.18%,5.8
https://www.futbolperuano.com/liga-2/noticias/carlos-mannucci-vs-ada-de-jaen-en-vivo-por-la-liga-2-594421,153,9878,1.55%,7.48
https://www.futbolperuano.com/futbol-internacional/mexico/el-nuevo-equipo-de-guillermo-viscarra-tras-haber-dejado-alianza-lima-595904,152,2682,5.67%,5.64
https://www.futbolperuano.com/en-vivo/torneo-clausura-2026-fc-cajamarca-vs-sport-huancayo-en-vivo-594221,150,97820,0.15%,9.21
https://www.futbolperuano.com/en-vivo/liga-2-comerciantes-fc-vs-bentin-tacna-en-vivo-595161,150,11584,1.29%,8.55
https://www.futbolperuano.com/en-vivo/liga-femenina-2026-flamengo-vs-alianza-lima-en-vivo-594900,150,10345,1.45%,5.17
https://www.futbolperuano.com/copa-peru/noticias/copa-peru-2026-deportivo-huayruro-hace-historia-y-clasifica-por-primera-vez-a-la-etapa-nacional-596335,150,4976,3.01%,4.02
https://www.futbolperuano.com/partidos-por-tv/golperu-c4,149,10227,1.46%,9.37
https://www.futbolperuano.com/liga-1/noticias/emanuel-herrera-sorprendio-al-hablar-de-sporting-cristal-previo-al-duelo-con-universitario-594864,149,6139,2.43%,3.86
https://www.futbolperuano.com/liga-1/noticias/liga-1-2026-resultados-y-tabla-de-posiciones-de-la-fecha-4-del-torneo-clausura-594886,147,50237,0.29%,6.91
https://www.futbolperuano.com/liga-1/sport-boys-vs-alianza-lima-8-agosto-2026-liga-1-peru---torneo-clausura-m3243892,146,15925,0.92%,9.22
https://www.futbolperuano.com/copa-peru/noticias/la-fecha-de-inicio-de-la-etapa-nacional-de-la-copa-peru-2026-596684,146,2839,5.14%,3.61
https://www.futbolperuano.com/partidos-por-tv/fivb-c56,145,15813,0.92%,7.71
https://www.futbolperuano.com/liga-1/noticias/universitario-de-deportes-decidio-renovar-a-andy-polo-por-tres-temporadas-hasta-2029-596675,145,5528,2.62%,3.15
https://www.futbolperuano.com/en-vivo/copa-peru-2026-regatas-lima-vs-sport-humaya-en-vivo-595204,145,3339,4.34%,5.43
https://www.futbolperuano.com/futbol-femenino/liga-femenina/liga-femenina-2026-resultados-y-tabla-de-posiciones-de-la-fecha-2-del-torneo-clausura-593932,145,1606,9.03%,5.1
https://www.futbolperuano.com/partidos-por-tv/peru-liga-1-primera-division-del-peru-t35,144,30358,0.47%,7.34
https://www.futbolperuano.com/copa-peru/noticias/resultados-partidos-de-ida-cuartos-final-liga-departamental-cusco-en-copa-peru-2026-594714,144,3777,3.81%,5.63
https://www.futbolperuano.com/liga-2/noticias/estudiantil-cni-sorprende-y-se-refuerza-con-ganador-del-mundial-de-clubes-594181,143,2398,5.96%,8.38
https://www.futbolperuano.com/futbol-femenino/liga-femenina/se-oficializo-el-fixture-de-la-liga-femenina-2026-y-el-formato-de-competencia-567603,142,1152,12.33%,5.58
https://www.futbolperuano.com/liga-1/noticias/jefferson-farfan-se-rinde-ante-figura-de-sport-boys-y-pide-su-fichaje-por-alianza-lima-595407,141,8087,1.74%,5.55
https://www.futbolperuano.com/liga-1/noticias/adt-vs-deportivo-garcilaso-en-vivo-por-el-torneo-clausura-594294,140,28835,0.49%,9.06
https://www.futbolperuano.com/liga-3/noticias/programacion-de-la-fecha-12-de-la-fase-regional-de-la-liga-3-2026-596641,140,2170,6.45%,4.59
https://www.futbolperuano.com/liga-1/noticias/atletico-grau-vs-comerciantes-unidos-en-vivo-online-por-la-fecha-5-del-torneo-clausura-de-la-liga-1-2026-596081,138,116259,0.12%,7.61
https://www.futbolperuano.com/liga-1/noticias/fc-cajamarca-vs-sport-huancayo-en-vivo-online-por-fecha-3-del-torneo-clausura-de-liga-1-2026-594310,136,99649,0.14%,8.33
https://www.futbolperuano.com/futbol-femenino/sudamericano-sub-17/tabla-de-posiciones,136,3515,3.87%,8.1
https://www.futbolperuano.com/en-vivo/mundial-de-voley-femenino-sub-17-chile-vs-tailandia-en-vivo-595206,135,4738,2.85%,4.27
https://www.futbolperuano.com/liga-1/noticias/juan-manuel-requena-calienta-la-previa-del-universitario-vs-sporting-cristal-594984,133,22621,0.59%,4.01
https://www.futbolperuano.com/en-vivo/liga-femenina-2026-sporting-cristal-vs-universitario-en-vivo-595191,132,15194,0.87%,4.45
https://www.futbolperuano.com/copa-peru/noticias/los-5-primeros-clasificados-a-la-etapa-nacional-de-la-copa-peru-2026-593996,132,3012,4.38%,5.69
https://www.futbolperuano.com/en-vivo/torneo-clausura-2026-sport-huancayo-vs-los-chankas-en-vivo-595113,131,86935,0.15%,8.86
https://www.futbolperuano.com/en-vivo/torneo-clausura-2026-sporting-cristal-vs-juan-pablo-en-vivo-594227,131,53858,0.24%,7.63
https://www.futbolperuano.com/liga-1/noticias/pablo-guede-revela-la-razon-de-la-ausencia-de-kevin-quevedo-en-alianza-lima-594458,131,16406,0.8%,7.98
https://www.futbolperuano.com/futbol-de-menores/copa-federacion/copa-federacion-2026-programacion-de-partidos-del-17-al-19-de-julio-592259,130,3112,4.18%,5.46
https://www.futbolperuano.com/futbol-de-menores/copa-federacion/plata-promocional-serie-2/tabla-de-posiciones,130,1672,7.78%,6.16
https://www.futbolperuano.com/liga-1/noticias/sporting-cristal-vs-juan-pablo-ii-en-vivo-online-por-fecha-3-del-torneo-clausura-de-liga-1-2026-594344,129,57259,0.23%,6.48
https://www.futbolperuano.com/futbol-femenino/liga-femenina/liga-femenina-como-se-jugaran-los-partidos-de-la-fecha-6-del-torneo-clausura-596430,129,2102,6.14%,4.95
https://www.futbolperuano.com/liga-1/noticias/vuelve-al-3-5-2-la-alineacion-de-universitario-para-recibir-a-sporting-cristal-por-el-torneo-clausura-2026-595109,128,12957,0.99%,5.82
https://www.futbolperuano.com/en-vivo/copa-sudamericana-masculina-de-voley-2026-peru-vs-paraguay-en-vivo-595358,128,3752,3.41%,4.61
https://www.futbolperuano.com/copa-peru/noticias/cuantos-equipos-participaran-de-la-etapa-nacional-de-la-copa-peru-2026-595977,127,3634,3.49%,5.3
https://www.futbolperuano.com/copa-sudamericana/noticias/botafogo-vs-cienciano-en-vivo-online-por-la-vuelta-de-octavos-de-final-de-copa-sudamericana-2026-596645,126,27266,0.46%,5.78
https://www.futbolperuano.com/liga-1/noticias/hector-cuper-asume-la-responsabilidad-tras-caida-de-universitario-ante-cienciano-594568,126,6022,2.09%,3.94
https://www.futbolperuano.com/en-vivo/copa-sudamericana-de-voleibol-masculino-2026-peru-vs-chile-en-vivo-594832,126,5692,2.21%,6.19
https://www.futbolperuano.com/liga-3/noticias/juan-aurich-toma-radical-decision-tras-la-goleada-sufrida-en-huamachuco-596507,125,2198,5.69%,4.4
https://www.futbolperuano.com/liga-1/universitario-de-deportes-vs-sporting-cristal-7-agosto-2026-liga-1-peru---torneo-clausura-m3243907,124,4616,2.69%,9.43
https://www.futbolperuano.com/liga-1/noticias/melgar-vs-fc-cajamarca-en-vivo-por-el-torneo-clausura-595294,123,56823,0.22%,8.5
https://www.futbolperuano.com/liga-voley/copa-federacion/resultados,123,3868,3.18%,5.9
https://www.futbolperuano.com/liga-1/noticias/figura-de-deportivo-garcilaso-revela-la-razon-por-la-que-rechazo-a-universitario-y-sporting-cristal-595431,122,8696,1.4%,6.16
https://www.futbolperuano.com/liga-1/noticias/federico-girotti-confeso-que-penso-en-dejar-alianza-lima-tras-sus-diferencias-con-pablo-guede-594569,122,7358,1.66%,3.39
https://www.futbolperuano.com/en-vivo/liga-femenina-2026-unsaac-vs-alianza-lima-en-vivo-596136,122,6771,1.8%,4.92
https://www.futbolperuano.com/liga-1/noticias/sporting-cristal-ficharia-a-volante-que-estuvo-cerca-de-llegar-a-universitario-595330,121,26204,0.46%,7.33
https://www.futbolperuano.com/liga-1/noticias/universitario-y-el-sorpresivo-monto-que-pago-para-fichar-al-panameno-jorge-gutierrez-595933,121,6212,1.95%,3.84
https://www.futbolperuano.com/copa-peru/noticias/copa-peru-resultados-y-tabla-de-posiciones-en-la-fecha-3-de-la-liguilla-final-de-la-liga-departamental-de-arequipa-595457,121,1694,7.14%,5.42
https://www.futbolperuano.com/liga-3/noticias/union-huaral-sorprende-a-alianza-lima-y-evita-que-escale-a-la-cima-del-grupo-b-en-la-liga-3-596308,120,121443,0.1%,2.53
https://www.futbolperuano.com/liga-1/noticias/sport-huancayo-vs-los-chankas-en-vivo-online-por-fecha-4-del-torneo-clausura-de-liga-1-2026-595061,119,61168,0.19%,7.63
https://www.futbolperuano.com/en-vivo/liga-femenina-2026-alianza-lima-vs-defensores-del-ilucan-en-vivo-594248,119,7885,1.51%,5.62
https://www.futbolperuano.com/liga-3/noticias/municipal-de-pangoa-vs-ecosem-pasco-en-vivo-online-por-la-fecha-10-de-la-fase-regional-de-la-liga-3-2026-595218,119,3898,3.05%,4.1
https://www.futbolperuano.com/liga-1/noticias/lisandro-greppo-fue-ratificado-como-tecnico-de-deportivo-garcilaso-hasta-fin-de-la-temproada-2026-de-la-liga-1-595238,118,52654,0.22%,6.66
https://www.futbolperuano.com/copa-peru/noticias/programacion-partidos-vuelta-cuartos-de-final-liga-departamental-lima-en-copa-peru-2026-594651,118,3107,3.8%,6.24
https://www.futbolperuano.com/liga-1/noticias/fecha-hora-y-canal-del-sport-boys-vs-alianza-lima-por-el-torneo-clausura-594428,117,42874,0.27%,5.13
https://www.futbolperuano.com/copa-peru/noticias/clasificados-a-cuartos-de-final-liga-departamental-cusco-en-copa-peru-2026-593661,117,2344,4.99%,5.46
https://www.futbolperuano.com/liga-voley/programacion-oficial-del-mundial-de-voleibol-femenino-sub-17-592048,116,1961,5.92%,7.51
https://www.futbolperuano.com/en-vivo/torneo-clausura-2026-utc-vs-adt-en-vivo-595139,114,84103,0.14%,9.66
https://www.futbolperuano.com/ultimos-sismos/temblor-de-48-grados-d-emagnitud-sacudio-lima-este-miercoles-19-de-agosto-596665,114,4009,2.84%,4.43
https://www.futbolperuano.com/liga-2/noticias/bentin-tacna-vs-ayacucho-fc-en-vivo-online-por-fecha-12-de-la-liga-2-2026-594392,113,12195,0.93%,7.41
https://www.futbolperuano.com/liga-1/noticias/sport-boys-pierde-dos-nuevos-puntos-en-la-tabla-acumulada-de-la-liga-1-2026-596494,113,5530,2.04%,4.09
https://www.futbolperuano.com/partidos-por-tv/noticias/programacion-de-partidos-por-tv-del-miercoles-05-de-agosto-del-2026-594718,111,7248,1.53%,2.68
https://www.futbolperuano.com/liga-1/noticias/adt-de-tarma-vs-alianza-atletico-en-vivo-por-el-torneo-clausura-596146,110,51879,0.21%,9.24
https://www.futbolperuano.com/en-vivo/torneo-clausura-2026-cusco-fc-vs-utc-en-vivo-594225,109,114331,0.1%,10.26
https://www.futbolperuano.com/en-vivo/mundial-sub-17-de-voley-femenino-2026-chile-vs-republica-checa-595053,109,3557,3.06%,4.43
https://www.futbolperuano.com/seleccion/noticias/seleccion-peruana-las-sedes-que-se-usaran-para-las-eliminatorias-2030-594744,108,4422,2.44%,5.21
https://www.futbolperuano.com/liga-1/noticias/liga-1-2026-resultados-y-tabla-de-posiciones-de-la-fecha-5-del-torneo-clausura-595993,107,29939,0.36%,6.98
https://www.futbolperuano.com/en-vivo/liga-2-san-martin-vs-ada-de-jaen-en-vivo-596107,107,8890,1.2%,8.2
https://www.futbolperuano.com/en-vivo/liga-boliviana-blooming-vs-always-ready-en-vivo-595051,106,41873,0.25%,11.22
https://www.futbolperuano.com/partidos-por-tv/liga-1-peru-torneo-apertura-t35,106,30711,0.35%,10.52
https://www.futbolperuano.com/en-vivo/liga-2-binacional-vs-union-minas-en-vivo-595107,106,8009,1.32%,8.45
https://www.futbolperuano.com/fichajes/,106,1963,5.4%,6.2
https://www.futbolperuano.com/copa-peru/noticias/el-primer-clasificado-de-apurimac-a-la-etapa-nacional-copa-peru-2026-595514,106,1678,6.32%,4.25
https://www.futbolperuano.com/liga-1/noticias/liga-1-comision-disciplinaria-castiga-a-sport-boys-596258,105,14172,0.74%,6.35
https://www.futbolperuano.com/en-vivo/liga-2-santos-vs-alianza-universidad-en-vivo-596116,105,12269,0.86%,7.78
https://www.futbolperuano.com/peruanos-en-el-exterior/noticias/se-queda-a-pelear-un-lugar-felipe-chavez-y-la-inesperada-noticia-que-recibio-en-bayern-munich-594435,105,2691,3.9%,5.19
https://www.futbolperuano.com/liga-1/noticias/roberto-mosquera-revelo-si-sporting-cristal-negocia-el-fichaje-de-rodrigo-urena-594837,104,3621,2.87%,4.2
https://www.futbolperuano.com/copa-peru/noticias/copa-peru-2026-resultados-y-tabla-de-posiciones-de-la-fecha-3-de-la-fase-3-de-la-liga-departamental-de-puno-593954,104,1389,7.49%,4.59
https://www.futbolperuano.com/copa-peru/noticias/los-cuatro-clasificados-al-cuadrangular-final-de-junin-de-la-copa-peru-2026-596438,103,2226,4.63%,4.14
https://www.futbolperuano.com/liga-1/noticias/sport-boys-vs-alianza-lima-en-vivo-por-el-torneo-clausura-2026-595160,102,30892,0.33%,7.56
https://www.futbolperuano.com/liga-2/noticias/santos-fc-vs-alianza-universidad-de-huanuco-en-vivo-online-por-la-fecha-14-de-la-fase-de-grupos-de-la-liga-2-2026-596346,102,18360,0.56%,6.95
https://www.futbolperuano.com/liga-2/noticias/se-inaugura-el-estadio-daniel-alcides-carrion-en-la-liga-2-595950,102,6002,1.7%,7.11
https://www.futbolperuano.com/liga-1/noticias/universitario-hector-cuper-deja-fuera-de-la-convocatoria-a-tres-figuras-para-enfrentar-a-sporting-cristal-594963,102,1752,5.82%,3.76
https://www.futbolperuano.com/liga-2/noticias/comerciantes-fc-vs-bentin-tacna-en-vivo-online-por-la-fecha-13-de-la-fase-de-grupos-de-la-liga-2-2026-595231,101,11881,0.85%,7.52
https://www.futbolperuano.com/en-vivo/liga-3-asa-vs-uda-en-vivo-594265,101,5047,2%,4.75
https://www.futbolperuano.com/copa-peru/noticias/juan-carlos-bazalar-asume-un-nuevo-reto-en-la-copa-peru-2026-596532,101,1308,7.72%,3.17
https://www.futbolperuano.com/en-vivo/torneo-clausura-2026-los-chankas-vs-melgar-en-vivo-596082,100,89265,0.11%,8.79
https://www.futbolperuano.com/copa-libertadores/noticias/corinthians-vs-rosario-central-en-vivo-por-la-copa-libertadores-596754,100,19205,0.52%,7.2
https://www.futbolperuano.com/partidos-por-tv/peru-liga-peruana-de-voley-femenino-lnsv-t295,100,18466,0.54%,8.22
https://www.futbolperuano.com/en-vivo/mundial-de-voley-femenino-sub-17-brasil-vs-argentina-en-vivo-595271,100,5139,1.95%,3.57
https://www.futbolperuano.com/en-vivo/liga-3-universitario-vs-social-pariacoto-en-vivo-594257,99,20926,0.47%,4.24
https://www.futbolperuano.com/copa-sudamericana/noticias/para-enfrentar-a-cienciano-figura-de-botafogo-se-pierde-el-duelo-por-la-copa-sudamericana-595687,98,21780,0.45%,6.86
https://www.futbolperuano.com/en-vivo/liga-2-cantolao-vs-cesar-vallejo-en-vivo-594196,98,7197,1.36%,9
https://www.futbolperuano.com/en-vivo/liga-femenina-2026-alianza-lima-vs-yanapuma-en-vivo-595190,98,5180,1.89%,4.74
https://www.futbolperuano.com/futbol-de-menores/copa-federacion/oro/resultados,98,1871,5.24%,6.01
https://www.futbolperuano.com/copa-peru/noticias/copa-peru-2026-resultados-de-los-partidos-de-la-fecha-6-de-la-fase-1-en-la-liga-departamental-de-la-libertad-594479,98,1854,5.29%,4.81
https://www.futbolperuano.com/en-vivo/torneo-clausura-2026-deportivo-garcilaso-vs-deportivo-moquegua-en-vivo-595147,97,74546,0.13%,8.5
https://www.futbolperuano.com/liga-1/noticias/juan-pablo-ii-vs-atletico-grau-en-vivo-por-el-torneo-clausura-595149,97,15683,0.62%,6.94
https://www.futbolperuano.com/copa-peru/noticias/atletico-torino-entre-clasificados-de-la-liga-departamental-piura-en-copa-peru-2026-595438,97,2608,3.72%,5.15
https://www.futbolperuano.com/liga-3/noticias/liga-3-2026-tablas-y-resultados-de-la-fecha-9-de-la-fase-regional-de-la-tercera-division-594105,97,2276,4.26%,4.28
https://www.futbolperuano.com/liga-2/noticias/estudiantil-cni-vs-binacional-en-vivo-por-la-liga-2-594405,95,6762,1.4%,8.46
https://www.futbolperuano.com/liga-voley/peru-convoca-a-una-nueva-armadora-para-el-mundial-de-voley-sub-17-594656,95,4071,2.33%,6.41
https://www.futbolperuano.com/partidos-por-tv/laliga-de-espana-t16,94,2758,3.41%,6.54
https://www.futbolperuano.com/en-vivo/torneo-clausura-2026-atletico-grau-vs-sport-boys-en-vivo-594224,93,71172,0.13%,8.69
https://www.futbolperuano.com/liga-2/noticias/liga-2-como-se-jugaran-los-partidos-de-la-fecha-15-de-la-fase-regional-596450,93,7882,1.18%,8.35
https://www.futbolperuano.com/copa-peru/noticias/domingo-dianderas-vuelve-a-ser-campeon-en-la-copa-peru-2026-590759,92,7200,1.28%,6.34
https://www.futbolperuano.com/liga-1/noticias/fc-cajamarca-se-refuerza-con-un-delantero-con-pasado-en-el-futbol-aleman-596511,92,3847,2.39%,6.04
https://www.futbolperuano.com/liga-1/noticias/jean-deza-lanzo-fuerte-critica-sobre-piero-quispe-tras-volver-a-universitario-y-cuestiono-su-preparacion-595962,90,6815,1.32%,3.59
https://www.futbolperuano.com/en-vivo/liga-2-cesar-vallejo-vs-pirata-en-vivo-595158,90,5875,1.53%,7.62
https://www.futbolperuano.com/futbol-de-menores/copa-federacion/alianza-lima-sporting-cristal-y-universitario-luchan-por-el-titulo-de-la-copa-federacion-oro-596460,90,4469,2.01%,3.23
https://www.futbolperuano.com/copa-sudamericana/noticias/copa-sudamericana-2026-los-clubes-clasificados-y-cruces-confirmados-de-los-cuartos-de-final-597003,89,24127,0.37%,5.97
https://www.futbolperuano.com/en-vivo/liga-femenina-2026-flamengo-vs-sporting-cristal-en-vivo-596131,89,12329,0.72%,5.47
https://www.futbolperuano.com/en-vivo/liga-3-universitario-vs-alianza-lima-en-vivo-595174,88,19354,0.45%,3.95
https://www.futbolperuano.com/seleccion/noticias/seleccion-peruana-figura-de-universitario-volvera-a-la-convocatoria-luego-de-casi-un-ano-596746,87,4105,2.12%,4.04
https://www.futbolperuano.com/liga-1/noticias/cienciano-vs-universitario-de-deportes-en-vivo-online-por-la-fecha-3-del-torneo-clausura-de-la-liga-1-2026-594340,86,31664,0.27%,6.31
https://www.futbolperuano.com/en-vivo/liga-2-union-comercio-vs-cantolao-en-vivo-595110,86,10447,0.82%,8.48
https://www.futbolperuano.com/liga-2/tabla-acumulada/tabla-de-posiciones,86,4401,1.95%,9.14
https://www.futbolperuano.com/liga-1/noticias/jhair-soto-jugara-en-alianza-lima-acuerdo-total-y-solo-falta-la-firma-595311,86,4262,2.02%,6.74
https://www.futbolperuano.com/liga-1/noticias/adt-ficha-a-delantero-que-estuvo-en-la-mira-de-universitario-alianza-lima-y-sporting-cristal-595428,86,2924,2.94%,4.75
https://www.futbolperuano.com/liga-1/noticias/roberto-mosquera-lanza-advertencia-a-universitario-de-deportes-594824,85,6374,1.33%,4.28
https://www.futbolperuano.com/liga-3/noticias/liga-3-pierde-otro-equipo-corazon-de-leon-quedara-fuera-por-segundo-walk-over-594598,85,2279,3.73%,4.14
https://www.futbolperuano.com/en-vivo/liga-3-melgar-vs-nacional-fbc-en-vivo-594263,84,16308,0.52%,8.34
https://www.futbolperuano.com/futbol-internacional/usa/tabla-de-posiciones,83,33981,0.24%,9.08
https://www.futbolperuano.com/liga-1/noticias/alianza-atletico-vs-sporting-cristal-en-vivo-por-el-torneo-clausura-596921,83,18831,0.44%,5.47
https://www.futbolperuano.com/en-vivo/copa-sudamericana-masculina-de-voley-2026-colombia-vs-venezuela-en-vivo-594897,83,3222,2.58%,5.75
https://www.futbolperuano.com/copa-peru/noticias/fecha-hora-y-canal-del-domingo-dianderas-vs-bad-boys-por-la-copa-peru-596523,83,2919,2.84%,4.17
https://www.futbolperuano.com/liga-1/noticias/jean-ferrari-revelo-que-andre-carrillo-acepto-jugar-en-universitario-596945,83,2406,3.45%,3.11
https://www.futbolperuano.com/futbol-internacional/argentina/tabla-de-posiciones,82,25514,0.32%,9.49
https://www.futbolperuano.com/copa-libertadores/noticias/rosario-central-vs-corinthians-en-vivo-por-la-copa-libertadores-595814,82,13529,0.61%,5.15
https://www.futbolperuano.com/liga-1/noticias/se-revelo-si-christian-cueva-llegaria-para-el-sport-boys-vs-alianza-lima-por-el-torneo-clausura-594972,82,10164,0.81%,4.19
https://www.futbolperuano.com/liga-1/noticias/liga-1-los-exorbitantes-precios-para-ver-a-alianza-lima-en-chongoyape-596959,82,9307,0.88%,3.02
https://www.futbolperuano.com/liga-1/cienciano-vs-universitario-de-deportes-2-agosto-2026-liga-1-peru---torneo-clausura-m3243884,82,3223,2.54%,8.83
https://www.futbolperuano.com/copa-peru/noticias/cuatro-equipos-clasificaron-a-la-liguilla-de-la-liga-departamental-de-cajamarca-en-la-copa-peru-2026-595467,82,1556,5.27%,4.72
https://www.futbolperuano.com/copa-peru/noticias/atletico-torino-clasifico-a-semifinales-liga-departamental-piura-en-copa-peru-2026-596412,82,1500,5.47%,4.27
https://www.futbolperuano.com/copa-libertadores/noticias/mirassol-vs-ldu-de-quito-en-vivo-por-la-copa-libertadores-595810,81,11783,0.69%,6.85
https://www.futbolperuano.com/liga-2/noticias/ada-de-jaen-vs-deportivo-llacuabamba-en-vivo-online-or-la-fecha-13-de-la-fase-de-grupos-de-la-liga-2-2026-595247,81,5837,1.39%,8.22
https://www.futbolperuano.com/fichajes/fichajes-de-universitario-altas-y-bajas-para-el-torneo-clausura-2026-588203,81,2736,2.96%,4.39
https://www.futbolperuano.com/liga-1/noticias/nolberto-solano-lanza-dura-comparacion-entre-kevin-quevedo-y-eryc-castillo-tras-su-salida-de-alianza-lima-596762,81,1620,5%,2.91
https://www.futbolperuano.com/futbol-internacional/brasil/tabla-de-posiciones,80,51830,0.15%,9.6
https://www.futbolperuano.com/copa-peru/noticias/regatas-lima-vs-sport-humaya-en-vivo-por-la-liga-departamental-de-lima--copa-peru-595312,80,3794,2.11%,4.7
https://www.futbolperuano.com/en-vivo/mundial-de-voley-femenino-sub-17-venezuela-vs-tunez-en-vivo-595459,79,5235,1.51%,4
https://www.futbolperuano.com/liga-1/noticias/cusco-fc-vs-utc-en-vivo-por-el-torneo-clausura-2026-594278,78,17303,0.45%,9.07
https://www.futbolperuano.com/liga-3/noticias/liga-3-2026-resultados-y-tabla-de-posiciones-de-la-fecha-4-de-la-fase-regional-589718,78,4492,1.74%,1.2
https://www.futbolperuano.com/futbol-femenino/liga-femenina/liga-femenina-resultados-y-tabla-de-posiciones-de-la-fecha-5-del-torneo-clausura-2026-596019,78,2923,2.67%,4.35
https://www.futbolperuano.com/copa-peru/noticias/definidas-las-semifinales-liga-departamental-de-lambayeque-en-copa-peru-2026-595469,78,1023,7.62%,4.05
https://www.futbolperuano.com/en-vivo/torneo-clausura-2026-melgar-vs-fc-cajamarca-en-vivo-595148,77,67187,0.11%,6.9
https://www.futbolperuano.com/en-vivo/copa-sudamericana-2026-vasco-da-gama-vs-olimpia-en-vivo-595989,77,19838,0.39%,5.84
https://www.futbolperuano.com/liga-1/noticias/jorge-abdiel-gutierrez-lateral-panameno-cerca-de-ser-nuevo-jugador-de-universitario-595452,77,7662,1%,5.6
https://www.futbolperuano.com/partidos-por-tv/directv-sports-c3,77,2825,2.73%,8.13
https://www.futbolperuano.com/copa-peru/noticias/alianza-arenal-se-acerca-a-la-etapa-nacional-copa-peru-2026-en-ancash-595477,76,1951,3.9%,5.02
https://www.futbolperuano.com/copa-peru/noticias/resultados-y-tablas-de-fecha-4-de-fase-3-de-la-liga-departamental-de-puno-de-copa-peru-2026-594509,76,1080,7.04%,5.89
https://www.futbolperuano.com/liga-2/noticias/bentin-tacna-heroica-vs-sport-huancayo-en-vivo-por-la-liga-2-596278,75,10369,0.72%,6.92
https://www.futbolperuano.com/liga-1/noticias/figura-de-sporting-cristal-se-despide-de-la-temporada-2026-tras-dura-lesion-596992,75,4167,1.8%,3.25
https://www.futbolperuano.com/copa-peru/noticias/copa-peru-2026-resultados-de-los-partidos-de-ida-de-la-fase-2-etapa-departamental-de-piura-594578,75,1441,5.2%,4.47
https://www.futbolperuano.com/liga-3/noticias/fixture-de-juan-aurich-para-la-temporada-2026-de-la-liga-3-583887,75,702,10.68%,5.19
https://www.futbolperuano.com/futbol-de-menores/,75,493,15.21%,5.24
https://www.futbolperuano.com/liga-1/noticias/quien-sera-el-arbitro-del-universitario-vs-sporting-cristal-por-el-torneo-clausura-594801,74,11081,0.67%,4.38
https://www.futbolperuano.com/en-vivo/liga-3-alianza-lima-vs-union-huaral-en-vivo-596277,74,10026,0.74%,4.45
https://www.futbolperuano.com/copa-sudamericana/noticias/tecnico-de-botafogo-revela-el-duro-momento-del-equipo-tras-la-goleada-6-1-ante-cienciano-en-la-sudamericana-596467,74,7624,0.97%,7.09
https://www.futbolperuano.com/en-vivo/liga-femenina-2026-defensores-del-ilucan-vs-sporting-cristal-en-vivo-594933,74,2451,3.02%,4.03
https://www.futbolperuano.com/liga-1/alianza-atletico-vs-cienciano-6-agosto-2026-liga-1-peru---torneo-clausura-m3243897,73,27715,0.26%,9.74
https://www.futbolperuano.com/liga-de-campeones/union-saint-gilloise-vs-bod-glimt-4-agosto-2026-uefa-champions-league-m3261093,73,14534,0.5%,9.68
https://www.futbolperuano.com/liga-voley/LNSV/resultados,73,12112,0.6%,7.41
https://www.futbolperuano.com/liga-1/noticias/quien-sera-el-arbitro-del-sport-boys-vs-alianza-lima-por-el-torneo-clausura-594795,73,10031,0.73%,4.94
https://www.futbolperuano.com/liga-voley/sudamericano-sub-17-femenino/tabla-de-posiciones,73,3457,2.11%,8.89
https://www.futbolperuano.com/copa-peru/noticias/copa-peru-resultados-en-la-fecha-1-de-la-fase-3-de-la-liga-departamental-de-junin-594529,73,1763,4.14%,5.24
https://www.futbolperuano.com/en-vivo/liga-femenina-2026-unsaac-vs-atletico-andahuaylas-en-vivo-594805,73,1084,6.73%,5.63
https://www.futbolperuano.com/copa-sudamericana/noticias/cienciano-las-radios-que-relataran-partido-ante-botafogo-por-octavos-de-la-copa-sudamericana-2026-596609,72,18268,0.39%,4.07
https://www.futbolperuano.com/liga-1/noticias/hector-cuper-toma-rotunda-decision-con-piero-quispe-y-sorprende-con-tres-bajas-para-enfrentar-a-fc-cajamarca-596321,72,13454,0.54%,5.09
https://www.futbolperuano.com/copa-peru/noticias/atletico-torino-golea-y-mete-miedo-en-la-etapa-departamental-de-piura-595855,72,1385,5.2%,4.15
https://www.futbolperuano.com/copa-peru,71,3926,1.81%,1.22
https://www.futbolperuano.com/copa-peru/noticias/copa-peru-resultados-de-la-fecha-3-en-la-liguilla-final-de-la-liga-departamental-de-apurimac-594521,71,2681,2.65%,6.09
https://www.futbolperuano.com/en-vivo/copa-sudamericana-2026-bolivar-vs-sao-paulo-en-vivo-595661,70,35877,0.2%,5.6
https://www.futbolperuano.com/liga-2/noticias/liga-2-2026-resultados-y-tablas-de-posiciones-de-la-fecha-14-de-la-fase-de-grupos-596175,70,15371,0.46%,7.91
https://www.futbolperuano.com/en-vivo/liga-2-santos-vs-comerciantes-fc-en-vivo-594202,70,15311,0.46%,9.34
https://www.futbolperuano.com/liga-1/noticias/el-volante-de-sporting-cristal-dejo-claro-el-objetivo-para-visitar-a-universitario-en-ate-594701,70,6850,1.02%,3.64
https://www.futbolperuano.com/liga-voley/seleccion-peruana-donde-ver-el-mundial-de-voley-sub-17-594760,69,5910,1.17%,6.16
https://www.futbolperuano.com/partidos-por-tv/noticias/programacion-de-partidos-por-tv-del-miercoles-19-de-agosto-del-2026-596595,69,4831,1.43%,4.29
https://www.futbolperuano.com/copa-peru/noticias/resultados-semifinales-liga-departamental-cusco-por-la-copa-peru-2026-595587,69,1937,3.56%,4.68
https://www.futbolperuano.com/futbol-femenino/torneo-clausura/resultados,69,1002,6.89%,5.56
https://www.futbolperuano.com/liga-1/noticias/alineaciones-del-alianza-lima-vs-utc-por-la-fecha-5-del-torneo-clausura-de-la-liga-1-2026-596292,68,61883,0.11%,7.68
https://www.futbolperuano.com/copa-peru/noticias/copa-peru-amenazan-de-muerte-a-cuatro-jugadores-antes-de-una-semifinal-594929,68,2489,2.73%,6.95
https://www.futbolperuano.com/peru/mas-del-futbol-peruano/los-10-clubes-peruanos-mas-antiguos-que-aun-siguen-en-competencia-505793,68,2080,3.27%,4.1
https://www.futbolperuano.com/partidos-por-tv/copa-libertadores-t5,67,13014,0.51%,9.34
https://www.futbolperuano.com/liga-1/noticias/fue-figura-de-sport-boys-y-ahora-suena-con-regresar-de-cara-al-centenario-en-el-2027-595441,67,6688,1%,5.13
https://www.futbolperuano.com/liga-1/noticias/donde-comprar-entradas-para-los-chankas-vs-universitario-de-deportes-568529,67,5294,1.27%,7.58
https://www.futbolperuano.com/copa-peru/noticias/copa-peru-2026-juventud-puente-bolivar-vs-arsenal-lawn-tennis-en-vivo-online-por-la-ida-de-las-semifinales-de-la-liga-departamental-de-lima-596191,67,2565,2.61%,4.29
https://www.futbolperuano.com/futbol-femenino/liga-femenina/programacion-de-la-fecha-2-del-torneo-clausura-de-la-liga-femenina-2026-593610,67,1202,5.57%,4.37
https://www.futbolperuano.com/copa-peru/noticias/fixture-de-la-liga-departamental-de-la-libertad-en-la-copa-peru-2026-588236,67,972,6.89%,4.56
https://www.futbolperuano.com/peru/clubes/cienciano/,66,189440,0.03%,8.7
https://www.futbolperuano.com/peru/clubes/universitario/,66,180746,0.04%,8.29
https://www.futbolperuano.com/partidos-por-tv/liga-1-primera-division-del-peru-t35,66,17089,0.39%,8.27
https://www.futbolperuano.com/liga-voley/mundial-sub-17-femenino/a-que-hora-juegan-peru-vs-china-por-el-mundial-de-voley-sub-17-595575,66,7722,0.85%,8.79
https://www.futbolperuano.com/futbol-internacional/escocia/tabla-de-posiciones,66,5506,1.2%,9.29
https://www.futbolperuano.com/futbol-de-menores/copa-federacion/,66,3322,1.99%,7.63
https://www.futbolperuano.com/copa-peru/noticias/las-llaves-de-los-cuartos-de-final-de-la-liga-departamental-de-lima-en-copa-peru-2026-593547,66,947,6.97%,5.25
https://www.futbolperuano.com/en-vivo/liga-2-estudiantil-cni-vs-comerciantes-fc-en-vivo-596104,65,5909,1.1%,7.85
https://www.futbolperuano.com/liga-voley/alianza-lima-presento-a-su-nuevo-refuerzo-para-la-liga-peruana-de-voley-594635,65,2039,3.19%,4.71
https://www.futbolperuano.com/liga-1/noticias/liga-1-tabla-de-posiciones-del-puntaje-acumulado-284185,65,1998,3.25%,23.39
https://www.futbolperuano.com/liga-2/noticias/el-estadio-al-que-se-mudaria-union-minas-en-la-liga-2-591229,65,1054,6.17%,4.26
https://www.futbolperuano.com/liga-1/noticias/fc-cajamarca-vs-universitario-en-vivo-por-el-torneo-clausura-de-la-liga-1-596306,64,80988,0.08%,7.72
https://www.futbolperuano.com/liga-3/noticias/liga-3-ex-dt-de-alianza-lima-toma-las-riendas-de-deportivo-lute-596098,64,4458,1.44%,2.87
https://www.futbolperuano.com/liga-1/utc-cajamarca-vs-adt-tarma-8-agosto-2026-liga-1-peru---torneo-clausura-m3243893,63,60745,0.1%,9.64
https://www.futbolperuano.com/liga-1/noticias/sporting-cristal-vs-sport-huancayo-en-vivo-online-por-la-fecha-5-del-torneo-clausura-de-la-liga-1-2026-596270,63,36848,0.17%,6.65
https://www.futbolperuano.com/futbol-internacional/usa/fc-cincinnati-vs-san-jose-earthquakes-1-agosto-2026-mls-de-estados-unidos-m3223098,63,12250,0.51%,9.39
https://www.futbolperuano.com/liga-1/noticias/los-chankas-vs-melgar-en-vivo-por-el-torneo-clausura-de-la-liga-1-2026-595956,63,8348,0.75%,6.99
https://www.futbolperuano.com/partidos-por-tv/noticias/programacion-de-partidos-por-tv-del-martes-18-de-agosto-del-2026-596451,63,6276,1%,3.81
https://www.futbolperuano.com/liga-2/noticias/programacion-completa-de-la-fecha-12-de-la-fase-de-grupos-de-la-liga-2-2026-593597,63,2064,3.05%,7.62
https://www.futbolperuano.com/copa-peru/noticias/resultados-en-la-fecha-5-de-la-liga-departamental-de-piura-en-copa-peru-2026-592634,63,1423,4.43%,4.93
https://www.futbolperuano.com/liga-1/noticias/santiago-ormeno-sorprendio-al-hablar-del-supuesto-interes-de-sporting-cristal-594988,62,11532,0.54%,3.94
https://www.futbolperuano.com/liga-1/noticias/pablo-sabbag-estrena-nuevo-equipo-y-cancion-para-alianza-lima-595633,61,3649,1.67%,5.08
https://www.futbolperuano.com/liga-1/noticias/l1-max-gratis-en-movistar-como-ver-todos-los-partidos-de-la-liga-1-2026-561539,61,1844,3.31%,16.46
https://www.futbolperuano.com/copa-peru/noticias/equipo-liga-departamental-puno-clasifico-en-mesa-a-etapa-nacional-copa-peru-2026-596457,61,1569,3.89%,4.31
https://www.futbolperuano.com/liga-1/noticias/mr-peet-cuestiona-el-error-de-alejandro-duarte-pese-al-triunfo-de-alianza-lima-594463,60,51827,0.12%,9.44
https://www.futbolperuano.com/copa-sudamericana/noticias/cienciano-fecha-y-rival-por-octavos-de-final-de-la-copa-sudamericana-2026-593968,60,27708,0.22%,8.25
https://www.futbolperuano.com/copa-libertadores/tabla-de-posiciones,60,26008,0.23%,8.74
https://www.futbolperuano.com/partidos-por-tv/transmisiones-copa-peru-c38,60,7382,0.81%,7.59
https://www.futbolperuano.com/en-vivo/liga-2-ayacucho-fc-vs-estudiantil-cni-en-vivo-595157,60,5813,1.03%,8.92
https://www.futbolperuano.com/en-vivo/liga-2-pirata-fc-vs-union-comercio-en-vivo-596114,60,4319,1.39%,7.73
https://www.futbolperuano.com/en-vivo/mundial-de-voley-femenino-sub-17-brasil-vs-espana-en-vivo-595496,60,2939,2.04%,4.42
https://www.futbolperuano.com/partidos-por-tv/uefa-champions-league-t8,60,2848,2.11%,8.09
https://www.futbolperuano.com/en-vivo/copa-sudamericana-masculina-de-voley-2026-peru-vs-venezuela-en-vivo-595212,60,2585,2.32%,4.04
https://www.futbolperuano.com/liga-3/noticias/uda-vs-ucayali-fc-en-vivo-por-la-liga-3-596547,60,1015,5.91%,4.58
https://www.futbolperuano.com/liga-3/noticias/programacion-de-la-octava-fecha-de-la-fase-regional-de-la-liga-3-593195,60,978,6.13%,5.15
https://www.futbolperuano.com/liga-1/noticias/universitario-y-la-ultima-vez-que-vencio-a-cienciano-en-el-cusco-por-la-liga-1-594295,59,11765,0.5%,7.78
https://www.futbolperuano.com/copa-libertadores/noticias/ldu-de-quito-vs-mirassol-en-vivo-por-la-copa-libertadores-596557,59,9589,0.62%,7.37
https://www.futbolperuano.com/seleccion/noticias/seleccion-peruana-cuando-y-donde-se-jugara-el-amistoso-internacional-ante-mexico-594441,59,8774,0.67%,7.24
https://www.futbolperuano.com/liga-voley/mundial-sub-17-femenino/,59,6077,0.97%,9
https://www.futbolperuano.com/liga-1/noticias/cusco-fc-vs-juan-pablo-ii-en-vivo-online-por-la-fecha-5-del-torneo-clausura-de-la-liga-1-2026-596013,58,38620,0.15%,6.96
https://www.futbolperuano.com/en-vivo/torneo-clausura-2026-juan-pablo-ii-vs-atletico-grau-en-vivo-595142,58,34669,0.17%,8.47
https://www.futbolperuano.com/liga-1/noticias/asi-marcha-la-tabla-de-goleadores-de-la-liga-1-2026-tras-el-inicio-del-clausura-594823,58,13681,0.42%,5.58
https://www.futbolperuano.com/liga-2/noticias/union-minas-recibio-inesperada-noticia-sobre-el-estadio-daniel-alcides-carrion-594812,58,2307,2.51%,6.86
https://www.futbolperuano.com/en-vivo/torneo-clausura-2026-comerciantes-unidos-vs-cusco-fc-en-vivo-595114,57,68413,0.08%,8.95
https://www.futbolperuano.com/liga-1/alianza-lima-vs-utc-cajamarca-15-agosto-2026-liga-1-peru---torneo-clausura-m3243906,57,15214,0.37%,13.04
https://www.futbolperuano.com/liga-1/noticias/deportivo-moquegua-vs-sport-boys-en-vivo-por-el-torneo-clausura-596264,57,11482,0.5%,7.83
https://www.futbolperuano.com/liga-voley/seleccion-peruana-femenina-fixture-de-la-bicolor-en-el-campeonato-sudamericano-de-voley-2026-596626,57,2932,1.94%,5.76
https://www.futbolperuano.com/liga-1/noticias/jorge-gutierrez-confirmo-que-ya-esta-habilitado-y-espera-poder-debutar-en-liga-1-2026-596829,57,2824,2.02%,2.85
https://www.futbolperuano.com/peruanos-en-el-exterior/noticias/felipe-chavez-y-los-clubes-que-buscan-llevarselo-tras-destacar-en-bayern-munich-595670,57,2049,2.78%,4.05
https://www.futbolperuano.com/copa-peru/noticias/clasifico-a-la-etapa-nacional-copa-peru-2026-pero-puede-quedar-fuera-antes-de-jugar-596538,57,1549,3.68%,3.67
https://www.futbolperuano.com/peru/clubes/bentin-tacna-heroica/,56,4922,1.14%,5.87
https://www.futbolperuano.com/liga-1/noticias/alianza-lima-vs-utc-en-vivo-por-el-torneo-clausura-de-la-liga-1-2026-595966,55,19551,0.28%,7.02
https://www.futbolperuano.com/liga-1/noticias/universitario-se-refuerza-con-mundialista-panameno-para-el-torneo-clausura-595584,55,4629,1.19%,4.15
https://www.futbolperuano.com/liga-1/noticias/mr-peet-arremete-contra-alejandro-duarte-tras-empate-de-alianza-lima-ante-sport-boys-595384,54,17578,0.31%,5.66
https://www.futbolperuano.com/liga-1/noticias/carlos-desio-y-su-desazon-tras-empate-de-sport-boys-ante-alianza-lima-595376,54,13932,0.39%,7.04
https://www.futbolperuano.com/en-vivo/liga-2-deportivo-llacuabamba-vs-san-martin-en-vivo-594199,54,6336,0.85%,10.23
https://www.futbolperuano.com/liga-voley/copa-sudamericana/tabla-de-posiciones,54,2916,1.85%,7.63
https://www.futbolperuano.com/liga-2/noticias/san-martin-se-refuerza-con-una-de-las-figuras-de-sport-boys-595625,54,2351,2.3%,7.5
https://www.futbolperuano.com/liga-1/noticias/fichajes-de-sporting-cristal-altas-y-bajas-para-el-torneo-clausura-588174,54,2007,2.69%,4.9
https://www.futbolperuano.com/liga-de-campeones/bod-glimt-vs-union-saint-gilloise-11-agosto-2026-uefa-champions-league-m3261094,53,8364,0.63%,11.1
https://www.futbolperuano.com/liga-voley/a-que-hora-juega-peru-vs-chile-por-la-copa-sudamericana-de-voleibol-masculino-594811,53,6484,0.82%,7.14
https://www.futbolperuano.com/liga-2/noticias/liga-2-carlos-mannucci-les-da-una-terrible-noticia-a-sus-hinchas-594433,53,5131,1.03%,8.05
https://www.futbolperuano.com/copa-peru/noticias/el-inexpugnable-estadio-quiere-ser-sede-de-la-etapa-nacional-copa-peru-2026-595923,53,1511,3.51%,5.92
https://www.futbolperuano.com/futbol-de-menores/copa-federacion/plata/resultados,53,684,7.75%,5.16
https://www.futbolperuano.com/liga-de-campeones/sparta-praga-vs-lyon-4-agosto-2026-uefa-champions-league-m3261091,52,11536,0.45%,11.26
https://www.futbolperuano.com/liga-2/noticias/cesar-vallejo-vs-pirata-fc-en-vivo-online-por-fecha-13-de-la-liga-2-2026-595327,52,9126,0.57%,7.38
https://www.futbolperuano.com/partidos-por-tv/noticias/programacion-de-hoy-domingo-16-de-agosto-de-2026-horarios-del-futbol-en-vivo-por-television-en-el-peru-596300,52,6488,0.8%,5.95
https://www.futbolperuano.com/en-vivo/liga-3-deportivo-ucrania-vs-asa-fc-en-vivo-596145,52,5105,1.02%,4.88
https://www.futbolperuano.com/liga-3/noticias/liga-3-resultados-y-tabla-de-posiciones-de-la-fecha-6-de-la-fase-regional-591450,52,3690,1.41%,1.04
https://www.futbolperuano.com/partidos-por-tv/campeonato-sudamericano-de-futsal-sub-17-t269,52,3089,1.68%,7.63
https://www.futbolperuano.com/liga-1/noticias/franco-velasco-sorprende-tras-triunfo-de-universitario-con-inesperado-mensaje-sobre-el-arbitraje-y-sus-fichajes-596444,52,2224,2.34%,4.36
https://www.futbolperuano.com/liga-3/noticias/la-liga-3-sorprende-con-el-numero-de-ascensos-que-dara-este-2026-581541,52,1203,4.32%,5.01
https://www.futbolperuano.com/copa-peru/noticias/resultados-de-la-fecha-1-de-liguilla-final-de-etapa-departamental-de-arequipa-de-copa-peru-2026-593573,52,1190,4.37%,5.28
https://www.futbolperuano.com/copa-libertadores/noticias/copa-libertadores-2026-los-clubes-clasificados-y-cruces-confirmados-de-los-cuartos-de-final-596996,51,16322,0.31%,6.88
https://www.futbolperuano.com/liga-2/noticias/guillermo-salas-dejo-de-ser-entrenador-de-santos-de-nazca-596298,51,5339,0.96%,6.03
https://www.futbolperuano.com/copa-peru/noticias/copa-peru-2026-ayacucho-ya-tiene-a-sus-dos-representantes-para-la-etapa-nacional-del-futbol-macho-595419,51,2756,1.85%,4.46
https://www.futbolperuano.com/copa-peru/noticias/gran-incremento-en-el-pago-participar-en-etapa-nacional-copa-peru-2026-594882,51,2405,2.12%,4.81
https://www.futbolperuano.com/liga-voley/copa-sudamericana-masculina/resultados,51,2369,2.15%,7.17
https://www.futbolperuano.com/partidos-por-tv/noticias/programacion-de-partidos-por-tv-del-martes-4-de-agosto-594613,51,2104,2.42%,4.09
https://www.futbolperuano.com/liga-1/noticias/alianza-lima-fichajes-y-bajas-en-el-plantel-para-el-torneo-clausura-2026-588749,51,1810,2.82%,4.86
https://www.futbolperuano.com/futbol-internacional/europa-conference-league/tabla-de-posiciones,51,723,7.05%,8.88
https://www.futbolperuano.com/liga-1/noticias/sport-boys-vs-alianza-lima-hora-canal-y-alineaciones-del-partido-por-el-torneo-clausura-2026-595265,50,15303,0.33%,6.3
https://www.futbolperuano.com/liga-2/noticias/ayacucho-fc-vs-estudiantil-cni-en-vivo-online-por-fecha-13-de-liga-2-2026-595315,50,9942,0.5%,7.96
https://www.futbolperuano.com/liga-1/noticias/se-inauguro-el-nuevo-estadio-donde-se-disputara-la-liga-1-2026-586177,50,5276,0.95%,5.16
https://www.futbolperuano.com/futbol-internacional/brasil/felipe-vizeu-fue-presentado-como-nuevo-delantero-de-avai-tras-salide-sporting-cristal-595129,50,4116,1.21%,10.87
https://www.futbolperuano.com/liga-1/noticias/melgar-oficializo-dos-bajas-tras-el-cierre-del-mercado-de-pases-de-liga-1-2026-595721,50,2323,2.15%,4.06
https://www.futbolperuano.com/liga-3/noticias/asa-fc-vs-uda-huancavelica-en-vivo-online-por-la-fecha-9-de-la-fase-regional--liga-3-2026-594367,50,1708,2.93%,3.54
https://www.futbolperuano.com/peru/clubes/uda-huancavelica/,50,1119,4.47%,5.64
https://www.futbolperuano.com/liga-1/noticias/juan-pablo-ii-refuerza-su-ataque-con-joya-de-sporting-cristal-para-el-torneo-clausura-2026-595712,50,929,5.38%,4.07
https://www.futbolperuano.com/liga-1/noticias/alejandro-hohberg-hablo-sobre-una-posible-convocatoria-a-la-seleccion-peruana-595752,49,6203,0.79%,5.7
https://www.futbolperuano.com/copa-de-la-liga/noticias/programacion-de-los-cuartos-de-final-de-la-copa-de-la-liga-2026-594728,49,3795,1.29%,6.92
https://www.futbolperuano.com/en-vivo/mundial-de-voley-femenino-sub-17-chile-vs-estados-unidos-en-vivo-595275,49,2806,1.75%,3.16
https://www.futbolperuano.com/copa-peru/noticias/el-nuevo-campeon-de-la-liga-departamental-de-ayacucho-en-la-copa-peru-2026-596599,49,1940,2.53%,3.82
https://www.futbolperuano.com/seleccion/noticias/revelan-si-felipe-chavez-estara-en-la-proxima-convocatoria-de-la-seleccion-peruana-596717,49,1904,2.57%,3.4
https://www.futbolperuano.com/copa-peru/noticias/copa-peru-2026-resultados-de-los-partidos-de-ida-de-las-semifinales-de-la-liga-departamental-de-ayacucho-594602,49,1819,2.69%,6.2
https://www.futbolperuano.com/copa-peru/noticias/el-segundo-clasificado-de-cusco-a-la-etapa-nacional-de-copa-peru-2026-596443,49,1227,3.99%,4.01
https://www.futbolperuano.com/copa-peru/noticias/copa-peru-resultados-de-la-fecha-2-en-la-fase-2-de-la-liga-departamental-de-junin-592708,49,1174,4.17%,5.16
https://www.futbolperuano.com/partidos-por-tv/copa-peru-t156,49,1141,4.29%,6.32
https://www.futbolperuano.com/futbol-femenino/acumulado/tabla-de-posiciones,49,507,9.66%,5.01
https://www.futbolperuano.com/liga-1/noticias/horacio-melgarejo-podria-dejar-cienciano-el-tecnico-revelo-que-pasara-con-su-futuro-595916,48,81446,0.06%,4
https://www.futbolperuano.com/liga-1/noticias/liga-1-2026-resultados-y-tabla-de-posiciones-de-la-fecha-6-del-torneo-clausura-596948,48,17453,0.28%,7.03
https://www.futbolperuano.com/futbol-internacional/belgica/tabla-de-posiciones,48,14497,0.33%,10.01
https://www.futbolperuano.com/liga-2/noticias/union-comercio-vs-cantolao-en-vivo-por-la-liga-2-595103,48,9394,0.51%,7.56
https://www.futbolperuano.com/liga-1/noticias/fc-cajamarca-vs-atletico-grau-en-vivo-online-por-la-fecha-6-del-torneo-clausura-de-la-liga-1-2026-596827,48,9017,0.53%,6.01
https://www.futbolperuano.com/mundial/noticias/salio-a-la-venta-el-album-3-reyes-del-mundial-2026-574907,48,8332,0.58%,7.41
https://www.futbolperuano.com/liga-1/noticias/alianza-lima-vs-alianza-atletico-en-vivo-por-el-torneo-clausura-594292,48,5669,0.85%,9.43
https://www.futbolperuano.com/en-vivo/liga-femenina-2026-atletico-andahuaylas-vs-carlos-mannucci-en-vivo-596135,48,2087,2.3%,6.5
https://www.futbolperuano.com/futbol-femenino/liga-femenina/sporting-cristal-suma-nueva-goleada-en-el-torneo-clausura-594045,48,1928,2.49%,9.38
https://www.futbolperuano.com/peruanos-en-el-exterior/noticias/matteo-perez-vinlof-volvio-a-destacar-con-dinamo-zagreb-en-la-champions-league-594808,48,1866,2.57%,7.59
https://www.futbolperuano.com/liga-1/noticias/eryc-castillo-y-la-inesperada-comparacion-con-enner-valencia-que-hizo-pedro-garcia-596689,48,1209,3.97%,3.05
https://www.futbolperuano.com/copa-peru/noticias/programacion-partidos-vueltaa-fase-2-liga-departamental-lima-copa-peru-2026-592915,48,862,5.57%,5.8
https://www.futbolperuano.com/copa-sudamericana/programacion-de-los-octavos-de-final-de-la-copa-sudamericana-2026-595378,47,13303,0.35%,6.99
https://www.futbolperuano.com/liga-1/noticias/hector-cuper-destaco-el-debut-de-piero-quispe-con-universitario-en-la-liga-1-2026-596481,47,3586,1.31%,3.86
https://www.futbolperuano.com/peruanos-en-el-exterior/noticias/la-dura-situacion-que-atraviesa-alexander-callens-tras-su-salida-del-aek-atenas-593975,47,1944,2.42%,8.33
https://www.futbolperuano.com/liga-voley/sudamericano-sub-17-masculino/tabla-de-posiciones,47,1816,2.59%,8.02
https://www.futbolperuano.com/en-vivo/copa-peru-2026-juventud-puente-bolivar-vs-arsenal-lawn-tennis-en-vivo-596158,47,1662,2.83%,4.43
https://www.futbolperuano.com/copa-peru/noticias/los-cruces-de-los-cuartos-de-final-de-la-liga-departamental-de-ancash-en-copa-peru-2026-591736,47,927,5.07%,4.74
https://www.futbolperuano.com/liga-1/noticias/fc-cajamarca-fichajes-y-bajas-en-el-plantel-para-el-torneo-clausura-2026-587918,47,909,5.17%,5.92
https://www.futbolperuano.com/liga-1/noticias/juan-pablo-goicochea-debuto-con-juan-pablo-ii-y-revelo-por-que-decidio-volver-a-la-liga-1-596260,46,11445,0.4%,6.16
https://www.futbolperuano.com/liga-1/cienciano-vs-deportivo-garcilaso-16-agosto-2026-liga-1-peru---torneo-clausura-m3243902,46,5948,0.77%,9.07
https://www.futbolperuano.com/en-vivo/mundial-de-voley-femenino-sub-17-brasil-vs-polonia-en-vivo-595126,46,2083,2.21%,4.13
https://www.futbolperuano.com/partidos-por-tv/liga-femenina-peru-t182,46,1716,2.68%,6.36
https://www.futbolperuano.com/futbol-de-menores/copa-federacion/resultados-copa-federacion-2026-partidos-del-6-al-9-de-agosto-595819,46,1420,3.24%,5.46
https://www.futbolperuano.com/en-vivo/copa-peru-2026-bella-esperanza-vs-fc-cupiche-en-vivo-595202,46,1280,3.59%,5.37
https://www.futbolperuano.com/liga-3/noticias/impresionante-nuevo-estadio-ubicado-en-las-alturas-peruanas-se-inaugurara-en-este-2026-594663,46,1239,3.71%,6.62
https://www.futbolperuano.com/peru/mas-del-futbol-peruano/academias-de-futbol-en-surco-499115,46,830,5.54%,6.58
https://www.futbolperuano.com/copa-peru/noticias/resultados-fecha-4-liga-departamental-la-libertad-en-copa-peru-2026-592650,46,790,5.82%,5.64
https://www.futbolperuano.com/seleccion/noticias/campeon-con-la-u-pide-la-convocatoria-de-matias-succar-en-la-seleccion-peruana-596333,45,8354,0.54%,4.91
https://www.futbolperuano.com/partidos-por-tv/noticias/programacion-de-hoy-domingo-2-de-agosto-de-2026-horarios-del-futbol-en-vivo-por-television-en-el-peru-594378,45,8039,0.56%,8.47
https://www.futbolperuano.com/liga-voley/,45,7307,0.62%,8.77
https://www.futbolperuano.com/liga-1/noticias/liga-1-quien-sera-el-arbitro-del-melgar-vs-alianza-lima-596909,45,6426,0.7%,4
https://www.futbolperuano.com/liga-1/deportivo-moquegua-vs-fbc-melgar-2-agosto-2026-liga-1-peru---torneo-clausura-m3243888,45,4360,1.03%,9.27
https://www.futbolperuano.com/liga-3/noticias/liga-3-resultados-y-tabla-de-posiciones-de-la-fecha-1-de-la-fase-regional-585659,45,3683,1.22%,1.26
https://www.futbolperuano.com/partidos-por-tv/noticias/programacion-de-partidos-por-tv-del-jueves-6-de-agosto-594952,45,3357,1.34%,5.69
https://www.futbolperuano.com/liga-3/noticias/municipal-de-pangoa-vs-deportivo-ucrania-en-vivo-por-la-liga-3-594403,45,2006,2.24%,3.51
https://www.futbolperuano.com/liga-voley/copa-panamericana-sub-17-femenino/resultados,45,1839,2.45%,7.47
https://www.futbolperuano.com/copa-peru/noticias/sport-ancash-sigue-sonando-con-llegar-a-la-etapa-nacional-copa-peru-2026-596421,45,1460,3.08%,4.02
https://www.futbolperuano.com/liga-2/noticias/liga-2-2026-se-realizo-el-sorteo-del-fixture-del-torneo-de-ascenso-que-reunira-a-18-equipos-en-busca-de-llegar-a-la-liga-1-573240,45,1448,3.11%,5.94
https://www.futbolperuano.com/copa-peru/noticias/copa-peru-resultados-y-tabla-de-posiciones-en-la-fecha-2-de-la-fase-3-de-la-liga-departamental-de-junin-595466,45,778,5.78%,5.31
https://www.futbolperuano.com/copa-peru/noticias/copa-peru-resultados-y-tabla-de-posiciones-en-la-fecha-2-de-la-fase-3-de-la-liga-departamental-de-puno-593687,45,755,5.96%,5.36
https://www.futbolperuano.com/en-vivo/copa-sudamericana-2026-santos-vs-macara-en-vivo-595991,44,110984,0.04%,6.91
https://www.futbolperuano.com/liga-voley/sudamericano-sub-17-femenino/resultados,44,4197,1.05%,9.06
https://www.futbolperuano.com/futbol-femenino/liga-femenina/liga-femenina-2026-atletico-andahuaylas-goleo-a-carlos-mannucci-y-sigue-en-la-pelea-por-el-titulo-596363,44,3156,1.39%,5.44
https://www.futbolperuano.com/peruanos-en-el-exterior/noticias/alexander-callens-anuncia-su-salida-del-aek-atenas-con-emotivo-mensaje-595682,44,2938,1.5%,7.47
https://www.futbolperuano.com/copa-peru/noticias/copa-peru-quedaron-definidas-las-semifinales-de-la-liga-departamental-de-ayacucho-593674,44,1108,3.97%,5.17
https://www.futbolperuano.com/peruanos-en-el-exterior/noticias/bayern-munich-impacta-con-alentador-mensaje-con-respecto-al-futuro-de-felipe-chavez-595450,44,1047,4.2%,4.04
https://www.futbolperuano.com/liga-3/noticias/universitario-de-deportes-vs-alianza-lima-en-vivo-por-la-liga-3-595168,43,22719,0.19%,4.08
https://www.futbolperuano.com/en-vivo/torneo-clausura-2026-alianza-lima-vs-utc-en-vivo-596086,43,16359,0.26%,6.55
https://www.futbolperuano.com/peru/clubes/union-minas-pasco/,43,3229,1.33%,6.8
https://www.futbolperuano.com/partidos-por-tv/paramount-c86,43,2672,1.61%,5.89
https://www.futbolperuano.com/copa-peru/noticias/copa-peru-leones-de-anccaca-es-el-primer-representante-de-puno-en-la-etapa-nacional-596401,43,1913,2.25%,3.67
https://www.futbolperuano.com/futbol-femenino/,43,1771,2.43%,8.88
https://www.futbolperuano.com/liga-voley/campeonato-mundial-voley-femenino/tabla-de-posiciones,43,1509,2.85%,9.97
https://www.futbolperuano.com/copa-peru/noticias/resultados-de-la-ida-de-la-fase-3-de-la-liga-departamental-de-cajamarca-de-copa-peru-2026-594493,43,1102,3.9%,4.76
https://www.futbolperuano.com/copa-peru/noticias/el-primer-clasificado-de-huancavelica-a-la-etapa-nacional-copa-peru-2026-595602,43,1043,4.12%,5.41
https://www.futbolperuano.com/partidos-por-tv/copa-do-brasil-t43,43,591,7.28%,5.71
https://www.futbolperuano.com/liga-1/noticias/horacio-melgarejo-recibio-una-respuesta-del-tribunal-de-apelaciones-de-la-lfpp-595254,42,10439,0.4%,7.01
https://www.futbolperuano.com/liga-voley/mundial-sub-17-femenino/liana-torres-voley-quien-es-la-libero-de-peru-en-el-mundial-de-voley-sub-17-481189,42,6924,0.61%,6.15
https://www.futbolperuano.com/liga-voley/mundial-sub-17-femenino/tabla-de-posiciones-y-resultados-del-mundial-sub-17-de-voley-femenino-480687,42,4395,0.96%,10.51
https://www.futbolperuano.com/liga-1/noticias/juan-pablo-ii-ficho-a-juan-pablo-goicochea-para-el-torneo-clausura-2026-595742,42,3292,1.28%,6.35
https://www.futbolperuano.com/futbol-internacional/tps-vs-ifk-mariehamn-1-agosto-2026-veikkausliiga-de-finlandia-m3233456,42,1318,3.19%,6.51
https://www.futbolperuano.com/liga-1/noticias/universitario-recupera-a-tres-importantes-figuras-para-enfrentar-a-cienciano-en-cusco-por-el-torneo-clausura-594259,42,1035,4.06%,5.76
https://www.futbolperuano.com/futbol-internacional/ik-sirius-fk-vs-if-brommapojkarna-10-agosto-2026-allsvenskan-de-suecia-m3225298,41,13823,0.3%,8.87
https://www.futbolperuano.com/liga-1/noticias/el-argentino-carlos-desio-deja-contundente-mensaje-a-alianza-lima-594830,41,8006,0.51%,4.36
https://www.futbolperuano.com/partidos-por-tv/noticias/programacion-de-partidos-por-tv-del-viernes-07-de-agosto-del-2026-595043,41,3840,1.07%,5.04
https://www.futbolperuano.com/copa-peru/noticias/sport-river-y-el-inca-de-chao-se-acercan-a-la-etapa-nacional-copa-peru-2026-595453,41,1947,2.11%,3.46
https://www.futbolperuano.com/peru/clubes/alianza-lima/,40,113316,0.04%,8.29
https://www.futbolperuano.com/liga-2/noticias/pirata-fc-vs-union-comercio-en-vivo-por-la-liga-2-596382,40,9198,0.43%,7.53
https://www.futbolperuano.com/liga-voley/peru-y-su-lista-de-convocadas-para-la-copa-panamericana-sub-17-584328,40,2670,1.5%,8.77
https://www.futbolperuano.com/peru/clubes/asa-fc-chancay/,40,1041,3.84%,5.42
https://www.futbolperuano.com/peru/mas-del-futbol-peruano/el-nuevo-torneo-que-se-jugara-en-peru-en-este-2026-562329,40,784,5.1%,5.84
https://www.futbolperuano.com/copa-peru/noticias/4-equipos-de-la-liga-departamental-apurimac-van-por-la-etapa-nacional-copa-peru-2026-591759,40,506,7.91%,4.22
https://www.futbolperuano.com/futbol-internacional/malmo-ff-vs-degerfors-if-9-agosto-2026-allsvenskan-de-suecia-m3225304,39,8565,0.46%,8.26
https://www.futbolperuano.com/copa-sudamericana/noticias/copa-sudamericana-cienciano-mete-a-4-jugadores-en-el-equipo-de-la-semana-tras-golear-6-1-a-botafogo-596228,39,6910,0.56%,6.33
https://www.futbolperuano.com/partidos-por-tv/noticias/programacion-de-hoy-domingo-9-de-agosto-de-2026-horarios-del-futbol-en-vivo-por-television-en-el-peru-595303,39,4275,0.91%,5.78
https://www.futbolperuano.com/partidos-por-tv/noticias/programacion-de-partidos-por-tv-del-viernes-21-de-agosto-del-2026-596929,39,2320,1.68%,3.3
https://www.futbolperuano.com/liga-3/noticias/equipo-de-la-liga-3-sorprende-y-oficializa-la-contratacion-de-german-carty-595614,39,2299,1.7%,4.14
https://www.futbolperuano.com/futsal/copa-america/tabla-de-posiciones,39,1103,3.54%,7.99
https://www.futbolperuano.com/liga-1/deportivo-moquegua-vs-sport-boys-16-agosto-2026-liga-1-peru---torneo-clausura-m3243904,38,30196,0.13%,10.68
https://www.futbolperuano.com/en-vivo/torneo-clausura-2026-atletico-grau-vs-comerciantes-unidos-en-vivo-596070,38,24414,0.16%,7.28
https://www.futbolperuano.com/liga-2/noticias/liga-2-2026-resultados-y-tablas-de-posiciones-de-la-fecha-13-de-la-fase-de-grupos-595025,38,7347,0.52%,8.28
https://www.futbolperuano.com/futbol-internacional/inglaterra/tabla-de-posiciones,38,7117,0.53%,10.77
https://www.futbolperuano.com/liga-1/noticias/utc-recibe-dura-sancion-de-la-fpf-pierde-puntos-y-queda-al-borde-del-descenso-en-la-liga-1-2026-596263,38,2656,1.43%,5.4
https://www.futbolperuano.com/copa-peru/noticias/copa-peru-se-confirmaron-los-clasificados-de-trujillo-a-la-etapa-departamental-586038,38,506,7.51%,3.63
https://www.futbolperuano.com/liga-1/noticias/sergio-pena-revelo-que-otro-club-de-la-liga-1-le-gustaria-defender-en-el-futuro-595000,37,3911,0.95%,6.18
https://www.futbolperuano.com/peru/clubes/ada-jaen/,37,2777,1.33%,7.08
https://www.futbolperuano.com/liga-1/noticias/juan-pablo-ii-definio-su-plantel-para-el-torneo-clausura-de-2026-tras-varias-altas-y-bajas-595908,37,1815,2.04%,5.76
https://www.futbolperuano.com/en-vivo/liga-femenina-2026-defensores-del-ilucan-vs-yanapuma-en-vivo-596124,37,1033,3.58%,5.56
https://www.futbolperuano.com/copa-peru/noticias/deportivo-municipal-y-su-posibilidad-de-ascender-en-este-2026-594006,37,897,4.12%,4.88
https://www.futbolperuano.com/liga-voley/liga-naciones-masculino/resultados,37,838,4.42%,7.53
https://www.futbolperuano.com/copa-libertadores/noticias/universitario-y-su-historial-contra-equipos-brasilenos-por-torneos-conmebol-531013,37,776,4.77%,4.18
https://www.futbolperuano.com/copa-sudamericana/noticias/resultados-de-los-octavos-de-final-vuelta-de-la-copa-sudamericana-2026-596352,36,23371,0.15%,6.41
https://www.futbolperuano.com/partidos-por-tv/noticias/programacion-de-hoy-miercoles-12-de-agosto-de-2026-horarios-del-futbol-en-vivo-por-television-en-el-peru-595656,36,4028,0.89%,4
https://www.futbolperuano.com/partidos-por-tv/noticias/programacion-de-partidos-por-tv-del-sabado-8-de-agosto-595245,36,4017,0.9%,7.41
https://www.futbolperuano.com/liga-2/noticias/binacional-recurre-a-un-viejo-conocido-para-revertir-su-mal-momento-en-la-liga-2-596139,36,3484,1.03%,7.35
https://www.futbolperuano.com/liga-voley/mundial-sub-17-femenino/noticias/,36,2380,1.51%,9.63
https://www.futbolperuano.com/liga-1/noticias/utc-de-cajamarca-sin-arqueros-para-visitar-a-alianza-lima-595591,36,2003,1.8%,5.73
https://www.futbolperuano.com/liga-1/noticias/luciano-nequecaur-goleador-de-sport-boys-estaria-proximo-a-dejar-el-club-por-un-gigante-de-sudamerica-595702,36,1533,2.35%,4.49
https://www.futbolperuano.com/liga-1/noticias/reimond-manco-y-su-fuerte-mensaje-contra-paolo-guerrero-tras-sus-polemicos-mensajes-595891,36,1363,2.64%,3.89
https://www.futbolperuano.com/liga-voley/seleccion-peruana-de-voley-femenino-inicia-un-nuevo-proceso-quienes-fueron-convocadas-a-la-sub-17-515035,36,1246,2.89%,8.32
https://www.futbolperuano.com/partidos-por-tv/adidas-cup-t396,36,1165,3.09%,7.49
https://www.futbolperuano.com/copa-peru/noticias/copa-peru-2026-resultados-de-los-partidos-de-vuelta-de-los-8vos-de-final-de-la-liga-departamental-lambayeque-593568,36,665,5.41%,4.58
https://www.futbolperuano.com/partidos-por-tv/liga-nacional-superior-de-voleibol-del-peru-t295,35,10547,0.33%,9.04
https://www.futbolperuano.com/liga-2/noticias/binacional-vs-union-minas-en-vivo-online-por-fecha-13-de-la-liga-2-2026-595049,35,6983,0.5%,8.29
https://www.futbolperuano.com/peruanos-en-el-exterior/noticias/erick-noriega-se-reivindica-y-gremio-vuelve-al-triunfo-en-copa-do-brasil-594938,35,6268,0.56%,6.97
https://www.futbolperuano.com/liga-1/noticias/liga-1-2026-se-confirma-como-se-jugaran-los-playoffs-y-la-definicion-por-el-titulo-nacional-560490,35,1966,1.78%,6.79
https://www.futbolperuano.com/liga-1/noticias/mauro-cantoro-arremete-contra-cesar-inga-y-revela-que-perdera-la-titularidad-en-universitario-596733,35,981,3.57%,3.77
https://www.futbolperuano.com/futbol-de-menores/copa-federacion/copa-federacion-2026-programacion-de-partidos-del-21-al-23-de-agosto-596846,35,939,3.73%,5.38
https://www.futbolperuano.com/copa-peru/noticias/los-campeones-provinciales-de-la-copa-peru-2026-588555,35,714,4.9%,5.47
https://www.futbolperuano.com/liga-1/noticias/fichajes-del-torneo-clausura-2025-altas-y-bajas-en-el-mercado-de-pases-de-la-liga-1-590164,35,406,8.62%,6.31
https://www.futbolperuano.com/liga-2/noticias/carlos-mannucci-vs-club-ucv-en-vivo-online-por-la-fecha-14-de-la-fase-de-grupos-de-la-liga-2-2026-596284,34,17591,0.19%,7.92
https://www.futbolperuano.com/liga-1/noticias/sporting-cristal-vs-sport-huancayo-probables-alineaciones-para-el-duelo-por-la-fecha-5-del-torneo-clausura-de-la-liga-1-596304,34,14892,0.23%,7.86
https://www.futbolperuano.com/liga-2/noticias/san-martin-se-refuerza-con-carlos-lopez-y-roger-torres-para-la-liga-2-2026-596101,34,7857,0.43%,8.1
https://www.futbolperuano.com/liga-voley/fixture-de-la-copa-sudamericana-de-voleibol-femenino-2026-592192,34,2449,1.39%,8.01
https://www.futbolperuano.com/peru/clubes/juventud-huracan-supe/,34,1314,2.59%,6.56
https://www.futbolperuano.com/peru/clubes/cd-anda-juliaca/,34,828,4.11%,6.07
https://www.futbolperuano.com/liga-1/noticias/fichajes-de-cienciano-altas-bajas-y-rumores-para-el-torneo-clausura-2026-590145,34,573,5.93%,5.49
https://www.futbolperuano.com/liga-1/adt-tarma-vs-alianza-atletico-15-agosto-2026-liga-1-peru---torneo-clausura-m3243909,33,41136,0.08%,11.16
https://www.futbolperuano.com/en-vivo/supercopa-de-europa-2026-psg-vs-aston-villa-en-vivo-595771,33,12458,0.26%,3.93
https://www.futbolperuano.com/futbol-internacional/union-saint-gilloise-vs-zulte-waregem-15-agosto-2026-pro-league-de-belgica-m3250799,33,10570,0.31%,10
https://www.futbolperuano.com/liga-1/noticias/adt-de-tarma-oficializa-a-su-refuerzo-colombiano-para-el-torneo-clausura-595844,33,6003,0.55%,5.5
https://www.futbolperuano.com/liga-1/noticias/milito-en-melgar-por-6-anos-pero-decidio-fichar-por-adt-de-tarna-595892,33,2486,1.33%,5.9
https://www.futbolperuano.com/partidos-por-tv/noticias/programacion-de-partidos-por-tv-del-lunes-3-de-agosto-594482,33,2404,1.37%,5.59
https://www.futbolperuano.com/liga-3/noticias/juan-aurich-de-chiclayo-presento-a-sus-dos-nuevos-refuerzos-595146,33,2129,1.55%,5.56
https://www.futbolperuano.com/en-vivo/copa-peru-2026-arsenal-lawn-tennis-vs-juventud-naturales-en-vivo-594277,33,1974,1.67%,4.94
https://www.futbolperuano.com/futbol-internacional/brasil/copa-brasil/tabla-de-posiciones,33,1876,1.76%,8
https://www.futbolperuano.com/en-vivo/liga-femenina-2026-carlos-mannucci-vs-unsaac-en-vivo-595183,33,1424,2.32%,7.14
https://www.futbolperuano.com/copa-sudamericana/botafogo-vs-cienciano-20-agosto-2026-copa-sudamericana-m3262887,33,949,3.48%,9.35
https://www.futbolperuano.com/futbol-de-menores/copa-federacion/copa-federacion-plata-b-2026-asi-quedaron-las-liguillas-de-ascenso-y-descenso-tras-finalizar-el-torneo-apertura-596454,33,695,4.75%,5.34
https://www.futbolperuano.com/liga-2/goleadores,33,174,18.97%,4.2
https://www.futbolperuano.com/liga-3/goleadores,33,95,34.74%,4
https://www.futbolperuano.com/liga-1/adt-tarma-vs-deportivo-garcilaso-2-agosto-2026-liga-1-peru---torneo-clausura-m3243887,32,37152,0.09%,12.15
https://www.futbolperuano.com/liga-1/noticias/deportivo-moquegua-vs-fbc-melgar-en-vivo-online-por-la-fecha-3-del-torneo-clausura-de-la-liga-1-2026-594345,32,22952,0.14%,9.6
https://www.futbolperuano.com/en-vivo/copa-sudamericana-2026-olimpia-vs-vasco-da-gama-en-vivo-596883,32,16544,0.19%,5.19
https://www.futbolperuano.com/liga-1/noticias/cienciano-y-la-sensible-ausencia-para-enfrentar-a-universitario-por-el-torneo-clausura-594394,32,10661,0.3%,6.62
https://www.futbolperuano.com/liga-1/los-chankas-vs-fbc-melgar-15-agosto-2026-liga-1-peru---torneo-clausura-m3243901,32,10134,0.32%,9.12
https://www.futbolperuano.com/en-vivo/liga-2-estudiantil-cni-vs-binacional-en-vivo-594211,32,5516,0.58%,9.93
https://www.futbolperuano.com/futbol-internacional/mexico/tabla-de-posiciones,32,4594,0.7%,15.03
https://www.futbolperuano.com/liga-1/noticias/los-10-estadios-mas-grandes-del-futbol-peruano-333771,32,3214,1%,6.03
https://www.futbolperuano.com/liga-voley/liga-naciones-femenino/tabla-de-posiciones,32,2306,1.39%,9.08
https://www.futbolperuano.com/liga-1/noticias/representante-de-jorge-gutierrez-anuncia-denuncia-ante-fifa-tras-su-llegada-a-universitario-595932,32,1223,2.62%,5.94
https://www.futbolperuano.com/peru/mas-del-futbol-peruano/comenzo-la-construccion-de-un-nuevo-estadio-peruano-en-ciudad-de-altura-596756,32,650,4.92%,4.49
https://www.futbolperuano.com/en-vivo/torneo-clausura-2026-adt-de-tarma-vs-deportivo-garcilaso-en-vivo-594234,31,20632,0.15%,9.79
https://www.futbolperuano.com/liga-1/noticias/el-elegido-por-hector-cuper-lo-dirigio-en-siria-y-ahora-lo-quiere-para-reforzar-la-defensa-de-universitario-594449,31,14203,0.22%,3.46
https://www.futbolperuano.com/liga-1/fbc-melgar-vs-fc-cajamarca-9-agosto-2026-liga-1-peru---torneo-clausura-m3243898,31,12920,0.24%,8.67
https://www.futbolperuano.com/en-vivo/sporting-cristal-vs-seleccion-peruana-regional-en-vivo-adidas-lima-cup-2026-595102,31,8196,0.38%,4.3
https://www.futbolperuano.com/en-vivo/copa-sudamericana-masculina-de-voley-2026-brasil-vs-paraguay-en-vivo-594836,31,3384,0.92%,6.53
https://www.futbolperuano.com/liga-1/noticias/cristian-souza-revelo-que-estuvo-muy-cerca-de-fichar-por-alianza-lima-en-2019-594814,31,1849,1.68%,4.16
https://www.futbolperuano.com/peru/mas-del-futbol-peruano/iniciaron-los-trabajos-para-recuperar-emblematico-estadio-peruano-594825,31,1042,2.98%,7.06
https://www.futbolperuano.com/liga-1/cusco-futbol-club-vs-utc-cajamarca-1-agosto-2026-liga-1-peru---torneo-clausura-m3243882,30,42872,0.07%,9.16
https://www.futbolperuano.com/liga-2/noticias/sport-huancayo-vs-santos-fc-en-vivo-online-por-la-fecha-13-de-la-fase-de-grupos--liga-2-2026-595200,30,8786,0.34%,7.7
https://www.futbolperuano.com/liga-1/noticias/kevin-quevedo-no-volveria-a-jugar-en-alianza-lima-mientras-pablo-guede-siga-como-dt-596250,30,8567,0.35%,3.62
https://www.futbolperuano.com/liga-1/noticias/pablo-guede-y-su-dura-autocritica-tras-empate-de-alianza-lima-ante-sport-boys-595373,30,5354,0.56%,7.1
https://www.futbolperuano.com/seleccion/noticias/mano-menezes-convocaria-a-victor-guzman-delantero-del-sporting-de-lisboa-a-la-seleccion-peruana-596106,30,5159,0.58%,7.44
https://www.futbolperuano.com/liga-voley/mundial-sub-17-femenino/fecha-y-hora-confirmada-para-el-debut-de-peru-en-el-mundial-sub-17-de-chile-2026-594538,30,3707,0.81%,6.46
https://www.futbolperuano.com/liga-2/noticias/fecha-hora-y-canal-del-carlos-mannucci-vs-cesar-vallejo-595832,30,2959,1.01%,8.27
https://www.futbolperuano.com/copa-peru/noticias/copa-peru-safap-exige-investigar-amenazas-contra-carlos-ascues-y-alexi-gomez-595033,30,1864,1.61%,4.91
https://www.futbolperuano.com/seleccion/noticias/santiago-ormeno-sobre-seleccion-peruana-no-he-estado-a-la-altura-595277,30,1608,1.87%,6.2
https://www.futbolperuano.com/peru/mas-del-futbol-peruano/academias-de-futbol-en-san-juan-de-lurigancho-498154,30,797,3.76%,7.05
https://www.futbolperuano.com/peru/mas-del-futbol-peruano/academias-de-futbol-en-el-distrito-de-los-olivos-499303,30,617,4.86%,7.03
https://www.futbolperuano.com/liga-3/noticias/cuantos-equipos-de-la-liga-3-ascenderan-a-la-liga-2-507291,30,582,5.15%,3.54
https://www.futbolperuano.com/liga-3/noticias/fixture-de-ecosem-pasco-para-la-temporada-2026-de-la-liga-3-584850,30,355,8.45%,4.06
https://www.futbolperuano.com/futbol-femenino/liga-femenina/programacion-de-la-fecha-3-del-torneo-apertura-de-la-liga-femenina-2026-574747,30,173,17.34%,3.38
https://www.futbolperuano.com/futbol-de-menores/copa-desarrollo-oro/tabla-de-posiciones,30,126,23.81%,4.49
https://www.futbolperuano.com/eliminatorias/tabla-de-posiciones,29,11993,0.24%,11.63
https://www.futbolperuano.com/liga-3/noticias/melgar-vs-nacional-fbc-en-vivo-online-por-fecha-9-de-la-liga-3-2026-594351,29,7832,0.37%,7.62
https://www.futbolperuano.com/liga-1/noticias/agustin-alvarez-wallace-fue-presentado-en-sporting-cristal-y-ya-apunta-al-torneo-clausura-595945,29,2838,1.02%,3.31
https://www.futbolperuano.com/liga-1/noticias/liga-1-como-se-jugaran-los-partidos-de-la-fecha-5-del-torneo-clausura-595410,29,2653,1.09%,7.35
https://www.futbolperuano.com/partidos-por-tv/noticias/programacion-de-partidos-por-tv-del-lunes-10-de-agosto-595421,29,2490,1.16%,6.4
https://www.futbolperuano.com/liga-1/noticias/juan-pablo-goicochea-es-mejor-sumar-minutos-en-juan-pablo-ii-que-estar-sin-jugar-en-defensor-sporting-596636,29,2405,1.21%,4.89
https://www.futbolperuano.com/tag/atletico-torino,29,2292,1.27%,7.46
https://www.futbolperuano.com/liga-3/noticias/cesar-ccahuantico-solo-duro-dos-partidos-en-la-liga-3-595864,29,1234,2.35%,4.57
https://www.futbolperuano.com/liga-2/noticias/union-minas-eligio-su-estadio-para-ser-local-en-la-liga-2-573385,29,1136,2.55%,5.75
https://www.futbolperuano.com/futbol-femenino/liga-femenina/alianza-lima-se-refuerza-con-mundialista-colombiana-para-la-liga-femenina-2026-594755,29,1075,2.7%,5.01
https://www.futbolperuano.com/peru/mas-del-futbol-peruano/academias-de-futbol-en-el-distrito-de-comas-499766,29,1051,2.76%,7.27
https://www.futbolperuano.com/copa-peru/noticias/apurimac-definira-su-ultimo-clasificado-a-etapa-nacional-de-la-copa-peru-2026-596614,29,963,3.01%,3.09
https://www.futbolperuano.com/copa-peru/noticias/copa-peru-2026-resultados-de-la-fecha-2-de-la-liguilla-de-la-etapa-departamental-de-cajamarca-596807,29,897,3.23%,3.89
https://www.futbolperuano.com/liga-voley/copa-panamericana-femenina/tabla-de-posiciones,29,819,3.54%,8.11
https://www.futbolperuano.com/futsal/futsalpro/tabla-de-posiciones,29,782,3.71%,7.53
https://www.futbolperuano.com/copa-peru/noticias/se-conformaron-los-grupos-liga-departamental-de-lambayeque-copa-peru-2026-588356,29,741,3.91%,5.05
https://www.futbolperuano.com/europa-league/tabla-de-posiciones,29,720,4.03%,11.29
https://www.futbolperuano.com/en-vivo/liga-3-juan-aurich-vs-juventus-en-vivo-587853,29,270,10.74%,6.86
https://www.futbolperuano.com/futbol-internacional/inglaterra/the-championship/tabla-de-posiciones,28,38852,0.07%,10.53
https://www.futbolperuano.com/copa-peru/noticias/union-minas-vs-ayacucho-fc-en-vivo-online-por-la-fecha-14-de-la-fase-regional-de-la-liga-2-2026-596174,28,5793,0.48%,6.57
https://www.futbolperuano.com/futbol-internacional/benfica-vs-academico-viseu-9-agosto-2026-primeira-liga-de-portugal-m3256132,28,5419,0.52%,10.12
https://www.futbolperuano.com/liga-2/noticias/fecha-hora-y-canal-del-comerciantes-fc-vs-bentin-tacna-heroica-594858,28,2437,1.15%,7.91
https://www.futbolperuano.com/liga-voley/lista-de-convocadas-a-la-copa-sudamericana-de-voley-2026-592757,28,2087,1.34%,7.39
https://www.futbolperuano.com/copa-peru/noticias/sport-ancash-aun-puede-clasificar-a-la-etapa-nacional-copa-peru-2026-596944,28,1549,1.81%,2.65
https://www.futbolperuano.com/futbol-femenino/liga-femenina/atletico-andahuaylas-dejo-escapar-el-triunfo-e-igualo-con-unsaac-por-liga-femenina-594901,28,1193,2.35%,5.41
https://www.futbolperuano.com/liga-1/noticias/conar-designo-al-arbitro-que-dirigira-el-alianza-lima-vs-alianza-atletico-594158,28,1178,2.38%,4.9
https://www.futbolperuano.com/futbol-internacional/costa-rica/sporting-fc-vs-escorpiones-17-agosto-2026-primera-division-de-costa-rica-m3247336,28,1028,2.72%,4.63
https://www.futbolperuano.com/peru/mas-del-futbol-peruano/academias-de-futbol-en-el-distrito-de-miraflores-499612,28,310,9.03%,7.82
https://www.futbolperuano.com/liga-1/noticias/piero-cari-podria-ser-tomado-en-cuenta-por-alianza-lima-para-enfrentar-a-melgar-596835,27,2567,1.05%,3.73
https://www.futbolperuano.com/peruanos-en-el-exterior/noticias/fabio-gruber-cierra-la-pretemporada-con-mainz-05-y-apunta-a-la-copa-de-alemania-596280,27,2427,1.11%,6.7
https://www.futbolperuano.com/copa-sudamericana/noticias/horacio-melgarejo-revelo-que-paso-con-jugadores-de-botafogo-tras-la-goleada-de-cienciano-596089,27,1488,1.81%,4.74
https://www.futbolperuano.com/en-vivo/copa-peru-2026-juventud-naturales-vs-arsenal-lawn-tennis-en-vivo-595197,27,1304,2.07%,3.94
https://www.futbolperuano.com/copa-peru/noticias/deportivo-pacifico-asegura-7-refuerzos-para-etapa-nacional-copa-peru-2026-594865,27,808,3.34%,4.45
https://www.futbolperuano.com/liga-1/noticias/safap-arremete-contra-sport-boys-por-deudas-pendientes-con-exjugadores-596441,27,540,5%,3.79
https://www.futbolperuano.com/futbol-femenino/liga-femenina/los-canales-que-transmitiran-en-vivo-la-liga-femenina-2026-567620,27,498,5.42%,3.44
https://www.futbolperuano.com/liga-1/noticias/los-chankas-fichajes-y-bajas-en-el-plantel-para-el-torneo-clausura-2026-588413,27,371,7.28%,4.39
https://www.futbolperuano.com/futbol-internacional/brasil/serie-b/tabla-de-posiciones,26,56182,0.05%,9.68
https://www.futbolperuano.com/en-vivo/torneo-clausura-2026-cusco-fc-vs-juan-pablo-ii-en-vivo-596075,26,46120,0.06%,7.74
https://www.futbolperuano.com/peruanos-en-el-exterior/noticias/vuelve-a-la-liga-1-andre-carrillo-podria-dejar-corinthians-tras-acercarse-el-final-de-su-contrato-596976,26,25798,0.1%,5.59
https://www.futbolperuano.com/liga-1/noticias/gianluca-lapadula-y-el-millonario-sueldo-que-percibiria-en-universitario-588373,26,6588,0.39%,7
https://www.futbolperuano.com/liga-1/noticias/liga-1-2026-resultados-y-tabla-de-posiciones-de-la-fecha-3-del-torneo-clausura-594082,26,5885,0.44%,6.71
https://www.futbolperuano.com/liga-1/noticias/melgar-reclamo-tras-la-polemica-eleccion-de-mike-palomino-y-david-huaman-para-enfrentar-a-alianza-lima-596986,26,5721,0.45%,4.37
https://www.futbolperuano.com/liga-3/noticias/liga-3-resultados-y-tabla-de-posiciones-en-la-fecha-5-519562,26,4942,0.53%,1.02
https://www.futbolperuano.com/peruanos-en-el-exterior/noticias/jesus-castillo-a-un-paso-de-dejar-universitario-tiene-negociaciones-avanzadas-para-emigrar-a-tunez-594383,26,4226,0.62%,3.32
https://www.futbolperuano.com/peru/clubes/carlos-a-manucci/,26,4078,0.64%,6.81
https://www.futbolperuano.com/en-vivo/copa-de-la-liga-cienciano-vs-deportivo-garcilaso-en-vivo-588618,26,3957,0.66%,9.39
https://www.futbolperuano.com/liga-1/noticias/horacio-melgarejo-se-arrepintio-pero-dejo-una-fuerte-frase-sobre-su-sancion-594567,26,3664,0.71%,5.41
https://www.futbolperuano.com/liga-1/noticias/christian-cueva-revela-la-conversacion-que-tuvo-con-bruno-perez-tras-anularle-el-gol-a-sport-boys-595406,26,3619,0.72%,4.52
https://www.futbolperuano.com/copa-sudamericana/noticias/copa-sudamericana-horacio-melgarejo-no-se-confia-pese-a-la-ventaja-de-cienciano-sobre-botafogo-596500,26,3192,0.81%,4.75
https://www.futbolperuano.com/liga-2/noticias/carlos-mannucci-se-refuerza-con-delantero-nacional-para-la-liga-2-2026-594770,26,2721,0.96%,8.37
https://www.futbolperuano.com/partidos-por-tv/liga-1-peru-torneo-clausura-t371,26,2240,1.16%,8.52
https://www.futbolperuano.com/liga-1/alianza-lima-vs-alianza-atletico-1-agosto-2026-liga-1-peru---torneo-clausura-m3243885,26,1892,1.37%,8.75
https://www.futbolperuano.com/liga-1/noticias/los-cinco-operadores-que-transmitiran-la-liga-1-del-2026-558169,26,1820,1.43%,8.06
https://www.futbolperuano.com/copa-peru/noticias/bella-esperanza-vs-fc-cupiche-en-vivo-online-la-liga-departamental-de-lima-de-copa-peru-2026-595287,26,1626,1.6%,5.06
https://www.futbolperuano.com/partidos-por-tv/noticias/programacion-de-partidos-por-tv-del-jueves-20-de-agosto-596812,26,1480,1.76%,4.97
https://www.futbolperuano.com/peru/clubes/union-huaral/,26,1152,2.26%,7.56
https://www.futbolperuano.com/futbol-femenino/liga-femenina/alianza-lima-sorprende-al-fichar-a-mediocampista-que-disputo-un-mundial-con-la-seleccion-de-brasil-596753,26,702,3.7%,3.97
https://www.futbolperuano.com/copa-peru/noticias/programacion-partidos-de-ida-de-la-fase-2-liga-departamental-de-lima-copa-peru-2026-592092,26,332,7.83%,5.28
https://www.futbolperuano.com/peru/clubes/fbc-melgar/,25,39423,0.06%,8.65
https://www.futbolperuano.com/futbol-internacional/espana/liga2/tabla-de-posiciones,25,35710,0.07%,10.47
https://www.futbolperuano.com/peruanos-en-el-exterior/noticias/sparta-praga-de-joao-grimaldo-se-acerca-a-la-fase-de-grupos-de-la-champions-league-594738,25,8318,0.3%,8
https://www.futbolperuano.com/liga-de-campeones/mjallby-aif-vs-slovan-bratislava-4-agosto-2026-uefa-champions-league-m3262673,25,7285,0.34%,9.54
https://www.futbolperuano.com/liga-1/noticias/pedro-gallese-pudo-volver-a-alianza-lima-y-diego-penny-revelo-que-impidio-su-regreso-595124,25,7258,0.34%,4.61
https://www.futbolperuano.com/liga-2/noticias/san-martin-vs-ada-de-jaen-en-vivo-por-la-liga-2-596281,25,4228,0.59%,7.04
https://www.futbolperuano.com/liga-voley/calendario-de-peru-en-la-copa-sudamericana-de-voleibol-masculino-2026-593870,25,3640,0.69%,7.79
https://www.futbolperuano.com/liga-1/noticias/mr-peet-se-rinde-ante-figura-de-sport-boys-tras-destacar-en-empate-ante-alianza-lima-595488,25,3130,0.8%,4.7
https://www.futbolperuano.com/futbol-internacional/austria/tabla-de-posiciones,25,2054,1.22%,9
https://www.futbolperuano.com/futbol-femenino/liga-femenina/alianza-lima-dejo-el-club-tras-no-cumplir-las-expectativas-y-ahora-jugara-en-europa-593501,25,1492,1.68%,9.07
https://www.futbolperuano.com/liga-voley/resultados-y-tabla-de-posiciones-de-la-copa-panamericana-sub-17-585152,25,1155,2.16%,7.95
https://www.futbolperuano.com/liga-1/noticias/sporting-cristal-quiso-a-beto-da-silva-y-el-delantero-conto-que-sucedio-595503,25,1093,2.29%,5.31
https://www.futbolperuano.com/liga-voley/LNSV-masculino/tabla-de-posiciones,25,1063,2.35%,9.46
https://www.futbolperuano.com/futbol-femenino/liga-femenina/universitario-volvio-a-sorprender-con-el-fichaje-de-una-figura-de-la-seleccion-peruana-594679,25,907,2.76%,4.94
https://www.futbolperuano.com/copa-peru/noticias/loreto-tiene-a-su-nuevo-campeon-en-la-copa-peru-2026-594020,25,725,3.45%,4.47
https://www.futbolperuano.com/liga-1/noticias/sobrino-de-oscar-ruggeri-dirigira-a-cienciano-en-el-torneo-clausura-592943,25,703,3.56%,5
https://www.futbolperuano.com/copa-peru/noticias/resultados-fecha-4-liga-departamental-de-cusco-en-la-copa-peru-2026-592779,25,689,3.63%,6.37
https://www.futbolperuano.com/liga-1/noticias/fichajes-de-sport-boys-altas-y-bajas-para-el-torneo-clausura-2026-588192,25,620,4.03%,5.64
https://www.futbolperuano.com/tag/liga-departamental-de-lambayeque,25,441,5.67%,5.87
https://www.futbolperuano.com/liga-1/noticias/cain-fara-asume-la-responsabilidad-tras-cometer-el-penal-en-empate-de-universitario-ante-sporting-cristal-595338,24,34344,0.07%,8.25
https://www.futbolperuano.com/liga-de-campeones/estrella-roja-vs-hapoel-beer-sheva-11-agosto-2026-uefa-champions-league-m3262674,24,16153,0.15%,10.89
https://www.futbolperuano.com/peruanos-en-el-exterior/noticias/felipe-chavez-anoto-un-golazo-en-el-triunfo-del-bayern-munich-594638,24,3740,0.64%,4.25
https://www.futbolperuano.com/mas-deportes/noticias/universitario-de-deportes-debuta-con-triunfo-en-la-liga-de-lima-de-basquet-2026-584870,24,2184,1.1%,7.03
https://www.futbolperuano.com/liga-1/noticias/con-las-nuevas-reglas-de-la-liga-1-alianza-lima-clasifico-a-la-copa-libertadores-2027-tras-ganar-el-torneo-apertura-584874,24,1511,1.59%,5.31
https://www.futbolperuano.com/partidos-por-tv/premier-league-de-inglaterra-t21,24,1387,1.73%,8.28
https://www.futbolperuano.com/peru/mas-del-futbol-peruano/10-estadios-que-podemos-encontrar-en-la-region-cusco-466190,24,1283,1.87%,5.61
https://www.futbolperuano.com/descentralizado/goleadores,24,1255,1.91%,9.12
https://www.futbolperuano.com/peru/clubes/cultural-volante-bambamarca/,24,971,2.47%,4.99
https://www.futbolperuano.com/copa-peru/noticias/resultado-de-vuelta-de-la-fase-2-de-la-etapa-departamental-de-puno-de-copa-peru-2026-592669,24,512,4.69%,5.81
https://www.futbolperuano.com/liga-1/noticias/miguel-araujo-fue-contundente-tras-el-empate-de-sporting-cristal-ante-universitario-595286,23,17240,0.13%,8.26
https://www.futbolperuano.com/en-vivo/liga-2-sport-huancayo-vs-santos-en-vivo-595156,23,7267,0.32%,10.07
https://www.futbolperuano.com/futbol-femenino/liga-femenina/melgar-golea-a-cd-yanapuma-y-consigue-su-primer-triunfo-en-el-torneo-clausura-594996,23,6406,0.36%,6.69
https://www.futbolperuano.com/partidos-por-tv/noticias/programacion-de-hoy-lunes-17-de-agosto-de-2026-horarios-del-futbol-en-vivo-por-television-en-el-peru-596358,23,3778,0.61%,6.28
https://www.futbolperuano.com/seleccion/noticias/la-seleccion-peruana-extendio-su-vinculo-con-la-marca-alemana-adidas-hasta-el-2034-596694,23,3093,0.74%,5.09
https://www.futbolperuano.com/peruanos-en-el-exterior/noticias/oliver-sonne-fue-clave-en-agonico-empate-de-burnley-en-su-estreno-en-la-championship-596371,23,2731,0.84%,4.85
https://www.futbolperuano.com/en-vivo/liga-femenina-2026-melgar-vs-defensores-del-ilucan-en-vivo-595192,23,2692,0.85%,7.29
https://www.futbolperuano.com/futbol-internacional/usa/inter-miami-cf-vs-columbus-crew-1-agosto-2026-mls-de-estados-unidos-m3223099,23,1953,1.18%,9.36
https://www.futbolperuano.com/liga-1/noticias/alianza-lima-se-revela-el-futuro-de-gaspar-gentile-tras-ser-vinculado-con-el-temperley-de-argentina-593235,23,1923,1.2%,8.45
https://www.futbolperuano.com/partidos-por-tv/mls-de-estados-unidos-t27,23,1760,1.31%,8.8
https://www.futbolperuano.com/copa-peru/noticias/deportivo-municipal-vs-sport-humaya-en-vivo-online-por-la-vuelta-de-los-8vos-de-final-de-la-liga-departamental-de-lima-en-la-copa-peru-2026-593454,23,1359,1.69%,7.4
https://www.futbolperuano.com/copa-de-la-liga/noticias/asi-quedaron-los-cuartos-de-final-de-la-copa-de-la-liga-2026-clasificados-y-cruces-confirmados-591698,23,1084,2.12%,4.25
https://www.futbolperuano.com/liga-3/noticias/por-que-se-suspendio-el-partido-entre-uda-y-ucayali-fc-en-huancavelica-596245,23,1081,2.13%,4.23
https://www.futbolperuano.com/peru/clubes/santo-domingo-chachapoyas/,23,896,2.57%,5.98
https://www.futbolperuano.com/en-vivo/volleyball-nations-league-femenino--vnl-2026-china-vs-italia-593497,23,744,3.09%,7.34
https://www.futbolperuano.com/futbol-de-menores/copa-federacion/plata-b-serie-2/resultados,23,655,3.51%,6.95
https://www.futbolperuano.com/partidos-por-tv/primeira-liga-de-portugal-t28,23,406,5.67%,8.69
https://www.futbolperuano.com/en-vivo/copa-peru-2026-domingo-dianderas-vs-municipal-de-nasca-en-vivo-592373,22,7455,0.3%,7.92
https://www.futbolperuano.com/liga-2/noticias/deportivo-llacuabamba-vs-san-martin-en-vivo-por-la-liga-2-594203,22,3226,0.68%,9.63
https://www.futbolperuano.com/seleccion/noticias/carlos-zambrano-y-christian-cueva-hablaron-del-futuro-de-la-localia-de-peru-595732,22,2308,0.95%,5.88
https://www.futbolperuano.com/liga-1/noticias/liga-1-se-confirmo-donde-se-jugara-el-juan-pablo-ii-vs-alianza-lima-596583,22,2045,1.08%,6.28
https://www.futbolperuano.com/copa-peru/noticias/juventud-naturales-vs-arsenal-lawn-tennis-en-vivo-por-la-copa-peru-595141,22,1226,1.79%,4.96
https://www.futbolperuano.com/liga-1/sporting-cristal-vs-juan-pablo-ii-2-agosto-2026-liga-1-peru---torneo-clausura-m3243899,22,1162,1.89%,9.01
https://www.futbolperuano.com/tag/adidas-cup,22,997,2.21%,8.63
https://www.futbolperuano.com/en-vivo/copa-peru-2025-ada-cajabamba-vs-las-palmas-de-chota-en-vivo-533382,22,995,2.21%,6.7
https://www.futbolperuano.com/liga-voley/resultados-y-posiciones-del-sudamericano-de-voleibol-masculino-sub-17-558606,22,953,2.31%,9.94
https://www.futbolperuano.com/partidos-por-tv/copa-sudamericana-de-voley-masculino-t481,22,941,2.34%,6.82
https://www.futbolperuano.com/copa-peru/noticias/dos-equipos-de-tumbes-clasifican-a-la-etapa-nacional-de-la-copa-peru-2026-594080,22,601,3.66%,5.5
https://www.futbolperuano.com/peru/mas-del-futbol-peruano/academias-de-futbol-en-la-molina-499126,22,532,4.14%,6.72
https://www.futbolperuano.com/peru/mas-del-futbol-peruano/academias-de-futbol-en-el-distrito-de-chorrillos-499712,22,463,4.75%,6.53
https://www.futbolperuano.com/copa-peru/noticias/huancavelica-ya-tiene-a-sus-representantes-etapa-provincial-copa-peru-2026-580405,22,260,8.46%,4.65
https://www.futbolperuano.com/liga-1/noticias/trujillo-vuelve-a-tener-futbol-en-la-liga-1-del-2025-502953,22,231,9.52%,6.05
https://www.futbolperuano.com/liga-2/noticias/santos-fc-vs-comerciantes-fc-en-vivo-por-la-liga-2-594222,21,14133,0.15%,8.48
https://www.futbolperuano.com/liga-1/noticias/hansell-riojas-y-un-mensaje-contundente-antes-del-duelo-ante-alianza-lima-595134,21,12285,0.17%,6.14
https://www.futbolperuano.com/peru/clubes/atletico-grau/,21,11387,0.18%,8.11
https://www.futbolperuano.com/futbol-internacional/usa/orlando-city-vs-chicago-fire-19-agosto-2026-mls-de-estados-unidos-m3223132,21,5980,0.35%,11.42
https://www.futbolperuano.com/peruanos-en-el-exterior/noticias/jesus-castillo-es-anunciado-como-nuevo-jugador-del-esperance-sportive-de-tunez-595336,21,4400,0.48%,3.93
https://www.futbolperuano.com/liga-de-campeones/fc-kairat-almaty-vs-levski-sofia-11-agosto-2026-uefa-champions-league-m3262678,21,4387,0.48%,9.02
https://www.futbolperuano.com/futbol-femenino/liga-femenina/liga-femenina-carlos-mannucci-y-flamengo-protagonizaron-un-insolito-partido-con-tres-penales-594376,21,3432,0.61%,7.46
https://www.futbolperuano.com/liga-2/noticias/academia-cantolao-vs-cesar-vallejo-en-vivo-por-la-liga-2-594194,21,3176,0.66%,9.79
https://www.futbolperuano.com/peruanos-en-el-exterior/noticias/burnley-sufrio-ante-notts-county-pero-avanzo-con-oliver-sonne-en-cancha-595273,21,2962,0.71%,7.34
https://www.futbolperuano.com/peruanos-en-el-exterior/noticias/pedro-gallese-sufre-duro-reves-con-el-deportivo-cali-en-colombia-594422,21,2744,0.77%,5.91
https://www.futbolperuano.com/liga-2/noticias/liga-2-comerciantes-fc-no-se-conforma-y-suma-otro-fichaje-procedente-de-la-liga-1-594137,21,1445,1.45%,9.28
https://www.futbolperuano.com/copa-peru/noticias/atletico-torino-sumo-su-segundo-triunfo-en-la-etapa-departamental-copa-peru-2026-591725,21,1229,1.71%,6.72
https://www.futbolperuano.com/liga-voley/fichajes-en-la-liga-peruana-de-voley-2026-2027-altas-bajas-y-renovaciones-583061,21,1169,1.8%,7.57
https://www.futbolperuano.com/liga-3/noticias/liga-3-sporting-company-sorprende-y-presenta-a-su-nuevo-entrenador-596247,21,1103,1.9%,3.49
https://www.futbolperuano.com/peru/clubes/ad-tahuishco-moyobamba/,21,762,2.76%,6.1
https://www.futbolperuano.com/peru/clubes/juventud-cautivo-piura/,21,757,2.77%,5.64
https://www.futbolperuano.com/copa-peru/noticias/copa-peru-los-ocho-clasificados-a-la-siguiente-ronda-en-la-liga-departamental-de-junin-593678,21,655,3.21%,5.46
https://www.futbolperuano.com/futsal/futsalpro/resultados,21,608,3.45%,8.17
https://www.futbolperuano.com/peru/mas-del-futbol-peruano/academias-de-futbol-en-san-martin-de-porres-498324,21,540,3.89%,7.76
https://www.futbolperuano.com/copa-peru/noticias/resultados-fecha-1-cuadrangular-final-liga-departamental-apurimac-en-copa-peru-2026-592818,21,537,3.91%,5.38
https://www.futbolperuano.com/liga-voley/fichajes-de-san-martin-altas-bajas-y-renovaciones-para-la-liga-peruana-de-voley-2026-27-582975,21,536,3.92%,6.2
https://www.futbolperuano.com/fichajes/fichajes-de-alianza-atletico-altas-y-bajas-para-el-torneo-clausura-2026-588231,21,223,9.42%,4.8
https://www.futbolperuano.com/copa-libertadores/noticias/resultados-de-los-octavos-de-final-vuelta-de-la-copa-libertadores-2026-596355,20,10408,0.19%,7.76
https://www.futbolperuano.com/liga-1/noticias/liga-1-christian-cueva-lidera-la-lista-de-convocados-de-sport-boys-595261,20,6338,0.32%,4.14
https://www.futbolperuano.com/partidos-por-tv/noticias/programacion-de-partidos-por-tv-del-sabado-15-de-agosto-596232,20,4704,0.43%,6.42
https://www.futbolperuano.com/futbol-de-menores/sudamericano-sub-17/tabla-de-posiciones,20,4284,0.47%,9.52
https://www.futbolperuano.com/liga-2/noticias/bentin-tacna-heroica-se-refuerza-con-un-mediocentro-ofensivo-argentino-595137,20,3097,0.65%,6.45
https://www.futbolperuano.com/liga-1/sporting-cristal-vs-sport-huancayo-16-agosto-2026-liga-1-peru---torneo-clausura-m3243916,20,2613,0.77%,9.11
https://www.futbolperuano.com/liga-1/noticias/hasta-cuando-se-pueden-reforzar-los-equipos-para-el-torneo-apertura-liga-1-573513,20,2539,0.79%,6.44
https://www.futbolperuano.com/liga-voley/san-martin-sorprende-con-el-fichaje-de-emily-zinger-para-la-liga-peruana-de-voley-2026-27-594542,20,1884,1.06%,5.15
https://www.futbolperuano.com/liga-2/noticias/union-comercio-no-se-detiene-anuncia-tres-nuevos-fichajes-para-afrontar-la-recta-final-de-la-liga-2-2026-596789,20,1857,1.08%,6.55
https://www.futbolperuano.com/partidos-por-tv/noticias/programacion-de-partidos-por-tv-del-viernes-14-de-agosto-596048,20,1837,1.09%,6.26
https://www.futbolperuano.com/partidos-por-tv/disney-c53,20,1596,1.25%,6.98
https://www.futbolperuano.com/liga-voley/mundial-sub-19-femenino/tabla-de-posiciones,20,1592,1.26%,8.31
https://www.futbolperuano.com/en-vivo/mundial-de-voley-femenino-sub-17-venezuela-vs-filipinas-en-vivo-595613,20,1547,1.29%,3.11
https://www.futbolperuano.com/liga-1/tabla-acumulada/,20,1433,1.4%,8.14
https://www.futbolperuano.com/liga-1/noticias/paolo-guerrero-recibio-critica-de-christian-ramos-tras-polemica-reaccion-en-redes-sociales-595912,20,1414,1.41%,4.21
https://www.futbolperuano.com/copa-sudamericana/goleadores,20,1034,1.93%,6.23
https://www.futbolperuano.com/copa-peru/noticias/resultados-de-la-vuelta-de-la-fase-2-de-la-liga-departamental-de-cajamarca-de-copa-peru-2026-593580,20,769,2.6%,5.83
https://www.futbolperuano.com/copa-peru/noticias/copa-peru-2026-sociedad-tiro-28-y-academia-pepe-clasificaron-a-la-etapa-nacional-por-pasco-596425,20,715,2.8%,4.44
https://www.futbolperuano.com/copa-peru/noticias/cachorro-cerca-de-clasificarse-a-la-etapa-nacional-de-la-copa-peru-2026-596416,20,621,3.22%,4.19
https://www.futbolperuano.com/liga-2/noticias/como-se-jugaran-las-liguillas-del-ascenso-en-la-liga-2-525339,20,499,4.01%,4.01
https://www.futbolperuano.com/en-vivo/copa-libertadores-2026-tolima-vs-independiente-del-valle-en-vivo-596571,19,17704,0.11%,5.61
https://www.futbolperuano.com/liga-1/noticias/los-chankas-denuncian-agresion-en-huancayo-tras-el-empate-ante-el-rojo-matador-595262,19,16637,0.11%,8.73
https://www.futbolperuano.com/futbol-internacional/ecuador/tabla-de-posiciones,19,15140,0.13%,9.48
https://www.futbolperuano.com/en-vivo/copa-libertadores-2026-cerro-porteno-vs-palmeiras-en-vivo-596736,19,8493,0.22%,6.85
https://www.futbolperuano.com/futbol-internacional/bk-hacken-vs-kalmar-ff-1-agosto-2026-allsvenskan-de-suecia-m3225301,19,5915,0.32%,9.32
https://www.futbolperuano.com/liga-1/noticias/liga-1-fixture-de-universitario-de-deportes-en-el-torneo-apertura-2026-558224,19,5867,0.32%,7.95
https://www.futbolperuano.com/liga-1/noticias/fernando-pacheco-fue-ofrecido-a-sport-boys-tras-no-concretar-su-continuidad-en-el-extranjero-595096,19,5622,0.34%,4.91
https://www.futbolperuano.com/peruanos-en-el-exterior/noticias/copenhague-avanza-en-la-conference-league-con-goleada-y-sin-marcos-lopez-595790,19,5351,0.36%,7.02
https://www.futbolperuano.com/liga-de-campeones/levski-sofia-vs-aek-18-agosto-2026-uefa-champions-league-m3267266,19,4890,0.39%,10.33
https://www.futbolperuano.com/futbol-internacional/aik-vs-orgryte-is-2-agosto-2026-allsvenskan-de-suecia-m3225281,19,4730,0.4%,9.06
https://www.futbolperuano.com/futbol-femenino/liga-femenina/carlos-mannucci-se-impone-a-club-unsaac-y-sigue-recuperandose-en-la-liga-femenina-2026-595320,19,3130,0.61%,6.7
https://www.futbolperuano.com/futbol-internacional/vasteras-sk-fk-vs-djurgardens-if-10-agosto-2026-allsvenskan-de-suecia-m3225300,19,2868,0.66%,8.84
https://www.futbolperuano.com/liga-1/noticias/hector-cuper-hace-impactante-revelacion-tras-el-empate-ante-sporting-cristal-595256,19,2829,0.67%,6.62
https://www.futbolperuano.com/en-vivo/liga-femenina-2026-carlos-mannucci-vs-flamengo-en-vivo-594242,19,2265,0.84%,6.18
https://www.futbolperuano.com/liga-1/noticias/la-serie-a-recuerda-a-gianluca-lapadula-tras-marcar-su-segundo-gol-con-universitario-595401,19,1915,0.99%,7.75
https://www.futbolperuano.com/partidos-por-tv/movistar-peru-c9,19,1266,1.5%,9.33
https://www.futbolperuano.com/copa-peru/noticias/sport-ancash-avanza-en-liga-departamental-de-ancash-en-copa-peru-2026-592659,19,1073,1.77%,6.93
https://www.futbolperuano.com/futbol-de-menores/copa-federacion-oro-2026-programacion-de-la-1ra-fecha-del-torneo-573613,19,936,2.03%,6.15
https://www.futbolperuano.com/copa-peru/noticias/copa-peru-2026-resultados-y-tabla-de-posiciones-de-la-etapa-departamental-de-ayacucho-588967,19,772,2.46%,6.25
https://www.futbolperuano.com/seleccion/noticias/seleccion-peruana-sub-20-thiago-kosloski-presenta-convocatoria-con-figuras-locales-y-talentos-del-exterior-574619,19,506,3.75%,7.09
https://www.futbolperuano.com/peru/mas-del-futbol-peruano/academias-de-futbol-en-el-distrito-de-jesus-maria-498963,19,494,3.85%,8.07
https://www.futbolperuano.com/peru/clubes/nuevo-san-cristobal/,19,358,5.31%,5.87
https://www.futbolperuano.com/liga-voley/copa-federacion/,19,287,6.62%,8.01
https://www.futbolperuano.com/fichajes/fichajes-de-juan-pablo-ii-altas-y-bajas-para-el-torneo-clausura-2026-588217,19,215,8.84%,5.39
https://www.futbolperuano.com/liga-3/noticias/jose-maria-arguedas-queda-excluido-de-la-liga-3-2026-589699,19,185,10.27%,4.42
https://www.futbolperuano.com/en-vivo/copa-sudamericana-2026-atletico-mineiro-vs-bragantino-en-vivo-596724,18,14350,0.13%,8.26
https://www.futbolperuano.com/copa-sudamericana/noticias/copa-sudamericana-resultados-de-los-partidos-de-ida-de-los-octavos-de-final-595517,18,13728,0.13%,9.66
https://www.futbolperuano.com/futbol-internacional/rosenborg-vs-viking-14-agosto-2026-eliteserien-de-noruega-m3230062,18,6350,0.28%,8.8
https://www.futbolperuano.com/peruanos-en-el-exterior/noticias/corinthians-con-andre-carrillo-quedo-eliminado-de-la-copa-de-brasil-2026-595071,18,3463,0.52%,7.68
https://www.futbolperuano.com/liga-1/noticias/paolo-guerrero-denuncia-hackeo-de-sus-redes-sociales-y-aclara-polemicas-publicaciones-596283,18,1850,0.97%,3.07
https://www.futbolperuano.com/liga-3/noticias/deportivo-ucrania-vs-asa-fc-en-vivo-online-por-la-fecha-11-de-la-fase-regional-de-la-liga-3-2026-596279,18,1501,1.2%,3.92
https://www.futbolperuano.com/copa-de-la-liga/noticias/los-tres-premios-que-otorgara-la-copa-de-la-liga-2026-584695,18,1177,1.53%,6.24
https://www.futbolperuano.com/liga-1/noticias/roberto-mosquera-sorprendio-con-sus-declaraciones-tras-el-empate-ante-universitario-595259,18,1060,1.7%,6.18
https://www.futbolperuano.com/peru/clubes/nacional-fbc-mollendo/,18,683,2.64%,5.81
https://www.futbolperuano.com/copa-peru/noticias/partido-de-copa-peru-2026-se-jugara-en-moderno-e-increible-estadio-591159,18,604,2.98%,6.62
https://www.futbolperuano.com/copa-de-la-liga/noticias/asi-quedo-conformado-el-fixture-oficial-de-la-copa-de-la-liga-2026-583565,18,509,3.54%,7.71
https://www.futbolperuano.com/liga-2/noticias/carlos-mannucci-presento-a-su-plantel-para-disputar-la-liga-2-del-2026-562350,18,473,3.81%,6.21
https://www.futbolperuano.com/futbol-de-menores/copa-federacion/copa-federacion-2026-programacion-de-partidos-del-13-al-15-de-junio-587471,18,441,4.08%,6.17
https://www.futbolperuano.com/liga-2/noticias/como-se-definira-el-descenso-en-la-liga-2-524624,18,408,4.41%,12.96
https://www.futbolperuano.com/peru/clubes/social-pariacoto/,18,392,4.59%,5.68
https://www.futbolperuano.com/copa-peru/noticias/copa-peru-resultados-de-los-encuentros-de-ida-en-la-fase-2-de-la-liga-departamental-de-arequipa-591718,18,358,5.03%,5.16
https://www.futbolperuano.com/liga-1/noticias/fichajes-de-adt-de-tarma-altas-y-bajas-para-el-torneo-clausura-588339,18,259,6.95%,4.14
https://www.futbolperuano.com/futbol-de-menores/copa-federacion/oro-sub-13/tabla-de-posiciones,18,80,22.5%,2.74
https://www.futbolperuano.com/peru/clubes/sport-boys/,17,17191,0.1%,8.76
https://www.futbolperuano.com/liga-1/atletico-grau-vs-sport-boys-1-agosto-2026-liga-1-peru---torneo-clausura-m3243886,17,13781,0.12%,8.11
https://www.futbolperuano.com/futbol-internacional/colombia/tabla-de-posiciones,17,11053,0.15%,11.19
https://www.futbolperuano.com/copa-libertadores/noticias/programacion-de-los-octavos-de-final-de-la-copa-libertadores-2026-595386,17,9029,0.19%,8.52
https://www.futbolperuano.com/peru/mas-del-futbol-peruano/el-estadio-peruano-que-proyectaba-tener-90-mil-espectadores-pero-se-quedo-30-mil-573498,17,8876,0.19%,7.02
https://www.futbolperuano.com/liga-1/comerciantes-unidos-vs-cusco-futbol-club-7-agosto-2026-liga-1-peru---torneo-clausura-m3243894,17,8520,0.2%,9.12
https://www.futbolperuano.com/copa-sudamericana/noticias/cienciano-vs-botafogo-fechas-y-horarios-confirmados-por-octavos-de-copa-sudamericana-2026-594289,17,4915,0.35%,7.91
https://www.futbolperuano.com/peru/clubes/alianza-universidad-huanuco/,17,4730,0.36%,7.76
https://www.futbolperuano.com/liga-1/noticias/miguel-rondelli-asumio-la-responsabilidad-tras-caida-de-melgar-ante-fc-cajamarca-595447,17,3040,0.56%,5.09
https://www.futbolperuano.com/liga-3/noticias/estos-son-los-37-equipos-que-disputaran-la-liga-3-2026-553500,17,2492,0.68%,5.59
https://www.futbolperuano.com/liga-2/noticias/liga-2-2026-resultados-y-tabla-de-posiciones-de-la-fecha-12-de-la-fase-regular-594098,17,2157,0.79%,9.16
https://www.futbolperuano.com/peruanos-en-el-exterior/noticias/pedro-gallese-fue-figura-en-la-victoria-de-deportivo-cali-ante-pasto-en-la-liga-colombiana-595364,17,2138,0.8%,5.24
https://www.futbolperuano.com/partidos-por-tv/brasil-campeonato-brasileno-de-futbol-serie-a-t13,17,1670,1.02%,8.24
https://www.futbolperuano.com/partidos-por-tv/noticias/programacion-de-partidos-por-tv-del-martes-11-de-agosto-595563,17,1609,1.06%,4.38
https://www.futbolperuano.com/liga-1/noticias/alianza-lima-alista-un-importante-regreso-para-medirse-ante-utc-por-el-torneo-clausura-2026-595885,17,937,1.81%,3.34
https://www.futbolperuano.com/partidos-por-tv/peru-liga-femenina-peru-t182,17,829,2.05%,7.7
https://www.futbolperuano.com/en-vivo/torneo-apertura-2026-melgar-vs-los-chankas-en-vivo-567480,17,809,2.1%,5.63
https://www.futbolperuano.com/peru/clubes/comerciantes-loreto/,17,697,2.44%,8.23
https://www.futbolperuano.com/futsal/sudamericano-sub-17/resultados,17,498,3.41%,8.25
https://www.futbolperuano.com/liga-1/noticias/fichajes-de-utc-de-cajamarca-altas-bajas-y-rumores-para-el-torneo-clausura-588344,17,418,4.07%,9.76
https://www.futbolperuano.com/copa-peru/noticias/que-paso-con-alfonso-ugarte-de-puno-tras-su-descenso-en-el-2023-592396,17,398,4.27%,6.77
https://www.futbolperuano.com/copa-peru/noticias/copa-peru-2026-asi-quedaron-las-llaves-de-la-fase-2-de-la-etapa-departamental-de-lima-591789,17,395,4.3%,5.96
https://www.futbolperuano.com/copa-peru/noticias/programacion-partidos-de-vuelta-fase-1-liga-departamental-lima-en-copa-peru-2026-591142,17,231,7.36%,6.02
https://www.futbolperuano.com/copa-peru/noticias/seis-equipos-del-interligas-de-lima-siguen-vivos-en-la-copa-peru-2026-587890,17,202,8.42%,5.09
https://www.futbolperuano.com/futbol-femenino/liga-femenina/programacion-de-la-fecha-5-del-torneo-apertura-de-la-liga-femenina-2026-581373,17,153,11.11%,4.15
https://www.futbolperuano.com/futbol-de-menores/torneo-reservas/resultados,17,140,12.14%,6.68
https://www.futbolperuano.com/liga-1/fc-cajamarca-vs-sport-huancayo-1-agosto-2026-liga-1-peru---torneo-clausura-m3243889,16,14249,0.11%,10.07
https://www.futbolperuano.com/liga-de-campeones/hapoel-beer-sheva-vs-estrella-roja-4-agosto-2026-uefa-champions-league-m3262670,16,12947,0.12%,10.46
https://www.futbolperuano.com/liga-voley/sudamericano-clubes-femenino/tabla-de-posiciones,16,4656,0.34%,8.68
https://www.futbolperuano.com/liga-2/noticias/sport-huancayo-vs-estudiantil-cni-en-vivo-online-por-la-fecha-15-de-la-fase-regional-de-la-liga-2-2026-596783,16,1810,0.88%,6.64
https://www.futbolperuano.com/liga-2/noticias/alianza-universidad-suma-un-nuevo-refuerzo-para-buscar-el-ascenso-595604,16,1356,1.18%,6.19
https://www.futbolperuano.com/peruanos-en-el-exterior/noticias/kluiverth-aguilar-deja-europa-y-ya-tiene-nuevo-equipo-fue-anunciado-por-minnesota-united-fc-2-596201,16,1301,1.23%,5.9
https://www.futbolperuano.com/en-vivo/liga-femenina-2026-atletico-andahuaylas-vs-fc-killas-en-vivo-595186,16,978,1.64%,6.13
https://www.futbolperuano.com/liga-1/noticias/universitario-toma-rotunda-decision-con-respecto-al-futuro-de-williams-riveros-594191,16,797,2.01%,7.08
https://www.futbolperuano.com/seleccion/noticias/nolberto-solano-cuestiona-la-altura-para-peru-y-explica-por-que-no-seria-garantia-en-eliminatorias-2030-596687,16,664,2.41%,4.29
https://www.futbolperuano.com/en-vivo/liga-femenina-2026-fc-killas-vs-carlos-mannucci-en-vivo-594802,16,632,2.53%,6.69
https://www.futbolperuano.com/partidos-por-tv/futsal-pro-peru-t195,16,495,3.23%,6.9
https://www.futbolperuano.com/copa-peru/noticias/se-cambio-el-formato-a-la-etapa-nacional-de-la-copa-peru-2026-557259,16,488,3.28%,6.18
https://www.futbolperuano.com/tag/miguel-grau-de-abancay,16,419,3.82%,7.03
https://www.futbolperuano.com/copa-peru/noticias/copa-peru-2026-resultados-de-los-partidos-de-vuelta-de-la-fase-1-de-la-etapa-departamental-cajamarca-591780,16,413,3.87%,6.17
https://www.futbolperuano.com/en-vivo/copa-libertadores-2026-mirassol-vs-ldu-de-quito-en-vivo-595997,15,38650,0.04%,7.25
https://www.futbolperuano.com/copa-sudamericana/santos-vs-macara-13-agosto-2026-copa-sudamericana-m3262884,15,8444,0.18%,11.58
https://www.futbolperuano.com/liga-1/noticias/juan-romagnoli-se-prepara-para-su-regreso-la-gran-apuesta-de-cienciano-en-la-temporada-2026-557507,15,4532,0.33%,2.14
https://www.futbolperuano.com/liga-2/noticias/estudiantil-cni-vs-comerciantes-fc-en-vivo-online-por-la-fecha-14-de-fase-regional-de-la-liga-2-2026-596179,15,3726,0.4%,8.06
https://www.futbolperuano.com/liga-1/noticias/alianza-lima-tomo-una-decision-sobre-el-futuro-de-josue-estrada-en-la-liga-1-595093,15,1972,0.76%,6.54
https://www.futbolperuano.com/futbol-internacional/rumania/tabla-de-posiciones,15,1552,0.97%,9.32
https://www.futbolperuano.com/futbol-de-menores/copa-federacion/copa-federacion-2026-programacion-de-partidos-del-27-al-29-de-junio-589133,15,1492,1.01%,7.66
https://www.futbolperuano.com/copa-peru/noticias/cuantos-equipos-de-la-copa-peru-ascenderan-a-la-liga-3-546483,15,1402,1.07%,4.94
https://www.futbolperuano.com/copa-peru/noticias/sport-ancash-cada-vez-mas-cerca-de-la-etapa-nacional-de-la-copa-peru-2026-593616,15,1253,1.2%,6.86
https://www.futbolperuano.com/seleccion/noticias/christian-cueva-confeso-que-quiere-volver-a-la-seleccion-peruana-de-mano-menezes-596831,15,1186,1.26%,3.7
https://www.futbolperuano.com/liga-1/noticias/quien-es-john-jairo-guzman-la-joya-de-15-anos-y-de-191-metros-que-debuto-con-universitario-560183,15,1047,1.43%,5.53
https://www.futbolperuano.com/seleccion/noticias/carlos-zambrano-y-su-contundente-comentario-sobre-el-futuro-de-fabio-gruber-en-la-seleccion-peruana-595921,15,1045,1.44%,4.47
https://www.futbolperuano.com/partidos-por-tv/pluto-tv-c46,15,1033,1.45%,7.24
https://www.futbolperuano.com/tag/juan-aurich,15,994,1.51%,8.94
https://www.futbolperuano.com/liga-voley/copa-sudamericana-masculina/tabla-de-posiciones,15,869,1.73%,7.04
https://www.futbolperuano.com/futbol-internacional/costa-rica/puntarenas-vs-deportivo-saprissa-8-agosto-2026-primera-division-de-costa-rica-m3247332,15,658,2.28%,5.99
https://www.futbolperuano.com/futbol-internacional/inglaterra/carling-cup/tabla-de-posiciones,15,617,2.43%,9.45
https://www.futbolperuano.com/en-vivo/liga-femenina-2026-unsaac-vs-killas-en-vivo-594247,15,579,2.59%,6.41
https://www.futbolperuano.com/partidos-por-tv/nativa-c31,15,576,2.6%,7.61
https://www.futbolperuano.com/partidos-por-tv/uefa-europa-league-t29,15,502,2.99%,7.62
https://www.futbolperuano.com/peru/mas-del-futbol-peruano/academias-de-futbol-en-el-distrito-de-san-miguel-499482,15,491,3.05%,7.03
https://www.futbolperuano.com/copa-peru/noticias/domingo-dianderas-confirma-6-refuerzos-para-la-etapa-departamental-copa-peru-2026-591261,15,361,4.16%,5.66
https://www.futbolperuano.com/partidos-por-tv/uefa-europa-conference-league-t145,15,330,4.55%,7.58
https://www.futbolperuano.com/liga-1/noticias/fichajes-de-fbc-melgar-altas-y-bajas-para-el-torneo-clausura-de-la-liga-1-2026-588258,15,295,5.08%,5.04
https://www.futbolperuano.com/radio/atlantis-47-ayacucho-4331,15,289,5.19%,7.91
https://www.futbolperuano.com/en-vivo/volleyball-nations-league-femenino--vnl-2026-turquia-vs-brasil-593498,15,276,5.43%,7.54
https://www.futbolperuano.com/liga-1/noticias/fichajes-de-comerciantes-unidos-altas-y-bajas-para-el-torneo-clausura-2026-de-la-liga-1-2026-588545,15,172,8.72%,3.99
https://www.futbolperuano.com/futbol-femenino/liga-femenina/goleadores,15,39,38.46%,3.67
https://www.futbolperuano.com/partidos-por-tv/amistosos-de-clubes-t11,14,23443,0.06%,10.2
https://www.futbolperuano.com/liga-1/sport-huancayo-vs-los-chankas-7-agosto-2026-liga-1-peru---torneo-clausura-m3243896,14,11191,0.13%,8.97
https://www.futbolperuano.com/liga-1/noticias/universitario-vs-sporting-cristal-fecha-y-nuevo-horario-confirmado-para-el-duelo-por-el-torneo-clausura-2026-594241,14,5321,0.26%,8.23
https://www.futbolperuano.com/copa-sudamericana/sao-paulo-vs-bolivar-18-agosto-2026-copa-sudamericana-m3262893,14,2967,0.47%,9.64
https://www.futbolperuano.com/liga-1/noticias/alianza-atletico-tomo-una-drastica-decision-antes-del-duelo-frente-a-cienciano-594649,14,2153,0.65%,7.26
https://www.futbolperuano.com/liga-1/noticias/liga-1-se-confirma-un-nuevo-trofeo-entre-campeones-para-el-2027-584486,14,1197,1.17%,5.76
https://www.futbolperuano.com/copa-peru/noticias/el-premio-que-recibira-el-campeon-de-la-copa-peru-2025-505369,14,868,1.61%,3.57
https://www.futbolperuano.com/peru/mas-del-futbol-peruano/oracion-por-el-dia-de-santa-rosa-de-lima-279172,14,853,1.64%,6.58
https://www.futbolperuano.com/liga-voley/copa-sudamericana-masculina/,14,791,1.77%,6.92
https://www.futbolperuano.com/peruanos-en-el-exterior/noticias/adrian-ugarriza-volvio-a-convertir-en-la-victoria-de-kiryat-shmona-en-la-toto-cup-2026-595298,14,651,2.15%,7.13
https://www.futbolperuano.com/liga-3/noticias/la-liga-3-y-la-copa-peru-podrian-tener-transmisiones-gratuitas-mediante-un-nuevo-canal-oficial-583384,14,495,2.83%,5.81
https://www.futbolperuano.com/copa-peru/noticias/resultados-fase-4-del-interligas-de-lima-en-la-copa-peru-2026-587356,14,365,3.84%,5.15
https://www.futbolperuano.com/futbol-internacional/alemania/dfb-pokal/tabla-de-posiciones,14,284,4.93%,21.5
https://www.futbolperuano.com/futbol-internacional/galatasaray-vs-orum-fk-14-agosto-2026-superliga-de-turquia-m3257587,13,25786,0.05%,10.6
https://www.futbolperuano.com/liga-1/noticias/resultados-y-tabla-de-posiciones-de-la-fecha-10-del-torneo-clausura-de-la-liga-1-365758,13,19904,0.07%,6.24
https://www.futbolperuano.com/peru/clubes/adt/,13,17108,0.08%,8.29
https://www.futbolperuano.com/en-vivo/copa-libertadores-2026-independiente-rivadavia-vs-fluminense-en-vivo-596569,13,14880,0.09%,6.85
https://www.futbolperuano.com/en-vivo/copa-sudamericana-2026-recoleta-vs-boca-juniors-en-vivo-596577,13,13710,0.09%,5.75
https://www.futbolperuano.com/futbol-internacional/rc-genk-vs-kvc-westerlo-15-agosto-2026-pro-league-de-belgica-m3250800,13,10278,0.13%,9.16
https://www.futbolperuano.com/futbol-internacional/italia/tabla-de-posiciones,13,5721,0.23%,11.93
https://www.futbolperuano.com/futbol-internacional/holanda/cambuur-vs-excelsior-7-agosto-2026-eredivisie-de-paises-bajos-m3247788,13,5051,0.26%,10.56
https://www.futbolperuano.com/futbol-internacional/holanda/nec-vs-sc-telstar-8-agosto-2026-eredivisie-de-paises-bajos-m3247794,13,4820,0.27%,11.38
https://www.futbolperuano.com/futbol-internacional/noruega/tabla-de-posiciones,13,4756,0.27%,8.95
https://www.futbolperuano.com/futbol-internacional/brann-vs-rosenborg-2-agosto-2026-eliteserien-de-noruega-m3230043,13,4241,0.31%,9.43
https://www.futbolperuano.com/liga-2/noticias/deportivo-llacuabamba-y-santos-fc-reciben-una-advertencia-en-la-liga-2-594681,13,3204,0.41%,9.11
https://www.futbolperuano.com/futbol-internacional/usa/vancouver-whitecaps-vs-houston-dynamo-19-agosto-2026-mls-de-estados-unidos-m3223137,13,2770,0.47%,9.52
https://www.futbolperuano.com/liga-2/noticias/alianza-universidad-sorprende-y-anuncia-a-sandro-rengifo-como-nuevo-refuerzo-para-la-liga-2-2026-595542,13,2041,0.64%,6.97
https://www.futbolperuano.com/futbol-internacional/suecia/tabla-de-posiciones,13,1957,0.66%,9.12
https://www.futbolperuano.com/partidos-por-tv/campeonato-mundial-de-voleibol-femenino-sub-17-t331,13,1864,0.7%,9.53
https://www.futbolperuano.com/liga-3/noticias/liga-3-resultados-y-tabla-de-posiciones-de-la-fecha-2-de-la-fase-regional-587751,13,1840,0.71%,1.49
https://www.futbolperuano.com/liga-voley/sudamericano-clubes-femenino/resultados,13,1794,0.72%,8.88
https://www.futbolperuano.com/tag/las-palmas-de-chota,13,1674,0.78%,6.79
https://www.futbolperuano.com/liga-1/noticias/los-3-equipos-descendidos-de-la-liga-1-del-2025-que-jugaran-la-segunda-division-el-proximo-ano-552535,13,1571,0.83%,5.65
https://www.futbolperuano.com/partidos-por-tv/campeonato-mundial-de-voleibol-femenino-t378,13,1294,1%,9.29
https://www.futbolperuano.com/liga-1/noticias/miguel-trauco-jugador-de-sport-boys-la-hinchada-de-alianza-lima-me-tien-carino-594749,13,1167,1.11%,6.23
https://www.futbolperuano.com/peruanos-en-el-exterior/noticias/marco-saravia-deja-defensor-sporting-y-es-nuevo-jugador-de-progreso-de-uruguay-595264,13,1134,1.15%,8.43
https://www.futbolperuano.com/copa-peru/noticias/fabrizio-roca-ficha-por-un-equipo-de-la-copa-peru-2026-589438,13,1013,1.28%,10.35
https://www.futbolperuano.com/partidos-por-tv/canales-futbol-peruano-c64,13,771,1.69%,12.81
https://www.futbolperuano.com/futsal/donde-ver-en-vivo-la-copa-america-de-futsal-2026-560915,13,768,1.69%,7.23
https://www.futbolperuano.com/liga-1/noticias/liga-1-2026-resultados-y-tabla-de-posiciones-de-la-fecha-2-del-torneo-clausura-593096,13,765,1.7%,8.6
https://www.futbolperuano.com/copa-peru/noticias/aji-de-calca-vuelve-a-la-copa-peru-con-14-fichajes-confirmados-564526,13,669,1.94%,6.05
https://www.futbolperuano.com/liga-2/noticias/carlos-mannucci-se-refuerza-en-la-previa-del-derbi-trujillano-595598,13,584,2.23%,8.03
https://www.futbolperuano.com/copa-peru/noticias/el-campeon-de-huanuco-se-refuerza-para-la-etapa-nacional-copa-peru-2026-596696,13,555,2.34%,4.38
https://www.futbolperuano.com/peruanos-en-el-exterior/noticias/bassco-soyer-supero-su-lesion-y-podria-debutar-con-el-primer-equipo-de-gil-vicente-596705,13,555,2.34%,4.41
https://www.futbolperuano.com/peru/mas-del-futbol-peruano/academias-de-futbol-en-villa-el-salvador-498518,13,494,2.63%,7.04
https://www.futbolperuano.com/peru/clubes/deportivo-ucrania-nueva-cajamarca/,13,482,2.7%,5.94
https://www.futbolperuano.com/copa-peru/noticias/se-armaron-las-llaves-fase-2-liga-departamental-arequipa-en-la-copa-peru-2026-590856,13,437,2.97%,6.03
https://www.futbolperuano.com/copa-peru/noticias/resultados-ida-octavos-final-liga-departamental-lambayeque-en-copa-peru-2026-592639,13,428,3.04%,5.65
https://www.futbolperuano.com/liga-3/noticias/la-liga-3-y-el-aumento-de-descenso-que-tendra-en-el-2026-581654,13,427,3.04%,4.97
https://www.futbolperuano.com/copa-peru/noticias/los-clasificados-de-la-liga-provincial-de-piura-a-la-etapa-departamental-copa-peru-2026-588087,13,395,3.29%,6.71
https://www.futbolperuano.com/peru/clubes/santo-domingo-nazca/,13,352,3.69%,6.05
https://www.futbolperuano.com/futbol-de-menores/liga-nacional-juvenil-2026-como-se-jugaran-los-partidos-de-la-fecha-1-584817,13,351,3.7%,6.08
https://www.futbolperuano.com/liga-3/noticias/por-que-se-suspendio-el-partido-entre-carlos-stein-y-juventud-cautivo-585957,13,243,5.35%,7.16
https://www.futbolperuano.com/peru/mas-del-futbol-peruano/academias-de-futbol-en-el-distrito-de-chorrillos-499831,13,214,6.07%,6.49
https://www.futbolperuano.com/tag/liga-distrital-de-ica,13,158,8.23%,6.94