Páginas principales,Clics,Impresiones,CTR,Posición
https://www.futbolperuano.com/partidos-por-tv/,132559,4612566,2.87%,5.45
https://www.futbolperuano.com/liga-3/tabla-de-posiciones,29695,82531,35.98%,2.66
https://www.futbolperuano.com/liga-1/tabla-acumulada/tabla-de-posiciones,22856,422029,5.42%,7.17
https://www.futbolperuano.com/liga-1/clausura/tabla-de-posiciones,21825,595201,3.67%,7.13
https://www.futbolperuano.com/partidos-por-tv/liga-1-peru-c42,9250,426413,2.17%,5.82
https://www.futbolperuano.com/,8647,141472,6.11%,4.98
https://www.futbolperuano.com/en-vivo/amistoso-universitario-vs-millonarios-en-vivo-591448,6109,467818,1.31%,5.99
https://www.futbolperuano.com/liga-3/resultados,5914,37708,15.68%,4.58
https://www.futbolperuano.com/copa-de-la-liga/tabla-de-posiciones,5696,99150,5.74%,6.44
https://www.futbolperuano.com/copa-de-la-liga/resultados,5620,65700,8.55%,4.14
https://www.futbolperuano.com/liga-voley/resultados-y-tabla-de-posiciones-de-la-copa-sudamericana-de-voley-592744,4201,89323,4.7%,6.2
https://www.futbolperuano.com/copa-peru/,4105,55272,7.43%,4.39
https://www.futbolperuano.com/futbol-femenino/tabla-de-posiciones,3681,43442,8.47%,5.15
https://www.futbolperuano.com/liga-2/tabla-de-posiciones,3241,97806,3.31%,4.66
https://www.futbolperuano.com/copa-de-la-liga/noticias/fechas-y-horarios-para-octavos-de-final-de-copa-de-la-liga-2026-590137,2716,23733,11.44%,3.75
https://www.futbolperuano.com/en-vivo/,2709,40282,6.73%,7.22
https://www.futbolperuano.com/en-vivo/volleyball-nations-league-femenino--vnl-2026-turquia-vs-brasil-593498,2353,26802,8.78%,4.25
https://www.futbolperuano.com/en-vivo/torneo-clausura-2026-alianza-lima-vs-sport-huancayo-en-vivo-592330,2242,621762,0.36%,6
https://www.futbolperuano.com/liga-3/,2149,35089,6.12%,5.53
https://www.futbolperuano.com/en-vivo/copa-de-la-liga-sporting-cristal-vs-bentin-tacna-en-vivo-591431,2084,82534,2.53%,5.32
https://www.futbolperuano.com/peruanos-en-el-exterior/,2004,13868,14.45%,4.84
https://www.futbolperuano.com/futbol-de-menores/liga-nacional-sub-18-peru/tabla-de-posiciones,1875,6255,29.98%,4.07
https://www.futbolperuano.com/liga-1/tabla-de-posiciones,1632,159521,1.02%,8.48
https://www.futbolperuano.com/futbol-de-menores/copa-federacion/plata-b-serie-1/tabla-de-posiciones,1451,6153,23.58%,3.21
https://www.futbolperuano.com/futbol-de-menores/copa-federacion/plata/tabla-de-posiciones,1343,8703,15.43%,4.25
https://www.futbolperuano.com/futbol-de-menores/copa-federacion/oro/tabla-de-posiciones,1312,8866,14.8%,4.53
https://www.futbolperuano.com/liga-1/clausura/resultados,1301,47103,2.76%,7.37
https://www.futbolperuano.com/copa-de-la-liga/noticias/asi-quedaron-los-cuartos-de-final-de-la-copa-de-la-liga-2026-clasificados-y-cruces-confirmados-591698,1251,17953,6.97%,3.53
https://www.futbolperuano.com/liga-1/noticias/melgar-vs-sporting-cristal-en-vivo-online-por-la-fecha-2-del-torneo-clausura-de-la-liga-1-2026-593354,1232,121743,1.01%,7.58
https://www.futbolperuano.com/futbol-de-menores/liga-nacional-sub-18-peru/resultados,1102,7287,15.12%,4.24
https://www.futbolperuano.com/liga-3/noticias/se-oficializo-el-fixture-de-la-liga-3-del-2026-583716,1101,3952,27.86%,2.43
https://www.futbolperuano.com/copa-de-la-liga/noticias/sport-boys-vs-comerciantes-fc-en-vivo-online-por-los-8vos-de-final-de-la-copa-de-la-liga-2026-591321,1080,35279,3.06%,5.02
https://www.futbolperuano.com/futbol-de-menores/copa-federacion/plata-promocional-serie-1/tabla-de-posiciones,967,4765,20.29%,3.48
https://www.futbolperuano.com/liga-1/noticias/fc-cajamarca-ficha-a-exdelantero-de-universitario-para-el-torneo-clausura-591281,939,8050,11.66%,5.21
https://www.futbolperuano.com/liga-2/,929,58768,1.58%,4.95
https://www.futbolperuano.com/liga-1/noticias/fichajes-del-torneo-clausura-2025-altas-y-bajas-en-el-mercado-de-pases-de-la-liga-1-590164,889,8697,10.22%,5.69
https://www.futbolperuano.com/copa-peru/noticias/copa-peru-2026-resultados-de-los-partidos-de-ida-de-los-8vos-de-final-de-la-liga-departamental-de-lima-592612,873,11614,7.52%,3.82
https://www.futbolperuano.com/copa-peru/noticias/defensor-santa-teresa-vs-deportivo-municipal-en-vivo-por-la-liga-departamental-de-lima-591629,862,15347,5.62%,4.23
https://www.futbolperuano.com/liga-1/noticias/purga-en-sporting-cristal-4-futbolistas-no-seguirian-en-el-plantel-por-decision-de-roberto-mosquera-590764,860,11890,7.23%,5.18
https://www.futbolperuano.com/futbol-de-menores/liga-nacional-sub-16-peru/resultados,859,4104,20.93%,3.85
https://www.futbolperuano.com/futbol-de-menores/copa-federacion/plata-b-serie-2/tabla-de-posiciones,848,4696,18.06%,3.3
https://www.futbolperuano.com/liga-1/,837,188147,0.44%,8.42
https://www.futbolperuano.com/futbol-femenino/liga-femenina/atletico-andahuaylas-vs-sporting-cristal-en-vivo-online-por-la-vuelta-de-las-semifinales-del-torneo-apertura-de-la-liga-femenina-590660,832,16422,5.07%,4.22
https://www.futbolperuano.com/resultados/,808,149756,0.54%,6.79
https://www.futbolperuano.com/partidos-por-tv/america-c19,786,95152,0.83%,7.43
https://www.futbolperuano.com/copa-de-la-liga/noticias/sporting-cristal-vs-bentin-tacna-en-vivo-online-por-octavos-de-final-de-copa-de-la-liga-2026-591513,755,42045,1.8%,5.5
https://www.futbolperuano.com/en-vivo/copa-peru-2026-domingo-dianderas-vs-municipal-de-nasca-en-vivo-592373,737,15698,4.69%,4.96
https://www.futbolperuano.com/copa-peru/noticias/copa-peru-los-16-clubes-clasificados-a-la-fase-2-de-la-liga-departamental-de-lima-591705,724,8455,8.56%,4.58
https://www.futbolperuano.com/en-vivo/copa-peru-2026-municipal-de-nasca-vs-domingo-dianderas-en-vivo-591477,704,15483,4.55%,5.08
https://www.futbolperuano.com/copa-peru/noticias/domingo-dianderas-no-pudo-ganar-pero-avanza-en-la-copa-peru-2026-592678,703,12390,5.67%,5.25
https://www.futbolperuano.com/en-vivo/torneo-clausura-2026-sport-boys-vs-adt-de-tarma-en-vivo-593257,697,135650,0.51%,4.78
https://www.futbolperuano.com/copa-peru/noticias/deportivo-municipal-vs-sport-humaya-en-vivo-online-por-la-vuelta-de-los-8vos-de-final-de-la-liga-departamental-de-lima-en-la-copa-peru-2026-593454,689,9777,7.05%,4.27
https://www.futbolperuano.com/futbol-femenino/liga-femenina/sporting-cristal-vs-universitario-donde-ver-la-final-de-la-liga-femenina-2026-591488,688,15770,4.36%,3.78
https://www.futbolperuano.com/futbol-femenino/liga-femenina/alianza-lima-dejo-el-club-tras-no-cumplir-las-expectativas-y-ahora-jugara-en-europa-593501,687,81710,0.84%,2.67
https://www.futbolperuano.com/liga-3/noticias/emblematico-estadio-peruano-reabrira-sus-puertas-el-domingo-12-de-julio-591087,664,3464,19.17%,4.12
https://www.futbolperuano.com/copa-peru/noticias/las-llaves-de-los-cuartos-de-final-de-la-liga-departamental-de-lima-en-copa-peru-2026-593547,632,6152,10.27%,4.01
https://www.futbolperuano.com/futbol-de-menores/liga-nacional-juvenil/tabla-de-posiciones,629,3769,16.69%,4.58
https://www.futbolperuano.com/futbol-internacional/noticias/posibles-alineaciones-de-alianza-lima-vs-deportivo-cali-por-un-amistoso-internacional-de-preparacion-591516,622,47740,1.3%,6.21
https://www.futbolperuano.com/liga-3/noticias/liga-3-resultados-y-tabla-de-posiciones-de-la-fecha-6-de-la-fase-regional-591450,621,16521,3.76%,2.86
https://www.futbolperuano.com/en-vivo/liga-3-juan-aurich-vs-union-santo-domingo-en-vivo-591482,615,9663,6.36%,4.93
https://www.futbolperuano.com/liga-1/noticias/comerciantes-unidos-vs-alianza-lima-en-vivo-por-el-torneo-clausura-593444,606,39005,1.55%,6.81
https://www.futbolperuano.com/en-vivo/liga-3-juventud-santo-domingo-vs-juan-aurich-en-vivo-593293,592,7577,7.81%,3.29
https://www.futbolperuano.com/copa-de-la-liga/noticias/atletico-grau-vs-carlos-mannucci-en-vivo-online-por-los-8vos-de-final-de-la-copa-de-la-liga-2026-591029,590,26366,2.24%,6.39
https://www.futbolperuano.com/fichajes/fichajes-de-universitario-altas-y-bajas-para-el-torneo-clausura-2026-588203,581,12001,4.84%,5.66
https://www.futbolperuano.com/liga-1/noticias/los-chankas-vs-sport-boys-en-vivo-online-por-fecha-1-del-torneo-clausura-de-la-liga-1-2026-592544,579,210353,0.28%,7.42
https://www.futbolperuano.com/liga-3/noticias/liga-3-2026-resultados-y-tabla-de-posiciones-de-la-fecha-5-de-la-fase-regional-590390,564,15716,3.59%,2.06
https://www.futbolperuano.com/copa-de-la-liga/noticias/deportivo-moquegua-vs-deportivo-garcilaso-en-vivo-por-la-copa-de-la-liga-591599,562,21081,2.67%,6.66
https://www.futbolperuano.com/en-vivo/copa-peru-2026-deportivo-municipal-vs-sport-humaya-en-vivo-593319,560,8507,6.58%,4.12
https://www.futbolperuano.com/liga-1/noticias/sporting-cristal-avanza-con-la-llegada-de-futbolista-que-formo-parte-del-tricampeonato-de-universitario-591276,538,16953,3.17%,3.96
https://www.futbolperuano.com/liga-1/noticias/jose-carabali-estaria-arrepentido-de-dejar-universitario-revelan-su-incomodo-presente-593372,528,128435,0.41%,4.7
https://www.futbolperuano.com/liga-1/noticias/donde-ver-el-amistoso-entre-universitario-de-deportes-y-millonarios-canal-confirmado-para-el-partido-previo-al-torneo-clausura-2026-591370,516,15010,3.44%,6.73
https://www.futbolperuano.com/futbol-de-menores/liga-nacional-sub-16-peru/tabla-de-posiciones,507,2493,20.34%,3.5
https://www.futbolperuano.com/liga-1/noticias/sporting-cristal-roberto-mosquera-pide-la-salida-de-historico-delantero-para-el-torneo-clausura-591486,504,10798,4.67%,4.57
https://www.futbolperuano.com/en-vivo/torneo-clausura-2026-adt-vs-universitario-592322,503,245195,0.21%,7.45
https://www.futbolperuano.com/ultimos-sismos/temblor-de-43-grados-de-magnitud-sacudio-lima-este-viernes-10-de-julio-591563,498,17804,2.8%,4.64
https://www.futbolperuano.com/liga-1/noticias/universitario-desde-chile-se-rinden-ante-la-inminente-llegada-de-juan-manuel-requena-591414,497,10226,4.86%,4.53
https://www.futbolperuano.com/liga-3/noticias/juventud-santo-domingo-vs-juan-aurich-en-vivo-por-la-liga-3-593447,490,7188,6.82%,4.04
https://www.futbolperuano.com/liga-voley/resultados-y-tabla-de-posiciones-de-la-copa-federacion-2026-594187,481,10572,4.55%,4.93
https://www.futbolperuano.com/en-vivo/liga-3-juventud-cautivo-vs-juan-aurich-590471,478,4976,9.61%,4.08
https://www.futbolperuano.com/en-vivo/copa-de-la-liga-sport-boys-vs-comerciantes-fc-591409,473,23664,2%,6.38
https://www.futbolperuano.com/copa-peru/noticias/domingo-dianderas-vuelve-a-ser-campeon-en-la-copa-peru-2026-590759,471,16212,2.91%,5.34
https://www.futbolperuano.com/en-vivo/copa-peru-2026-deportivo-municipal-vs-defensor-santa-teresa-590462,468,5700,8.21%,4.61
https://www.futbolperuano.com/liga-1/noticias/asi-se-jugara-la-segunda-fecha-del-torneo-clausura-de-la-liga-1-2026-592637,466,33990,1.37%,7.29
https://www.futbolperuano.com/copa-de-la-liga/noticias/cienciano-vs-adt-en-vivo-por-la-copa-de-la-liga-591335,462,30599,1.51%,6.81
https://www.futbolperuano.com/liga-1/noticias/donde-ver-el-amistoso-entre-alianza-lima-y-deportivo-cali-canal-confirmado-para-el-partido-590655,458,15138,3.03%,4.81
https://www.futbolperuano.com/futbol-femenino/liga-femenina/liga-femenina-2026-resultados-y-tabla-de-posiciones-de-la-fecha-1-del-torneo-clausura-592986,458,7022,6.52%,5.12
https://www.futbolperuano.com/copa-peru/tabla-de-posiciones,457,4637,9.86%,9.42
https://www.futbolperuano.com/liga-1/noticias/sporting-cristal-busca-el-fichaje-de-un-volante-para-ocupar-el-lugar-dejado-por-cazonatti-592400,456,61768,0.74%,3.15
https://www.futbolperuano.com/en-vivo/torneo-clausura-2026-los-chankas-vs-sport-boys-en-vivo-592327,447,184626,0.24%,7.4
https://www.futbolperuano.com/liga-1/noticias/utc-vs-deportivo-moquegua-en-vivo-por-el-torneo-clausura-593436,445,133289,0.33%,8.45
https://www.futbolperuano.com/liga-1/noticias/bombazo-en-universitario-piero-quispe-regresa-al-club-tras-su-paso-por-mexico-y-australia-593567,445,21104,2.11%,4.73
https://www.futbolperuano.com/liga-1/noticias/alianza-atletico-vs-los-chankas-en-vivo-online-por-la-fecha-2-del-torneo-clausura-de-liga-1-2026-593105,427,114634,0.37%,8.69
https://www.futbolperuano.com/futbol-femenino/liga-femenina/sporting-cristal-vs-universitario-de-deportes-en-vivo-online-por-la-final-del-torneo-apertura-de-la-liga-femenina-591604,423,51603,0.82%,3.62
https://www.futbolperuano.com/liga-3/noticias/liga-3-resultados-y-tabla-de-posiciones-de-la-fecha-8-de-la-fase-regional-593253,420,12080,3.48%,3.66
https://www.futbolperuano.com/liga-1/noticias/posibles-alineaciones-de-sporting-cristal-vs-deportivo-garcilaso-por-la-fecha-1-del-torneo-clausura-de-la-liga-1-2026-592271,419,80306,0.52%,6.58
https://www.futbolperuano.com/liga-1/noticias/fichajes-de-cienciano-altas-bajas-y-rumores-para-el-torneo-clausura-2026-590145,417,5719,7.29%,6.26
https://www.futbolperuano.com/liga-1/noticias/liga-1-como-se-jugaran-los-partidos-de-la-fecha-3-del-torneo-clausura-593550,416,52210,0.8%,7.43
https://www.futbolperuano.com/en-vivo/copa-de-la-liga-atletico-grau-vs-carlos-mannucci-en-vivo-591279,412,18483,2.23%,6.93
https://www.futbolperuano.com/liga-1/noticias/alianza-lima-fichajes-y-bajas-en-el-plantel-para-el-torneo-clausura-2026-588749,403,6972,5.78%,3.9
https://www.futbolperuano.com/mundial/noticias/argentina-vs-inglaterra-cuantas-veces-se-han-enfrentado-en-mundiales-y-quien-gano-mas-591912,402,93489,0.43%,4.73
https://www.futbolperuano.com/en-vivo/copa-de-la-liga-deportivo-moquegua-vs-deportivo-garcilaso-en-vivo-591432,402,13918,2.89%,6.75
https://www.futbolperuano.com/en-vivo/torneo-clausura-2026-melgar-vs-sporting-cristal-en-vivo-593261,400,96317,0.42%,3.71
https://www.futbolperuano.com/liga-voley/lista-de-convocadas-a-la-copa-sudamericana-de-voley-2026-592757,400,17307,2.31%,7.17
https://www.futbolperuano.com/partidos-por-tv/liga-1-peru-torneo-apertura-t35,389,69310,0.56%,9.29
https://www.futbolperuano.com/liga-1/noticias/historico-estadio-de-la-liga-1-podra-albergar-partidos-de-noche-desde-este-2026-592026,382,13306,2.87%,7.43
https://www.futbolperuano.com/liga-voley/sudamericano-clubes-femenino/tabla-de-posiciones,381,9605,3.97%,7.09
https://www.futbolperuano.com/partidos-por-tv/fivb-c56,375,40322,0.93%,7.27
https://www.futbolperuano.com/peru/mas-del-futbol-peruano/el-nuevo-estadio-monumental-que-reabrira-sus-puertas-en-el-interior-del-pais-592749,373,3584,10.41%,6.35
https://www.futbolperuano.com/en-vivo/torneo-clausura-2026-comerciantes-unidos-vs-alianza-lima-en-vivo-593266,369,27045,1.36%,3.89
https://www.futbolperuano.com/liga-1/noticias/sporting-cristal-llego-a-un-acuerdo-con-delantero-que-rechazo-publicamente-a-universitario-590511,369,6828,5.4%,3.11
https://www.futbolperuano.com/liga-1/resultados,364,43624,0.83%,9.15
https://www.futbolperuano.com/copa-peru/noticias/se-programo-el-debut-de-deportivo-municipal-en-la-copa-peru-2026-590090,361,7377,4.89%,5.05
https://www.futbolperuano.com/liga-1/noticias/la-tabla-acumulada-de-la-liga-1-tras-la-resta-de-puntos-a-tres-equipos-592154,357,76110,0.47%,7.88
https://www.futbolperuano.com/descentralizado/tabla-de-posiciones,357,11049,3.23%,9.14
https://www.futbolperuano.com/en-vivo/amistoso-alianza-lima-vs-deportivo-cali-en-vivo-591453,356,83041,0.43%,7.47
https://www.futbolperuano.com/en-vivo/liga-3-juan-aurich-vs-volante-en-vivo-592353,356,9540,3.73%,5.57
https://www.futbolperuano.com/en-vivo/copa-de-la-liga-cienciano-vs-adt-de-tarma-en-vivo-591403,354,20243,1.75%,6.98
https://www.futbolperuano.com/en-vivo/copa-de-la-liga-utc-vs-ada-de-jaen-en-vivo-591434,353,11441,3.09%,7.09
https://www.futbolperuano.com/futbol-femenino/liga-femenina/sporting-cristal-goleo-a-melgar-en-arequipa-y-se-ilusiona-con-el-torneo-clausura-593336,351,28870,1.22%,6.33
https://www.futbolperuano.com/liga-1/noticias/alianza-lima-define-el-futuro-de-kevin-quevedo-tras-perderse-el-inicio-del-torneo-clausura-593449,351,17897,1.96%,5.07
https://www.futbolperuano.com/copa-peru/noticias/los-5-primeros-clasificados-a-la-etapa-nacional-de-la-copa-peru-2026-593996,350,2364,14.81%,4.1
https://www.futbolperuano.com/en-vivo/liga-3-alianza-lima-vs-social-pariacoto-en-vivo-592502,348,26605,1.31%,6.67
https://www.futbolperuano.com/futbol-femenino/resultados,340,7013,4.85%,7.64
https://www.futbolperuano.com/partidos-por-tv/golperu-c4,339,17694,1.92%,9.62
https://www.futbolperuano.com/en-vivo/torneo-clausura-2026-alianza-atletico-vs-los-chankas-en-vivo-593244,337,111186,0.3%,7.84
https://www.futbolperuano.com/en-vivo/copa-de-la-liga-sport-huancayo-vs-los-chankas-en-vivo-591429,336,18284,1.84%,7.11
https://www.futbolperuano.com/copa-de-la-liga/noticias/utc-de-cajamarca-vs-ada-de-jaen-en-vivo-online-por-octavos-de-copa-de-la-liga-2026-591624,333,15229,2.19%,6.81
https://www.futbolperuano.com/liga-1/noticias/sport-boys-vs-adt-de-tarma-en-vivo-online-por-fecha-2-del-torneo-clausura-de-liga-1-2026-593289,325,78864,0.41%,7.74
https://www.futbolperuano.com/liga-3/noticias/juan-aurich-vs-volante-en-vivo-por-la-liga-3-592552,323,8960,3.6%,3.96
https://www.futbolperuano.com/liga-1/noticias/alineaciones-de-universitario-vs-cusco-fc-por-la-fecha-2-del-torneo-clausura-de-la-liga-1-2026-593333,322,97823,0.33%,5.45
https://www.futbolperuano.com/liga-1/noticias/comerciantes-unidos-vs-alianza-lima-probables-alineaciones-para-el-duelo-por-la-fecha-2-del-torneo-clausura-de-la-liga-1-2026-593475,321,63870,0.5%,6.1
https://www.futbolperuano.com/liga-1/noticias/adt-de-tarma-se-reforzo-con-exdelantero-de-alianza-lima-para-el-torneo-clausura-591765,320,4835,6.62%,5.16
https://www.futbolperuano.com/copa-peru/noticias/copa-peru-2026-asi-quedaron-las-llaves-de-la-fase-2-de-la-etapa-departamental-de-lima-591789,318,4809,6.61%,4.22
https://www.futbolperuano.com/liga-3/noticias/universitario-vs-sporting-cristal-en-vivo-online-por-fecha-7-de-liga-3-2026-592424,317,80865,0.39%,2.62
https://www.futbolperuano.com/copa-peru/noticias/deportivo-municipal-vs-defensor-santa-teresa-en-vivo-online-por-etapa-departamental-de-lima-de-copa-peru-590646,317,5301,5.98%,4.63
https://www.futbolperuano.com/liga-1/noticias/alianza-lima-contara-con-talentoso-volante-para-la-fecha-3-del-torneo-clausura-594035,315,10243,3.08%,5.34
https://www.futbolperuano.com/liga-1/noticias/alianza-lima-prepara-un-cambio-clave-y-un-nombre-toma-ventaja-para-reemplazar-a-fernando-cabada-591544,307,7805,3.93%,5.18
https://www.futbolperuano.com/eliminatorias/tabla-de-posiciones,306,102447,0.3%,8.73
https://www.futbolperuano.com/partidos-por-tv/peru-liga-1-primera-division-del-peru-t35,306,59458,0.51%,7.03
https://www.futbolperuano.com/liga-1/noticias/deportivo-garcilaso-pierde-a-dos-delanteros-para-el-torneo-clausura-590443,305,2726,11.19%,4.94
https://www.futbolperuano.com/liga-1/noticias/fc-cajamarca-vs-juan-pablo-ii-en-vivo-por-el-torneo-clausura-592167,301,66321,0.45%,8.55
https://www.futbolperuano.com/copa-peru/noticias/programacion-partidos-de-vuelta-fase-1-liga-departamental-lima-en-copa-peru-2026-591142,296,6027,4.91%,5.29
https://www.futbolperuano.com/liga-1/noticias/fichajes-de-sporting-cristal-altas-y-bajas-para-el-torneo-clausura-588174,291,6254,4.65%,4.87
https://www.futbolperuano.com/liga-1/noticias/cusco-fc-vs-alianza-atletico-en-vivo-por-el-torneo-clausura-592381,290,97129,0.3%,7.89
https://www.futbolperuano.com/peru/clubes/juan-aurich/,290,10252,2.83%,5.79
https://www.futbolperuano.com/en-vivo/mundial-2026-noruega-vs-inglaterra-en-vivo-591441,288,18755,1.54%,5.71
https://www.futbolperuano.com/en-vivo/liga-femenina-2026-sporting-cristal-vs-universitario-en-vivo-591489,288,14968,1.92%,5.09
https://www.futbolperuano.com/liga-1/noticias/brasileno-se-pierde-el-debut-de-sporting-cristal-en-el-torneo-clausura-592004,287,8497,3.38%,6.46
https://www.futbolperuano.com/en-vivo/liga-femenina-2026-melgar-vs-sporting-cristal-en-vivo-593251,283,34974,0.81%,3.52
https://www.futbolperuano.com/en-vivo/liga-2-comerciantes-fc-vs-alianza-universidad-593241,280,15697,1.78%,9
https://www.futbolperuano.com/copa-sudamericana/tabla-de-posiciones,278,141378,0.2%,9.04
https://www.futbolperuano.com/liga-3/noticias/tablas-de-posiciones-y-resultados-en-la-fecha-7-de-la-liga-3-592186,277,7323,3.78%,5.34
https://www.futbolperuano.com/liga-1/noticias/alianza-lima-vs-deportivo-cali-en-vivo-por-amistoso-internacional-591633,271,40429,0.67%,6.31
https://www.futbolperuano.com/copa-peru/noticias/programacion-partidos-vueltaa-fase-2-liga-departamental-lima-copa-peru-2026-592915,271,4639,5.84%,5.6
https://www.futbolperuano.com/liga-voley/alianza-lima-y-flamengo-entraron-en-disputa-por-el-sudamericano-de-clubes-2027-590708,270,4764,5.67%,3.93
https://www.futbolperuano.com/en-vivo/liga-femenina-2026-atletico-andahuaylas-vs-sporting-cristal-en-vivo-590460,269,8227,3.27%,4.86
https://www.futbolperuano.com/en-vivo/torneo-clausura-2026-cienciano-vs-melgar-en-vivo-592232,268,129449,0.21%,7.86
https://www.futbolperuano.com/liga-1/noticias/alianza-lima-oficializo-la-situacion-de-su-tecnico-pablo-guede-591915,265,9844,2.69%,4.3
https://www.futbolperuano.com/liga-1/noticias/sporting-cristal-pone-la-mira-en-rodrigo-urena-para-reforzar-su-mediocampo-592831,260,17258,1.51%,3.57
https://www.futbolperuano.com/liga-1/noticias/liga-1-2026-resultados-y-tabla-de-posiciones-de-la-fecha-2-del-torneo-clausura-593096,259,48706,0.53%,8.03
https://www.futbolperuano.com/liga-1/noticias/guillermo-viscarra-toma-rotunda-decision-sobre-su-futuro-en-alianza-lima-592056,258,11580,2.23%,2.81
https://www.futbolperuano.com/partidos-por-tv/copa-sudamericana-t6,257,17645,1.46%,8.83
https://www.futbolperuano.com/liga-voley/fixture-de-la-copa-sudamericana-de-voleibol-femenino-2026-592192,254,14768,1.72%,7.31
https://www.futbolperuano.com/liga-1/noticias/alianza-lima-guillermo-viscarra-deja-el-club-para-el-torneo-clausura-592584,252,22832,1.1%,4.74
https://www.futbolperuano.com/liga-1/noticias/fc-cajamarca-se-refuerza-con-bicampeon-de-la-liga-1-para-el-torneo-clausura-590603,251,7466,3.36%,4.89
https://www.futbolperuano.com/segunda-division/tabla-de-posiciones,249,46297,0.54%,8.23
https://www.futbolperuano.com/copa-sudamericana/noticias/cienciano-fecha-y-rival-por-octavos-de-final-de-la-copa-sudamericana-2026-593968,248,23851,1.04%,7.08
https://www.futbolperuano.com/futbol-de-menores/copa-federacion/copa-federacion-2026-programacion-de-partidos-del-17-al-19-de-julio-592259,247,6273,3.94%,5.48
https://www.futbolperuano.com/liga-1/noticias/fc-cajamarca-se-desarma-a-pocos-dias-del-inicio-del-torneo-clausura-591085,246,3392,7.25%,5.11
https://www.futbolperuano.com/liga-1/noticias/alianza-lima-oficializo-una-nueva-incorporacion-en-este-2026-592944,245,10462,2.34%,6.59
https://www.futbolperuano.com/mundial/noticias/mexico-tiene-la-peor-hinchada-anfitriona-en-la-historia-de-los-mundiales-590307,243,17689,1.37%,6.21
https://www.futbolperuano.com/liga-3/noticias/programacion-de-la-fecha-6-de-la-liga-3-2026-591075,242,3476,6.96%,4.56
https://www.futbolperuano.com/en-vivo/torneo-clausura-2026-juan-pablo-ii-vs-cienciano-en-vivo-593256,241,108398,0.22%,7.54
https://www.futbolperuano.com/liga-1/noticias/se-conocio-la-verdad-sobre-la-supuesta-renuncia-de-pablo-guede-tras-la-derrota-de-alianza-lima-ante-deportivo-cali-591766,241,11006,2.19%,4.39
https://www.futbolperuano.com/partidos-por-tv/liga-3-peru-t297,241,3219,7.49%,5.51
https://www.futbolperuano.com/liga-1/noticias/alianza-lima-se-revela-el-futuro-de-gaspar-gentile-tras-ser-vinculado-con-el-temperley-de-argentina-593235,234,14781,1.58%,2.75
https://www.futbolperuano.com/liga-1/noticias/pablo-lavandeira-rompio-el-silencio-sobre-sporting-cristal-y-revelo-que-paso-con-su-posible-fichaje-en-2026-591303,234,7742,3.02%,3.18
https://www.futbolperuano.com/partidos-por-tv/disney-c53,233,12942,1.8%,7.31
https://www.futbolperuano.com/liga-2/noticias/carlos-mannucci-vs-deportivo-llacuabamba-en-vivo-online-por-la-fecha-10-de-la-fase-de-grupos-de-la-liga-2-2026-592491,232,18345,1.26%,7.05
https://www.futbolperuano.com/en-vivo/copa-sudamericana-de-voley-2026-peru-vs-venezuela-en-vivo-593539,232,11513,2.02%,5.82
https://www.futbolperuano.com/en-vivo/liga-3-alianza-lima-vs-sporting-cristal-en-vivo-590701,231,16666,1.39%,4.35
https://www.futbolperuano.com/liga-3/noticias/juventud-cautivo-vs-juan-aurich-en-vivo-por-la-liga-3-590641,227,4549,4.99%,4.57
https://www.futbolperuano.com/copa-peru/noticias/sport-humaya-vs-deportivo-municipal-en-vivo-online-por-la-fase-2-de-la-etapa-departamental-de-lima-en-la-copa-peru-2026-592512,225,6700,3.36%,4.61
https://www.futbolperuano.com/copa-peru/noticias/se-armaron-las-llaves-fase-2-liga-departamental-arequipa-en-la-copa-peru-2026-590856,225,3945,5.7%,4.78
https://www.futbolperuano.com/liga-1/noticias/liga-1-2026-resultados-y-tabla-de-posiciones-de-la-fecha-1-del-torneo-clausura-592126,223,34359,0.65%,8.18
https://www.futbolperuano.com/liga-voley/liga-naciones-femenino/tabla-de-posiciones,221,14624,1.51%,7.78
https://www.futbolperuano.com/partidos-por-tv/espn-c1,220,13065,1.68%,6.76
https://www.futbolperuano.com/liga-voley/peru-remonto-ante-chile-y-arranco-con-triunfo-en-la-copa-del-pacifico-sub-17-590665,220,12059,1.82%,5.54
https://www.futbolperuano.com/liga-1/noticias/llegaran-refuerzos-a-alianza-lima-para-el-torneo-clausura-592016,218,5100,4.27%,4.35
https://www.futbolperuano.com/copa-peru/noticias/resultados-partidos-ida-fase-1-liga-departamental-de-lima-en-copa-peru-2026-590749,218,4724,4.61%,4.94
https://www.futbolperuano.com/partidos-por-tv/noticias/programacion-de-hoy-domingo-5-de-julio-de-2026-horarios-del-futbol-en-vivo-por-television-en-el-peru-590636,217,26173,0.83%,4.86
https://www.futbolperuano.com/futbol-femenino/liga-femenina/liga-femenina-2026-resultados-y-tabla-de-posiciones-de-la-fecha-2-del-torneo-clausura-593932,216,1928,11.2%,5.47
https://www.futbolperuano.com/en-vivo/liga-2-union-minas-vs-estudiantil-cni-en-vivo-593239,214,8977,2.38%,7.36
https://www.futbolperuano.com/liga-3/noticias/programacion-de-la-fecha-7-de-la-fase-regional-de-la-liga-3-2026-591955,214,3105,6.89%,4.67
https://www.futbolperuano.com/liga-1/noticias/el-temible-once-que-alinearia-universitario-con-el-regreso-de-piero-quispe-593663,209,8658,2.41%,3.33
https://www.futbolperuano.com/copa-sudamericana/sporting-cristal-vs-bragantino-22-julio-2026-copa-sudamericana-m3242127,209,4493,4.65%,6.67
https://www.futbolperuano.com/liga-1/noticias/diego-rebagliati-arremete-contra-la-dirigencia-de-sporting-cristal-tras-salida-de-gustavo-cazonatti-592543,206,22013,0.94%,6.28
https://www.futbolperuano.com/liga-1/noticias/liga-1-comision-de-licencias-sanciona-a-adt-de-tarma-592148,204,22928,0.89%,7.26
https://www.futbolperuano.com/liga-1/noticias/deportivo-garcilaso-se-refuerza-con-un-ex-alianza-lima-para-el-torneo-clausura-591574,203,8936,2.27%,5.86
https://www.futbolperuano.com/copa-peru/noticias/domingo-dianderas-se-acerca-a-la-etapa-nacional-copa-peru-2026-593642,202,2797,7.22%,4.26
https://www.futbolperuano.com/en-vivo/copa-sudamericana-2026-sporting-cristal-vs-bragantino-en-vivo-592992,201,27356,0.73%,4.64
https://www.futbolperuano.com/liga-1/noticias/universitario-quiere-dar-el-batacazo-fichando-a-defensor-que-disputo-el-mundial-2026-593768,201,9440,2.13%,5.81
https://www.futbolperuano.com/liga-2/noticias/se-confirmo-el-canal-que-transmitira-los-partidos-de-la-liga-2-574855,201,1277,15.74%,4.02
https://www.futbolperuano.com/en-vivo/torneo-clausura-2026-sport-huancayo-vs-atletico-grau-en-vivo-593255,199,90850,0.22%,7.22
https://www.futbolperuano.com/liga-1/noticias/fc-cajamarca-fichajes-y-bajas-en-el-plantel-para-el-torneo-clausura-2026-587918,196,2369,8.27%,5.61
https://www.futbolperuano.com/copa-peru/noticias/fixture-de-la-liga-departamental-de-la-libertad-en-la-copa-peru-2026-588236,196,1641,11.94%,3.73
https://www.futbolperuano.com/liga-2/resultados,194,12918,1.5%,8.55
https://www.futbolperuano.com/liga-1/noticias/sporting-cristal-acelera-con-su-proximo-fichaje-tras-la-dura-derrota-ante-melgar-593499,193,7425,2.6%,4.6
https://www.futbolperuano.com/futbol-femenino/liga-femenina/sporting-cristal-pierde-una-figura-de-su-plantel-para-las-finales-de-la-liga-femenina-ante-universitario-591157,193,5676,3.4%,3.1
https://www.futbolperuano.com/fichajes/,193,2779,6.94%,5.79
https://www.futbolperuano.com/liga-1/noticias/yoshimar-yotun-mostro-su-incomodidad-con-periodista-tras-caida-de-sporting-cristal-en-arequipa-593538,192,81414,0.24%,3.01
https://www.futbolperuano.com/futbol-femenino/liga-femenina/alianza-lima-libera-un-cupo-extranjero-anuncio-una-nueva-baja-para-el-clausura-593367,191,16344,1.17%,4.37
https://www.futbolperuano.com/en-vivo/copa-peru-2026-sport-humaya-vs-deportivo-municipal-en-vivo-592369,187,4592,4.07%,4.85
https://www.futbolperuano.com/futbol-femenino/liga-femenina/universitario-vs-alianza-lima-en-vivo-por-la-semifinal-del-torneo-apertura-de-la-liga-femenina-590371,186,11222,1.66%,4.11
https://www.futbolperuano.com/liga-1/noticias/juan-pablo-ii-apuesta-por-un-ex-universitario-para-luchar-por-la-permanencia-593819,186,7636,2.44%,4.98
https://www.futbolperuano.com/liga-1/noticias/fc-cajamarca-suma-su-tercer-refuerzo-para-el-torneo-clausura-590255,185,1531,12.08%,3.89
https://www.futbolperuano.com/liga-1/noticias/hector-cuper-explico-por-que-universitario-aun-no-suma-mas-refuerzos-590832,183,5638,3.25%,2.66
https://www.futbolperuano.com/partidos-por-tv/liga-femenina-peru-torneo-apertura-t182,182,6675,2.73%,6.93
https://www.futbolperuano.com/copa-peru/noticias/sporting-cristal-ficha-siete-refuerzos-para-ser-campeon-en-este-2026-591241,181,2547,7.11%,4.94
https://www.futbolperuano.com/liga-1/noticias/adt-de-tarma-vs-universitario-en-vivo-online-por-fecha-1-del-torneo-clausura-de-liga-1-2026-592435,178,40608,0.44%,6.47
https://www.futbolperuano.com/liga-1/noticias/problemas-para-pablo-guede-alianza-lima-sufre-sensible-baja-en-pleno-arranque-del-torneo-clausura-592847,178,5117,3.48%,4.27
https://www.futbolperuano.com/futbol-internacional/noticias/universitario-de-deportes-vs-millonarios-en-vivo-online-por-un-duelo-amistoso-de-preparacion-591504,177,14748,1.2%,5.63
https://www.futbolperuano.com/liga-1/noticias/volante-con-pasado-en-el-futbol-espanol-se-incorpora-al-plantel-de-alianza-lima-592161,177,3353,5.28%,4.55
https://www.futbolperuano.com/liga-1/noticias/fecha-hora-y-canal-de-cienciano-vs-universitario-por-el-torneo-clausura-593715,176,34272,0.51%,5.38
https://www.futbolperuano.com/copa-peru/resultados,176,3273,5.38%,7.23
https://www.futbolperuano.com/mundial/noticias/salio-a-la-venta-el-album-3-reyes-del-mundial-2026-574907,175,41093,0.43%,7.25
https://www.futbolperuano.com/liga-1/noticias/alianza-lima-presentara-cuatro-bajas-claves-para-visitar-a-comerciantes-unidos-en-cutervo-593417,175,6169,2.84%,4.21
https://www.futbolperuano.com/copa-peru/noticias/programacion-partidos-de-ida-de-la-fase-2-liga-departamental-de-lima-copa-peru-2026-592092,175,4174,4.19%,5.55
https://www.futbolperuano.com/liga-3/noticias/programacion-de-la-octava-fecha-de-la-fase-regional-de-la-liga-3-593195,174,4265,4.08%,4.82
https://www.futbolperuano.com/liga-1/noticias/sport-huancayo-vs-atletico-grau-en-vivo-por-el-torneo-clausura-2026-593294,171,46769,0.37%,7.86
https://www.futbolperuano.com/futbol-femenino/universitario-confirmo-amistoso-internacional-en-estados-unidos-592751,171,8207,2.08%,3.71
https://www.futbolperuano.com/futbol-femenino/liga-femenina/universitario-vs-sporting-cristal-cuando-se-jugara-la-final-de-vuelta-de-liga-femenina-591726,170,10560,1.61%,2.88
https://www.futbolperuano.com/liga-1/noticias/la-tajante-postura-de-hector-cuper-tras-las-salidas-de-universitario-para-el-torneo-clausura-590282,170,4503,3.78%,4.44
https://www.futbolperuano.com/liga-1/noticias/deportivo-moquegua-vs-comerciantes-unidos-en-vivo-online-por-fecha-1-de-torneo-clausura-de-liga-1-2026-592456,169,70656,0.24%,8.29
https://www.futbolperuano.com/en-vivo/liga-2-carlos-mannucci-vs-deportivo-llacuabamba-en-vivo-592333,169,12300,1.37%,8.77
https://www.futbolperuano.com/en-vivo/liga-2-alianza-universidad-vs-sport-huancayo-en-vivo-594180,169,9531,1.77%,7.63
https://www.futbolperuano.com/liga-1/noticias/ya-llego-el-nuevo-refuerzo-extranjero-de-universitario-para-el-torneo-clausura-591945,169,7204,2.35%,4.8
https://www.futbolperuano.com/liga-voley/LNSV/tabla-de-posiciones,167,10281,1.62%,8.57
https://www.futbolperuano.com/liga-voley/alianza-lima-confirmo-la-renovacion-de-una-de-las-grandes-figuras-del-tricampeonato-de-la-liga-peruana-de-voley-592277,167,4368,3.82%,3.17
https://www.futbolperuano.com/en-vivo/mundial-2026-francia-vs-inglaterra-en-vivo-592380,166,51820,0.32%,4.66
https://www.futbolperuano.com/mas-deportes/tenis/ignacio-buse-se-cobra-la-revancha-ante-vit-kopriva-en-el-abierto-de-generali-de-austria-592651,166,17136,0.97%,6.34
https://www.futbolperuano.com/liga-1/noticias/sporting-cristal-sorprendio-con-un-comunicado-y-confirmo-la-salida-de-gustavo-cazonatti-rumbo-a-brasil-592285,166,12338,1.35%,7.63
https://www.futbolperuano.com/liga-1/goleadores,166,8012,2.07%,5.28
https://www.futbolperuano.com/peruanos-en-el-exterior/noticias/el-delantero-que-dejo-sporting-cristal-para-continuar-su-carrera-en-estados-unidos-593946,165,139608,0.12%,2.33
https://www.futbolperuano.com/en-vivo/torneo-clausura-2026-utc-vs-deportivo-moquegua-en-vivo-593264,164,98387,0.17%,10.14
https://www.futbolperuano.com/copa-sudamericana/noticias/cienciano-vs-lanus-probables-alineaciones-para-el-duelo-de-vuelta-de-los-playoff-a-los-8vos-de-final-de-la-copa-sudamericana-2026-593807,164,49788,0.33%,6.77
https://www.futbolperuano.com/copa-de-la-liga/noticias/alianza-atletico-vs-pirata-fc-en-vivo-online-por-los-octavos-de-final-de-la-copa-de-la-liga-2026-591195,163,12078,1.35%,6.52
https://www.futbolperuano.com/en-vivo/noticias/radios-fm-y-am-que-transmiten-partidos-de-futbol-en-peru-218752,162,5903,2.74%,5.46
https://www.futbolperuano.com/copa-peru/noticias/copa-peru-2026-ya-se-conocen-los-16-clasificados-a-la-siguiente-fase-de-la-etapa-departamental-de-junin-590741,162,3090,5.24%,4.95
https://www.futbolperuano.com/liga-3/noticias/fixture-de-juan-aurich-para-la-temporada-2026-de-la-liga-3-583887,162,1293,12.53%,4.38
https://www.futbolperuano.com/copa-sudamericana/cienciano-vs-lanus-29-julio-2026-copa-sudamericana-m3242131,161,24616,0.65%,11.86
https://www.futbolperuano.com/en-vivo/copa-sudamericana-de-voley-2026-brasil-vs-argentina-en-vivo-593396,161,9067,1.78%,6.5
https://www.futbolperuano.com/liga-1/noticias/precio-de-las-entradas-para-ver-a-universitario-de-deportes-en-tarma-590932,161,6296,2.56%,5.09
https://www.futbolperuano.com/futbol-internacional/argentina/tabla-de-posiciones,159,26503,0.6%,9.54
https://www.futbolperuano.com/en-vivo/liga-2-sport-huancayo-vs-comerciantes-fc-en-vivo-592335,159,9746,1.63%,8.38
https://www.futbolperuano.com/liga-1/noticias/el-inesperado-motivo-por-el-cual-gianluca-lapadula-no-estara-en-el-universitario-vs-sport-boys-590480,158,5402,2.92%,3.61
https://www.futbolperuano.com/futbol-internacional/kalmar-ff-vs-malmo-ff-20-julio-2026-allsvenskan-de-suecia-m3225282,157,32230,0.49%,9.56
https://www.futbolperuano.com/en-vivo/liga-2-pirata-fc-vs-san-martin-en-vivo-592343,156,8987,1.74%,8.81
https://www.futbolperuano.com/liga-1/noticias/la-tabla-acumulada-de-la-liga-1-tras-la-fecha-2-del-torneo-clausura-2026-593562,155,18709,0.83%,6.39
https://www.futbolperuano.com/liga-2/noticias/el-estadio-al-que-se-mudaria-union-minas-en-la-liga-2-591229,155,2797,5.54%,6.34
https://www.futbolperuano.com/liga-1/noticias/julio-cesar-uribe-arremete-contra-el-arbitraje-de-la-liga-1-593666,154,10413,1.48%,4.75
https://www.futbolperuano.com/partidos-por-tv/directv-sports-c3,153,8665,1.77%,11.45
https://www.futbolperuano.com/partidos-por-tv/liga-2-peru-t36,153,5708,2.68%,8.73
https://www.futbolperuano.com/liga-2/noticias/union-minas-suma-dos-nuevos-refuerzos-para-la-liga-2-590114,153,2502,6.12%,3.93
https://www.futbolperuano.com/copa-peru/noticias/copa-peru-resultados-de-los-encuentros-de-ida-en-la-fase-2-de-la-liga-departamental-de-arequipa-591718,153,2152,7.11%,4.11
https://www.futbolperuano.com/mundial/noticias/argentina-vs-espana-hora-del-partido-por-la-final-del-mundial-2026-592575,151,65529,0.23%,3.8
https://www.futbolperuano.com/liga-1/noticias/los-chankas-vs-comerciantes-unidos-en-vivo-online-por-la-fecha-3-del-torneo-clausura-de-la-liga-1-2026-594119,151,57577,0.26%,10.06
https://www.futbolperuano.com/futbol-femenino/liga-femenina/universitario-vs-sporting-cristal-en-vivo-por-la-final-vuelta-del-torneo-apertura-de-la-liga-femenina-592017,151,18084,0.83%,4.53
https://www.futbolperuano.com/liga-1/noticias/los-chankas-fichajes-y-bajas-en-el-plantel-para-el-torneo-clausura-2026-588413,150,1301,11.53%,3.63
https://www.futbolperuano.com/en-vivo/liga-femenina-2026-universitario-vs-alianza-lima-en-vivo-590458,149,8756,1.7%,3.9
https://www.futbolperuano.com/liga-1/noticias/fichajes-de-sport-huancayo-altas-y-bajas-para-el-torneo-clausura-2026-de-la-liga-1-2026-588558,149,1063,14.02%,3.32
https://www.futbolperuano.com/futbol-de-menores/copa-desarrollo-oro/tabla-de-posiciones,148,514,28.79%,3.29
https://www.futbolperuano.com/liga-1/noticias/deportivo-garcilaso-vs-fc-cajamarca-en-vivo-online-por-la-fecha-2-del-torneo-clausura-de-la-liga-1-2026-593465,147,56673,0.26%,8.64
https://www.futbolperuano.com/partidos-por-tv/noticias/programacion-de-partidos-por-tv-del-jueves-09-de-julio-del-2026-591146,146,21030,0.69%,4.46
https://www.futbolperuano.com/liga-1/noticias/sporting-cristal-vs-deportivo-garcilaso-en-vivo-por-el-torneo-clausura-592176,146,14040,1.04%,6.6
https://www.futbolperuano.com/liga-1/noticias/liga-1-2026-resultados-y-tabla-de-posiciones-de-la-fecha-3-del-torneo-clausura-594082,145,61308,0.24%,7.69
https://www.futbolperuano.com/en-vivo/volleyball-nations-league-femenino--vnl-2026-china-vs-italia-593497,144,4099,3.51%,4.66
https://www.futbolperuano.com/en-vivo/copa-de-la-liga-alianza-atletico-vs-pirata-en-vivo-591404,142,13447,1.06%,7.79
https://www.futbolperuano.com/liga-1/noticias/sport-boys-sorprende-y-golea-a-alianza-lima-en-amistoso-previo-al-inicio-del-torneo-clausura-591620,142,12812,1.11%,6.41
https://www.futbolperuano.com/futbol-femenino/liga-femenina/sporting-cristal-vs-universitario-fecha-y-horario-de-la-final-de-ida-de-la-liga-femenina-2026-590830,142,7303,1.94%,4.09
https://www.futbolperuano.com/liga-1/noticias/se-revelo-la-postura-de-deportivo-cali-ante-el-posible-retorno-de-pedro-gallese-a-alianza-lima-592843,141,6882,2.05%,3.11
https://www.futbolperuano.com/liga-1/noticias/jean-deza-arremete-contra-alvaro-barco-tras-su-gestion-en-universitario-592866,141,5146,2.74%,4.58
https://www.futbolperuano.com/mundial/noticias/portugal-vs-espana-fecha-hora-y-canales-de-los-octavos-de-final-del-mundial-2026-590706,139,92534,0.15%,6.6
https://www.futbolperuano.com/partidos-por-tv/noticias/programacion-de-partidos-por-tv-del-jueves-2-de-julio-590230,139,12517,1.11%,5.14
https://www.futbolperuano.com/copa-sudamericana/noticias/quien-sera-el-arbitro-de-sporting-cristal-vs-bragantino-por-la-copa-sudamericana-592774,139,10982,1.27%,3.84
https://www.futbolperuano.com/liga-3/noticias/juan-aurich-vs-union-santo-domingo-en-vivo-por-la-liga-3-591601,139,5116,2.72%,3.79
https://www.futbolperuano.com/liga-1/noticias/en-sporting-cristal-no-descartan-la-llegada-nuevo-refuerzo-para-torneo-clausura-592737,138,4011,3.44%,5.22
https://www.futbolperuano.com/mundial/noticias/donde-ver-la-final-del-mundial-2026-en-vivo-estos-son-los-canales-que-la-transmitiran-en-peru-591991,136,26809,0.51%,7.01
https://www.futbolperuano.com/en-vivo/copa-sudamericana-2026-lanus-vs-cienciano-en-vivo-592985,135,48776,0.28%,6.14
https://www.futbolperuano.com/futbol-de-menores/,135,892,15.13%,4.62
https://www.futbolperuano.com/radio/,133,4601,2.89%,6.99
https://www.futbolperuano.com/futbol-de-menores/copa-federacion/copa-federacion-2026-programacion-de-partidos-del-11-y-12-de-julio-591298,132,4402,3%,5.13
https://www.futbolperuano.com/liga-1/noticias/fc-cajamarca-se-refuerza-con-un-ex-potrillo-de-alianza-lima-para-el-torneo-clausura-590495,132,4240,3.11%,3.11
https://www.futbolperuano.com/mundial/noticias/noruega-vs-inglaterra-en-vivo-online-por-los-cuartos-de-final-del-mundial-2026-591526,131,90121,0.15%,7.68
https://www.futbolperuano.com/en-vivo/mundial-2026-argentina-vs-egipto-en-vivo-590922,131,23764,0.55%,3.57
https://www.futbolperuano.com/liga-2/noticias/union-minas-vs-estudiantil-cni-en-vivo-online-por-la-fecha-11-de-la-fase-de-grupos-de-la-liga-2-2026-593162,131,7879,1.66%,6.63
https://www.futbolperuano.com/liga-3/noticias/liga-3-2026-resultados-y-tabla-de-posiciones-de-la-fecha-4-de-la-fase-regional-589718,131,5997,2.18%,1.7
https://www.futbolperuano.com/copa-peru/noticias/los-cruces-de-los-cuartos-de-final-de-la-liga-departamental-de-ancash-en-copa-peru-2026-591736,131,2267,5.78%,3.92
https://www.futbolperuano.com/liga-1/noticias/sporting-cristal-roberto-mosquera-rompe-su-silencio-sobre-felipe-vizeu-592600,130,10566,1.23%,5.28
https://www.futbolperuano.com/ultimos-sismos/temblor-de-41-grados-de-magnitud-sacudio-lima-este-miercoles-22-de-julio-592893,130,3419,3.8%,3.67
https://www.futbolperuano.com/liga-1/noticias/fichajes-de-fbc-melgar-altas-y-bajas-para-el-torneo-clausura-de-la-liga-1-2026-588258,129,1256,10.27%,4.07
https://www.futbolperuano.com/liga-1/noticias/cienciano-vs-melgar-en-vivo-por-el-torneo-clausura-592182,128,29701,0.43%,8.12
https://www.futbolperuano.com/copa-peru/noticias/programacion-de-la-fase-1-de-la-etapa-departamental-de-cajamarca-de-copa-peru-2026-590563,128,3731,3.43%,5.37
https://www.futbolperuano.com/en-vivo/copa-peru-2026-defensor-santa-teresa-vs-deportivo-municipal-en-vivo-591468,128,3476,3.68%,5.08
https://www.futbolperuano.com/liga-1/noticias/universitario-alista-a-gianluca-lapadula-como-titular-la-posible-alineacion-ante-cusco-fc-593024,127,15753,0.81%,6.57
https://www.futbolperuano.com/partidos-por-tv/amistosos-de-clubes-t11,126,28847,0.44%,10.29
https://www.futbolperuano.com/futbol-de-menores/copa-federacion/plata-promocional-serie-2/tabla-de-posiciones,126,2099,6%,5.72
https://www.futbolperuano.com/liga-1/noticias/fecha-hora-y-canal-de-alianza-lima-vs-alianza-atletico-por-el-torneo-clausura-593711,125,12839,0.97%,4.3
https://www.futbolperuano.com/mundial/noticias/neymar-anuncia-su-retiro-de-la-seleccion-de-brasil-tras-eliminacion-del-mundial-2026-590783,124,9756,1.27%,3.5
https://www.futbolperuano.com/liga-1/noticias/rodrigo-urena-dispara-contra-la-directiva-de-universitario-591702,124,3206,3.87%,4.35
https://www.futbolperuano.com/en-vivo/liga-2-binacional-vs-bentin-tacna-en-vivo-593286,123,6331,1.94%,8.51
https://www.futbolperuano.com/partidos-por-tv/noticias/programacion-de-partidos-por-tv-del-sabado-04-de-julio-del-2026-590516,122,16718,0.73%,4.75
https://www.futbolperuano.com/en-vivo/copa-sudamericana-de-voley-2026-argentina-vs-colombia-en-vivo-593232,122,10267,1.19%,6.93
https://www.futbolperuano.com/copa-peru/noticias/resultados-en-la-fecha-5-de-la-liga-departamental-de-piura-en-copa-peru-2026-592634,122,2295,5.32%,4.37
https://www.futbolperuano.com/liga-1/noticias/el-defensor-chileno-nicolas-diaz-es-nuevo-jugador-de-alianza-lima-para-el-torneo-clausura-2026-592577,121,11047,1.1%,5.96
https://www.futbolperuano.com/en-vivo/torneo-clausura-2026-cusco-fc-vs-alianza-atletico-en-vivo-592326,120,90741,0.13%,8.11
https://www.futbolperuano.com/liga-voley/peru-dio-a-conocer-sus-convocadas-para-el-mundial-de-voleibol-femenino-sub-17-593864,120,5871,2.04%,5.97
https://www.futbolperuano.com/en-vivo/liga-3-asa-fc-vs-ecosem-pasco-en-vivo-590473,120,3734,3.21%,5.49
https://www.futbolperuano.com/copa-peru/noticias/resultados-y-tablas-de-la-etapa-departamental-de-lambayeque-en-la-copa-peru-2026-tras-la-fecha-2-590734,120,2656,4.52%,5.03
https://www.futbolperuano.com/liga-1/noticias/cusco-fc-oficializo-a-su-segundo-refuerzo-para-el-torneo-clausura-590930,120,2293,5.23%,6.74
https://www.futbolperuano.com/liga-1/noticias/fecha-hora-y-canal-de-sporting-cristal-vs-deportivo-garcilaso-por-el-torneo-clausura-591893,119,10643,1.12%,5.47
https://www.futbolperuano.com/copa-sudamericana/noticias/bragantino-vs-sporting-cristal-en-vivo-por-la-copa-sudamericana-593720,118,29663,0.4%,4.09
https://www.futbolperuano.com/copa-de-la-liga/noticias/sport-huancayo-vs-los-chankas-en-vivo-online-por-octavos-de-final-de-copa-de-la-liga-2026-591467,118,12664,0.93%,7.78
https://www.futbolperuano.com/liga-1/noticias/alianza-lima-igualo-ante-melgar-en-amistoso-de-preparacion-de-cara-al-torneo-clausura-590654,118,5478,2.15%,3.5
https://www.futbolperuano.com/liga-1/noticias/campeono-con-universitario-y-ahora-podria-llegar-a-alianza-lima-593761,118,4129,2.86%,3.35
https://www.futbolperuano.com/futbol-internacional/orgryte-is-vs-djurgardens-if-20-julio-2026-allsvenskan-de-suecia-m3225275,117,14698,0.8%,8
https://www.futbolperuano.com/en-vivo/copa-sudamericana-de-voley-2026-peru-vs-brasil-en-vivo-593019,117,6559,1.78%,5.2
https://www.futbolperuano.com/futbol-de-menores/copa-federacion/copa-federacion-2026-programacion-de-partidos-del-4-y-5-de-julio-590298,117,4685,2.5%,4.5
https://www.futbolperuano.com/liga-1/noticias/universitario-vs-sporting-cristal-fecha-y-nuevo-horario-confirmado-para-el-duelo-por-el-torneo-clausura-2026-594241,116,13966,0.83%,3.72
https://www.futbolperuano.com/futbol-femenino/liga-femenina/sporting-cristal-suma-nueva-goleada-en-el-torneo-clausura-594045,116,4938,2.35%,4
https://www.futbolperuano.com/liga-2/noticias/estudiantil-cni-se-quedo-sin-entrenador-en-la-previa-del-partido-ante-union-minas-593171,116,2577,4.5%,6.66
https://www.futbolperuano.com/liga-3/noticias/programacion-de-la-fecha-9-de-la-fase-regional-de-la-liga-3-2026-593942,116,2089,5.55%,4.66
https://www.futbolperuano.com/liga-voley/copa-sudamericana/tabla-de-posiciones,115,3832,3%,7.17
https://www.futbolperuano.com/futbol-femenino/liga-femenina/programacion-de-la-fecha-2-del-torneo-clausura-de-la-liga-femenina-2026-593610,115,2339,4.92%,4.94
https://www.futbolperuano.com/peru/mas-del-futbol-peruano/se-reinicia-reconstruccion-de-emblematico-estadio-peruano-593503,115,2069,5.56%,6.97
https://www.futbolperuano.com/liga-2/noticias/comerciantes-fc-vs-alianza-universidad-en-vivo-online-por-la-fecha-11-de-la-fase-regular-de-la-liga-2-2026-593145,114,12312,0.93%,7.69
https://www.futbolperuano.com/mundial/noticias/mister-chip-se-enfado-con-la-prensa-peruana-y-apunto-contra-el-programa-mano-a-mano-591253,114,1482,7.69%,4.76
https://www.futbolperuano.com/peru/mas-del-futbol-peruano/emblematico-estadio-que-fue-sede-de-la-liga-1-sera-remodelado-590488,113,4556,2.48%,5.78
https://www.futbolperuano.com/copa-de-la-liga/noticias/las-llaves-de-los-octavos-de-final-de-la-copa-de-la-liga-2026-589900,113,4255,2.66%,5.15
https://www.futbolperuano.com/copa-peru/noticias/deportivo-municipal-se-refuerza-para-su-debut-en-la-copa-peru-2026-590502,113,2806,4.03%,4.75
https://www.futbolperuano.com/liga-1/noticias/cusco-fc-suma-refuerzo-extranjero-para-el-torneo-clausura-590790,113,2611,4.33%,6.29
https://www.futbolperuano.com/liga-1/noticias/pablo-guede-confeso-las-incomodidades-que-tuvo-en-alianza-lima-592671,112,7510,1.49%,4.66
https://www.futbolperuano.com/liga-1/noticias/universitario-recupera-a-tres-importantes-figuras-para-enfrentar-a-cienciano-en-cusco-por-el-torneo-clausura-594259,111,14230,0.78%,5.56
https://www.futbolperuano.com/en-vivo/liga-2-bentin-tacna-vs-union-minas-en-vivo-592339,111,8560,1.3%,8.88
https://www.futbolperuano.com/copa-peru/noticias/los-campeones-provinciales-de-la-copa-peru-2026-588555,111,1901,5.84%,4.86
https://www.futbolperuano.com/en-vivo/torneo-clausura-2026-fc-cajamarca-vs-juan-pablo-ii-592228,110,61891,0.18%,7.99
https://www.futbolperuano.com/partidos-por-tv/liga-1-primera-division-del-peru-t35,110,18812,0.58%,8.72
https://www.futbolperuano.com/liga-1/noticias/juan-pablo-ii-vs-cienciano-en-vivo-online-por-fecha-2-del-torneo-clausura-de-liga-1-2026-593268,110,15033,0.73%,6.8
https://www.futbolperuano.com/liga-1/noticias/los-10-estadios-mas-grandes-del-futbol-peruano-333771,110,7734,1.42%,5.45
https://www.futbolperuano.com/en-vivo/liga-2-cesar-vallejo-vs-union-comercio-en-vivo-593282,109,9112,1.2%,8.39
https://www.futbolperuano.com/liga-1/noticias/jose-carabali-se-fue-hace-muy-poco-de-universitario-y-ahora-querria-volver-593432,108,13058,0.83%,5.23
https://www.futbolperuano.com/liga-1/noticias/alianza-lima-sorprende-con-su-lista-de-convocados-para-recibir-a-sport-huancayo-592553,108,12234,0.88%,6.63
https://www.futbolperuano.com/futbol-femenino/liga-femenina/se-oficializo-el-fixture-de-la-liga-femenina-2026-y-el-formato-de-competencia-567603,108,1258,8.59%,5.04
https://www.futbolperuano.com/copa-peru/noticias/resultados-de-la-vuelta-de-la-fase-2-de-la-liga-departamental-de-arequipa-de-copa-peru-2026-592630,107,1792,5.97%,5.27
https://www.futbolperuano.com/mas-deportes/tenis/ignacio-buse-eliminado-de-wimbledon-al-caer-con-jenson-brooksby-590075,105,10132,1.04%,3.77
https://www.futbolperuano.com/liga-1/noticias/baja-confirmada-de-adt-de-tarma-para-recibir-a-universitario-por-el-torneo-clausura-592015,105,8008,1.31%,7.35
https://www.futbolperuano.com/liga-1/noticias/universitario-toma-rotunda-decision-con-respecto-al-futuro-de-williams-riveros-594191,105,6490,1.62%,3.84
https://www.futbolperuano.com/partidos-por-tv/peru-liga-peruana-de-voley-femenino-lnsv-t295,104,13378,0.78%,8.77
https://www.futbolperuano.com/liga-1/noticias/cusco-fc-ficho-a-uno-de-los-refuerzos-mas-caros-de-universitario-591074,104,3789,2.74%,4.42
https://www.futbolperuano.com/liga-voley/sandra-ostos-rompio-su-silencio-y-respondio-a-las-criticas-contra-la-seleccion-peruana-de-voley-593536,104,2842,3.66%,4.1
https://www.futbolperuano.com/futbol-de-menores/copa-federacion/,104,2165,4.8%,6.19
https://www.futbolperuano.com/mundial/noticias/argentina-vs-cabo-verde-en-vivo-por-el-mundial-2026-590369,103,38379,0.27%,4.38
https://www.futbolperuano.com/mundial/noticias/espana-vs-belgica-en-vivo-online-por-el-mundial-2026-591302,102,36852,0.28%,6.38
https://www.futbolperuano.com/liga-1/noticias/paolo-reyna-rompio-su-silencio-sobre-su-paso-por-universitario-me-quede-con-la-espinita-592120,102,4365,2.34%,4.25
https://www.futbolperuano.com/copa-peru/noticias/resultados-fecha-4-liga-departamental-de-cusco-en-la-copa-peru-2026-592779,102,2195,4.65%,5.06
https://www.futbolperuano.com/copa-peru/noticias/resultados-de-la-fecha-1-de-liguilla-final-de-etapa-departamental-de-arequipa-de-copa-peru-2026-593573,102,1360,7.5%,4.35
https://www.futbolperuano.com/en-vivo/liga-3-universitario-vs-sporting-cristal-en-vivo-592351,101,121485,0.08%,2.49
https://www.futbolperuano.com/futbol-de-menores/copa-desarrollo-oro/resultados,101,480,21.04%,4.02
https://www.futbolperuano.com/copa-sudamericana/noticias/sporting-cristal-vs-rb-bragantino-en-vivo-por-los-playoffs-de-la-copa-sudamericana-592713,100,14203,0.7%,6.92
https://www.futbolperuano.com/liga-1/noticias/alianza-lima-oficializo-la-situacion-contractual-de-guillermo-viscarra-592641,99,7543,1.31%,4.19
https://www.futbolperuano.com/liga-1/noticias/universitario-los-4-futbolistas-que-se-pierden-el-duelo-ante-cusco-fc-por-el-torneo-clausura-593260,99,6110,1.62%,4.91
https://www.futbolperuano.com/en-vivo/copa-sudamericana-de-voley-2026-ecuador-vs-argentina-en-vivo-592920,99,3319,2.98%,5.2
https://www.futbolperuano.com/liga-1/noticias/fc-cajamarca-se-sigue-reforzando-para-disputar-el-torneo-clausura-591828,98,4541,2.16%,8.68
https://www.futbolperuano.com/liga-1/noticias/estadio-monumental-de-la-unsa-luce-renovado-en-la-previa-del-torneo-clausura-592160,98,2878,3.41%,6.37
https://www.futbolperuano.com/en-vivo/liga-3-uda-huancavelica-vs-deportivo-ucrania-591485,98,2255,4.35%,3.27
https://www.futbolperuano.com/liga-1/noticias/sporting-cristal-toma-rotunda-decision-con-respecto-al-futuro-de-felipe-vizeu-591867,97,4198,2.31%,3.63
https://www.futbolperuano.com/partidos-por-tv/transmisiones-copa-peru-c38,96,11809,0.81%,7.19
https://www.futbolperuano.com/en-vivo/liga-2-san-martin-vs-carlos-mannucci-en-vivo-593276,96,7322,1.31%,10.04
https://www.futbolperuano.com/en-vivo/liga-3-nuevo-san-cristobal-vs-ecosem-pasco-en-vivo-592356,96,5253,1.83%,6.11
https://www.futbolperuano.com/partidos-por-tv/paramount-c86,96,3994,2.4%,5.88
https://www.futbolperuano.com/en-vivo/torneo-clausura-2026-sporting-cristal-vs-deportivo-garcilaso-en-vivo-592230,94,54087,0.17%,8.07
https://www.futbolperuano.com/liga-1/noticias/alianza-lima-vs-deportivo-cali-precio-y-donde-comprar-entradas-para-el-amistoso-internacional-590552,94,5642,1.67%,4.42
https://www.futbolperuano.com/liga-1/noticias/universitario-toma-rotunda-decision-con-respecto-al-futuro-de-antonio-garcia-pye-590324,94,3814,2.46%,2.77
https://www.futbolperuano.com/liga-1/noticias/el-amistoso-entre-universitario-de-deportes-y-millonarios-cambio-de-horario-591065,94,3124,3.01%,3.5
https://www.futbolperuano.com/en-vivo/liga-3-union-santo-domingo-vs-juventud-santo-domingo-en-vivo-592354,94,2861,3.29%,4.44
https://www.futbolperuano.com/futbol-de-menores/copa-federacion/oro/resultados,94,1906,4.93%,5.63
https://www.futbolperuano.com/mundial/noticias/las-redes-estallan-contra-thomas-tuchel-y-lo-responsabilizan-de-la-derrota-ante-argentina-592087,94,1291,7.28%,3.12
https://www.futbolperuano.com/futbol-femenino/liga-femenina/tabla-de-posiciones,93,4675,1.99%,7.59
https://www.futbolperuano.com/futbol-internacional/brasil/serie-b/tabla-de-posiciones,92,130420,0.07%,9.59
https://www.futbolperuano.com/en-vivo/copa-sudamericana-de-voley-2026-venezuela-vs-bolivia-en-vivo-593395,92,4303,2.14%,4.96
https://www.futbolperuano.com/copa-peru/noticias/copa-peru-cuando-vuelve-a-jugar-deportivo-municipal-590916,92,2567,3.58%,4.45
https://www.futbolperuano.com/liga-1/noticias/l1-max-gratis-en-movistar-como-ver-todos-los-partidos-de-la-liga-1-2026-561539,92,2008,4.58%,16.11
https://www.futbolperuano.com/liga-3/noticias/dos-nuevos-equipos-seran-expulsados-de-la-liga-3-590316,92,1330,6.92%,5.01
https://www.futbolperuano.com/futbol-internacional/usa/tabla-de-posiciones,91,72788,0.13%,8.1
https://www.futbolperuano.com/copa-sudamericana/lanus-vs-cienciano-22-julio-2026-copa-sudamericana-m3242124,91,18355,0.5%,13.24
https://www.futbolperuano.com/liga-2/noticias/programacion-completa-de-la-fecha-12-de-la-fase-de-grupos-de-la-liga-2-2026-593597,91,4996,1.82%,8.6
https://www.futbolperuano.com/mundial/noticias/portugal-vs-espana-en-vivo-por-el-mundial-2026-590661,90,45445,0.2%,6.18
https://www.futbolperuano.com/mas-deportes/tenis/ignacio-buse-se-mete-a-la-tercera-ronda-del-abierto-de-generali-592902,90,15518,0.58%,5.61
https://www.futbolperuano.com/en-vivo/liga-3-ecosem-pasco-vs-ad-tahuishco-en-vivo-591483,90,3181,2.83%,4.81
https://www.futbolperuano.com/en-vivo/mundial-2026-paraguay-vs-francia-en-vivo-590451,89,8140,1.09%,4.45
https://www.futbolperuano.com/copa-peru/noticias/dos-equipos-de-la-liga-departamental-de-lima-son-eliminados-en-copa-peru-2026-592760,89,1790,4.97%,4.72
https://www.futbolperuano.com/futbol-femenino/torneo-clausura/tabla-de-posiciones,89,796,11.18%,6.82
https://www.futbolperuano.com/mundial/noticias/brasil-vs-noruega-en-vivo-online-por-los-octavos-de-final-del-mundial-2026-590653,88,68061,0.13%,4.9
https://www.futbolperuano.com/en-vivo/torneo-clausura-2026-atletico-grau-vs-utc-en-vivo-592324,88,56088,0.16%,9.51
https://www.futbolperuano.com/liga-voley/fecha-hora-y-canal-de-la-final-de-la-copa-sudamericana-de-voley-2026-593463,88,9430,0.93%,7.43
https://www.futbolperuano.com/copa-de-la-liga/noticias/resultados-de-los-octavos-de-final-de-la-copa-de-la-liga-2026-591180,88,4562,1.93%,5.14
https://www.futbolperuano.com/mundial/noticias/francia-vs-inglaterra-en-vivo-por-el-tercer-puesto-del-mundial-2026-592461,87,28457,0.31%,4.84
https://www.futbolperuano.com/liga-3/noticias/liga-3-resultados-y-tabla-de-posiciones-de-la-fecha-1-de-la-fase-regional-585659,87,5392,1.61%,1.4
https://www.futbolperuano.com/liga-voley/peru-sufre-su-primera-baja-para-la-copa-sudamericana-de-voleibol-femenino-592551,87,4197,2.07%,6.22
https://www.futbolperuano.com/futbol-femenino/liga-femenina/sporting-cristal-presento-una-denuncia-en-contra-de-pierina-nunez-591067,87,4122,2.11%,4.51
https://www.futbolperuano.com/liga-3/noticias/union-santo-domingo-vs-juventud-santo-domingo-en-vivo-por-la-liga-3-592555,87,3371,2.58%,3.99
https://www.futbolperuano.com/copa-peru/noticias/resultados-fecha-2-liga-departamental-piura-en-copa-peru-2026-590769,87,1652,5.27%,5.1
https://www.futbolperuano.com/copa-peru/noticias/atletico-torino-sumo-su-segundo-triunfo-en-la-etapa-departamental-copa-peru-2026-591725,87,1495,5.82%,4.38
https://www.futbolperuano.com/liga-1/noticias/deportivo-garcilaso-pierde-a-sebastian-dominguez-en-pleno-clausura-este-seria-su-nuevo-destino-593121,86,9425,0.91%,9.32
https://www.futbolperuano.com/liga-voley/san-martin-da-el-golpe-y-ficha-a-exfigura-de-alianza-lima-para-competir-en-la-liga-peruana-de-voley-202627-592854,86,1858,4.63%,4.93
https://www.futbolperuano.com/en-vivo/liga-2-santos-vs-binacional-en-vivo-592342,85,10369,0.82%,9.64
https://www.futbolperuano.com/liga-1/noticias/carlos-desio-revela-la-fecha-estimada-en-la-que-christian-cueva-reapareceria-en-sport-boys-593453,85,8288,1.03%,4.66
https://www.futbolperuano.com/liga-1/noticias/renato-tapia-revela-si-jugaria-en-universitario-pese-a-ser-hincha-de-alianza-lima-593246,85,7633,1.11%,3.46
https://www.futbolperuano.com/en-vivo/liga-femenina-2026-fc-killas-vs-alianza-lima-en-vivo-593300,85,6706,1.27%,4.27
https://www.futbolperuano.com/liga-1/noticias/por-que-se-suspendio-el-amistoso-entre-universitario-de-deportes-y-sport-boys-590596,85,3398,2.5%,4.18
https://www.futbolperuano.com/copa-peru/noticias/copa-peru-resultados-y-tabla-de-posiciones-en-la-fecha-2-de-la-fase-3-de-la-liga-departamental-de-puno-593687,85,1799,4.72%,4.73
https://www.futbolperuano.com/copa-sudamericana/noticias/cienciano-vs-lanus-en-vivo-por-la-copa-sudamericana-593728,84,21507,0.39%,6.54
https://www.futbolperuano.com/en-vivo/torneo-clausura-2026-universitario-vs-cusco-fc-en-vivo-593247,84,14729,0.57%,4.89
https://www.futbolperuano.com/partidos-por-tv/noticias/programacion-de-partidos-por-tv-del-jueves-30-de-julio-del-2026-593911,84,5881,1.43%,3.78
https://www.futbolperuano.com/copa-peru/noticias/resultado-de-vuelta-de-la-fase-2-de-la-etapa-departamental-de-puno-de-copa-peru-2026-592669,84,1705,4.93%,5.03
https://www.futbolperuano.com/futbol-femenino/liga-femenina/alianza-lima-celebra-frente-a-fc-killas-en-su-debut-en-el-torneo-clausura-de-la-liga-femenina-2026-593424,83,14572,0.57%,4.74
https://www.futbolperuano.com/liga-voley/LNSV/resultados,83,11337,0.73%,8.14
https://www.futbolperuano.com/liga-2/noticias/liga-2-resultados-y-tabla-de-posiciones-de-la-fecha-11-de-la-fase-de-grupos-593087,83,11064,0.75%,8.89
https://www.futbolperuano.com/futbol-femenino/liga-femenina/fbc-melgar-mueve-el-mercado-anuncio-a-su-nuevo-entrenador-y-a-una-joven-promesa-para-el-clausura-592981,83,3959,2.1%,7.17
https://www.futbolperuano.com/liga-voley/liga-naciones-masculino/resultados,83,2446,3.39%,8.3
https://www.futbolperuano.com/copa-peru/noticias/resultados-fecha-4-liga-departamental-la-libertad-en-copa-peru-2026-592650,83,1614,5.14%,5.22
https://www.futbolperuano.com/mundial/noticias/mexico-vs-inglaterra-en-vivo-online-por-los-16vos-de-final-del-mundial-2026-590628,82,27808,0.29%,6.5
https://www.futbolperuano.com/copa-peru/noticias/regatas-lima-vs-juventud-molino-en-vivo-por-la-liga-departamental-de-lima-591637,82,2894,2.83%,4.79
https://www.futbolperuano.com/copa-peru/noticias/copa-peru-2026-quedaron-definidos-los-12-clasificados-a-la-segunda-fase-de-la-liga-departamental-de-puno-590809,82,2120,3.87%,4.08
https://www.futbolperuano.com/mundial/noticias/entrenador-de-egipto-hara-acto-de-protesta-tras-quedar-eliminado-mundial-2026-590991,81,26184,0.31%,5.77
https://www.futbolperuano.com/copa-de-la-liga/noticias/los-tres-premios-que-otorgara-la-copa-de-la-liga-2026-584695,81,3120,2.6%,5.33
https://www.futbolperuano.com/copa-sudamericana/bragantino-vs-sporting-cristal-29-julio-2026-copa-sudamericana-m3242130,80,14494,0.55%,13.07
https://www.futbolperuano.com/liga-2/noticias/franco-saravia-tiene-nuevo-equipo-el-bicampeon-con-alianza-lima-fue-anunciado-por-comerciantes-fc-593134,80,6633,1.21%,5.07
https://www.futbolperuano.com/eliminatorias/africa/tabla-de-posiciones,80,6216,1.29%,8
https://www.futbolperuano.com/peru/mas-del-futbol-peruano/academias-de-futbol-en-surco-499115,80,1444,5.54%,6.16
https://www.futbolperuano.com/peru/mas-del-futbol-peruano/el-nuevo-torneo-que-se-jugara-en-peru-en-este-2026-562329,80,1334,6%,4.93
https://www.futbolperuano.com/copa-peru/noticias/clasificados-a-cuartos-de-final-liga-departamental-cusco-en-copa-peru-2026-593661,79,1320,5.98%,4.86
https://www.futbolperuano.com/copa-peru/noticias/clasificados-y-llaves-fase-2-liga-departamental-piura-en-copa-peru-2026-593592,79,1308,6.04%,5.71
https://www.futbolperuano.com/liga-1/noticias/conar-designo-al-arbitro-que-dirigira-el-alianza-lima-vs-alianza-atletico-594158,78,12311,0.63%,4.09
https://www.futbolperuano.com/copa-sudamericana/noticias/lanus-vs-cienciano-en-vivo-por-los-playoffs-de-la-copa-sudamericana-592716,78,12221,0.64%,7.74
https://www.futbolperuano.com/liga-1/noticias/adt-vs-universitario-gianluca-lapadula-viajara-a-tarma-592338,78,8641,0.9%,4.77
https://www.futbolperuano.com/liga-voley/liga-naciones-masculino/tabla-de-posiciones,78,6618,1.18%,7.84
https://www.futbolperuano.com/partidos-por-tv/claro-c6,78,4769,1.64%,7.12
https://www.futbolperuano.com/futbol-internacional/escocia/tabla-de-posiciones,78,4525,1.72%,8.75
https://www.futbolperuano.com/liga-voley/liga-naciones-femenino/resultados,78,4462,1.75%,8.51
https://www.futbolperuano.com/copa-peru/noticias/copa-peru-resultados-de-la-fecha-2-en-la-fase-2-de-la-liga-departamental-de-junin-592708,78,2160,3.61%,5.3
https://www.futbolperuano.com/fichajes/fichajes-de-juan-pablo-ii-altas-y-bajas-para-el-torneo-clausura-2026-588217,78,792,9.85%,4.33
https://www.futbolperuano.com/liga-2/noticias/alianza-universidad-vs-ayacucho-fc-en-vivo-online-por-fecha-10-de-liga-2-2026-592447,77,9830,0.78%,6.91
https://www.futbolperuano.com/futbol-femenino/sporting-cristal-presento-a-su-nuevo-refuerzo-para-el-torneo-clausura-592795,77,8218,0.94%,3.48
https://www.futbolperuano.com/liga-1/noticias/fichajes-de-utc-de-cajamarca-altas-bajas-y-rumores-para-el-torneo-clausura-588344,77,689,11.18%,5.24
https://www.futbolperuano.com/liga-1/noticias/la-tabla-acumulada-de-la-liga-1-tras-la-fecha-1-del-torneo-clausura-2026-592632,76,14487,0.52%,9.22
https://www.futbolperuano.com/en-vivo/copa-sudamericana-de-voley-2026-colombia-vs-venezuela-en-vivo-592969,76,5099,1.49%,4.55
https://www.futbolperuano.com/futbol-internacional/mexico/tabla-de-posiciones,76,3767,2.02%,12.65
https://www.futbolperuano.com/partidos-por-tv/noticias/programacion-de-partidos-por-tv-del-lunes-6-de-julio-590747,75,6875,1.09%,4.77
https://www.futbolperuano.com/liga-2/noticias/programacion-de-la-fecha-11-de-la-fase-de-grupos-de-la-liga-2-2026-592658,75,3499,2.14%,8.65
https://www.futbolperuano.com/liga-1/noticias/sport-boys-asegura-su-porteria-para-encarar-el-torneo-clausura-590486,75,2091,3.59%,4.9
https://www.futbolperuano.com/mundial/noticias/las-llaves-de-los-cuartos-de-final-del-mundial-2026-590966,74,24246,0.31%,4.39
https://www.futbolperuano.com/peruanos-en-el-exterior/noticias/kenji-cabrera-sufrio-fractura-y-estara-varios-meses-fuera-de-las-canchas-en-vancouver-whitecaps-590521,74,12933,0.57%,5.21
https://www.futbolperuano.com/liga-de-campeones/slovan-bratislava-vs-fc-saburtalo-29-julio-2026-uefa-champions-league-m3261004,74,10832,0.68%,8.29
https://www.futbolperuano.com/liga-2/noticias/pirata-fc-vs-san-martin-en-vivo-online-por-la-fecha-10-de-la-liga-2-2026-592598,74,7941,0.93%,7.61
https://www.futbolperuano.com/copa-peru/noticias/domingo-dianderas-se-refuerza-para-copa-peru-con-campeon-de-copa-libertadoes-582633,74,5620,1.32%,7.21
https://www.futbolperuano.com/copa-de-la-liga/noticias/sport-boys-les-da-una-terrible-noticia-a-sus-hinchas-en-la-previa-del-partido-ante-comerciantes-fc-591218,74,4785,1.55%,7.01
https://www.futbolperuano.com/futbol-femenino/liga-femenina/liga-femenina-la-advertencia-de-alessia-sanllehi-a-universitario-antes-de-la-final-del-torneo-apertura-de-la-liga-femenina-591625,73,39730,0.18%,2.46
https://www.futbolperuano.com/mundial/noticias/que-canal-transmite-el-partido-entre-francia-y-paraguay-590598,73,31266,0.23%,7.16
https://www.futbolperuano.com/en-vivo/sudamericana-de-voley-2026-brasil-vs-chile-en-vivo-593230,73,6407,1.14%,7.49
https://www.futbolperuano.com/copa-de-la-liga/noticias/horacio-melgarejo-exploto-tras-la-eliminacion-de-cienciano-y-lanzo-duros-cuestionamientos-contra-agustin-lozano-591534,73,6133,1.19%,5.31
https://www.futbolperuano.com/futbol-internacional/rumania/tabla-de-posiciones,73,2694,2.71%,8.31
https://www.futbolperuano.com/partidos-por-tv/copa-peru-t156,73,2031,3.59%,6.34
https://www.futbolperuano.com/liga-1/noticias/alianza-lima-vs-sport-huancayo-en-vivo-online-por-la-fecha-1-del-torneo-clausura-de-la-liga-1-2026-592506,72,80901,0.09%,8.12
https://www.futbolperuano.com/mundial/noticias/argentina-vs-egipto-por-el-mundial-2026-y-como-ver-el-partido-en-peru-590893,72,16976,0.42%,5.23
https://www.futbolperuano.com/copa-sudamericana/noticias/sporting-cristal-vs-rb-bragantino-por-la-ida-de-los-playoffs-de-la-copa-sudamericana-592526,72,15420,0.47%,6.56
https://www.futbolperuano.com/liga-voley/peru-disputara-la-copa-federacion-y-enfrentara-a-republica-dominicana-espana-y-corea-del-sur-593858,72,3297,2.18%,6.14
https://www.futbolperuano.com/liga-1/noticias/roberto-mosquera-revelo-el-futuro-de-irven-avila-en-sporting-cristal-591676,72,2895,2.49%,3.21
https://www.futbolperuano.com/ultimos-sismos/temblor-de-36-grados-de-magnitud-sacudio-lima-este-lunes-6-de-julio-590763,72,2252,3.2%,6.06
https://www.futbolperuano.com/en-vivo/copa-sudamericana-de-voley-2026-colombia-vs-chile-en-vivo-593398,72,2048,3.52%,5.89
https://www.futbolperuano.com/copa-peru/noticias/resultados-fecha-2-liga-departamental-de-la-libertad-copa-peru-2026-590780,72,1479,4.87%,4.43
https://www.futbolperuano.com/futbol-femenino/liga-femenina/los-canales-que-transmitiran-en-vivo-la-liga-femenina-2026-567620,72,1147,6.28%,3.56
https://www.futbolperuano.com/copa-peru/noticias/se-conformaron-los-grupos-liga-departamental-de-lambayeque-copa-peru-2026-588356,72,1142,6.3%,4.7
https://www.futbolperuano.com/liga-1/noticias/pedro-aquino-quedo-como-jugador-libre-tras-rescindir-con-santos-laguna-y-su-futuro-genera-expectativa-en-la-liga-1-592286,71,4416,1.61%,5.72
https://www.futbolperuano.com/futbol-femenino/liga-femenina/universitario-apabullo-a-carlos-mannucci-en-su-debut-en-el-torneo-clausura-de-la-liga-femenina-2026-593008,71,3085,2.3%,5.28
https://www.futbolperuano.com/copa-peru/noticias/resultados-fecha-2-liga-departamental-de-cusco-en-copa-peru-2026-590945,71,2404,2.95%,4.84
https://www.futbolperuano.com/liga-3/noticias/liga-3-resultados-y-tabla-de-posiciones-de-la-fecha-2-de-la-fase-regional-587751,71,1490,4.77%,1.74
https://www.futbolperuano.com/mundial/noticias/argentina-vs-egipto-en-vivo-online-por-los-octavos-de-final-del-mundial-2026-590855,70,33913,0.21%,5.91
https://www.futbolperuano.com/liga-2/noticias/bentin-tacna-heroica-vs-union-minas-en-vivo-por-la-liga-2-592458,70,8752,0.8%,7.77
https://www.futbolperuano.com/liga-1/noticias/hector-cuper-y-su-rotundo-comentario-sobre-gianluca-lapadula-tras-marcar-su-primer-gol-con-universitario-593418,70,7589,0.92%,5.62
https://www.futbolperuano.com/futbol-de-menores/copa-federacion/copa-federacion-2026-programacion-de-partidos-del-27-al-29-de-junio-589133,70,2616,2.68%,6.03
https://www.futbolperuano.com/partidos-por-tv/liga-femenina-peru-t182,70,1793,3.9%,5.75
https://www.futbolperuano.com/copa-peru/noticias/resultados-ida-octavos-de-final-liga-departamental-ancash-en-copa-peru-2026-590861,70,1630,4.29%,4.71
https://www.futbolperuano.com/peruanos-en-el-exterior/noticias/maxloren-castro-interesa-a-un-equipo-de-la-premier-league-de-inglaterra-591835,70,1287,5.44%,3.78
https://www.futbolperuano.com/copa-peru/noticias/4-equipos-de-la-liga-departamental-apurimac-van-por-la-etapa-nacional-copa-peru-2026-591759,70,1187,5.9%,3.69
https://www.futbolperuano.com/liga-1/noticias/fecha-y-hora-del-sorteo-de-la-copa-de-la-liga-peruana-583290,70,912,7.68%,5.41
https://www.futbolperuano.com/futbol-internacional/noticias/lionel-messi-y-la-historia-jamas-contada-de-su-primera-vez-en-lima-279207,70,853,8.21%,3.89
https://www.futbolperuano.com/liga-1/noticias/fpf-confirmo-la-implementacion-progresiva-de-las-nuevas-reglas-del-mundial-2026-en-la-liga-1-y-el-futbol-peruano-590732,69,127413,0.05%,4.3
https://www.futbolperuano.com/liga-voley/a-que-hora-juega-peru-vs-chile-por-la-copa-sudamericana-de-voley-592896,69,12716,0.54%,7.79
https://www.futbolperuano.com/liga-voley/sudamericano-clubes-femenino/resultados,69,6986,0.99%,8.78
https://www.futbolperuano.com/liga-1/noticias/michael-hoyos-se-rinde-ante-hernan-barcos-tras-su-estreno-en-sporting-cristal-592602,68,37435,0.18%,6.77
https://www.futbolperuano.com/peruanos-en-el-exterior/noticias/dt-de-deportivo-cali-le-cierra-la-puerta-a-alianza-lima-por-pedro-gallese-593218,68,11099,0.61%,5.08
https://www.futbolperuano.com/copa-de-la-liga/noticias/copa-de-la-liga-quien-sera-el-arbitro-de-sporting-cristal-vs-bentin-tacna-heroica-591267,68,7395,0.92%,6.59
https://www.futbolperuano.com/liga-1/noticias/universitario-anuncia-el-regreso-de-piero-quispe-para-el-torneo-clausura-2026-593771,68,7125,0.95%,3.76
https://www.futbolperuano.com/en-vivo/liga-2-cantolao-vs-ada-de-jaen-en-vivo-592336,68,5969,1.14%,9.08
https://www.futbolperuano.com/copa-peru/noticias/copa-peru-2026-resultados-y-tabla-de-posiciones-de-la-etapa-departamental-de-ayacucho-588967,68,1374,4.95%,4.97
https://www.futbolperuano.com/liga-1/noticias/universitario-y-la-ultima-vez-que-vencio-a-cienciano-en-el-cusco-por-la-liga-1-594295,67,14611,0.46%,4.53
https://www.futbolperuano.com/copa-sudamericana/noticias/quien-sera-el-arbitro-de-lanus-vs-cienciano-por-los-playoffs-de-la-copa-sudamericana-592766,67,9227,0.73%,6.62
https://www.futbolperuano.com/en-vivo/liga-2-alianza-universidad-vs-ayacucho-fc-en-vivo-592334,67,5505,1.22%,9.28
https://www.futbolperuano.com/copa-de-la-liga/noticias/asi-quedo-conformado-el-fixture-oficial-de-la-copa-de-la-liga-2026-583565,67,1743,3.84%,5.95
https://www.futbolperuano.com/liga-1/noticias/cusco-fc-fichajes-y-bajas-en-el-plantel-para-el-torneo-clausura-2026-588662,67,832,8.05%,4.25
https://www.futbolperuano.com/peru/clubes/alianza-lima/,66,118869,0.06%,8.54
https://www.futbolperuano.com/liga-2/noticias/cesar-vallejo-vs-union-comercio-en-vivo-por-la-liga-2-593301,66,10204,0.65%,7.14
https://www.futbolperuano.com/liga-1/los-chankas-vs-sport-boys-19-julio-2026-liga-1-peru---torneo-clausura-m3243866,66,9769,0.68%,9.82
https://www.futbolperuano.com/futbol-internacional/sarpsborg-08-vs-viking-12-julio-2026-eliteserien-de-noruega-m3230013,66,8913,0.74%,8.62
https://www.futbolperuano.com/liga-voley/que-canal-transmitira-la-copa-sudamericana-de-voleibol-femenino-2026-592216,66,5476,1.21%,6.92
https://www.futbolperuano.com/copa-peru/noticias/copa-peru-regatas-lima-no-supo-aprovechar-su-condicion-de-local-en-la-fase-2-de-la-liga-departamental-de-lima-592534,66,3613,1.83%,5.7
https://www.futbolperuano.com/liga-voley/copa-panamericana-sub-17-femenino/tabla-de-posiciones,66,2220,2.97%,6.16
https://www.futbolperuano.com/copa-peru/noticias/copa-peru-2026-resultados-de-los-partidos-de-vuelta-de-la-fase-1-de-la-etapa-departamental-cajamarca-591780,66,1281,5.15%,4.49
https://www.futbolperuano.com/liga-1/sport-boys-vs-adt-tarma-25-julio-2026-liga-1-peru---torneo-clausura-m3243874,65,21456,0.3%,10.92
https://www.futbolperuano.com/liga-1/noticias/alianza-lima-ya-tendria-elegido-al-reemplazo-de-guillermo-viscarra-pedro-gallese-aparece-en-el-radar-592623,65,19028,0.34%,6.97
https://www.futbolperuano.com/en-vivo/liga-2-ayacucho-fc-vs-santos-en-vivo-593284,65,4175,1.56%,9.34
https://www.futbolperuano.com/fichajes/fichajes-de-alianza-atletico-altas-y-bajas-para-el-torneo-clausura-2026-588231,65,520,12.5%,3.61
https://www.futbolperuano.com/en-vivo/torneo-clausura-2026-los-chankas-vs-comerciantes-unidos-en-vivo-594186,64,46416,0.14%,10.59
https://www.futbolperuano.com/mundial/noticias/carlo-ancelotti-lanzo-una-advertencia-antes-del-brasil-vs-noruega-y-dejo-un-contundente-analisis-sobre-erling-haaland-590663,64,24140,0.27%,4.88
https://www.futbolperuano.com/liga-1/noticias/los-chankas-aseguran-su-segundo-refuerzo-para-el-torneo-clausura-590154,64,6126,1.04%,7.76
https://www.futbolperuano.com/liga-voley/calendario-de-peru-en-la-copa-sudamericana-de-voleibol-masculino-2026-593870,64,4623,1.38%,6.04
https://www.futbolperuano.com/liga-3/noticias/melgar-revelo-el-motivo-de-la-suspension-del-partido-ante-corazon-de-leon-por-liga-3-2026-591703,64,3060,2.09%,5.15
https://www.futbolperuano.com/liga-1/noticias/fichajes-de-sport-boys-altas-y-bajas-para-el-torneo-clausura-2026-588192,64,924,6.93%,4.48
https://www.futbolperuano.com/mundial/noticias/australia-vs-egipto-en-vivo-online-por-los-16vos-de-final-del-mundial-2026-590383,63,49665,0.13%,9.24
https://www.futbolperuano.com/liga-1/alianza-atletico-vs-los-chankas-24-julio-2026-liga-1-peru---torneo-clausura-m3243877,63,10798,0.58%,9.47
https://www.futbolperuano.com/liga-1/noticias/cusco-fc-miguel-silveira-advierte-a-universitario-antes-del-duelo-por-el-torneo-clausura-592861,63,4772,1.32%,4.82
https://www.futbolperuano.com/liga-voley/peru-cierra-la-copa-sudamericana-de-voley-en-el-quinto-lugar-593549,63,4101,1.54%,6.15
https://www.futbolperuano.com/liga-1/noticias/figura-de-universitario-de-deportes-se-pierde-el-amistoso-ante-millonarios-591580,63,4039,1.56%,3.81
https://www.futbolperuano.com/copa-peru/noticias/copa-peru-2026-resultados-de-los-partidos-de-vuelta-de-los-8vos-de-final-de-la-liga-departamental-lambayeque-593568,63,985,6.4%,4.29
https://www.futbolperuano.com/liga-1/noticias/universitario-anuncia-una-nueva-salida-tricampeon-se-suma-a-la-lista-de-bajas-para-el-inicio-del-torneo-clausura-2026-590273,63,822,7.66%,4.84
https://www.futbolperuano.com/copa-peru/noticias/resultados-fecha-5-de-la-liga-departamental-de-la-libertad-por-copa-peru-2026-593604,63,800,7.88%,4.46
https://www.futbolperuano.com/mundial/noticias/que-canal-transmite-el-partido-entre-mexico-e-inglaterra-590691,62,22972,0.27%,5.03
https://www.futbolperuano.com/copa-sudamericana/noticias/sporting-cristal-cuando-visitara-a-bragantino-por-la-copa-sudamericana-2026-593045,62,21917,0.28%,3.88
https://www.futbolperuano.com/liga-1/noticias/javier-rabanal-lanza-fuerte-advertencia-a-universitario-previo-al-duelo-en-el-monumental-593281,62,12461,0.5%,4.24
https://www.futbolperuano.com/liga-1/noticias/fc-cajamarca-ficha-al-primo-de-andre-carrillo-para-el-torneo-clausura-592916,62,5182,1.2%,8.63
https://www.futbolperuano.com/peruanos-en-el-exterior/noticias/oliver-sonne-sumo-minutos-con-burnley-en-el-amistoso-ante-espanyol-593919,62,2394,2.59%,6.11
https://www.futbolperuano.com/futbol-internacional/noticias/carlos-beltran-sorprende-y-ficha-por-un-equipo-argentino-590630,62,2358,2.63%,7.85
https://www.futbolperuano.com/copa-peru/noticias/domingo-dianderas-confirma-6-refuerzos-para-la-etapa-departamental-copa-peru-2026-591261,62,2092,2.96%,4.88
https://www.futbolperuano.com/fichajes/fichajes-de-deportivo-garcilaso-altas-y-bajas-para-el-torneo-clausura-2026-588241,62,527,11.76%,3.24
https://www.futbolperuano.com/mundial/noticias/canada-vs-marruecos-en-vivo-por-el-mundial-2026-590506,61,30312,0.2%,6.11
https://www.futbolperuano.com/liga-1/noticias/nicolas-diaz-podria-hacer-su-estreno-con-alianza-lima-frente-a-comerciantes-unidos-593500,61,8955,0.68%,3.88
https://www.futbolperuano.com/liga-2/noticias/alianza-universidad-vs-sport-huancayo-en-vivo-online-por-la-fecha-12-de-la-fase-regular-de-la-liga-2-2026-594123,61,8208,0.74%,7.57
https://www.futbolperuano.com/liga-1/noticias/gianluca-lapadula-revelo-sus-sensaciones-tras-debutar-con-universitario-591641,61,5917,1.03%,5.14
https://www.futbolperuano.com/top/torneo-clausura-2026-de-la-liga-1-y-como-apostar-a-los-partidos-590986,61,4020,1.52%,5.9
https://www.futbolperuano.com/copa-peru/noticias/partido-de-copa-peru-2026-se-jugara-en-moderno-e-increible-estadio-591159,61,3663,1.67%,5.17
https://www.futbolperuano.com/liga-1/noticias/se-inauguro-el-nuevo-estadio-donde-se-disputara-la-liga-1-2026-586177,61,3038,2.01%,5.55
https://www.futbolperuano.com/en-vivo/liga-3-ecosem-pasco-vs-deportivo-ucrania-en-vivo-593292,61,1907,3.2%,4.95
https://www.futbolperuano.com/liga-1/noticias/fabian-bustos-regresara-al-monumental-con-millonarios-y-dejo-un-emotivo-mensaje-para-universitario-591585,60,7172,0.84%,3.86
https://www.futbolperuano.com/futbol-femenino/liga-femenina/posibles-alineaciones-de-universitario-vs-alianza-lima-por-la-semifinal-de-vuelta-del-torneo-apertura-de-la-liga-femenina-2026-590633,60,6170,0.97%,3.88
https://www.futbolperuano.com/en-vivo/copa-sudamericana-de-voley-2026-colombia-vs-brasil-en-vivo-593545,60,4604,1.3%,5.69
https://www.futbolperuano.com/liga-1/alianza-lima-vs-sport-huancayo-19-julio-2026-liga-1-peru---torneo-clausura-m3243867,60,3695,1.62%,10.85
https://www.futbolperuano.com/copa-peru/noticias/jugador-entra-a-la-cancha-con-una-aguja-y-genera-susto-en-la-copa-peru-591742,60,1949,3.08%,5.13
https://www.futbolperuano.com/peruanos-en-el-exterior/noticias/ldu-de-quito-le-da-una-terrible-noticia-a-jesus-pretell-592332,60,1215,4.94%,6.51
https://www.futbolperuano.com/peru/clubes/universitario/,59,123805,0.05%,8.09
https://www.futbolperuano.com/partidos-por-tv/copa-mundial-de-futbol-t187,59,16402,0.36%,8.28
https://www.futbolperuano.com/copa-sudamericana/noticias/quien-sera-el-arbitro-de-cienciano-vs-lanus-por-la-copa-sudamericana-593507,59,13559,0.44%,6.87
https://www.futbolperuano.com/liga-de-campeones/omonia-nicosia-vs-fc-kairat-almaty-22-julio-2026-uefa-champions-league-m3260997,59,12995,0.45%,9.75
https://www.futbolperuano.com/en-vivo/copa-sudamericana-de-voley-2026-venezuela-vs-ecuador-en-vivo-593228,59,4577,1.29%,8.57
https://www.futbolperuano.com/liga-voley/kiara-montes-tras-la-eliminacion-de-peru-en-la-copa-sudamericana-2026-593223,59,3566,1.65%,5.96
https://www.futbolperuano.com/copa-sudamericana/bolivar-vs-gremio-23-julio-2026-copa-sudamericana-m3242122,59,2924,2.02%,9.35
https://www.futbolperuano.com/liga-1/noticias/rodrigo-urena-y-su-polemico-gesto-en-el-universitario-vs-millonarios-en-el-monumental-591697,59,2899,2.04%,3.14
https://www.futbolperuano.com/liga-3/noticias/ecosem-pasco-vs-deportivo-ucrania-en-vivo-online-por-la-liga-3-593513,59,1589,3.71%,4.48
https://www.futbolperuano.com/futbol-internacional/europa-conference-league/tabla-de-posiciones,59,1056,5.59%,9.01
https://www.futbolperuano.com/mundial/noticias/mundial-2026-america-tv-transmitira-el-partido-entre-francia-y-marruecos-591221,58,22216,0.26%,6.49
https://www.futbolperuano.com/en-vivo/wimbledon-2026-ignacio-buse-vs-jenson-brooksby-en-vivo-590063,58,17565,0.33%,4.35
https://www.futbolperuano.com/futbol-internacional/republica-checa/tabla-de-posiciones,58,6700,0.87%,8.5
https://www.futbolperuano.com/peruanos-en-el-exterior/noticias/hinchas-gremio-explotan-contra-el-dt-ante-la-suplencia-de-erick-noriega-592550,58,4488,1.29%,6.14
https://www.futbolperuano.com/partidos-por-tv/noticias/programacion-de-partidos-por-tv-del-sabado-01-de-agosto-del-2026-594258,58,3608,1.61%,5.13
https://www.futbolperuano.com/peruanos-en-el-exterior/noticias/piero-quispe-prioriza-el-exterior-su-agente-niega-oferta-de-universitario-y-su-proximo-destino-podria-ser-argentina-590031,58,3202,1.81%,6.68
https://www.futbolperuano.com/copa-peru/noticias/copa-peru-2026-resultados-y-tabla-de-posiciones-de-la-fecha-3-de-la-fase-3-de-la-liga-departamental-de-puno-593954,58,1703,3.41%,4.86
https://www.futbolperuano.com/liga-1/noticias/universitario-juan-manuel-requena-el-elegido-para-reforzar-la-volante-en-el-torneo-clausura-591392,58,1613,3.6%,5.17
https://www.futbolperuano.com/en-vivo/mundial-2026-mexico-vs-inglaterra-en-vivo-590454,57,23157,0.25%,3.4
https://www.futbolperuano.com/partidos-por-tv/noticias/programacion-de-partidos-por-tv-del-sabado-18-de-julio-del-2026-592397,57,13724,0.42%,7.04
https://www.futbolperuano.com/partidos-por-tv/noticias/programacion-de-hoy-domingo-12-de-julio-de-2026-horarios-del-futbol-en-vivo-por-television-en-el-peru-591613,57,10662,0.53%,3.98
https://www.futbolperuano.com/futbol-internacional/bod-glimt-vs-fredrikstad-17-julio-2026-eliteserien-de-noruega-m3230019,57,10239,0.56%,8.62
https://www.futbolperuano.com/liga-2/noticias/academia-cantolao-vs-ada-de-jaen-en-vivo-online-por-la-fecha-10-de-la-liga-2-2026-592510,57,5800,0.98%,8
https://www.futbolperuano.com/partidos-por-tv/noticias/programacion-de-partidos-por-tv-del-sabado-11-de-julio-591558,57,5177,1.1%,5.71
https://www.futbolperuano.com/liga-1/noticias/sport-huancayo-se-refuerza-con-ex-atacante-de-paraguay-para-el-torneo-clausura-590898,57,2476,2.3%,6.46
https://www.futbolperuano.com/en-vivo/copa-peru-2026-regatas-lima-vs-juventud-molino-en-vivo-591476,57,2256,2.53%,5.63
https://www.futbolperuano.com/futbol-femenino/liga-femenina/jefe-deportivo-de-sporting-cristal-lamento-mal-arbitraje-ante-universitario-en-final-de-liga-femenina-591721,57,2218,2.57%,4.49
https://www.futbolperuano.com/liga-1/clausura/goleadores,57,674,8.46%,7.36
https://www.futbolperuano.com/liga-1/noticias/fichajes-de-adt-de-tarma-altas-y-bajas-para-el-torneo-clausura-588339,57,611,9.33%,4.02
https://www.futbolperuano.com/futbol-de-menores/liga-nacional-juvenil-2026-como-se-jugaran-los-partidos-de-la-fecha-1-584817,57,579,9.84%,5.26
https://www.futbolperuano.com/liga-1/noticias/hinchas-de-universitario-abuchearon-a-franco-velazco-tras-coronarse-en-la-liga-femenina-592522,56,94892,0.06%,4.24
https://www.futbolperuano.com/liga-1/noticias/cienciano-comision-disciplinaria-sanciona-drasticamente-a-horacio-melgarejo-592378,56,8442,0.66%,5.86
https://www.futbolperuano.com/copa-peru/noticias/copa-peru-intento-de-soborno-empana-la-etapa-departamental-de-lima-591577,56,3336,1.68%,4.39
https://www.futbolperuano.com/liga-1/noticias/alianza-lima-sufre-una-sensible-baja-a-puertas-del-inicio-del-torneo-clausura-2026-591885,56,2326,2.41%,3.44
https://www.futbolperuano.com/mundial/noticias/francia-vs-inglaterra-hora-del-partido-por-el-tercer-lugar-del-mundial-2026-592499,55,23221,0.24%,4.67
https://www.futbolperuano.com/liga-1/noticias/pedro-gallese-rompe-su-silencio-y-revela-si-volvera-a-alianza-lima-para-disputar-el-torneo-clausura-593425,55,14337,0.38%,2.7
https://www.futbolperuano.com/copa-sudamericana/noticias/hernan-barcos-confia-en-que-sporting-cristal-supere-a-bragantino-en-la-copa-sudamericana-593672,55,7385,0.74%,4.24
https://www.futbolperuano.com/en-vivo/copa-sudamericana-de-voley-2026-brasil-vs-bolivia-en-vivo-592939,55,4882,1.13%,5.23
https://www.futbolperuano.com/liga-2/noticias/binacional-vs-bentin-tacna-heroica-en-vivo-por-la-liga-2-593315,55,4511,1.22%,8.14
https://www.futbolperuano.com/peruanos-en-el-exterior/noticias/erick-noriega-reaparecio-como-titular-en-gremio-en-medio-de-rumores-sobre-su-salida-593548,55,3901,1.41%,6.16
https://www.futbolperuano.com/liga-3/noticias/asa-fc-vs-ecosem-pasco-en-vivo-online-por-la-fecha-5-de-la-fase-regular-de-la-liga-3-2026-590612,55,1823,3.02%,4.63
https://www.futbolperuano.com/en-vivo/liga-femenina-2026-universitario-vs-sporting-cristal-en-vivo-592234,54,8727,0.62%,4.78
https://www.futbolperuano.com/liga-1/noticias/sport-boys-publico-un-contundente-comunicado-tras-la-sancion-que-recibio-en-la-liga-1-2026-592239,54,7418,0.73%,6.29
https://www.futbolperuano.com/liga-2/noticias/liga-2-resultados-y-tabla-de-posiciones-de-la-fecha-10-de-la-fase-de-grupos-592464,54,7399,0.73%,8.02
https://www.futbolperuano.com/en-vivo/copa-sudamericana-de-voley-2026-peru-vs-chile-en-vivo-593007,54,5641,0.96%,5.18
https://www.futbolperuano.com/liga-1/noticias/paolo-guerrero-o-federico-girotti-pablo-guede-ya-tendria-definido-a-su-9-para-el-debut-de-alianza-lima-en-el-clausura-592098,54,4554,1.19%,4.39
https://www.futbolperuano.com/peruanos-en-el-exterior/noticias/sporting-cristal-pierde-a-una-de-sus-mayores-promesas-matias-martinez-jugara-en-el-futbol-portugues-590714,54,4241,1.27%,5.35
https://www.futbolperuano.com/liga-voley/peru-vs-brasil-en-vivo-online-por-la-fecha-2-de-la-copa-sudamericana-de-voley-2026-593050,54,2869,1.88%,4.67
https://www.futbolperuano.com/mundial/noticias/fecha-hora-y-canal-del-francia-vs-espana-por-las-semifinales-del-mundial-2026-591660,53,65785,0.08%,7.02
https://www.futbolperuano.com/mundial/noticias/portugal-vs-croacia-en-vivo-online-por-los-16vos-de-final-del-mundial-2026-590187,53,27754,0.19%,7.71
https://www.futbolperuano.com/mundial/noticias/argentina-vs-suiza-en-vivo-por-el-mundial-2026-591338,53,22425,0.24%,6
https://www.futbolperuano.com/mundial/noticias/francia-vs-marruecos-en-vivo-por-el-mundial-2026-591107,53,21397,0.25%,4.62
https://www.futbolperuano.com/liga-1/noticias/sporting-cristal-declaraciones-de-roberto-mosquera-tras-la-derrota-ante-fbc-melgar-593505,53,18836,0.28%,5
https://www.futbolperuano.com/liga-2/noticias/liga-2-comerciantes-fc-no-se-conforma-y-suma-otro-fichaje-procedente-de-la-liga-1-594137,53,2145,2.47%,7.21
https://www.futbolperuano.com/copa-peru/noticias/bella-esperanza-vs-walter-ormeno-en-vivo-online-por-la-copa-peru-2026-593517,53,2138,2.48%,5.59
https://www.futbolperuano.com/liga-3/noticias/ecosem-pasco-vs-adt-tahuishco-en-vivo-online-por-la-fecha-6-de-la-fase-regional-de-la-liga-3-2026-591612,53,2040,2.6%,4.76
https://www.futbolperuano.com/liga-1/noticias/tras-polemica-con-universitario-rodrigo-urena-compartio-momento-con-jean-ferrari-591730,53,1965,2.7%,2.8
https://www.futbolperuano.com/copa-peru/noticias/resultados-fecha-1-de-la-liga-departamental-de-cusco-por-copa-peru-2026-589998,53,1169,4.53%,4.98
https://www.futbolperuano.com/liga-1/noticias/melgar-fue-campeon-en-argentina-y-ahora-se-suma-al-plantel-para-disputar-el-torneo-clausura-590314,53,1139,4.65%,4.66
https://www.futbolperuano.com/copa-peru/noticias/los-clasificados-de-la-liga-provincial-de-piura-a-la-etapa-departamental-copa-peru-2026-588087,53,812,6.53%,4.4
https://www.futbolperuano.com/liga-1/noticias/fichajes-de-comerciantes-unidos-altas-y-bajas-para-el-torneo-clausura-2026-de-la-liga-1-2026-588545,53,412,12.86%,3.55
https://www.futbolperuano.com/en-vivo/copa-sudamericana-2026-bolivar-vs-gremio-en-vivo-592998,52,22393,0.23%,8.89
https://www.futbolperuano.com/mundial/noticias/mundial-2026-arbitros-argentinos-se-haran-cargo-del-francia-vs-marruecos-591093,52,12317,0.42%,4.09
https://www.futbolperuano.com/liga-1/noticias/aldo-corzo-hizo-un-mea-culpa-por-el-irregular-2026-de-universitario-y-sorprendio-con-una-fuerte-autocritica-592252,52,2879,1.81%,2.96
https://www.futbolperuano.com/mundial/noticias/mundial-que-partido-de-la-copa-del-mundo-dirigira-kevin-ortega-587211,52,1805,2.88%,4.85
https://www.futbolperuano.com/peru/mas-del-futbol-peruano/academias-de-futbol-en-san-juan-de-lurigancho-498154,52,1407,3.7%,6.56
https://www.futbolperuano.com/liga-3/noticias/liga-3-2026-cultural-volante-atraviesa-una-fuerte-crisis-institucional-y-su-presidente-anuncio-la-renuncia-591041,52,1354,3.84%,5.02
https://www.futbolperuano.com/copa-peru/noticias/copa-peru-quedaron-definidas-las-semifinales-de-la-liga-departamental-de-ayacucho-593674,52,1205,4.32%,4.41
https://www.futbolperuano.com/copa-peru/noticias/resultado-y-tablas-de-la-fecha-1-de-la-fase-2-de-la-etapa-departamental-de-puno-de-copa-peru-2026-591756,52,1162,4.48%,4.79
https://www.futbolperuano.com/copa-peru/noticias/copa-peru-resultados-y-tabla-de-posiciones-en-la-fecha-2-de-la-liga-departamental-de-junin-589865,52,770,6.75%,4.93
https://www.futbolperuano.com/copa-peru/noticias/resultados-y-tablas-de-la-fecha-5-de-etapa-departamental-de-puno-de-copa-peru-2026-589892,52,715,7.27%,4.94
https://www.futbolperuano.com/liga-2/noticias/san-martin-vs-carlos-mannucci-en-vivo-online-por-fecha-11-de-fase-de-grupos-de-liga-2-2026-593357,51,5122,1%,7.74
https://www.futbolperuano.com/seleccion/noticias/se-oficializo-donde-sera-local-peru-en-las-eliminatorias-mundialistas-2030-592768,51,2684,1.9%,4.64
https://www.futbolperuano.com/copa-sudamericana/noticias/resultados-de-la-ida-de-los-playoffs-de-la-copa-sudamericana-2026-593021,50,89635,0.06%,3.74
https://www.futbolperuano.com/futbol-internacional/ecuador/tabla-de-posiciones,50,27274,0.18%,9.22
https://www.futbolperuano.com/liga-de-campeones/dinamo-zagreb-vs-fc-thun-28-julio-2026-uefa-champions-league-m3260993,50,15606,0.32%,11.14
https://www.futbolperuano.com/liga-1/noticias/universitario-de-deportes-vs-cusco-fc-en-vivo-online-por-la-fecha-2-del-torneo-clausura-de-la-liga-1-2026-593156,50,13236,0.38%,7.41
https://www.futbolperuano.com/liga-1/noticias/atletico-grau-vs-utc-en-vivo-por-el-torneo-clausura-592364,50,12967,0.39%,8.65
https://www.futbolperuano.com/partidos-por-tv/noticias/programacion-de-partidos-por-tv-del-jueves-23-de-julio-del-2026-592973,50,6872,0.73%,3.56
https://www.futbolperuano.com/futbol-internacional/djurgardens-if-vs-halmstads-bk-13-julio-2026-allsvenskan-de-suecia-m3225271,50,5295,0.94%,9.04
https://www.futbolperuano.com/copa-peru/noticias/sport-ancash-clasifico-liga-departamental-ancash-pese-a-derrota-en-copa-peru-2026-589980,50,1587,3.15%,4.84
https://www.futbolperuano.com/en-vivo/copa-peru-2026-nicolas-de-pierola-vs-regatas-lima-en-vivo-593329,50,1388,3.6%,5.64
https://www.futbolperuano.com/peru/mas-del-futbol-peruano/los-10-clubes-peruanos-mas-antiguos-que-aun-siguen-en-competencia-505793,50,1321,3.79%,4.38
https://www.futbolperuano.com/copa-peru/noticias/copa-peru-los-16-clasificados-tras-el-cierre-de-la-fase-de-grupos-en-la-liga-departamental-de-lambayeque-591713,50,990,5.05%,4.24
https://www.futbolperuano.com/copa-peru/noticias/resultados-de-la-vuelta-de-la-fase-2-de-la-liga-departamental-de-cajamarca-de-copa-peru-2026-593580,50,909,5.5%,4.54
https://www.futbolperuano.com/futbol-internacional/brasil/tabla-de-posiciones,49,39320,0.12%,9.55
https://www.futbolperuano.com/futbol-internacional/belgica/tabla-de-posiciones,49,30483,0.16%,8.59
https://www.futbolperuano.com/mundial/noticias/noruega-vs-inglaterra-canales-de-los-cuartos-de-final-del-mundial-2026-591416,49,18149,0.27%,7.13
https://www.futbolperuano.com/partidos-por-tv/movistar-peru-c9,49,3599,1.36%,7.95
https://www.futbolperuano.com/peruanos-en-el-exterior/noticias/defensor-sporting-definio-el-futuro-del-defensor-marco-saravia-591745,49,3363,1.46%,9.79
https://www.futbolperuano.com/partidos-por-tv/latina-c20,49,2870,1.71%,7.4
https://www.futbolperuano.com/copa-peru/noticias/resultados-ida-octavos-final-liga-departamental-lambayeque-en-copa-peru-2026-592639,49,1181,4.15%,4.5
https://www.futbolperuano.com/copa-sudamericana/noticias/gremio-vs-bolivar-en-vivo-online-por-los-playoffs-de-la-copa-sudamericana-2026-593960,48,56508,0.08%,6.41
https://www.futbolperuano.com/mas-deportes/noticias/peru-vs-noruega-duelos-confirmados-por-el-grupo-mundial-i-de-la-copa-davis-389103,48,13607,0.35%,9.04
https://www.futbolperuano.com/en-vivo/mundial-2026-francia-vs-marruecos-en-vivo-591274,48,9225,0.52%,5.19
https://www.futbolperuano.com/eliminatorias/asia/tabla-de-posiciones,48,5688,0.84%,8.56
https://www.futbolperuano.com/partidos-por-tv/noticias/programacion-de-partidos-por-tv-del-miercoles-8-de-julio-591042,48,4249,1.13%,5.67
https://www.futbolperuano.com/seleccion/noticias/pedro-gallese-apunto-a-otra-eliminatoria-sudamericana-con-la-seleccion-peruana-591723,48,3996,1.2%,6.04
https://www.futbolperuano.com/liga-3/noticias/liga-3-2026-tablas-y-resultados-de-la-fecha-9-de-la-fase-regional-de-la-tercera-division-594105,48,1798,2.67%,4.82
https://www.futbolperuano.com/peru/clubes/juventud-huracan-supe/,48,1456,3.3%,5.67
https://www.futbolperuano.com/copa-peru/noticias/deportivo-municipal-y-su-posibilidad-de-ascender-en-este-2026-594006,48,1303,3.68%,5.34
https://www.futbolperuano.com/copa-peru/noticias/copa-peru-se-confirmaron-los-clasificados-de-trujillo-a-la-etapa-departamental-586038,48,539,8.91%,3.87
https://www.futbolperuano.com/liga-voley/copa-federacion/tabla-de-posiciones,48,260,18.46%,5.62
https://www.futbolperuano.com/peruanos-en-el-exterior/noticias/orlando-city-antoine-griezmann-sorprendio-con-elogios-a-wilder-cartagena-591461,47,11006,0.43%,4.79
https://www.futbolperuano.com/futbol-internacional/suecia/tabla-de-posiciones,47,8761,0.54%,9.01
https://www.futbolperuano.com/en-vivo/copa-sudamericana-de-voley-2026-argentina-vs-venezuela-en-vivo-593017,47,4490,1.05%,5.25
https://www.futbolperuano.com/seleccion/noticias/la-seleccion-peruana-se-alista-para-enfrentar-a-cuatro-paises-que-vienen-de-disputar-el-mundial-2026-592421,47,4415,1.06%,6.79
https://www.futbolperuano.com/partidos-por-tv/noticias/programacion-de-partidos-por-tv-del-viernes-24-de-julio-593168,47,3379,1.39%,5.28
https://www.futbolperuano.com/liga-2/tabla-acumulada/tabla-de-posiciones,47,2741,1.71%,9.72
https://www.futbolperuano.com/copa-peru/noticias/walter-ormeno-emite-un-contundente-comunicado-en-la-previa-del-partido-ante-sport-humaya-591659,47,1804,2.61%,4.71
https://www.futbolperuano.com/liga-voley/copa-panamericana-sub-17-femenino/resultados,47,1324,3.55%,7.53
https://www.futbolperuano.com/futbol-femenino/liga-femenina/goleadores,47,155,30.32%,4.94
https://www.futbolperuano.com/mundial/noticias/fifa-tomo-una-decision-con-folarin-balogun-que-desato-la-protesta-de-belgica-en-pleno-mundial-2026-590724,46,25494,0.18%,8.21
https://www.futbolperuano.com/liga-de-campeones/fc-thun-vs-dinamo-zagreb-21-julio-2026-uefa-champions-league-m3260988,46,24753,0.19%,10.7
https://www.futbolperuano.com/mundial/noticias/noruega-vs-inglaterra-a-que-hora-se-juega-el-partido-de-cuartos-del-mundial-2026-591578,46,16818,0.27%,6.47
https://www.futbolperuano.com/mundial/noticias/francia-vs-marruecos-canales-del-partido-de-cuartos-de-final-del-mundial-2026-591193,46,11818,0.39%,4.84
https://www.futbolperuano.com/copa-sudamericana/noticias/cienciano-cuando-jugara-por-los-playoffs-de-la-copa-sudamericana-2026-592644,46,11580,0.4%,8.57
https://www.futbolperuano.com/futbol-internacional/molde-vs-brann-18-julio-2026-eliteserien-de-noruega-m3230012,46,8866,0.52%,8.65
https://www.futbolperuano.com/liga-1/noticias/sobrino-de-oscar-ruggeri-dirigira-a-cienciano-en-el-torneo-clausura-592943,46,6778,0.68%,5.76
https://www.futbolperuano.com/peruanos-en-el-exterior/noticias/el-futuro-de-erick-noriega-dio-un-giro-inesperado-y-gremio-ya-estaria-dispuesto-a-escuchar-ofertas-por-el-peruano-591351,46,5113,0.9%,6.29
https://www.futbolperuano.com/mundial/noticias/ricardo-gareca-cuestiona-a-yoshimar-yotun-tras-poner-como-favorito-a-inglaterra-591927,46,2728,1.69%,4.57
https://www.futbolperuano.com/copa-peru/noticias/sport-humaya-cambia-de-entrenador-para-enfrentar-a-deportivo-municipal-591904,46,2424,1.9%,4.19
https://www.futbolperuano.com/futbol-femenino/liga-femenina/resultados,46,1754,2.62%,5.91
https://www.futbolperuano.com/peru/clubes/asa-fc-chancay/,46,1241,3.71%,5.37
https://www.futbolperuano.com/liga-1/noticias/sporting-cristal-presento-a-su-nuevo-refuerzo-para-el-torneo-clausura-590944,46,1223,3.76%,4.87
https://www.futbolperuano.com/peru/clubes/nacional-fbc-mollendo/,46,1030,4.47%,5.55
https://www.futbolperuano.com/liga-3/noticias/la-liga-3-sorprende-con-el-numero-de-ascensos-que-dara-este-2026-581541,46,986,4.67%,4.91
https://www.futbolperuano.com/peru/mas-del-futbol-peruano/academias-de-futbol-en-el-distrito-de-los-olivos-499303,46,953,4.83%,6.05
https://www.futbolperuano.com/futbol-de-menores/mundial-montaigu/resultados,46,856,5.37%,4.32
https://www.futbolperuano.com/futbol-internacional/bod-glimt-vs-hamkam-22-julio-2026-eliteserien-de-noruega-m3229934,45,14777,0.3%,9.32
https://www.futbolperuano.com/peru/clubes/adt/,45,13299,0.34%,8.27
https://www.futbolperuano.com/mundial/noticias/brasil-enfrenta-a-noruega-el-unico-rival-al-que-nunca-pudo-vencer-en-la-historia-de-los-mundiales-590354,45,7985,0.56%,6.71
https://www.futbolperuano.com/liga-1/noticias/utc-de-cajamarca-recibe-dos-duras-sanciones-para-lo-que-resta-de-la-liga-1-2026-593312,45,2513,1.79%,7.91
https://www.futbolperuano.com/liga-1/noticias/fc-cajamarca-continua-desarmandose-para-el-torneo-clausura-2026-590433,45,1165,3.86%,5.54
https://www.futbolperuano.com/copa-peru/noticias/copa-peru-asi-quedaron-definidos-los-octavos-de-final-de-la-liga-departamental-de-ayacucho-589862,45,898,5.01%,4.89
https://www.futbolperuano.com/copa-de-la-liga/noticias/melgar-presento-reclamo-contra-deportivo-moquegua-en-la-copa-de-la-liga-2026-590122,45,648,6.94%,2.91
https://www.futbolperuano.com/copa-peru/noticias/resultados-fase-4-del-interligas-de-lima-en-la-copa-peru-2026-587356,45,553,8.14%,5.08
https://www.futbolperuano.com/liga-1/noticias/piero-quispe-la-oferta-de-europa-que-habria-rechazado-para-volver-a-universitario-593657,45,521,8.64%,4.05
https://www.futbolperuano.com/copa-sudamericana/noticias/erick-noriega-canales-del-bolivar-vs-gremio-por-playoffs-de-copa-sudamericana-2026-593029,44,15878,0.28%,7.09
https://www.futbolperuano.com/liga-1/juan-pablo-ii-vs-cienciano-25-julio-2026-liga-1-peru---torneo-clausura-m3243878,44,9318,0.47%,10.24
https://www.futbolperuano.com/liga-1/noticias/hector-cuper-no-se-amilana-y-apunta-al-titulo-del-torneo-clausura-592323,44,4364,1.01%,5.04
https://www.futbolperuano.com/seleccion/noticias/seleccion-peruana-su-nueva-posicion-en-el-ranking-fifa-tras-el-mundial-2026-592679,44,4177,1.05%,5.77
https://www.futbolperuano.com/liga-1/noticias/sport-huancayo-se-refuerza-con-un-delantero-ecuatoriano-para-encarar-el-torneo-clausura-591840,44,2236,1.97%,5.99
https://www.futbolperuano.com/liga-voley/programacion-oficial-del-mundial-de-voleibol-femenino-sub-17-592048,44,2163,2.03%,7.63
https://www.futbolperuano.com/en-vivo/copa-peru-2026-juventud-molino-vs-regatas-lima-en-vivo-590468,44,1231,3.57%,6.24
https://www.futbolperuano.com/copa-peru/noticias/copa-peru-los-ocho-clasificados-a-la-siguiente-ronda-en-la-liga-departamental-de-junin-593678,44,656,6.71%,4.85
https://www.futbolperuano.com/liga-1/noticias/trujillo-vuelve-a-tener-futbol-en-la-liga-1-del-2025-502953,44,273,16.12%,5.55
https://www.futbolperuano.com/liga-1/noticias/alianza-lima-vs-alianza-atletico-en-vivo-por-el-torneo-clausura-594292,43,11787,0.36%,4.79
https://www.futbolperuano.com/copa-sudamericana/flamante-refuerzo-de-sporting-cristal-se-perdera-el-partido-ante-bragantino-592786,43,2483,1.73%,3.33
https://www.futbolperuano.com/peru/mas-del-futbol-peruano/academias-de-futbol-en-el-distrito-de-comas-499766,43,1452,2.96%,6.09
https://www.futbolperuano.com/liga-1/noticias/la-conar-sancionara-a-cuatro-arbitros-593734,43,1234,3.48%,6.11
https://www.futbolperuano.com/peru/clubes/fbc-melgar/,42,25495,0.16%,8.66
https://www.futbolperuano.com/futbol-internacional/brasil/athletic-club-mg-vs-operario-pr-7-julio-2026-campeonato-brasileno-de-serie-b-m3232703,42,16806,0.25%,11.95
https://www.futbolperuano.com/en-vivo/mundial-2026-brasil-vs-noruega-en-vivo-590452,42,9662,0.43%,4.15
https://www.futbolperuano.com/liga-de-campeones/kups-vs-vardar-14-julio-2026-uefa-champions-league-m3258241,42,8127,0.52%,9.98
https://www.futbolperuano.com/liga-1/noticias/cienciano-vs-melgar-cuando-debutan-en-torneo-clausura-de-liga-1-2026-591946,42,8047,0.52%,7.04
https://www.futbolperuano.com/liga-2/noticias/union-minas-estrenara-estadio-en-la-fecha-11-de-la-liga-2-592816,42,4319,0.97%,9.02
https://www.futbolperuano.com/liga-1/noticias/fc-cajamarca-suma-un-nuevo-refuerzo-para-encarar-el-torneo-clausura-591575,42,3439,1.22%,9.12
https://www.futbolperuano.com/liga-1/noticias/jose-rivera-dejo-un-contundente-mensaje-tras-su-doblete-y-hablo-de-su-dificil-momento-en-universitario-591691,42,1903,2.21%,4.75
https://www.futbolperuano.com/copa-peru/noticias/copa-peru-resultados-de-la-fecha-1-en-la-fase-2-de-la-liga-departamental-de-junin-591717,42,1047,4.01%,4.87
https://www.futbolperuano.com/copa-peru/noticias/copa-peru-2026-quedaron-definidos-los-ocho-clasificados-a-la-siguiente-fase-de-la-liga-departamental-de-apurimac-589858,42,654,6.42%,4.6
https://www.futbolperuano.com/mundial/noticias/paraguay-vs-francia-en-vivo-online-por-octavos-de-final-del-mundial-2026-590570,41,33533,0.12%,6.98
https://www.futbolperuano.com/mundial/noticias/estados-unidos-vs-belgica-en-vivo-por-el-mundial-2026-590664,41,22938,0.18%,8.36
https://www.futbolperuano.com/mundial/noticias/colombia-vs-ghana-en-vivo-online-por-los-16avos-de-final-del-mundial-2026-590184,41,20688,0.2%,7.37
https://www.futbolperuano.com/partidos-por-tv/noticias/programacion-de-partidos-por-tv-del-sabado-25-de-julio-593384,41,17773,0.23%,8.22
https://www.futbolperuano.com/en-vivo/copa-sudamericana-2026-dim-vs-vasco-da-gama-en-vivo-592980,41,11250,0.36%,6.75
https://www.futbolperuano.com/mundial/noticias/espana-vs-argentina-en-vivo-por-la-final-del-mundial-2026-592463,41,9134,0.45%,5.75
https://www.futbolperuano.com/copa-de-la-liga/noticias/hernan-barcos-respondio-con-dureza-a-horacio-melgarejo-tras-sus-criticas-a-la-copa-de-la-liga-hay-que-respetar-591668,41,3163,1.3%,3.81
https://www.futbolperuano.com/liga-1/comerciantes-unidos-vs-alianza-lima-26-julio-2026-liga-1-peru---torneo-clausura-m3243875,41,2073,1.98%,8.32
https://www.futbolperuano.com/en-vivo/copa-peru-2026-walter-ormeno-vs-sport-humaya-en-vivo-590463,41,1882,2.18%,4.26
https://www.futbolperuano.com/futbol-internacional/sjk-vs-tps-4-julio-2026-veikkausliiga-de-finlandia-m3233436,41,1392,2.95%,6.21
https://www.futbolperuano.com/copa-peru/noticias/como-marcha-la-liga-departamental-de-apurimac-en-la-copa-peru-2026-591134,41,1341,3.06%,6.2
https://www.futbolperuano.com/mundial/noticias/suiza-vs-argelia-en-vivo-online-por-los-16vos-de-final-del-mundial-2026-590203,40,24757,0.16%,7.77
https://www.futbolperuano.com/copa-sudamericana/noticias/cienciano-cuando-vuelve-a-jugar-por-el-repechaje-a-los-8vos-de-final-de-la-copa-sudamericana-593042,40,10672,0.37%,7.64
https://www.futbolperuano.com/liga-1/noticias/campeon-de-america-con-peru-elogia-a-gianluca-lapadula-y-lanza-dura-critica-a-la-liga-1-590823,40,3538,1.13%,4.39
https://www.futbolperuano.com/liga-1/noticias/anderson-villacorta-es-nuevo-jugador-de-sporting-cristal-592430,40,2190,1.83%,6.58
https://www.futbolperuano.com/peruanos-en-el-exterior/noticias/maxloren-castro-a-un-paso-del-futbol-belga-590695,40,1966,2.03%,3.47
https://www.futbolperuano.com/copa-peru/noticias/sport-ancash-avanza-en-liga-departamental-de-ancash-en-copa-peru-2026-592659,40,1517,2.64%,6.13
https://www.futbolperuano.com/liga-1/noticias/alianza-atletico-contrata-un-nuevo-arquero-para-el-torneo-clausura-590262,40,1502,2.66%,6.36
https://www.futbolperuano.com/copa-peru/noticias/copa-peru-regatas-lima-conquisto-el-interligas-2026-y-liderara-la-representacion-de-la-capital-en-la-liga-departamental-589815,40,1377,2.9%,5.36
https://www.futbolperuano.com/peru/mas-del-futbol-peruano/academias-de-futbol-en-el-distrito-de-jesus-maria-498963,40,803,4.98%,8.33
https://www.futbolperuano.com/en-vivo/torneo-clausura-2026-deportivo-moquegua-vs-comerciantes-unidos-592319,39,39807,0.1%,8.95
https://www.futbolperuano.com/en-vivo/torneo-clausura-2026-deportivo-garcilaso-vs-fc-cajamarca-en-vivo-593267,39,34830,0.11%,7.21
https://www.futbolperuano.com/en-vivo/copa-sudamericana-2026-santa-fe-vs-caracas-en-vivo-593005,39,23605,0.17%,6.25
https://www.futbolperuano.com/en-vivo/mundial-2026-colombia-vs-suiza-en-vivo-590975,39,16699,0.23%,3.51
https://www.futbolperuano.com/mundial/noticias/mundial-2026-cuanto-durara-el-show-de-medio-tiempo-en-la-final-592032,39,15752,0.25%,4.61
https://www.futbolperuano.com/futbol-internacional/brasil/goias-vs-ceara-4-julio-2026-campeonato-brasileno-de-serie-b-m3232706,39,13331,0.29%,10.99
https://www.futbolperuano.com/liga-1/noticias/adt-de-tarma-suma-dos-refuerzos-para-encarar-el-torneo-clausura-589866,39,12349,0.32%,9.14
https://www.futbolperuano.com/futbol-internacional/brann-vs-start-12-julio-2026-eliteserien-de-noruega-m3230018,39,10187,0.38%,8.62
https://www.futbolperuano.com/partidos-por-tv/noticias/programacion-de-partidos-por-tv-del-miercoles-15-de-julio-del-2026-591913,39,6463,0.6%,4.13
https://www.futbolperuano.com/partidos-por-tv/uefa-champions-league-t8,39,3920,0.99%,7.97
https://www.futbolperuano.com/liga-voley/convocadas-a-la-seleccion-peruana-de-voley-para-la-copa-latina-2026-589432,39,1492,2.61%,6.98
https://www.futbolperuano.com/liga-3/noticias/la-liga-3-y-la-copa-peru-podrian-tener-transmisiones-gratuitas-mediante-un-nuevo-canal-oficial-583384,39,826,4.72%,5.11
https://www.futbolperuano.com/peru/mas-del-futbol-peruano/academias-de-futbol-en-la-molina-499126,39,750,5.2%,6.4
https://www.futbolperuano.com/en-vivo/copa-sudamericana-2026-gremio-vs-bolivar-en-vivo-594065,38,11110,0.34%,8.41
https://www.futbolperuano.com/liga-1/noticias/adt-de-tarma-tiene-en-la-mira-a-un-central-uruguayo-para-el-torneo-clausura-593179,38,7795,0.49%,8.93
https://www.futbolperuano.com/en-vivo/liga-2-ada-de-jaen-vs-pirata-en-vivo-593288,38,7060,0.54%,9.42
https://www.futbolperuano.com/liga-1/noticias/sport-boys-suma-otra-baja-aparte-de-christian-cueva-para-el-torneo-clausura-592046,38,5595,0.68%,3.89
https://www.futbolperuano.com/partidos-por-tv/eliminatorias-europa-al-mundial-t103,38,4839,0.79%,4.49
https://www.futbolperuano.com/liga-1/noticias/fecha-hora-y-canal-de-universitario-vs-adt-de-tarma-por-el-torneo-clausura-591871,38,4451,0.85%,6.48
https://www.futbolperuano.com/copa-peru/noticias/domingo-dianderas-publico-un-contundente-comunicado-tras-un-grave-incidente-en-la-copa-peru-2026-592068,38,2992,1.27%,3.91
https://www.futbolperuano.com/partidos-por-tv/noticias/programacion-de-partidos-por-tv-del-martes-07-de-julio-del-2026-590818,38,2835,1.34%,5.91
https://www.futbolperuano.com/liga-1/noticias/hector-cuper-revelo-que-viene-evaluando-en-universitario-antes-del-inicio-del-torneo-clausura-de-la-liga-1-2026-591035,38,2382,1.6%,3.51
https://www.futbolperuano.com/peruanos-en-el-exterior/noticias/la-joya-de-universitario-da-el-salto-a-europa-sebastian-osorio-jugara-en-el-sporting-de-lisboa-591845,38,2324,1.64%,9.31
https://www.futbolperuano.com/partidos-por-tv/noticias/programacion-de-hoy-martes-28-de-julio-de-2026-horarios-del-futbol-en-vivo-por-television-en-el-peru-593647,38,2172,1.75%,5.49
https://www.futbolperuano.com/partidos-por-tv/mls-de-estados-unidos-t27,38,2124,1.79%,8.54
https://www.futbolperuano.com/futbol-de-menores/copa-federacion/resultados-copa-federacion-2026-partidos-del-4-y-5-de-julio-590822,38,1509,2.52%,5.39
https://www.futbolperuano.com/liga-voley/alianza-lima-disputara-un-cuadrangular-amistoso-en-brasil-590703,38,1055,3.6%,4.22
https://www.futbolperuano.com/liga-1/deportivo-garcilaso-vs-fc-cajamarca-26-julio-2026-liga-1-peru---torneo-clausura-m3243873,37,17753,0.21%,8.45
https://www.futbolperuano.com/copa-sudamericana/noticias/quien-sera-el-arbitro-de-sporting-cristal-vs-bragantino-por-la-copa-sudamericana-593510,37,14952,0.25%,7.14
https://www.futbolperuano.com/liga-1/fc-cajamarca-vs-juan-pablo-ii-17-julio-2026-liga-1-peru---torneo-clausura-m3243871,37,13065,0.28%,10.3
https://www.futbolperuano.com/liga-1/noticias/cusco-fc-vs-utc-en-vivo-por-el-torneo-clausura-2026-594278,37,12482,0.3%,7.95
https://www.futbolperuano.com/copa-de-la-liga/noticias/copa-de-la-liga-quien-sera-el-arbitro-de-cienciano-vs-adt-de-tarma-591258,37,4694,0.79%,7.77
https://www.futbolperuano.com/liga-voley/,37,3769,0.98%,8.71
https://www.futbolperuano.com/liga-3/noticias/juan-aurich-oficializa-dos-nuevos-refuerzos-para-la-liga-3-592059,37,2966,1.25%,3.89
https://www.futbolperuano.com/copa-peru/noticias/resultados-fecha-3-liga-departamental-la-libertad-en-copa-peru-2026-591729,37,1622,2.28%,5.99
https://www.futbolperuano.com/en-vivo/copa-peru-2026-sport-humaya-vs-walter-ormeno-en-vivo-591469,37,1072,3.45%,5.45
https://www.futbolperuano.com/liga-1/noticias/universitario-la-astronomia-cifra-que-recibio-tras-el-fichaje-de-jose-carabali-por-ldu-de-quito-590292,37,1031,3.59%,4.42
https://www.futbolperuano.com/copa-peru/noticias/resultados-fecha-3-liga-departamental-cusco-por-la-copa-peru-2026-591749,37,937,3.95%,4.34
https://www.futbolperuano.com/peru/mas-del-futbol-peruano/academias-de-futbol-en-san-martin-de-porres-498324,37,854,4.33%,6.67
https://www.futbolperuano.com/copa-peru/noticias/resultados-y-tablas-de-posiciones-de-etapa-departamental-de-puno-de-copa-peru-2026-588111,37,502,7.37%,5.33
https://www.futbolperuano.com/liga-3/noticias/fixture-de-ecosem-pasco-para-la-temporada-2026-de-la-liga-3-584850,37,393,9.41%,4.23
https://www.futbolperuano.com/copa-peru/noticias/huancavelica-ya-tiene-a-sus-representantes-etapa-provincial-copa-peru-2026-580405,37,309,11.97%,3.86
https://www.futbolperuano.com/futbol-internacional/brasil/sport-recife-vs-botafogo-sp-10-julio-2026-campeonato-brasileno-de-serie-b-m3232718,36,20941,0.17%,11.39
https://www.futbolperuano.com/futbol-internacional/brasil/ceara-vs-athletic-club-mg-13-julio-2026-campeonato-brasileno-de-serie-b-m3232714,36,19891,0.18%,10.43
https://www.futbolperuano.com/liga-de-campeones/fenerbahe-vs-gornik-zabrze-21-julio-2026-uefa-champions-league-m3260983,36,13620,0.26%,11.19
https://www.futbolperuano.com/en-vivo/mundial-2026-espana-vs-argentina-en-vivo-592385,36,13088,0.28%,3.54
https://www.futbolperuano.com/en-vivo/liga-nacional-juvenil-sub-16-sporting-cristal-vs-universitario-en-vivo-592645,36,11209,0.32%,4.24
https://www.futbolperuano.com/mundial/noticias/cristiano-ronaldo-destapa-la-crisis-mental-de-portugal-en-pleno-mundial-nos-estresamos-590405,36,6643,0.54%,4.77
https://www.futbolperuano.com/liga-1/noticias/liga-1-fixture-de-universitario-de-deportes-en-el-torneo-apertura-2026-558224,36,5461,0.66%,8.17
https://www.futbolperuano.com/partidos-por-tv/noticias/programacion-de-partidos-por-tv-del-viernes-3-de-julio-590419,36,4149,0.87%,5.81
https://www.futbolperuano.com/copa-de-la-liga/noticias/horacio-melgarejo-se-retracto-tras-sus-criticas-a-la-copa-de-la-liga-y-pidio-disculpas-publicamente-591797,36,2966,1.21%,4.3
https://www.futbolperuano.com/liga-1/cienciano-vs-fbc-melgar-17-julio-2026-liga-1-peru---torneo-clausura-m3243868,36,2963,1.21%,8.94
https://www.futbolperuano.com/partidos-por-tv/pluto-tv-c46,36,2824,1.27%,7.13
https://www.futbolperuano.com/liga-1/noticias/joao-grimaldo-tras-ser-consultado-por-sporting-cristal-yo-soy-hincha-del-equipo-que-juegue-590849,36,1793,2.01%,3.33
https://www.futbolperuano.com/futbol-femenino/,36,1621,2.22%,9.21
https://www.futbolperuano.com/peru/clubes/union-huaral/,36,1559,2.31%,6.74
https://www.futbolperuano.com/liga-3/noticias/estos-son-los-37-equipos-que-disputaran-la-liga-3-2026-553500,36,1522,2.37%,6.2
https://www.futbolperuano.com/mundial/noticias/mundial-2026-el-escalofriante-recuerdo-de-argentina-con-el-arbitro-que-dirigira-la-final-ante-espana-592440,36,1393,2.58%,3.52
https://www.futbolperuano.com/futbol-de-menores/copa-federacion/resultados-copa-federacion-2026-partidos-del-11-y-12-de-julio-591772,36,1177,3.06%,5.12
https://www.futbolperuano.com/futbol-de-menores/copa-federacion/plata/resultados,36,1033,3.48%,5.24
https://www.futbolperuano.com/peru/clubes/uda-huancavelica/,36,845,4.26%,4.81
https://www.futbolperuano.com/en-vivo/mundial-2026-belgica-vs-senegal-en-vivo-590127,35,15083,0.23%,6.28
https://www.futbolperuano.com/liga-1/noticias/matias-di-benedetto-se-rinde-ante-gianluca-lapadula-tras-darle-el-triunfo-a-universitario-593524,35,12842,0.27%,3.75
https://www.futbolperuano.com/partidos-por-tv/noticias/programacion-de-partidos-por-tv-del-viernes-10-de-julio-591373,35,4100,0.85%,6.17
https://www.futbolperuano.com/futbol-internacional/holanda/tabla-de-posiciones,35,3497,1%,11.29
https://www.futbolperuano.com/liga-voley/peru-vs-chile-en-vivo-por-el-grupo-a-de-la-copa-sudamericana-de-voley-2026-592874,35,2840,1.23%,7.05
https://www.futbolperuano.com/peru/clubes/cultural-volante-bambamarca/,35,1163,3.01%,5.16
https://www.futbolperuano.com/liga-2/noticias/liga-2-2026-se-realizo-el-sorteo-del-fixture-del-torneo-de-ascenso-que-reunira-a-18-equipos-en-busca-de-llegar-a-la-liga-1-573240,35,1126,3.11%,6.87
https://www.futbolperuano.com/futbol-de-menores/copa-federacion/copa-federacion-2026-programacion-de-partidos-del-13-al-15-de-junio-587471,35,842,4.16%,6.22
https://www.futbolperuano.com/liga-2/noticias/universidad-cesar-vallejo-se-refuerza-con-ex-defensa-de-sporting-cristal-590456,35,534,6.55%,5.06
https://www.futbolperuano.com/peru/mas-del-futbol-peruano/academias-de-futbol-en-el-distrito-de-surquillo-499580,35,427,8.2%,7.14
https://www.futbolperuano.com/peru/mas-del-futbol-peruano/academias-de-futbol-en-el-distrito-de-miraflores-499612,35,421,8.31%,7.62
https://www.futbolperuano.com/mundial/noticias/a-que-hora-juega-francia-vs-espana-por-las-semifinales-del-mundial-2026-591823,34,35475,0.1%,7.08
https://www.futbolperuano.com/mundial/noticias/fecha-hora-y-canal-del-inglaterra-vs-francia-por-el-tercer-lugar-del-mundial-2026-592265,34,14578,0.23%,7.18
https://www.futbolperuano.com/mundial/noticias/inglaterra-vs-rd-congo-en-vivo-por-el-mundial-2026-590051,34,8026,0.42%,9.71
https://www.futbolperuano.com/futbol-internacional/austria/tabla-de-posiciones,34,6063,0.56%,7.98
https://www.futbolperuano.com/partidos-por-tv/laliga-de-espana-t16,34,5446,0.62%,9.03
https://www.futbolperuano.com/peruanos-en-el-exterior/noticias/diego-kochen-es-anunciado-como-nuevo-refuerzo-del-lyngby-de-dinamarca-590550,34,4060,0.84%,6.29
https://www.futbolperuano.com/partidos-por-tv/noticias/programacion-de-partidos-por-tv-del-viernes-31-de-julio-594133,34,3287,1.03%,5.11
https://www.futbolperuano.com/liga-1/clausura/,34,2731,1.24%,7.69
https://www.futbolperuano.com/en-vivo/copa-sudamericana-de-voley-2026-chile-vs-bolivia-en-vivo-593013,34,2599,1.31%,5.22
https://www.futbolperuano.com/liga-1/noticias/sport-boys-presentara-dos-bajas-en-el-arranque-del-torneo-clausura-2026-591964,34,2196,1.55%,5.77
https://www.futbolperuano.com/futbol-internacional/rusia/tabla-de-posiciones,34,2066,1.65%,8.66
https://www.futbolperuano.com/copa-peru/noticias/resultados-ida-fase-1-liga-departamental-cajamarca-en-copa-peru-2026-590915,34,1633,2.08%,5.47
https://www.futbolperuano.com/copa-de-la-liga/,34,1609,2.11%,6.74
https://www.futbolperuano.com/en-vivo/copa-peru-2026-walter-ormeno-vs-bella-esperanza-en-vivo-592370,34,1534,2.22%,4.8
https://www.futbolperuano.com/liga-1/noticias/mundialista-sorprende-y-deja-alianza-atletico-en-la-previa-del-torneo-clausura-589870,34,1531,2.22%,6.58
https://www.futbolperuano.com/liga-3/noticias/nuevo-san-cristobal-vs-ecosem-pasco-en-vivo-online-por-la-liga-3-2026-592505,34,1470,2.31%,4.05
https://www.futbolperuano.com/peru/clubes/comerciantes-loreto/,34,752,4.52%,8.7
https://www.futbolperuano.com/liga-1/noticias/fichajes-de-atletico-grau-altas-y-bajas-para-el-torneo-clausura-2026-588342,34,455,7.47%,4.3
https://www.futbolperuano.com/copa-sudamericana/noticias/copa-sudamericana-2026-resultados-de-los-partidos-de-vuelta-de-los-playoff-a-los-8vos-de-final-593810,33,18818,0.18%,7.19
https://www.futbolperuano.com/liga-1/noticias/erick-delgado-y-la-advertencia-sobre-el-juego-de-sporting-cristal-593440,33,13937,0.24%,3.82
https://www.futbolperuano.com/copa-sudamericana/noticias/gremio-vs-bolivar-en-vivo-por-la-copa-sudamericana-592959,33,7785,0.42%,7.87
https://www.futbolperuano.com/radio/radio-corporacion-cerro-de-pasco-4352,33,7441,0.44%,7.5
https://www.futbolperuano.com/en-vivo/liga-nacional-juvenil-sub-18-sporting-cristal-vs-adt-en-vivo-590437,33,4697,0.7%,3.21
https://www.futbolperuano.com/copa-sudamericana/ucv-fc-vs-santos-21-julio-2026-copa-sudamericana-m3242128,33,4598,0.72%,10.73
https://www.futbolperuano.com/liga-2/noticias/ada-de-jaen-vs-pirata-fc-en-vivo-online-por-la-fecha-11-de-la-fase-de-grupos-de-la-liga-2-2026-593450,33,3246,1.02%,7.6
https://www.futbolperuano.com/futbol-de-menores/copa-federacion/resultados-copa-federacion-2026-partidos-del-17-al-19-de-julio-592682,33,1667,1.98%,4.96
https://www.futbolperuano.com/liga-1/noticias/matias-di-benedetto-revelo-como-avanza-el-cambio-de-sistema-que-hector-cuper-prepara-en-universitario-591679,33,1636,2.02%,5.58
https://www.futbolperuano.com/liga-3/noticias/uda-huancavelica-vs-deportivo-ucrania-en-vivo-online-por-fecha-6-de-liga-3-2026-591600,33,1171,2.82%,4.79
https://www.futbolperuano.com/liga-3/noticias/programacion-de-la-fecha-4-de-la-fase-regional-de-la-liga-3-2026-589426,33,718,4.6%,5.14
https://www.futbolperuano.com/copa-peru/noticias/los-tres-clasificados-de-lima-a-la-etapa-departamental-copa-peru-2026-588816,33,570,5.79%,5.5
https://www.futbolperuano.com/futbol-de-menores/copa-desarrollo-plata/tabla-de-posiciones,33,226,14.6%,4.71
https://www.futbolperuano.com/futbol-internacional/brasil/ponte-preta-vs-criciuma-8-julio-2026-campeonato-brasileno-de-serie-b-m3232715,32,20420,0.16%,12.52
https://www.futbolperuano.com/en-vivo/mundial-2026-portugal-vs-croacia-en-vivo-590357,32,19747,0.16%,3.2
https://www.futbolperuano.com/liga-de-campeones/fc-kairat-almaty-vs-omonia-nicosia-29-julio-2026-uefa-champions-league-m3261010,32,14338,0.22%,10.6
https://www.futbolperuano.com/futbol-internacional/bk-hacken-vs-aik-27-julio-2026-allsvenskan-de-suecia-m3225274,32,14123,0.23%,9.29
https://www.futbolperuano.com/futbol-internacional/usa/montreal-impact-vs-toronto-fc-16-julio-2026-mls-de-estados-unidos-m3223052,32,11252,0.28%,10.13
https://www.futbolperuano.com/partidos-por-tv/copa-libertadores-t5,32,9991,0.32%,8.7
https://www.futbolperuano.com/liga-voley/cuando-inicia-el-mundial-de-voleibol-femenino-sub-17-592036,32,2506,1.28%,5.98
https://www.futbolperuano.com/copa-peru/noticias/walter-ormeno-vs-bella-esperanza-en-vivo-online-por-la-fase-2-de-la-etapa-departamental-de-lima-en-la-copa-peru-2026-592527,32,2190,1.46%,4.08
https://www.futbolperuano.com/copa-de-la-liga/noticias/horacio-melgarejo-y-su-rotunda-respuesta-a-roberto-mosquera-por-la-copa-de-la-liga-591950,32,1169,2.74%,5.94
https://www.futbolperuano.com/liga-1/noticias/liga-1-ricardo-lagos-en-la-mira-de-un-equipo-cusqueno-590469,32,1151,2.78%,7.57
https://www.futbolperuano.com/liga-3/noticias/sporting-company-apelo-su-expulsion-de-la-liga-3-tras-batalla-campal-ante-jose-maria-arguedas-589850,32,516,6.2%,4.68
https://www.futbolperuano.com/futbol-femenino/torneo-clausura/resultados,32,370,8.65%,4.8
https://www.futbolperuano.com/copa-peru/noticias/seis-equipos-del-interligas-de-lima-siguen-vivos-en-la-copa-peru-2026-587890,32,313,10.22%,3.81
https://www.futbolperuano.com/en-vivo/copa-sudamericana-2026-ucv-vs-santos-en-vivo-592807,31,14551,0.21%,7.36
https://www.futbolperuano.com/mundial/noticias/resultados-de-los-partidos-de-cuartos-de-final-del-mundial-2026-591169,31,11026,0.28%,4.88
https://www.futbolperuano.com/futbol-internacional/usa/colorado-rapids-vs-san-diego-fc-22-julio-2026-mls-de-estados-unidos-m3223071,31,7979,0.39%,10.86
https://www.futbolperuano.com/liga-2/noticias/sport-huancayo-ii-vs-comerciantes-fc-en-vivo-por-la-liga-2-592455,31,5804,0.53%,8.41
https://www.futbolperuano.com/en-vivo/liga-femenina-2026-flamengo-vs-atletico-andahuaylas-en-vivo-593310,31,5515,0.56%,9.24
https://www.futbolperuano.com/en-vivo/liga-nacional-juvenil-sub-16-alianza-lima-vs-sporting-cristal-en-vivo-591421,31,4782,0.65%,3.57
https://www.futbolperuano.com/partidos-por-tv/noticias/programacion-de-hoy-miercoles-22-de-julio-de-2026-horarios-del-futbol-en-vivo-por-television-en-el-peru-592826,31,2207,1.4%,4.62
https://www.futbolperuano.com/copa-peru/noticias/copa-peru-deportivo-municipal-ya-tiene-rival-para-su-debut-en-la-liga-departamental-de-lima-589816,31,1215,2.55%,6.63
https://www.futbolperuano.com/copa-peru/noticias/walter-ormeno-aseguro-5-refuerzos-para-la-etapa-departamental-copa-peru-2026-590547,31,1202,2.58%,4.72
https://www.futbolperuano.com/liga-1/sporting-cristal-vs-deportivo-garcilaso-17-julio-2026-liga-1-peru---torneo-clausura-m3243881,31,1187,2.61%,9.5
https://www.futbolperuano.com/peru/clubes/santo-domingo-chachapoyas/,31,1090,2.84%,6.3
https://www.futbolperuano.com/copa-peru/noticias/resultados-de-fecha-4-de-liguilla-final-de-liga-provincial-de-arequipa-por-copa-peru-2026-588431,31,979,3.17%,5.82
https://www.futbolperuano.com/futbol-de-menores/torneo-reservas/resultados,31,276,11.23%,7.51
https://www.futbolperuano.com/mundial/noticias/francia-vs-espana-cuando-juegan-por-las-semifinales-del-mundial-2026-591584,30,26294,0.11%,5.09
https://www.futbolperuano.com/en-vivo/copa-sudamericana-2026-ohiggins-vs-boca-juniors-en-vivo-594070,30,15900,0.19%,4.92
https://www.futbolperuano.com/en-vivo/copa-desarrollo-sub-12-universitario-vs-alianza-lima-en-vivo-593491,30,9399,0.32%,3.77
https://www.futbolperuano.com/mundial/noticias/posible-alineacion-de-espana-sin-cambios-para-la-final-del-mundial-2026-592548,30,7775,0.39%,4.69
https://www.futbolperuano.com/top/liga-femenina-2026-la-final-que-reaviva-las-apuestas-593895,30,7495,0.4%,2.54
https://www.futbolperuano.com/en-vivo/liga-nacional-juvenil-sub-18-sporting-cristal-vs-universitario-en-vivo-592646,30,6782,0.44%,4.35
https://www.futbolperuano.com/liga-1/noticias/de-disputar-la-copa-libertadores-con-sporting-cristal-a-pelear-el-descenso-591125,30,6535,0.46%,9.69
https://www.futbolperuano.com/partidos-por-tv/noticias/programacion-de-hoy-lunes-13-de-julio-de-2026-horarios-del-futbol-en-vivo-por-television-en-el-peru-591693,30,3149,0.95%,3.56
https://www.futbolperuano.com/liga-1/noticias/hector-cuper-comparo-a-gianluca-lapadula-con-historico-goleador-argentino-594207,30,2969,1.01%,3.46
https://www.futbolperuano.com/peru/clubes/bentin-tacna-heroica/,30,2714,1.11%,6.86
https://www.futbolperuano.com/copa-sudamericana/santos-vs-ucv-fc-28-julio-2026-copa-sudamericana-m3242133,30,2643,1.14%,9.44
https://www.futbolperuano.com/liga-1/noticias/liga-1-tabla-de-posiciones-del-puntaje-acumulado-284185,30,2057,1.46%,36.44
https://www.futbolperuano.com/peru/clubes/union-minas-pasco/,30,2052,1.46%,7.36
https://www.futbolperuano.com/liga-1/noticias/rainer-torres-apunta-contra-franco-velazco-y-hace-un-pedido-al-hincha-de-universitario-592045,30,1924,1.56%,3.48
https://www.futbolperuano.com/liga-voley/peru-presento-su-lista-de-convocadas-para-la-copa-sudamericana-de-voley-592799,30,1481,2.03%,7.8
https://www.futbolperuano.com/peru/mas-del-futbol-peruano/academias-de-futbol-en-villa-el-salvador-498518,30,833,3.6%,5.93
https://www.futbolperuano.com/peru/mas-del-futbol-peruano/academias-de-futbol-en-el-distrito-de-chorrillos-499712,30,658,4.56%,6.27
https://www.futbolperuano.com/liga-3/goleadores,30,141,21.28%,4.49
https://www.futbolperuano.com/liga-1/noticias/sport-boys-cuestiona-a-la-conar-en-la-previa-del-partido-ante-los-chankas-592535,29,36034,0.08%,9.43
https://www.futbolperuano.com/mundial/noticias/mundial-2026-el-brasil-vs-noruega-por-los-octavos-de-final-tambien-podria-sufrir-cambios-en-su-horario-590539,29,24109,0.12%,5.42
https://www.futbolperuano.com/en-vivo/mundial-2026-inglaterra-vs-argentina-en-vivo-591938,29,5362,0.54%,6.6
https://www.futbolperuano.com/partidos-por-tv/atv-c24,29,2273,1.28%,8.3
https://www.futbolperuano.com/liga-1/tabla-acumulada/,29,1720,1.69%,8.95
https://www.futbolperuano.com/liga-2/noticias/union-minas-eligio-su-estadio-para-ser-local-en-la-liga-2-573385,29,1119,2.59%,4.83
https://www.futbolperuano.com/futbol-internacional/costa-rica/sporting-fc-vs-alajuelense-25-julio-2026-primera-division-de-costa-rica-m3247318,29,1099,2.64%,6.51
https://www.futbolperuano.com/copa-peru/noticias/sport-ancash-cada-vez-mas-cerca-de-la-etapa-nacional-de-la-copa-peru-2026-593616,29,962,3.01%,3.88
https://www.futbolperuano.com/futbol-de-menores/copa-federacion/plata-b-serie-2/resultados,29,914,3.17%,6.63
https://www.futbolperuano.com/peru/clubes/santo-domingo-nazca/,29,850,3.41%,5.35
https://www.futbolperuano.com/copa-peru/noticias/resultados-fecha-1-de-la-liga-departamental-piura-por-la-copa-peru-2026-589820,29,801,3.62%,5.04
https://www.futbolperuano.com/liga-1/noticias/se-revela-el-motivo-por-el-cual-jose-carabali-decidio-dejar-universitario-590019,29,767,3.78%,2.64
https://www.futbolperuano.com/futbol-internacional/argentina/copa-argentina/tabla-de-posiciones,29,540,5.37%,7.75
https://www.futbolperuano.com/en-vivo/mundial-2026-argentina-vs-suiza-en-vivo-591445,28,21010,0.13%,3.71
https://www.futbolperuano.com/liga-de-campeones/lincoln-fc-vs-mjallby-aif-28-julio-2026-uefa-champions-league-m3261005,28,13373,0.21%,10.46
https://www.futbolperuano.com/futbol-internacional/gais-gotemburgo-vs-if-elfsborg-12-julio-2026-allsvenskan-de-suecia-m3225268,28,11226,0.25%,9.52
https://www.futbolperuano.com/liga-1/noticias/fc-cajamarca-vs-sport-huancayo-en-vivo-online-por-fecha-3-del-torneo-clausura-de-liga-1-2026-594310,28,7470,0.37%,6.95
https://www.futbolperuano.com/peruanos-en-el-exterior/noticias/pedro-gallese-encabeza-la-convocatoria-de-deportivo-cali-para-enfrentar-a-alianza-lima-591674,28,6122,0.46%,3.85
https://www.futbolperuano.com/futbol-internacional/valerenga-vs-aalesund-fk-16-julio-2026-eliteserien-de-noruega-m3230026,28,5144,0.54%,8.1
https://www.futbolperuano.com/liga-1/noticias/cusco-fc-valora-la-llegada-de-miguel-silveira-para-el-torneo-clausura-591327,28,3551,0.79%,4.93
https://www.futbolperuano.com/futbol-internacional/vps-vs-sjk-10-julio-2026-veikkausliiga-de-finlandia-m3233438,28,2661,1.05%,8.24
https://www.futbolperuano.com/copa-peru/noticias/rival-de-deportivo-municipal-ficha-6-refuerzos-para-su-duelo-por-copa-peru-2026-590272,28,1102,2.54%,5.71
https://www.futbolperuano.com/copa-peru/noticias/atletico-torino-se-acerca-a-la-etapa-nacional-de-la-copa-peru-2026-592169,28,951,2.94%,4.15
https://www.futbolperuano.com/europa-league/tabla-de-posiciones,28,814,3.44%,12.63
https://www.futbolperuano.com/copa-peru/noticias/resultados-fecha-1-cuadrangular-final-liga-departamental-apurimac-en-copa-peru-2026-592818,28,785,3.57%,4.51
https://www.futbolperuano.com/peru/mas-del-futbol-peruano/academias-de-futbol-en-el-distrito-de-chorrillos-499831,28,403,6.95%,6.67
https://www.futbolperuano.com/peru/clubes/cienciano/,27,38785,0.07%,8.37
https://www.futbolperuano.com/mundial/noticias/resultados-de-los-octavos-de-final-del-mundial-2026-590600,27,14529,0.19%,6.45
https://www.futbolperuano.com/liga-de-campeones/fc-saburtalo-vs-slovan-bratislava-21-julio-2026-uefa-champions-league-m3260994,27,12144,0.22%,9.35
https://www.futbolperuano.com/en-vivo/mundial-2026-argentina-vs-cabo-verde-en-vivo-590442,27,10363,0.26%,5.26
https://www.futbolperuano.com/liga-1/los-chankas-vs-comerciantes-unidos-31-julio-2026-liga-1-peru---torneo-clausura-m3243883,27,9997,0.27%,10.68
https://www.futbolperuano.com/futbol-internacional/mjallby-aif-vs-vasteras-sk-fk-17-julio-2026-allsvenskan-de-suecia-m3225272,27,7783,0.35%,9.16
https://www.futbolperuano.com/liga-1/noticias/que-equipos-podran-utilizar-el-estadio-nacional-en-el-torneo-clausura-592918,27,7376,0.37%,7.66
https://www.futbolperuano.com/liga-2/noticias/santos-fc-vs-deportivo-binacional-en-vivo-online-por-la-fecha-10-de-la-fase-de-grupos-de-la-liga-2-2026-592498,27,7146,0.38%,8.45
https://www.futbolperuano.com/partidos-por-tv/noticias/programacion-de-partidos-por-tv-del-viernes-17-de-julio-592290,27,2566,1.05%,7.6
https://www.futbolperuano.com/liga-voley/liga-peruana-de-voley-martin-ambrosini-fue-presentado-como-nuevo-entrenador-de-san-martin-para-la-proxima-temporada-590997,27,2477,1.09%,5.97
https://www.futbolperuano.com/en-vivo/copa-peru-2026-regatas-lima-vs-nicolas-de-pierola-en-vivo-592363,27,1251,2.16%,5.32
https://www.futbolperuano.com/mundial/noticias/phillip-butters-arremete-contra-lamine-yamal-tras-ganar-el-mundial-2026-con-espana-592867,27,978,2.76%,4.52
https://www.futbolperuano.com/copa-libertadores/noticias/quien-es-jussepi-garcia-jugador-que-debuto-en-el-primer-equipo-alianza-lima-562599,27,500,5.4%,4.63
https://www.futbolperuano.com/mundial/noticias/francia-vs-espana-en-vivo-online-por-las-semifinales-del-mundial-2026-591774,26,25480,0.1%,7.56
https://www.futbolperuano.com/futbol-internacional/finlandia/tabla-de-posiciones,26,24339,0.11%,9.57
https://www.futbolperuano.com/peru/mas-del-futbol-peruano/el-estadio-peruano-que-proyectaba-tener-90-mil-espectadores-pero-se-quedo-30-mil-573498,26,21624,0.12%,6.62
https://www.futbolperuano.com/mundial/noticias/thibaut-courtois-descarto-a-argentina-como-campeon-del-mundial-2026-591605,26,18980,0.14%,3.45
https://www.futbolperuano.com/futbol-internacional/canada/tabla-de-posiciones,26,9098,0.29%,8.16
https://www.futbolperuano.com/liga-1/noticias/figura-de-deportivo-garcilaso-a-un-paso-de-la-primera-division-de-irak-593544,26,8010,0.32%,7.43
https://www.futbolperuano.com/liga-2/noticias/ayacucho-fc-vs-santos-fc-en-vivo-por-la-liga-2-593308,26,7886,0.33%,9.09
https://www.futbolperuano.com/en-vivo/liga-nacional-juvenil-sub-18-alianza-lima-vs-sporting-cristal-en-vivo-591419,26,5669,0.46%,5.36
https://www.futbolperuano.com/liga-1/adt-tarma-vs-universitario-de-deportes-18-julio-2026-liga-1-peru---torneo-clausura-m3243870,26,5526,0.47%,8.65
https://www.futbolperuano.com/liga-1/noticias/universitario-se-pronuncio-tras-la-clausura-temporal-de-campo-mar-591437,26,3134,0.83%,2.93
https://www.futbolperuano.com/liga-1/noticias/sport-boys-sufre-la-resta-de-puntos-en-la-tabla-acumulada-de-la-liga-1-592145,26,1466,1.77%,5.04
https://www.futbolperuano.com/mundial/noticias/delantero-de-egipto-arremetio-contra-arbitro-por-triunfo-de-argentina-mundial-2026-590982,26,1250,2.08%,4.29
https://www.futbolperuano.com/liga-2/noticias/union-minas-sumo-dos-mediocampistas-para-la-liga-2-2026-590866,26,905,2.87%,6.57
https://www.futbolperuano.com/mas-deportes/noticias/universitario-de-deportes-debuta-con-triunfo-en-la-liga-de-lima-de-basquet-2026-584870,26,878,2.96%,7.2
https://www.futbolperuano.com/peru/mas-del-futbol-peruano/academias-de-futbol-en-el-distrito-de-san-miguel-499482,26,683,3.81%,6.27
https://www.futbolperuano.com/copa-peru/noticias/copa-peru-resultados-de-los-encuentros-de-ida-en-la-fase-2-de-la-liga-departamental-de-cajamarca-592695,26,640,4.06%,4.15
https://www.futbolperuano.com/mundial/noticias/que-canal-transmite-el-partido-entre-brasil-y-noruega-590687,25,19441,0.13%,6.95
https://www.futbolperuano.com/mundial/noticias/colombia-vs-suiza-en-vivo-online-por-octavos-de-final-del-mundial-2026-590874,25,9344,0.27%,6.14
https://www.futbolperuano.com/futbol-internacional/inglaterra/tabla-de-posiciones,25,8653,0.29%,12.12
https://www.futbolperuano.com/futbol-internacional/kfum-vs-bod-glimt-12-julio-2026-eliteserien-de-noruega-m3230010,25,6441,0.39%,9.59
https://www.futbolperuano.com/futbol-internacional/bulgaria/tabla-de-posiciones,25,3059,0.82%,8.48
https://www.futbolperuano.com/liga-3/noticias/centro-social-pariacoto-anuncio-dos-refuerzos-para-la-liga-3-2026-590698,25,1789,1.4%,4.91
https://www.futbolperuano.com/top/predicciones-de-los-jugadores-de-sporting-cristal-para-el-mundial-2026-591233,25,1187,2.11%,2.88
https://www.futbolperuano.com/liga-3/noticias/deportivo-ucrania-vs-ad-tahuishco-en-vivo-online-por-fecha-7-de-la-liga-3-2026-592413,25,881,2.84%,4.15
https://www.futbolperuano.com/en-vivo/copa-peru-2026-defensor-carhua-vs-bella-esperanza-en-vivo-590465,25,558,4.48%,4.69
https://www.futbolperuano.com/futbol-de-menores/fpf-anuncia-la-liga-nacional-juvenil-y-el-sorteo-del-fixture-marca-el-inicio-de-un-proyecto-clave-para-el-futbol-peruano-580898,25,356,7.02%,6.15
https://www.futbolperuano.com/liga-1/noticias/fichajes-de-deportivo-moquegua-altas-y-bajas-para-el-torneo-clausura-588182,25,289,8.65%,4.05
https://www.futbolperuano.com/futbol-internacional/brasil/juventude-vs-avai-28-julio-2026-campeonato-brasileno-de-serie-b-m3232744,24,17122,0.14%,10.46
https://www.futbolperuano.com/eliminatorias/europa/tabla-de-posiciones,24,13363,0.18%,10.72
https://www.futbolperuano.com/liga-1/utc-cajamarca-vs-deportivo-moquegua-26-julio-2026-liga-1-peru---torneo-clausura-m3243876,24,11226,0.21%,10.12
https://www.futbolperuano.com/futbol-internacional/usa/orlando-city-vs-nashville-sc-25-julio-2026-mls-de-estados-unidos-m3223082,24,8611,0.28%,10.7
https://www.futbolperuano.com/peru/clubes/alianza-universidad-huanuco/,24,7385,0.32%,7.91
https://www.futbolperuano.com/en-vivo/copa-sudamericana-2026-boca-juniors-vs-ohiggins-en-vivo-593003,24,7321,0.33%,6.41
https://www.futbolperuano.com/mundial/noticias/sebastian-beccacece-no-seguira-como-tecnico-de-ecuador-tras-ser-eliminado-del-mundial-2026-590110,24,7271,0.33%,5.29
https://www.futbolperuano.com/futbol-internacional/noticias/portugal-confirmo-a-su-nuevo-tecnico-tras-quedar-eliminado-del-mundial-2026-591501,24,6837,0.35%,5.82
https://www.futbolperuano.com/partidos-por-tv/noticias/programacion-de-partidos-por-tv-del-domingo-26-de-julio-593485,24,5536,0.43%,5.87
https://www.futbolperuano.com/copa-sudamericana/noticias/cienciano-vs-botafogo-fechas-y-horarios-confirmados-por-octavos-de-copa-sudamericana-2026-594289,24,5182,0.46%,4.04
https://www.futbolperuano.com/liga-3/noticias/liga-3-resultados-y-tabla-de-posiciones-en-la-fecha-5-519562,24,4193,0.57%,1
https://www.futbolperuano.com/liga-voley/mundial-sub-17-femenino/liana-torres-voley-quien-es-la-libero-de-peru-en-el-mundial-de-voley-sub-17-481189,24,3512,0.68%,5.93
https://www.futbolperuano.com/futbol-internacional/usa/seattle-sounders-vs-portland-timbers-16-julio-2026-mls-de-estados-unidos-m3223068,24,3160,0.76%,10.76
https://www.futbolperuano.com/futbol-internacional/espana/liga2/tabla-de-posiciones,24,2862,0.84%,21.82
https://www.futbolperuano.com/liga-1/noticias/liga-1-se-confirma-un-nuevo-trofeo-entre-campeones-para-el-2027-584486,24,1806,1.33%,5.45
https://www.futbolperuano.com/peru/clubes/deportivo-municipal/,24,1658,1.45%,8.49
https://www.futbolperuano.com/peruanos-en-el-exterior/noticias/felipe-chavez-volvio-a-ponerse-la-camiseta-del-bayern-munich-en-un-amistoso-593423,24,1583,1.52%,4.75
https://www.futbolperuano.com/futbol-internacional/tps-vs-ac-oulu-11-julio-2026-veikkausliiga-de-finlandia-m3233443,24,1354,1.77%,6.03
https://www.futbolperuano.com/tag/liga-departamental-de-lambayeque,24,504,4.76%,5.79
https://www.futbolperuano.com/liga-1/noticias/,24,97,24.74%,6.93
https://www.futbolperuano.com/futbol-internacional/portugal/tabla-de-posiciones,23,27319,0.08%,7.16
https://www.futbolperuano.com/liga-1/atletico-grau-vs-utc-cajamarca-18-julio-2026-liga-1-peru---torneo-clausura-m3243872,23,21872,0.11%,11.29
https://www.futbolperuano.com/mundial/noticias/mundial-2026-fecha-hora-y-canales-para-los-encuentros-de-semifinales-de-la-copa-del-mundo-591651,23,16451,0.14%,7.08
https://www.futbolperuano.com/en-vivo/copa-sudamericana-2026-caracas-vs-independiente-santa-fe-en-vivo-594068,23,12505,0.18%,6.84
https://www.futbolperuano.com/futbol-internacional/if-elfsborg-vs-ik-sirius-fk-19-julio-2026-allsvenskan-de-suecia-m3225280,23,8728,0.26%,9.79
https://www.futbolperuano.com/copa-peru/noticias/que-paso-con-alfonso-ugarte-de-puno-tras-su-descenso-en-el-2023-592396,23,7981,0.29%,8.44
https://www.futbolperuano.com/peru/clubes/utc-cajamarca/,23,6044,0.38%,6.84
https://www.futbolperuano.com/peru/mas-del-futbol-peruano/cuales-son-los-cinco-estadios-mas-grandes-del-peru-441548,23,5834,0.39%,8.17
https://www.futbolperuano.com/top/por-que-la-copa-de-la-liga-genera-polemica-en-peru-593889,23,3552,0.65%,6.47
https://www.futbolperuano.com/futbol-femenino/liga-naciones-conmebol/tabla-de-posiciones,23,3527,0.65%,9.25
https://www.futbolperuano.com/seleccion/noticias/seleccion-peruana-ya-confirmo-a-su-nuevo-rival-mundialista-592964,23,3004,0.77%,5.03
https://www.futbolperuano.com/en-vivo/liga-nacional-juvenil-sub-16-cantolao-vs-universitario-en-vivo-590302,23,2802,0.82%,3.38
https://www.futbolperuano.com/peru/clubes/carlos-a-manucci/,23,2632,0.87%,7.64
https://www.futbolperuano.com/copa-de-la-liga/noticias/melgar-vs-deportivo-moquegua-en-vivo-por-la-copa-de-la-liga-2026-589828,23,1884,1.22%,7.47
https://www.futbolperuano.com/liga-2/noticias/universidad-cesar-vallejo-encontro-a-su-nuevo-delantero-quien-es-rodrigo-gomez-y-de-donde-llega-592493,23,1530,1.5%,6.66
https://www.futbolperuano.com/copa-peru/noticias/loreto-tiene-a-su-nuevo-campeon-en-la-copa-peru-2026-594020,23,1198,1.92%,4.13
https://www.futbolperuano.com/liga-2/noticias/estos-son-los-18-equipos-que-disputaran-la-liga-2-2026-553448,23,1085,2.12%,6.44
https://www.futbolperuano.com/liga-2/noticias/union-minas-y-ecosem-pasco-planean-mudarse-a-estadio-de-mas-de-4-mil-metros-582028,23,1009,2.28%,7.27
https://www.futbolperuano.com/copa-peru/noticias/clubes-peruanos-ganan-60-soles-por-taquilla-en-la-copa-peru-2026-592931,23,883,2.6%,5.11
https://www.futbolperuano.com/liga-1/fbc-melgar-vs-sporting-cristal-25-julio-2026-liga-1-peru---torneo-clausura-m3243880,23,858,2.68%,8.82
https://www.futbolperuano.com/liga-voley/copa-panamericana-femenina/tabla-de-posiciones,23,814,2.83%,8.88
https://www.futbolperuano.com/liga-1/noticias/universitario-de-deportes-tiene-en-la-mira-a-un-lateral-izquierdo-argentino-para-el-torneo-clausura-591825,23,759,3.03%,4.63
https://www.futbolperuano.com/liga-voley/fichajes-de-san-martin-altas-bajas-y-renovaciones-para-la-liga-peruana-de-voley-2026-27-582975,23,755,3.05%,6.01
https://www.futbolperuano.com/en-vivo/liga-femenina-2026-defensores-del-ilucan-vs-unsaac-en-vivo-593304,23,750,3.07%,6.17
https://www.futbolperuano.com/copa-peru/noticias/historico-campeon-peruano-se-recupera-en-la-copa-peru-2026-586199,23,709,3.24%,5.62
https://www.futbolperuano.com/copa-peru/noticias/resultados-y-tablas-de-posiciones-de-fecha-3-de-etapa-departamental-de-puno-de-copa-peru-2026-588919,23,600,3.83%,5.64
https://www.futbolperuano.com/peru/mas-del-futbol-peruano/manni-el-libero-la-serie-de-los-80s-que-cautivo-a-los-amantes-del-futbol-en-peru-387741,23,539,4.27%,4.31