Páginas principales,Clics,Impresiones,CTR,Posición
https://www.futbolperuano.com/partidos-por-tv/,74488,1133220,6.57%,6.21
https://www.futbolperuano.com/futbol-femenino/tabla-de-posiciones,23520,115401,20.38%,4.49
https://www.futbolperuano.com/liga-1/tabla-acumulada/tabla-de-posiciones,13280,1457199,0.91%,9
https://www.futbolperuano.com/liga-3/tabla-de-posiciones,10505,82856,12.68%,5.37
https://www.futbolperuano.com/,8393,538234,1.56%,7.87
https://www.futbolperuano.com/liga-2/tabla-de-posiciones,7555,308827,2.45%,4.86
https://www.futbolperuano.com/partidos-por-tv/liga-1-peru-c42,5931,451428,1.31%,5.88
https://www.futbolperuano.com/liga-1/tabla-de-posiciones,4118,394421,1.04%,7.54
https://www.futbolperuano.com/copa-peru/,3680,48575,7.58%,5.23
https://www.futbolperuano.com/liga-2/,2737,200734,1.36%,4.74
https://www.futbolperuano.com/copa-de-la-liga/noticias/asi-quedo-conformado-el-fixture-oficial-de-la-copa-de-la-liga-2026-583565,2735,53829,5.08%,6.06
https://www.futbolperuano.com/liga-3/,2604,36014,7.23%,6.26
https://www.futbolperuano.com/liga-voley/copa-panamericana-sub-17-femenino/resultados,2474,27076,9.14%,5.66
https://www.futbolperuano.com/peruanos-en-el-exterior/,2362,11997,19.69%,5.19
https://www.futbolperuano.com/futbol-de-menores/copa-federacion/plata/tabla-de-posiciones,2186,12862,17%,4.64
https://www.futbolperuano.com/en-vivo/copa-panamericana-sub-17-de-voley-femenino-2026-peru-vs-canada-en-vivo-585303,2171,32742,6.63%,5.01
https://www.futbolperuano.com/futbol-de-menores/copa-federacion/plata-b-serie-1/tabla-de-posiciones,2079,10383,20.02%,4.73
https://www.futbolperuano.com/liga-3/resultados,2019,17228,11.72%,5.04
https://www.futbolperuano.com/liga-voley/alianza-lima-confirma-una-nueva-baja-de-cara-a-la-temporada-2026-27-584826,1973,457098,0.43%,2.49
https://www.futbolperuano.com/liga-3/noticias/se-oficializo-el-fixture-de-la-liga-3-del-2026-583716,1818,12693,14.32%,3.98
https://www.futbolperuano.com/mundial/noticias/salio-a-la-venta-el-album-3-reyes-del-mundial-2026-574907,1807,293166,0.62%,7.89
https://www.futbolperuano.com/liga-voley/resultados-y-tabla-de-posiciones-de-la-copa-panamericana-sub-17-585152,1734,27389,6.33%,5.72
https://www.futbolperuano.com/en-vivo/liga-peruana-de-voley-san-martin-vs-alianza-lima-en-vivo-581924,1571,87195,1.8%,5.09
https://www.futbolperuano.com/futbol-de-menores/copa-federacion/oro/tabla-de-posiciones,1504,6255,24.04%,3.75
https://www.futbolperuano.com/en-vivo/copa-de-la-liga-sorteo-del-fixture-en-vivo-583525,1393,26623,5.23%,5.35
https://www.futbolperuano.com/liga-3/noticias/deportivo-lute-vs-juan-aurich-en-vivo-online-por-la-fecha-1-de-la-liga-3-2026-585913,1340,9641,13.9%,3.53
https://www.futbolperuano.com/liga-3/noticias/la-liga-3-ya-tiene-fecha-de-inicio-en-este-2026-579359,1338,13891,9.63%,4.29
https://www.futbolperuano.com/en-vivo/,1206,34433,3.5%,8.15
https://www.futbolperuano.com/copa-libertadores/tabla-de-posiciones,1150,414826,0.28%,7.86
https://www.futbolperuano.com/liga-1/resultados,1137,295899,0.38%,8.99
https://www.futbolperuano.com/mas-deportes/tenis/ignacio-buse-no-pudo-superar-la-fase-1-de-roland-garros-584984,1004,49725,2.02%,5.69
https://www.futbolperuano.com/mundial/noticias/con-mbappe-y-dembele-francia-y-sus-convocados-para-mundial-2026-585339,1002,29753,3.37%,4.24
https://www.futbolperuano.com/liga-1/noticias/fecha-y-hora-del-sorteo-de-la-copa-de-la-liga-peruana-583290,999,19412,5.15%,5.97
https://www.futbolperuano.com/liga-3/noticias/se-confirmo-la-fecha-de-inicio-de-la-liga-3-582287,998,11716,8.52%,4.93
https://www.futbolperuano.com/futbol-de-menores/copa-federacion/plata-b-serie-2/tabla-de-posiciones,971,7040,13.79%,5.12
https://www.futbolperuano.com/en-vivo/liga-femenina-2026-atletico-andahuaylas-vs-alianza-lima-en-vivo-584273,929,34957,2.66%,5.13
https://www.futbolperuano.com/copa-libertadores/noticias/universitario-asi-se-movio-la-tabla-de-posiciones-del-grupo-b-de-la-copa-libertadores-2026-584356,892,217036,0.41%,7.59
https://www.futbolperuano.com/mas-deportes/tenis/ignacio-buse-a-la-final-del-atp-500-de-hamburgo-584616,886,19776,4.48%,4.27
https://www.futbolperuano.com/futbol-femenino/resultados,874,15242,5.73%,8.06
https://www.futbolperuano.com/liga-3/noticias/fecha-y-horario-confirmado-para-sorteo-de-la-liga-3-583327,825,9123,9.04%,4.94
https://www.futbolperuano.com/liga-1/noticias/con-las-nuevas-reglas-de-la-liga-1-alianza-lima-clasifico-a-la-copa-libertadores-2027-tras-ganar-el-torneo-apertura-584874,793,19130,4.15%,5.91
https://www.futbolperuano.com/liga-3/noticias/los-grupos-que-se-conformaran-en-la-liga-3-del-2026-581431,786,10652,7.38%,5.67
https://www.futbolperuano.com/descentralizado/tabla-de-posiciones,754,45305,1.66%,7.47
https://www.futbolperuano.com/futsal/resultados-y-tabla-de-posiciones-de-la-copa-libertadores-de-futsal-584892,750,67147,1.12%,9
https://www.futbolperuano.com/liga-3/noticias/suspenden-la-participacion-de-un-historico-equipo-en-la-liga-3-2026-585859,744,8229,9.04%,3.24
https://www.futbolperuano.com/liga-1/,739,321362,0.23%,8.55
https://www.futbolperuano.com/liga-voley/copa-panamericana-sub-17-femenino/tabla-de-posiciones,718,10785,6.66%,6.32
https://www.futbolperuano.com/mas-deportes/noticias/ignacio-buse-vencio-a-flavio-cobolli-en-alemania-584047,713,17727,4.02%,4.79
https://www.futbolperuano.com/partidos-por-tv/espn-c1,711,19116,3.72%,7.25
https://www.futbolperuano.com/liga-3/noticias/liga-3-fechas-y-horarios-confirmados-de-la-fecha-1-de-la-fase-regional-2026-584190,708,6585,10.75%,4.32
https://www.futbolperuano.com/copa-sudamericana/tabla-de-posiciones,707,1682345,0.04%,9.3
https://www.futbolperuano.com/liga-2/noticias/se-confirmo-el-canal-que-transmitira-los-partidos-de-la-liga-2-574855,683,3301,20.69%,3.29
https://www.futbolperuano.com/liga-1/noticias/paolo-reyna-no-seguira-en-universitario-y-jugara-en-inesperado-club-de-la-liga-1-585615,679,23012,2.95%,2.98
https://www.futbolperuano.com/copa-de-la-liga/noticias/copa-de-la-liga-2026-clubes-fixture-y-todo-lo-que-necesitas-saber-583530,663,16431,4.04%,6.31
https://www.futbolperuano.com/liga-voley/alianza-lima-vs-san-martin-en-vivo-por-la-liga-peruana-de-voley-581931,657,40365,1.63%,6.78
https://www.futbolperuano.com/en-vivo/torneo-apertura-2026-los-chankas-vs-utc-en-vivo-585777,638,145247,0.44%,7.74
https://www.futbolperuano.com/partidos-por-tv/liga-femenina-peru-torneo-apertura-t182,628,7852,8%,6.99
https://www.futbolperuano.com/partidos-por-tv/liga-3-peru-t297,616,5062,12.17%,5.07
https://www.futbolperuano.com/liga-1/noticias/universitario-ya-piensa-en-el-torneo-clausura-y-se-confirman-los-refuerzos-que-llegaran-583934,604,8857,6.82%,4.62
https://www.futbolperuano.com/partidos-por-tv/fivb-c56,587,16500,3.56%,9.57
https://www.futbolperuano.com/peru/mas-del-futbol-peruano/se-inicio-la-construccion-de-imponente-estadio-en-peru-582161,587,3632,16.16%,5.47
https://www.futbolperuano.com/futbol-femenino/liga-femenina/se-oficializo-el-fixture-de-la-liga-femenina-2026-y-el-formato-de-competencia-567603,579,3467,16.7%,4.81
https://www.futbolperuano.com/liga-1/noticias/alianza-lima-revelo-los-detalles-de-sus-fichajes-para-el-torneo-clausura-2026-584935,576,8520,6.76%,4.83
https://www.futbolperuano.com/copa-peru/tabla-de-posiciones,542,7307,7.42%,7.83
https://www.futbolperuano.com/en-vivo/copa-panamericana-sub-17-de-voley-femenino-2026-peru-vs-venezuela-585860,541,16512,3.28%,5.78
https://www.futbolperuano.com/liga-voley/circolo-sportivo-italiano-presento-a-sus-dos-nuevos-refuerzos-para-la-liga-peruana-de-voley-583826,541,2837,19.07%,4.61
https://www.futbolperuano.com/liga-1/noticias/universitario-de-deportes-pierde-a-martin-perez-guedes-el-jugador-anunciara-su-salida-tras-el-duelo-con-huancayo-585560,538,9217,5.84%,5.76
https://www.futbolperuano.com/futbol-femenino/sudamericano-sub-17/tabla-de-posiciones,510,19779,2.58%,9.03
https://www.futbolperuano.com/liga-voley/peru-vs-canada-en-vivo-por-la-copa-panamericana-sub-17-585158,509,23814,2.14%,6.4
https://www.futbolperuano.com/copa-peru/noticias/domingo-dianderas-se-refuerza-para-copa-peru-con-campeon-de-copa-libertadoes-582633,502,15946,3.15%,5.34
https://www.futbolperuano.com/liga-1/clausura/tabla-de-posiciones,499,21514,2.32%,10.08
https://www.futbolperuano.com/liga-1/noticias/alianza-lima-ya-definio-al-reemplazo-de-pablo-guede-ante-fc-cajamarca-585544,492,9231,5.33%,3.81
https://www.futbolperuano.com/futbol-femenino/liga-femenina/universitario-de-deportes-fue-sorprendido-por-flamengo-fbc-en-la-liga-femenina-2026-585067,480,7779,6.17%,4.84
https://www.futbolperuano.com/liga-3/noticias/liga-3-resultados-y-tabla-de-posiciones-de-la-fecha-1-de-la-fase-regional-585659,473,13581,3.48%,5.29
https://www.futbolperuano.com/futbol-internacional/espana/barcelona-vs-real-madrid-que-canal-transmitira-el-clasico-de-laliga-2025-26-582900,468,54905,0.85%,4.35
https://www.futbolperuano.com/liga-voley/LNSV/resultados,461,32330,1.43%,8.38
https://www.futbolperuano.com/seleccion/noticias/fecha-de-la-convocatoria-de-la-seleccion-peruana-para-los-amistosos-de-junio-584860,461,27577,1.67%,7.27
https://www.futbolperuano.com/liga-voley/honduras-vs-peru-en-vivo-por-la-copa-panamericana-sub-17-585582,461,10944,4.21%,5.94
https://www.futbolperuano.com/liga-voley/LNSV/tabla-de-posiciones,455,20505,2.22%,8.43
https://www.futbolperuano.com/copa-libertadores/noticias/sporting-cristal-asi-quedo-la-tabla-de-posiciones-del-grupo-f-tras-la-fecha-3-de-la-copa-libertadores-2026-582244,454,222116,0.2%,7.4
https://www.futbolperuano.com/liga-voley/exjugadora-de-alianza-lima-fue-convocada-a-la-seleccion-brasilena-584061,440,3091,14.23%,3.19
https://www.futbolperuano.com/mundial/noticias/donde-ver-el-mundial-2026-en-peru-canales-y-plataformas-que-transmitiran-los-partidos-583401,436,29444,1.48%,7.45
https://www.futbolperuano.com/partidos-por-tv/liga-2-peru-t36,432,16523,2.61%,7.34
https://www.futbolperuano.com/segunda-division/tabla-de-posiciones,427,126046,0.34%,8.31
https://www.futbolperuano.com/en-vivo/atp-500-de-hamburgo-2026-ignacio-buse-vs-tommy-paul-en-vivo-584784,427,25859,1.65%,7.13
https://www.futbolperuano.com/liga-voley/fixture-de-peru-en-la-copa-panamericana-sub-17-fechas-y-horarios-584088,426,12170,3.5%,6.84
https://www.futbolperuano.com/en-vivo/copa-panamericana-sub-17-de-voley-femenino-2026-peru-vs-honduras-en-vivo-585593,416,15680,2.65%,5.42
https://www.futbolperuano.com/mas-deportes/noticias/ignacio-buse-clasifica-al-cuadro-principal-del-atp-500-de-hamburgo-583871,416,8802,4.73%,4.45
https://www.futbolperuano.com/en-vivo/liga-2-ayacucho-fc-vs-union-minas-en-vivo-581709,409,12038,3.4%,7.1
https://www.futbolperuano.com/liga-1/noticias/liga-1-como-se-jugaran-los-partidos-de-fecha-16-del-torneo-apertura-2026-583925,406,53450,0.76%,8.73
https://www.futbolperuano.com/copa-sudamericana/noticias/cienciano-asi-se-movio-la-tabla-de-posiciones-del-grupo-b-de-la-copa-sudamericana-584542,404,150605,0.27%,7.37
https://www.futbolperuano.com/liga-voley/deportivo-soan-rompe-el-mercado-de-la-liga-peruana-de-voley-585706,402,2610,15.4%,3.26
https://www.futbolperuano.com/liga-2/resultados,401,27550,1.46%,8.38
https://www.futbolperuano.com/en-vivo/torneo-apertura-2026-sport-huancayo-vs-cienciano-en-vivo-584654,397,132724,0.3%,6.73
https://www.futbolperuano.com/en-vivo/liga-3-alianza-lima-vs-universitario-en-vivo-585805,391,92807,0.42%,2.81
https://www.futbolperuano.com/mas-deportes/tenis/ignacio-buse-avanza-a-semifinales-en-hamburgo-584414,386,10364,3.72%,5.22
https://www.futbolperuano.com/liga-voley/cuando-se-jugaran-las-semifinales-de-la-copa-panamericana-sub-17-585689,386,6394,6.04%,4.55
https://www.futbolperuano.com/en-vivo/liga-femenina-2026-atletico-andahuaylas-vs-yanapuma-en-vivo-585708,374,3486,10.73%,3.98
https://www.futbolperuano.com/partidos-por-tv/uefa-champions-league-t8,372,46711,0.8%,8.88
https://www.futbolperuano.com/liga-1/noticias/alianza-lima-podria-reforzar-su-defensa-con-peruano-que-es-titular-en-el-extranjero-583083,359,31023,1.16%,6.85
https://www.futbolperuano.com/en-vivo/roland-garros-2026-ignacio-buse-vs-andrey-rublev-en-vivo-584941,358,16949,2.11%,6.82
https://www.futbolperuano.com/en-vivo/atp-500-de-hamburgo-2026-aleksandar-kovacevic-vs-ignacio-buse-en-vivo-584593,357,15736,2.27%,6.41
https://www.futbolperuano.com/futbol-de-menores/liga-nacional-sub-18-peru/resultados,353,3600,9.81%,5.06
https://www.futbolperuano.com/liga-1/noticias/atletico-grau-vs-deportivo-moquegua-en-vivo-por-el-torneo-apertura-585428,352,88658,0.4%,7.09
https://www.futbolperuano.com/copa-libertadores/noticias/copa-libertadores-tabla-de-posiciones-del-grupo-de-universitario-de-deportes-tras-resultados-de-fecha-6-585261,350,152306,0.23%,7.24
https://www.futbolperuano.com/liga-voley/donde-jugara-clarivett-yllescas-tras-el-tricampeonato-de-alianza-lima-582849,348,265753,0.13%,2.89
https://www.futbolperuano.com/copa-peru/noticias/resultados-partidos-ida-1ra-fase-del-interligas-de-lima-en-copa-peru-2026-581162,347,4289,8.09%,5.97
https://www.futbolperuano.com/liga-voley/alianza-lima-cerro-el-fichaje-de-una-voleibolista-olimpica-para-buscar-el-tetracampeonato-583367,342,4678,7.31%,4.45
https://www.futbolperuano.com/mas-deportes/tenis/gonzalo-bueno-no-pudo-clasificar-al-cuadro-principal-de-roland-garros-584415,340,21410,1.59%,4.64
https://www.futbolperuano.com/en-vivo/liga-femenina-2026-alianza-lima-vs-universitario-en-vivo-583803,337,32194,1.05%,5.65
https://www.futbolperuano.com/mas-deportes/tenis/ignacio-buse-y-el-millonario-monto-que-recibiria-de-ganar-el-atp-500-de-hamburgo-584715,335,21448,1.56%,5.91
https://www.futbolperuano.com/copa-peru/noticias/el-nuevo-torneo-peruano-que-lo-jugaran-los-campeones-y-de-mayor-tradicion-583651,335,10027,3.34%,6.85
https://www.futbolperuano.com/liga-2/noticias/estudiantil-cni-vs-santos-fc-en-vivo-online-por-la-fecha-8-de-la-fase-regular-de-la-liga-2-2026-584760,333,9085,3.67%,7.88
https://www.futbolperuano.com/en-vivo/masters-de-roma-frances-tiafoe-vs-ignacio-buse-en-vivo-582783,332,53126,0.62%,5.64
https://www.futbolperuano.com/en-vivo/atp-500-de-hamburgo-ignacio-buse-vs-hugo-gaston-en-vivo-583864,326,18094,1.8%,5.08
https://www.futbolperuano.com/en-vivo/liga-femenina-2026-alianza-lima-vs-unsaac-en-vivo-581913,322,37486,0.86%,7.31
https://www.futbolperuano.com/liga-1/goleadores,321,16766,1.91%,6.35
https://www.futbolperuano.com/liga-voley/fichajes-de-san-martin-altas-bajas-y-renovaciones-para-la-liga-peruana-de-voley-2026-27-582975,318,3520,9.03%,3.78
https://www.futbolperuano.com/liga-1/noticias/se-revelan-los-dos-extranjeros-que-dejarian-universitario-para-el-torneo-clausura-2026-585422,318,3021,10.53%,4.09
https://www.futbolperuano.com/liga-1/noticias/tras-cuatro-anos-alejado-de-alianza-lima-podria-volver-para-el-torneo-clausura-585486,313,8339,3.75%,8.55
https://www.futbolperuano.com/en-vivo/liga-2-union-minas-vs-comerciantes-fc-en-vivo-582676,312,11318,2.76%,7.25
https://www.futbolperuano.com/liga-1/noticias/sporting-cristal-apunta-a-reforzar-su-plantel-y-elige-a-sus-dos-proximos-fichajes-582601,306,28871,1.06%,5.55
https://www.futbolperuano.com/liga-3/noticias/se-oficializo-al-reemplazo-de-deportivo-municipal-en-la-liga-3-583031,306,4164,7.35%,4.57
https://www.futbolperuano.com/en-vivo/torneo-apertura-2026-juan-pablo-vs-alianza-atletico-en-vivo-583729,304,139921,0.22%,7.4
https://www.futbolperuano.com/liga-voley/san-martin-se-despide-de-una-de-sus-figuras-para-la-proxima-temporada-de-la-liga-peruana-de-voley-582649,300,1254,23.92%,4.96
https://www.futbolperuano.com/copa-libertadores/noticias/copa-libertadores-tabla-de-posiciones-del-grupo-de-sporting-cristal-tras-resultados-de-fecha-5-584387,294,88721,0.33%,8.43
https://www.futbolperuano.com/liga-1/noticias/futbolistas-acusan-a-utc-de-querer-destruir-el-futbol-peruano-583380,294,7960,3.69%,4.4
https://www.futbolperuano.com/liga-2/noticias/ayacucho-fc-vs-union-minas-en-vivo-online-por-la-fecha-5-de-la-liga-2-2026-581706,290,14752,1.97%,6.69
https://www.futbolperuano.com/en-vivo/liga-2-sport-huancayo-vs-union-minas-en-vivo-583655,289,26030,1.11%,10.03
https://www.futbolperuano.com/liga-1/noticias/sekou-gassama-y-los-futbolistas-que-no-seguiran-en-universitario-para-el-torneo-clausura-582853,284,40944,0.69%,4.88
https://www.futbolperuano.com/en-vivo/liga-femenina-2026-flamengo-vs-universitario-en-vivo-584675,284,14372,1.98%,6.74
https://www.futbolperuano.com/liga-3/noticias/la-liga-3-y-la-copa-peru-podrian-tener-transmisiones-gratuitas-mediante-un-nuevo-canal-oficial-583384,284,4672,6.08%,5.27
https://www.futbolperuano.com/liga-1/noticias/liga-1-como-se-jugaran-los-partidos-de-fecha-14-del-torneo-apertura-2026-582069,283,62565,0.45%,8.46
https://www.futbolperuano.com/mas-deportes/noticias/ignacio-buse-derroto-a-lorenzo-sonego-en-el-masters-1000-de-roma-582521,281,10630,2.64%,6
https://www.futbolperuano.com/en-vivo/torneo-apertura-2026-cienciano-vs-alianza-lima-en-vivo-583730,280,110817,0.25%,10.41
https://www.futbolperuano.com/liga-1/noticias/utc-de-cajamarca-recibe-nueva-sancion-en-el-torneo-apertura-583640,275,20058,1.37%,7.83
https://www.futbolperuano.com/partidos-por-tv/liga-1-primera-division-del-peru-t35,274,52988,0.52%,9
https://www.futbolperuano.com/liga-voley/el-inesperado-destino-de-fernanda-tome-tras-el-subtitulo-con-san-martin-583512,274,7069,3.88%,3.37
https://www.futbolperuano.com/copa-peru/noticias/copa-peru-2026-llaves-confirmadas-para-la-fase-3-del-interligas-de-lima-583983,274,3682,7.44%,5.39
https://www.futbolperuano.com/en-vivo/liga-2-comerciantes-fc-vs-estudiantil-cni-en-vivo-581922,271,13617,1.99%,8.68
https://www.futbolperuano.com/liga-1/noticias/adrian-quiroz-y-el-sorpresivo-destino-que-le-espera-en-este-2026-585686,271,10595,2.56%,4.94
https://www.futbolperuano.com/en-vivo/liga-femenina-2026-melgar-vs-atletico-andahuaylas-en-vivo-584674,271,9010,3.01%,6.4
https://www.futbolperuano.com/en-vivo/liga-2-santos-vs-union-minas-en-vivo-585728,269,23891,1.13%,8.64
https://www.futbolperuano.com/liga-1/noticias/universitario-hector-cuper-un-viejo-verdugo-de-alianza-lima-583134,269,6522,4.12%,4.29
https://www.futbolperuano.com/partidos-por-tv/golperu-c4,266,18930,1.41%,9.5
https://www.futbolperuano.com/futbol-femenino/liga-femenina/alianza-lima-pierde-ante-yanapuma-y-se-cae-en-la-liga-femenina-585154,265,8848,3%,7.25
https://www.futbolperuano.com/liga-1/noticias/liga-1-tabla-de-posiciones-del-puntaje-acumulado-284185,264,8132,3.25%,11.82
https://www.futbolperuano.com/en-vivo/liga-boliviana-blooming-vs-bolivar-en-vivo-582919,263,46260,0.57%,9.81
https://www.futbolperuano.com/liga-2/noticias/hector-cuper-y-el-duro-mensaje-tras-empate-de-universitario-584869,262,25231,1.04%,5.91
https://www.futbolperuano.com/liga-voley/flamante-refuerzo-de-alianza-lima-fue-convocada-a-la-seleccion-argentina-585360,259,3326,7.79%,2.91
https://www.futbolperuano.com/liga-1/noticias/sporting-cristal-quiere-desarmar-a-deportivo-garcilaso-y-busca-llevarse-a-dos-de-sus-principales-figuras-585988,258,59270,0.44%,5.3
https://www.futbolperuano.com/ultimos-sismos/temblor-de-61-grados-de-magnitud-sacudio-ica-y-lima-este-19-de-mayo-584113,256,8763,2.92%,3.21
https://www.futbolperuano.com/liga-voley/deportivo-geminis-se-aseguro-dos-refuerzos-de-lujo-585175,256,1394,18.36%,4.08
https://www.futbolperuano.com/en-vivo/torneo-apertura-2026-cusco-fc-vs-atletico-grau-en-vivo-584648,253,125000,0.2%,7.5
https://www.futbolperuano.com/liga-1/noticias/el-record-historico-que-podria-conseguir-alianza-lima-de-ganarle-a-fc-cajamarca-en-el-torneo-apertura-2026-584922,252,11794,2.14%,6.52
https://www.futbolperuano.com/partidos-por-tv/copa-libertadores-t5,251,44788,0.56%,9.23
https://www.futbolperuano.com/copa-peru/noticias/los-clasificados-a-la-fase-2-de-la-liga-provincial-de-arequipa-en-copa-peru-2026-582995,251,3914,6.41%,5.77
https://www.futbolperuano.com/copa-peru/noticias/los-44-grupos-del-interligas-de-lima-en-la-copa-peru-2026-580323,251,3665,6.85%,5.26
https://www.futbolperuano.com/en-vivo/torneo-apertura-2026-deportivo-moquegua-vs-adt-en-vivo-582800,249,105050,0.24%,7.31
https://www.futbolperuano.com/copa-peru/noticias/las-llaves-de-la-fase-2-del-interligas-de-lima-por-la-copa-peru-2026-582258,249,3924,6.35%,7.71
https://www.futbolperuano.com/futbol-internacional/inglaterra/tabla-de-posiciones,244,72868,0.33%,9.48
https://www.futbolperuano.com/liga-1/noticias/paolo-reyna-dejaria-universitario-y-podria-ser-refuerzo-de-alianza-lima-para-el-torneo-clausura-583461,244,6815,3.58%,4.28
https://www.futbolperuano.com/liga-3/noticias/ecosem-pasco-vs-municipal-de-pangoa-en-vivo-online-por-la-fecha-1-de-la-liga-3-2026-585910,243,2453,9.91%,3.7
https://www.futbolperuano.com/futbol-femenino/liga-femenina/imparables-universitario-goleo-a-melgar-en-arequipa-por-la-liga-femenina-y-dormira-como-unico-lider-del-torneo-581869,242,44640,0.54%,9.46
https://www.futbolperuano.com/resultados/,241,48658,0.5%,7.44
https://www.futbolperuano.com/liga-1/coraima-gomez-definio-su-futuro-y-continuara-en-la-liga-peruana-de-voley-583301,241,6310,3.82%,2.58
https://www.futbolperuano.com/futbol-de-menores/liga-nacional-sub-18-peru/tabla-de-posiciones,241,2129,11.32%,10.23
https://www.futbolperuano.com/liga-2/noticias/sport-huancayo-vs-union-minas-en-vivo-por-la-fecha-7-de-la-liga-2-583615,240,38076,0.63%,10.19
https://www.futbolperuano.com/liga-1/noticias/comerciantes-unidos-vs-deportivo-garcilaso-en-vivo-online-por-fecha-16-del-torneo-apertura-de-liga-1-2026-584930,239,97037,0.25%,9.2
https://www.futbolperuano.com/en-vivo/torneo-apertura-2026-los-chankas-vs-deportivo-garcilaso-en-vivo-582038,238,196400,0.12%,9.52
https://www.futbolperuano.com/en-vivo/liga-2-bentin-tacna-vs-estudiantil-cni-en-vivo-585788,238,9259,2.57%,7.92
https://www.futbolperuano.com/futbol-femenino/liga-femenina/alianza-lima-vs-sporting-cristal-en-vivo-online-por-la-fecha-10-de-la-liga-femenina-2026-585861,237,21776,1.09%,5.09
https://www.futbolperuano.com/liga-voley/coraima-gomez-se-va-de-universitario-el-club-confirmo-su-salida-y-ya-busca-a-una-figura-para-reforzar-el-plantel-2026-27-581805,237,6991,3.39%,3.93
https://www.futbolperuano.com/en-vivo/liga-femenina-2026-fc-killas-vs-melgar-en-vivo-584439,237,4009,5.91%,8.31
https://www.futbolperuano.com/liga-voley/alianza-lima-ya-tiene-listo-la-contratacion-de-seleccionado-nacional-582471,235,5583,4.21%,4.72
https://www.futbolperuano.com/liga-voley/fichajes-de-alianza-lima-altas-bajas-y-renovaciones-para-la-liga-peruana-de-voley-583153,235,4453,5.28%,4.66
https://www.futbolperuano.com/copa-libertadores/noticias/cuando-juegan-universitario-vs-tolima-por-la-copa-libertadores-584366,232,62848,0.37%,6.86
https://www.futbolperuano.com/liga-voley/alianza-lima-confirmo-el-fichaje-de-cuatro-nuevas-figuras-582170,232,4927,4.71%,4.36
https://www.futbolperuano.com/copa-de-la-liga/noticias/los-tres-premios-que-otorgara-la-copa-de-la-liga-2026-584695,231,10222,2.26%,6.75
https://www.futbolperuano.com/copa-peru/noticias/resultados-partidos-ida-fase-2-interligas-de-lima-por-la-copa-peru-2026-582979,231,3229,7.15%,6.25
https://www.futbolperuano.com/liga-3/noticias/deportivo-municipal-confirmo-que-jugara-la-liga-3-2026-y-cuestiono-duramente-una-resolucion-de-la-linfa-582754,230,5505,4.18%,4.06
https://www.futbolperuano.com/liga-1/noticias/quien-es-hector-cuper-entrenador-que-busca-universitario-y-que-fue-duramente-criticado-por-ronaldo-nazario-582917,229,42533,0.54%,7.7
https://www.futbolperuano.com/futbol-internacional/arabia-saudita/tabla-de-posiciones,226,476194,0.05%,9.88
https://www.futbolperuano.com/futbol-femenino/liga-femenina/alianza-lima-vs-universitario-en-vivo-online-por-fecha-7-de-liga-femenina-2026-583812,225,221251,0.1%,2.94
https://www.futbolperuano.com/futbol-de-menores/liga-nacional-juvenil-resultados-y-tabla-de-posiciones-en-la-jornada-1-del-torneo-juvenil-sub-18-585631,225,7734,2.91%,8.74
https://www.futbolperuano.com/futbol-femenino/liga-femenina/tabla-de-posiciones,224,14975,1.5%,7.36
https://www.futbolperuano.com/liga-voley/fichajes-en-la-liga-peruana-de-voley-2026-2027-altas-bajas-y-renovaciones-583061,223,5767,3.87%,5.36
https://www.futbolperuano.com/en-vivo/torneo-apertura-2026-sport-boys-vs-cusco-fc-en-vivo-583732,222,153147,0.14%,8.93
https://www.futbolperuano.com/futbol-de-menores/copa-federacion/plata-promocional-serie-1/tabla-de-posiciones,222,2937,7.56%,5.93
https://www.futbolperuano.com/en-vivo/torneo-apertura-2026-sport-boys-vs-universitario-en-vivo-583058,218,116445,0.19%,10.32
https://www.futbolperuano.com/liga-1/noticias/universitario-de-deportes-hace-cuantos-anos-que-hector-cuper-no-dirige-un-club-582998,216,10467,2.06%,4.35
https://www.futbolperuano.com/liga-2/noticias/bentin-tacna-vs-estudiantil-cni-en-vivo-online-por-la-fecha-9-de-la-liga-2-2026-585833,214,6946,3.08%,6.47
https://www.futbolperuano.com/liga-1/noticias/cienciano-vs-alianza-lima-en-vivo-por-el-torneo-apertura-583702,209,64347,0.32%,6.03
https://www.futbolperuano.com/peru/clubes/juan-aurich/,209,5283,3.96%,6.33
https://www.futbolperuano.com/liga-1/noticias/posibles-alineaciones-de-alianza-lima-vs-sporting-cristal-por-la-fecha-14-del-torneo-apertura-de-la-liga-1-2026-582719,208,37168,0.56%,6.75
https://www.futbolperuano.com/en-vivo/liga-2-sport-huancayo-vs-bentin-tacna-heroica-en-vivo-581705,208,9542,2.18%,8.41
https://www.futbolperuano.com/copa-peru/resultados,208,3735,5.57%,7.46
https://www.futbolperuano.com/liga-2/noticias/union-minas-vs-alianza-universidad-en-vivo-online-por-la-fecha-8-de-la-fase-regular-de-la-liga-2-2026-584753,207,14921,1.39%,6.7
https://www.futbolperuano.com/copa-peru/noticias/los-equipos-clasificados-al-interligas-de-lima-en-la-copa-peru-2026-577627,207,3135,6.6%,5.18
https://www.futbolperuano.com/copa-sudamericana/noticias/alianza-atletico-tabla-de-posiciones-del-grupo-a-de-la-copa-sudamericana-2026-584584,206,58899,0.35%,6.65
https://www.futbolperuano.com/liga-1/noticias/sport-boys-vs-universitario-en-vivo-por-el-torneo-apertura-de-la-liga-1-2026-582958,206,57880,0.36%,9.63
https://www.futbolperuano.com/partidos-por-tv/liga-1-peru-torneo-apertura-t35,199,39974,0.5%,10.13
https://www.futbolperuano.com/en-vivo/atp-500-de-hamburgo-2026-ignacio-buse-vs-jakub-mensik-en-vivo-584188,199,13104,1.52%,6.04
https://www.futbolperuano.com/en-vivo/torneo-apertura-2026-alianza-lima-vs-los-chankas-en-vivo-584650,198,38071,0.52%,5.03
https://www.futbolperuano.com/en-vivo/copa-panamericana-sub-17-honduras-2026-peru-vs-canada-en-vivo-585969,198,4116,4.81%,5.07
https://www.futbolperuano.com/futbol-de-menores/fpf-anuncia-la-liga-nacional-juvenil-y-el-sorteo-del-fixture-marca-el-inicio-de-un-proyecto-clave-para-el-futbol-peruano-580898,198,3305,5.99%,5.8
https://www.futbolperuano.com/copa-peru/noticias/copa-peru-resultados-y-tabla-de-posiciones-en-la-fecha-1-de-la-liga-provincial-de-arequipa-582096,197,3373,5.84%,7.83
https://www.futbolperuano.com/en-vivo/torneo-apertura-2026-fc-cajamarca-vs-alianza-lima-en-vivo-585775,195,105789,0.18%,9.87
https://www.futbolperuano.com/en-vivo/copa-sudamericana-2026-olimpia-vs-vasco-da-gama-en-vivo-584326,195,28185,0.69%,8.93
https://www.futbolperuano.com/liga-1/noticias/los-chankas-vs-deportivo-garcilaso-en-vivo-online-por-la-fecha-13-del-torneo-apertura-de-la-liga-1-2026-581960,193,83801,0.23%,9.58
https://www.futbolperuano.com/liga-1/noticias/liga-1-como-se-jugaran-los-partidos-de-la-fecha-15-del-torneo-apertura-2026-583096,192,31818,0.6%,8.44
https://www.futbolperuano.com/en-vivo/liga-2-ayacucho-fc-vs-comerciantes-fc-en-vivo-584624,192,13614,1.41%,8.94
https://www.futbolperuano.com/liga-1/noticias/revelan-al-que-seria-el-prime-fichaje-de-universitario-para-el-torneo-clausura-584863,191,28813,0.66%,4.79
https://www.futbolperuano.com/en-vivo/liga-2-alianza-universidad-vs-estudiantil-cni-en-vivo-583735,191,10496,1.82%,7.91
https://www.futbolperuano.com/mas-deportes/noticias/gonzalo-bueno-vencio-a-florent-bax-en-la-qualy-de-roland-garros-583975,190,11848,1.6%,5.11
https://www.futbolperuano.com/liga-1/noticias/la-complicada-situacion-del-tunche-en-universitario-tras-la-llegada-de-hector-cuper-585216,188,234626,0.08%,2.76
https://www.futbolperuano.com/futbol-internacional/holanda/tabla-de-posiciones,188,56507,0.33%,9.49
https://www.futbolperuano.com/copa-libertadores/noticias/polemico-arbitro-que-dirigira-el-sporting-cristal-vs-cerro-porteno-por-la-copa-libertadores-584856,188,47576,0.4%,4.61
https://www.futbolperuano.com/liga-3/noticias/alianza-lima-vs-universitario-en-vivo-online-por-fecha-1-de-la-liga-3-2026-585888,186,17359,1.07%,6.88
https://www.futbolperuano.com/liga-1/noticias/franco-velazco-rompe-su-silencio-y-emite-rotundo-comunicado-tras-la-crisis-que-atraviesa-universitario-585927,184,55819,0.33%,3.38
https://www.futbolperuano.com/en-vivo/torneo-apertura-2026-juan-pablo-ii-vs-universitario-en-vivo-581916,183,67799,0.27%,8.51
https://www.futbolperuano.com/futbol-de-menores/copa-federacion/copa-federacion-2026-programacion-de-partidos-del-30-y-31-de-mayo-585347,182,3915,4.65%,5.8
https://www.futbolperuano.com/futbol-femenino/liga-femenina/los-canales-que-transmitiran-en-vivo-la-liga-femenina-2026-567620,182,3020,6.03%,3.58
https://www.futbolperuano.com/en-vivo/liga-femenina-2026-carlos-mannucci-vs-alianza-lima-en-vivo-582682,181,8007,2.26%,7.51
https://www.futbolperuano.com/futbol-internacional/escocia/tabla-de-posiciones,180,104559,0.17%,9.83
https://www.futbolperuano.com/copa-libertadores/noticias/penarol-vs-corinthians-en-vivo-online-por-la-fecha-5-de-la-copa-libertadores-2026-584513,180,94086,0.19%,8.47
https://www.futbolperuano.com/liga-1/noticias/cambia-el-sistema-se-revela-la-primera-gran-decision-de-hector-cuper-en-universitario-583075,179,125544,0.14%,2.7
https://www.futbolperuano.com/liga-1/noticias/liga-1-fixture-de-universitario-de-deportes-en-el-torneo-apertura-2026-558224,179,10911,1.64%,8.02
https://www.futbolperuano.com/copa-sudamericana/noticias/macara-vs-alianza-atletico-en-vivo-online-por-fecha-5-de-la-copa-sudamericana-2026-584526,178,132423,0.13%,8.33
https://www.futbolperuano.com/liga-1/noticias/posibles-alineaciones-de-sport-boys-vs-universitario-por-la-fecha-14-del-torneo-apertura-de-la-liga-1-2026-582921,178,105850,0.17%,8.67
https://www.futbolperuano.com/en-vivo/liga-boliviana-always-ready-vs-the-strongest-en-vivo-583510,178,38780,0.46%,8.91
https://www.futbolperuano.com/en-vivo/liga-2-alianza-universidad-vs-santos-en-vivo-582043,178,25055,0.71%,11.24
https://www.futbolperuano.com/liga-1/noticias/quien-es-nicolas-previtali-volante-que-se-acerca-a-la-u-para-el-torneo-clausura-585604,178,5765,3.09%,4.05
https://www.futbolperuano.com/copa-peru/noticias/resultados-partidos-ida-de-la-fase-3-del-interligas-de-lima-en-copa-peru-2026-584968,178,2255,7.89%,5.07
https://www.futbolperuano.com/en-vivo/liga-1-cienciano-vs-comerciantes-unidos-en-vivo-581715,176,183221,0.1%,8.64
https://www.futbolperuano.com/liga-1/noticias/sporting-cristal-confirma-la-lesion-de-miguel-araujo-cuantos-partidos-se-perdera-581769,176,12751,1.38%,5.8
https://www.futbolperuano.com/liga-2/noticias/liga-2-2026-se-realizo-el-sorteo-del-fixture-del-torneo-de-ascenso-que-reunira-a-18-equipos-en-busca-de-llegar-a-la-liga-1-573240,175,3487,5.02%,5.5
https://www.futbolperuano.com/en-vivo/liga-2-union-comercio-vs-ada-de-jaen-en-vivo-585792,173,8632,2%,8.81
https://www.futbolperuano.com/liga-voley/alianza-lima-anuncio-la-salida-de-tres-elementos-claves-en-el-tricampeonato-582021,173,5934,2.92%,6.32
https://www.futbolperuano.com/copa-sudamericana/noticias/cienciano-cuando-vuelve-a-jugar-por-el-grupo-b-de-la-copa-sudamericana-584545,172,47146,0.36%,8.13
https://www.futbolperuano.com/en-vivo/liga-2-alianza-universidad-vs-binacional-en-vivo-585794,172,12123,1.42%,6.82
https://www.futbolperuano.com/en-vivo/torneo-apertura-2026-deportivo-garcilaso-vs-alianza-atletico-en-vivo-583012,171,94584,0.18%,8.51
https://www.futbolperuano.com/futbol-femenino/liga-femenina/alianza-lima-solo-pudo-empatar-con-atletico-andahuaylas-por-la-liga-femenina-584306,171,7348,2.33%,4.87
https://www.futbolperuano.com/mas-deportes/tenis/gonzalo-bueno-avanza-en-roland-garros-584229,169,13614,1.24%,5.75
https://www.futbolperuano.com/copa-libertadores/noticias/prensa-uruguaya-se-rinde-ante-dos-figuras-de-universitario-tras-empate-ante-nacional-584502,169,8844,1.91%,7.24
https://www.futbolperuano.com/copa-peru/noticias/copa-peru-asi-quedaron-definidos-los-clasificados-a-la-fase-3-en-la-liga-provincial-de-arequipa-584948,169,2210,7.65%,5.37
https://www.futbolperuano.com/liga-1/noticias/hernan-barcos-podria-convertirse-en-el-nuevo-goleador-de-sporting-cristal-583846,167,31036,0.54%,5.89
https://www.futbolperuano.com/liga-voley/donde-jugara-adeola-owokoniran-tras-su-salida-de-san-martin-582493,166,1475,11.25%,4.36
https://www.futbolperuano.com/en-vivo/torneo-apertura-2026-utc-vs-fc-cajamarca-en-vivo-582680,165,148074,0.11%,8.06
https://www.futbolperuano.com/mundial/noticias/seleccion-de-brasil-anuncio-su-lista-final-para-el-mundial-2026-con-un-hecho-historico-sin-precedentes-585007,165,7183,2.3%,6.03
https://www.futbolperuano.com/futbol-femenino/liga-femenina/liga-femenina-resultados-y-tabla-de-posiciones-de-la-fecha-9-del-torneo-apertura-584749,164,17085,0.96%,10.36
https://www.futbolperuano.com/peru/resultados-del-mundialito-de-el-porvenir-2026-581722,164,6784,2.42%,7.13
https://www.futbolperuano.com/futbol-internacional/espana/liga2/tabla-de-posiciones,163,142933,0.11%,10.04
https://www.futbolperuano.com/liga-1/noticias/revelan-acuerdo-entre-hernan-barcos-y-sporting-cristal-585183,163,9124,1.79%,3.28
https://www.futbolperuano.com/futbol-femenino/sudamericano-sub-17/,162,19219,0.84%,10.11
https://www.futbolperuano.com/liga-1/noticias/los-chankas-vs-utc-de-cajamarca-en-vivo-online-por-la-fecha-17-del-torneo-apertura-de-liga-1-2026-585970,160,77764,0.21%,10.18
https://www.futbolperuano.com/copa-libertadores/noticias/junior-vs-cerro-porteno-en-vivo-por-la-copa-libertadores-582422,160,62095,0.26%,6.38
https://www.futbolperuano.com/futbol-femenino/liga-femenina/liga-femenina-resultados-y-tabla-de-posiciones-de-la-fecha-10-del-torneo-apertura-585657,159,6379,2.49%,6.61
https://www.futbolperuano.com/futsal/copa-libertadores/tabla-de-posiciones,159,2820,5.64%,7.52
https://www.futbolperuano.com/en-vivo/liga-2-union-comercio-vs-deportivo-llacuabamba-en-vivo-583825,157,22182,0.71%,8.88
https://www.futbolperuano.com/liga-3/noticias/fixture-de-juan-aurich-para-la-temporada-2026-de-la-liga-3-583887,155,2574,6.02%,5.27
https://www.futbolperuano.com/en-vivo/liga-femenina-2026-atletico-andahuaylas-vs-sporting-cristal-en-vivo-582889,154,6766,2.28%,7.43
https://www.futbolperuano.com/liga-3/noticias/nuevo-estadio-peruano-que-apunta-a-ser-de-los-mas-temidos-del-pais-sera-sede-de-la-liga-3-584003,154,2610,5.9%,5.75
https://www.futbolperuano.com/liga-1/noticias/donde-comprar-entradas-para-cienciano-vs-alianza-lima-583169,153,22598,0.68%,7.47
https://www.futbolperuano.com/en-vivo/atp-500-de-hamburgo-2026-ignacio-buse-vs-ugo-humbert-en-vivo-584370,153,17955,0.85%,6.15
https://www.futbolperuano.com/copa-de-la-liga/noticias/programacion-de-la-fecha-1-de-la-copa-de-la-liga-2026-584927,153,6160,2.48%,6.5
https://www.futbolperuano.com/liga-1/noticias/utc-de-cajamarca-encontro-al-reemplazo-de-carlos-bustos-583279,152,12484,1.22%,8.6
https://www.futbolperuano.com/mas-deportes/noticias/ignacio-buse-enfrentara-a-flavio-cobolli-en-el-atp-500-de-hamburgo-583889,151,6015,2.51%,5.89
https://www.futbolperuano.com/liga-voley/de-alianza-lima-a-la-liga-de-naciones-de-voleibol-femenino-584069,150,2958,5.07%,4.01
https://www.futbolperuano.com/liga-1/noticias/tecnico-de-sporting-cristal-toma-radical-decision-con-felipe-vizeu-583517,149,9074,1.64%,4.96
https://www.futbolperuano.com/liga-2/noticias/union-minas-vs-comerciantes-fc-en-vivo-por-la-liga-2-582612,148,14508,1.02%,7.72
https://www.futbolperuano.com/futbol-playa/resultados-y-tabla-de-posiciones-de-la-copa-libertadores-de-futbol-playa-581929,148,9331,1.59%,9.56
https://www.futbolperuano.com/futbol-internacional/celtic-vs-hearts-16-mayo-2026-premiership-league-de-escocia-m3237196,148,1396,10.6%,9.37
https://www.futbolperuano.com/copa-libertadores/noticias/sorpresiva-convocatoria-de-sporting-cristal-para-duelo-palmeiras-por-copa-libertadores-582151,147,8763,1.68%,6.22
https://www.futbolperuano.com/copa-sudamericana/noticias/cienciano-vs-juventud-en-vivo-por-la-copa-sudamericana-585249,146,83013,0.18%,8.36
https://www.futbolperuano.com/peru/mas-del-futbol-peruano/cuales-son-las-diferencias-entre-el-album-panini-y-3-reyes-del-mundial-qatar-2022-366057,146,16082,0.91%,5.98
https://www.futbolperuano.com/liga-voley/mundialista-colombiana-posa-con-la-camiseta-de-universitario-de-deportes-583282,146,4591,3.18%,2.9
https://www.futbolperuano.com/liga-1/noticias/fc-cajamarca-vs-alianza-lima-en-vivo-online-por-fecha-17-del-torneo-apertura-de-liga-1-2026-585876,145,27942,0.52%,7.14
https://www.futbolperuano.com/partidos-por-tv/peru-liga-1-primera-division-del-peru-t35,145,24944,0.58%,7.22
https://www.futbolperuano.com/peru/mas-del-futbol-peruano/ignacio-buse-entrenara-junto-a-novak-djokovic-para-el-masters-1000-de-roma-581993,145,7725,1.88%,3.83
https://www.futbolperuano.com/futbol-internacional/espana/tabla-de-posiciones,144,86935,0.17%,9.82
https://www.futbolperuano.com/en-vivo/liga-2-ada-de-jaen-vs-cesar-vallejo-en-vivo-584640,144,9112,1.58%,7.51
https://www.futbolperuano.com/peru/clubes/bentin-tacna-heroica/,144,5724,2.52%,6.3
https://www.futbolperuano.com/liga-voley/quien-sera-el-rival-de-peru-en-las-semifinales-de-la-copa-panamericana-585697,144,1530,9.41%,4.86
https://www.futbolperuano.com/liga-1/noticias/cienciano-vs-sporting-cristal-en-vivo-por-el-torneo-apertura-585900,143,54549,0.26%,5.76
https://www.futbolperuano.com/en-vivo/conmebol-sub-17-femenina-brasil-vs-chile-en-vivo-582320,143,4884,2.93%,4.96
https://www.futbolperuano.com/partidos-por-tv/liga-femenina-peru-t182,143,2933,4.88%,7.48
https://www.futbolperuano.com/liga-3/noticias/fixture-de-union-huaral-para-la-temporada-2026-de-la-liga-3-583891,143,2812,5.09%,4.59
https://www.futbolperuano.com/en-vivo/torneo-apertura-2026-melgar-vs-sport-huancayo-en-vivo-583726,142,49548,0.29%,7.65
https://www.futbolperuano.com/en-vivo/torneo-apertura-2026-deportivo-moquegua-vs-universitario-en-vivo-584643,142,23625,0.6%,6.39
https://www.futbolperuano.com/liga-1/noticias/hay-chances-lo-que-necesita-universitario-para-llevarse-el-torneo-apertura-581980,142,17216,0.82%,5.55
https://www.futbolperuano.com/liga-voley/liga-peruana-de-voley-universitario-sorprendio-con-un-regreso-de-sarah-evaristo-para-la-temporada-2026-27-583410,142,3687,3.85%,4.65
https://www.futbolperuano.com/peru/mas-del-futbol-peruano/album-3-reyes-sabes-que-aplicativo-necesitas-para-verlo-en-realidad-aumentada-184338,142,1522,9.33%,6.45
https://www.futbolperuano.com/copa-libertadores/noticias/cerro-porteno-vs-sporting-cristal-canales-del-partido-por-fecha-6-de-copa-libertadores-2026-585326,141,50232,0.28%,5.33
https://www.futbolperuano.com/copa-peru/noticias/se-registra-escandalosa-goleada-de-31-a-0-en-la-copa-peru-2026-581265,140,801,17.48%,5.15
https://www.futbolperuano.com/futbol-de-menores/liga-nacional-juvenil-2026-como-se-jugaran-los-partidos-de-la-fecha-1-584817,139,38572,0.36%,6.22
https://www.futbolperuano.com/mas-deportes/noticias/ignacio-buse-roza-el-top-30-el-impresionante-puesto-que-ocupara-en-el-ranking-atp-584810,138,3309,4.17%,4.75
https://www.futbolperuano.com/mas-deportes/tenis/ignacio-buse-en-cuartos-del-atp-500-de-hamburgo-584232,138,2228,6.19%,4.12
https://www.futbolperuano.com/en-vivo/liga-boliviana-the-strongest-vs-real-potosi-en-vivo-582916,136,53675,0.25%,9.86
https://www.futbolperuano.com/liga-voley/universitario-sorprendio-con-la-salida-de-una-de-sus-figuras-585037,136,10042,1.35%,3.38
https://www.futbolperuano.com/liga-1/noticias/alianza-lima-incluyo-a-piero-cari-en-su-convocatoria-para-el-partido-crucial-ante-cienciano-por-el-torneo-apertura-583766,135,14409,0.94%,5.19
https://www.futbolperuano.com/liga-2/noticias/ayacucho-fc-vs-comerciantes-fc-en-vivo-online-por-fecha-8-de-liga-2-2026-584554,135,14018,0.96%,7.13
https://www.futbolperuano.com/copa-peru/noticias/los-equipos-historicos-que-jugaran-la-etapa-provincial-copa-peru-2026-580731,135,3113,4.34%,6.15
https://www.futbolperuano.com/peruanos-en-el-exterior/noticias/oscar-ibanez-club-internacional-lo-tiene-como-primera-opcion-584750,135,672,20.09%,3.47
https://www.futbolperuano.com/futbol-internacional/belgica/tabla-de-posiciones,134,61665,0.22%,9.7
https://www.futbolperuano.com/liga-1/noticias/adt-de-tarma-vs-cusco-fc-en-vivo-online-por-fecha-17-del-torneo-apertura-de-liga-1-2026-585813,134,33897,0.4%,7.64
https://www.futbolperuano.com/liga-1/noticias/sport-boys-corre-peligro-de-descender-tras-fallo-de-binacional-583971,133,5339,2.49%,7.23
https://www.futbolperuano.com/liga-3/noticias/popular-club-peruano-administrara-a-equipo-de-la-liga-3-582308,133,2493,5.33%,5.96
https://www.futbolperuano.com/mas-deportes/tenis/ignacio-buse-vs-ugo-humbert-en-vivo-por-el-atp-500-de-hamburgo-584375,132,6513,2.03%,5.28
https://www.futbolperuano.com/liga-1/noticias/el-mundialista-y-olimico-que-esta-cerca-de-dirigir-a-universitario-de-deportes-582464,131,19887,0.66%,2.52
https://www.futbolperuano.com/futbol-femenino/liga-femenina/alianza-lima-apabullo-a-club-unsaac-y-sigue-en-lo-alto-de-la-liga-femenina-2026-581963,131,14039,0.93%,6.31
https://www.futbolperuano.com/liga-1/noticias/universitario-el-puma-carranza-lanzo-un-fuerte-mensaje-al-plantel-tras-la-llegada-de-hector-cuper-583234,131,3149,4.16%,5.37
https://www.futbolperuano.com/seleccion/noticias/seleccion-peruana-la-drastica-lista-de-mano-menezes-que-borro-a-los-referentes-ante-haiti-y-espana-585598,131,2008,6.52%,4.16
https://www.futbolperuano.com/liga-voley/fichajes-de-universitario-altas-bajas-y-renovaciones-para-la-liga-peruana-de-voley-202627-583085,130,53549,0.24%,2.63
https://www.futbolperuano.com/liga-1/noticias/universitario-de-deportes-enojado-con-jose-rivera-rompio-el-protocolo-y-declaro-sin-autorizacion-585705,130,8447,1.54%,2.96
https://www.futbolperuano.com/seleccion/noticias/seleccion-peruana-pierde-otro-jugador-para-amistosos-ante-haiti-y-espana-585966,130,6164,2.11%,6.73
https://www.futbolperuano.com/liga-1/noticias/deportivo-garcilaso-vs-alianza-atletico-en-vivo-online-por-la-fecha-14-del-torneo-apertura-de-la-liga-1-2026-582897,128,60666,0.21%,8
https://www.futbolperuano.com/liga-1/noticias/alianza-atletico-vs-fc-cajamarca-en-vivo-online-por-fecha-16-de-torneo-apertura-de-liga-1-2026-584855,128,49684,0.26%,7.12
https://www.futbolperuano.com/seleccion/noticias/se-oficializo-el-estadio-donde-peru-sera-local-582294,128,4759,2.69%,5.83
https://www.futbolperuano.com/liga-1/noticias/cusco-fc-vs-atletico-grau-en-vivo-online-por-la-fecha-16-del-torneo-apertura-de-la-liga-1-2026-584762,127,48369,0.26%,7.36
https://www.futbolperuano.com/copa-libertadores/noticias/el-once-de-sporting-cristal-para-visitar-a-junior-en-la-copa-libertadores-584310,127,40403,0.31%,6.44
https://www.futbolperuano.com/peru/clubes/universitario/,126,161177,0.08%,8.7
https://www.futbolperuano.com/liga-1/noticias/sport-boys-vs-universitario-en-vivo-online-por-la-fecha-14-del-torneo-apertura-de-la-liga-1-2026-582893,126,63817,0.2%,8.55
https://www.futbolperuano.com/futbol-femenino/liga-femenina/alianza-lima-vencio-1-0-a-carlos-mannucci-y-tomo-el-liderato-de-la-liga-femenina-las-intimas-alcanzaron-los-15-puntos-en-la-tabla-582751,126,13693,0.92%,5.55
https://www.futbolperuano.com/liga-1/noticias/franco-velazco-revela-el-futuro-de-jose-rivera-en-universitario-584694,126,11513,1.09%,5.02
https://www.futbolperuano.com/liga-voley/la-seleccion-peruana-de-voley-suma-dos-nuevas-bajas-584382,126,5132,2.46%,4.99
https://www.futbolperuano.com/futbol-femenino/liga-femenina/liga-femenina-resultados-y-tabla-de-posiciones-de-la-fecha-8-del-torneo-apertura-584158,126,4986,2.53%,6.86
https://www.futbolperuano.com/copa-libertadores/noticias/sporting-cristal-presenta-cinco-bajas-para-visitar-a-cerro-porteno-585186,125,28956,0.43%,5.39
https://www.futbolperuano.com/en-vivo/liga-2-bentin-tacna-vs-alianza-universidad-en-vivo-582820,125,8890,1.41%,8.47
https://www.futbolperuano.com/liga-1/noticias/sekou-gassama-podria-tener-una-nueva-oportunidad-en-universitario-584684,125,4657,2.68%,4.35
https://www.futbolperuano.com/liga-3/noticias/estos-son-los-37-equipos-que-disputaran-la-liga-3-2026-553500,125,3269,3.82%,6.46
https://www.futbolperuano.com/copa-peru/noticias/copa-peru-2026-resultados-y-tabla-de-posiciones-en-la-fecha-5-de-la-liga-provincial-de-trujillo-582957,125,2211,5.65%,6.24
https://www.futbolperuano.com/futbol-de-menores/copa-federacion/oro/resultados,125,1993,6.27%,6.93
https://www.futbolperuano.com/futbol-femenino/mundial/liga-femenina-resultados-y-tabla-de-posiciones-de-la-fecha-5-del-torneo-apertura-581794,124,14768,0.84%,10.54
https://www.futbolperuano.com/liga-1/noticias/atletico-grau-vs-cienciano-en-vivo-online-por-la-fecha-14-del-torneo-apertura-de-la-liga-1-2026-582759,123,70271,0.18%,8.25
https://www.futbolperuano.com/en-vivo/roland-garros-2026-gonzalo-bueno-vs-florent-bax-en-vivo-583954,123,11979,1.03%,4.98
https://www.futbolperuano.com/liga-voley/universitario-decide-la-salida-de-francisco-hervas-tras-el-tercer-puesto-en-la-liga-peruana-de-voley-582176,123,7543,1.63%,3.53
https://www.futbolperuano.com/liga-voley/alianza-lima-da-el-batacazo-en-el-mercado-y-ficha-a-flavia-montes-582416,123,6369,1.93%,4.26
https://www.futbolperuano.com/peru/clubes/carlos-a-manucci/,122,9136,1.34%,7.84
https://www.futbolperuano.com/liga-voley/el-equipo-mas-ganador-en-toda-la-historia-de-la-liga-de-voley-518438,122,6656,1.83%,7.13
https://www.futbolperuano.com/liga-3/noticias/la-liga-3-y-el-aumento-de-descenso-que-tendra-en-el-2026-581654,122,2312,5.28%,4.63
https://www.futbolperuano.com/liga-1/noticias/fc-cajamarca-vs-sporting-cristal-en-vivo-online-por-fecha-15-del-torneo-apertura-de-liga-1-2026-583558,121,45671,0.26%,7.86
https://www.futbolperuano.com/copa-libertadores/noticias/nacional-vs-universitario-de-deportes-en-vivo-por-la-copa-libertadores-584093,121,38142,0.32%,6.68
https://www.futbolperuano.com/liga-1/noticias/que-resultados-necesita-alianza-lima-para-coronarse-en-el-torneo-apertura-2026-582926,121,24333,0.5%,7.76
https://www.futbolperuano.com/en-vivo/liga-2-carlos-mannucci-vs-union-comercio-en-vivo-582817,120,122865,0.1%,12.47
https://www.futbolperuano.com/en-vivo/torneo-apertura-2026-melgar-vs-alianza-atletico-en-vivo-585774,120,113965,0.11%,9.78
https://www.futbolperuano.com/en-vivo/liga-femenina-2026-universitario-vs-defensores-del-ilucan-en-vivo-582822,120,14871,0.81%,6.84
https://www.futbolperuano.com/partidos-por-tv/laliga-de-espana-t16,120,3940,3.05%,8.16
https://www.futbolperuano.com/copa-libertadores/noticias/cusco-fc-asi-quedo-la-tabla-de-posiciones-del-grupo-a-tras-la-fecha-3-de-la-copa-libertadores-2026-582405,119,84232,0.14%,6.06
https://www.futbolperuano.com/liga-1/noticias/liga-1-se-confirma-un-nuevo-trofeo-entre-campeones-para-el-2027-584486,119,16839,0.71%,7.93
https://www.futbolperuano.com/en-vivo/torneo-apertura-2026-utc-vs-sport-boys-en-vivo-584644,118,87238,0.14%,8.72
https://www.futbolperuano.com/en-vivo/torneo-apertura-2026-alianza-lima-vs-sporting-cristal-en-vivo-582825,118,39868,0.3%,6.64
https://www.futbolperuano.com/liga-1/noticias/liga-1-como-se-jugaran-los-partidos-de-fecha-17-del-torneo-apertura-2026-585052,118,17321,0.68%,8.5
https://www.futbolperuano.com/futbol-de-menores/copa-federacion/copa-federacion-plata-b-programacion-de-la-fecha-3-en-las-series-1-y-2-581652,118,1975,5.97%,7.05
https://www.futbolperuano.com/copa-peru/noticias/el-camino-de-deportivo-municipal-en-la-copa-peru-2026-585167,118,1723,6.85%,5.06
https://www.futbolperuano.com/en-vivo/torneo-apertura-2026-los-chankas-vs-deportivo-moquegua-en-vivo-583814,117,160057,0.07%,9.45
https://www.futbolperuano.com/futbol-femenino/peru-vs-venezuela-en-vivo-por-el-sudamericano-sub-17-581897,117,7527,1.55%,7.29
https://www.futbolperuano.com/liga-1/noticias/los-chankas-recibio-dura-sancion-antes-de-jugar-ante-alianza-lima-en-la-lucha-por-el-apertura-584395,117,6237,1.88%,5.68
https://www.futbolperuano.com/liga-1/noticias/utc-respondio-a-las-acusaciones-de-querer-destruir-al-futbol-peruano-583504,117,5295,2.21%,6.39
https://www.futbolperuano.com/liga-3/noticias/juan-aurich-oficializo-el-regreso-de-edwin-oviedo-a-la-presidencia-del-club-585743,117,4345,2.69%,4.19
https://www.futbolperuano.com/en-vivo/liga-femenina-melgar-vs-universitario-de-deportes-en-vivo-581710,116,21861,0.53%,7.39
https://www.futbolperuano.com/en-vivo/torneo-apertura-2026-sport-boys-vs-comerciantes-unidos-en-vivo-585765,115,115628,0.1%,9.14
https://www.futbolperuano.com/en-vivo/torneo-apertura-2026-atletico-grau-vs-cienciano-en-vivo-582823,115,93361,0.12%,8.55
https://www.futbolperuano.com/liga-1/noticias/posibles-alineaciones-de-alianza-lima-vs-los-chankas-por-la-fecha-16-del-torneo-apertura-de-la-liga-1-2026-584744,115,55306,0.21%,7.29
https://www.futbolperuano.com/en-vivo/copa-libertadores-2026-coquimbo-unido-vs-universitario-en-vivo-582517,115,20522,0.56%,5.89
https://www.futbolperuano.com/liga-1/noticias/alianza-lima-alista-su-primera-baja-para-el-clausura-se-confirmo-el-futuro-de-pedro-aquino-en-matute-584967,115,4383,2.62%,4.54
https://www.futbolperuano.com/liga-1/noticias/el-bombazo-del-clausura-universitario-inicio-las-evaluaciones-internas-para-concretar-el-regreso-de-raul-ruidiaz-584001,115,2270,5.07%,5.17
https://www.futbolperuano.com/liga-1/noticias/alan-diez-explota-contra-la-dirigencia-de-sporting-cristal-tras-el-duro-momento-en-la-liga-1-583924,114,13323,0.86%,3.35
https://www.futbolperuano.com/liga-1/noticias/deportivo-garcilaso-sorprendio-con-una-decision-sobre-agustin-graneros-en-plena-liga-1-583223,114,10644,1.07%,9.17
https://www.futbolperuano.com/liga-1/noticias/universitario-prensa-internacional-quedo-impactada-con-el-fichaje-de-hector-cuper-583117,114,5934,1.92%,5.18
https://www.futbolperuano.com/en-vivo/masters-de-roma-lorenzo-sonego-vs-ignacio-buse-en-vivo-582477,113,20300,0.56%,5.34
https://www.futbolperuano.com/liga-1/noticias/melgar-vs-alianza-atletico-en-vivo-por-el-torneo-apertura-585892,113,16271,0.69%,7.51
https://www.futbolperuano.com/liga-1/noticias/pedro-aquino-se-despide-de-alianza-lima-tras-ganar-el-torneo-apertura-585981,112,157806,0.07%,2.44
https://www.futbolperuano.com/liga-2/noticias/alianza-universidad-vs-santos-fc-en-vivo-online-por-la-fecha-5-del-grupo-2-de-la-fase-regular-de-la-liga-2-2026-581972,112,12716,0.88%,7.52
https://www.futbolperuano.com/liga-1/noticias/gianluca-lapadula-toma-firme-decision-sobre-su-futuro-tras-descender-en-italia-585430,112,8815,1.27%,4.85
https://www.futbolperuano.com/copa-peru/noticias/resultados-en-la-fecha-2-de-la-liga-provincial-arequipa-en-copa-peru-582485,112,2480,4.52%,6.56
https://www.futbolperuano.com/liga-1/noticias/liga-1-fixture-de-los-chankas-en-el-torneo-apertura-2026-558283,111,24778,0.45%,8.95
https://www.futbolperuano.com/futbol-femenino/peru-vs-brasil-en-vivo-por-el-sudamericano-femenino-sub-17-581703,111,7099,1.56%,7.72
https://www.futbolperuano.com/partidos-por-tv/noticias/programacion-de-partidos-por-tv-del-miercoles-06-de-mayo-del-2026-582214,111,6368,1.74%,4.63
https://www.futbolperuano.com/liga-1/noticias/cienciano-y-los-partidos-que-le-restan-jugar-en-el-torneo-apertura-de-la-liga-1-2026-580254,111,3699,3%,4.71
https://www.futbolperuano.com/peru/clubes/alianza-lima/,110,215390,0.05%,7.9
https://www.futbolperuano.com/mas-deportes/noticias/ignacio-buse-vs-flavio-cobolli-en-vivo-online-por-la-ronda-de-32-del-abierto-de-hamburgo-584036,110,14356,0.77%,5.29
https://www.futbolperuano.com/liga-1/noticias/fecha-y-hora-confirmada-del-cienciano-vs-alianza-lima-por-el-torneo-apertura-2026-583152,110,7565,1.45%,7.24
https://www.futbolperuano.com/mas-deportes/noticias/ignacio-buse-no-tiene-descanso-se-confirmo-el-canal-y-la-hora-para-su-historico-estreno-en-roland-garros-584901,110,7079,1.55%,6.92
https://www.futbolperuano.com/en-vivo/liga-femenina-2026-yanapuma-vs-alianza-lima-585128,110,4492,2.45%,5.63
https://www.futbolperuano.com/en-vivo/torneo-apertura-2026-comerciantes-unidos-vs-melgar-en-vivo-582886,109,70969,0.15%,8.98
https://www.futbolperuano.com/copa-libertadores/noticias/cerro-porteno-vs-sporting-cristal-en-vivo-online-por-la-fecha-6-del-grupo-f-de-la-libertadores-2026-585534,109,23479,0.46%,7.05
https://www.futbolperuano.com/liga-1/noticias/historico-estadio-peruano-cerca-de-reabrir-sus-puertas-a-la-primera-division-583048,109,14058,0.78%,10.54
https://www.futbolperuano.com/liga-1/noticias/adrian-quiroz-llegara-a-alianza-lima-su-representante-revela-su-decision-para-el-torneo-clausura-585407,109,7006,1.56%,5.09
https://www.futbolperuano.com/en-vivo/liga-profesional-saudi-al-nassr-vs-al-hilal-en-vivo-583145,108,33827,0.32%,7.53
https://www.futbolperuano.com/liga-2/noticias/binacional-vs-sport-huancayo-en-vivo-por-la-liga-2-584597,108,25371,0.43%,9.65
https://www.futbolperuano.com/en-vivo/liga-2-union-minas-vs-alianza-universidad-en-vivo-584630,108,12729,0.85%,8.02
https://www.futbolperuano.com/en-vivo/liga-2-ada-de-jaen-vs-san-martin-en-vivo-581921,108,7235,1.49%,8.19
https://www.futbolperuano.com/futbol-femenino/liga-femenina/programacion-de-la-fecha-10-del-torneo-apertura-de-la-liga-femenina-2026-585297,108,3466,3.12%,5.36
https://www.futbolperuano.com/mundial/noticias/cuantos-partidos-del-mundial-2026-transmitira-america-tv-579110,108,3263,3.31%,7.65
https://www.futbolperuano.com/copa-libertadores/noticias/arbitro-que-ya-perjudico-a-universitario-volvera-a-dirigirlo-ante-tolima-584854,107,32396,0.33%,5.36
https://www.futbolperuano.com/liga-2/noticias/sport-huancayo-pierde-punto-mesa-y-se-complica-en-la-tabla-de-posiciones-583628,107,22195,0.48%,7.79
https://www.futbolperuano.com/futbol-de-menores/liga-nacional-juvenil-resultados-y-tabla-de-posiciones-en-la-jornada-1-del-torneo-juvenil-sub-16-585634,107,2180,4.91%,6.9
https://www.futbolperuano.com/en-vivo/torneo-apertura-2026-sporting-cristal-vs-cusco-fc-en-vivo-581915,106,134490,0.08%,5.53
https://www.futbolperuano.com/copa-libertadores/noticias/copa-libertadores-tabla-de-posiciones-del-grupo-de-sporting-cristal-tras-resultados-de-fecha-6-585609,106,64908,0.16%,8.6
https://www.futbolperuano.com/liga-1/noticias/revelan-a-los-3-futbolistas-que-abrian-frenado-el-regreso-de-raul-ruidiaz-a-universitario-584147,106,2010,5.27%,4.06
https://www.futbolperuano.com/liga-1/noticias/juan-pablo-ii-vs-melgar-en-vivo-por-el-torneo-apertura-de-la-liga-1-584551,105,17169,0.61%,7.84
https://www.futbolperuano.com/liga-3/noticias/otrora-bicampeon-del-futbol-peruano-confirma-participacion-en-liga-3-584244,105,2139,4.91%,4.52
https://www.futbolperuano.com/futbol-internacional/francia/tabla-de-posiciones,104,47141,0.22%,9.53
https://www.futbolperuano.com/futbol-femenino/liga-femenina/universitario-aplasto-por-1-0-a-yanapuma-y-sigue-arrasando-en-la-liga-femenina-2026-584349,104,43737,0.24%,3.12
https://www.futbolperuano.com/seleccion/noticias/nick-fernandez-revela-conversacion-con-la-fpf-y-sobre-si-sera-convocado-a-la-seleccion-peruana-583630,104,3052,3.41%,5.77
https://www.futbolperuano.com/copa-libertadores/noticias/erick-delgado-lapida-a-2-futbolistas-de-sporting-cristal-tras-dura-caida-en-colombia-584529,103,15001,0.69%,4.61
https://www.futbolperuano.com/liga-2/noticias/bentin-tacna-vs-alianza-universidad-en-vivo-online-por-la-fecha-6-de-la-liga-2-2026-582706,103,9955,1.03%,7.79
https://www.futbolperuano.com/mas-deportes/noticias/universitario-de-deportes-debuta-con-triunfo-en-la-liga-de-lima-de-basquet-2026-584870,102,12712,0.8%,4.53
https://www.futbolperuano.com/mundial/noticias/convocados-al-mundial-2026-selecciones-y-jugadores-585047,102,5364,1.9%,6.71
https://www.futbolperuano.com/liga-voley/copa-panamericana-femenina/tabla-de-posiciones,102,2964,3.44%,7.38
https://www.futbolperuano.com/copa-peru/noticias/se-oficializan-los-primeros-clasificados-a-la-etapa-departamental-copa-peru-2026-585307,102,2030,5.02%,5.77
https://www.futbolperuano.com/futbol-de-menores/copa-desarrollo-oro/tabla-de-posiciones,102,397,25.69%,4.26
https://www.futbolperuano.com/liga-1/noticias/universitario-contacto-a-rodrigo-urena-para-un-posible-regreso-585200,101,34942,0.29%,5.11
https://www.futbolperuano.com/liga-1/noticias/universitario-vs-atletico-grau-en-vivo-online-por-fecha-15-del-torneo-apertura-de-liga-1-2026-583575,101,15650,0.65%,6.85
https://www.futbolperuano.com/liga-2/noticias/union-comercio-vs-pirata-fc-en-vivo-online-por-la-fecha-5-del-grupo-1-de-la-fase-regular-de-la-liga-2-581854,101,14945,0.68%,8.78
https://www.futbolperuano.com/en-vivo/liga-2-carlos-mannucci-vs-pirata-fc-en-vivo-584637,101,9002,1.12%,8.9
https://www.futbolperuano.com/en-vivo/conmebol-sub-17-femenina-venezuela-vs-colombia-en-vivo-582785,101,3491,2.89%,6.56
https://www.futbolperuano.com/futbol-internacional/usa/tabla-de-posiciones,99,94691,0.1%,9.6
https://www.futbolperuano.com/copa-sudamericana/noticias/atletico-mineiro-vs-cienciano-en-vivo-por-la-copa-sudamericana-584174,99,40159,0.25%,7.24
https://www.futbolperuano.com/futbol-femenino/liga-femenina/alianza-lima-vs-universitario-fecha-hora-canal-del-clasico-de-la-liga-femenina-2026-583072,99,22349,0.44%,4.17
https://www.futbolperuano.com/liga-1/noticias/walter-paolella-dt-de-los-chankas-advierte-a-alianza-lima-584740,99,8975,1.1%,3.75
https://www.futbolperuano.com/liga-1/noticias/las-sorpresivas-declaraciones-de-raul-ruidiaz-tras-anotarle-a-universitario-el-inesperado-mensaje-de-amor-a-la-institucion-583775,99,8330,1.19%,5.43
https://www.futbolperuano.com/en-vivo/liga-femenina-2026-universitario-vs-yanapuma-en-vivo-584274,98,19829,0.49%,2.94
https://www.futbolperuano.com/liga-2/noticias/resultados-y-tabla-de-posiciones-de-fecha-8-de-fase-regional-de-la-liga-2-2026-584549,97,17806,0.54%,9.87
https://www.futbolperuano.com/peru/mas-del-futbol-peruano/fallecio-miguel-portanova-emblema-del-periodismo-deportivo-peruano-585461,97,4226,2.3%,5.36
https://www.futbolperuano.com/liga-voley/universidad-san-martin-se-quedo-sin-armadora-583790,97,2866,3.38%,8.21
https://www.futbolperuano.com/liga-1/noticias/cusco-fc-vs-los-chankas-en-vivo-online-por-la-fecha-14-del-torneo-apertura-de-liga-1-2026-582806,96,46163,0.21%,8.11
https://www.futbolperuano.com/liga-1/noticias/posibles-alineaciones-de-cienciano-vs-alianza-lima-por-la-fecha-15-del-torneo-apertura-de-la-liga-1-2026-583770,96,26423,0.36%,6.59
https://www.futbolperuano.com/en-vivo/copa-sudamericana-2026-cienciano-vs-juventud-las-piedras-en-vivo-585387,95,18200,0.52%,7.76
https://www.futbolperuano.com/liga-1/noticias/liga-1-atletico-grau-les-da-una-terrible-noticia-a-sus-hinchas-585409,95,15392,0.62%,9.03
https://www.futbolperuano.com/liga-1/noticias/deportivo-moquegua-vs-universitario-en-vivo-por-el-torneo-apertura-584670,95,5486,1.73%,5.52
https://www.futbolperuano.com/en-vivo/torneo-apertura-2026-deportivo-garcilaso-vs-juan-pablo-ii-en-vivo-585764,94,60700,0.15%,10.35
https://www.futbolperuano.com/liga-2/noticias/cesar-vallejo-vs-carlos-mannucci-en-vivo-online-por-la-fecha-5-del-grupo-1-de-la-fase-regular-de-la-liga-2-581804,94,12202,0.77%,9.1
https://www.futbolperuano.com/liga-2/noticias/comerciantes-fc-vs-estudiantil-cnien-vivo-por-la-liga-2-581789,94,7236,1.3%,8.46
https://www.futbolperuano.com/liga-2/noticias/binacional-recibe-terrible-noticia-en-la-previa-de-la-fecha-8-de-la-liga-2-584054,94,4868,1.93%,7.35
https://www.futbolperuano.com/liga-1/noticias/jairo-velez-sorprendio-al-recordar-su-paso-por-universitario-tras-ganar-el-torneo-apertura-con-alianza-lima-584928,94,4706,2%,5.74
https://www.futbolperuano.com/liga-voley/cuando-inicia-la-liga-de-naciones-de-voleibol-femenino-2026-584602,94,2646,3.55%,6.82
https://www.futbolperuano.com/liga-2/tabla-acumulada/tabla-de-posiciones,93,21926,0.42%,9.13
https://www.futbolperuano.com/futbol-femenino/liga-femenina/resultados-y-tabla-de-posiciones-de-la-fecha-5-de-la-liga-femenina-581761,93,4153,2.24%,9.28
https://www.futbolperuano.com/liga-1/noticias/sport-boys-tiene-en-la-mira-a-uno-de-los-maximos-goleadores-de-la-liga-1-del-2025-585512,93,2564,3.63%,7.46
https://www.futbolperuano.com/liga-1/noticias/diego-rebagliati-revela-que-chemo-del-solar-volveria-a-universitario-583070,92,22792,0.4%,2.94
https://www.futbolperuano.com/en-vivo/challenger-de-aix-en-provence-ignacio-buse-vs-alejandro-tabilo-en-vivo-581749,92,15654,0.59%,4.61
https://www.futbolperuano.com/liga-2/noticias/liga-2-como-se-jugaran-los-partidos-de-la-fecha-7-de-la-fase-regular-583007,92,10951,0.84%,9.53
https://www.futbolperuano.com/en-vivo/liga-2-binacional-vs-sport-huancayo-en-vivo-584626,92,8382,1.1%,7.93
https://www.futbolperuano.com/en-vivo/conmebol-sub-17-femenina-argentina-vs-brasil-en-vivo-582787,92,4437,2.07%,6.86
https://www.futbolperuano.com/mas-deportes/tenis/ignacio-buse-volvera-a-tener-accion-en-roland-garros-2026-585240,92,3651,2.52%,4.25
https://www.futbolperuano.com/liga-1/noticias/juan-pablo-ii-vs-alianza-atletico-en-vivo-por-el-torneo-apertura-583691,91,56468,0.16%,8.33
https://www.futbolperuano.com/radio/radio-corporacion-cerro-de-pasco-4352,91,10054,0.91%,6.09
https://www.futbolperuano.com/futbol-femenino/liga-femenina/liga-femenina-resultados-y-tabla-de-posiciones-de-la-fecha-6-del-torneo-apertura-582531,91,7196,1.26%,9.83
https://www.futbolperuano.com/liga-1/noticias/alianza-lima-pablo-guede-aclaro-su-futuro-y-confirmo-que-se-aleja-del-club-585270,91,2613,3.48%,5.55
https://www.futbolperuano.com/copa-libertadores/noticias/palmeiras-vs-junior-en-vivo-por-la-copa-libertadores-585257,90,146572,0.06%,7.97
https://www.futbolperuano.com/liga-1/noticias/sporting-cristal-vs-adt-de-tarma-en-vivo-por-el-torneo-apertura-584829,90,83044,0.11%,6.37
https://www.futbolperuano.com/copa-libertadores/noticias/posibles-alineaciones-de-universitario-vs-coquimbo-unido-por-la-fecha-4-de-la-fase-de-grupos-de-la-copa-libertadores-2026-582414,90,30884,0.29%,5.27
https://www.futbolperuano.com/liga-2/noticias/union-comercio-vs-deportivo-llacuabamba-en-vivo-por-la-liga-2-583841,90,21905,0.41%,9.73
https://www.futbolperuano.com/en-vivo/atp-500-de-hamburgo-2026-flavio-cobolli-vs-ignacio-buse-en-vivo-584046,90,13017,0.69%,5.14
https://www.futbolperuano.com/en-vivo/liga-femenina-2026-fc-killas-vs-universitario-en-vivo-585812,90,5820,1.55%,4.08
https://www.futbolperuano.com/peru/mas-del-futbol-peruano/se-reconstruira-historico-estadio-peruano-que-lleva-casi-9-anos-fuera-de-la-liga-1-583671,90,5675,1.59%,9.9
https://www.futbolperuano.com/en-vivo/amistoso-de-selecciones-sub-15-peru-vs-chile-en-vivo-583375,89,5549,1.6%,8.04
https://www.futbolperuano.com/liga-1/noticias/alianza-lima-y-su-radical-decision-con-pedro-aquino-582315,89,5234,1.7%,4.8
https://www.futbolperuano.com/futbol-de-menores/copa-federacion/copa-federacion-plata-promocional-programacion-de-la-fecha-2-en-las-series-1-y-2-581649,89,1403,6.34%,8.5
https://www.futbolperuano.com/liga-1/noticias/liga-1-resultados-y-tabla-de-posiciones-de-la-fecha-14-del-torneo-apertura-582543,88,68309,0.13%,9.41
https://www.futbolperuano.com/copa-libertadores/noticias/cusco-fc-vs-independiente-medellin-en-vivo-por-la-copa-libertadores-584103,88,23457,0.38%,7.39
https://www.futbolperuano.com/liga-1/noticias/deportivo-moquegua-vs-adt-de-tarma-en-vivo-online-por-fecha-14-de-torneo-apertura-de-liga-1-582693,88,20302,0.43%,8.29
https://www.futbolperuano.com/mas-deportes/tenis/ignacio-buse-ya-tiene-rival-para-su-debut-en-roland-garros-584445,88,19928,0.44%,5.69
https://www.futbolperuano.com/europa-league/noticias/friburgo-vs-aston-villa-en-vivo-online-por-la-final-europa-league-584264,88,15413,0.57%,5.66
https://www.futbolperuano.com/liga-2/noticias/sport-huancayo-vs-bentin-tacna-heroica-en-vivo-por-la-liga-2-581694,88,14445,0.61%,9.74
https://www.futbolperuano.com/copa-libertadores/resultados,88,13960,0.63%,9.02
https://www.futbolperuano.com/en-vivo/copa-libertadores-2026-nacional-vs-universitario-en-vivo-584321,88,12613,0.7%,8.01
https://www.futbolperuano.com/liga-1/noticias/horacio-melgarejo-dt-de-cienciano-arremete-contra-alianza-lima-584135,88,11617,0.76%,3.88
https://www.futbolperuano.com/en-vivo/liga-2-binacional-vs-ayacucho-fc-en-vivo-582798,88,6762,1.3%,10.23
https://www.futbolperuano.com/partidos-por-tv/directv-sports-c3,88,5437,1.62%,9.55
https://www.futbolperuano.com/liga-voley/desde-brasil-dan-por-hecho-la-llegada-de-figura-de-alianza-lima-581602,88,1264,6.96%,6.91
https://www.futbolperuano.com/liga-voley/liga-peruana-de-voley-armadora-colombiana-se-va-de-alianza-lima-585420,88,1246,7.06%,2.71
https://www.futbolperuano.com/copa-libertadores/noticias/independiente-medellin-vs-flamengo-en-vivo-por-la-copa-libertadores-582243,87,43473,0.2%,7.71
https://www.futbolperuano.com/copa-libertadores/noticias/coquimbo-unido-vs-universitario-de-deportes-en-vivo-online-por-la-fecha-4-de-la-fase-de-grupos-de-la-copa-libertadores-2026-582397,87,28252,0.31%,4.68
https://www.futbolperuano.com/copa-libertadores/noticias/sporting-cristal-cuando-vuelve-a-jugar-por-el-grupo-f-de-la-copa-libertadores-2026-582245,87,21899,0.4%,7.09
https://www.futbolperuano.com/futbol-internacional/mundial-de-clubes/asi-marcha-el-ranking-de-la-conmebol-para-el-mundial-de-clubes-2029-581764,87,7292,1.19%,7.49
https://www.futbolperuano.com/liga-2/noticias/liga-2-como-se-jugaran-los-partidos-de-la-fecha-8-de-la-fase-regional-2026-583972,87,4318,2.01%,6.76
https://www.futbolperuano.com/liga-1/noticias/liga-1-fixture-de-cienciano-en-el-torneo-apertura-2026-558271,87,4282,2.03%,5.87
https://www.futbolperuano.com/futbol-femenino/liga-femenina/resultados,87,3323,2.62%,6.85
https://www.futbolperuano.com/liga-1/noticias/sport-boys-vs-comerciantes-unidos-en-vivo-online-por-fecha-17-del-torneo-apertura-de-liga-1-2026-585871,86,55234,0.16%,8.94
https://www.futbolperuano.com/en-vivo/liga-2-santos-vs-bentin-tacna-en-vivo-583737,86,19301,0.45%,8.63
https://www.futbolperuano.com/liga-1/noticias/que-fue-de-piero-cari-la-promesa-de-alianza-lima-que-desaparecio-de-las-convocatorias-en-2026-582905,86,11292,0.76%,5.09
https://www.futbolperuano.com/copa-libertadores/noticias/universitario-lo-que-necesita-para-clasificar-a-los-octavos-de-final-de-la-copa-libertadores-581774,86,11264,0.76%,4.85
https://www.futbolperuano.com/liga-1/noticias/hector-cuper-llegara-a-lima-para-asumir-universitario-y-ya-se-conoce-cuando-sera-presentado-582984,86,5707,1.51%,5.2
https://www.futbolperuano.com/en-vivo/torneo-apertura-2026-comerciantes-unidos-vs-deportivo-garcilaso-en-vivo-584660,85,99233,0.09%,10.75
https://www.futbolperuano.com/liga-1/noticias/sporting-cristal-vs-cusco-fc-en-vivo-online-por-fecha-13-del-torneo-apertura-de-liga-1-2026-581861,85,22434,0.38%,5.68
https://www.futbolperuano.com/liga-1/noticias/melgar-vs-sport-huancayo-en-vivo-por-el-torneo-apertura-583688,85,16742,0.51%,8.24
https://www.futbolperuano.com/liga-2/noticias/liga-2-como-se-jugara-la-fecha-6-de-la-fase-regional-2026-582262,85,5127,1.66%,7.53
https://www.futbolperuano.com/liga-voley/peru-y-su-lista-de-convocadas-para-la-copa-panamericana-sub-17-584328,85,2617,3.25%,6.61
https://www.futbolperuano.com/copa-libertadores/noticias/universitario-de-deportes-vs-deportes-tolima-canales-de-transmision-por-la-copa-libertadores-2026-585080,84,22626,0.37%,5.35
https://www.futbolperuano.com/copa-libertadores/noticias/universitario-cuando-vuelve-a-jugar-por-la-copa-libertadores-584355,84,22133,0.38%,7.23
https://www.futbolperuano.com/liga-2/noticias/cesar-vallejo-vs-san-martin-en-vivo-online-por-fecha-7-de-liga-2-2026-583804,84,8813,0.95%,6.44
https://www.futbolperuano.com/en-vivo/conmebol-sub-17-femenina-argentina-vs-venezuela-en-vivo-582319,84,3570,2.35%,8.3
https://www.futbolperuano.com/liga-1/noticias/utc-vs-fc-cajamarca-en-vivo-online-por-la-fecha-14-del-torneo-apertura-de-la-liga-1-2026-582561,83,45074,0.18%,7.9
https://www.futbolperuano.com/liga-2/noticias/alianza-universidad-vs-binacional-en-vivo-por-la-liga-2-585932,83,24813,0.33%,12.35
https://www.futbolperuano.com/liga-1/noticias/cuantos-equipos-descienden-en-la-liga-1-2025-546044,83,10459,0.79%,9.06
https://www.futbolperuano.com/liga-1/noticias/piero-quispe-ilusiona-al-hincha-de-universitario-con-un-posible-regreso-para-el-torneo-clausura-585978,83,9107,0.91%,4.06
https://www.futbolperuano.com/peru/clubes/union-minas-pasco/,83,7972,1.04%,7.86
https://www.futbolperuano.com/futbol-femenino/liga-femenina/universitario-de-deportes-se-impone-a-fc-killas-y-se-despunta-en-la-liga-femenina-2026-585894,83,7326,1.13%,3.73
https://www.futbolperuano.com/en-vivo/liga-2-cesar-vallejo-vs-san-martin-en-vivo-583824,83,6457,1.29%,7.5
https://www.futbolperuano.com/liga-1/noticias/el-sorpresivo-motivo-por-el-que-pablo-guede-se-nego-a-salir-a-celebrar-el-titulo-de-alianza-lima-584895,83,5069,1.64%,5.72
https://www.futbolperuano.com/peru/mas-del-futbol-peruano/mundialito-de-el-porvenir-collaval-jhammers-supero-a-cevicheria-mi-barrunto-y-se-queda-con-el-titulo-581786,83,4163,1.99%,7.97
https://www.futbolperuano.com/liga-voley/figura-de-universitario-de-deportes-se-despide-los-lleva-en-el-corazon-su-aliancista-mas-crema-582663,83,3864,2.15%,4.93
https://www.futbolperuano.com/en-vivo/torneo-apertura-2026-adt-vs-cusco-fc-en-vivo-585763,82,112451,0.07%,8.66
https://www.futbolperuano.com/liga-1/noticias/cuando-y-a-que-hora-juega-universitario-de-deportes-vs-juan-pablo-ii-581760,82,45929,0.18%,7.72
https://www.futbolperuano.com/liga-1/noticias/cienciano-vs-comerciantes-unidos-en-vivo-por-el-torneo-apertura-581782,82,29098,0.28%,7.81
https://www.futbolperuano.com/liga-1/noticias/universitario-perdio-a-alex-valera-para-el-duelo-ante-sport-boys-y-ya-tendria-listo-a-su-reemplazo-582966,82,12050,0.68%,8.11
https://www.futbolperuano.com/en-vivo/liga-2-estudiantil-cni-vs-sport-huancayo-en-vivo-582888,82,10914,0.75%,10.24
https://www.futbolperuano.com/futbol-femenino/resultados-y-tabla-de-posiciones-del-sudamericano-femenino-sub-17-580914,82,4615,1.78%,11.14
https://www.futbolperuano.com/copa-peru/noticias/resultados-partido-ida-fase-2-liga-provincial-de-arequipa-en-copa-peru-2026-583996,82,1233,6.65%,4.68
https://www.futbolperuano.com/copa-sudamericana/noticias/cienciano-tabla-de-posiciones-del-grupo-b-de-la-copa-sudamericana-2026-582252,81,102111,0.08%,7.47
https://www.futbolperuano.com/copa-sudamericana/noticias/copa-sudamericana-a-que-hora-se-jugara-el-cienciano-vs-juventud-en-el-cusco-585309,81,24748,0.33%,6.91
https://www.futbolperuano.com/liga-1/noticias/alianza-lima-vs-los-chankas-en-vivo-por-el-torneo-apertura-de-la-liga-1-584553,81,15039,0.54%,6.58
https://www.futbolperuano.com/mundial/noticias/con-cristiano-ronaldo-a-la-cabeza-los-convocados-de-portugal-para-el-mundial-2026-585316,81,10837,0.75%,6.31
https://www.futbolperuano.com/partidos-por-tv/copa-sudamericana-t6,81,8036,1.01%,9.7
https://www.futbolperuano.com/liga-2/noticias/carlos-mannucci-vs-pirata-fc-en-vivo-online-por-la-fecha-8-del-grupo-1-de-la-fase-regular-de-la-liga-2-2026-584847,81,7872,1.03%,9.28
https://www.futbolperuano.com/liga-voley/fecha-hora-y-canal-del-peru-vs-venezuela-por-las-semifinales-de-la-copa-panamericana-sub-17-585854,81,7311,1.11%,6.68
https://www.futbolperuano.com/liga-1/noticias/kily-gonzalez-es-uno-de-los-candidatos-para-dirigir-a-universitario-582865,80,33956,0.24%,5.97
https://www.futbolperuano.com/copa-libertadores/noticias/sporting-cristal-los-resultados-que-necesita-para-clasificarse-a-los-octavos-de-final-de-la-copa-libertadores-582368,80,20350,0.39%,4
https://www.futbolperuano.com/liga-1/noticias/los-chankas-tienen-dos-bajas-confirmadas-para-el-duelo-ante-alianza-lima-583959,80,11899,0.67%,9.16
https://www.futbolperuano.com/liga-3/noticias/la-liga-3-sorprende-con-el-numero-de-ascensos-que-dara-este-2026-581541,80,2383,3.36%,6.07
https://www.futbolperuano.com/liga-3/noticias/fixture-de-ecosem-pasco-para-la-temporada-2026-de-la-liga-3-584850,80,2341,3.42%,5.33
https://www.futbolperuano.com/mas-deportes/tenis/ignacio-buse-vence-a-tommy-paul-y-conquista-alemania-584799,80,2075,3.86%,4.53
https://www.futbolperuano.com/liga-1/noticias/sport-boys-vs-cusco-fc-en-vivo-por-el-torneo-apertura-de-la-liga-1-583486,79,38434,0.21%,6.52
https://www.futbolperuano.com/copa-libertadores/noticias/sporting-cristal-vs-palmeiras-en-vivo-por-la-copa-libertadores-582064,79,23402,0.34%,7.62
https://www.futbolperuano.com/copa-sudamericana/noticias/el-rival-de-sporting-cristal-si-supera-al-bragantino-en-la-copa-sudamericana-2026-585720,79,6626,1.19%,4.64
https://www.futbolperuano.com/copa-sudamericana/noticias/el-rival-de-cienciano-si-supera-a-lanus-en-los-play-off-de-la-copa-sudamericana-2026-585696,79,5964,1.32%,5.21
https://www.futbolperuano.com/seleccion/noticias/seleccion-peruana-quien-es-matias-cordova-el-nuevo-arquero-que-cito-mano-menezes-585679,79,2681,2.95%,5.54
https://www.futbolperuano.com/mundial/noticias/seleccion-espanola-anuncio-su-lista-final-para-el-mundial-2026-con-un-hecho-historico-sin-precedentes-584987,79,1924,4.11%,5.92
https://www.futbolperuano.com/liga-3/noticias/los-canales-transmitiran-en-vivo-cuartos-de-final-vuelta-de-la-liga-3-542822,79,1652,4.78%,6
https://www.futbolperuano.com/liga-3/noticias/juan-aurich-refuerza-su-delantera-antes-del-inicio-de-la-liga-3-585329,79,1481,5.33%,5.74
https://www.futbolperuano.com/copa-sudamericana/noticias/cienciano-cuando-vuelve-a-jugar-por-la-fase-de-grupos-de-la-copa-sudamericana-2026-582253,78,18102,0.43%,8.17
https://www.futbolperuano.com/partidos-por-tv/noticias/programacion-de-partidos-por-tv-del-sabado-30-de-mayo-del-2026-585747,78,4744,1.64%,5.02
https://www.futbolperuano.com/copa-peru/noticias/domingo-dianderas-rompe-el-mercado-de-pases-de-la-copa-peru-2026-580660,78,3928,1.99%,6.88
https://www.futbolperuano.com/mundial/noticias/con-el-regreso-de-neuer-alemania-confirmo-sus-convocados-para-mundial-2026-585354,78,3789,2.06%,6.88
https://www.futbolperuano.com/en-vivo/torneo-apertura-2026-alianza-atletico-vs-fc-cajamarca-en-vivo-584658,77,78756,0.1%,8.78
https://www.futbolperuano.com/copa-sudamericana/noticias/copa-sudamericana-tabla-de-posiciones-del-grupo-de-alianza-atletico-tras-resultados-de-fecha-4-582436,77,37708,0.2%,6.03
https://www.futbolperuano.com/liga-1/noticias/alianza-lima-los-chankas-o-cienciano-quien-tiene-el-fixture-mas-accesible-en-la-recta-final-del-torneo-apertura-2026-582948,77,18500,0.42%,7.8
https://www.futbolperuano.com/liga-voley/circolo-sportivo-italiano-se-refuerza-con-una-subcampeona-de-la-liga-peruana-584075,77,2369,3.25%,4.44
https://www.futbolperuano.com/futbol-femenino/liga-femenina/con-20-goles-en-2025-chelsea-vilca-llega-a-alianza-lima-para-el-tramo-decisivo-del-torneo-apertura-583243,77,2231,3.45%,4.07
https://www.futbolperuano.com/liga-voley/central-brasilena-llega-a-potenciar-la-liga-peruana-de-voley-584361,77,905,8.51%,6.99
https://www.futbolperuano.com/liga-1/noticias/asi-quedo-la-tabla-acumulada-de-la-liga-1-2026-tras-el-final-del-torneo-apertura-586022,76,15959,0.48%,8.5
https://www.futbolperuano.com/liga-1/noticias/universitario-tecnico-campeon-de-la-serie-a-aparece-en-el-radar-merengue-pero-su-salida-no-seria-sencilla-582816,76,10441,0.73%,6.41
https://www.futbolperuano.com/liga-2/noticias/academia-cantolao-vs-carlos-mannucci-en-vivo-por-la-liga-2-583840,76,7722,0.98%,9.9
https://www.futbolperuano.com/liga-2/noticias/comerciantes-fc-vs-binacional-en-vivo-por-la-liga-2-583484,76,7657,0.99%,9.17
https://www.futbolperuano.com/futbol-de-menores/copa-federacion/plata-promocional-serie-2/tabla-de-posiciones,76,1350,5.63%,7.13
https://www.futbolperuano.com/liga-1/noticias/deportivo-garcilaso-rechaza-las-fuertes-acusaciones-de-los-chankas-582107,75,23107,0.32%,7.03
https://www.futbolperuano.com/liga-voley/universitario-confirma-las-renovaciones-de-maluh-oliveira-y-catherine-flood-582598,75,9315,0.81%,2.84
https://www.futbolperuano.com/liga-1/noticias/puma-carranza-y-su-opinion-sobre-la-continuidad-de-jorge-araujo-en-universitario-582419,75,8683,0.86%,3.54
https://www.futbolperuano.com/peruanos-en-el-exterior/noticias/con-oliver-sonne-batalla-campal-en-el-clasico-entre-sparta-praga-y-slavia-en-republica-checa-582828,75,4978,1.51%,9.98
https://www.futbolperuano.com/liga-3/noticias/juan-aurich-se-rearma-con-todo-para-la-liga-3-582688,75,1748,4.29%,6.82
https://www.futbolperuano.com/liga-1/noticias/sport-boys-vs-universitario-a-que-hora-se-jugara-el-partido-por-la-fecha-14-del-torneo-apertura-582989,74,20920,0.35%,4.23
https://www.futbolperuano.com/liga-1/noticias/alianza-lima-vs-sporting-cristal-en-vivo-por-el-torneo-apertura-de-la-liga-1-2026-582565,74,19472,0.38%,5.75
https://www.futbolperuano.com/liga-1/noticias/alianza-lima-tiene-su-primera-baja-confirmada-para-visitar-a-cienciano-en-el-cusco-582904,74,15782,0.47%,9.06
https://www.futbolperuano.com/mundial/noticias/mundial-2026-fecha-hora-y-donde-ver-la-inauguracion-de-la-copa-del-mundo-583860,74,14955,0.49%,7.33
https://www.futbolperuano.com/en-vivo/femenina-2026-alianza-lima-vs-sporting-cristal-en-vivo-585814,74,9086,0.81%,7.5
https://www.futbolperuano.com/liga-1/noticias/diego-rebagliati-estallo-contra-sporting-cristal-tras-nueva-derrota-miren-que-viven-dormiditos-despiertense-que-estan-peleando-el-descenso-583784,74,6965,1.06%,6.41
https://www.futbolperuano.com/en-vivo/conmebol-libertadores-de-futsal-2026-panta-walon-vs-magnus-futsal-en-vivo-584996,74,4686,1.58%,7.11
https://www.futbolperuano.com/liga-1/noticias/cuantos-equipos-descenderan-en-la-liga-1-del-2025-501520,74,4299,1.72%,3.34
https://www.futbolperuano.com/liga-1/alianza-lima-vs-los-chankas-23-mayo-2026-liga-1-peru---torneo-apertura-m3230757,74,2268,3.26%,8.85
https://www.futbolperuano.com/liga-voley/fichajes-del-deportivo-geminis-para-la-liga-peruana-de-voley-20262027-583368,74,967,7.65%,6.29
https://www.futbolperuano.com/futbol-de-menores/liga-nacional-sub-16-peru/resultados,74,478,15.48%,4.89
https://www.futbolperuano.com/liga-1/noticias/deportivo-garcilaso-vs-juan-pablo-ii-en-vivo-por-el-torneo-apertura-585748,73,19080,0.38%,7.65
https://www.futbolperuano.com/liga-1/los-chankas-vs-utc-cajamarca-31-mayo-2026-liga-1-peru---torneo-apertura-m3230754,73,11347,0.64%,11.86
https://www.futbolperuano.com/liga-voley/peru-vs-venezuela-en-vivo-por-la-copa-panamericana-sub-17-585851,73,8059,0.91%,7.35
https://www.futbolperuano.com/en-vivo/liga-2-union-comercio-vs-pirata-en-vivo-581920,73,5477,1.33%,9.05
https://www.futbolperuano.com/futbol-internacional/brasil/copa-brasil/tabla-de-posiciones,73,2285,3.19%,8.39
https://www.futbolperuano.com/en-vivo/torneo-apertura-de-paraguay-2026-sportivo-san-lorenzo-vs-olimpia-en-vivo-582918,72,61358,0.12%,9.61
https://www.futbolperuano.com/copa-libertadores/noticias/nacional-vs-coquimbo-unido-en-vivo-online-por-la-fecha-6-de-la-copa-libertadores-2026-585076,72,38716,0.19%,6.97
https://www.futbolperuano.com/copa-libertadores/noticias/junior-de-barranquilla-vs-sporting-cristal-en-vivo-online-por-la-fecha-5-de-la-fase-de-grupos-de-la-copa-libertadores-584008,72,32889,0.22%,6.16
https://www.futbolperuano.com/peru/clubes/estudiantil-cni/,72,16287,0.44%,8.69
https://www.futbolperuano.com/liga-1/noticias/pablo-guede-se-rinde-ante-los-futbolistas-de-alianza-lima-tras-vencer-a-cienciano-583865,72,7070,1.02%,5.6
https://www.futbolperuano.com/copa-libertadores/noticias/hector-cuper-hablo-sobre-el-gol-fallado-por-martin-perez-guede-584430,72,4463,1.61%,5.62
https://www.futbolperuano.com/liga-voley/circolo-sportivo-italiano-se-refuerza-con-una-armadora-proveniente-de-suecia-584336,72,835,8.62%,4.86
https://www.futbolperuano.com/liga-2/noticias/union-minas-y-ecosem-pasco-planean-mudarse-a-estadio-de-mas-de-4-mil-metros-582028,71,10159,0.7%,7.39
https://www.futbolperuano.com/mundial/noticias/brahim-diaz-y-achraf-hakimi-lideran-la-convocatoria-de-marruecos-para-el-mundial-585719,71,9311,0.76%,7.22
https://www.futbolperuano.com/en-vivo/liga-2-cesar-vallejo-vs-carlos-mannucci-en-vivo-581707,71,6181,1.15%,10.22
https://www.futbolperuano.com/copa-peru/noticias/sekou-gassama-refuerzo-del-equipo-de-jorge-luna-en-copa-peru-584435,71,4737,1.5%,4.66
https://www.futbolperuano.com/futbol-internacional/inglaterra/the-championship/tabla-de-posiciones,70,146890,0.05%,10.95
https://www.futbolperuano.com/futbol-internacional/italia/tabla-de-posiciones,70,63142,0.11%,9.4
https://www.futbolperuano.com/futbol-de-menores/copa-federacion/resultados-de-la-copa-federacion-oro-2026-y-alianza-lima-es-el-unico-lider-582055,70,16657,0.42%,5.59
https://www.futbolperuano.com/partidos-por-tv/peru-liga-peruana-de-voley-femenino-lnsv-t295,70,7592,0.92%,9.12
https://www.futbolperuano.com/futbol-femenino/liga-femenina/atletico-andahuaylas-vence-a-sporting-cristal-y-comparte-la-cima-de-la-liga-femenina-2026-582931,70,6990,1%,6.33
https://www.futbolperuano.com/en-vivo/liga-2-deportivo-llacuabamba-vs-cesar-vallejo-en-vivo-582797,70,6256,1.12%,9.45
https://www.futbolperuano.com/liga-2/noticias/carlos-mannucci-vs-union-comercio-en-vivo-por-la-liga-2-582698,70,5562,1.26%,8.83
https://www.futbolperuano.com/en-vivo/amistoso-de-selecciones-peru-vs-chile-en-vivo-583612,70,4325,1.62%,7.18
https://www.futbolperuano.com/en-vivo/liga-femenina-2026-unsaac-vs-sporting-cristal-en-vivo-584496,70,4127,1.7%,5.1
https://www.futbolperuano.com/liga-3/noticias/cienciano-vs-melgar-en-vivo-por-la-liga-3-585793,70,3984,1.76%,9.24
https://www.futbolperuano.com/futbol-de-menores/copa-federacion-oro-2026-programacion-de-la-1ra-fecha-del-torneo-573613,70,2692,2.6%,6.14
https://www.futbolperuano.com/liga-3/noticias/un-nuevo-jugador-africano-llega-al-futbol-peruano-en-este-2026-583341,70,1808,3.87%,6.02
https://www.futbolperuano.com/liga-1/noticias/deportivo-moquegua-y-la-medida-que-tomara-ante-baja-asistencia-de-publico-582791,69,21386,0.32%,9.05
https://www.futbolperuano.com/liga-1/sport-boys-vs-universitario-de-deportes-11-mayo-2026-liga-1-peru---torneo-apertura-m3230726,69,8249,0.84%,8.7
https://www.futbolperuano.com/liga-1/noticias/fichajes-en-la-liga-1-2026-altas-bajas-renovaciones-y-remores--en-vivo-551575,69,1534,4.5%,5.68
https://www.futbolperuano.com/copa-peru/noticias/tras-fallo-los-clasificados-a-la-etapa-provincial-de-cajamarca-de-la-copa-peru-2026-581082,69,1373,5.03%,5.93
https://www.futbolperuano.com/copa-peru/noticias/programacion-de-la-fecha-1-de-la-liga-provincial-de-arequipa-en-copa-peru-2026-581558,69,1184,5.83%,5.27
https://www.futbolperuano.com/futbol-femenino/goleadores,69,246,28.05%,5.52
https://www.futbolperuano.com/liga-1/noticias/cuando-y-a-que-hora-juega-alianza-lima-vs-deportivo-moquegua-581759,68,18555,0.37%,6.58
https://www.futbolperuano.com/en-vivo/copa-libertadores-de-futsal-2026-carlos-barbosa-vs-panta-walon-en-vivo-585589,68,8700,0.78%,7.78
https://www.futbolperuano.com/en-vivo/liga-2-san-martin-union-comercio-en-vivo-584628,68,6815,1%,9.49
https://www.futbolperuano.com/futbol-femenino/liga-femenina/liga-femenina-como-se-jugaran-los-partidos-de-la-fecha-8-del-torneo-apertura-583994,68,2951,2.3%,5.56
https://www.futbolperuano.com/liga-1/noticias/deportivo-binacional-vuelve-a-la-liga-1-por-el-tribunal-constitucional-564982,68,906,7.51%,5.64
https://www.futbolperuano.com/liga-1/noticias/liga-1-alianza-atletico-les-da-una-terrible-noticia-a-sus-hinchas-584796,67,26158,0.26%,6.92
https://www.futbolperuano.com/liga-2/noticias/resultados-y-tabla-de-posiciones-de-la-fecha-5-de-la-liga-2-581678,67,12212,0.55%,10.31
https://www.futbolperuano.com/futbol-internacional/suecia/tabla-de-posiciones,67,10570,0.63%,9.23
https://www.futbolperuano.com/en-vivo/copa-mitad-del-mundo-sub-18-sporting-cristal-vs-independiente-juniors-en-vivo-585148,67,7552,0.89%,5.61
https://www.futbolperuano.com/liga-voley/,67,7234,0.93%,8.94
https://www.futbolperuano.com/liga-1/noticias/deportivo-moquegua-explico-por-que-no-bajo-los-precios-para-el-partido-universitario-584291,67,6699,1%,6.82
https://www.futbolperuano.com/liga-1/noticias/reimond-manco-arremete-contra-williams-riveros-y-pide-su-salida-de-universitario-583470,67,6209,1.08%,4.02
https://www.futbolperuano.com/partidos-por-tv/noticias/programacion-de-hoy-domingo-10-de-mayo-de-2026-horarios-del-futbol-en-vivo-por-television-en-el-peru-582844,67,3667,1.83%,6.58
https://www.futbolperuano.com/futbol-femenino/liga-femenina/universitario-aplasto-a-defensores-del-illucan-y-escala-a-la-cima-de-la-liga-femenina-582852,67,3107,2.16%,5.39
https://www.futbolperuano.com/liga-2/noticias/jesus-alvarez-y-su-polemica-salida-de-union-minas-tras-oponerse-a-una-decision-sobre-su-comando-tecnico-583214,67,2653,2.53%,7.85
https://www.futbolperuano.com/liga-voley/fichajes-del-atletico-atenea-para-la-liga-peruana-de-voley-20262027-583700,67,2297,2.92%,7.85
https://www.futbolperuano.com/copa-libertadores/noticias/deportes-tolima-vs-nacional-en-vivo-online-por-la-copa-libertadores-2026-582239,66,34242,0.19%,7.53
https://www.futbolperuano.com/liga-1/noticias/melgar-vs-utc-en-vivo-por-el-torneo-apertura-581788,66,18896,0.35%,8.06
https://www.futbolperuano.com/futbol-internacional/mundial-de-clubes/universitario-de-deportes-entro-al-top-10-del-ranking-conmebol-para-el-mundial-de-clubes-2029-581834,66,17208,0.38%,5.98
https://www.futbolperuano.com/futbol-de-menores/copa-federacion/copa-federacion-programacion-de-la-fecha-universitario-vs-alianza-lima-584458,66,14410,0.46%,3.64
https://www.futbolperuano.com/liga-1/noticias/alianza-lima-vs-sporting-cristal-se-confirma-el-arbitro-del-encuentro-por-la-fecha-14-del-torneo-apertura-582417,66,11760,0.56%,3.95
https://www.futbolperuano.com/peru/mas-del-futbol-peruano/donde-comprar-el-album-3-reyes-y-panini-del-mundial-qatar-2022-367490,66,10230,0.65%,9.28
https://www.futbolperuano.com/liga-2/noticias/ada-de-jaen-vs-cesar-vallejo-en-vivo-online-por-la-fecha-8-del-grupo-1-de-la-fase-regular-de-la-liga-2-2026-584931,66,5542,1.19%,8.47
https://www.futbolperuano.com/copa-peru/noticias/copa-peru-resultados-y-tabla-de-posiciones-en-la-fecha-3-de-la-liga-provincial-de-trujillo-581992,66,2563,2.58%,6.76
https://www.futbolperuano.com/copa-peru/noticias/comision-de-justicia-descendio-a-dos-equipos-tras-goleada-de-escandalo-584535,66,803,8.22%,5.73
https://www.futbolperuano.com/peru/mas-del-futbol-peruano/cuando-gana-la-u-el-pan-es-mas-rico-de-donde-proviene-esa-frase-460624,66,601,10.98%,3.78
https://www.futbolperuano.com/en-vivo/torneo-apertura-2026-cusco-fc-vs-los-chankas-en-vivo-582887,65,56358,0.12%,10.51
https://www.futbolperuano.com/en-vivo/torneo-apertura-2026-cienciano-vs-sporting-cristal-en-vivo-585779,65,24372,0.27%,6.38
https://www.futbolperuano.com/liga-1/noticias/universitario-vs-sport-huancayo-en-vivo-por-el-torneo-apertura-585909,65,22448,0.29%,6.85
https://www.futbolperuano.com/peruanos-en-el-exterior/noticias/con-oliver-sonne-y-joao-grimaldo-sparta-praga-clasifico-a-fase-previa-de-champions-league-2026-27-584887,65,5249,1.24%,7.13
https://www.futbolperuano.com/liga-2/noticias/fecha-hora-y-canal-del-comerciantes-fc-vs-deportivo-binacional-583322,65,3584,1.81%,8.78
https://www.futbolperuano.com/peru/mas-del-futbol-peruano/los-10-clubes-peruanos-mas-antiguos-que-aun-siguen-en-competencia-505793,65,2327,2.79%,4.93
https://www.futbolperuano.com/copa-peru/noticias/deportivo-municipal-confirmo-su-participacion-en-la-copa-peru-2026-584192,65,2274,2.86%,6.11
https://www.futbolperuano.com/liga-1/noticias/universitario-delantero-con-pasado-en-alianza-lima-podria-llegar-a-la-u-para-el-torneo-clausura-2026-585611,65,1566,4.15%,3.07
https://www.futbolperuano.com/futbol-de-menores/mundial-montaigu/resultados,65,886,7.34%,7.7
https://www.futbolperuano.com/futbol-de-menores/,65,593,10.96%,6.03
https://www.futbolperuano.com/en-vivo/torneo-apertura-2026-atletico-grau-vs-deportivo-moquegua-en-vivo-585726,64,59877,0.11%,9.67
https://www.futbolperuano.com/liga-voley/peru-vs-canada-en-vivo-por-la-copa-panamericana-sub-17-585955,64,4577,1.4%,7.26
https://www.futbolperuano.com/liga-1/noticias/l1-max-gratis-en-movistar-como-ver-todos-los-partidos-de-la-liga-1-2026-561539,64,3230,1.98%,13.12
https://www.futbolperuano.com/futbol-de-menores/copa-federacion/plata-b-serie-2/resultados,64,1616,3.96%,7.13
https://www.futbolperuano.com/copa-libertadores/noticias/palmeiras-vs-cerro-porteno-en-vivo-online-por-fecha-5-de-copa-libertadores-2026-584170,63,39324,0.16%,7.37
https://www.futbolperuano.com/futbol-internacional/brasil/tabla-de-posiciones,63,30336,0.21%,9.84
https://www.futbolperuano.com/en-vivo/champions-league-202526-bayern-munich-vs-psg-en-vivo-582322,63,14625,0.43%,5.36
https://www.futbolperuano.com/en-vivo/la-liga-de-lima-de-basquet-2026-universitario-de-deportes-vs-municipalidad-de-la-punta-en-vivo-584861,63,13735,0.46%,3.79
https://www.futbolperuano.com/liga-2/noticias/ada-de-jaen-vs-san-martin-en-vivo-online-por-la-fecha-5-de-la-liga-2-2026-581849,63,5883,1.07%,8.24
https://www.futbolperuano.com/liga-1/clausura/resultados,63,3831,1.64%,15.33
https://www.futbolperuano.com/liga-2/noticias/estos-son-los-18-equipos-que-disputaran-la-liga-2-2026-553448,63,3703,1.7%,5.83
https://www.futbolperuano.com/liga-1/noticias/alianza-lima-vs-sporting-cristal-a-que-hora-se-jugara-el-partido-por-la-fecha-14-del-torneo-apertura-582792,62,34439,0.18%,6.92
https://www.futbolperuano.com/en-vivo/copa-sudamericana-2026-independiente-petrolero-vs-botafogo-en-vivo-584354,62,26822,0.23%,9.48
https://www.futbolperuano.com/futbol-de-menores/copa-federacion/copa-federacion-oro-resultados-de-la-octava-jornada-del-torneo-583217,62,12163,0.51%,3.48
https://www.futbolperuano.com/liga-2/noticias/union-minas-eligio-su-estadio-para-ser-local-en-la-liga-2-573385,62,2483,2.5%,5.66
https://www.futbolperuano.com/futbol-femenino/liga-femenina/atletico-andahuaylas-golea-a-cd-yanapuma-y-toma-la-cima-de-la-liga-femenina-2026-585760,62,1949,3.18%,3.33
https://www.futbolperuano.com/liga-1/noticias/liga-1-resultados-y-tabla-de-posiciones-de-la-fecha-16-del-torneo-apertura-2026-584537,61,22884,0.27%,7.95
https://www.futbolperuano.com/liga-1/noticias/los-chankas-encendio-la-previa-ante-alianza-lima-lanzo-un-fuerte-comunicado-exige-arbitro-fifa-y-hace-un-sorpresivo-pedido-584024,61,5799,1.05%,8.84
https://www.futbolperuano.com/partidos-por-tv/noticias/programacion-de-partidos-por-tv-del-viernes-15-de-mayo-del-2026-583521,61,4673,1.31%,4.1
https://www.futbolperuano.com/liga-1/noticias/comerciantes-unidos-oficializo-a-su-nuevo-entrenador-en-liga-1-584279,61,2503,2.44%,7.91
https://www.futbolperuano.com/futbol-de-menores/copa-federacion/resultados-copa-federacion-plata-b-2026-fecha-1-series-1-y-2-580413,61,1885,3.24%,6.6
https://www.futbolperuano.com/copa-peru/noticias/jose-galvez-a-un-triunfo-de-la-etapa-provincial-de-la-copa-peru-2026-576990,61,1876,3.25%,6.41
https://www.futbolperuano.com/copa-peru/noticias/copa-peru-2026-asi-se-jugaron-las-semifinales-de-ida-en-la-liga-provincial-de-trujillo-583944,61,1837,3.32%,5.37
https://www.futbolperuano.com/liga-1/noticias/los-chankas-vs-deportivo-moquegua-en-vivo-por-el-torneo-apertura-de-la-liga-1-583844,60,125154,0.05%,7.98
https://www.futbolperuano.com/copa-libertadores/noticias/ldu-de-quito-vs-always-ready-en-vivo-online-por-la-fecha-6-de-la-copa-libertadores-2026-585055,60,28104,0.21%,8.44
https://www.futbolperuano.com/copa-sudamericana/noticias/alianza-atletico-vs-america-de-cali-en-vivo-online-por-fecha-4-de-copa-sudamericana-2026-582241,60,27473,0.22%,7.98
https://www.futbolperuano.com/copa-peru/noticias/resultados-fecha-4-liga-provincial-de-piura-en-la-copa-peru-2026-583462,60,1213,4.95%,6.09
https://www.futbolperuano.com/futsal/futsalpro/resultados,60,1093,5.49%,7.32
https://www.futbolperuano.com/liga-3/noticias/resultados-y-tabla-de-posiciones-de-la-fecha-2-de-la-fase-final-por-la-liga-3-2025-532278,60,960,6.25%,2.08
https://www.futbolperuano.com/copa-libertadores/noticias/cusco-fc-vs-estudiantes-de-la-plata-en-vivo-por-la-copa-libertadores-582233,59,33037,0.18%,7.3
https://www.futbolperuano.com/peru/clubes/adt/,59,23891,0.25%,8.03
https://www.futbolperuano.com/liga-1/noticias/cienciano-podria-perder-a-horacio-melgarejo-tras-el-interes-de-un-gigante-ecuatoriano-583617,59,12108,0.49%,5.21
https://www.futbolperuano.com/liga-2/noticias/binacional-vs-ayacucho-fc-en-vivo-por-la-liga-2-582707,59,8096,0.73%,8.99
https://www.futbolperuano.com/futbol-femenino/liga-femenina/liga-femenina-resultados-y-tabla-de-posiciones-de-la-fecha-7-del-torneo-apertura-583569,59,7790,0.76%,10.02
https://www.futbolperuano.com/peru/clubes/ada-jaen/,59,6807,0.87%,7.45
https://www.futbolperuano.com/mas-deportes/noticias/el-gran-salto-de-ignacio-buse-de-entrenar-con-djokovic-a-meterse-a-los-cuartos-de-final-del-atp-500-584353,59,5558,1.06%,4.02
https://www.futbolperuano.com/liga-voley/la-seleccion-peruana-de-voley-recibe-dos-terribles-noticias-583817,59,1958,3.01%,6.36
https://www.futbolperuano.com/peru/mas-del-futbol-peruano/academias-de-futbol-en-surco-499115,59,1131,5.22%,6.42
https://www.futbolperuano.com/en-vivo/j500-de-milan-2026-jamie-mackenzie-vs-nicolas-baena-en-vivo-584612,59,454,13%,5.36
https://www.futbolperuano.com/copa-libertadores/noticias/universitario-de-deportes-vs-deportes-tolima-en-vivo-online-por-la-fecha-6-de-la-fase-de-grupos-de-la-copa-libertadores-2026-584964,58,22081,0.26%,6.4
https://www.futbolperuano.com/copa-libertadores/noticias/copa-libertadores-tabla-de-posiciones-del-grupo-de-universitario-de-deportes-tras-resultados-de-fecha-4-582597,57,46056,0.12%,8.59
https://www.futbolperuano.com/liga-1/noticias/juan-pablo-ii-lanza-dura-advertencia-a-universitario-en-la-previa-al-duelo-en-trujillo-581874,57,17116,0.33%,6.84
https://www.futbolperuano.com/liga-2/noticias/resultados-y-tabla-de-posiciones-de-la-fecha-7-de-la-fase-regional-de-la-liga-2-2026-583551,57,16579,0.34%,9.49
https://www.futbolperuano.com/liga-1/noticias/horacio-melgarejo-dt-de-cienciano-revela-que-procedera-legalmente-contra-mr-peet-584747,57,6576,0.87%,4.92
https://www.futbolperuano.com/en-vivo/liga-2-cantolao-vs-carlos-mannucci-en-vivo-583819,57,5218,1.09%,8.88
https://www.futbolperuano.com/liga-1/noticias/fc-cajamarca-en-llamas-hernan-barcos-rompio-el-silencio-y-confirmo-una-gravisima-denuncia-en-la-interna-584938,57,4637,1.23%,5.81
https://www.futbolperuano.com/liga-1/noticias/la-revancha-de-marco-huaman-hizo-la-pretemporada-en-cienciano-regreso-a-alianza-lima-y-los-dejo-fuera-del-apertura-583872,57,3641,1.57%,4.89
https://www.futbolperuano.com/liga-voley/fichajes-de-regatas-lima-para-la-liga-peruana-de-voley-20262027-583355,57,1944,2.93%,5.13
https://www.futbolperuano.com/futbol-de-menores/copa-federacion/copa-federacion-2026-programacion-de-partidos-del-fin-de-semana-del-15-al-18-de-mayo-583483,57,1653,3.45%,7.34
https://www.futbolperuano.com/peru/mas-del-futbol-peruano/el-insolito-equipo-en-el-que-jugara-patricio-arce-tras-salir-de-prision-582608,57,1470,3.88%,7.87
https://www.futbolperuano.com/liga-2/noticias/liga-2-liga-de-futbol-profesional-emite-comunicado-tras-renuncia-de-san-marcos-y-confirma-sanciones-580062,57,1366,4.17%,7.39
https://www.futbolperuano.com/liga-voley/de-la-liga-peruana-de-voley-al-levski-sofia-de-bulgaria-584348,57,544,10.48%,6.39
https://www.futbolperuano.com/peru/clubes/cienciano/,56,96774,0.06%,8.6
https://www.futbolperuano.com/futbol-internacional/brasil/serie-b/tabla-de-posiciones,56,49413,0.11%,9.58
https://www.futbolperuano.com/liga-2/noticias/liga-2-resultados-y-tabla-de-posiciones-de-la-fecha-6-de-la-fase-regional-582571,56,14883,0.38%,9.5
https://www.futbolperuano.com/partidos-por-tv/premier-league-de-inglaterra-t21,56,9081,0.62%,10.57
https://www.futbolperuano.com/copa-sudamericana/noticias/copa-sudamericana-sporting-cristal-y-cienciano-ya-conocen-a-sus-rivales-en-los-playoffs-585643,56,4642,1.21%,5.25
https://www.futbolperuano.com/liga-1/noticias/tras-su-gran-presente-en-universitario-cain-fara-sera-convocado-a-por-palestina-584470,56,2900,1.93%,3.85
https://www.futbolperuano.com/copa-peru/noticias/copa-peru-2026-resultados-de-los-partidos-de-la-fecha-3-de-la-liga-provincial-de-chiclayo-584014,56,1423,3.94%,5.14
https://www.futbolperuano.com/liga-1/noticias/adt-vs-atletico-grau-en-vivo-online-por-la-fecha-13-del-torneo-apertura-de-la-liga-1-2026-581797,55,23707,0.23%,8.31
https://www.futbolperuano.com/futbol-internacional/alemania/tabla-de-posiciones,55,17370,0.32%,10.16
https://www.futbolperuano.com/liga-1/noticias/por-que-jose-rivera-volvio-a-quedar-fuera-de-la-convocatoria-de-universitario-para-enfrentar-a-sport-huancayo-585912,55,15920,0.35%,5.38
https://www.futbolperuano.com/peru/clubes/alianza-universidad-huanuco/,55,15629,0.35%,8.28
https://www.futbolperuano.com/liga-1/noticias/tradicional-estadio-de-la-liga-1-preocupa-por-sus-tribunas-de-madera-583487,55,13985,0.39%,5.39
https://www.futbolperuano.com/liga-1/noticias/liga-1-quien-sera-el-arbitro-del-alianza-lima-vs-los-chankas-584319,55,10906,0.5%,5.48
https://www.futbolperuano.com/liga-2/noticias/liga-2-resultados-y-tabla-de-posiciones-de-la-fecha-9-de-la-fase-regular-585584,55,9433,0.58%,8.99
https://www.futbolperuano.com/mas-deportes/noticias/ignacio-buse-se-despidio-del-masters-montecarlo-tras-perder-con-frances-tiafoe-582826,55,4974,1.11%,5.37
https://www.futbolperuano.com/seleccion/noticias/seleccion-peruana-mano-menezes-presento-su-lista-de-convocados-para-los-amistosos-ante-haiti-y-espana-585578,55,1995,2.76%,5.33
https://www.futbolperuano.com/futbol-de-menores/copa-desarrollo-oro/resultados,55,321,17.13%,4.55
https://www.futbolperuano.com/liga-1/noticias/utc-recibe-dura-sancion-en-la-liga-1-y-se-complica-en-el-torneo-apertura-582542,54,17168,0.31%,9.31
https://www.futbolperuano.com/en-vivo/torneo-apertura-2026-universitario-vs-atletico-grau-en-vivo-583708,54,12534,0.43%,5.98
https://www.futbolperuano.com/partidos-por-tv/noticias/programacion-de-partidos-por-tv-del-martes-05-de-mayo-del-2026-582078,54,3204,1.69%,5.28
https://www.futbolperuano.com/partidos-por-tv/copa-mitad-del-mundo-sub-18-t367,54,1499,3.6%,8.93
https://www.futbolperuano.com/copa-libertadores/noticias/copa-libertadores-tabla-de-posiciones-del-grupo-de-universitario-de-deportes-tras-resultados-de-fecha-3-581571,53,116035,0.05%,7.52
https://www.futbolperuano.com/copa-libertadores/noticias/corinthians-vs-platense-en-vivo-por-la-copa-libertadores-585255,53,87344,0.06%,9.44
https://www.futbolperuano.com/liga-1/deportivo-moquegua-vs-adt-tarma-9-mayo-2026-liga-1-peru---torneo-apertura-m3230723,53,21391,0.25%,10.02
https://www.futbolperuano.com/liga-1/noticias/utc-vs-sport-boys-en-vivo-online-por-la-fecha-16-del-torneo-apertura-de-la-liga-1-2026-584723,53,16945,0.31%,8.27
https://www.futbolperuano.com/liga-1/noticias/cienciano-que-resultados-necesita-para-ganar-el-torneo-apertura-2026-583182,53,7427,0.71%,6.7
https://www.futbolperuano.com/liga-1/noticias/los-3-equipos-descendidos-de-la-liga-1-del-2025-que-jugaran-la-segunda-division-el-proximo-ano-552535,53,7305,0.73%,5.92
https://www.futbolperuano.com/liga-1/noticias/los-10-estadios-mas-grandes-del-futbol-peruano-333771,53,6238,0.85%,6.39
https://www.futbolperuano.com/liga-1/noticias/liga-1-fixture-de-deportivo-moquegua-en-el-torneo-apertura-2026-558317,53,4220,1.26%,8.75
https://www.futbolperuano.com/futbol-femenino/,53,2781,1.91%,9.6
https://www.futbolperuano.com/liga-voley/atletico-atenea-asegura-tres-nombres-para-la-liga-peruana-de-voley-585121,53,2437,2.17%,4.72
https://www.futbolperuano.com/copa-peru/noticias/se-definieron-llaves-fase-2-de-la-liga-provincial-de-arequipa-en-copa-peru-2026-583476,53,1002,5.29%,5.35
https://www.futbolperuano.com/copa-libertadores/noticias/el-once-que-alista-universitario-para-el-duelo-clave-ante-nacional-por-la-copa-libertadores-584299,52,15783,0.33%,7.5
https://www.futbolperuano.com/liga-1/noticias/que-equipos-jugaran-la-recopa-peruana-584717,52,4930,1.05%,9.44
https://www.futbolperuano.com/partidos-por-tv/noticias/programacion-de-hoy-domingo-3-de-mayo-de-2026-horarios-del-futbol-en-vivo-por-television-en-el-peru-581872,52,4084,1.27%,7.77
https://www.futbolperuano.com/liga-1/alianza-lima-vs-sporting-cristal-9-mayo-2026-liga-1-peru---torneo-apertura-m3230735,52,3801,1.37%,8.55
https://www.futbolperuano.com/liga-1/noticias/rainer-torres-senalo-el-gran-problema-de-universitario-de-deportes-en-la-temporada-2026-582678,52,2103,2.47%,4.67
https://www.futbolperuano.com/liga-3/noticias/el-estadio-en-el-que-jugara-de-local-ucayali-fc-la-liga-3-584095,52,1737,2.99%,6.03
https://www.futbolperuano.com/mas-deportes/tenis/novak-djokovic-se-rinde-ante-ignacio-buse-tras-historica-conquista-en-hamburgo-584851,52,1620,3.21%,3.65
https://www.futbolperuano.com/futbol-internacional/italia/serie-b/tabla-de-posiciones,51,116301,0.04%,9.97
https://www.futbolperuano.com/copa-sudamericana/noticias/tigre-vs-alianza-atletico-en-vivo-por-la-copa-sudamericana-585263,51,53664,0.1%,9.26
https://www.futbolperuano.com/liga-1/noticias/liga-1-resultados-y-tabla-de-posiciones-de-la-fecha-15-del-torneo-apertura-2026-583537,51,33739,0.15%,8.18
https://www.futbolperuano.com/en-vivo/torneo-apertura-2026-juan-pablo-ii-vs-melgar-en-vivo-584620,51,30314,0.17%,8.81
https://www.futbolperuano.com/copa-sudamericana/noticias/academia-puerto-cabello-vs-cienciano-en-vivo-online-por-la-copa-sudamericano-2026-582114,51,29460,0.17%,8.59
https://www.futbolperuano.com/en-vivo/liga-2-deportivo-llacuabamba-vs-cantolao-en-vivo-584634,51,5918,0.86%,10.63
https://www.futbolperuano.com/partidos-por-tv/noticias/programacion-de-hoy-domingo-31-de-mayo-de-2026-horarios-del-futbol-en-vivo-por-television-en-el-peru-585903,51,4150,1.23%,6.71
https://www.futbolperuano.com/futbol-femenino/liga-femenina/atletico-andahuaylas-gano-a-melgar-en-arequipa-y-repunta-en-la-liga-femenina-585051,51,2444,2.09%,6.21
https://www.futbolperuano.com/fichajes/,51,1354,3.77%,6.11
https://www.futbolperuano.com/copa-peru/noticias/copa-peru-7-clubes-consiguieron-su-boleto-a-la-fase-3-de-la-liga-provincial-de-huancayo-582951,51,1235,4.13%,6.6
https://www.futbolperuano.com/seleccion/noticias/matteo-perez-vinlof-reabre-la-puerta-a-peru-campeon-en-croacia-y-ahora-en-conversaciones-con-la-fpf-585228,51,1229,4.15%,5.44
https://www.futbolperuano.com/en-vivo/torneo-apertura-2026-sport-huancayo-vs-juan-pablo-ii-en-vivo-582885,50,35079,0.14%,10.03
https://www.futbolperuano.com/en-vivo/laliga-de-espana-barcelona-vs-real-madrid-en-vivo-582890,50,17089,0.29%,7.08
https://www.futbolperuano.com/liga-1/noticias/alianza-lima-vs-deportivo-moquegua-en-vivo-por-el-torneo-apertura-581787,50,13689,0.37%,6.21
https://www.futbolperuano.com/en-vivo/roland-garros-2026-gonzalo-bueno-vs-vitaliy-sachko-en-vivo-584189,50,9028,0.55%,5.87
https://www.futbolperuano.com/liga-voley/a-que-hora-se-juega-el-extra-game-de-la-liga-peruana-de-voley-581930,50,7389,0.68%,8.14
https://www.futbolperuano.com/eliminatorias/africa/tabla-de-posiciones,50,3922,1.27%,10.32
https://www.futbolperuano.com/liga-voley/tricampeona-con-alianza-lima-no-figura-entre-las-mejores-de-la-liga-peruana-de-voley-582001,50,2900,1.72%,5.53
https://www.futbolperuano.com/partidos-por-tv/noticias/programacion-de-partidos-por-tv-del-viernes-22-de-mayo-del-2026-584533,50,2637,1.9%,4.73
https://www.futbolperuano.com/liga-2/noticias/liga-2-como-se-jugaran-los-partidos-de-la-fecha-9-de-la-fase-regular-585208,50,2572,1.94%,6.69
https://www.futbolperuano.com/peruanos-en-el-exterior/noticias/felipe-chavez-define-su-futuro-tras-una-intensa-temporada-en-la-bundesliga-con-el-colonia-584980,50,2369,2.11%,5.84
https://www.futbolperuano.com/copa-peru/noticias/copa-peru-resultados-y-tabla-de-posiciones-en-la-fecha-1-de-la-liga-provincial-de-chiclayo-582104,50,1683,2.97%,7.75
https://www.futbolperuano.com/en-vivo/primera-division-de-paraguay-cerro-porteno-vs-rubio-nu-en-vivo-584907,49,88378,0.06%,11.42
https://www.futbolperuano.com/liga-1/deportivo-moquegua-vs-universitario-de-deportes-23-mayo-2026-liga-1-peru---torneo-apertura-m3230752,49,28564,0.17%,10.91
https://www.futbolperuano.com/liga-1/noticias/adt-vs-comerciantes-unidos-en-vivo-online-por-la-fecha-15-del-torneo-apertura-de-la-liga-1-2026-583807,49,24600,0.2%,9.47
https://www.futbolperuano.com/liga-1/noticias/cuando-vuelve-a-jugar-universitario-de-deportes-583129,49,8664,0.57%,5.31
https://www.futbolperuano.com/en-vivo/copa-libertadores-2026-bolivar-vs-independiente-rivadia-en-vivo-585372,49,8154,0.6%,7.51
https://www.futbolperuano.com/liga-1/noticias/universitario-de-deportes-jose-rivera-revelo-la-delicada-situacion-de-su-esposa-y-los-duros-ataques-que-recibe-585665,49,3013,1.63%,4.43
https://www.futbolperuano.com/liga-voley/la-francesa-maeva-orle-sorprende-a-los-hinchas-de-alianza-lima-583715,49,2953,1.66%,3.79
https://www.futbolperuano.com/liga-1/noticias/la-fpf-emitio-un-contundente-comunicado-y-rechazo-acatar-el-ascenso-de-binacional-ordenado-por-el-tc-584035,49,2534,1.93%,4.96
https://www.futbolperuano.com/liga-voley/sudamericano-sub-17-masculino/tabla-de-posiciones,49,1824,2.69%,7.68
https://www.futbolperuano.com/peru/clubes/cd-anda-juliaca/,49,1773,2.76%,5.29
https://www.futbolperuano.com/copa-peru/noticias/copa-peru-resultados-y-tabla-de-posiciones-en-la-fecha-2-de-la-liga-provincial-de-chiclayo-583024,49,1398,3.51%,7.23
https://www.futbolperuano.com/copa-peru/noticias/copa-peru-la-liga-provincial-de-huancayo-ya-tiene-a-sus-clasificados-al-cuadrangular-final-584949,49,649,7.55%,5.78
https://www.futbolperuano.com/copa-libertadores/noticias/ldu-de-quito-vs-lanus-en-vivo-online-por-fecha-5-de-la-copa-libertadores-2026-584205,48,18402,0.26%,9.08
https://www.futbolperuano.com/liga-1/noticias/ze-ricardo-defiende-al-plantel-de-sporting-cristal-tras-la-dura-crisis-en-la-liga-584934,48,7588,0.63%,4.46
https://www.futbolperuano.com/en-vivo/liga-femenina-2026-carlos-mannucci-vs-atletico-andahuaylas-en-vivo-581912,48,2484,1.93%,9.73
https://www.futbolperuano.com/liga-1/noticias/renato-tapia-es-opcion-para-alianza-lima-en-el-torneo-clausura-585115,48,2458,1.95%,4.79
https://www.futbolperuano.com/copa-peru/noticias/12-equipos-avanzan-a-la-fase-2-de-liga-provincial-de-piura-en-copa-peru-2026-584072,48,2182,2.2%,4.69
https://www.futbolperuano.com/futsal/futsalpro/tabla-de-posiciones,48,1675,2.87%,8.5
https://www.futbolperuano.com/peru/clubes/juventud-huracan-supe/,48,1484,3.23%,6.31
https://www.futbolperuano.com/partidos-por-tv/copa-panamericana-sub-17-de-voley-femenino-t474,48,1298,3.7%,7.32
https://www.futbolperuano.com/en-vivo/torneo-apertura-2026-alianza-atletico-vs-sport-huancayo-en-vivo-581917,47,40182,0.12%,11.68
https://www.futbolperuano.com/liga-1/noticias/los-chankas-finalmente-anunciaron-quien-sera-su-entrenador-para-el-resto-de-la-temporada-2026-583392,47,37438,0.13%,11.59
https://www.futbolperuano.com/liga-1/noticias/comerciantes-unidos-vs-melgar-en-vivo-online-por-fecha-14-del-torneo-apertura-de-liga-1-2026-582799,47,29857,0.16%,9.48
https://www.futbolperuano.com/copa-libertadores/noticias/nacional-vs-universitario-canales-de-transmision-por-la-copa-libertadores-2026-584199,47,27712,0.17%,5.65
https://www.futbolperuano.com/liga-1/noticias/utc-de-cajamarca-recupero-sus-puntos-camara-de-disputas-suspendio-la-sancion-minutos-despues-de-haberla-emitido-582552,47,3930,1.2%,8.64
https://www.futbolperuano.com/liga-1/noticias/abdiel-ayarza-y-su-increible-reaccion-hacia-los-hinchas-de-los-chankas-582142,47,3075,1.53%,5.95
https://www.futbolperuano.com/partidos-por-tv/disney-c53,47,2757,1.7%,7.11
https://www.futbolperuano.com/futbol-internacional/alemania/dfb-pokal/tabla-de-posiciones,47,1806,2.6%,12.78
https://www.futbolperuano.com/futsal/panta-walon-sigue-en-carrera-en-la-copa-libertadores-de-futsal-2026-585400,47,1319,3.56%,5.07
https://www.futbolperuano.com/copa-peru/noticias/liga-distrital-de-chiclayo-confirmo-su-fixture-y-equipos-participantes-copa-peru-2026-562778,47,1030,4.56%,5.53
https://www.futbolperuano.com/liga-1/utc-cajamarca-vs-sport-boys-23-mayo-2026-liga-1-peru---torneo-apertura-m3230739,46,46145,0.1%,10.04
https://www.futbolperuano.com/en-vivo/liga-femenina-2026-melgar-vs-unsaac-en-vivo-583682,46,15736,0.29%,6.3
https://www.futbolperuano.com/liga-1/noticias/quien-sera-el-arbitro-del-cienciano-vs-alianza-lima-583310,46,9105,0.51%,5.08
https://www.futbolperuano.com/futbol-internacional/argentina/tabla-de-posiciones,46,8835,0.52%,9.57
https://www.futbolperuano.com/liga-2/noticias/santos-fc-vs-bentin-tacna-heroica-en-vivo-por-la-liga-2-583739,46,6901,0.67%,8.45
https://www.futbolperuano.com/liga-1/noticias/liga-1-2026-se-confirma-como-se-jugaran-los-playoffs-y-la-definicion-por-el-titulo-nacional-560490,46,4496,1.02%,8.5
https://www.futbolperuano.com/peruanos-en-el-exterior/noticias/yordy-reyna-ascendio-a-la-premier-league-de-rusia-y-vuelve-a-la-orbita-de-la-seleccion-peruana-tras-su-gran-temporada-con-el-rodina-moscu-582745,46,3620,1.27%,9.52
https://www.futbolperuano.com/descentralizado/goleadores,46,2665,1.73%,6.53
https://www.futbolperuano.com/copa-peru/noticias/resultados-en-la-fecha-2-de-la-liga-provincial-de-piura-en-copa-peru-2026-582606,46,1524,3.02%,6.96
https://www.futbolperuano.com/liga-2/noticias/como-se-definira-el-descenso-en-la-liga-2-524624,46,1516,3.03%,9.8
https://www.futbolperuano.com/copa-peru/noticias/resultados-partidos-de-ida-fase-2-de-liga-provincial-chiclayo-en-copa-peru-2026-584977,46,1073,4.29%,6.55
https://www.futbolperuano.com/futbol-de-menores/copa-federacion/copa-federacion-plata-programacion-del-fin-de-semana-del-18-y-19-de-abril-580052,46,939,4.9%,6.17
https://www.futbolperuano.com/en-vivo/torneo-apertura-2026-universitario-vs-sport-huancayo-en-vivo-585770,45,22949,0.2%,6.72
https://www.futbolperuano.com/en-vivo/torneo-benefico-liga-3-alianza-lima-vs-sporting-cristal-en-vivo-582150,45,16310,0.28%,4.89
https://www.futbolperuano.com/peru/clubes/comerciantes-loreto/,45,10543,0.43%,10.19
https://www.futbolperuano.com/liga-1/noticias/sporting-cristal-avanza-negociaciones-con-una-de-las-figuras-de-sport-boys-para-el-torneo-clausura-2026-585450,45,7306,0.62%,4.06
https://www.futbolperuano.com/liga-1/juan-pablo-ii-vs-universitario-de-deportes-3-mayo-2026-liga-1-peru---torneo-apertura-m3230728,45,2006,2.24%,10.31
https://www.futbolperuano.com/copa-peru/noticias/copa-peru-resultados-de-la-fecha-1-en-la-fase-3-de-la-liga-provincial-de-huancayo-583940,45,1210,3.72%,5.15
https://www.futbolperuano.com/liga-3/noticias/como-quedo-el-partido-de-union-santo-domingo-ante-juventus-de-huamachuco-586007,45,826,5.45%,3.43
https://www.futbolperuano.com/copa-peru/noticias/los-grandes-de-canete-avanzan-a-la-etapa-provincial-de-la-copa-peru-577646,45,675,6.67%,5.03
https://www.futbolperuano.com/liga-2/noticias/deportivo-llacuabamba-vs-academia-cantolao-en-vivo-online-por-fecha-8-de-liga-2-2026-584885,44,55283,0.08%,10.39
https://www.futbolperuano.com/copa-libertadores/noticias/polemico-arbitro-se-hara-cargo-del-universitario-vs-nacional-de-montevideo-583745,44,28724,0.15%,4.07
https://www.futbolperuano.com/liga-1/cusco-futbol-club-vs-los-chankas-10-mayo-2026-liga-1-peru---torneo-apertura-m3230736,44,28445,0.15%,10.86
https://www.futbolperuano.com/copa-libertadores/noticias/arbitro-que-perdono-dos-rojas-directas-dirigira-el-sporting-cristal-vs-cerro-porteno-583744,44,13522,0.33%,5.71
https://www.futbolperuano.com/copa-libertadores/noticias/universitario-de-deportes-cuando-vuelve-a-jugar-por-la-fecha-5-de-la-copa-libertadores-2026-582596,44,12488,0.35%,5.57
https://www.futbolperuano.com/en-vivo/champions-league-202526-psg-vs-arsenal-en-vivo-585816,44,4725,0.93%,5.92
https://www.futbolperuano.com/liga-1/noticias/se-revela-el-detalle-que-podria-acelerar-el-regreso-de-raul-ruidiaz-a-universitario-585599,44,1664,2.64%,3.15
https://www.futbolperuano.com/liga-2/noticias/el-estadio-peruano-con-la-mejor-cancha-se-moderniza-para-el-futbol-profesional-583315,44,1653,2.66%,7.56
https://www.futbolperuano.com/liga-3/noticias/por-que-se-suspendio-el-partido-entre-carlos-stein-y-juventud-cautivo-585957,44,467,9.42%,4.51
https://www.futbolperuano.com/peru/clubes/los-chankas-apurimac/,43,95238,0.05%,8.16
https://www.futbolperuano.com/copa-libertadores/noticias/resultados-y-tabla-de-posiciones-de-la-fecha-6-de-la-copa-libertadores-584897,43,81316,0.05%,7.55
https://www.futbolperuano.com/liga-1/fbc-melgar-vs-utc-cajamarca-3-mayo-2026-liga-1-peru---torneo-apertura-m3230724,43,61780,0.07%,11.03
https://www.futbolperuano.com/liga-1/noticias/utc-de-cajamarca-se-quedo-sin-entrenador-583140,43,9744,0.44%,9.88
https://www.futbolperuano.com/peruanos-en-el-exterior/noticias/andre-carrillo-sumo-minutos-en-la-victoria-de-corinthians-ante-el-gremio-de-erick-noriega-585917,43,4404,0.98%,8.29
https://www.futbolperuano.com/futbol-femenino/liga-femenina/sporting-cristal-suma-tremendo-triunfo-en-cusco-en-el-torneo-apertura-femenino-584540,43,3214,1.34%,3.85
https://www.futbolperuano.com/copa-peru/noticias/copa-peru-resultados-de-los-partidos-de-ida-de-la-fase-2-de-la-liga-provincial-de-huancayo-581990,43,1905,2.26%,7.62
https://www.futbolperuano.com/peru/clubes/cultural-volante-bambamarca/,43,1720,2.5%,5.9
https://www.futbolperuano.com/en-vivo/liga-femenina-2026-flamengo-fbc-vs-defensores-del-ilucan-en-vivo-584461,43,1095,3.93%,6.27
https://www.futbolperuano.com/partidos-por-tv/copa-peru-t156,43,1093,3.93%,6.73
https://www.futbolperuano.com/copa-libertadores/noticias/resultados-y-tabla-de-posiciones-de-la-fecha-4-de-la-copa-libertadores-2026-581949,42,61172,0.07%,7.69
https://www.futbolperuano.com/liga-1/noticias/alianza-atletico-vs-sport-huancayo-en-vivo-online-por-la-fecha-13-del-torneo-apertura-de-la-liga-1-2026-581865,42,31003,0.14%,8.46
https://www.futbolperuano.com/copa-libertadores/noticias/santa-fe-vs-corinthians-en-vivo-por-la-copa-libertadores-582236,42,12230,0.34%,8.73
https://www.futbolperuano.com/copa-libertadores/noticias/hector-cuper-asumio-responsabilidad-por-eliminacion-de-universitario-de-copa-libertadores-2026-585292,42,9313,0.45%,6.41
https://www.futbolperuano.com/liga-1/noticias/cusco-fc-y-su-importante-anuncio-para-el-duelo-ante-los-chankas-por-la-liga-1-2026-582642,42,8511,0.49%,8.35
https://www.futbolperuano.com/copa-sudamericana/noticias/kevin-ortega-desato-la-polemica-en-brasil-millonarios-exploto-tras-el-final-ante-sao-paulo-584322,42,6272,0.67%,4.86
https://www.futbolperuano.com/futbol-femenino/liga-femenina/liga-femenina-como-se-jugaran-los-partidos-de-la-fecha-7-del-torneo-apertura-582994,42,2104,2%,8.08
https://www.futbolperuano.com/liga-3/noticias/que-canales-transmitiran-la-nueva-liga-3-516732,42,1725,2.43%,7.12
https://www.futbolperuano.com/liga-2/noticias/liga-2-como-se-jugara-la-fecha-5-de-la-fase-regional-2026-581205,42,1279,3.28%,7.57
https://www.futbolperuano.com/copa-peru/noticias/resultados-en-la-fecha-1-de-la-liga-distrital-de-cusco-por-copa-peru-2026-574106,42,839,5.01%,5.12
https://www.futbolperuano.com/copa-libertadores/noticias/coquimbo-unido-vs-deportes-tolima-en-vivo-online-por-fecha-5-de-copa-libertadores-2026-583982,41,18217,0.23%,8.39
https://www.futbolperuano.com/liga-2/noticias/alianza-universidad-vs-estudiantil-cni-en-vivo-por-la-liga-2-583481,41,5907,0.69%,8.58
https://www.futbolperuano.com/en-vivo/csna-international-cup-2026-universitario-de-deportes-vs-ldu-en-vivo-585295,41,5833,0.7%,3.3
https://www.futbolperuano.com/en-vivo/liga-nacional-juvenil-sub-18-academia-cantolao-vs-universitario-de-deportes-en-vivo-585673,41,5120,0.8%,5.72
https://www.futbolperuano.com/mundial/noticias/exgoleadores-de-alianza-lima-y-universitario-jugaran-el-mundial-2026-585143,41,4889,0.84%,4.59
https://www.futbolperuano.com/mundial/noticias/seleccion-de-curazao-anuncio-su-lista-final-para-el-mundial-2026-con-el-polemico-regreso-de-dick-advocaat-585227,41,4614,0.89%,9.77
https://www.futbolperuano.com/futbol-femenino/liga-femenina/atletico-andahuaylas-vence-de-visita-a-carlos-mannucci-en-la-liga-femenina-2026-581941,41,4031,1.02%,8.62
https://www.futbolperuano.com/copa-peru/noticias/unsch-se-corona-en-ayacucho-asi-quedo-la-tabla-y-los-clasificados-a-la-etapa-provincial-580156,41,796,5.15%,4.62
https://www.futbolperuano.com/futbol-de-menores/copa-federacion/,41,736,5.57%,5.73
https://www.futbolperuano.com/en-vivo/torneo-apertura-2026-sporting-cristal-vs-adt-en-vivo-584652,40,39895,0.1%,5.76
https://www.futbolperuano.com/liga-1/sport-boys-vs-cusco-futbol-club-16-mayo-2026-liga-1-peru---torneo-apertura-m3230749,40,31975,0.13%,9.46
https://www.futbolperuano.com/liga-1/noticias/resultados-y-tabla-de-posiciones-de-la-fecha-13-del-torneo-apertura-581688,40,23210,0.17%,10.08
https://www.futbolperuano.com/en-vivo/copa-sudamericana-2026-recoleta-vs-santos-en-vivo-582211,40,18920,0.21%,8.78
https://www.futbolperuano.com/en-vivo/copa-sudamericana-2026-blooming-vs-carabobo-en-vivo-584528,40,17724,0.23%,7.79
https://www.futbolperuano.com/seleccion/noticias/seleccion-peruana-hace-un-llamado-de-ultimo-momento-para-amistosos-ante-haiti-y-espana-585984,40,12851,0.31%,7.89
https://www.futbolperuano.com/futbol-femenino/usa-nwsl/tabla-de-posiciones,40,11867,0.34%,8.39
https://www.futbolperuano.com/partidos-por-tv/noticias/programacion-de-partidos-por-tv-del-miercoles-20-de-mayo-del-2026-584144,40,4569,0.88%,4.07
https://www.futbolperuano.com/liga-1/noticias/hector-cuper-y-su-rotundo-mensaje-tras-llegar-a-universitario-583625,40,3484,1.15%,3.61
https://www.futbolperuano.com/futbol-de-menores/copa-federacion/copa-federacion-oro-2026-resultados-de-la-fecha-10-585103,40,3257,1.23%,5.36
https://www.futbolperuano.com/partidos-por-tv/noticias/programacion-de-partidos-por-tv-del-martes-26-de-mayo-del-2026-585028,40,3164,1.26%,5.94
https://www.futbolperuano.com/partidos-por-tv/noticias/programacion-de-hoy-lunes-25-de-mayo-de-2026-horarios-del-futbol-en-vivo-por-television-en-el-peru-584908,40,2332,1.72%,6.95
https://www.futbolperuano.com/liga-1/noticias/loco-vargas-respalda-a-sekou-gassama-tras-su-complicado-panorama-en-universitario-582197,40,2096,1.91%,5.6
https://www.futbolperuano.com/partidos-por-tv/nativa-c31,40,1646,2.43%,6.9
https://www.futbolperuano.com/liga-1/noticias/universitario-sekou-gassama-sera-titular-frente-a-deportivo-moquegua-584814,39,69337,0.06%,2.89
https://www.futbolperuano.com/liga-1/cienciano-vs-comerciantes-unidos-2-mayo-2026-liga-1-peru---torneo-apertura-m3230715,39,40923,0.1%,12.82
https://www.futbolperuano.com/futbol-playa/tito-drago-sufre-terrible-goleada-y-queda-eliminado-de-la-copa-libertadores-de-futbol-playa-582595,39,27241,0.14%,8.22
https://www.futbolperuano.com/futbol-internacional/portugal/tabla-de-posiciones,39,19418,0.2%,9.75
https://www.futbolperuano.com/liga-1/noticias/los-chankas-que-resultados-necesitan-para-ganar-el-torneo-apertura-2026-583174,39,16476,0.24%,10.66
https://www.futbolperuano.com/mundial/noticias/peru-estara-presente-en-el-mundial-2026-578918,39,16413,0.24%,8.43
https://www.futbolperuano.com/en-vivo/torneo-benefico-liga-3-universitario-vs-sport-boys-en-vivo-582149,39,13288,0.29%,6.46
https://www.futbolperuano.com/en-vivo/copa-sudamericana-2026-atletico-mineiro-vs-cienciano-en-vivo-584511,39,7863,0.5%,7.43
https://www.futbolperuano.com/liga-1/noticias/universitario-renace-con-jorge-araujo-mas-goles-y-otra-cara-tras-la-salida-de-javier-rabanal-582070,39,4408,0.88%,4.29
https://www.futbolperuano.com/liga-2/noticias/con-uno-menos-union-minas-se-impuso-a-santos-fc-por-la-liga-2-2026-585778,39,4055,0.96%,7.68
https://www.futbolperuano.com/futbol-femenino/liga-femenina/sporting-cristal-aplasto-a-carlos-mannucci-y-sigue-firme-en-la-pelea-por-la-liga-femenina-2026-584940,39,2976,1.31%,5.25
https://www.futbolperuano.com/liga-1/noticias/se-confirmo-el-canal-transmitira-la-primera-edicion-de-la-copa-de-la-liga-583213,39,2231,1.75%,6.95
https://www.futbolperuano.com/partidos-por-tv/noticias/programacion-de-hoy-viernes-8-de-mayo-de-2026-horarios-del-futbol-en-vivo-por-television-en-el-peru-582559,39,2207,1.77%,6.63
https://www.futbolperuano.com/liga-voley/sudamericano-sub-17-femenino/resultados,39,1722,2.26%,8.29
https://www.futbolperuano.com/futbol-femenino/liga-naciones-conmebol/tabla-de-posiciones,39,1662,2.35%,9.81
https://www.futbolperuano.com/liga-1/noticias/liga-1-fixture-de-sport-boys-en-el-torneo-apertura-2026-558279,39,1446,2.7%,5.28
https://www.futbolperuano.com/liga-voley/fichajes-de-circolo-sportivo-italiano-altas-bajas-y-renovaciones-para-la-liga-peruana-de-voley-2026-27-583039,39,655,5.95%,6.56
https://www.futbolperuano.com/eliminatorias/tabla-de-posiciones,38,27856,0.14%,11.81
https://www.futbolperuano.com/liga-de-campeones/noticias/psg-vs-arsenal-en-vivo-online-por-la-final-de-la-champions-league-2025-26-585820,38,14055,0.27%,5.79
https://www.futbolperuano.com/liga-1/noticias/sport-boys-confirma-estadio-donde-recibira-a-universitario-de-deportes-por-el-torneo-apertura-2026-581718,38,12022,0.32%,6.87
https://www.futbolperuano.com/liga-1/noticias/christian-cueva-en-el-callao-dt-de-sport-boys-desliza-su-posible-llegada-para-el-torneo-clausura-582858,38,11706,0.32%,7.2
https://www.futbolperuano.com/en-vivo/a-league-de-australi-auckland-fc-vs-sydney-fc-en-vivo-584766,38,9474,0.4%,11.69
https://www.futbolperuano.com/en-vivo/copa-libertadores-2026-universitario-vs-deportes-tolima-en-vivo-585182,38,8379,0.45%,8.17
https://www.futbolperuano.com/liga-2/noticias/union-comercio-vs-ada-jaen-en-vivo-por-la-liga-2-585940,38,6031,0.63%,9.34
https://www.futbolperuano.com/peru/mas-del-futbol-peruano/el-estadio-peruano-que-era-de-los-mas-modernos-y-grandes-pero-ahora-esta-en-abandono-584729,38,4153,0.92%,7.94
https://www.futbolperuano.com/en-vivo/liga-2-pirata-fc-vs-cantolao-en-vivo-582990,38,3324,1.14%,9.98
https://www.futbolperuano.com/partidos-por-tv/noticias/programacion-de-hoy-martes-12-de-mayo-de-2026-horarios-del-futbol-en-vivo-por-television-en-el-peru-583041,38,2608,1.46%,7.09
https://www.futbolperuano.com/liga-voley/quien-es-julieta-lezcano-flamante-refuerzo-equipo-de-voley-alianza-lima-493082,38,1580,2.41%,4.94
https://www.futbolperuano.com/liga-voley/LNSV-masculino/tabla-de-posiciones,38,1088,3.49%,10.98
https://www.futbolperuano.com/liga-voley/un-nuevo-entrenador-brasileno-llega-a-la-liga-peruana-de-voley-583178,38,930,4.09%,8.02
https://www.futbolperuano.com/en-vivo/noticias/radios-fm-y-am-que-transmiten-partidos-de-futbol-en-peru-218752,38,909,4.18%,6.99
https://www.futbolperuano.com/en-vivo/liga-1-adt-de-tarma-vs-atletico-grau-en-vivo-581714,37,51835,0.07%,10.29
https://www.futbolperuano.com/peruanos-en-el-exterior/noticias/con-erick-noriega-gremio-vencio-a-santos-y-volvio-al-triunfo-en-el-brasileirao-584858,37,14336,0.26%,8.29
https://www.futbolperuano.com/liga-voley/vivian-baella-le-responde-a-cartas-notariales-de-flavia-montes-y-alianza-lima-583785,37,8801,0.42%,3.2
https://www.futbolperuano.com/peruanos-en-el-exterior/noticias/se-enciendes-las-alarmas-joao-grimaldo-salio-lesionado-en-el-triunfo-de-sparta-praga-581986,37,3824,0.97%,9.03
https://www.futbolperuano.com/liga-voley/representante-de-aixa-vigil-aseguro-que-la-voleibolista-no-quiere-seguir-en-la-san-martin-583203,37,3739,0.99%,6.14
https://www.futbolperuano.com/liga-voley/mundial-sub-17-femenino/tabla-de-posiciones,37,1428,2.59%,8.56
https://www.futbolperuano.com/radio/,37,1211,3.06%,7.82
https://www.futbolperuano.com/peru/mas-del-futbol-peruano/academias-de-futbol-en-san-juan-de-lurigancho-498154,37,1147,3.23%,6.89
https://www.futbolperuano.com/liga-voley/liga-peruana-de-voley-rebaza-acosta-intento-fichar-a-la-armadora-de-alianza-lima-583350,37,957,3.87%,6.11
https://www.futbolperuano.com/liga-3/noticias/centro-social-de-pariacoto-confirmo-a-9-refuerzos-para-la-liga-3-2026-582925,37,787,4.7%,5.74
https://www.futbolperuano.com/copa-peru/noticias/le-robaron-al-equipo-de-jorge-luna-en-la-copa-peru-2026-583021,37,781,4.74%,6.05
https://www.futbolperuano.com/liga-2/goleadores,37,339,10.91%,8.04
https://www.futbolperuano.com/futbol-de-menores/copa-desarrollo-plata/tabla-de-posiciones,37,191,19.37%,4.57
https://www.futbolperuano.com/liga-1/noticias/liga-1-resultados-y-tabla-de-posiciones-de-la-fecha-17-del-torneo-apertura-585549,36,33077,0.11%,7.72
https://www.futbolperuano.com/en-vivo/copa-sudamericana-2026-barracas-central-vs-olimpia-en-vivo-582345,36,14403,0.25%,4.82
https://www.futbolperuano.com/en-vivo/liga-peruana-de-voley-alianza-lima-vs-san-martin-en-vivo-580038,36,5091,0.71%,10.55
https://www.futbolperuano.com/partidos-por-tv/liga-nacional-superior-de-voleibol-del-peru-t295,36,4795,0.75%,8.86
https://www.futbolperuano.com/liga-2/noticias/estudiantil-cni-vs-sport-huancayo-en-vivo-por-la-liga-2-582574,36,3387,1.06%,9.9
https://www.futbolperuano.com/mundial/noticias/con-kubo-como-figura-maxima-japon-anuncio-sus-convocados-para-mundial-2026-585804,36,3170,1.14%,8.67
https://www.futbolperuano.com/liga-1/cienciano-vs-alianza-lima-16-mayo-2026-liga-1-peru---torneo-apertura-m3230742,36,2460,1.46%,9.15
https://www.futbolperuano.com/peruanos-en-el-exterior/noticias/piero-quispe-finalizo-su-prestamo-con-sydney-fc-y-busca-una-nueva-oportunidad-585253,36,2014,1.79%,5.68
https://www.futbolperuano.com/liga-1/noticias/ya-son-once-entrenadores-despedidos-en-lo-que-va-del-torneo-apertura-582301,36,1821,1.98%,6.44
https://www.futbolperuano.com/futbol-de-menores/jovenes-promesas/resultados,36,1104,3.26%,7.7
https://www.futbolperuano.com/copa-peru/noticias/se-cambio-el-formato-a-la-etapa-nacional-de-la-copa-peru-2026-557259,36,1096,3.28%,6.9
https://www.futbolperuano.com/mundial/noticias/lista-de-convocados-de-panama-para-el-mundial-2026-585209,36,1085,3.32%,6.66
https://www.futbolperuano.com/peru/clubes/uda-huancavelica/,36,1028,3.5%,6.42
https://www.futbolperuano.com/copa-peru/noticias/resultados-en-la-fecha-3-de-la-liga-provincial-piura-en-copa-peru-2026-583303,36,1006,3.58%,6.72
https://www.futbolperuano.com/liga-voley/peru-disputara-cuadrangular-internacional-con-rivales-europeos-y-asiaticos-583909,36,848,4.25%,6.44
https://www.futbolperuano.com/en-vivo/liga-femenina-2026-fc-killas-vs-yanapuma-en-vivo-582794,36,760,4.74%,9.01
https://www.futbolperuano.com/copa-peru/noticias/piura-definio-a-sus-tres-clasificados-a-la-etapa-provincial-copa-peru-2026-580831,36,545,6.61%,5.16
https://www.futbolperuano.com/peru/clubes/fbc-melgar/,35,41398,0.08%,8.24
https://www.futbolperuano.com/copa-libertadores/noticias/flamengo-vs-cusco-fc-en-vivo-online-por-la-fecha-6-de-la-copa-libertadores-2026-585086,35,17234,0.2%,6.81
https://www.futbolperuano.com/en-vivo/copa-sudamericana-2026-puerto-cabello-vs-cienciano-en-vivo-582209,35,13422,0.26%,8.92
https://www.futbolperuano.com/en-vivo/copa-sudamericana-2026-millonarios-vs-ohiggins-en-vivo-585210,35,11111,0.32%,6.01
https://www.futbolperuano.com/copa-sudamericana/resultados,35,9476,0.37%,10.33
https://www.futbolperuano.com/futbol-internacional/bod-glimt-vs-molde-4-mayo-2026-eliteserien-de-noruega-m3229959,35,9319,0.38%,10.02
https://www.futbolperuano.com/liga-1/noticias/utc-de-cajamarca-eligio-a-su-nuevo-tecnico-para-lo-que-resta-de-la-liga-1-2026-584840,35,8845,0.4%,7.4
https://www.futbolperuano.com/peruanos-en-el-exterior/noticias/felipe-chavez-presente-en-el-nuevo-empate-de-colonia-en-la-bundesliga-581838,35,8261,0.42%,10.47
https://www.futbolperuano.com/liga-2/noticias/bomba-en-la-liga-2-fc-san-marcos-sorprende-a-todos-con-decisiones-que-podrian-cambiar-la-historia-del-torneo-2026-577672,35,1818,1.93%,8.66
https://www.futbolperuano.com/liga-1/fbc-melgar-vs-sport-huancayo-16-mayo-2026-liga-1-peru---torneo-apertura-m3230737,34,39270,0.09%,10.64
https://www.futbolperuano.com/copa-sudamericana/noticias/resultados-y-tabla-de-posiciones-de-la-fecha-4-de-la-copa-sudamericana-2026-581951,34,33830,0.1%,9.09
https://www.futbolperuano.com/liga-1/noticias/juan-pablo-ii-le-responde-fuerte-a-melgar-tras-polemico-empate-en-chongoyape-584914,34,10554,0.32%,8.13
https://www.futbolperuano.com/peruanos-en-el-exterior/noticias/spezia-con-gianluca-lapadula-consumo-su-descenso-a-la-tercera-division-de-italia-582734,34,5245,0.65%,8.44
https://www.futbolperuano.com/copa-libertadores/noticias/como-se-jugara-la-fecha-4-de-la-copa-libertadores-2026-581728,34,3484,0.98%,8.4
https://www.futbolperuano.com/mas-deportes/noticias/gonzalo-bueno-vs-toby-samuel-en-vivo-online-por-la-clasificacion-al-cuadro-principal-de-roland-garros-584376,34,2791,1.22%,5.74
https://www.futbolperuano.com/partidos-por-tv/noticias/programacion-de-partidos-por-tv-del-miercoles-13-de-mayo-583262,34,1730,1.97%,4.28
https://www.futbolperuano.com/partidos-por-tv/noticias/programacion-de-partidos-por-tv-del-viernes-01-de-mayo-del-2026-581680,34,1594,2.13%,6.96
https://www.futbolperuano.com/peru/clubes/ad-tahuishco-moyobamba/,34,1257,2.7%,5.81
https://www.futbolperuano.com/copa-peru/noticias/copa-peru-2026-resultados-de-los-partidos-de-vuelta-de-la-fase-1-de-la-etapa-provincial-de-cajamarca-583027,34,1190,2.86%,7.02
https://www.futbolperuano.com/peru/mas-del-futbol-peruano/academias-de-futbol-en-el-distrito-de-los-olivos-499303,34,919,3.7%,7.83
https://www.futbolperuano.com/copa-sudamericana/noticias/gremio-vs-palestino-en-vivo-por-la-copa-sudamericana-584163,33,13937,0.24%,7.44
https://www.futbolperuano.com/partidos-por-tv/noticias/programacion-de-partidos-por-tv-del-sabado-2-de-mayo-581809,33,4254,0.78%,4.78
https://www.futbolperuano.com/liga-1/universitario-de-deportes-vs-atletico-grau-15-mayo-2026-liga-1-peru---torneo-apertura-m3230755,33,3332,0.99%,9.58
https://www.futbolperuano.com/mundial/noticias/suecia-presento-su-lista-de-convocados-para-el-mundial-2026-585980,33,2530,1.3%,8.06
https://www.futbolperuano.com/en-vivo/copa-libertadores-de-futsal-2026-centauros-vs-panta-en-vivo-584898,33,2474,1.33%,7.81
https://www.futbolperuano.com/peru/clubes/nacional-fbc-mollendo/,33,1775,1.86%,6.44
https://www.futbolperuano.com/futbol-de-menores/copa-federacion/resultados-de-la-copa-federacion-oro-2026-y-universitario-sigue-lider-580290,33,1356,2.43%,6.38
https://www.futbolperuano.com/liga-1/noticias/claudio-biaggio-tecnico-de-comerciantes-unidos-hablo-de-su-pelea-con-horacio-melgarejo-de-cienciano-581934,33,1162,2.84%,5.82
https://www.futbolperuano.com/copa-peru/noticias/resultados-fecha-2-de-fase-3-liga-provincial-huancayo-copa-peru-2026-584460,33,1049,3.15%,5.55
https://www.futbolperuano.com/copa-peru/noticias/atletico-torino-fue-sorprendido-en-la-copa-peru-2026-584063,33,925,3.57%,4.38
https://www.futbolperuano.com/copa-peru/noticias/la-liga-distrital-de-arequipa-ya-tiene-fixture-en-la-copa-peru-2026-562467,33,895,3.69%,6.71
https://www.futbolperuano.com/seleccion/noticias/seleccion-peruana-sub-20-thiago-kosloski-presenta-convocatoria-con-figuras-locales-y-talentos-del-exterior-574619,33,879,3.75%,6.67
https://www.futbolperuano.com/liga-1/noticias/liga-1-del-futbol-peruano-2021-tabla-de-posiciones-del-puntaje-acumulado-313201,33,811,4.07%,27.98
https://www.futbolperuano.com/copa-peru/noticias/copa-peru-la-liga-provincial-de-cajamarca-ya-conoce-a-sus-clasificados-a-la-fase-3-584954,33,789,4.18%,5.73
https://www.futbolperuano.com/en-vivo/brasileirao-2026-gremio-vs-flamengo-en-vivo-582923,32,70735,0.05%,11.19
https://www.futbolperuano.com/peru/clubes/sporting-cristal/,32,54513,0.06%,8.85
https://www.futbolperuano.com/copa-sudamericana/noticias/cienciano-tras-jugarse-la-jornada-3-asi-quedo-la-tabla-de-posiciones-del-grupo-b-de-la-copa-sudamericana-581561,32,50624,0.06%,7.65
https://www.futbolperuano.com/en-vivo/torneo-apertura-2026-adt-de-tarma-vs-comerciantes-unidos-en-vivo-583808,32,31768,0.1%,9.3
https://www.futbolperuano.com/en-vivo/copa-libertadores-2026-junior-de-barranquilla-vs-cerro-porteno-en-vivo-582522,32,28771,0.11%,6.17
https://www.futbolperuano.com/liga-1/atletico-grau-vs-deportivo-moquegua-29-mayo-2026-liga-1-peru---torneo-apertura-m3230756,32,21298,0.15%,10.79
https://www.futbolperuano.com/futbol-de-menores/copa-federacion/copa-federacion-oro-2026-resultados-y-tabla-de-posiciones-del-torneo-tras-la-novena-fecha-584045,32,5191,0.62%,7.65
https://www.futbolperuano.com/en-vivo/copa-libertadores-2026-sporting-cristal-vs-palmeiras-en-vivo-582187,32,3549,0.9%,8.81
https://www.futbolperuano.com/copa-peru/noticias/bella-esperanza-y-walter-ormeno-avanzan-etapa-provincial-copa-peru-2026-582073,32,3425,0.93%,8.76
https://www.futbolperuano.com/liga-1/noticias/liga-1-por-movistar-l1-max-ocupara-el-lugar-de-golperu-en-la-temporada-2026-561362,32,1881,1.7%,10.41
https://www.futbolperuano.com/liga-1/noticias/fc-cajamarca-le-responde-fuerte-a-arley-rodriguez-tras-su-denuncia-por-extorsion-584707,32,1875,1.71%,6.21
https://www.futbolperuano.com/partidos-por-tv/noticias/programacion-de-partidos-por-tv-del-sabado-23-de-mayo-584771,32,1545,2.07%,4.55
https://www.futbolperuano.com/liga-3/noticias/club-peruano-confirma-su-cambio-de-nombre-para-la-temporada-2026-585315,32,1393,2.3%,6.04
https://www.futbolperuano.com/liga-1/noticias/sekou-gassama-pide-por-una-ultima-oportunidad-en-universitario-de-deportes-583956,32,1094,2.93%,4.57
https://www.futbolperuano.com/liga-voley/atenea-open/resultados,32,989,3.24%,10.73
https://www.futbolperuano.com/liga-1/noticias/universitario-la-tinchera-norte-explota-contra-franco-velazco-alvaro-barco-y-senala-a-7-futbolistas-del-plantel-585624,32,962,3.33%,4.03
https://www.futbolperuano.com/futbol-de-menores/copa-federacion/oro-sub-13/resultados,32,282,11.35%,4.45
https://www.futbolperuano.com/peru/fedup/tabla-de-posiciones,32,280,11.43%,5.21
https://www.futbolperuano.com/futbol-femenino/liga-femenina/goleadores,32,213,15.02%,6.38
https://www.futbolperuano.com/liga-1/noticias/sport-huancayo-vs-cienciano-en-vivo-online-por-la-fecha-16-del-torneo-apertura-de-la-liga-1-2026-584828,31,38243,0.08%,7.98
https://www.futbolperuano.com/en-vivo/copa-sudamericana-2026-puerto-cabello-vs-juventud-las-piedras-en-vivo-584514,31,27003,0.11%,9.47
https://www.futbolperuano.com/liga-1/los-chankas-vs-deportivo-moquegua-17-mayo-2026-liga-1-peru---torneo-apertura-m3230745,31,20476,0.15%,10.76
https://www.futbolperuano.com/liga-1/noticias/vaticinio-en-matute-federico-girotti-marco-su-primer-gol-y-peter-arevalo-lanzo-una-contundente-promesa-no-puede-no-marcar-diferencia-en-el-peru-581947,31,17062,0.18%,7.02
https://www.futbolperuano.com/en-vivo/copa-libertadores-2026-always-ready-vs-mirassol-en-vivo-584118,31,14190,0.22%,7.45
https://www.futbolperuano.com/liga-1/juan-pablo-ii-vs-alianza-atletico-16-mayo-2026-liga-1-peru---torneo-apertura-m3230741,31,9844,0.31%,10.67
https://www.futbolperuano.com/liga-1/noticias/fc-cajamarca-vs-sport-boys-en-vivo-online-por-fecha-13-del-torneo-apertura-de-liga-1-2026-581690,31,9319,0.33%,8.55
https://www.futbolperuano.com/liga-2/noticias/deportivo-llacuabamba-vs-club-ucv-en-vivo-online-por-la-fecha-6-de-la-fase-regional-de-la-liga-2-2026-582763,31,8054,0.38%,7.36
https://www.futbolperuano.com/en-vivo/copa-peru-domingo-dianderas-vs-juventud-dos-de-mayo-580149,31,4633,0.67%,8.31
https://www.futbolperuano.com/liga-voley/liga-peruana-de-voley-cuando-se-jugara-el-tercer-partido-entre-alianza-lima-y-san-martin-por-la-final-581115,31,4348,0.71%,8.71
https://www.futbolperuano.com/peruanos-en-el-exterior/noticias/el-mas-cotizado-erick-noriega-consigue-historico-valor-y-ya-es-el-peruano-mas-caro-585926,31,2646,1.17%,4.66
https://www.futbolperuano.com/liga-1/noticias/deportivo-binacional-vuelve-a-la-liga-1-tras-fallo-del-tribunal-constitucional-583968,31,2460,1.26%,9.37
https://www.futbolperuano.com/liga-2/noticias/alianza-universidad-anuncio-la-salida-del-tecnico-peruano-juan-carlos-bazalar-582111,31,2246,1.38%,8.29
https://www.futbolperuano.com/partidos-por-tv/noticias/programacion-de-hoy-lunes-18-de-mayo-de-2026-horarios-del-futbol-en-vivo-por-television-en-el-peru-583900,31,1925,1.61%,6.71
https://www.futbolperuano.com/en-vivo/conmebol-sub-17-femenina-chile-vs-ecuador-en-vivo-582786,31,1459,2.12%,12.66
https://www.futbolperuano.com/peru/clubes/asa-fc-chancay/,31,1398,2.22%,5.79
https://www.futbolperuano.com/copa-peru/noticias/resultados-fecha-2-cuadrangular-final-liga-provincial-trujillo-en-copa-peru-2026-585504,31,1313,2.36%,5.24
https://www.futbolperuano.com/peru/mas-del-futbol-peruano/academias-de-futbol-en-el-distrito-de-comas-499766,31,1215,2.55%,6.62
https://www.futbolperuano.com/liga-voley/sudamericano-sub-17-femenino/tabla-de-posiciones,31,1055,2.94%,9.37
https://www.futbolperuano.com/copa-peru/noticias/que-paso-con-atletico-torino-en-la-copa-peru-2026-585340,31,931,3.33%,5.52
https://www.futbolperuano.com/peru/mas-del-futbol-peruano/academias-de-futbol-en-el-distrito-de-pueblo-libre-500116,31,357,8.68%,6.58
https://www.futbolperuano.com/en-vivo/copa-libertadores-2026-palmeiras-vs-cerro-porteno-en-vivo-584340,30,38146,0.08%,7.97
https://www.futbolperuano.com/liga-1/fc-cajamarca-vs-alianza-lima-31-mayo-2026-liga-1-peru---torneo-apertura-m3230761,30,13902,0.22%,10.03
https://www.futbolperuano.com/peru/mas-del-futbol-peruano/el-estadio-peruano-que-proyectaba-tener-90-mil-espectadores-pero-se-quedo-30-mil-573498,30,12726,0.24%,6.61
https://www.futbolperuano.com/partidos-por-tv/noticias/programacion-de-hoy-domingo-17-de-mayo-de-2026-horarios-del-futbol-en-vivo-por-television-en-el-peru-583836,30,9905,0.3%,9.21
https://www.futbolperuano.com/liga-2/noticias/pirata-fc-vs-academia-cantolao-en-vivo-online-por-la-fecha-6-de-la-liga-2-2026-582906,30,3965,0.76%,8.95
https://www.futbolperuano.com/eliminatorias/asia/tabla-de-posiciones,30,3830,0.78%,9.09
https://www.futbolperuano.com/fichajes/fichajes-de-alianza-lima-en-el-2026-altas-bajas-renovaciones-y-rumores-551778,30,2855,1.05%,5.01
https://www.futbolperuano.com/mundial/noticias/los-convocados-de-austria-para-el-mundial-2026-585238,30,2633,1.14%,7.27
https://www.futbolperuano.com/liga-1/noticias/los-beneficios-que-recibe-el-equipo-ganador-del-torneo-apertura-526901,30,2581,1.16%,6.99
https://www.futbolperuano.com/mas-deportes/noticias/gonzalo-bueno-debutara-ante-florent-bax-en-la-qualy-de-roland-garros-583882,30,1597,1.88%,4.1
https://www.futbolperuano.com/liga-3/noticias/nacional-de-mollendo-disputo-amistoso-internacional-con-miras-a-la-liga-3-2026-582911,30,1445,2.08%,7.48
https://www.futbolperuano.com/futbol-de-menores/copa-federacion/resultados-de-la-sexta-fecha-de-la-copa-federacion-plata-a-2026-581211,30,741,4.05%,5.78
https://www.futbolperuano.com/liga-voley/maeva-orle-y-laura-grajales-compartiran-equipo-en-la-superliga-brasilera-584136,30,645,4.65%,5.9
https://www.futbolperuano.com/futbol-de-menores/copa-federacion/plata/resultados,30,429,6.99%,6.13
https://www.futbolperuano.com/liga-1/noticias/alejandro-hohberg-envia-fuerte-advertencia-a-alianza-lima-tras-darle-la-victoria-a-cienciano-582878,29,45080,0.06%,7.44
https://www.futbolperuano.com/futbol-internacional/mexico/tabla-de-posiciones,29,18902,0.15%,10.68