Páginas principales,Clics,Impresiones,CTR,Posición
https://www.futbolperuano.com/partidos-por-tv/,85115,1371665,6.21%,6.38
https://www.futbolperuano.com/liga-1/tabla-acumulada/tabla-de-posiciones,7928,1498895,0.53%,8.55
https://www.futbolperuano.com/,7697,409784,1.88%,7.33
https://www.futbolperuano.com/futbol-femenino/tabla-de-posiciones,6207,56920,10.9%,5.98
https://www.futbolperuano.com/partidos-por-tv/liga-1-peru-c42,5216,495674,1.05%,6.62
https://www.futbolperuano.com/liga-2/tabla-de-posiciones,4405,202655,2.17%,4.92
https://www.futbolperuano.com/liga-voley/LNSV/resultados,3690,125221,2.95%,7.22
https://www.futbolperuano.com/liga-3/tabla-de-posiciones,3655,40025,9.13%,5.65
https://www.futbolperuano.com/liga-voley/LNSV/tabla-de-posiciones,2995,71633,4.18%,7.12
https://www.futbolperuano.com/liga-1/tabla-de-posiciones,2532,310352,0.82%,8
https://www.futbolperuano.com/en-vivo/liga-peruana-de-voley-san-martin-vs-universitario-en-vivo-578807,2120,85098,2.49%,5.2
https://www.futbolperuano.com/peruanos-en-el-exterior/,2044,10742,19.03%,4.88
https://www.futbolperuano.com/copa-peru/,2043,29428,6.94%,5.27
https://www.futbolperuano.com/liga-2/,1948,143549,1.36%,4.69
https://www.futbolperuano.com/en-vivo/,1679,35124,4.78%,7.78
https://www.futbolperuano.com/futbol-femenino/liga-femenina/liga-femenina-por-que-se-suspendio-el-partido-entre-yanapuma-y-alianza-lima-581110,1630,51591,3.16%,3.65
https://www.futbolperuano.com/futbol-femenino/liga-naciones-conmebol/tabla-de-posiciones-y-resultados-de-la-fecha-6-de-la-liga-de-naciones-femenina-de-la-conmebol-579554,1574,35196,4.47%,5.23
https://www.futbolperuano.com/en-vivo/sudamericano-sub-17-argentina-vs-bolivia-en-vivo-579299,1530,130438,1.17%,5.37
https://www.futbolperuano.com/liga-2/noticias/se-confirmo-el-canal-que-transmitira-los-partidos-de-la-liga-2-574855,1475,6015,24.52%,3.73
https://www.futbolperuano.com/en-vivo/universitario-vs-alianza-lima-en-vivo-liga-1-del-futbol-peruano-577292,1270,63557,2%,7.92
https://www.futbolperuano.com/en-vivo/peru-vs-paraguay-en-vivo-por-la-conmebol-liga-de-naciones-femenina-579425,1261,35618,3.54%,5.65
https://www.futbolperuano.com/en-vivo/universitario-de-deportes-vs-san-martin-por-la-liga-peruana-de-voley-femenino-577307,1204,207865,0.58%,3.99
https://www.futbolperuano.com/liga-voley/cuando-y-donde-comprar-entradas-para-las-series-finales-de-la-liga-peruana-de-voley-579149,1192,41895,2.85%,5.94
https://www.futbolperuano.com/liga-3/noticias/la-liga-3-ya-tiene-fecha-de-inicio-en-este-2026-579359,1166,11381,10.25%,4.14
https://www.futbolperuano.com/liga-voley/liga-peruana-de-voley-cuando-se-juegan-las-finales-entre-alianza-lima-y-san-martin-578853,1047,42283,2.48%,5.38
https://www.futbolperuano.com/en-vivo/liga-peruana-de-voley-alianza-lima-vs-san-martin-en-vivo-580038,1038,79163,1.31%,5.49
https://www.futbolperuano.com/copa-libertadores/noticias/donde-jugara-sporting-cristal-la-copa-libertadores-tras-clausura-de-mayute-577309,1027,37649,2.73%,5.39
https://www.futbolperuano.com/en-vivo/liga-peruana-de-voley-san-martin-vs-alianza-lima-en-vivo-580929,975,129494,0.75%,3.51
https://www.futbolperuano.com/futbol-femenino/liga-naciones-conmebol/tabla-de-posiciones,892,32662,2.73%,8.16
https://www.futbolperuano.com/liga-voley/liga-peruana-de-voley-cuando-se-jugara-el-tercer-partido-entre-alianza-lima-y-san-martin-por-la-final-581115,879,32600,2.7%,6.06
https://www.futbolperuano.com/futbol-de-menores/mundial-montaigu/resultados,834,5021,16.61%,5.53
https://www.futbolperuano.com/en-vivo/liga-femenina-2026-yanapuma-vs-alianza-lima-en-vivo-580926,828,43126,1.92%,3.27
https://www.futbolperuano.com/liga-3/noticias/estos-son-los-37-equipos-que-disputaran-la-liga-3-2026-553500,813,11280,7.21%,4.8
https://www.futbolperuano.com/futbol-femenino/sudamericano-sub-17/tabla-de-posiciones,794,60226,1.32%,10.02
https://www.futbolperuano.com/descentralizado/tabla-de-posiciones,757,118065,0.64%,8.06
https://www.futbolperuano.com/liga-1/resultados,752,188490,0.4%,9.45
https://www.futbolperuano.com/en-vivo/liga-peruana-de-voley-geminis-vs-universitario-en-vivo-580037,750,91729,0.82%,4.12
https://www.futbolperuano.com/en-vivo/torneo-apertura-2026-cienciano-vs-adt-en-vivo-577119,749,231653,0.32%,7.21
https://www.futbolperuano.com/partidos-por-tv/espn-c1,731,18231,4.01%,6.88
https://www.futbolperuano.com/futbol-femenino/liga-naciones-conmebol/peru-vs-paraguay-en-vivo-por-la-liga-de-naciones-femenina-579335,722,23004,3.14%,5.85
https://www.futbolperuano.com/liga-1/noticias/liga-1-fixture-de-los-chankas-en-el-torneo-apertura-2026-558283,700,96172,0.73%,7.62
https://www.futbolperuano.com/futbol-de-menores/copa-federacion/oro/tabla-de-posiciones,697,3852,18.09%,3.92
https://www.futbolperuano.com/en-vivo/sudamericano-sub-17-venezuela-vs-bolivia-en-vivo-580096,684,37474,1.83%,7.07
https://www.futbolperuano.com/futbol-femenino/resultados-y-tabla-de-posiciones-del-sudamericano-femenino-sub-17-580914,675,22665,2.98%,7.02
https://www.futbolperuano.com/mundial/noticias/salio-a-la-venta-el-album-3-reyes-del-mundial-2026-574907,652,50642,1.29%,6.1
https://www.futbolperuano.com/peru/mas-del-futbol-peruano/elecciones-2026-en-peru-hora-confirmada-para-conocer-los-primeros-resultados-en-tiempo-real-579243,633,30282,2.09%,5.01
https://www.futbolperuano.com/liga-1/,624,237471,0.26%,8.85
https://www.futbolperuano.com/en-vivo/liga-2-de-peru-estudiantil-cni-vs-union-minas-en-vivo-577351,613,15043,4.07%,6.19
https://www.futbolperuano.com/liga-3/,550,10895,5.05%,6.75
https://www.futbolperuano.com/futbol-de-menores/copa-federacion/plata/tabla-de-posiciones,540,3878,13.92%,4.53
https://www.futbolperuano.com/copa-peru/noticias/los-44-grupos-del-interligas-de-lima-en-la-copa-peru-2026-580323,532,6554,8.12%,7.2
https://www.futbolperuano.com/seleccion/noticias/peru-vs-ecuador-en-vivo-online-por-la-fecha-7-de-la-liga-de-naciones-femenina-de-le-conmebol-580059,517,15900,3.25%,6.65
https://www.futbolperuano.com/liga-1/noticias/liga-1-como-se-jugaran-los-partidos-de-la-fecha-12-del-torneo-apertura-580233,516,27509,1.88%,8.37
https://www.futbolperuano.com/copa-peru/noticias/los-equipos-clasificados-al-interligas-de-lima-en-la-copa-peru-2026-577627,514,5992,8.58%,5.53
https://www.futbolperuano.com/futbol-femenino/resultados,505,12990,3.89%,7.5
https://www.futbolperuano.com/copa-peru/tabla-de-posiciones,500,5202,9.61%,6.85
https://www.futbolperuano.com/copa-libertadores/tabla-de-posiciones,485,162295,0.3%,7.8
https://www.futbolperuano.com/liga-2/noticias/estudiantil-cni-vs-union-minas-en-vivo-online-por-la-fecha-2-de-la-liga-2-2026-577294,472,16240,2.91%,6.11
https://www.futbolperuano.com/liga-1/noticias/javier-rabanal-rompe-su-silencio-y-revela-su-futuro-en-universitario-580234,460,12813,3.59%,5.02
https://www.futbolperuano.com/en-vivo/sudamericano-sub-17-bolivia-vs-chile-en-vivo-579676,459,31871,1.44%,5.1
https://www.futbolperuano.com/en-vivo/copa-peru-domingo-dianderas-vs-juventud-dos-de-mayo-580149,457,12158,3.76%,5.04
https://www.futbolperuano.com/partidos-por-tv/uefa-champions-league-t8,449,34517,1.3%,8.47
https://www.futbolperuano.com/en-vivo/liga-peruana-de-voley-universitario-vs-geminis-en-vivo-580928,446,41441,1.08%,4.47
https://www.futbolperuano.com/liga-voley/liga-peruana-de-voley-fecha-y-hora-confirmada-para-la-segunda-final-entre-alianza-lima-y-san-martin-580221,444,24352,1.82%,6.43
https://www.futbolperuano.com/liga-1/noticias/jorge-fossati-es-opcion-para-regresar-a-universitario-580240,434,19352,2.24%,3.52
https://www.futbolperuano.com/partidos-por-tv/liga-femenina-peru-torneo-apertura-t182,433,5804,7.46%,6.66
https://www.futbolperuano.com/en-vivo/ecuador-vs-peru-en-vivo-por-la-conmebol-liga-de-naciones-femenina-580094,432,14955,2.89%,6.27
https://www.futbolperuano.com/liga-1/noticias/atletico-grau-confirmo-estadio-donde-recibira-a-alianza-lima-por-torneo-apertura-2026-580403,431,21232,2.03%,7.37
https://www.futbolperuano.com/partidos-por-tv/liga-2-peru-t36,424,11906,3.56%,8.09
https://www.futbolperuano.com/liga-1/noticias/programacion-de-la-fecha-10-del-torneo-apertura-de-la-liga-1-2026-577491,416,67121,0.62%,8.54
https://www.futbolperuano.com/en-vivo/sudamericano-sub-17-peru-vs-brasil-en-vivo-577494,406,53223,0.76%,7.6
https://www.futbolperuano.com/en-vivo/liga-2-de-peru-bentin-tacna-vs-binacional-en-vivo-577348,399,15997,2.49%,7.92
https://www.futbolperuano.com/partidos-por-tv/copa-libertadores-t5,382,47585,0.8%,8.89
https://www.futbolperuano.com/liga-1/universitario-de-deportes-vs-alianza-lima-4-abril-2026-liga-1-peru---torneo-apertura-m3230692,378,35077,1.08%,8.7
https://www.futbolperuano.com/en-vivo/sudamericano-sub-17-paraguay-vs-ecuador-en-vivo-577185,377,30965,1.22%,7.64
https://www.futbolperuano.com/liga-1/noticias/por-que-federico-girotti-no-juega-en-alianza-lima-revelan-que-pablo-guede-no-lo-pidio-y-no-le-gusta-su-perfil-577379,369,13246,2.79%,6.1
https://www.futbolperuano.com/partidos-por-tv/fivb-c56,362,17961,2.02%,8.58
https://www.futbolperuano.com/liga-3/noticias/los-grupos-que-se-conformaran-en-la-liga-3-del-2026-581431,360,2333,15.43%,4.67
https://www.futbolperuano.com/futbol-de-menores/copa-federacion/plata-b-serie-1/tabla-de-posiciones,358,2597,13.79%,5.69
https://www.futbolperuano.com/liga-voley/liga-peruana-de-voley-cuando-se-juega-el-extra-game-universitario-vs-san-martin-y-la-final-de-la-temporada-2025-26-577402,356,24934,1.43%,6.05
https://www.futbolperuano.com/en-vivo/torneo-apertura-2026-melgar-vs-universitario-en-vivo-580018,349,228779,0.15%,8.58
https://www.futbolperuano.com/en-vivo/liga-2-de-peru-union-comercio-vs-cesar-vallejo-en-vivo-577352,347,11794,2.94%,7.98
https://www.futbolperuano.com/futbol-femenino/liga-femenina/resultados-fecha-4-torneo-apertura-liga-femenina-580744,345,5172,6.67%,5.55
https://www.futbolperuano.com/en-vivo/torneo-apertura-2026-alianza-lima-vs-cusco-fc-en-vivo-580009,344,80677,0.43%,5.7
https://www.futbolperuano.com/futbol-de-menores/copa-federacion/plata-b-serie-2/tabla-de-posiciones,344,2222,15.48%,5.24
https://www.futbolperuano.com/copa-libertadores/noticias/cusco-fc-vs-flamengo-precio-y-donde-comprar-las-entradas-para-el-duelo-por-la-copa-libertadores-2026-576978,343,17565,1.95%,6.67
https://www.futbolperuano.com/futbol-femenino/liga-femenina/cuando-vuelve-la-liga-femenina-2026-fecha-confirmada-tras-suspension-por-la-liga-de-naciones-577131,338,7031,4.81%,6.34
https://www.futbolperuano.com/liga-1/noticias/sporting-cristal-ya-tiene-nuevo-tecnico-para-el-duelo-ante-cd-moquegua-por-el-torneo-apertura-2026-577095,337,21922,1.54%,7.84
https://www.futbolperuano.com/liga-1/noticias/carlos-zambrano-rompe-su-silencio-y-arremete-contra-alianza-lima-579514,334,214323,0.16%,2.77
https://www.futbolperuano.com/liga-1/noticias/posibles-alineaciones-de-universitario-vs-deportivo-garcilaso-por-la-fecha-10-del-torneo-apertura-de-la-liga-1-580588,332,144850,0.23%,7.38
https://www.futbolperuano.com/liga-voley/san-martin-vs-universitario-en-vivo-por-el-extra-game-de-la-liga-peruana-de-voley-578734,328,17487,1.88%,5.22
https://www.futbolperuano.com/partidos-por-tv/liga-1-peru-torneo-apertura-t35,321,32506,0.99%,9.81
https://www.futbolperuano.com/futbol-femenino/liga-naciones-conmebol/tabla-de-posiciones-y-resultados-de-la-fecha-5-de-la-liga-de-naciones-femenina-de-la-conmebol-579085,321,12157,2.64%,6.31
https://www.futbolperuano.com/liga-1/noticias/fc-cajamarca-vs-los-chankas-en-vivo-online-por-la-fecha-9-del-torneo-apertura-de-liga-1-2026-577370,316,123825,0.26%,9.22
https://www.futbolperuano.com/liga-1/noticias/universitario-de-deportes-ya-tiene-entrenador-para-duelo-ante-deportivo-garcilaso-580330,315,12707,2.48%,5.22
https://www.futbolperuano.com/futbol-femenino/liga-femenina/se-oficializo-el-fixture-de-la-liga-femenina-2026-y-el-formato-de-competencia-567603,314,2222,14.13%,4.63
https://www.futbolperuano.com/liga-2/noticias/liga-2-2026-se-realizo-el-sorteo-del-fixture-del-torneo-de-ascenso-que-reunira-a-18-equipos-en-busca-de-llegar-a-la-liga-1-573240,308,5959,5.17%,4.4
https://www.futbolperuano.com/resultados/,305,55031,0.55%,7.47
https://www.futbolperuano.com/en-vivo/torneo-apertura-de-paraguay-olimpia-vs-cerro-porteno-en-vivo-580193,304,76633,0.4%,5.75
https://www.futbolperuano.com/partidos-por-tv/peru-liga-peruana-de-voley-femenino-lnsv-t295,292,29443,0.99%,8.23
https://www.futbolperuano.com/liga-3/noticias/club-peruano-decide-cambiar-de-nombre-y-mudarse-a-otra-region-580804,291,1783,16.32%,5.62
https://www.futbolperuano.com/liga-voley/deportivo-geminis-vs-alianza-lima-en-vivo-online-por-vuelta-de-semifinales-de-liga-peruana-de-voley-2025-26-577321,290,21982,1.32%,5.45
https://www.futbolperuano.com/liga-2/resultados,287,14292,2.01%,7.5
https://www.futbolperuano.com/liga-1/noticias/alvaro-barco-revela-el-nombre-del-nuevo-entrenador-de-universitario-580465,286,14864,1.92%,6.03
https://www.futbolperuano.com/liga-2/noticias/carlos-mannucci-vs-san-martin-en-vivo-online-por-la-fecha-2-del-grupo-2-de-la-liga-2-2026-577315,285,14140,2.02%,5.72
https://www.futbolperuano.com/liga-1/noticias/liga-1-fixture-de-universitario-de-deportes-en-el-torneo-apertura-2026-558224,284,17776,1.6%,7.86
https://www.futbolperuano.com/en-vivo/liga-2-de-peru-alianza-universidad-vs-comerciantes-fc-en-vivo-577277,282,20258,1.39%,7.92
https://www.futbolperuano.com/futbol-femenino/liga-naciones-conmebol/resultados,280,15975,1.75%,9.53
https://www.futbolperuano.com/liga-1/clausura/tabla-de-posiciones,277,14762,1.88%,8.86
https://www.futbolperuano.com/liga-voley/liga-peruana-de-voley-cuando-inicia-la-venta-de-entradas-para-la-final-de-vuelta-580547,274,18717,1.46%,6.24
https://www.futbolperuano.com/liga-3/noticias/estadio-peruano-vuelve-al-futbol-profesional-despues-de-7-anos-581281,274,2260,12.12%,4.57
https://www.futbolperuano.com/partidos-por-tv/golperu-c4,268,19785,1.35%,9.12
https://www.futbolperuano.com/liga-voley/fecha-hora-y-canal-del-alianza-lima-vs-san-martin-por-la-liga-peruana-de-voley-579730,267,11754,2.27%,4.19
https://www.futbolperuano.com/liga-1/noticias/los-chankas-se-defienden-ante-supuesta-resta-de-puntos-en-el-torneo-apertura-2026-581030,265,140891,0.19%,8.7
https://www.futbolperuano.com/en-vivo/conmebol-sub-17-peru-vs-argentina-en-vivo-577279,260,20592,1.26%,7.43
https://www.futbolperuano.com/en-vivo/liga-2-de-peru-carlos-mannucci-vs-san-martin-en-vivo-577350,260,11027,2.36%,6.82
https://www.futbolperuano.com/liga-2/noticias/deportivo-binacional-vs-estudiantil-cni-en-vivo-online-por-la-fecha-3-de-la-fase-regional-de-la-liga-2-2026-580197,258,12039,2.14%,7.03
https://www.futbolperuano.com/en-vivo/liga-2-bentin-tacna-vs-comerciantes-fc-en-vivo-580915,253,10471,2.42%,7.51
https://www.futbolperuano.com/futbol-internacional/holanda/tabla-de-posiciones,249,49434,0.5%,9.11
https://www.futbolperuano.com/en-vivo/sudamericano-sub-17-ecuador-vs-colombia-en-vivo-577356,246,13954,1.76%,7.33
https://www.futbolperuano.com/futbol-femenino/cuando-vuelve-a-jugar-la-seleccion-peruana-femenina-579591,243,7347,3.31%,5.48
https://www.futbolperuano.com/copa-sudamericana/tabla-de-posiciones,238,335799,0.07%,9.27
https://www.futbolperuano.com/futbol-internacional/inglaterra/tabla-de-posiciones,236,93796,0.25%,9.65
https://www.futbolperuano.com/liga-2/noticias/bentin-tacna-heroica-vs-deportivo-binacional-en-vivo-online-por-la-fecha-2-de-la-liga-2-2026-577283,235,16784,1.4%,7.16
https://www.futbolperuano.com/en-vivo/liga-2-de-peru-santos-de-nazca-vs-ayacucho-fc-en-vivo-577310,232,15202,1.53%,6.89
https://www.futbolperuano.com/seleccion/noticias/peru-vs-venezuela-en-vivo-por-el-sudamericano-sub-17-579065,230,24725,0.93%,6.87
https://www.futbolperuano.com/liga-1/noticias/alianza-lima-confirmo-donde-sera-local-frente-a-cusco-fc-por-la-liga-1-2026-578929,230,12204,1.88%,4.98
https://www.futbolperuano.com/en-vivo/liga-peruana-de-voley-atletico-atenea-vs-regatas-lima-en-vivo-577358,230,9179,2.51%,3.54
https://www.futbolperuano.com/en-vivo/torneo-apertura-2026-los-chankas-vs-cienciano-en-vivo-580705,229,139118,0.16%,10.36
https://www.futbolperuano.com/liga-voley/san-martin-vs-universitario-en-vivo-online-por-la-vuelta-de-las-semifinales-de-la-liga-peruana-de-voley-577225,228,38641,0.59%,4.43
https://www.futbolperuano.com/liga-1/goleadores,221,11999,1.84%,6.23
https://www.futbolperuano.com/liga-1/noticias/figura-de-los-chankas-suena-por-jugar-en-universitario-para-el-torneo-clausura-580152,220,135508,0.16%,9.41
https://www.futbolperuano.com/liga-voley/quien-manda-en-el-historial-entre-alianza-lima-y-san-martin-580146,215,314944,0.07%,3.53
https://www.futbolperuano.com/liga-2/noticias/union-comercio-vs-cesar-vallejo-en-vivo-por-la-liga-2-577317,215,17803,1.21%,7.16
https://www.futbolperuano.com/en-vivo/madrid-open-arthur-fils-vs-ignacio-buse-en-vivo-580796,212,38814,0.55%,6.05
https://www.futbolperuano.com/peru/resultados-conteo-rapido-100-datum-elecciones-presidenciales-en-peru-579341,212,3394,6.25%,6.07
https://www.futbolperuano.com/liga-1/noticias/panorama-complicado-universitario-toma-drastica-decision-con-respecto-al-futuro-de-javier-rabanal-579825,202,20321,0.99%,2.84
https://www.futbolperuano.com/liga-1/noticias/alineaciones-confirmadas-del-universitario-vs-alianza-lima-asi-salen-al-clasico-por-la-liga-1-2026-577322,201,28514,0.7%,4.69
https://www.futbolperuano.com/liga-2/noticias/liga-2-liga-de-futbol-profesional-emite-comunicado-tras-renuncia-de-san-marcos-y-confirma-sanciones-580062,200,6152,3.25%,5.86
https://www.futbolperuano.com/futbol-de-menores/resultados-y-tabla-de-posiciones-del-sudamericano-sub-17-577173,199,48936,0.41%,9.23
https://www.futbolperuano.com/liga-2/noticias/fecha-hora-y-canal-del-estudiantil-cni-vs-union-minas-por-la-liga-2-576986,199,6172,3.22%,6.71
https://www.futbolperuano.com/futbol-femenino/liga-femenina/universitario-vs-sporting-cristal-en-vivo-online-por-la-fecha-4-del-torneo-apertura-de-la-liga-femenina-2026-580938,197,26094,0.75%,4.33
https://www.futbolperuano.com/en-vivo/copa-sudamericana-2026-juventud-las-piedras-vs-cienciano-en-vivo-578966,196,72641,0.27%,7.89
https://www.futbolperuano.com/futbol-femenino/liga-naciones-conmebol/peru-vs-uruguay-en-vivo-online-por-fecha-5-por-la-liga-de-naciones-femenina-579001,195,13952,1.4%,6.71
https://www.futbolperuano.com/liga-2/noticias/estudiantil-cni-vs-ayacucho-fc-en-vivo-online-por-la-fecha-4-de-la-fase-regional-de-la-liga-2-581002,194,9703,2%,5.99
https://www.futbolperuano.com/liga-voley/,193,25804,0.75%,8.66
https://www.futbolperuano.com/liga-1/noticias/atletico-grau-la-rompio-en-la-victoria-ante-sporting-cristal-pero-se-perdera-el-duelo-ante-alianza-lima-580647,191,30951,0.62%,5.02
https://www.futbolperuano.com/liga-2/noticias/alianza-universidad-vs-comerciantes-fc-en-vivo-por-la-liga-2-577196,190,25647,0.74%,6.67
https://www.futbolperuano.com/en-vivo/conmebol-sub-17-brasil-vs-bolivia-en-vivo-577293,189,23958,0.79%,8.21
https://www.futbolperuano.com/liga-1/noticias/cusco-fc-cae-goleado-ante-alianza-lima-y-deja-a-alejandro-orfila-bajo-maxima-presion-en-pleno-torneo-apertura-580179,189,17415,1.09%,6.94
https://www.futbolperuano.com/liga-2/noticias/sport-huancayo-vs-alianza-universidad-en-vivo-online-por-la-fecha-3-de-la-liga-2-2026-580102,188,37593,0.5%,8.19
https://www.futbolperuano.com/liga-1/noticias/adt-vs-los-chankas-en-vivo-online-por-la-fecha-12-del-torneo-apertura-de-la-liga-1-2026-581116,187,112367,0.17%,8.1
https://www.futbolperuano.com/liga-1/noticias/alianza-lima-sorprende-en-su-convocatoria-para-enfrentar-al-adt-de-tarma-579397,187,14835,1.26%,4.54
https://www.futbolperuano.com/liga-voley/desde-brasil-dan-por-hecho-la-llegada-de-figura-de-alianza-lima-581602,187,7631,2.45%,3.11
https://www.futbolperuano.com/liga-1/noticias/alianza-lima-sufre-una-sensible-baja-para-enfrentar-a-atletico-grau-580554,186,19989,0.93%,5.86
https://www.futbolperuano.com/en-vivo/liga-2-binacional-vs-estudiantil-cni-en-vivo-580035,186,9683,1.92%,7.75
https://www.futbolperuano.com/en-vivo/torneo-apertura-2026-adt-vs-los-chankas-en-vivo-581191,185,183257,0.1%,10.36
https://www.futbolperuano.com/futbol-de-menores/sudamericano-sub-17/peru-vs-argentina-en-vivo-online-por-la-fecha-1-del-sudamericano-sub-17-577229,183,33455,0.55%,7.68
https://www.futbolperuano.com/liga-1/noticias/cusco-fc-toma-decision-tras-caida-de-alianza-lima-580248,183,23186,0.79%,9.66
https://www.futbolperuano.com/liga-1/noticias/encajara-en-el-perfil-sporting-cristal-tiene-en-la-mira-a-angel-comizzo-como-su-nuevo-dt-576958,183,3582,5.11%,4.74
https://www.futbolperuano.com/liga-voley/universitario-vs-deportivo-geminis-hora-del-partido-por-tercer-lugar-de-liga-peruana-de-voley-2025-26-580756,182,8856,2.06%,6.81
https://www.futbolperuano.com/en-vivo/torneo-apertura-2026-alianza-atletico-vs-sport-boys-en-vivo-580015,177,139810,0.13%,8.21
https://www.futbolperuano.com/liga-1/noticias/eddie-fleischman-apunta-contra-el-plantel-de-universitario-tras-la-salida-de-rabanal-580581,177,52291,0.34%,3.23
https://www.futbolperuano.com/liga-voley/fecha-hora-y-canal-del-deportivo-geminis-vs-alianza-lima-577012,177,13026,1.36%,5.13
https://www.futbolperuano.com/liga-1/noticias/liga-1-como-se-jugaran-los-partidos-de-la-fecha-13-del-torneo-apertura-2026-581227,177,12971,1.36%,8.39
https://www.futbolperuano.com/seleccion/noticias/la-seleccion-peruana-sub-16-igualo-ante-japon-en-su-estreno-en-el-mundial-montaigu-2026-576887,176,6432,2.74%,5.45
https://www.futbolperuano.com/futbol-de-menores/copa-federacion/copa-federacion-plata-programacion-del-fin-de-semana-del-18-y-19-de-abril-580052,176,3290,5.35%,7.38
https://www.futbolperuano.com/en-vivo/torneo-apertura-2026-los-chankas-vs-atletico-grau-en-vivo-579990,175,206021,0.08%,8.56
https://www.futbolperuano.com/copa-libertadores/noticias/copa-libertadores-tabla-de-posiciones-del-grupo-de-sporting-cristal-tras-resultados-de-fecha-3-581398,175,90343,0.19%,8.94
https://www.futbolperuano.com/copa-sudamericana/noticias/cienciano-tras-jugarse-la-jornada-3-asi-quedo-la-tabla-de-posiciones-del-grupo-b-de-la-copa-sudamericana-581561,175,66136,0.26%,6.83
https://www.futbolperuano.com/en-vivo/liga-boliviana-bolivar-vs-real-tomayapo-en-vivo-581096,175,51944,0.34%,13
https://www.futbolperuano.com/liga-1/noticias/alineaciones-de-fbc-melgar-vs-universitario-de-deportes-por-la-fecha-11-del-torneo-apertura-de-la-liga-1-580183,175,29989,0.58%,6.92
https://www.futbolperuano.com/liga-voley/atletico-atenea-vs-regatas-lima-en-vivo-online-por-el-quinto-lugar-de-la-liga-peruana-de-voley-577328,175,8045,2.18%,6.16
https://www.futbolperuano.com/en-vivo/liga-boliviana-bolivar-vs-independiente-petrolero-en-vivo-580443,173,30276,0.57%,9.81
https://www.futbolperuano.com/en-vivo/liga-2-union-minas-vs-binacional-en-vivo-580911,172,33253,0.52%,8.3
https://www.futbolperuano.com/futbol-femenino/cuando-juega-la-seleccion-peruana-femenina-577045,171,6878,2.49%,7.44
https://www.futbolperuano.com/copa-libertadores/noticias/copa-libertadores-tabla-de-posiciones-del-grupo-de-universitario-de-deportes-tras-resultados-de-fecha-3-581571,170,95640,0.18%,8.04
https://www.futbolperuano.com/copa-peru/noticias/domingo-dianderas-rompe-el-mercado-de-pases-de-la-copa-peru-2026-580660,170,3660,4.64%,5.59
https://www.futbolperuano.com/liga-voley/alianza-lima-vs-san-martin-en-vivo-por-la-final-ida-de-la-liga-peruana-de-voley-580140,167,66903,0.25%,2.98
https://www.futbolperuano.com/liga-voley/universitario-vs-geminis-fechas-de-partidos-por-tercer-lugar-de-liga-peruana-de-voley-2025-26-578943,167,13354,1.25%,5.95
https://www.futbolperuano.com/en-vivo/torneo-apertura-2026-alianza-atletico-y-atletico-grau-en-vivo-577118,166,103798,0.16%,8.47
https://www.futbolperuano.com/liga-1/noticias/sporting-cristal-confirma-a-ze-ricardo-como-su-nuevo-entrenador-para-lo-que-resta-del-2026-577143,166,22026,0.75%,7.84
https://www.futbolperuano.com/liga-2/noticias/union-minas-vs-binacional-en-vivo-por-la-liga-2-580852,165,23935,0.69%,10.37
https://www.futbolperuano.com/segunda-division/tabla-de-posiciones,164,61565,0.27%,8.85
https://www.futbolperuano.com/futbol-de-menores/fpf-anuncia-la-liga-nacional-juvenil-y-el-sorteo-del-fixture-marca-el-inicio-de-un-proyecto-clave-para-el-futbol-peruano-580898,164,14547,1.13%,6.28
https://www.futbolperuano.com/copa-peru/noticias/los-equipos-historicos-que-jugaran-la-etapa-provincial-copa-peru-2026-580731,161,3452,4.66%,5.86
https://www.futbolperuano.com/en-vivo/deportivo-garcilaso-vs-sport-boys-en-vivo-liga-1-del-futbol-peruano-577278,159,100386,0.16%,9.44
https://www.futbolperuano.com/liga-voley/liga-peruana-de-voley-responde-a-san-martin-y-ofrece-disculpas-por-publicacion-sobre-adeola-owokoniran-tras-la-final-de-ida-580321,159,4753,3.35%,4.37
https://www.futbolperuano.com/liga-voley/san-martin-vs-alianza-lima-a-que-hora-se-juega-la-final-de-vuelta-581068,158,16264,0.97%,7.89
https://www.futbolperuano.com/liga-2/noticias/liga-2-resultados-y-posiciones-de-la-fecha-2-de-la-fase-regional-577111,156,28361,0.55%,9.15
https://www.futbolperuano.com/en-vivo/torneo-apertura-de-paraguay-libertad-vs-olimpia-en-vivo-581024,156,21089,0.74%,9.56
https://www.futbolperuano.com/futbol-femenino/sudamericano-sub-17/,156,11338,1.38%,9.57
https://www.futbolperuano.com/partidos-por-tv/liga-femenina-peru-t182,156,3572,4.37%,6.97
https://www.futbolperuano.com/copa-libertadores/noticias/idolo-universitario-asegura-sporting-cristal-es-el-equpi-mas-importante-peru-581416,155,10713,1.45%,4.71
https://www.futbolperuano.com/en-vivo/sudamericano-sub-17-ecuador-vs-uruguay-en-vivo-577609,154,7623,2.02%,8.38
https://www.futbolperuano.com/liga-voley/fecha-hora-y-canal-del-universitario-de-deportes-vs-san-martin-577019,153,7994,1.91%,4.74
https://www.futbolperuano.com/en-vivo/conmebol-sub-17-femenina-brasil-vs-venezuela-en-vivo-581026,152,7270,2.09%,5.71
https://www.futbolperuano.com/liga-voley/universidad-san-martin-y-sus-convocadas-para-buscar-el-titulo-581000,150,6328,2.37%,4.34
https://www.futbolperuano.com/liga-2/noticias/santos-fc-vs-ayacucho-fc-en-vivo-online-por-la-fecha-2-de-la-fase-regional-de-liga-2-2026-577219,149,13122,1.14%,6.76
https://www.futbolperuano.com/futbol-internacional/belgica/tabla-de-posiciones,148,49750,0.3%,9.35
https://www.futbolperuano.com/futbol-femenino/sudamericano-sub-20/tabla-de-posiciones,148,9116,1.62%,8.77
https://www.futbolperuano.com/liga-1/noticias/resultados-y-tabla-de-posiciones-de-la-fecha-9-del-torneo-apertura-577108,146,46465,0.31%,10.01
https://www.futbolperuano.com/liga-1/noticias/el-estadio-que-albergara-los-partidos-de-alianza-lima-ante-sancion-a-matute-577545,146,4582,3.19%,6.75
https://www.futbolperuano.com/liga-1/noticias/universitario-campeon-en-argentina-y-ecuador-seria-el-elegido-para-reemplazar-a-sekou-gassama-579841,145,5668,2.56%,3.45
https://www.futbolperuano.com/liga-1/noticias/liga-1-tabla-de-posiciones-del-puntaje-acumulado-284185,143,4322,3.31%,13.17
https://www.futbolperuano.com/liga-1/noticias/universitario-activa-la-busqueda-de-nuevo-dt-y-evalua-opciones-tras-definir-la-salida-de-javier-rabanal-580329,143,3189,4.48%,4.49
https://www.futbolperuano.com/en-vivo/torneo-apertura-2026-cusco-fc-vs-fc-cajamarca-en-vivo-580529,142,187438,0.08%,8.39
https://www.futbolperuano.com/futbol-internacional/espana/tabla-de-posiciones,142,109619,0.13%,9.8
https://www.futbolperuano.com/liga-1/noticias/cienciano-vs-adt-en-vivo-online-por-la-fecha-9-del-torneo-apertura-de-la-liga-1-2026-577141,142,67386,0.21%,8.34
https://www.futbolperuano.com/futbol-internacional/noticias/liga-ecuabet-2026-emelec-vs-ldu-de-quito-en-vivo-581018,142,20230,0.7%,6.71
https://www.futbolperuano.com/en-vivo/sudamericano-sub-17-uruguay-vs-venezuela-en-vivo-579672,142,7059,2.01%,8.2
https://www.futbolperuano.com/liga-1/noticias/club-argentino-presenta-reclamo-ante-fifa-contra-alianza-lima-por-el-fichaje-de-alan-cantero-579818,142,5971,2.38%,6.1
https://www.futbolperuano.com/copa-libertadores/noticias/el-once-de-sporting-cristal-para-enfrentar-a-cerro-porteno-en-la-copa-libertadores-578762,141,8282,1.7%,6.47
https://www.futbolperuano.com/copa-peru/noticias/resultados-partidos-ida-1ra-fase-del-interligas-de-lima-en-copa-peru-2026-581162,141,2252,6.26%,8.45
https://www.futbolperuano.com/copa-libertadores/noticias/copa-libertadores-choque-de-primos-en-el-sporting-cristal-vs-palmeiras-579723,140,33858,0.41%,4.5
https://www.futbolperuano.com/en-vivo/deportivo-soan-vs-circolo-sportivo-italiano-por-la-liga-peruana-de-voley-femenino-577305,140,8351,1.68%,6.02
https://www.futbolperuano.com/liga-1/noticias/jairo-concha-lamenta-la-salida-de-javier-rabanal-de-universitario-580655,139,10308,1.35%,4.42
https://www.futbolperuano.com/copa-libertadores/noticias/matias-di-benedetto-mando-contundente-mensaje-a-sekou-gassama-tras-dura-derrota-de-universitario-579674,138,6099,2.26%,3.73
https://www.futbolperuano.com/liga-voley/regatas-lima-mueve-su-plantel-salidas-confirmadas-y-decisiones-clave-que-empiezan-a-definir-su-proxima-temporada-579215,137,5668,2.42%,4.93
https://www.futbolperuano.com/futbol-femenino/seleccion-peruana-fue-superada-en-su-debut-en-el-sudamericano-femenino-sub-17--2026-581017,137,4430,3.09%,6.81
https://www.futbolperuano.com/liga-1/noticias/alianza-lima-y-el-estadio-donde-jugara-el-torneo-apertura-liga-1-577572,136,11679,1.16%,7.65
https://www.futbolperuano.com/liga-1/noticias/sekou-gassama-toma-rotunda-postura-sobre-su-futuro-en-universitario-580664,136,4009,3.39%,4.19
https://www.futbolperuano.com/futbol-de-menores/sudamericano-sub-17/tabla-de-posiciones,135,59814,0.23%,10.17
https://www.futbolperuano.com/copa-libertadores/noticias/universitario-vs-coquimbo-en-chile-advierten-acerca-de-la-eleccion-del-arbitro-579314,134,15941,0.84%,5.34
https://www.futbolperuano.com/liga-1/noticias/universitario-fue-campeon-de-la-copa-libertadores-y-ahora-podria-tomar-el-lugar-dejado-por-rabanal-580522,133,9726,1.37%,7.43
https://www.futbolperuano.com/liga-2/noticias/tras-las-elecciones-presidenciales-programacion-de-la-fecha-3-de-la-liga-2-2026-578832,132,4514,2.92%,8.47
https://www.futbolperuano.com/en-vivo/liga-femenina-2026-universitario-vs-sporting-cristal-en-vivo-580921,131,31808,0.41%,3.29
https://www.futbolperuano.com/liga-voley/fecha-hora-y-canal-del-san-martin-vs-alianza-lima-por-la-liga-peruana-de-voley-580455,131,9747,1.34%,4.06
https://www.futbolperuano.com/liga-voley/el-equipo-mas-ganador-en-toda-la-historia-de-la-liga-de-voley-518438,130,5010,2.59%,5.55
https://www.futbolperuano.com/liga-1/noticias/universitario-toma-rotunda-decision-sobre-el-futuro-de-jorge-araujo-581525,129,192105,0.07%,3.53
https://www.futbolperuano.com/liga-2/noticias/bentin-tacna-vs-comerciantes-fc-en-vivo-por-la-liga-2-580858,129,9872,1.31%,8.07
https://www.futbolperuano.com/liga-1/noticias/atletico-grau-vs-alianza-lima-en-vivo-online-por-la-fecha-12-del-torneo-apertura-de-la-liga-1-2026-580988,128,28673,0.45%,6.42
https://www.futbolperuano.com/copa-libertadores/noticias/copa-libertadores-quien-sera-el-arbitro-del-universitario-vs-nacional-581079,126,49333,0.26%,5.62
https://www.futbolperuano.com/liga-1/noticias/liga-1-fixture-de-cienciano-en-el-torneo-apertura-2026-558271,126,4543,2.77%,5.86
https://www.futbolperuano.com/liga-1/noticias/liga-1-como-se-jugaran-los-partidos-de-la-fecha-11-del-torneo-apertura-579718,125,17729,0.71%,8.6
https://www.futbolperuano.com/copa-libertadores/resultados,125,12391,1.01%,8.44
https://www.futbolperuano.com/liga-voley/alianza-lima-y-sus-convocadas-para-forzar-un-extra-game-580994,124,8901,1.39%,4.35
https://www.futbolperuano.com/en-vivo/torneo-apertura-2026-utc-vs-cienciano-en-vivo-580888,123,101184,0.12%,10.08
https://www.futbolperuano.com/en-vivo/liga-paraguaya-cerro-porteno-vs-sportivo-ameliano-en-vivo-580916,123,62488,0.2%,8.48
https://www.futbolperuano.com/liga-1/noticias/dirigencia-de-universitario-decidio-la-suerte-de-javier-rabanal-580261,123,3979,3.09%,4.54
https://www.futbolperuano.com/liga-voley/geminis-vs-universitario-en-vivo-por-la-liga-peruana-de-voley-579974,122,10187,1.2%,5.42
https://www.futbolperuano.com/futbol-de-menores/copa-federacion-oro-2026-programacion-de-la-1ra-fecha-del-torneo-573613,122,5021,2.43%,4.95
https://www.futbolperuano.com/liga-1/noticias/ricardo-gareca-revelo-que-equipo-lo-contacto-para-dirigir-en-la-liga-1-2026-580364,122,3446,3.54%,5.4
https://www.futbolperuano.com/liga-1/noticias/fc-cajamarca-vs-adt-en-vivo-online-por-la-fecha-11-del-torneo-apertura-de-la-liga-1-580033,121,67135,0.18%,8.88
https://www.futbolperuano.com/en-vivo/liga-2-ayacucho-fc-vs-bentin-tacna-en-vivo-580026,121,17748,0.68%,9.92
https://www.futbolperuano.com/mas-deportes/noticias/ignacio-buse-vencio-a-thomas-faurel-en-el-challenger-de-aix-en-provence-581625,121,7257,1.67%,3.92
https://www.futbolperuano.com/en-vivo/champions-league-202526-psg-vs-bayern-munich-en-vivo-581299,120,95082,0.13%,7.86
https://www.futbolperuano.com/liga-1/noticias/se-revelan-diferencias-entre-el-plantel-de-universitario-con-alvaro-barco-580535,120,7655,1.57%,4.6
https://www.futbolperuano.com/copa-libertadores/noticias/sporting-cristal-recibe-una-terrible-noticia-en-la-previa-del-partido-ante-palmeiras-581509,119,24871,0.48%,5.47
https://www.futbolperuano.com/partidos-por-tv/copa-sudamericana-t6,119,9862,1.21%,9.11
https://www.futbolperuano.com/seleccion/noticias/manuel-barreto-hablo-tras-la-decision-de-felipe-chavez-de-no-jugar-por-peru-577104,118,1996,5.91%,4.82
https://www.futbolperuano.com/copa-libertadores/noticias/copa-libertadores-posibles-alineaciones-de-palmeiras-vs-sporting-cristal-por-la-fecha-2-de-la-fase-de-grupos-579741,116,26472,0.44%,6.06
https://www.futbolperuano.com/liga-1/noticias/los-partidos-que-le-restan-jugar-a-alianza-lima-en-el-torneo-apertura-2026-580263,116,16352,0.71%,7.54
https://www.futbolperuano.com/liga-1/noticias/alianza-lima-podria-recibir-una-fortuna-si-gremio-concreta-la-venta-de-erick-noriega-580643,115,20784,0.55%,5.71
https://www.futbolperuano.com/liga-1/noticias/universitario-guarda-a-sus-figuras-pensando-en-la-copa-libertadores-580975,115,12745,0.9%,5.76
https://www.futbolperuano.com/liga-1/noticias/sporting-cristal-vs-deportivo-moquegua-en-vivo-por-el-torneo-apertura-577121,114,54863,0.21%,9.48
https://www.futbolperuano.com/copa-libertadores/sporting-cristal-vs-cerro-porteno-8-abril-2026-copa-libertadores-m3235944,114,12898,0.88%,11.05
https://www.futbolperuano.com/liga-3/noticias/clubes-peruanos-se-fusionan-para-participar-en-este-2026-562661,114,4584,2.49%,7.22
https://www.futbolperuano.com/en-vivo/torneo-de-marrakech-ignacio-buse-vs-camilo-ugo-carabelli-en-vivo-577092,113,20586,0.55%,5.64
https://www.futbolperuano.com/radio/radio-corporacion-cerro-de-pasco-4352,113,10303,1.1%,5.49
https://www.futbolperuano.com/futbol-internacional/espana/liga2/tabla-de-posiciones,112,151128,0.07%,9.79
https://www.futbolperuano.com/copa-libertadores/noticias/javier-rabanal-toma-inesperada-decision-con-sekou-gassama-579471,112,24478,0.46%,3.76
https://www.futbolperuano.com/en-vivo/liga-peruana-de-voley-geminis-vs-alianza-lima-en-vivo-577359,112,12530,0.89%,5.8
https://www.futbolperuano.com/liga-3/noticias/resultados-y-tabla-de-posiciones-de-la-fecha-2-de-la-fase-final-por-la-liga-3-2025-532278,111,1461,7.6%,2
https://www.futbolperuano.com/copa-libertadores/noticias/posibles-alineaciones-de-universitario-vs-nacional-por-la-fecha-3-de-la-fase-de-grupos-de-la-copa-libertadores-2026-581377,110,63097,0.17%,6.78
https://www.futbolperuano.com/liga-1/noticias/alianza-lima-recibe-pesima-noticia-tras-su-derrota-ante-universitario-577476,110,16817,0.65%,3.99
https://www.futbolperuano.com/liga-1/noticias/jean-ferrari-hablo-sobre-el-duro-presente-de-universitario-580590,109,21503,0.51%,3.07
https://www.futbolperuano.com/liga-1/noticias/federico-girotti-define-su-futuro-en-alianza-lima-en-medio-de-rumores-y-su-situacion-da-un-giro-que-cambia-el-panorama-579135,108,5073,2.13%,4.42
https://www.futbolperuano.com/liga-1/noticias/universitario-ya-busca-reemplazo-para-gassama-manejan-fichaje-extranjero-y-su-salida-empieza-a-tomar-fuerza-579733,108,4890,2.21%,3.59
https://www.futbolperuano.com/en-vivo/torneo-apertura-2026-sport-huancayo-vs-deportivo-garcilaso-en-vivo-580008,107,67161,0.16%,9.29
https://www.futbolperuano.com/liga-1/noticias/alianza-atletico-vs-sport-boys-en-vivo-online-por-fecha-11-del-torneo-apertura-de-liga-1-2026-580121,107,52752,0.2%,7.85
https://www.futbolperuano.com/partidos-por-tv/laliga-de-espana-t16,107,3284,3.26%,7.76
https://www.futbolperuano.com/liga-1/noticias/universitario-de-deportes-tomo-radical-decision-con-alvaro-barco-581329,106,22116,0.48%,4.65
https://www.futbolperuano.com/partidos-por-tv/liga-nacional-superior-de-voleibol-del-peru-t295,106,7456,1.42%,7.76
https://www.futbolperuano.com/copa-sudamericana/noticias/juventud-las-piedras-vs-cienciano-en-vivo-por-la-copa-sudamericana-2026-578823,105,38202,0.27%,6.96
https://www.futbolperuano.com/peru/elecciones-generales-2026-resultados-conteo-rapido-transparencia-e-ipsos-579376,105,4574,2.3%,6.53
https://www.futbolperuano.com/liga-voley/universitario-vs-geminis-en-vivo-por-la-liga-peruana-de-voley-580696,104,8499,1.22%,5.65
https://www.futbolperuano.com/copa-peru/noticias/una-goleada-fuera-de-lo-comun-sacude-la-copa-peru-y-desata-dudas-en-una-definicion-clave-580177,104,5007,2.08%,5.96
https://www.futbolperuano.com/en-vivo/torneo-apertura-2026-deportivo-garcilaso-vs-melgar-en-vivo-581212,103,91552,0.11%,11.09
https://www.futbolperuano.com/en-vivo/copa-do-brasil-gremio-vs-confiana-en-vivo-580449,103,46334,0.22%,8.29
https://www.futbolperuano.com/liga-1/noticias/los-chankas-y-los-partidos-que-le-restan-jugar-en-el-torneo-apertura-de-la-liga-1-2026-580271,103,41631,0.25%,9.34
https://www.futbolperuano.com/en-vivo/torneo-apertura-2026-utc-vs-sport-huancayo-en-vivo-579679,102,64333,0.16%,10.32
https://www.futbolperuano.com/copa-libertadores/noticias/cusco-fc-vs-flamengo-en-vivo-online-por-la-fecha-1-del-grupo-a-de-la-copa-libertadores-2026-577680,102,47619,0.21%,5.86
https://www.futbolperuano.com/liga-2/noticias/fecha-hora-y-canal-del-carlos-mannucci-vs-san-martin-por-la-liga-2-576994,102,18940,0.54%,13.35
https://www.futbolperuano.com/futbol-femenino/liga-femenina/los-canales-que-transmitiran-en-vivo-la-liga-femenina-2026-567620,102,1655,6.16%,3.84
https://www.futbolperuano.com/en-vivo/torneo-apertura-2026-adt-vs-alianza-lima-en-vivo-579488,101,37230,0.27%,4
https://www.futbolperuano.com/liga-1/noticias/dt-de-los-chankas-envia-fuerte-advertencia-a-alianza-lima-en-plena-pelea-por-el-titulo-del-torneo-apertura-580815,101,22431,0.45%,7.49
https://www.futbolperuano.com/en-vivo/liga-2-comerciantes-fc-vs-santos-en-vivo-580034,101,16840,0.6%,9.65
https://www.futbolperuano.com/copa-libertadores/noticias/figura-de-universitario-se-perdera-el-duelo-ante-coquimbo-unido-por-la-copa-libertadores-2026-578982,101,7958,1.27%,4.76
https://www.futbolperuano.com/futbol-internacional/alemania/dfb-pokal/tabla-de-posiciones,101,3111,3.25%,9.95
https://www.futbolperuano.com/liga-1/noticias/deportivo-garcilaso-vs-melgar-en-vivo-online-por-fecha-12-del-torneo-apertura-de-liga-1-2026-581088,100,82018,0.12%,9.81
https://www.futbolperuano.com/en-vivo/venezuela-vs-bolivia-por-la-conmebol-liga-de-naciones-femenina-580132,100,4706,2.12%,6.97
https://www.futbolperuano.com/copa-libertadores/noticias/sporting-cristal-vs-cerro-porteno-en-vivo-online-por-la-fecha-1-del-grupo-f-de-la-copa-libertadores-2026-577663,99,88092,0.11%,6.91
https://www.futbolperuano.com/liga-1/noticias/deportivo-garcilaso-vs-sport-boys-en-vivo-por-el-torneo-apertura-577202,99,52788,0.19%,9.08
https://www.futbolperuano.com/liga-3/noticias/deportivo-municipal-se-pronuncio-por-su-actual-situacion-deportiva-e-institucional-578812,99,2674,3.7%,5.1
https://www.futbolperuano.com/en-vivo/liga-1-fc-cajamarca-vs-los-chankas-en-vivo-577455,98,110372,0.09%,9.15
https://www.futbolperuano.com/peru/clubes/union-minas-pasco/,98,6890,1.42%,6.58
https://www.futbolperuano.com/peru/clubes/universitario/,97,153873,0.06%,8.38
https://www.futbolperuano.com/en-vivo/torneo-apertura-2026-comerciantes-unidos-vs-alianza-atletico-en-vivo-580526,97,50107,0.19%,8.36
https://www.futbolperuano.com/copa-sudamericana/noticias/cienciano-vs-atletico-mineiro-en-vivo-por-la-copa-sudamericana-581180,97,37286,0.26%,8.52
https://www.futbolperuano.com/peru/clubes/estudiantil-cni/,97,21909,0.44%,8.61
https://www.futbolperuano.com/en-vivo/conmebol-sub-17-peru-vs-venezuela-en-vivo-579075,97,15731,0.62%,8.69
https://www.futbolperuano.com/en-vivo/sudamericano-sub-17-argentina-vs-colombia-en-vivo-580189,97,14303,0.68%,4.03
https://www.futbolperuano.com/en-vivo/peru-vs-uruguay-por-la-conmebol-liga-de-naciones-femenina-579080,97,8534,1.14%,7.55
https://www.futbolperuano.com/liga-2/noticias/programacion-de-partidos-de-la-fecha-2-de-la-fase-regional-de-la-liga-2-2026-576642,97,4088,2.37%,6.8
https://www.futbolperuano.com/liga-1/noticias/resultados-y-tabla-de-posiciones-de-la-fecha-10-del-torneo-apertura-de-la-liga-1-2026-579351,96,35172,0.27%,8.65
https://www.futbolperuano.com/liga-1/noticias/se-quedara-alianza-lima-ya-tiene-definido-el-futuro-de-pedro-aquino-ante-su-falta-de-minutos-579570,96,28765,0.33%,3.42
https://www.futbolperuano.com/en-vivo/conmebol-libertadores-sporting-cristal-vs-cerro-porteno-en-vivo-578748,96,17840,0.54%,6.79
https://www.futbolperuano.com/copa-libertadores/noticias/la-reaccion-de-los-hinchas-del-deportes-tolima-con-los-de-universitario-de-deportes-578930,96,8388,1.14%,5.54
https://www.futbolperuano.com/futbol-femenino/peru-vs-ecuador-en-vivo-por-el-sudamericano-femenino-sub-17-581319,96,4793,2%,6.36
https://www.futbolperuano.com/peru/clubes/los-chankas-apurimac/,95,123921,0.08%,7.97
https://www.futbolperuano.com/liga-1/noticias/podran-jugar-sport-boys-recibe-importante-noticia-sobre-carlos-zambrano-y-miguel-trauco-579249,95,5320,1.79%,5.83
https://www.futbolperuano.com/peruanos-en-el-exterior/noticias/entrenador-de-gremio-toma-radical-decision-con-erick-noriega-580463,95,3825,2.48%,7.93
https://www.futbolperuano.com/en-vivo/liga-2-estudiantil-cni-vs-ayacucho-fc-en-vivo-580912,94,8152,1.15%,10.22
https://www.futbolperuano.com/copa-peru/resultados,94,3712,2.53%,9.51
https://www.futbolperuano.com/en-vivo/melgar-vs-cusco-fc-en-vivo-liga-1-del-futbol-peruano-577296,93,110181,0.08%,7.4
https://www.futbolperuano.com/copa-sudamericana/noticias/cienciano-tabla-de-posiciones-del-grupo-b-de-la-copa-sudamericana-2026-579013,93,50568,0.18%,7.18
https://www.futbolperuano.com/liga-1/noticias/los-partidos-que-le-restan-jugar-a-los-chankas-en-el-torneo-apertura-577541,93,17932,0.52%,8.68
https://www.futbolperuano.com/futbol-internacional/noticias/dt-de-bolivia-y-su-desolador-mensaje-tras-la-eliminacion-del-mundial-2026-577018,93,3461,2.69%,2.58
https://www.futbolperuano.com/futbol-de-menores/mundial-montaigu/tabla-de-posiciones,93,1504,6.18%,7.29
https://www.futbolperuano.com/peru/mas-del-futbol-peruano/cuando-gana-la-u-el-pan-es-mas-rico-de-donde-proviene-esa-frase-460624,93,1118,8.32%,3.09
https://www.futbolperuano.com/en-vivo/torneo-apertura-2026-fc-cajamarca-vs-adt-en-vivo-580002,92,65991,0.14%,7.19
https://www.futbolperuano.com/liga-1/noticias/liga-1-fixture-de-deportivo-moquegua-en-el-torneo-apertura-2026-558317,92,4568,2.01%,8.05
https://www.futbolperuano.com/liga-2/noticias/bomba-en-la-liga-2-fc-san-marcos-sorprende-a-todos-con-decisiones-que-podrian-cambiar-la-historia-del-torneo-2026-577672,92,3470,2.65%,8.32
https://www.futbolperuano.com/futbol-de-menores/copa-federacion/resultados-copa-federacion-plata-b-2026-fecha-1-series-1-y-2-580413,92,1656,5.56%,7.75
https://www.futbolperuano.com/liga-1/noticias/los-chankas-vs-cienciano-en-vivo-por-el-torneo-apertura-580468,91,43801,0.21%,9.22
https://www.futbolperuano.com/liga-1/noticias/polemica-en-liga-1-universitario-de-deportes-recibe-sancion-por-actos-racistas-y-genera-controversia-entre-la-hinchada-crema-577684,91,41923,0.22%,4.13
https://www.futbolperuano.com/copa-libertadores/noticias/coquimbo-vs-nacional-en-vivo-por-la-fase-de-grupos-de-la-copa-libertadores-2026-577678,91,25654,0.35%,7.28
https://www.futbolperuano.com/copa-libertadores/noticias/prensa-paraguaya-reacciona-el-triunfo-de-sporting-cristal-y-lapida-a-cecilio-dominguez-578995,91,7354,1.24%,4.48
https://www.futbolperuano.com/peruanos-en-el-exterior/noticias/nuevo-pretendiente-erick-noriega-en-la-mira-de-un-grande-del-futbol-italiano-581185,91,3130,2.91%,7.06
https://www.futbolperuano.com/futbol-de-menores/fixture-confirmado-de-la-seleccion-peruana-los-tres-partidos-de-peru-sub-16-en-el-mundial-montaigu-2026-561677,91,2978,3.06%,6.01
https://www.futbolperuano.com/en-vivo/liga-femenina-2026-fc-killas-vs-atletico-andahuaylas-en-vivo-580812,91,1538,5.92%,7.81
https://www.futbolperuano.com/copa-libertadores/noticias/sporting-cristal-consiguio-un-historico-record-en-la-copa-libertadores-581491,90,22526,0.4%,9.11
https://www.futbolperuano.com/partidos-por-tv/liga-1-primera-division-del-peru-t35,90,8525,1.06%,9.76
https://www.futbolperuano.com/liga-1/noticias/mauro-cantoro-elije-estratega-nacional-para-dirigir-a-universitario-tras-la-salida-de-rabanal-580673,90,7795,1.15%,3.83
https://www.futbolperuano.com/en-vivo/torneo-repechaje-de-verano-de-bolivia-the-strongest-vs-blooming-en-vivo-577035,90,6656,1.35%,7.99
https://www.futbolperuano.com/copa-libertadores/noticias/sporting-cristal-ze-ricardo-y-sus-preocupantes-numeros-ante-palmeiras-579683,90,4672,1.93%,6.44
https://www.futbolperuano.com/futbol-femenino/liga-naciones-conmebol/seleccion-peruana-cuando-vuelve-a-jugar-por-la-fecha-6-de-la-liga-de-naciones-femenina-579161,90,3660,2.46%,6.6
https://www.futbolperuano.com/futbol-de-menores/liga-nacional-sub-18-peru/tabla-de-posiciones,90,2271,3.96%,7.46
https://www.futbolperuano.com/liga-voley/quien-ganara-el-duelo-de-anotadoras-maeva-orle-o-fernanda-tome-580138,89,46478,0.19%,4.75
https://www.futbolperuano.com/copa-libertadores/noticias/universitario-vs-coquimbo-unido-que-canal-transmitira-el-partido-de-copa-libertadores-2026-579345,89,13655,0.65%,5.33
https://www.futbolperuano.com/copa-peru/noticias/copa-peru-que-paso-con-domingo-dianderas-de-jorge-luna-514717,89,11716,0.76%,6.69
https://www.futbolperuano.com/partidos-por-tv/directv-sports-c3,89,7741,1.15%,8.59
https://www.futbolperuano.com/copa-libertadores/noticias/sporting-cristal-eligio-el-estadio-para-jugar-el-resto-de-la-copa-libertadores-578725,88,23410,0.38%,7.42
https://www.futbolperuano.com/copa-sudamericana/noticias/alianza-atletico-vs-tigre-en-vivo-por-la-copa-sudamericana-577477,88,21093,0.42%,9.14
https://www.futbolperuano.com/liga-2/noticias/liga-2-como-se-jugaran-los-partidos-de-la-fecha-4-de-la-fase-regional-580296,87,5104,1.7%,9.19
https://www.futbolperuano.com/en-vivo/torneo-apertura-2026-universitario-vs-alianza-atletico-en-vivo-580893,86,42606,0.2%,4.19
https://www.futbolperuano.com/liga-1/noticias/cienciano-y-los-partidos-que-le-restan-jugar-en-el-torneo-apertura-de-la-liga-1-2026-580254,86,14972,0.57%,7.16
https://www.futbolperuano.com/liga-1/noticias/universitario-hara-un-nuevo-intento-para-repatriar-a-dt-clave-en-el-tricampeonato-581157,86,6775,1.27%,4.38
https://www.futbolperuano.com/liga-1/noticias/l1-max-gratis-en-movistar-como-ver-todos-los-partidos-de-la-liga-1-2026-561539,86,4341,1.98%,12.06
https://www.futbolperuano.com/peruanos-en-el-exterior/noticias/gabriel-costa-tiene-nuevo-equipo-tras-su-paso-universitario-de-deportes-580511,86,3772,2.28%,5.82
https://www.futbolperuano.com/liga-voley/alianza-lima-vs-san-martin-paola-rivera-llegara-al-extra-game-581266,86,2579,3.33%,4.15
https://www.futbolperuano.com/liga-1/noticias/carlos-zambrano-envio-inesperado-mensaje-a-alianza-lima-579052,85,9301,0.91%,4.27
https://www.futbolperuano.com/liga-1/noticias/pablo-guede-alista-mas-de-una-sorpresa-para-el-alianza-lima-vs-cusco-fc-579985,85,6578,1.29%,4.43
https://www.futbolperuano.com/liga-voley/alianza-lima-vs-san-martin-cuando-inicia-la-venta-de-entradas-para-el-extra-game-581277,85,6390,1.33%,7.03
https://www.futbolperuano.com/liga-2/noticias/pirata-fc-vs-ada-de-jaen-en-vivo-online-por-la-fecha-2-de-la-liga-2-2026-577365,85,6069,1.4%,9.02
https://www.futbolperuano.com/home/noticias/cusco-fc-vs-fc-cajamarca-en-vivo-por-el-torneo-apertura-580440,84,29596,0.28%,8.05
https://www.futbolperuano.com/en-vivo/conmebol-sub-17-argentina-vs-brasil-en-vivo-579087,84,21730,0.39%,5.78
https://www.futbolperuano.com/copa-libertadores/noticias/el-once-de-universitario-en-su-estreno-en-la-copa-libertadores-2026-577654,84,16243,0.52%,6.08
https://www.futbolperuano.com/liga-2/noticias/el-equipo-de-altura-que-decidio-retirarse-de-la-liga-profesional-579945,84,7885,1.07%,8.11
https://www.futbolperuano.com/liga-1/noticias/liga-1-suma-un-nuevo-tecnico-fuera-y-un-club-activa-la-busqueda-de-reemplazo-en-pleno-torneo-apertura-580333,83,11620,0.71%,10
https://www.futbolperuano.com/partidos-por-tv/noticias/programacion-de-partidos-por-tv-del-martes-07-de-abril-del-2026-577483,83,9255,0.9%,6.32
https://www.futbolperuano.com/liga-1/noticias/los-10-estadios-mas-grandes-del-futbol-peruano-333771,83,7364,1.13%,6.7
https://www.futbolperuano.com/copa-sudamericana/noticias/alianza-atletico-tabla-de-posiciones-del-grupo-a-de-la-copa-sudamericana-2026-577687,82,36382,0.23%,8.25
https://www.futbolperuano.com/liga-1/cienciano-vs-deportivo-moquegua-19-abril-2026-liga-1-peru---torneo-apertura-m3230705,82,19516,0.42%,10.27
https://www.futbolperuano.com/liga-2/noticias/union-minas-eligio-su-estadio-para-ser-local-en-la-liga-2-573385,82,5790,1.42%,7.86
https://www.futbolperuano.com/futbol-internacional/francia/tabla-de-posiciones,81,67901,0.12%,9.47
https://www.futbolperuano.com/copa-sudamericana/noticias/cienciano-tabla-de-posiciones-del-grupo-b-de-la-copa-sudamericana-2026-579912,81,57823,0.14%,7.64
https://www.futbolperuano.com/liga-1/noticias/melgar-vs-universitario-en-vivo-por-el-torneo-apertura-de-la-liga-1-580145,81,30034,0.27%,5.87
https://www.futbolperuano.com/en-vivo/liga-boliviana-real-oruro-vs-the-strongest-en-vivo-581084,81,16230,0.5%,12.6
https://www.futbolperuano.com/liga-1/noticias/juan-reynoso-rompe-su-silencio-y-revela-si-aceptaria-dirigir-a-alianza-lima-579845,81,2162,3.75%,4.19
https://www.futbolperuano.com/copa-peru/noticias/resultados-en-la-fecha-7-liga-distrital-puno-en-copa-peru-2026-576975,81,1953,4.15%,7.08
https://www.futbolperuano.com/copa-libertadores/noticias/universitario-vs-nacional-que-canal-transmitira-el-partido-por-la-copa-libertadores-581342,80,22411,0.36%,4.44
https://www.futbolperuano.com/copa-libertadores/noticias/javier-rabanal-y-su-elogio-al-deportes-tolima-ignorando-a-alianza-lima-578716,80,5391,1.48%,6.39
https://www.futbolperuano.com/futbol-de-menores/copa-federacion/copa-federacion-oro-2026-resultados-de-la-cuarta-fecha-579252,80,4660,1.72%,5.78
https://www.futbolperuano.com/liga-3/noticias/deportivo-municipal-se-refuerza-con-campeon-nacional-y-busca-a-un-mundialista-para-la-liga-3-577067,80,3086,2.59%,6.51
https://www.futbolperuano.com/copa-sudamericana/noticias/america-de-cali-vs-alianza-atletico-en-vivo-por-la-copa-sudamericana-579563,79,24392,0.32%,5.63
https://www.futbolperuano.com/liga-1/noticias/atletico-grau-vs-sporting-cristal-en-vivo-por-el-torneo-apertura-580431,79,12741,0.62%,4.94
https://www.futbolperuano.com/copa-libertadores/noticias/cuando-vuelve-a-jugar-sporting-cristal-por-la-copa-libertadores-579877,79,9442,0.84%,6.53
https://www.futbolperuano.com/peru/clubes/alianza-lima/,78,126492,0.06%,8.1
https://www.futbolperuano.com/futbol-internacional/mexico/tabla-de-posiciones,78,8799,0.89%,11.03
https://www.futbolperuano.com/en-vivo/liga-2-sport-huancayo-vs-alianza-universidad-en-vivo-580028,78,5794,1.35%,10.1
https://www.futbolperuano.com/liga-1/noticias/pablo-guede-sorprendio-con-su-analisis-del-clasico-del-futbol-peruano-577345,78,3627,2.15%,5.08
https://www.futbolperuano.com/copa-peru/noticias/resultados-fecha-8-liga-distrital-de-arequipa-por-la-copa-peru-2026-577320,78,2504,3.12%,4.56
https://www.futbolperuano.com/futbol-internacional/italia/tabla-de-posiciones,77,60729,0.13%,9.46
https://www.futbolperuano.com/liga-voley/liga-peruana-de-voley-aixa-vigil-aparece-como-opcion-para-un-grande-del-voley-peruano-581108,77,10757,0.72%,2.94
https://www.futbolperuano.com/en-vivo/challenger-de-aix-en-provence-ignacio-buse-vs-thomas-faurel-en-vivo-581590,77,10105,0.76%,5.91
https://www.futbolperuano.com/liga-2/noticias/liga-2-como-se-jugara-la-fecha-5-de-la-fase-regional-2026-581205,77,6631,1.16%,7.99
https://www.futbolperuano.com/liga-voley/alianza-lima-vs-san-martin-quien-debe-ser-titular-maria-alejandra-marin-o-doris-manco-581274,77,4495,1.71%,4.82
https://www.futbolperuano.com/copa-peru/noticias/tras-fallo-los-clasificados-a-la-etapa-provincial-de-cajamarca-de-la-copa-peru-2026-581082,77,2966,2.6%,6.48
https://www.futbolperuano.com/copa-peru/noticias/los-campeones-distritales-de-la-copa-peru-recibieron-onesperada-noticia-579953,77,2285,3.37%,5.03
https://www.futbolperuano.com/en-vivo/conmebol-sudamericana-alianza-atletico-vs-tigre-en-vivo-577604,76,13152,0.58%,7.21
https://www.futbolperuano.com/futbol-internacional/inglaterra/fa-cup/tabla-de-posiciones,76,3852,1.97%,10.35
https://www.futbolperuano.com/liga-3/resultados,76,2715,2.8%,6.93
https://www.futbolperuano.com/peru/clubes/cienciano/,75,101051,0.07%,8.24
https://www.futbolperuano.com/copa-sudamericana/noticias/cienciano-vs-academia-puerto-cabello-en-vivo-online-por-fecha-2-de-la-copa-libertadores-2026-579590,75,31585,0.24%,7.73
https://www.futbolperuano.com/liga-1/noticias/jorge-fossati-rompe-su-silencio-y-revela-el-motivo-por-el-cual-decidio-no-volver-a-universitario-581111,75,23499,0.32%,4.84
https://www.futbolperuano.com/liga-1/noticias/adt-vs-alianza-lima-en-vivo-por-el-torneo-apertura-de-la-liga-1-2026-579317,75,13001,0.58%,8.21
https://www.futbolperuano.com/liga-2/noticias/resultados-y-tabla-de-posiciones-de-la-fecha-3-de-la-liga-2-579840,75,12206,0.61%,7.77
https://www.futbolperuano.com/futbol-internacional/costa-rica/sporting-san-jose-vs-municipal-liberia-21-abril-2026-primera-division-de-costa-rica-m3222692,75,4827,1.55%,9.76
https://www.futbolperuano.com/copa-libertadores/noticias/conmebol-revela-los-audios-del-var-del-polemico-penal-de-sporting-cristal-579935,75,4679,1.6%,6.93
https://www.futbolperuano.com/futbol-femenino/a-que-hora-juega-la-seleccion-peruana-femenina-580978,75,3897,1.92%,6.68
https://www.futbolperuano.com/liga-voley/deportivo-soan-vs-circolo-sportivo-italiano-en-vivo-online-por-el-7mo-lugar-de-la-liga-peruana-de-voley-577247,75,3585,2.09%,5.41
https://www.futbolperuano.com/futbol-internacional/inglaterra/the-championship/tabla-de-posiciones,74,190120,0.04%,10.75
https://www.futbolperuano.com/en-vivo/liga-1-juan-pablo-ii-vs-utc-en-vivo-577355,74,39569,0.19%,8.09
https://www.futbolperuano.com/liga-2/noticias/resultados-y-tabla-de-posiciones-de-la-fecha-4-de-la-liga-2-580832,74,13080,0.57%,9.22
https://www.futbolperuano.com/en-vivo/sudamericano-sub-17-ecuador-vs-argentina-en-vivo-579793,74,9935,0.74%,6.07
https://www.futbolperuano.com/liga-voley/alianza-lima-vs-san-martin-en-vivo-por-la-final-vuelta-de-la-liga-peruana-de-voley-580864,74,7510,0.99%,5.8
https://www.futbolperuano.com/en-vivo/conmebol-sub-17-femenina-colombia-vs-bolivia-en-vivo-581669,74,2624,2.82%,4.82
https://www.futbolperuano.com/copa-libertadores/noticias/universitario-de-deportes-tabla-de-posiciones-del-grupo-b-de-la-copa-libertadores-2026-579600,73,52823,0.14%,8.54
https://www.futbolperuano.com/copa-sudamericana/noticias/el-proximo-partido-de-cienciano-en-la-copa-sudamericana-2026-579012,73,21203,0.34%,7.68
https://www.futbolperuano.com/futbol-femenino/liga-naciones-conmebol/dt-de-uruguay-arremete-contra-peru-por-jugar-en-el-cusco-nos-dejo-afuera-del-mundial-579225,73,3852,1.9%,6.47
https://www.futbolperuano.com/futbol-de-menores/copa-federacion/copa-federacion-plata-programacion-del-fin-de-semana-del-25-y-26-de-abril-580704,73,1737,4.2%,9.8
https://www.futbolperuano.com/futbol-internacional/arabia-saudita/tabla-de-posiciones,72,257467,0.03%,9.84
https://www.futbolperuano.com/en-vivo/sudamericano-sub-17-paraguay-vs-colombia-en-vivo-579311,72,20507,0.35%,9.51
https://www.futbolperuano.com/peru/mas-del-futbol-peruano/elecciones-peru-2026-keiko-fujimori-lidera-el-flash-electoral-y-se-perfila-una-segunda-vuelta-renida-579324,72,18089,0.4%,9.3
https://www.futbolperuano.com/liga-1/noticias/pablo-guede-define-el-futuro-de-federico-girotti-en-alianza-lima-579477,72,9749,0.74%,3.37
https://www.futbolperuano.com/liga-1/noticias/sport-boys-entra-en-crisis-en-pleno-torneo-apertura-de-la-liga-1-579971,72,2841,2.53%,7.32
https://www.futbolperuano.com/futbol-de-menores/jovenes-promesas/resultados,72,1286,5.6%,6.79
https://www.futbolperuano.com/liga-1/noticias/comerciantes-unidos-vs-sporting-cristal-en-vivo-por-el-torneo-apertura-580693,71,24365,0.29%,6.16
https://www.futbolperuano.com/copa-libertadores/noticias/se-frotan-las-manos-la-millonaria-cifra-que-recibio-sporting-cristal-tras-vencer-a-junior-en-la-copa-libertadores-581512,71,23830,0.3%,4.42
https://www.futbolperuano.com/en-vivo/sudamericano-sub-17-chile-vs-ecuador-en-vivo-579313,71,15364,0.46%,6.63
https://www.futbolperuano.com/liga-1/noticias/sport-boys-vs-melgar-en-vivo-online-por-la-fecha-10-del-torneo-apertura-de-liga-1-2026-579374,71,14974,0.47%,7.65
https://www.futbolperuano.com/en-vivo/liga-2-cantolao-vs-union-comercio-en-vivo-580909,71,12184,0.58%,10.48
https://www.futbolperuano.com/liga-1/noticias/sport-boys-da-ultimatum-a-carlos-zambrano-y-miguel-trauco-576965,71,3997,1.78%,5.7
https://www.futbolperuano.com/copa-libertadores/noticias/palmeiras-vs-sporting-cristal-en-vivo-por-la-copa-libertadores-579558,70,29656,0.24%,5.77
https://www.futbolperuano.com/liga-1/noticias/alianza-atletico-vs-atletico-grau-en-vivo-online-por-la-fecha-9-del-torneo-apertura-de-la-liga-1-2026-577134,70,28652,0.24%,8.31
https://www.futbolperuano.com/en-vivo/conmebol-libertadores-deportes-tolima-vs-universitario-de-deportes-en-vivo-577589,70,27930,0.25%,6.88
https://www.futbolperuano.com/liga-1/noticias/deportivo-moquegua-vs-juan-pablo-ii-en-vivo-por-el-torneo-apertura-579388,70,13743,0.51%,8.68
https://www.futbolperuano.com/liga-1/noticias/ze-ricardo-inicia-su-era-en-sporting-cristal-con-su-primera-practica-en-la-florida-577412,70,12205,0.57%,3.41
https://www.futbolperuano.com/liga-voley/alianza-lima-y-su-camino-hacia-la-final-de-la-liga-peruana-de-voley-2025-26-578968,70,7190,0.97%,3.87
https://www.futbolperuano.com/copa-libertadores/noticias/javier-rabanal-fue-destituido-por-universitario-pero-podria-dirigir-a-club-que-disputa-la-copa-libertadores-580824,70,5097,1.37%,6.35
https://www.futbolperuano.com/en-vivo/liga-2-cesar-vallejo-vs-cantolao-en-vivo-580031,70,4934,1.42%,9.44
https://www.futbolperuano.com/futbol-femenino/liga-femenina/tabla-de-posiciones,70,3798,1.84%,7.8
https://www.futbolperuano.com/copa-peru/noticias/la-liga-distrital-de-piura-ya-tiene-a-su-campeon-en-la-copa-peru-2026-579034,70,1903,3.68%,6.27
https://www.futbolperuano.com/liga-3/noticias/ecosem-pasco-oficializo-a-su-nuevo-entrenador-para-la-liga-3-579094,70,1590,4.4%,5.57
https://www.futbolperuano.com/en-vivo/torneo-apertura-2026-juan-pablo-ii-vs-comerciantes-unidos-en-vivo-580006,69,64862,0.11%,9.2
https://www.futbolperuano.com/liga-1/noticias/sporting-cristal-vs-utc-en-vivo-online-por-la-fecha-11-del-torneo-apertura-de-la-liga-1-2026-580116,69,30827,0.22%,6.97
https://www.futbolperuano.com/copa-libertadores/noticias/quien-manda-en-el-historial-entre-sporting-cristal-y-palmeiras-579660,69,20353,0.34%,7.32
https://www.futbolperuano.com/liga-1/noticias/liga-1-posibles-alineaciones-de-alianza-lima-vs-cusco-fc-por-la-fecha-11-del-torneo-apertura-580095,69,19098,0.36%,5.3
https://www.futbolperuano.com/copa-sudamericana/resultados,69,15490,0.45%,9.6
https://www.futbolperuano.com/liga-2/noticias/ada-de-jaen-vs-carlos-mannucci-en-vivo-por-la-liga-2-579964,69,5205,1.33%,8.73
https://www.futbolperuano.com/peru/clubes/bentin-tacna-heroica/,69,4576,1.51%,6.7
https://www.futbolperuano.com/liga-1/los-chankas-vs-cienciano-23-abril-2026-liga-1-peru---torneo-apertura-m3230697,69,3782,1.82%,9.27
https://www.futbolperuano.com/liga-1/noticias/universitario-de-deportes-hizo-oficial-la-salida-del-tecnico-javier-rabanal-580377,69,2971,2.32%,5.07
https://www.futbolperuano.com/copa-peru/noticias/la-liga-distrital-de-arequipa-ya-tiene-fixture-en-la-copa-peru-2026-562467,69,1523,4.53%,5.08
https://www.futbolperuano.com/en-vivo/liga-1-sport-huancayo-vs-comerciantes-unidos-en-vivo-577353,68,81803,0.08%,9.47
https://www.futbolperuano.com/liga-1/noticias/cienciano-vs-deportivo-moquegua-en-vivo-por-el-torneo-apertura-de-la-liga-1-580147,68,39349,0.17%,9.07
https://www.futbolperuano.com/en-vivo/copa-sudamericana-2026-cienciano-vs-puerto-cabello-en-vivo-579785,68,32351,0.21%,8.59
https://www.futbolperuano.com/liga-1/noticias/alianza-lima-vs-cusco-fc-en-vivo-por-el-torneo-apertura-579981,68,19361,0.35%,6.17
https://www.futbolperuano.com/copa-sudamericana/olimpia-vs-barracas-central-15-abril-2026-copa-sudamericana-m3236052,68,12967,0.52%,9.6
https://www.futbolperuano.com/liga-2/noticias/academia-cantolao-vs-fc-san-marcos-en-vivo-por-la-liga-2-577126,68,8071,0.84%,7.48
https://www.futbolperuano.com/liga-2/noticias/estos-son-los-18-equipos-que-disputaran-la-liga-2-2026-553448,68,3593,1.89%,7.12
https://www.futbolperuano.com/liga-1/noticias/jorge-araujo-pide-hacer-autocritica-tras-la-derrota-de-universitario-581145,68,3226,2.11%,5.64
https://www.futbolperuano.com/copa-libertadores/noticias/arbitro-confirmado-para-el-debut-de-cusco-fc-en-la-copa-libertadores-575500,68,945,7.2%,6.49
https://www.futbolperuano.com/liga-1/noticias/universitario-vs-deportivo-garcilaso-en-vivo-online-por-fecha-10-del-torneo-apertura-de-liga-1-2026-580423,67,16248,0.41%,4.98
https://www.futbolperuano.com/copa-libertadores/noticias/cerro-porteno-vs-junior-de-barranquilla-en-vivo-online-por-fecha-2-de-copa-libertadores-2026-579363,67,15412,0.43%,4.72
https://www.futbolperuano.com/en-vivo/conmebol-liga-de-naciones-femenina-venezuela-vs-argentina-en-vivo-579427,67,4473,1.5%,5.85
https://www.futbolperuano.com/partidos-por-tv/liga-3-peru-t297,67,968,6.92%,7.52
https://www.futbolperuano.com/liga-1/noticias/universitario-vs-alianza-lima-en-vivo-online-por-la-fecha-9-del-torneo-apertura-de-la-liga-1-2026-577208,66,43771,0.15%,6.36
https://www.futbolperuano.com/liga-1/noticias/cusco-fc-vs-sport-huancayo-en-vivo-online-por-la-fecha-12-del-torneo-apertura-de-liga-1-2026-581012,66,36447,0.18%,8.61
https://www.futbolperuano.com/futbol-femenino/liga-femenina/liga-femenina-universitario-anuncia-refuerzo-con-pasado-en-atletico-de-madrid-581371,66,29486,0.22%,2.88
https://www.futbolperuano.com/futbol-de-menores/sudamericano-sub-17/peru-vs-brasil-en-vivo-online-por-la-fecha-2-del-campeonato-sudamericano-sub-17-577371,66,14231,0.46%,7.07
https://www.futbolperuano.com/liga-1/noticias/mano-menezes-se-refirio-al-8-a-0-de-alianza-lima-sobre-cusco-fc-580252,66,4699,1.4%,4.69
https://www.futbolperuano.com/futbol-femenino/eliminatorias-europa/tabla-de-posiciones,66,2603,2.54%,8.36
https://www.futbolperuano.com/liga-voley/universitario-rompe-el-silencio-sobre-kiara-montes-y-aclara-por-que-no-se-concreto-su-fichaje-581538,65,154808,0.04%,3.45
https://www.futbolperuano.com/en-vivo/torneo-apertura-2026-cusco-fc-vs-sport-huancayo-en-vivo-580889,65,85248,0.08%,9.62
https://www.futbolperuano.com/futbol-internacional/usa/tabla-de-posiciones,65,47946,0.14%,9.58
https://www.futbolperuano.com/en-vivo/torneo-apertura-2026-atletico-grau-vs-sporting-cristal-en-vivo-580527,65,20705,0.31%,5.05
https://www.futbolperuano.com/liga-1/noticias/comerciantes-unidos-vs-alianza-atletico-en-vivo-online-por-fecha-10-del-torneo-apertura-de-liga-1-2026-580415,65,20007,0.32%,8.25
https://www.futbolperuano.com/futbol-internacional/alemania/tabla-de-posiciones,65,19815,0.33%,10.08
https://www.futbolperuano.com/peru/elecciones-peru-2026-ya-hay-fecha-para-la-segunda-vuelta-y-esto-es-lo-que-se-sabe-tras-una-primera-jornada-marcada-por-problemas-579319,65,18433,0.35%,8.92
https://www.futbolperuano.com/en-vivo/torneo-benefico-liga-3-alianza-lima-vs-sport-boys-en-vivo-580525,65,12507,0.52%,6.47
https://www.futbolperuano.com/liga-1/noticias/goleador-de-alianza-lima-revela-que-estuvo-a-nada-de-ser-jugador-de-universitario-578839,65,9373,0.69%,3.48
https://www.futbolperuano.com/partidos-por-tv/noticias/programacion-de-partidos-por-tv-del-viernes-24-de-abril-del-2026-580715,65,5279,1.23%,4.2
https://www.futbolperuano.com/liga-1/noticias/tras-la-derrota-ante-coquimbo-universitario-toma-drastica-decision-sobre-sekou-gassama-579645,65,4710,1.38%,3.8
https://www.futbolperuano.com/copa-peru/noticias/liga-provincial-de-trujillo-lista-para-comenzar-en-la-copa-peru-2026-580418,65,1625,4%,7.48
https://www.futbolperuano.com/en-vivo/torneo-apertura-2026-sport-boys-vs-juan-pablo-ii-en-vivo-580884,64,47242,0.14%,5.99
https://www.futbolperuano.com/liga-1/noticias/melgar-vs-cusco-fc-en-vivo-online-por-la-fecha-9-del-torneo-apertura-de-la-liga-1-2026-577213,64,31045,0.21%,8.11
https://www.futbolperuano.com/liga-voley/liga-peruana-de-voley-cuando-se-jugaran-los-partidos-de-vuelta-de-las-semifinales-576624,64,8215,0.78%,6.87
https://www.futbolperuano.com/liga-1/cienciano-vs-adt-tarma-3-abril-2026-liga-1-peru---torneo-apertura-m3230683,63,23645,0.27%,10.61
https://www.futbolperuano.com/liga-1/noticias/kevin-ortega-volvera-a-dirigir-un-partido-de-alianza-lima-vs-atletico-grau-580886,63,9970,0.63%,5.57
https://www.futbolperuano.com/liga-1/noticias/resultados-y-tabla-de-posiciones-de-la-fecha-12-del-torneo-apertura-580825,62,36038,0.17%,9.2
https://www.futbolperuano.com/en-vivo/sudamericano-sub-17-brasil-vs-venezuela-en-vivo-579302,62,20075,0.31%,7.17
https://www.futbolperuano.com/copa-libertadores/noticias/junior-de-barranquilla-vs-palmeiras-en-vivo-online-por-la-copa-libertadores-2026-578805,62,16025,0.39%,7.75
https://www.futbolperuano.com/liga-1/noticias/el-fixture-de-universitario-de-deportes-en-seis-fechas-finales-torneo-apertura-580651,62,13106,0.47%,8.12
https://www.futbolperuano.com/partidos-por-tv/disney-c53,62,4641,1.34%,8.15
https://www.futbolperuano.com/copa-peru/noticias/unsch-se-corona-en-ayacucho-asi-quedo-la-tabla-y-los-clasificados-a-la-etapa-provincial-580156,62,2353,2.63%,5.85
https://www.futbolperuano.com/peru/elecciones-generales-2026-conteo-de-votos-de-la-onpe-al-90098--579620,62,757,8.19%,3.82
https://www.futbolperuano.com/copa-sudamericana/noticias/donde-ver-el-cienciano-vs-atletico-mineiro-por-la-copa-sudamericana-2026-581357,61,23788,0.26%,7.61
https://www.futbolperuano.com/copa-sudamericana/noticias/cienciano-vs-puerto-cabello-canal-confirmado-para-ver-en-vivo-el-duelo-por-la-copa-sudamericana-579830,61,19905,0.31%,8.42
https://www.futbolperuano.com/copa-libertadores/noticias/nacional-vs-deportes-tolima-en-vivo-online-por-fecha-2-de-la-copa-libertadores-2026-579357,61,9374,0.65%,6.98
https://www.futbolperuano.com/en-vivo/copa-sudamericana-2026-tigre-vs-america-de-cali-en-vivo-581635,61,7075,0.86%,7.26
https://www.futbolperuano.com/copa-libertadores/noticias/universitario-toma-decision-con-alzugaray-polo-y-carabali-previo-al-duelo-ante-tolima-577422,61,3626,1.68%,7.13
https://www.futbolperuano.com/liga-1/adt-tarma-vs-alianza-lima-14-abril-2026-liga-1-peru---torneo-apertura-m3230700,61,2112,2.89%,10.29
https://www.futbolperuano.com/copa-peru/noticias/copa-peru-resultados-y-tabla-de-posiciones-en-la-fecha-9-de-la-liga-distrital-de-arequipa-579008,61,1341,4.55%,5.28
https://www.futbolperuano.com/peru/mas-del-futbol-peruano/el-estadio-peruano-que-proyectaba-tener-90-mil-espectadores-pero-se-quedo-30-mil-573498,60,38207,0.16%,6.95
https://www.futbolperuano.com/en-vivo/conmebol-sub-17-bolivia-vs-peru-en-vivo-578740,60,9867,0.61%,7.77
https://www.futbolperuano.com/en-vivo/sudamericano-sub-17-chile-vs-paraguay-en-vivo-578983,60,9776,0.61%,6.57
https://www.futbolperuano.com/copa-libertadores/noticias/dt-de-flamengo-envia-fuerte-advertencia-a-cusco-fc-previo-al-duelo-por-la-copa-libertadores-577453,60,8939,0.67%,8.14
https://www.futbolperuano.com/liga-1/noticias/alejandro-restrepo-y-su-rotunda-respuesta-al-ser-consultado-sobre-la-posibilidad-de-dirigir-a-la-u-580794,60,4011,1.5%,4.49
https://www.futbolperuano.com/futbol-internacional/ecuador/tabla-de-posiciones,59,19882,0.3%,10.24
https://www.futbolperuano.com/copa-libertadores/noticias/a-que-hora-juega-sporting-cristal-vs-junior-por-la-copa-libertadores-581259,59,16144,0.37%,5.28
https://www.futbolperuano.com/liga-1/noticias/diego-romero-arquero-de-universitario-se-ilusiona-con-volver-a-ser-titular-frente-a-alianza-lima-577053,59,9766,0.6%,4.89
https://www.futbolperuano.com/mundial/noticias/cuantos-partidos-del-mundial-2026-transmitira-america-tv-579110,59,9638,0.61%,6.66
https://www.futbolperuano.com/en-vivo/liga-2-deportivo-llacuabamba-vs-ada-de-jaen-en-vivo-580905,59,8529,0.69%,8.33
https://www.futbolperuano.com/partidos-por-tv/noticias/programacion-de-partidos-por-tv-del-martes-28-de-abril-del-2026-581197,59,4808,1.23%,5.98
https://www.futbolperuano.com/liga-1/noticias/felipe-vizeu-recuerda-su-ultima-conversacion-con-paulo-autuori-tras-dejar-sporting-cristal-579234,59,4277,1.38%,4.21
https://www.futbolperuano.com/liga-1/noticias/alianza-lima-un-fallecido-y-60-heridos-en-el-estadio-de-matute-previo-al-clasico-frente-a-universitario-577233,59,3581,1.65%,5.54
https://www.futbolperuano.com/peruanos-en-el-exterior/noticias/renato-tapia-alista-un-cambio-en-su-carrera-y-su-futuro-apunta-a-una-liga-que-podria-marcar-un-nuevo-giro-para-el-peruano-580598,59,2296,2.57%,7.28
https://www.futbolperuano.com/liga-3/noticias/la-liga-3-y-el-aumento-de-descenso-que-tendra-en-el-2026-581654,59,510,11.57%,4.05
https://www.futbolperuano.com/peruanos-en-el-exterior/noticias/corinthians-vs-palmeiras-en-vivo-oline-por-el-brasileirao-579298,58,103130,0.06%,8.87
https://www.futbolperuano.com/en-vivo/conmebol-sudamericana-boston-river-vs-sao-paulo-en-vivo-577625,58,15490,0.37%,8.08
https://www.futbolperuano.com/copa-libertadores/noticias/deportes-tolima-vs-universitario-de-deportes-en-vivo-online-por-la-fecha-1-del-grupo-b-de-la-copa-libertadores-577394,57,16594,0.34%,7.51
https://www.futbolperuano.com/liga-1/noticias/universitario-define-el-futuro-de-rabanal-ante-melgar-el-partido-que-puede-marcar-su-continuidad-en-el-club-580010,57,9832,0.58%,5.3
https://www.futbolperuano.com/futbol-femenino/liga-naciones-conmebol/antonio-spinelli-tecnico-de-la-seleccion-peruana-femenina-defendio-la-localia-en-el-cusco-579268,57,2897,1.97%,4.84
https://www.futbolperuano.com/liga-1/noticias/atletico-grau-ya-eligio-el-estadio-donde-sera-local-en-la-liga-1-del-2026-555049,57,2792,2.04%,6.04
https://www.futbolperuano.com/en-vivo/torneo-apertura-2026-deportivo-moquegua-vs-juan-pablo-ii-en-vivo-579487,56,39048,0.14%,9.4
https://www.futbolperuano.com/en-vivo/liga-2-pirata-vs-ada-en-vivo-577433,56,24364,0.23%,12.02
https://www.futbolperuano.com/copa-sudamericana/noticias/palestino-vs-gremio-en-vivo-por-la-copa-sudamericana-581487,56,18335,0.31%,8.31
https://www.futbolperuano.com/liga-1/noticias/utc-vs-sport-huancayo-en-vivo-por-el-torneo-apertura-de-la-liga-1-2026-579576,56,15519,0.36%,8.75
https://www.futbolperuano.com/copa-sudamericana/noticias/alianza-atletico-su-proximo-encuentro-en-la-fase-de-grupos-de-la-copa-sudamericana-2026-577686,56,13793,0.41%,8.11
https://www.futbolperuano.com/en-vivo/conmebol-sub-17-venezuela-vs-argentina-en-vivo-578744,56,9446,0.59%,7.15
https://www.futbolperuano.com/peru/clubes/alianza-universidad-huanuco/,56,8237,0.68%,7.99
https://www.futbolperuano.com/copa-libertadores/noticias/prensa-colombiana-se-rinde-ante-universitario-tras-empate-ante-tolima-en-la-copa-libertadores-578777,56,5765,0.97%,4.58
https://www.futbolperuano.com/futbol-de-menores/jovenes-promesas/tabla-de-posiciones,56,1411,3.97%,7.71
https://www.futbolperuano.com/en-vivo/liga-boliviana-real-tomayapo-vs-the-strongest-en-vivo-580737,55,24258,0.23%,10.63
https://www.futbolperuano.com/liga-1/adt-tarma-vs-los-chankas-27-abril-2026-liga-1-peru---torneo-apertura-m3230719,55,12400,0.44%,11.71
https://www.futbolperuano.com/en-vivo/copa-sudamericana-2026-cienciano-vs-atletico-mineiro-en-vivo-581443,55,9843,0.56%,6.47
https://www.futbolperuano.com/en-vivo/sudamericano-sub-17-brasil-vs-colombia-en-vivo-579796,55,7041,0.78%,6.03
https://www.futbolperuano.com/copa-peru/noticias/el-monto-de-dinero-deben-pagar-clasificados-etapa-provincial-copa-peru-2026-577558,55,1461,3.76%,4.37
https://www.futbolperuano.com/liga-1/sport-boys-vs-fbc-melgar-14-abril-2026-liga-1-peru---torneo-apertura-m3230699,54,37460,0.14%,8.89
https://www.futbolperuano.com/en-vivo/liga-boliviana-blooming-vs-nacional-potosi-en-vivo-580559,54,16584,0.33%,11.34
https://www.futbolperuano.com/en-vivo/copa-libertadores-2026-universitario-vs-nacional-en-vivo-581440,54,12923,0.42%,7.8
https://www.futbolperuano.com/liga-1/noticias/preocupacion-por-el-estadio-nacional-asi-luce-el-campo-a-semanas-del-sport-boys-vs-universitario-580984,54,6669,0.81%,7.73
https://www.futbolperuano.com/liga-1/atletico-grau-vs-alianza-lima-26-abril-2026-liga-1-peru---torneo-apertura-m3230707,54,5866,0.92%,10.34
https://www.futbolperuano.com/partidos-por-tv/noticias/programacion-de-partidos-por-tv-del-sabado-04-de-abril-del-2026-577206,54,5235,1.03%,5.67
https://www.futbolperuano.com/en-vivo/liga-2-cantolao-vs-fc-san-marcos-en-vivo-577120,54,5031,1.07%,5.94
https://www.futbolperuano.com/copa-libertadores/noticias/prensa-chilena-se-rinde-ante-miguel-vargas-tras-su-solida-actuacion-en-el-universitario-vs-tolima-578787,54,4938,1.09%,5.86
https://www.futbolperuano.com/liga-1/noticias/mr-peet-apunta-contra-paolo-guerrero-tras-la-derrota-de-alianza-lima-en-el-clasico-577439,54,4013,1.35%,4.19
https://www.futbolperuano.com/liga-1/noticias/alianza-lima-se-pronuncia-tras-accidente-en-el-estadio-de-matute-577244,54,3770,1.43%,7.18
https://www.futbolperuano.com/en-vivo/liga-femenina-2026-defensores-del-ilucan-vs-melgar-en-vivo-580924,54,3094,1.75%,8.32
https://www.futbolperuano.com/en-vivo/champions-league-202526-real-madrid-vs-bayern-munich-en-vivo-577580,53,19555,0.27%,6.8
https://www.futbolperuano.com/liga-1/noticias/federico-girotti-reaparece-en-argentina-y-un-gesto-suyo-vuelve-a-abrir-debate-sobre-su-futuro-en-alianza-lima-580614,53,18588,0.29%,7.06
https://www.futbolperuano.com/peru/clubes/comerciantes-loreto/,53,7222,0.73%,10.53
https://www.futbolperuano.com/futbol-femenino/liga-naciones-conmebol/seleccion-peruana-como-comprar-entradas-para-ver-la-liga-de-naciones-femenina-en-el-cusco-577042,53,2557,2.07%,8.4
https://www.futbolperuano.com/liga-1/noticias/liga-1-fixture-de-sport-boys-en-el-torneo-apertura-2026-558279,53,1460,3.63%,4.84
https://www.futbolperuano.com/peru/mas-del-futbol-peruano/el-nuevo-torneo-que-se-jugara-en-peru-en-este-2026-562329,53,1090,4.86%,3.35
https://www.futbolperuano.com/copa-peru/noticias/resultados-fecha-6-liga-distrital-ica-en-copa-peru-2026-576727,53,609,8.7%,4.71
https://www.futbolperuano.com/en-vivo/liga-boliviana-always-ready-vs-oriente-petrolero-en-vivo-580556,52,9931,0.52%,10.72
https://www.futbolperuano.com/en-vivo/liga-2-san-martin-vs-llacuabamba-en-vivo-580025,52,5682,0.92%,11.12
https://www.futbolperuano.com/partidos-por-tv/noticias/programacion-de-partidos-por-tv-del-sabado-11-de-abril-del-2026-579124,52,5439,0.96%,5.93
https://www.futbolperuano.com/copa-libertadores/noticias/miguel-vargas-rechaza-las-pifias-a-sekou-gassama-tras-la-derrota-de-universitario-579678,52,4398,1.18%,3.87
https://www.futbolperuano.com/futbol-femenino/,52,3937,1.32%,10.02
https://www.futbolperuano.com/copa-peru/noticias/el-primer-campeon-de-la-liga-peruana-se-recupera-en-la-copa-peru-2026-576962,52,1586,3.28%,6.1
https://www.futbolperuano.com/copa-libertadores/noticias/copa-libertadores-tabla-de-posiciones-del-grupo-de-universitario-tras-resultados-de-fecha-1-577702,51,46339,0.11%,8.85
https://www.futbolperuano.com/futbol-internacional/argentina/tabla-de-posiciones,51,10502,0.49%,9.11
https://www.futbolperuano.com/liga-2/noticias/santos-fc-vs-sport-huancayo-en-vivo-online-por-la-fecha-4-de-la-liga-2-2026-580747,51,7649,0.67%,9.72
https://www.futbolperuano.com/copa-libertadores/noticias/copa-libertadores-quien-sera-el-arbitro-del-sporting-cristal-vs-junior-581075,51,7404,0.69%,7.13
https://www.futbolperuano.com/partidos-por-tv/noticias/programacion-de-hoy-domingo-26-de-abril-de-2026-horarios-del-futbol-en-vivo-por-television-en-el-peru-581015,51,2801,1.82%,7.69
https://www.futbolperuano.com/liga-voley/regatas-lima-confirmo-la-partida-de-cinco-voleibolistas-580845,51,2765,1.84%,6.12
https://www.futbolperuano.com/liga-1/noticias/sport-boys-ya-sabe-el-estadio-en-el-que-recibira-a-universitario-por-el-torneo-apertura-2026-576951,51,2205,2.31%,5.59
https://www.futbolperuano.com/copa-sudamericana/noticias/montevideo-city-torque-vs-gremio-en-vivo-online-por-la-fecha-1-del-grupo-f-de-la-copa-sudamericana-2026-578829,50,30911,0.16%,8.27
https://www.futbolperuano.com/liga-1/noticias/fabian-bustos-rompe-su-silencio-y-revela-si-volvera-a-dirigir-a-universitario-581020,50,17595,0.28%,5.41
https://www.futbolperuano.com/en-vivo/conmebol-libertadores-cusco-fc-vs-flamengo-en-vivo-578754,50,14071,0.36%,8.33
https://www.futbolperuano.com/liga-1/noticias/los-chankas-y-su-mensaje-luego-de-la-goleada-recibida-ante-adt-tarma-581350,50,8782,0.57%,7.38
https://www.futbolperuano.com/liga-voley/resultados-de-las-semifinales-de-la-liga-peruana-de-voley-2025-26-575521,50,4696,1.06%,7.13
https://www.futbolperuano.com/liga-1/noticias/federico-girotti-recibe-inesperada-noticia-en-alianza-lima-tras-la-victoria-en-tarma-579797,50,4640,1.08%,6.15
https://www.futbolperuano.com/copa-peru/noticias/huancayo-proclamo-a-su-campeon-y-subcampeon-copa-peru-2026-579368,50,2415,2.07%,7.38
https://www.futbolperuano.com/futbol-de-menores/copa-desarrollo-oro/resultados,50,199,25.13%,3.68
https://www.futbolperuano.com/liga-1/noticias/sport-boys-vs-juan-pablo-ii-en-vivo-online-por-fecha-12-del-torneo-apertura-de-liga-1-2026-580769,49,17258,0.28%,10.88
https://www.futbolperuano.com/copa-libertadores/noticias/universitario-de-deportes-vs-nacional-de-uruguay-en-vivo-online-por-la-fecha-3-de-la-fase-de-grupos-de-la-copa-libertadores-2026-581358,49,11126,0.44%,6.61
https://www.futbolperuano.com/liga-1/noticias/quien-sera-el-arbitro-del-universitario-de-deportes-vs-melgar-579735,49,11079,0.44%,6.01
https://www.futbolperuano.com/liga-1/noticias/universitario-galvan-apunta-contra-alvaro-barco-y-lo-responsabiliza-por-fichajes-que-hoy-generan-cuestionamientos-580104,49,7833,0.63%,3.77
https://www.futbolperuano.com/partidos-por-tv/noticias/programacion-de-partidos-por-tv-del-viernes-17-de-abril-del-2026-579864,49,3910,1.25%,5.03
https://www.futbolperuano.com/radio/,49,1602,3.06%,7.87
https://www.futbolperuano.com/peru/mas-del-futbol-peruano/academias-de-futbol-en-surco-499115,49,887,5.52%,7.01
https://www.futbolperuano.com/en-vivo/champions-league-202526-barcelona-vs-atletico-madrid-en-vivo-578764,48,27318,0.18%,8.19
https://www.futbolperuano.com/en-vivo/liga-betplay-dimayor-deportivo-cali-vs-america-de-cali-en-vivo-581028,48,27036,0.18%,7.5
https://www.futbolperuano.com/liga-1/noticias/sport-huancayo-vs-comerciantes-unidos-en-vivo-online-por-la-fecha-9-del-torneo-apertura-de-liga-1-577291,48,23001,0.21%,9.43
https://www.futbolperuano.com/liga-1/noticias/walter-paolella-tecnico-de-los-chankas-tras-buen-momento-en-liga-1-el-objetivo-ha-cambiado-580388,48,11431,0.42%,7.02
https://www.futbolperuano.com/liga-1/noticias/tribunal-de-apelaciones-de-la-liga-de-futbol-profesional-ratifico-la-sancion-a-universitario-de-deportes-581003,48,9455,0.51%,6.35
https://www.futbolperuano.com/liga-2/noticias/comerciantes-fc-vs-santos-fc-en-vivo-por-la-liga-2-580129,48,8108,0.59%,9.53
https://www.futbolperuano.com/mas-deportes/noticias/ignacio-buse-cayo-ante-arthur-fils-en-el-madrid-open-580822,48,6531,0.73%,5.55
https://www.futbolperuano.com/seleccion/noticias/eddie-fleischman-en-contra-de-que-peru-juegue-en-la-altura-581424,48,1809,2.65%,4.75
https://www.futbolperuano.com/peruanos-en-el-exterior/noticias/victor-guzman-debuta-con-sporting-lisboa-b-y-da-el-primer-paso-en-portugal-tras-su-salida-de-alianza-lima-580331,48,1455,3.3%,9.24
https://www.futbolperuano.com/futbol-femenino/seleccion-peruana-femenina-sube-en-el-ranking-fifa-580459,48,1333,3.6%,9.53
https://www.futbolperuano.com/copa-peru/noticias/piura-definio-a-sus-tres-clasificados-a-la-etapa-provincial-copa-peru-2026-580831,48,1103,4.35%,6.27
https://www.futbolperuano.com/tag/liga-distrital-de-chiclayo,48,564,8.51%,4.79
https://www.futbolperuano.com/futbol-de-menores/sudamericano-sub-17/bolivia-vs-peru-en-vivo-por-el-sudamericano-sub-17-577674,47,11343,0.41%,8.6
https://www.futbolperuano.com/en-vivo/conmebol-libertadores-universitario-de-deportes-vs-coquimbo-unido-en-vivo-579481,47,9495,0.49%,4.62
https://www.futbolperuano.com/liga-1/noticias/hinchas-de-universitario-piden-la-renuncia-de-alvaro-barco-tras-la-derrota-ante-alianza-atletico-581152,47,3040,1.55%,5.75
https://www.futbolperuano.com/liga-voley/atenea-open/tabla-de-posiciones,47,1987,2.37%,8.76
https://www.futbolperuano.com/copa-peru/noticias/liga-distrital-de-chiclayo-confirmo-su-fixture-y-equipos-participantes-copa-peru-2026-562778,47,962,4.89%,5.31
https://www.futbolperuano.com/partidos-por-tv/noticias/la-seleccion-peruana-sub-20-igualo-por-1-1-ante-chile-en-su-segundo-amistoso-internacional-576880,47,780,6.03%,4.8
https://www.futbolperuano.com/en-vivo/torneo-apertura-de-paraguay-2-de-mayo-vs-guarani-en-vivo-581090,46,36028,0.13%,9.97
https://www.futbolperuano.com/liga-1/noticias/liga-1-alista-recorte-de-extranjeros-y-el-regreso-de-la-bolsa-de-minutos-para-2027-580920,46,17227,0.27%,7.63
https://www.futbolperuano.com/liga-1/noticias/paolo-guerrero-le-pone-fin-a-la-polemica-con-el-puma-carranza-581105,46,13519,0.34%,8.75
https://www.futbolperuano.com/liga-1/fc-cajamarca-vs-los-chankas-6-abril-2026-liga-1-peru---torneo-apertura-m3230694,46,11337,0.41%,10.72
https://www.futbolperuano.com/liga-1/universitario-de-deportes-vs-alianza-atletico-26-abril-2026-liga-1-peru---torneo-apertura-m3230721,46,9162,0.5%,10.76
https://www.futbolperuano.com/copa-libertadores/noticias/universitario-sufre-dos-bajas-para-su-debut-en-copa-libertadores-577606,46,8290,0.55%,6.3
https://www.futbolperuano.com/liga-1/noticias/quien-sera-el-arbitro-del-universitario-de-deportes-vs-alianza-atletico-580902,46,5630,0.82%,5.55
https://www.futbolperuano.com/futbol-de-menores/copa-federacion/resultados-de-la-copa-federacion-oro-2026-y-universitario-sigue-lider-580290,46,3854,1.19%,6.75
https://www.futbolperuano.com/futbol-femenino/peru-y-sus-convocadas-para-el-campeonato-sudamericano-femenino-sub-20-2026-562143,46,1380,3.33%,7.24
https://www.futbolperuano.com/copa-peru/noticias/los-equipos-historicos-que-estaran-ausentes-etapa-provincial-copa-peru-2026-580853,46,1360,3.38%,6.38
https://www.futbolperuano.com/partidos-por-tv/noticias/programacion-de-partidos-por-tv-del-viernes-01-de-mayo-del-2026-581680,46,1321,3.48%,3.13
https://www.futbolperuano.com/liga-3/noticias/la-liga-3-sorprende-con-el-numero-de-ascensos-que-dara-este-2026-581541,46,1070,4.3%,7.2
https://www.futbolperuano.com/copa-libertadores/noticias/cuando-vuelve-a-jugar-cusco-fc-por-la-copa-libertadores-579582,45,36343,0.12%,5.96
https://www.futbolperuano.com/liga-1/noticias/resultados-y-tabla-de-posiciones-de-la-fecha-11-del-torneo-apertura-579828,45,31916,0.14%,9.44
https://www.futbolperuano.com/copa-libertadores/noticias/sporting-cristal-cuando-vuelve-a-jugar-por-la-fecha-4-de-la-copa-libertadores-2026-581400,45,25136,0.18%,8.36
https://www.futbolperuano.com/copa-libertadores/noticias/platense-vs-corinthians-en-vivo-por-la-copa-libertadores-2026-578834,45,13321,0.34%,7.32
https://www.futbolperuano.com/en-vivo/copa-sudamericana-2026-olimpia-vs-barracas-central-en-vivo-579696,45,11398,0.39%,9.02
https://www.futbolperuano.com/peruanos-en-el-exterior/noticias/felipe-chavez-se-corono-campeon-de-la-bundesliga-con-bayern-munich-580212,45,4922,0.91%,6.58
https://www.futbolperuano.com/partidos-por-tv/noticias/programacion-de-hoy-domingo-12-de-abril-de-2026-horarios-del-futbol-en-vivo-por-television-en-el-peru-579221,45,2969,1.52%,6.27
https://www.futbolperuano.com/copa-peru/noticias/copa-peru-2026-resultados-de-la-fecha-2-de-la-liga-provincial-de-huancayo-581135,45,2857,1.58%,7.98
https://www.futbolperuano.com/en-vivo/noticias/radios-fm-y-am-que-transmiten-partidos-de-futbol-en-peru-218752,45,1239,3.63%,6.78
https://www.futbolperuano.com/futbol-de-menores/copa-federacion/oro/resultados,45,842,5.34%,7.4
https://www.futbolperuano.com/copa-peru/noticias/los-grandes-de-canete-avanzan-a-la-etapa-provincial-de-la-copa-peru-577646,45,679,6.63%,4.63
https://www.futbolperuano.com/futbol-de-menores/copa-federacion/alianza-lima-y-universitario-comparten-la-punta-de-la-copa-federacion-oro-581072,44,65682,0.07%,3.24
https://www.futbolperuano.com/copa-libertadores/noticias/dim-vs-cusco-fc-en-vivo-por-la-copa-libertadores-581523,44,38533,0.11%,7.02
https://www.futbolperuano.com/liga-1/noticias/cesar-acuna-y-su-pronunciamiento-sobre-accidente-en-estadio-de-matute-577298,44,5704,0.77%,5.21
https://www.futbolperuano.com/copa-libertadores/noticias/tecnico-de-cusco-fc-y-su-mensaje-por-el-var-en-duelo-ante-flamengo-578897,44,3039,1.45%,5.87
https://www.futbolperuano.com/liga-2/noticias/liga-2-los-canales-confirmados-para-la-transmision-de-los-partidos-de-la-fecha-3-515950,44,1715,2.57%,5.86
https://www.futbolperuano.com/copa-peru/noticias/resultados-y-tabla-de-fecha-2-de-liguilla-final-de-liga-distrital-de-abancay-de-copa-peru-2026-579879,44,1117,3.94%,6.74
https://www.futbolperuano.com/copa-peru/noticias/resultados-en-la-fecha-9-de-la-liga-distrital-de-juliaca-copa-peru-2026-577215,44,909,4.84%,7.24
https://www.futbolperuano.com/futbol-internacional/escocia/tabla-de-posiciones,43,41629,0.1%,10.66
https://www.futbolperuano.com/futbol-internacional/portugal/tabla-de-posiciones,43,20366,0.21%,9.86
https://www.futbolperuano.com/copa-libertadores/noticias/lanus-vs-ldu-de-quito-en-vivo-online-con-jesus-pretell-por-copa-libertadores-2026-581216,43,13341,0.32%,7.91
https://www.futbolperuano.com/partidos-por-tv/premier-league-de-inglaterra-t21,43,10051,0.43%,10.63
https://www.futbolperuano.com/peruanos-en-el-exterior/deportivo-cali-vs-america-de-cali-en-vivo-por-el-clasico-vallecaucano-en-colombia-580703,43,8413,0.51%,8.4
https://www.futbolperuano.com/copa-libertadores/noticias/pedro-garcia-arremete-contra-felipe-vizeu-pese-a-su-gol-en-la-victoria-de-sporting-cristal-579003,43,5462,0.79%,4.5
https://www.futbolperuano.com/liga-2/noticias/jean-deza-encuentra-nuevo-equipo-tras-no-llegar-a-sport-boys-574925,43,4086,1.05%,7.18
https://www.futbolperuano.com/partidos-por-tv/noticias/programacion-de-partidos-por-tv-del-jueves-02-de-abril-del-2026-577029,43,2543,1.69%,5.34
https://www.futbolperuano.com/partidos-por-tv/liga-de-naciones-femenina-de-la-conmebol-t397,43,1902,2.26%,8.18
https://www.futbolperuano.com/copa-peru/noticias/jose-galvez-a-un-triunfo-de-la-etapa-provincial-de-la-copa-peru-2026-576990,43,1293,3.33%,4.98
https://www.futbolperuano.com/liga-1/noticias/los-chankas-vs-atletico-grau-en-vivo-por-el-torneo-apertura-579849,42,20663,0.2%,9.03
https://www.futbolperuano.com/copa-libertadores/noticias/deportes-tolima-vs-coquimbo-unido-en-vivo-online-por-la-copa-libertadores-2026-581224,42,14550,0.29%,7.37
https://www.futbolperuano.com/copa-sudamericana/noticias/cienciano-cuando-vuelve-a-jugar-por-la-fase-de-grupos-de-la-copa-sudamericana-2026-581560,42,12594,0.33%,5.17
https://www.futbolperuano.com/copa-sudamericana/noticias/copa-sudamericana-2026-fixture-completo-de-alianza-atletico-y-cienciano-en-fase-de-grupos-574540,42,7461,0.56%,5.77
https://www.futbolperuano.com/liga-1/noticias/pablo-guede-y-la-razon-para-que-paolo-guerrero-sea-titular-581178,42,3697,1.14%,7.59
https://www.futbolperuano.com/seleccion/noticias/el-impensado-estadio-de-altura-en-el-que-jugaria-la-seleccion-peruana-581183,42,1972,2.13%,8.39
https://www.futbolperuano.com/liga-1/noticias/alianza-lima-en-alerta-tres-bajas-complican-el-panorama-previo-al-clasico-576900,42,1578,2.66%,6.15
https://www.futbolperuano.com/copa-peru/noticias/se-cambio-el-formato-a-la-etapa-nacional-de-la-copa-peru-2026-557259,42,1501,2.8%,7.26
https://www.futbolperuano.com/peruanos-en-el-exterior/noticias/seleccion-peruana-pone-la-mira-en-adriano-pizarro-joven-defensor-ya-fue-contactado-por-la-fpf-y-espera-su-oportunidad-579438,42,1105,3.8%,6.6
https://www.futbolperuano.com/futbol-internacional/brasil/tabla-de-posiciones,41,36054,0.11%,9.91
https://www.futbolperuano.com/copa-libertadores/noticias/copa-libertadores-tabla-de-posiciones-del-grupo-de-cusco-fc-tras-resultados-de-fecha-1-578859,41,32588,0.13%,8.73
https://www.futbolperuano.com/copa-libertadores/noticias/always-ready-vs-ldu-en-vivo-por-la-fase-de-grupos-de-la-copa-libertadores-577645,41,21327,0.19%,7.82
https://www.futbolperuano.com/en-vivo/copa-sudamericana-2026-vasco-da-gama-vs-olimpia-en-vivo-581629,41,12093,0.34%,9.02
https://www.futbolperuano.com/mundial/noticias/cuanto-costara-y-cuando-saldra-a-la-venta-el-album-panini-mundial-2026-574780,41,10926,0.38%,6.01
https://www.futbolperuano.com/liga-voley/tension-en-plena-semifinal-de-la-liga-peruana-de-voley-aixa-vigil-protagoniza-un-fuerte-cruce-con-su-entrenador-en-un-momento-clave-del-partido-579102,41,2667,1.54%,4.17
https://www.futbolperuano.com/copa-peru/noticias/campeon-peruano-jugara-la-etapa-provincial-de-la-copa-peru-2026-577419,41,1616,2.54%,6.3
https://www.futbolperuano.com/copa-peru/noticias/resultados-fecha-8-liga-distrital-huancayo-en-copa-peru-2026-577488,41,1449,2.83%,5.86
https://www.futbolperuano.com/futbol-de-menores/copa-federacion/resultados-de-la-segunda-fecha-de-la-copa-federacion-plata-a-574744,41,1444,2.84%,5.66
https://www.futbolperuano.com/liga-2/noticias/deportivo-llacuabamba-vs-ada-de-jaen-en-vivo-por-la-liga-2-580857,40,43768,0.09%,13.15
https://www.futbolperuano.com/copa-libertadores/noticias/tabla-de-posiciones-del-grupo-f-de-la-copa-libertadores-2026-579868,40,29382,0.14%,9.74
https://www.futbolperuano.com/en-vivo/copa-sudamericana-2026-deportivo-cuenca-vs-santos-en-vivo-578790,40,15012,0.27%,7.68
https://www.futbolperuano.com/copa-sudamericana/noticias/programacion-de-la-fecha-2-de-la-copa-sudamericana-2026-579283,40,13190,0.3%,8.34
https://www.futbolperuano.com/liga-voley/peru-redujo-a-26-su-preseleccion-de-voleibolistas-con-miras-al-mundial-sub-17-577057,40,2803,1.43%,5.67
https://www.futbolperuano.com/liga-1/universitario-de-deportes-vs-deportivo-garcilaso-22-abril-2026-liga-1-peru---torneo-apertura-m3230693,40,2113,1.89%,10.31
https://www.futbolperuano.com/futbol-de-menores/liga-nacional-sub-18-peru/resultados,40,1420,2.82%,6.49
https://www.futbolperuano.com/copa-peru/noticias/copa-peru-sportivo-huracan-se-corona-como-campeon-de-la-liga-distrital-de-arequipa-581058,40,1325,3.02%,6.38
https://www.futbolperuano.com/liga-2/noticias/carlos-mannucci-presento-a-su-plantel-para-disputar-la-liga-2-del-2026-562350,40,990,4.04%,5.77
https://www.futbolperuano.com/liga-2/noticias/el-estadio-rodeado-por-arboles-en-el-que-se-jugara-la-liga-este-2026-574089,40,502,7.97%,2.83
https://www.futbolperuano.com/en-vivo/conmebol-libertadores-deportivo-la-guaira-vs-fluminense-en-vivo-577583,39,44111,0.09%,10
https://www.futbolperuano.com/peruanos-en-el-exterior/noticias/ldu-de-quito-vs-barcelona-sc-en-vivo-online-con-jesus-pretell-por-la-liga-pro-de-ecuador-577209,39,21295,0.18%,6.54
https://www.futbolperuano.com/liga-1/noticias/sport-huancayo-vs-deportivo-garcilaso-en-vivo-por-el-torneo-apertura-579957,39,11954,0.33%,8.46
https://www.futbolperuano.com/liga-1/noticias/universitario-vs-alianza-lima-quien-arbitrara-el-clasico-577114,39,11814,0.33%,4.22
https://www.futbolperuano.com/en-vivo/torneo-apertura-2026-universitario-vs-deportivo-garcilaso-en-vivo-580531,39,7521,0.52%,6.11
https://www.futbolperuano.com/en-vivo/liga-peruana-de-voley-san-martin-vs-universitario-en-vivo-575421,39,6600,0.59%,9.65
https://www.futbolperuano.com/partidos-por-tv/noticias/programacion-de-partidos-por-tv-del-miercoles-15-de-abril-del-2026-579546,39,5784,0.67%,5.77
https://www.futbolperuano.com/liga-1/noticias/vuelve-a-la-u-jorge-fossati-toma-rotunda-decision-con-respecto-a-su-futuro-580802,39,3729,1.05%,5.38
https://www.futbolperuano.com/liga-1/noticias/universitario-de-deportes-cuanto-cuesta-y-como-comprar-la-tercera-camiseta-crema-del-2026-579137,39,3050,1.28%,4.65
https://www.futbolperuano.com/descentralizado/goleadores,39,1937,2.01%,6.33
https://www.futbolperuano.com/en-vivo/copa-sudamericana-2026-botafogo-vs-caracas-en-vivo-578972,38,42023,0.09%,9.69
https://www.futbolperuano.com/copa-sudamericana/noticias/alianza-atletico-vs-deportivo-macara-en-vivo-por-la-copa-sudamericana-581535,38,22183,0.17%,8.88
https://www.futbolperuano.com/copa-libertadores/noticias/copa-libertadores-tabla-de-posiciones-del-grupo-de-sporting-cristal-tras-resultados-de-fecha-1-578878,38,21609,0.18%,9.11
https://www.futbolperuano.com/futbol-internacional/bayern-munich-femenino-vs-manchester-united-wfc-1-abril-2026-liga-de-campeones-femenina-de-la-uefa-m3234174,38,17516,0.22%,9.91
https://www.futbolperuano.com/liga-2/noticias/ayacucho-fc-vs-bentin-tacna-heroica-en-vivo-online-por-fecha-3-de-liga-2-2026-579872,38,8505,0.45%,8.52
https://www.futbolperuano.com/partidos-por-tv/noticias/programacion-de-hoy-miercoles-8-de-abril-de-2026-horarios-del-futbol-en-vivo-por-television-en-el-peru-577635,38,5316,0.71%,6.83
https://www.futbolperuano.com/futbol-de-menores/copa-federacion/alianza-lima-y-universitario-buscaran-seguir-en-la-cima-de-la-copa-federacion-oro-en-la-setima-fecha-581656,38,2996,1.27%,3.76
https://www.futbolperuano.com/copa-libertadores/deportes-tolima-vs-universitario-de-deportes-7-abril-2026-copa-libertadores-m3235896,38,2772,1.37%,10.08
https://www.futbolperuano.com/liga-1/utc-cajamarca-vs-sport-huancayo-15-abril-2026-liga-1-peru---torneo-apertura-m3230681,37,49089,0.08%,10.98
https://www.futbolperuano.com/copa-libertadores/noticias/flamengo-vs-independiente-medellin-en-vivo-online-por-fecha-2-de-copa-libertadores-2026-579574,37,21683,0.17%,7.22
https://www.futbolperuano.com/liga-1/noticias/juan-pablo-ii-vs-utc-en-vivo-online-por-la-fecha-9-del-torneo-apertura-de-la-liga-1-2026-577318,37,21203,0.17%,8.1
https://www.futbolperuano.com/liga-1/fbc-melgar-vs-universitario-de-deportes-19-abril-2026-liga-1-peru---torneo-apertura-m3230696,37,13829,0.27%,9.88
https://www.futbolperuano.com/copa-libertadores/noticias/ldu-de-quito-vs-mirassol-en-vivo-online-por-la-fecha-2-de-la-copa-libertadores-2026-579395,37,13618,0.27%,7.65
https://www.futbolperuano.com/copa-libertadores/noticias/sebastian-coates-lidera-la-convocatoria-de-nacional-de-montevideo-581287,37,12181,0.3%,7
https://www.futbolperuano.com/copa-peru/noticias/copa-peru-sportivo-huracan-golea-y-lidera-la-liga-distrital-de-arequipa-577176,37,7935,0.47%,6.16
https://www.futbolperuano.com/copa-peru/noticias/copa-peru-2026-resultados-de-la-fecha-1-de-la-liga-provincial-de-trujillo-581136,37,7730,0.48%,7.32
https://www.futbolperuano.com/en-vivo/sudamericano-sub-17-ecuador-vs-brasil-en-vivo-580187,37,6632,0.56%,6.35
https://www.futbolperuano.com/peru/clubes/carlos-a-manucci/,37,5245,0.71%,7.54
https://www.futbolperuano.com/liga-1/noticias/con-bajas-importantes-el-once-que-alista-universitario-para-el-duelo-ante-alianza-atletico-581048,37,4799,0.77%,5.44
https://www.futbolperuano.com/partidos-por-tv/noticias/programacion-de-partidos-por-tv-del-sabado-25-de-abril-580951,37,2170,1.71%,5.11
https://www.futbolperuano.com/partidos-por-tv/nativa-c31,37,1645,2.25%,7.65
https://www.futbolperuano.com/copa-peru/noticias/resultados-en-la-fecha-9-liga-distrital-de-puno-por-la-copa-peru-2026-577511,37,1271,2.91%,4.71
https://www.futbolperuano.com/liga-voley/LNSV-masculino/tabla-de-posiciones,37,1226,3.02%,11.74
https://www.futbolperuano.com/copa-peru/noticias/copa-peru-2026-resultados-de-la-fecha-7-de-la-liga-distrital-de-ayacucho-577203,37,1032,3.59%,6.85
https://www.futbolperuano.com/tag/liga-distrital-de-arequipa,37,770,4.81%,6.39
https://www.futbolperuano.com/liga-3/noticias/juan-aurich-sorprende-con-su-nuevo-entrenador-para-la-liga-3-563265,37,607,6.1%,6.22
https://www.futbolperuano.com/copa-sudamericana/noticias/alianza-atletico-sumo-dos-nuevos-refuerzos-para-la-copa-sudamericana-574405,37,367,10.08%,5.38
https://www.futbolperuano.com/liga-1/utc-cajamarca-vs-cienciano-26-abril-2026-liga-1-peru---torneo-apertura-m3230712,36,60006,0.06%,11.73
https://www.futbolperuano.com/en-vivo/copa-libertadores-2026-sporting-cristal-vs-junior-de-barranquilla-en-vivo-581313,36,16375,0.22%,7.06
https://www.futbolperuano.com/copa-libertadores/noticias/estudiantes-de-la-plata-vs-cusco-fc-en-vivo-online-por-la-fecha-2-de-la-fase-de-grupos-de-la-copa-libertadores-579404,36,8935,0.4%,7.35
https://www.futbolperuano.com/liga-1/noticias/confirmado-universitario-revela-el-canal-que-transmitira-todos-sus-encuentros-en-la-liga-1-2026-560992,36,5017,0.72%,7.13
https://www.futbolperuano.com/liga-2/noticias/ucv-vs-academia-cantolao-en-vivo-online-por-la-fecha-3-de-la-fase-regional-de-la-liga-2-2026-580142,36,4223,0.85%,8.88
https://www.futbolperuano.com/en-vivo/sudamericano-sub-17-uruguay-vs-chile-en-vivo-577183,36,2432,1.48%,9
https://www.futbolperuano.com/copa-libertadores/noticias/prensa-chilena-apunta-contra-universitario-tras-derrota-antre-coquimbo-579662,36,2347,1.53%,4.39
https://www.futbolperuano.com/liga-3/noticias/sorteo-en-vivo-y-en-directo-del-fixture-de-la-nueva-liga-3-512015,36,2179,1.65%,6.63
https://www.futbolperuano.com/liga-1/noticias/liga-1-por-movistar-l1-max-ocupara-el-lugar-de-golperu-en-la-temporada-2026-561362,36,1953,1.84%,8.45
https://www.futbolperuano.com/futbol-de-menores/copa-federacion/copa-federacion-oro-programacion-y-fixture-de-la-quinta-fecha-579931,36,1167,3.08%,7.48
https://www.futbolperuano.com/copa-peru/noticias/el-28-0-que-sacudio-la-copa-peru-ya-es-investigado-y-abre-dudas-sobre-lo-ocurrido-en-paucarpata-580942,36,1128,3.19%,5.57
https://www.futbolperuano.com/tag/liga-distrital-de-trujillo,36,445,8.09%,6
https://www.futbolperuano.com/en-vivo/copa-sudamericana-2026-atletico-mineiro-vs-juventud-las-piedras-en-vivo-579786,35,32489,0.11%,9.96
https://www.futbolperuano.com/peru/clubes/adt/,35,24686,0.14%,9
https://www.futbolperuano.com/copa-sudamericana/juventud-de-las-piedras-vs-cienciano-9-abril-2026-copa-sudamericana-m3235992,35,15754,0.22%,9.1
https://www.futbolperuano.com/peruanos-en-el-exterior/noticias/felipe-chavez-sigue-sumando-minutos-en-la-bundesliga-580982,35,15268,0.23%,9.47
https://www.futbolperuano.com/copa-libertadores/noticias/independiente-medellin-vs-estudiantes-de-la-plata-en-vivo-online-por-la-copa-libertadores-2026-578791,35,15001,0.23%,6.45
https://www.futbolperuano.com/peru/mas-del-futbol-peruano/patricio-arce-poder-judicial-anula-la-condena-de-22-anos-del-exfutbolista-de-sporting-cristal-581033,35,10024,0.35%,2.78
https://www.futbolperuano.com/liga-1/noticias/hace-cuantos-anos-que-alianza-lima-no-ganaba-en-tarma-579695,35,7751,0.45%,5.4
https://www.futbolperuano.com/liga-2/noticias/pirata-fc-vs-cesar-vallejo-en-vivo-por-la-liga-2-581120,35,5833,0.6%,8.41
https://www.futbolperuano.com/liga-1/noticias/juan-pablo-ii-vs-comerciantes-unidos-en-vivo-por-el-torneo-apertura-579949,35,5179,0.68%,8.35
https://www.futbolperuano.com/liga-1/noticias/javier-rabanal-y-su-picante-dardo-a-alianza-lima-tras-ganar-en-el-clasico-577417,35,4607,0.76%,3.63
https://www.futbolperuano.com/liga-1/noticias/waldir-saenz-se-burlo-de-alex-valera-y-hernan-barcos-579062,35,2487,1.41%,8.39
https://www.futbolperuano.com/copa-peru/noticias/se-registra-escandalosa-goleada-de-31-a-0-en-la-copa-peru-2026-581265,35,1063,3.29%,6.17
https://www.futbolperuano.com/en-vivo/brasileirao-2026-inter-vs-gremio-en-vivo-579233,34,43413,0.08%,10.55
https://www.futbolperuano.com/copa-libertadores/noticias/copa-libertadores-en-que-estadio-se-jugara-el-sporting-cristal-vs-palmeiras-580582,34,24217,0.14%,3.67
https://www.futbolperuano.com/en-vivo/laliga-de-espana-atletico-de-madrid-vs-barcelona-en-vivo-577282,34,22698,0.15%,5.32
https://www.futbolperuano.com/en-vivo/copa-sudamericana-2026-alianza-atletico-vs-macara-en-vivo-581637,34,14154,0.24%,9.72
https://www.futbolperuano.com/liga-1/noticias/universitario-de-deportes-vs-alianza-atletico-en-vivo-online-por-la-fecha-12-del-torneo-apertura-de-la-liga-1-2026-580993,34,13242,0.26%,7.11
https://www.futbolperuano.com/liga-1/sporting-cristal-vs-deportivo-moquegua-3-abril-2026-liga-1-peru---torneo-apertura-m3230686,34,12345,0.28%,9.92
https://www.futbolperuano.com/liga-1/noticias/utc-vs-cienciano-en-vivo-por-el-torneo-apertura-580869,34,11174,0.3%,8.35
https://www.futbolperuano.com/copa-libertadores/noticias/alvaro-barco-respalda-a-javier-rabanal-y-se-ilusiona-con-la-libertadores-577660,34,9762,0.35%,4.43
https://www.futbolperuano.com/peru/clubes/ada-jaen/,34,6737,0.5%,7.27
https://www.futbolperuano.com/copa-libertadores/noticias/palmeiras-vs-sporting-cristal-canal-confirmado-para-ver-en-vivo-el-duelo-por-la-copa-libertadores-579803,34,6015,0.57%,5.3
https://www.futbolperuano.com/en-vivo/liga-2-pirata-fc-vs-cesar-vallejo-en-vivo-581161,34,5291,0.64%,9.92
https://www.futbolperuano.com/liga-1/noticias/paolo-guerrero-y-su-polemico-gesto-a-los-hinchas-de-universitario-tras-la-derrota-de-alianza-lima-en-el-clasico-577466,34,4914,0.69%,6.97
https://www.futbolperuano.com/partidos-por-tv/noticias/programacion-de-hoy-lunes-20-de-abril-de-2026-horarios-del-futbol-en-vivo-por-television-en-el-peru-580204,34,3690,0.92%,6.51
https://www.futbolperuano.com/liga-1/noticias/desde-universitario-lanzaron-demoledora-opinion-sobre-jorge-fossati-581647,34,2425,1.4%,4.19
https://www.futbolperuano.com/seleccion/noticias/rafael-lopez-aliaga-promete-el-regreso-de-ricardo-gareca-a-la-seleccion-peruana-ponga-el-precio-que-quiera-579232,34,1694,2.01%,3.89
https://www.futbolperuano.com/partidos-por-tv/primeira-liga-de-portugal-t28,34,621,5.48%,7.51
https://www.futbolperuano.com/en-vivo/torneo-apertura-2026-cienciano-vs-deportivo-moquegua-en-vivo-580019,33,69101,0.05%,7.65
https://www.futbolperuano.com/liga-1/noticias/liga-1-quien-sera-el-arbitro-del-alianza-lima-vs-cusco-fc-579857,33,13857,0.24%,6.28
https://www.futbolperuano.com/copa-sudamericana/noticias/cienciano-cuando-vuelve-a-jugar-por-la-fase-de-grupos-de-la-copa-sudamericana-2026-579921,33,13464,0.25%,7.65
https://www.futbolperuano.com/liga-1/noticias/futbolista-de-la-liga-1-recibe-fuerte-acusacion-de-agresion-por-su-expareja-581419,33,10099,0.33%,6.46
https://www.futbolperuano.com/peruanos-en-el-exterior/noticias/gremio-con-erick-noriega-volvio-al-triunfo-luego-de-cinco-fechas-en-el-brasileirao-581107,33,6344,0.52%,7.69
https://www.futbolperuano.com/partidos-por-tv/noticias/programacion-de-hoy-domingo-19-de-abril-de-2026-horarios-del-futbol-en-vivo-por-television-en-el-peru-580131,33,5138,0.64%,6.65
https://www.futbolperuano.com/liga-1/noticias/la-curiosa-reaccion-de-la-prensa-argentina-al-fichaje-de-carlos-zambrano-por-sport-boys-578798,33,3391,0.97%,6.45
https://www.futbolperuano.com/futbol-femenino/liga-femenina/unsaac-logro-su-primer-triunfo-en-la-liga-femenina-y-golpeo-sobre-el-final-en-un-duelo-muy-disputado-ante-carlos-mannucci-581005,33,2905,1.14%,9.01
https://www.futbolperuano.com/liga-3/noticias/liga-3-sera-dirigida-solo-por-entrenadores-y-asistentes-tecnicos-peruanos-en-el-2026-579385,33,2332,1.42%,6.33
https://www.futbolperuano.com/copa-libertadores/noticias/javier-rabanal-explico-derrota-de-universitario-en-copa-libertadores-579624,33,2156,1.53%,7.29
https://www.futbolperuano.com/peru/mas-del-futbol-peruano/los-10-clubes-peruanos-mas-antiguos-que-aun-siguen-en-competencia-505793,33,1891,1.75%,4.83
https://www.futbolperuano.com/copa-sudamericana/cienciano-vs-atletico-mineiro-29-abril-2026-copa-sudamericana-m3235997,33,1618,2.04%,11.24
https://www.futbolperuano.com/copa-libertadores/noticias/diego-rebagliati-arremete-contra-javier-rabanal-tras-derrota-de-universitario-en-libertadores-579810,33,1502,2.2%,4.31
https://www.futbolperuano.com/partidos-por-tv/peru-liga-femenina-peru-t182,33,803,4.11%,7.15
https://www.futbolperuano.com/peru/mas-del-futbol-peruano/academias-de-futbol-en-el-distrito-de-san-miguel-499482,33,554,5.96%,6.77
https://www.futbolperuano.com/futbol-femenino/liga-femenina/programacion-de-la-fecha-3-del-torneo-apertura-de-la-liga-femenina-2026-574747,33,552,5.98%,5.21
https://www.futbolperuano.com/en-vivo/brasileirao-2026-fluminense-vs-flamengo-en-vivo-579303,32,34250,0.09%,9.08
https://www.futbolperuano.com/en-vivo/copa-libertadores-2026-independiente-del-valle-vs-ucv-en-vivo-579671,32,27998,0.11%,8.04
https://www.futbolperuano.com/en-vivo/copa-sudamericana-2026-macara-vs-america-de-cali-en-vivo-578980,32,23680,0.14%,6.16
https://www.futbolperuano.com/copa-libertadores/noticias/cerro-porteno-vs-palmeiras-en-vivo-por-la-copa-libertadores-581167,32,17765,0.18%,8.22
https://www.futbolperuano.com/en-vivo/conmebol-libertadores-independiente-rivadavia-vs-bolivar-en-vivo-577587,32,14050,0.23%,8.2
https://www.futbolperuano.com/partidos-por-tv/noticias/programacion-de-partidos-por-tv-del-miercoles-29-de-abril-del-2026-581389,32,3307,0.97%,7.21
https://www.futbolperuano.com/liga-1/noticias/indirecta-a-barco-y-velazco-aldo-corzo-y-su-fuerte-mensaje-tras-la-crisis-de-universitario-581142,32,2246,1.42%,5.71
https://www.futbolperuano.com/partidos-por-tv/noticias/programacion-de-partidos-por-tv-del-martes-21-de-abril-580341,32,2041,1.57%,4.1
https://www.futbolperuano.com/copa-peru/noticias/los-dos-clasificados-de-puno-a-la-etapa-provincial-copa-peru-580537,32,1545,2.07%,7.56
https://www.futbolperuano.com/futbol-de-menores/copa-federacion/copa-federacion-oro-programacion-de-la-cuarta-fecha-578921,32,1379,2.32%,6.54
https://www.futbolperuano.com/partidos-por-tv/pluto-tv-c46,32,1115,2.87%,7.17
https://www.futbolperuano.com/peru/mas-del-futbol-peruano/academias-de-futbol-en-el-distrito-de-miraflores-499612,32,283,11.31%,7.27
https://www.futbolperuano.com/en-vivo/copa-sudamericana-2026-america-de-cali-vs-alianza-atletico-en-vivo-579701,31,14525,0.21%,6.9
https://www.futbolperuano.com/liga-3/noticias/nivel-internacional-sporting-cristal-da-la-sorpresa-y-ficha-a-seleccionado-ecuatoriano-581549,31,12242,0.25%,3.74
https://www.futbolperuano.com/partidos-por-tv/fc-barcelona-c26,31,9899,0.31%,9.06
https://www.futbolperuano.com/copa-peru/noticias/resultados-fecha-1-liga-provincial-de-piura-en-copa-peru-2026-581199,31,9616,0.32%,6.13
https://www.futbolperuano.com/liga-1/sport-boys-vs-juan-pablo-ii-25-abril-2026-liga-1-peru---torneo-apertura-m3230720,31,7955,0.39%,10.36
https://www.futbolperuano.com/liga-1/noticias/atletico-grau-vs-sporting-cristal-en-riesgo-pnp-niega-garantias-y-el-partido-podria-jugarse-sin-publico-579433,31,7925,0.39%,5.53
https://www.futbolperuano.com/futbol-internacional/espana/copa-del-rey/tabla-de-posiciones,31,4471,0.69%,9.93
https://www.futbolperuano.com/liga-1/los-chankas-vs-atletico-grau-17-abril-2026-liga-1-peru---torneo-apertura-m3230698,31,3914,0.79%,10.12
https://www.futbolperuano.com/peru/elecciones-peru-2026-amplian-horario-de-votacion-y-ahora-podras-votar-hasta-esta-nueva-hora-en-todo-el-pais-579280,31,3169,0.98%,7.08
https://www.futbolperuano.com/peruanos-en-el-exterior/noticias/el-9-del-futuro-marco-rivas-hizo-su-debut-oficial-con-la-camiseta-de-tigre-en-argentina-581086,31,2962,1.05%,6
https://www.futbolperuano.com/peru/elecciones-generales-2026-conteo-de-votos-de-la-onpe-al-64272-579441,31,2433,1.27%,8.51
https://www.futbolperuano.com/liga-3/noticias/liga-3-deportivo-municipal-desciende-a-la-copa-peru-2027-575182,31,2189,1.42%,8.26
https://www.futbolperuano.com/liga-voley/regatas-lima-renovo-a-una-de-sus-figuras-para-la-proxima-temporada-de-la-liga-peruana-de-voley-581379,31,2000,1.55%,5.22
https://www.futbolperuano.com/copa-sudamericana/macara-vs-america-de-cali-9-abril-2026-copa-sudamericana-m3235981,31,1944,1.59%,9.8
https://www.futbolperuano.com/seleccion/noticias/adios-definitivo-alexander-robertson-ya-no-podra-jugar-por-la-seleccion-peruana-576849,31,1924,1.61%,4.82
https://www.futbolperuano.com/liga-1/noticias/estadio-de-la-liga-1-impresiona-con-la-construccion-de-su-nueva-tribuna-575341,31,1326,2.34%,6.91
https://www.futbolperuano.com/copa-peru/noticias/la-liga-distrital-de-trujillo-arrancara-con-14-equipos-en-la-copa-peru-2026-562451,31,1274,2.43%,5.59
https://www.futbolperuano.com/liga-voley/atenea-open/resultados,31,1089,2.85%,9.19
https://www.futbolperuano.com/futbol-de-menores/sudamericano-sub-17-volante-de-la-juventus-fue-convocado-a-la-seleccion-peruana-577170,31,1038,2.99%,5.22
https://www.futbolperuano.com/peru/mas-del-futbol-peruano/academias-de-futbol-en-san-juan-de-lurigancho-498154,31,1012,3.06%,7.18
https://www.futbolperuano.com/copa-peru/noticias/copa-peru-2026-resultados-de-la-fecha-10-de-la-liga-distrital-de-abancay-577220,31,1010,3.07%,7.37
https://www.futbolperuano.com/futsal/futsalpro/resultados,31,803,3.86%,6.6
https://www.futbolperuano.com/peru/mas-del-futbol-peruano/academias-de-futbol-en-el-distrito-de-jesus-maria-498963,31,632,4.91%,8.59
https://www.futbolperuano.com/copa-peru/noticias/definidos-los-cruces-de-la-liga-distrital-de-chiclayo-en-copa-peru-2026-576696,31,481,6.44%,4.98
https://www.futbolperuano.com/peru/estadio-san-marcos-seria-remodelado-para-volver-a-albergar-eventos-deportivos-en-el-2025-509617,30,16495,0.18%,6.56
https://www.futbolperuano.com/en-vivo/torneo-benefico-liga-3-universitario-vs-sporting-cristal-en-vivo-580500,30,12455,0.24%,5
https://www.futbolperuano.com/en-vivo/copa-libertadores-2026-palmeiras-vs-sporting-cristal-en-vivo-579778,30,11445,0.26%,5.89
https://www.futbolperuano.com/copa-sudamericana/noticias/copa-sudamericana-tabla-de-posiciones-del-grupo-de-alianza-atletico-tras-resultados-de-fecha-2-579763,30,11374,0.26%,8.72
https://www.futbolperuano.com/liga-2/noticias/academia-cantolao-vs-union-comercio-en-vivo-por-la-liga-2-581069,30,8178,0.37%,11.03
https://www.futbolperuano.com/en-vivo/torneo-apertura-2026-sporting-cristal-vs-deportivo-moquegua-en-vivo-577117,30,6737,0.45%,6.95
https://www.futbolperuano.com/copa-sudamericana/vasco-da-gama-vs-olimpia-30-abril-2026-copa-sudamericana-m3236057,30,6251,0.48%,11.44
https://www.futbolperuano.com/peru/ultimos-resultados-de-cinco-encuestadoras-sobre-elecciones-presidenciales-en-peru-577364,30,3751,0.8%,7.53
https://www.futbolperuano.com/en-vivo/conmebol-sub-20-femenino-peru-vs-ecuador-en-vivo-563772,30,3686,0.81%,10.18
https://www.futbolperuano.com/seleccion/noticias/cuando-volvera-a-jugar-la-seleccion-peruana-576864,30,3552,0.84%,7.61
https://www.futbolperuano.com/peru/mas-del-futbol-peruano/imponente-estadio-peruano-construye-nueva-tribuna-para-aumentar-su-aforo-551387,30,3269,0.92%,6.03
https://www.futbolperuano.com/mundial/noticias/peru-estara-presente-en-el-mundial-2026-578918,30,3264,0.92%,8.29
https://www.futbolperuano.com/peruanos-en-el-exterior/noticias/las-dos-atajadas-clave-de-pedro-gallese-para-salvar-el-empate-de-deportivo-cali-579332,30,3160,0.95%,7.37
https://www.futbolperuano.com/liga-voley/el-voley-peruano-pisa-fuerte-san-martin-y-alianza-lima-aseguran-su-clasificacion-al-sudamericano-de-clubes-2027-y-generan-gran-expectativa-579074,30,3085,0.97%,4.07
https://www.futbolperuano.com/copa-libertadores/noticias/sporting-cristal-anuncia-el-estadio-que-planea-modernizar-576793,30,2882,1.04%,6.94
https://www.futbolperuano.com/copa-libertadores/noticias/felipe-vizeu-respondio-a-sus-detractores-en-sporting-cristal-578903,30,2763,1.09%,4.16
https://www.futbolperuano.com/futbol-de-menores/copa-federacion/copa-federacion-oro-programacion-del-fin-de-semana-del-24-y-25-de-abril-580718,30,1631,1.84%,6.71
https://www.futbolperuano.com/copa-peru/noticias/arranco-la-liga-provincial-de-huancayo-en-la-copa-peru-2026-580384,30,1261,2.38%,6.8
https://www.futbolperuano.com/copa-peru/noticias/resultados-en-la-fecha-2-liguilla-final-liga-distrital-trujillo-copa-peru-2026-577469,30,686,4.37%,7.48
https://www.futbolperuano.com/liga-1/deportivo-moquegua-vs-fc-cajamarca-25-abril-2026-liga-1-peru---torneo-apertura-m3230713,29,13447,0.22%,10.24
https://www.futbolperuano.com/copa-libertadores/noticias/estudiantes-vs-cusco-fc-que-canal-transmitira-el-partido-de-copa-libertadores-2026-579367,29,8643,0.34%,7.22
https://www.futbolperuano.com/liga-1/noticias/felipe-vizeu-vive-su-mejor-momento-en-sporting-cristal-pero-la-crisis-celeste-abre-un-nuevo-debate-tras-la-goleada-ante-atletico-grau-580606,29,7023,0.41%,5.94
https://www.futbolperuano.com/liga-2/noticias/san-martin-vs-deportivo-llacuabamba-en-vivo-online-por-la-fecha-3-de-la-liga-2-2026-580050,29,6640,0.44%,7.91
https://www.futbolperuano.com/liga-2/tabla-acumulada/tabla-de-posiciones,29,5360,0.54%,8.99
https://www.futbolperuano.com/copa-libertadores/noticias/programacion-de-la-fecha-1-de-la-fase-de-grupos-de-la-copa-libertadores-577027,29,3843,0.75%,7.31
https://www.futbolperuano.com/partidos-por-tv/noticias/programacion-de-hoy-viernes-10-de-abril-de-2026-horarios-del-futbol-en-vivo-por-television-en-el-peru-578967,29,3661,0.79%,5.64
https://www.futbolperuano.com/partidos-por-tv/peru-lnsv-liga-peruana-de-voley-femenino-t295,29,3136,0.92%,8.34
https://www.futbolperuano.com/liga-1/noticias/universitario-en-tension-mauro-cantoro-pide-la-salida-de-javier-rabanal-tras-la-derrota-y-reabre-el-debate-en-el-club-579725,29,2464,1.18%,5.12
https://www.futbolperuano.com/partidos-por-tv/campeonato-sudamericano-sub-17-masculino-t53,29,2218,1.31%,8.72
https://www.futbolperuano.com/peruanos-en-el-exterior/noticias/maxloren-castro-entro-en-el-radar-de-flamengo-de-brasil-580740,29,1458,1.99%,4.28
https://www.futbolperuano.com/liga-1/noticias/juan-cruz-bolado-confirmo-su-salida-de-cienciano-pese-a-la-clasificacion-a-la-copa-sudamericana-y-dejo-un-emotivo-mensaje-de-despedida-para-la-hinchada-del-papa-553566,29,1385,2.09%,7.05
https://www.futbolperuano.com/copa-peru/noticias/resultados-fecha-3-hexagonal-final-liga-distrital-piura-en-copa-peru-2026-577445,29,1014,2.86%,6.3
https://www.futbolperuano.com/copa-peru/noticias/resultados-en-la-fecha-1-de-la-liga-distrital-de-cusco-por-copa-peru-2026-574106,29,638,4.55%,4
https://www.futbolperuano.com/futbol-internacional/italia/serie-b/tabla-de-posiciones,28,71405,0.04%,9.87
https://www.futbolperuano.com/copa-sudamericana/botafogo-vs-caracas-fc-9-abril-2026-copa-sudamericana-m3236030,28,42689,0.07%,10.91
https://www.futbolperuano.com/liga-1/noticias/quien-es-sekou-gassama-delantero-vinculado-con-universitario-556449,28,18588,0.15%,3.24
https://www.futbolperuano.com/copa-libertadores/noticias/programacion-de-la-fecha-2-de-la-copa-libertadores-2026-579269,28,8162,0.34%,8.94
https://www.futbolperuano.com/en-vivo/sudamericano-sub-17-uruguay-vs-chile-en-vivo-580098,28,6499,0.43%,7.12
https://www.futbolperuano.com/futbol-femenino/las-convocadas-de-peru-para-el-sudamericano-femenino-sub-17-456322,28,3765,0.74%,8.51
https://www.futbolperuano.com/en-vivo/colombia-vs-venezuela-por-la-conmebol-liga-de-naciones-femenina-579091,28,2210,1.27%,9.69
https://www.futbolperuano.com/peru/mas-del-futbol-peruano/los-estadios-de-puno-uno-supera-en-altitud-al-daniel-alcides-carrion-475237,28,2076,1.35%,5.69
https://www.futbolperuano.com/seleccion/noticias/seleccion-peruana-y-la-altura-fpf-evalua-jugar-en-cusco-y-deja-abierta-una-decision-clave-tras-el-ultimo-triunfo-579200,28,1849,1.51%,7.09
https://www.futbolperuano.com/partidos-por-tv/movistar-peru-c9,28,1387,2.02%,10.31
https://www.futbolperuano.com/liga-3/noticias/uda-de-huancavelica-se-refuerza-con-dos-polemicos-jugadores-de-puno-580570,28,992,2.82%,6.12
https://www.futbolperuano.com/copa-peru/noticias/conoce-como-se-jugara-el-interligas-de-lima-en-la-copa-peru-2025-516007,28,644,4.35%,5.19
https://www.futbolperuano.com/futbol-de-menores/,28,418,6.7%,6.27
https://www.futbolperuano.com/en-vivo/torneo-apertura-2026-sporting-cristal-vs-utc-en-vivo-580011,27,52336,0.05%,8.08
https://www.futbolperuano.com/futbol-internacional/colombia/tabla-de-posiciones,27,25304,0.11%,9.9
https://www.futbolperuano.com/mas-deportes/noticias/ignacio-buse-vence-a-berrettini-en-marrakech-y-arranca-con-triunfo-en-marruecos-576835,27,5348,0.5%,6.8
https://www.futbolperuano.com/liga-2/noticias/carlos-mannucci-apuesta-por-el-talento-joven-fichaje-desde-europa-genera-expectativa-en-medio-de-un-inicio-irregular-579122,27,3443,0.78%,11.11
https://www.futbolperuano.com/liga-1/noticias/sport-boys-recibio-preocupante-noticia-sobre-yuriel-celi-para-el-torneo-apertura-2026-580369,27,3045,0.89%,5.68
https://www.futbolperuano.com/futbol-femenino/liga-femenina/liga-femenina-como-se-jugaran-los-partidos-de-la-fecha-4-del-torneo-apertura-580300,27,2320,1.16%,9.13
https://www.futbolperuano.com/liga-1/noticias/liga-1-2026-se-confirma-como-se-jugaran-los-playoffs-y-la-definicion-por-el-titulo-nacional-560490,27,1948,1.39%,7.61
https://www.futbolperuano.com/peru/mas-del-futbol-peruano/10-estadios-que-podemos-encontrar-en-la-region-cusco-466190,27,1351,2%,6.14
https://www.futbolperuano.com/peru/mas-del-futbol-peruano/academias-de-futbol-en-el-distrito-de-comas-499766,27,1132,2.39%,6.38
https://www.futbolperuano.com/futbol-femenino/la-sorpresiva-convocatoria-del-tecnico-antonio-spinelli-para-la-seleccion-peruana-femenina-561261,27,819,3.3%,5.89
https://www.futbolperuano.com/partidos-por-tv/copa-peru-t156,27,781,3.46%,7.22
https://www.futbolperuano.com/futbol-de-menores/copa-federacion/resultados-copa-federacion-plata-a-2026-y-fuerza-ganadora-lider-tras-fecha-5-580401,27,749,3.6%,7.35
https://www.futbolperuano.com/copa-peru/noticias/huancavelica-ya-tiene-a-sus-representantes-etapa-provincial-copa-peru-2026-580405,27,631,4.28%,7.31
https://www.futbolperuano.com/peru/clubes/ad-tahuishco-moyobamba/,27,563,4.8%,5.84
https://www.futbolperuano.com/futbol-de-menores/torneo-reservas/resultados,27,523,5.16%,8.33
https://www.futbolperuano.com/liga-1/sport-huancayo-vs-comerciantes-unidos-5-abril-2026-liga-1-peru---torneo-apertura-m3230677,26,32883,0.08%,9.83
https://www.futbolperuano.com/en-vivo/liga-2-santos-vs-sport-huancayo-en-vivo-580907,26,32833,0.08%,11.18
https://www.futbolperuano.com/en-vivo/copa-sudamericana-2026-carabobo-vs-bragantino-en-vivo-578977,26,21595,0.12%,8.76
https://www.futbolperuano.com/copa-libertadores/noticias/resultados-de-la-fecha-1-de-la-copa-libertadores-universitario-de-deportes-cusco-fc-y-sporting-cristal-579418,26,14581,0.18%,7.9
https://www.futbolperuano.com/liga-1/noticias/alex-valera-nego-algun-tipo-de-crisis-en-universitario-de-deportes-580308,26,6675,0.39%,3.62
https://www.futbolperuano.com/futbol-internacional/australia/tabla-de-posiciones,26,6367,0.41%,8.84
https://www.futbolperuano.com/liga-2/noticias/union-minas-vs-bentin-tacna-heroica-en-vivo-online-por-la-fecha-1-del-grupo-2-de-la-fase-regional-de-la-liga-2-2026-575513,26,3121,0.83%,8.37
https://www.futbolperuano.com/partidos-por-tv/claro-c6,26,1227,2.12%,7.37
https://www.futbolperuano.com/partidos-por-tv/brasil-campeonato-brasileno-de-futbol-serie-a-t13,26,1224,2.12%,9.03
https://www.futbolperuano.com/peru/resultados-del-mundialito-de-el-porvenir-2026-581722,26,490,5.31%,3.84
https://www.futbolperuano.com/peru/clubes/fbc-melgar/,25,32811,0.08%,8.26
https://www.futbolperuano.com/liga-1/alianza-atletico-vs-atletico-grau-3-abril-2026-liga-1-peru---torneo-apertura-m3230680,25,30996,0.08%,10.33
https://www.futbolperuano.com/en-vivo/torneo-apertura-2026-comerciantes-unidos-vs-sporting-cristal-en-vivo-580879,25,30947,0.08%,8.93
https://www.futbolperuano.com/en-vivo/conmebol-libertadores-bolivar-vs-deportivo-la-guaira-en-vivo-579498,25,20868,0.12%,10.19
https://www.futbolperuano.com/en-vivo/conmebol-libertadores-coquimbo-unido-vs-nacional-en-vivo-578756,25,18646,0.13%,6.46
https://www.futbolperuano.com/en-vivo/champions-league-202526-atletico-madrid-vs-barcelona-en-vivo-579497,25,14765,0.17%,6.89
https://www.futbolperuano.com/copa-libertadores/noticias/sporting-cristal-vs-junior-en-vivo-online-por-la-fecha-3-de-la-fase-de-grupos-de-la-copa-libertadores-2026-581103,25,13790,0.18%,7.42
https://www.futbolperuano.com/liga-1/noticias/deportivo-moquegua-vs-fc-cajamarca-en-vivo-online-por-la-fecha-12-del-torneo-apertura-de-la-liga-1-2026-580933,25,13200,0.19%,8.36
https://www.futbolperuano.com/en-vivo/conmebol-sudamericana-blooming-vs-river-plate-en-vivo-578768,25,9555,0.26%,7.38
https://www.futbolperuano.com/copa-libertadores/noticias/estudiantes-de-la-plata-vs-flamengo-en-vivo-online-por-la-fecha-3-de-la-fase-de-grupos-de-la-copa-libertadores-2026-581367,25,9354,0.27%,8.3
https://www.futbolperuano.com/liga-1/atletico-grau-vs-sporting-cristal-22-abril-2026-liga-1-peru---torneo-apertura-m3230704,25,5513,0.45%,9.5
https://www.futbolperuano.com/en-vivo/liga-femenina-2026-unsaac-vs-carlos-mannucci-en-vivo-580919,25,4151,0.6%,7.41
https://www.futbolperuano.com/futbol-femenino/liga-femenina/atletico-andahuaylas-sorprende-a-fc-killas-en-lima-por-la-liga-femenina-580846,25,3243,0.77%,8.42
https://www.futbolperuano.com/en-vivo/liga-1-del-futbol-peruano-adt-vs-los-chankas-en-vivo-550495,25,3209,0.78%,12.21
https://www.futbolperuano.com/partidos-por-tv/noticias/programacion-de-partidos-por-tv-del-sabado-18-de-abril-de-abril-580073,25,1880,1.33%,4.88
https://www.futbolperuano.com/futbol-de-menores/agustin-lozano-se-refirio-al-pesimo-desempeno-de-peru-en-el-sudamericano-sub-17--2026-579181,25,1835,1.36%,7.56
https://www.futbolperuano.com/liga-1/noticias/liga-1-fixture-de-cusco-fc-en-el-torneo-apertura-2026-558272,25,1645,1.52%,6.09
https://www.futbolperuano.com/seleccion/noticias/la-seleccion-peruana-se-enfrentara-a-otro-rival-mundialista-en-junio-580494,25,1438,1.74%,8.19
https://www.futbolperuano.com/copa-peru/noticias/resultados-fecha-8-liga-distrital-cajamarca-en-la-copa-peru-2026-577503,25,1286,1.94%,7.6
https://www.futbolperuano.com/copa-libertadores/universitario-de-deportes-vs-nacional-29-abril-2026-copa-libertadores-m3235899,25,1132,2.21%,11.13
https://www.futbolperuano.com/futbol-de-menores/copa-federacion/resultados-de-la-sexta-fecha-de-la-copa-federacion-plata-a-2026-581211,25,605,4.13%,7.11
https://www.futbolperuano.com/liga-1/noticias/trujillo-vuelve-a-tener-futbol-en-la-liga-1-del-2025-502953,25,590,4.24%,7.28
https://www.futbolperuano.com/liga-1/noticias/liga-1-del-futbol-peruano-2021-tabla-de-posiciones-del-puntaje-acumulado-313201,25,506,4.94%,17.24
https://www.futbolperuano.com/liga-1/alianza-atletico-vs-sport-boys-19-abril-2026-liga-1-peru---torneo-apertura-m3230701,24,28798,0.08%,9.85
https://www.futbolperuano.com/liga-1/fc-cajamarca-vs-adt-tarma-18-abril-2026-liga-1-peru---torneo-apertura-m3230714,24,28642,0.08%,9.9
https://www.futbolperuano.com/en-vivo/copa-sudamericana-2026-santos-vs-recoleta-en-vivo-579513,24,19169,0.13%,10.38
https://www.futbolperuano.com/copa-sudamericana/noticias/alianza-atletico-cuando-vuelve-a-jugar-por-la-fecha-3-de-la-copa-sudamericana-2026-579756,24,9961,0.24%,5.5
https://www.futbolperuano.com/peru/mas-del-futbol-peruano/cuales-son-los-cinco-estadios-mas-grandes-del-peru-441548,24,9344,0.26%,8.68
https://www.futbolperuano.com/copa-sudamericana/carabobo-fc-vs-blooming-30-abril-2026-copa-sudamericana-m3236067,24,9144,0.26%,11.59
https://www.futbolperuano.com/peru/elecciones-generales-2026-conteo-de-votos-de-la-onpe-al-93346--579963,24,2367,1.01%,3.26
https://www.futbolperuano.com/futbol-de-menores/sudamericano-sub-17/renzo-revoredo-y-sus-polemicas-declaraciones-tras-el-fracaso-de-peru-en-el-sudamericano-sub-17-579230,24,1973,1.22%,6.42
https://www.futbolperuano.com/copa-peru/noticias/el-primer-campeon-de-la-copa-peru-sigue-en-carrera-en-este-2026-580264,24,1326,1.81%,6.23
https://www.futbolperuano.com/liga-2/noticias/cuando-se-iniciara-el-torneo-de-liga-2-del-2026-562301,24,1249,1.92%,6.27
https://www.futbolperuano.com/peru/clubes/deportivo-municipal/,24,1171,2.05%,9.09
https://www.futbolperuano.com/copa-peru/noticias/boca-juniors-es-uno-de-los-clasificados-a-la-etapa-provincial-copa-peru-2026-579019,24,1123,2.14%,6.08
https://www.futbolperuano.com/liga-1/noticias/liga-1-2026-tendra-nuevo-torneo-la-fpf-lanza-la-copa-de-la-liga-que-se-jugara-durante-el-mundial-558236,24,1026,2.34%,7.23
https://www.futbolperuano.com/liga-3/noticias/tecnico-peruano-fue-oficializado-como-nuevo-entrenador-de-la-juventus-581291,24,935,2.57%,5.75
https://www.futbolperuano.com/liga-voley/de-la-universidad-san-martin-a-la-seleccion-mexicana-581480,24,842,2.85%,7.02
https://www.futbolperuano.com/liga-3/noticias/asa-fc-se-arma-para-la-liga-3-2026-el-cuadro-de-chancay-confirma-12-renovaciones-y-refuerza-su-base-para-ir-por-el-ascenso-557346,24,688,3.49%,4.94
https://www.futbolperuano.com/copa-peru/noticias/comenzo-la-liguilla-final-de-la-liga-distrital-trujillo-en-copa-peru-2026-576698,24,501,4.79%,6.45
https://www.futbolperuano.com/peru/clubes/sporting-cristal/,23,75694,0.03%,9.21
https://www.futbolperuano.com/liga-1/deportivo-garcilaso-vs-fbc-melgar-27-abril-2026-liga-1-peru---torneo-apertura-m3230711,23,28472,0.08%,12.63
https://www.futbolperuano.com/copa-sudamericana/noticias/resultados-de-la-fecha-3-de-la-copa-sudamericana-2026-581097,23,23426,0.1%,9.88
https://www.futbolperuano.com/eliminatorias/tabla-de-posiciones,23,18545,0.12%,11.46
https://www.futbolperuano.com/futbol-internacional/costa-rica/puntarenas-vs-herediano-5-abril-2026-primera-division-de-costa-rica-m3222680,23,17268,0.13%,12.54
https://www.futbolperuano.com/en-vivo/conmebol-libertadores-nacional-vs-deportes-tolima-en-vivo-579424,23,11567,0.2%,7.11
https://www.futbolperuano.com/copa-libertadores/noticias/sporting-cristal-cuando-vuelve-a-jugar-por-la-fecha-2-de-la-copa-libertadores-2026-578876,23,9485,0.24%,6.19
https://www.futbolperuano.com/peruanos-en-el-exterior/noticias/internacional-vs-gremio-con-erick-noriega-en-vivo-online-por-la-fecha-11-del-brasileirao-579106,23,5654,0.41%,8.96
https://www.futbolperuano.com/top/liga-1-los-equipos-favoritos-para-el-torneo-apertura-578733,23,5198,0.44%,6.25
https://www.futbolperuano.com/liga-1/noticias/carlos-zambrano-y-miguel-trauco-fueron-presentados-en-sport-boys-para-disputar-la-liga-1-2026-577514,23,3651,0.63%,8.13
https://www.futbolperuano.com/en-vivo/paraguay-vs-ecuador-por-la-conmebol-liga-de-naciones-femenina-579086,23,2313,0.99%,10.92
https://www.futbolperuano.com/liga-1/noticias/carlos-zambrano-se-abre-con-ricardo-gareca-y-revela-el-impacto-personal-de-su-situacion-en-medio-de-la-presion-mediatica-579213,23,2232,1.03%,6.52
https://www.futbolperuano.com/liga-1/noticias/top-5-de-las-mayores-goleadas-del-futbol-peruano-273325,23,1951,1.18%,6.27
https://www.futbolperuano.com/tag/comerciantes-fc,23,1775,1.3%,10.12
https://www.futbolperuano.com/liga-1/noticias/juan-romagnoli-se-prepara-para-su-regreso-la-gran-apuesta-de-cienciano-en-la-temporada-2026-557507,23,1773,1.3%,5.91
https://www.futbolperuano.com/peru/clubes/asa-fc-chancay/,23,1397,1.65%,6.46
https://www.futbolperuano.com/liga-1/noticias/alianza-lima-toma-inesperada-decision-para-el-clasico-universitario-576800,23,1312,1.75%,7.57
https://www.futbolperuano.com/peruanos-en-el-exterior/noticias/dt-de-colonia-revela-el-motivo-por-el-cual-felipe-chavez-no-se-ha-consolidado-como-titular-581036,23,971,2.37%,8.25
https://www.futbolperuano.com/copa-peru/noticias/programacion-de-la-fecha-1-de-la-liga-provincial-de-arequipa-en-copa-peru-2026-581558,23,956,2.41%,8.3
https://www.futbolperuano.com/copa-libertadores/universitario-de-deportes-vs-coquimbo-unido-14-abril-2026-copa-libertadores-m3235898,23,668,3.44%,8.66
https://www.futbolperuano.com/liga-1/noticias/los-18-entrenadores-que-dirigiran-en-el-inicio-de-la-liga-1-del-2026-557962,23,628,3.66%,5
https://www.futbolperuano.com/peru/mas-del-futbol-peruano/academias-de-futbol-en-villa-el-salvador-498518,23,536,4.29%,6.32
https://www.futbolperuano.com/copa-libertadores/noticias/quien-es-jussepi-garcia-jugador-que-debuto-en-el-primer-equipo-alianza-lima-562599,23,521,4.41%,5.95
https://www.futbolperuano.com/peru/mas-del-futbol-peruano/manni-el-libero-la-serie-de-los-80s-que-cautivo-a-los-amantes-del-futbol-en-peru-387741,23,384,5.99%,5.6
https://www.futbolperuano.com/tag/liga-distrital-de-ica,23,350,6.57%,6.65
https://www.futbolperuano.com/liga-3/noticias/liga-3-union-huaral-sorprende-al-fichar-jugador-con-pasado-en-la-kings-league-568440,23,305,7.54%,5.94
https://www.futbolperuano.com/liga-1/noticias/escandalo-en-la-liga-1-jack-duran-denuncia-insultos-racistas-en-la-derrota-de-juan-pablo-ii-579551,22,52051,0.04%,7.51
https://www.futbolperuano.com/futbol-internacional/brasil/serie-b/tabla-de-posiciones,22,25150,0.09%,9.61
https://www.futbolperuano.com/copa-libertadores/noticias/corinthians-vs-santa-fe-en-vivo-por-la-copa-libertadores-579571,22,16348,0.13%,7.5
https://www.futbolperuano.com/copa-libertadores/noticias/cusco-fc-cuando-vuelve-a-jugar-por-la-fecha-2-de-la-copa-libertadores-2026-578867,22,12174,0.18%,7.48
https://www.futbolperuano.com/futbol-internacional/turquia/tabla-de-posiciones,22,11495,0.19%,9.07
https://www.futbolperuano.com/peruanos-en-el-exterior/noticias/al-wasl-de-renato-tapia-es-eliminado-por-al-nassr-de-cristiano-ronaldo-tras-una-goleada-en-los-cuartos-de-final-de-la-afc-champions-league-2-580185,22,5814,0.38%,8.29
https://www.futbolperuano.com/copa-libertadores/independiente-rivadavia-vs-bolivar-7-abril-2026-copa-libertadores-m3235909,22,5132,0.43%,11.76
https://www.futbolperuano.com/liga-2/noticias/,22,4058,0.54%,11.53
https://www.futbolperuano.com/liga-2/noticias/carlos-zambrano-y-el-insolito-club-de-liga-2-en-el-que-suena-con-retirarse-del-futbol-579525,22,3991,0.55%,6.46
https://www.futbolperuano.com/en-vivo/conmebol-sub-17-femenina-argentina-vs-colombia-en-vivo-581027,22,2926,0.75%,8.16
https://www.futbolperuano.com/liga-voley/mundial-sub-17-femenino/liana-torres-voley-quien-es-la-libero-de-peru-en-el-mundial-de-voley-sub-17-481189,22,2788,0.79%,6.03
https://www.futbolperuano.com/liga-voley/41-voleibolistas-integran-la-preseleccion-de-peru-para-el-mundial-sub-17-568615,22,2450,0.9%,7.67
https://www.futbolperuano.com/liga-1/noticias/liga-1-alianza-atletico-anuncio-la-llegada-de-federico-urciuoli-como-nuevo-dt-tras-la-salida-de-gerardo-ameli-554427,22,2245,0.98%,6.46
https://www.futbolperuano.com/liga-2/noticias/estudiantil-cni-dejaria-saposoa-para-jugar-nuevo-estadio-liga-2-579353,22,2194,1%,9.88
https://www.futbolperuano.com/liga-1/noticias/sport-boys-confirma-estadio-donde-recibira-a-universitario-de-deportes-por-el-torneo-apertura-2026-581718,22,1945,1.13%,6.88
https://www.futbolperuano.com/partidos-por-tv/copa-mundial-de-futbol-sub-17-t97,22,1944,1.13%,8.34
https://www.futbolperuano.com/futbol-femenino/peru-vs-brasil-en-vivo-por-el-sudamericano-femenino-sub-17-581703,22,1598,1.38%,4.3
https://www.futbolperuano.com/copa-peru/noticias/copa-peru-sportivo-huracan-a-un-paso-del-titulo-a-falta-de-una-fecha-en-la-liga-distrital-de-arequipa-580157,22,1428,1.54%,5.33
https://www.futbolperuano.com/partidos-por-tv/noticias/programacion-de-partidos-por-tv-del-jueves-30-de-abril-581575,22,1377,1.6%,6.45
https://www.futbolperuano.com/peru/mas-del-futbol-peruano/mundialito-de-el-porvenir-2026-donde-ver-en-vivo-el-tradicional-torneo-del-1-de-mayo-581529,22,1323,1.66%,7.55
https://www.futbolperuano.com/copa-peru/noticias/resultados-de-la-fecha-7-de-la-liga-distrital-de-huancayo-por-la-copa-peru-2026-577217,22,1221,1.8%,6.69
https://www.futbolperuano.com/liga-2/noticias/equipo-de-la-liga-2-sorprende-con-la-construccion-de-su-propio-estadio-573646,22,892,2.47%,5.58
https://www.futbolperuano.com/peru/mas-del-futbol-peruano/academias-de-futbol-en-el-distrito-de-los-olivos-499303,22,695,3.17%,7.3
https://www.futbolperuano.com/futbol-de-menores/copa-federacion/resultados-de-la-tercera-fecha-del-plata-a-de-la-copa-federacion-576735,22,609,3.61%,4.96
https://www.futbolperuano.com/en-vivo/liga-2-binacional-vs-estudiantil-cni-en-vivo-580278,21,21072,0.1%,13.41
https://www.futbolperuano.com/copa-libertadores/noticias/universitario-vs-coquimbo-unido-en-vivo-online-por-la-fecha-2-de-la-fase-de-grupos-de-la-copa-libertadores-579291,21,13458,0.16%,9.82
https://www.futbolperuano.com/copa-libertadores/bolivar-vs-deportivo-la-guaira-14-abril-2026-copa-libertadores-m3235912,21,11382,0.18%,10.13
https://www.futbolperuano.com/futbol-internacional/usa/columbus-crew-vs-los-angeles-galaxy-22-abril-2026-mls-de-estados-unidos-m3222964,21,6248,0.34%,10.81
https://www.futbolperuano.com/futbol-internacional/austria/tabla-de-posiciones,21,4705,0.45%,9.17
https://www.futbolperuano.com/en-vivo/bolivia-vs-uruguay-por-la-conmebol-liga-de-naciones-femenina-579474,21,2282,0.92%,9.77
https://www.futbolperuano.com/partidos-por-tv/noticias/programacion-de-partidos-por-tv-del-martes-14-de-abril-579455,21,2076,1.01%,5.92
https://www.futbolperuano.com/copa-peru/noticias/el-primer-campeon-de-la-liga-peruana-seguira-en-la-copa-peru-577425,21,2020,1.04%,8.77
https://www.futbolperuano.com/liga-3/noticias/resultados-y-tabla-de-posiciones-de-la-fecha-17-de-la-fase-regional-de-la-liga-3-2025-528434,21,1418,1.48%,1.12
https://www.futbolperuano.com/liga-3/noticias/otros-dos-clubes-se-fusionan-para-encarar-la-temporada-2026-564166,21,1004,2.09%,4.54
https://www.futbolperuano.com/radio/radio-cutivalu-107.9-fm-piura-4336,21,894,2.35%,7.53
https://www.futbolperuano.com/futbol-internacional/costa-rica/sporting-san-jose-vs-alajuelense-11-abril-2026-primera-division-de-costa-rica-m3222687,21,862,2.44%,9.81
https://www.futbolperuano.com/futbol-de-menores/copa-federacion/resultados-de-la-cuarta-fecha-de-la-copa-federacion-plata-a-2026-579259,21,809,2.6%,6.87
https://www.futbolperuano.com/futbol-femenino/liga-femenina/resultados,21,772,2.72%,7.03
https://www.futbolperuano.com/liga-1/noticias/universitario-toma-rotunda-decision-sobre-sekou-gassama-tras-la-salida-de-javier-rabanal-580548,21,739,2.84%,3.42
https://www.futbolperuano.com/futbol-femenino/liga-evolucion-sub-15/tabla-de-posiciones,21,649,3.24%,8.3
https://www.futbolperuano.com/tag/walter-ormeno,21,441,4.76%,7.13
https://www.futbolperuano.com/peru/academias-de-futbol-que-se-encuentran-en-el-distrito-de-san-juan-de-miraflores-499759,21,376,5.59%,5.94
https://www.futbolperuano.com/futbol-de-menores/copa-federacion/plata/resultados,21,338,6.21%,5.42
https://www.futbolperuano.com/liga-2/goleadores,21,170,12.35%,9.75
https://www.futbolperuano.com/futbol-internacional/brasil/santos-vs-remo-2-abril-2026-campeonato-brasileno-de-futbol-serie-a-m3224004,20,28436,0.07%,12.41
https://www.futbolperuano.com/peru/clubes/sport-boys/,20,22696,0.09%,8.18
https://www.futbolperuano.com/en-vivo/champions-league-202526-atletico-madrid-vs-arsenal-en-vivo-581439,20,14785,0.14%,8.24
https://www.futbolperuano.com/liga-1/juan-pablo-ii-vs-utc-cajamarca-5-abril-2026-liga-1-peru---torneo-apertura-m3230690,20,11926,0.17%,10.3
https://www.futbolperuano.com/en-vivo/copa-sudamericana-2026-deportivo-recoleta-vs-san-lorenzo-en-vivo-578799,20,11661,0.17%,6.65
https://www.futbolperuano.com/copa-libertadores/noticias/resultados-de-la-fecha-1-de-la-copa-libertadores-2026-577354,20,11338,0.18%,7.24
https://www.futbolperuano.com/copa-sudamericana/alianza-atletico-vs-tigre-7-abril-2026-copa-sudamericana-m3235980,20,10515,0.19%,10.8
https://www.futbolperuano.com/liga-de-campeones/noticias/resultados-de-hoy-martes-14-de-abril-por-vuelta-de-cuartos-de-final-de-champions-league-579564,20,8814,0.23%,5.57
https://www.futbolperuano.com/en-vivo/copa-internacional-de-tenis-de-campinas-2026-gonzalo-bueno-vs-gustavo-heide-en-vivo-579278,20,7255,0.28%,5.16
https://www.futbolperuano.com/liga-1/noticias/mensaje-claro-en-sport-boys-hansell-riojas-referente-del-plantel-rompe-el-silencio-tras-la-llegada-de-carlos-zambrano-y-miguel-trauco-578840,20,2876,0.7%,6.69
https://www.futbolperuano.com/liga-voley/paola-rivera-lanza-advertencia-san-martin-busca-cerrar-la-serie-ante-universitario-sin-extra-game-en-semifinales-576932,20,2128,0.94%,4.99
https://www.futbolperuano.com/liga-voley/el-camino-de-san-martin-hacia-la-final-de-la-liga-peruana-de-voley-2025-26-578951,20,1913,1.05%,4.3
https://www.futbolperuano.com/liga-1/noticias/a-un-paso-de-la-historia-alex-valera-acecha-el-top-10-de-maximos-goleadores-de-universitario-580809,20,1615,1.24%,6.59
https://www.futbolperuano.com/liga-1/noticias/el-moderno-estadio-que-se-viene-construyendo-en-el-interior-del-peru-524609,20,1297,1.54%,6.39
https://www.futbolperuano.com/peruanos-en-el-exterior/noticias/marco-rivas-en-conflicto-con-tigre-su-futuro-en-duda-tras-desacuerdos-con-la-formalizacion-de-su-contrato-580219,20,1259,1.59%,6.47
https://www.futbolperuano.com/en-vivo/chile-vs-argentina-por-la-conmebol-liga-de-naciones-femenina-579089,20,1148,1.74%,13.97
https://www.futbolperuano.com/futsal/copa-america/tabla-de-posiciones,20,1066,1.88%,9.84
https://www.futbolperuano.com/seleccion/noticias/seleccion-peruana-sub-20-thiago-kosloski-presenta-convocatoria-con-figuras-locales-y-talentos-del-exterior-574619,20,651,3.07%,6.75
https://www.futbolperuano.com/futbol-de-menores/copa-federacion/,20,571,3.5%,6.85
https://www.futbolperuano.com/peru/mas-del-futbol-peruano/academias-de-futbol-en-la-molina-499126,20,517,3.87%,6.43
https://www.futbolperuano.com/liga-3/noticias/,20,369,5.42%,9.12
https://www.futbolperuano.com/peru/mas-del-futbol-peruano/academias-de-futbol-en-el-distrito-de-chorrillos-499831,20,260,7.69%,7.67
https://www.futbolperuano.com/futbol-de-menores/copa-desarrollo-oro/tabla-de-posiciones,20,111,18.02%,4.36
https://www.futbolperuano.com/futbol-internacional/bod-glimt-vs-start-30-abril-2026-eliteserien-de-noruega-m3230066,19,56537,0.03%,8.22
https://www.futbolperuano.com/copa-libertadores/noticias/resultados-de-la-fecha-3-de-la-copa-libertadores-2026-581093,19,27137,0.07%,10.04
https://www.futbolperuano.com/en-vivo/brasileirao-2026-corinthians-vs-palmeiras-en-viv-579305,19,26855,0.07%,10.43
https://www.futbolperuano.com/futbol-internacional/dinamarca/tabla-de-posiciones,19,25796,0.07%,9.62