Páginas principales,Clics,Impresiones,CTR,Posición
https://www.futbolperuano.com/partidos-por-tv/,188230,5420781,3.47%,6.29
https://www.futbolperuano.com/liga-3/tabla-de-posiciones,20486,75185,27.25%,3.66
https://www.futbolperuano.com/copa-de-la-liga/tabla-de-posiciones,13755,84814,16.22%,4.58
https://www.futbolperuano.com/,9575,91705,10.44%,7.06
https://www.futbolperuano.com/copa-de-la-liga/resultados,6869,79344,8.66%,5.11
https://www.futbolperuano.com/futbol-femenino/tabla-de-posiciones,6086,40239,15.12%,4.69
https://www.futbolperuano.com/liga-3/resultados,4870,32865,14.82%,4.45
https://www.futbolperuano.com/copa-peru/,4186,77550,5.4%,5.1
https://www.futbolperuano.com/liga-3/,2432,35476,6.86%,5.82
https://www.futbolperuano.com/liga-2/tabla-de-posiciones,2164,105054,2.06%,6.02
https://www.futbolperuano.com/partidos-por-tv/america-c19,1910,155947,1.22%,7.84
https://www.futbolperuano.com/futbol-de-menores/copa-federacion/plata/tabla-de-posiciones,1889,10085,18.73%,4.28
https://www.futbolperuano.com/futbol-de-menores/copa-federacion/oro/tabla-de-posiciones,1784,9661,18.47%,4.08
https://www.futbolperuano.com/liga-3/noticias/se-oficializo-el-fixture-de-la-liga-3-del-2026-583716,1654,9789,16.9%,3.63
https://www.futbolperuano.com/futbol-de-menores/copa-federacion/plata-b-serie-1/tabla-de-posiciones,1622,6423,25.25%,3.74
https://www.futbolperuano.com/peruanos-en-el-exterior/,1561,13980,11.17%,4.72
https://www.futbolperuano.com/liga-1/tabla-acumulada/tabla-de-posiciones,1487,91751,1.62%,8.23
https://www.futbolperuano.com/copa-de-la-liga/noticias/resultados-y-tablas-de-posiciones-de-la-fecha-1-de-la-copa-de-la-liga-2026-587158,1429,26953,5.3%,5.72
https://www.futbolperuano.com/futbol-de-menores/liga-nacional-sub-18-peru/tabla-de-posiciones,1414,5623,25.15%,4.65
https://www.futbolperuano.com/en-vivo/copa-de-la-liga-bentin-tacna-vs-melgar-en-vivo-587550,1403,34448,4.07%,5.32
https://www.futbolperuano.com/partidos-por-tv/liga-1-peru-c42,1349,66227,2.04%,6.94
https://www.futbolperuano.com/futbol-de-menores/liga-nacional-sub-18-peru/resultados,1330,8039,16.54%,4.3
https://www.futbolperuano.com/copa-de-la-liga/noticias/bentin-tacna-vs-melgar-en-vivo-online-por-la-fecha-1-de-la-copa-de-la-liga-2026-587449,1300,39475,3.29%,5.57
https://www.futbolperuano.com/copa-de-la-liga/noticias/los-clasificados-a-los-octavos-de-final-de-la-copa-de-la-liga-2026-589734,1246,18113,6.88%,3.86
https://www.futbolperuano.com/copa-peru/noticias/historico-campeon-fue-eliminado-rapidamente-de-la-copa-peru-2026-589175,1219,6019,20.25%,3.61
https://www.futbolperuano.com/en-vivo/,1165,26176,4.45%,7.8
https://www.futbolperuano.com/liga-2/,1162,47627,2.44%,4.76
https://www.futbolperuano.com/peru/mas-del-futbol-peruano/elecciones-generales-2026-resultados-de-la-onpe-al-99627-de-la-segunda-vuelta-presidencial-588622,1160,157146,0.74%,2.91
https://www.futbolperuano.com/en-vivo/copa-de-la-liga-binacional-vs-cienciano-en-vivo-587620,1013,29293,3.46%,5.09
https://www.futbolperuano.com/en-vivo/volleyball-nations-league--vnl-2026-brasil-vs-italia-586894,996,15830,6.29%,6.19
https://www.futbolperuano.com/liga-1/noticias/fichajes-de-sporting-cristal-altas-y-bajas-para-el-torneo-clausura-588174,973,12265,7.93%,4.12
https://www.futbolperuano.com/copa-de-la-liga/noticias/union-minas-vs-adt-de-tarma-en-vivo-online-por-fecha-1-de-copa-de-la-liga-2026-587475,935,23003,4.06%,5.88
https://www.futbolperuano.com/en-vivo/copa-de-la-liga-cusco-fc-vs-cienciano-en-vivo-589637,930,30933,3.01%,5.77
https://www.futbolperuano.com/eliminatorias/tabla-de-posiciones,910,276363,0.33%,8.77
https://www.futbolperuano.com/copa-de-la-liga/noticias/las-llaves-de-los-octavos-de-final-de-la-copa-de-la-liga-2026-589900,900,8768,10.26%,3.56
https://www.futbolperuano.com/liga-1/noticias/fc-cajamarca-se-refuerza-con-ex-universitario-de-deportes-589180,893,5350,16.69%,5.61
https://www.futbolperuano.com/mundial/noticias/salio-a-la-venta-el-album-3-reyes-del-mundial-2026-574907,886,173363,0.51%,7.67
https://www.futbolperuano.com/copa-de-la-liga/noticias/que-canal-transmitira-en-vivo-la-copa-de-la-liga-2026-587165,886,22793,3.89%,5.11
https://www.futbolperuano.com/en-vivo/copa-de-la-liga-alianza-atletico-vs-cesar-vallejo-en-vivo-588539,874,20753,4.21%,5.61
https://www.futbolperuano.com/partidos-por-tv/fivb-c56,857,65202,1.31%,7.36
https://www.futbolperuano.com/en-vivo/copa-de-la-liga-pirata-fc-vs-universitario-en-vivo-587555,810,53768,1.51%,5.96
https://www.futbolperuano.com/futbol-femenino/liga-naciones-conmebol/tabla-de-posiciones,792,28695,2.76%,8.1
https://www.futbolperuano.com/copa-de-la-liga/noticias/melgar-vs-deportivo-moquegua-en-vivo-por-la-copa-de-la-liga-2026-589828,772,34070,2.27%,4.84
https://www.futbolperuano.com/liga-1/noticias/christian-cueva-tendria-ya-nuevo-equipo-para-el-torneo-clausura-586969,762,8283,9.2%,4.07
https://www.futbolperuano.com/liga-1/tabla-de-posiciones,760,101281,0.75%,8.61
https://www.futbolperuano.com/eliminatorias/africa/tabla-de-posiciones,757,36835,2.06%,7.74
https://www.futbolperuano.com/futbol-de-menores/copa-federacion/plata-b-serie-2/tabla-de-posiciones,745,5135,14.51%,3.85
https://www.futbolperuano.com/en-vivo/copa-de-la-liga-cienciano-vs-deportivo-garcilaso-en-vivo-588618,744,29159,2.55%,6.88
https://www.futbolperuano.com/liga-1/noticias/sporting-cristal-cerca-de-reforzarse-con-temido-delantero-de-deportivo-garcilaso-586380,738,11714,6.3%,7.19
https://www.futbolperuano.com/futbol-de-menores/copa-federacion/plata-promocional-serie-1/tabla-de-posiciones,737,4291,17.18%,4.17
https://www.futbolperuano.com/fichajes/fichajes-de-universitario-altas-y-bajas-para-el-torneo-clausura-2026-588203,732,10467,6.99%,3.79
https://www.futbolperuano.com/en-vivo/copa-de-la-liga-san-martin-vs-sport-boys-en-vivo-587607,697,21839,3.19%,4.73
https://www.futbolperuano.com/copa-de-la-liga/noticias/asi-quedo-conformado-el-fixture-oficial-de-la-copa-de-la-liga-2026-583565,692,10260,6.74%,5.56
https://www.futbolperuano.com/seleccion/noticias/amistoso-internacional-posibles-alineaciones-de-peru-y-espana-586902,664,51304,1.29%,5.77
https://www.futbolperuano.com/partidos-por-tv/espn-c1,661,25202,2.62%,6.55
https://www.futbolperuano.com/liga-1/noticias/hernan-barcos-llego-a-un-acuerdo-total-para-convertirse-en-el-nuevo-delantero-de-sporting-cristal-de-cara-al-clausura-586112,653,15564,4.2%,4.89
https://www.futbolperuano.com/liga-3/noticias/liga-3-resultados-y-tabla-de-posiciones-de-la-fecha-2-de-la-fase-regional-587751,646,13763,4.69%,4.24
https://www.futbolperuano.com/copa-de-la-liga/noticias/cusco-fc-vs-cienciano-en-vivo-por-la-copa-de-la-liga-2026-589621,631,33859,1.86%,6.13
https://www.futbolperuano.com/partidos-por-tv/disney-c53,628,37003,1.7%,7.44
https://www.futbolperuano.com/futbol-de-menores/liga-nacional-sub-16-peru/resultados,593,3414,17.37%,3.99
https://www.futbolperuano.com/copa-peru/tabla-de-posiciones,579,7041,8.22%,7.68
https://www.futbolperuano.com/partidos-por-tv/directv-sports-c3,573,23956,2.39%,10.88
https://www.futbolperuano.com/liga-1/noticias/universitario-de-deportes-bombazo-en-el-mercado-el-exjugador-de-sporting-cristal-que-esta-en-la-mira-para-el-clausura-587393,551,9271,5.94%,4.53
https://www.futbolperuano.com/liga-1/noticias/la-potencial-llegada-de-carlos-caceda-a-sporting-cristal-para-convertirse-en-el-primer-gran-refuerzo-de-la-era-mosquera-586808,548,10659,5.14%,5.59
https://www.futbolperuano.com/liga-1/noticias/fichajes-de-fbc-melgar-altas-y-bajas-para-el-torneo-clausura-de-la-liga-1-2026-588258,545,3708,14.7%,4.56
https://www.futbolperuano.com/liga-voley/fernanda-tome-anuncio-su-salida-de-la-universidad-san-martin-tras-confesar-que-la-directiva-nunca-la-llamo-588263,542,11914,4.55%,5.64
https://www.futbolperuano.com/mundial/noticias/posibles-alineaciones-de-brasil-vs-marruecos-por-la-fecha-1-del-grupo-b-de-la-fase-de-grupos-del-mundial-2026-587678,521,43064,1.21%,7.22
https://www.futbolperuano.com/copa-de-la-liga/noticias/binacional-vs-cusco-fc-en-vivo-por-la-copa-de-la-liga-588831,515,20053,2.57%,6.56
https://www.futbolperuano.com/copa-de-la-liga/noticias/ada-de-jaen-vs-comerciantes-unidos-en-vivo-online-por-la-fecha-1-de-la-copa-de-la-liga-2026-587322,510,24131,2.11%,6.78
https://www.futbolperuano.com/en-vivo/copa-de-la-liga-union-minas-vs-adt-de-tarma-en-vivo-587548,488,22107,2.21%,6.26
https://www.futbolperuano.com/liga-3/noticias/liga-3-2026-resultados-y-tabla-de-posiciones-de-la-fecha-4-de-la-fase-regional-589718,482,10454,4.61%,3.86
https://www.futbolperuano.com/resultados/,477,101289,0.47%,6.93
https://www.futbolperuano.com/copa-de-la-liga/noticias/sport-boys-vs-academia-cantolao-en-vivo-online-por-fecha-3-de-la-copa-de-la-liga-2026-589562,473,13030,3.63%,5.75
https://www.futbolperuano.com/en-vivo/copa-de-la-liga-sport-boys-vs-cantolao-en-vivo-589631,470,12217,3.85%,6.01
https://www.futbolperuano.com/copa-de-la-liga/noticias/union-minas-vs-sport-huancayo-en-vivo-online-por-la-fecha-2-de-la-copa-de-la-liga-2026-588664,461,14105,3.27%,5.02
https://www.futbolperuano.com/liga-1/noticias/liga-1-cuando-se-comenzara-a-jugar-el-torneo-clausura-2026-586047,460,26441,1.74%,7
https://www.futbolperuano.com/copa-peru/noticias/emblematico-estadio-de-lima-reabrio-sus-puertas-en-la-copa-peru-2026-589004,451,2245,20.09%,4.2
https://www.futbolperuano.com/copa-de-la-liga/noticias/cienciano-vs-deportivo-garcilaso-en-vivo-por-la-copa-de-la-liga-588708,447,36769,1.22%,6.35
https://www.futbolperuano.com/copa-de-la-liga/noticias/deportivo-llacuabamba-vs-utc-en-vivo-por-la-copa-de-la-liga-587895,447,11246,3.97%,6.29
https://www.futbolperuano.com/copa-de-la-liga/noticias/atletico-grau-vs-pirata-fc-en-vivo-online-por-la-copa-de-la-liga-2026-588774,442,14721,3%,6.14
https://www.futbolperuano.com/partidos-por-tv/liga-3-peru-t297,438,4187,10.46%,5.06
https://www.futbolperuano.com/liga-1/noticias/fecha-y-hora-del-sorteo-de-la-copa-de-la-liga-peruana-583290,437,4835,9.04%,5.88
https://www.futbolperuano.com/en-vivo/copa-de-la-liga-comerciantes-fc-vs-sporting-cristal-en-vivo-587617,433,32087,1.35%,5.07
https://www.futbolperuano.com/en-vivo/volleyball-nations-league--vnl-2026-canada-vs-japon-586922,428,10373,4.13%,6.92
https://www.futbolperuano.com/liga-1/noticias/fc-cajamarca-fichajes-y-bajas-en-el-plantel-para-el-torneo-clausura-2026-587918,427,3086,13.84%,5.76
https://www.futbolperuano.com/copa-de-la-liga/noticias/comerciantes-fc-vs-sporting-cristal-en-vivo-por-la-copa-de-la-liga-587572,426,22915,1.86%,6.96
https://www.futbolperuano.com/en-vivo/peru-vs-bolivia-por-la-conmebol-liga-de-naciones-femenina-587142,418,24103,1.73%,6.89
https://www.futbolperuano.com/en-vivo/copa-de-la-liga-ayacucho-fc-vs-los-chankas-en-vivo-587622,418,18467,2.26%,6.76
https://www.futbolperuano.com/copa-peru/noticias/popular-equipo-fue-eliminado-en-la-etapa-provincial-copa-peru-2026-588099,414,2166,19.11%,3.87
https://www.futbolperuano.com/futbol-femenino/liga-femenina/llaves-de-semifinales-del-torneo-apertura-de-la-liga-femenina-2026-588787,410,2984,13.74%,4.33
https://www.futbolperuano.com/seleccion/noticias/alineacion-confirmada-de-la-seleccion-peruana-para-enfrentar-a-espana-587008,403,28350,1.42%,6
https://www.futbolperuano.com/liga-1/noticias/refuerzo-de-universitario-no-seguira-en-el-club-y-anuncio-su-salida-587881,401,10108,3.97%,2.66
https://www.futbolperuano.com/futbol-femenino/liga-naciones-conmebol/seleccion-peruana-que-necesita-para-llegar-al-repechaje-del-mundial-femenino-2027-586818,396,11841,3.34%,5.08
https://www.futbolperuano.com/copa-de-la-liga/noticias/sporting-cristal-vs-union-comercio-en-vivo-online-por-la-fecha-3-de-la-copa-de-la-liga-2026-589662,390,19358,2.01%,4.58
https://www.futbolperuano.com/copa-de-la-liga/noticias/alianza-atletico-vs-cesar-vallejo-en-vivo-por-la-copa-de-la-liga-588321,387,20206,1.92%,6.69
https://www.futbolperuano.com/fichajes/,385,4634,8.31%,5.04
https://www.futbolperuano.com/liga-1/noticias/juan-pablo-ii-suma-su-segundo-refuerzo-proveniente-de-universitario-de-deportes-586394,383,8728,4.39%,4.15
https://www.futbolperuano.com/peru/clubes/juan-aurich/,380,8355,4.55%,5.72
https://www.futbolperuano.com/copa-peru/noticias/los-campeones-provinciales-de-la-copa-peru-2026-588555,370,8794,4.21%,5.29
https://www.futbolperuano.com/futbol-femenino/liga-naciones-conmebol/peru-vs-bolivia-en-vivo-online-por-la-fecha-9-de-liga-de-naciones-femenina-conmebol-586989,368,29952,1.23%,6.45
https://www.futbolperuano.com/liga-3/noticias/alianza-lima-vs-pacifico-fc-en-vivo-por-la-liga-3-588155,362,8357,4.33%,5.57
https://www.futbolperuano.com/en-vivo/copa-de-la-liga-melgar-vs-deportivo-moquegua-en-vivo-589835,359,13486,2.66%,6.38
https://www.futbolperuano.com/liga-1/noticias/universitario-busca-un-refuerzo-para-su-defensa-y-pone-la-mira-en-canterano-de-alianza-lima-586558,352,4873,7.22%,4.83
https://www.futbolperuano.com/eliminatorias/asia/tabla-de-posiciones,349,27492,1.27%,8.41
https://www.futbolperuano.com/liga-1/noticias/mr-peet-y-su-advertencia-a-hernan-barcos-tras-su-fichaje-por-sporting-cristal-586928,349,6074,5.75%,3.41
https://www.futbolperuano.com/mas-deportes/noticias/ufc-freedom-250-horarios-y-donde-ver-en-peru-la-pelea-topuria-vs-gaethje-587852,346,38965,0.89%,6.51
https://www.futbolperuano.com/en-vivo/torneo-atp-queens-club-2026-ignacio-buse-vs-marcos-giron-en-vivo-587979,336,30491,1.1%,3.78
https://www.futbolperuano.com/mundial/noticias/mundial-2026-que-partidos-transmite-america-tv-587143,335,113050,0.3%,5.76
https://www.futbolperuano.com/liga-1/noticias/la-sorpresiva-decision-de-diego-enriquez-tras-los-rumores-sobre-la-llegada-de-carlos-caceda-586838,332,4689,7.08%,3.23
https://www.futbolperuano.com/en-vivo/copa-de-la-liga-ada-de-jaen-vs-comerciantes-unidos-en-vivo-587418,329,15482,2.13%,6.47
https://www.futbolperuano.com/en-vivo/liga-femenina-2026-sporting-cristal-vs-atletico-andahuaylas-589639,329,8504,3.87%,3.79
https://www.futbolperuano.com/liga-1/noticias/hernan-barcos-revela-el-motivo-por-el-cual-decidio-fichar-por-sporting-cristal-586756,328,6107,5.37%,2.03
https://www.futbolperuano.com/en-vivo/volleyball-nations-league-masculino--vnl-2026-iran-vs-argentina-587674,317,13930,2.28%,6.42
https://www.futbolperuano.com/liga-1/noticias/alianza-lima-fichajes-y-bajas-en-el-plantel-para-el-torneo-clausura-2026-588749,316,6938,4.55%,4.6
https://www.futbolperuano.com/peru/elecciones-generales-2026-resultados-onpe-al-99444-de-segunda-vuelta-presidencial-588448,315,35540,0.89%,2.95
https://www.futbolperuano.com/liga-1/noticias/sport-boys-sufre-la-partida-de-hasta-cuatro-jugadores-para-el-torneo-clausura-586214,312,4490,6.95%,4.61
https://www.futbolperuano.com/futbol-femenino/resultados,307,5601,5.48%,8.01
https://www.futbolperuano.com/copa-peru/noticias/llaves-de-la-fase-4-del-interligas-de-lima-en-la-copa-peru-2026-586051,307,4176,7.35%,5.21
https://www.futbolperuano.com/liga-voley/liga-naciones-femenino/resultados,306,16040,1.91%,8.3
https://www.futbolperuano.com/en-vivo/copa-de-la-liga-atletico-grau-vs-pirata-fc-en-vivo-588866,305,9120,3.34%,7.15
https://www.futbolperuano.com/liga-1/noticias/asi-quedo-la-tabla-acumulada-de-la-liga-1-2026-tras-el-final-del-torneo-apertura-586022,304,42335,0.72%,8.31
https://www.futbolperuano.com/en-vivo/copa-de-la-liga-deportivo-garcilaso-vs-cusco-fc-en-vivo-587627,302,14334,2.11%,7
https://www.futbolperuano.com/mas-deportes/noticias/noche-peruana-en-la-ufc-donde-ver-hoy-las-peleas-de-gaston-bolanos-y-kevin-borjas-588680,300,11975,2.51%,5.53
https://www.futbolperuano.com/liga-1/noticias/sporting-cristal-podria-sufrir-la-sensible-baja-de-una-de-sus-figuras-tras-una-oferta-importante-de-europa-586934,297,9000,3.3%,4.67
https://www.futbolperuano.com/liga-1/noticias/fichajes-de-sport-boys-altas-y-bajas-para-el-torneo-clausura-2026-588192,297,2429,12.23%,4.96
https://www.futbolperuano.com/en-vivo/liga-2-sport-huancayo-vs-ayacucho-fc-en-vivo-585798,294,14200,2.07%,7.87
https://www.futbolperuano.com/liga-1/clausura/tabla-de-posiciones,287,13158,2.18%,13.16
https://www.futbolperuano.com/copa-de-la-liga/noticias/cesar-vallejo-vs-alianza-lima-en-vivo-por-la-copa-de-la-liga-2026-587682,285,11449,2.49%,5.45
https://www.futbolperuano.com/copa-peru/noticias/fixture-de-la-liga-departamental-de-la-libertad-en-la-copa-peru-2026-588236,281,3575,7.86%,4.63
https://www.futbolperuano.com/liga-voley/maricarmen-guerrero-firmo-por-universitario-de-deportes-tras-dejar-alianza-lima-586619,279,6531,4.27%,3.22
https://www.futbolperuano.com/liga-voley/quien-es-alejandro-schneider-tecnico-de-alianza-lima-para-la-liga-peruana-de-voley-586727,274,6940,3.95%,5.3
https://www.futbolperuano.com/liga-1/noticias/universitario-de-deportes-se-refuerza-con-jugador-de-cienciano-586262,273,5249,5.2%,5.87
https://www.futbolperuano.com/copa-peru/noticias/seis-equipos-del-interligas-de-lima-siguen-vivos-en-la-copa-peru-2026-587890,272,2797,9.72%,4.58
https://www.futbolperuano.com/liga-3/noticias/programacion-de-la-fecha-3-de-la-fase-regional-de-la-liga-3-588018,270,3102,8.7%,5.08
https://www.futbolperuano.com/futbol-de-menores/liga-nacional-sub-16-peru/tabla-de-posiciones,269,1702,15.8%,4.16
https://www.futbolperuano.com/peru/elecciones-generales-2026-las-irreversibles-cifras-de-la-onpe-de-segunda-vuelta-presidencial-589757,268,88725,0.3%,2.77
https://www.futbolperuano.com/liga-1/noticias/la-drastica-purga-de-sporting-cristal-que-cobro-la-salida-de-su-tecnico-y-tres-figuras-del-plantel-586250,268,5315,5.04%,3.63
https://www.futbolperuano.com/copa-peru/noticias/resultados-fase-4-del-interligas-de-lima-en-la-copa-peru-2026-587356,265,5748,4.61%,4.54
https://www.futbolperuano.com/en-vivo/liga-3-juan-aurich-vs-cesar-vallejo-en-vivo-589775,262,6745,3.88%,5.64
https://www.futbolperuano.com/en-vivo/copa-de-la-liga-fc-cajamarca-vs-deportivo-llacuabamba-en-vivo-588606,261,8070,3.23%,6.83
https://www.futbolperuano.com/copa-peru/noticias/los-tres-clasificados-de-lima-a-la-etapa-departamental-copa-peru-2026-588816,261,3261,8%,4.6
https://www.futbolperuano.com/futbol-femenino/liga-femenina/alianza-lima-vs-cd-yanapuma-en-vivo-online-por-cuartos-de-final-de-liga-femenina-2026-588685,257,7061,3.64%,3.66
https://www.futbolperuano.com/en-vivo/copa-de-la-liga-juan-pablo-ii-vs-ada-de-jaen-en-vivo-588605,256,7292,3.51%,6.44
https://www.futbolperuano.com/liga-3/noticias/fixture-de-juan-aurich-para-la-temporada-2026-de-la-liga-3-583887,255,1891,13.48%,4.32
https://www.futbolperuano.com/liga-2/noticias/sport-huancayo-ii-vs-ayacucho-fc-en-vivo-por-la-liga-2-586016,253,18208,1.39%,6.93
https://www.futbolperuano.com/liga-voley/copa-panamericana-sub-17-femenino/resultados,253,17167,1.47%,5.29
https://www.futbolperuano.com/en-vivo/amistoso-previo-al-mundial-2026-suecia-vs-grecia-en-vivo-586516,252,149948,0.17%,9.45
https://www.futbolperuano.com/liga-3/noticias/carlos-stein-vs-juan-aurich-en-vivo-online-por-fecha-3-de-la-liga-3-2026-588670,251,5411,4.64%,5.28
https://www.futbolperuano.com/copa-peru/noticias/copa-peru-deportivo-municipal-ya-tiene-rival-para-su-debut-en-la-liga-departamental-de-lima-589816,251,2123,11.82%,4.03
https://www.futbolperuano.com/en-vivo/copa-de-la-liga-los-chankas-vs-santos-en-vivo-589636,250,11579,2.16%,7.16
https://www.futbolperuano.com/liga-1/noticias/universitario-de-deportes-definio-la-suerte-de-sekou-gassama-586192,250,6197,4.03%,4.05
https://www.futbolperuano.com/liga-1/noticias/pablo-lavandeira-sorprender-al-fichar-por-popular-equipo-peruano-589358,249,6945,3.59%,2.85
https://www.futbolperuano.com/en-vivo/copa-de-la-liga-sporting-cristal-vs-union-comercio-en-vivo-589628,246,12578,1.96%,6.88
https://www.futbolperuano.com/peru/mas-del-futbol-peruano/elecciones-generales-2026-hasta-que-hora-se-puede-votar-en-la-segunda-vuelta-presidencial-586851,245,12065,2.03%,2.36
https://www.futbolperuano.com/copa-de-la-liga/noticias/binacional-vs-cienciano-en-vivo-por-la-copa-de-la-liga-2026-587431,244,15847,1.54%,7.93
https://www.futbolperuano.com/liga-1/noticias/deportivo-moquegua-pierde-a-un-delantero-para-el-torneo-clausura-587238,244,2013,12.12%,6.2
https://www.futbolperuano.com/futbol-femenino/liga-naciones-conmebol/liga-de-naciones-femenina-resultados-y-tabla-de-posiciones-de-la-fecha-8-de-la-liga-de-naciones-femenina-de-la-conmebol-586578,243,12106,2.01%,5.8
https://www.futbolperuano.com/copa-de-la-liga/noticias/los-tres-premios-que-otorgara-la-copa-de-la-liga-2026-584695,241,6593,3.66%,5.55
https://www.futbolperuano.com/liga-3/noticias/juan-aurich-vs-juventus-de-huamachuco-en-vivo-online-por-fecha-2-de-liga-3-2026-587748,240,4817,4.98%,4.96
https://www.futbolperuano.com/liga-1/noticias/sporting-cristal-una-de-sus-grandes-promesas-esta-muy-cerca-de-dejar-el-club-para-el-torneo-clausura-586500,238,5566,4.28%,3.62
https://www.futbolperuano.com/copa-de-la-liga/noticias/programacion-de-la-fecha-2-de-la-fase-de-grupos-de-la-copa-de-la-liga-586803,235,2997,7.84%,5.69
https://www.futbolperuano.com/copa-de-la-liga/noticias/deportivo-garcilaso-vs-cusco-fc-en-vivo-por-la-copa-de-la-liga-2026-587688,234,16667,1.4%,6.73
https://www.futbolperuano.com/futbol-de-menores/liga-nacional-juvenil-2026-como-se-jugaran-los-partidos-de-la-fecha-1-584817,234,1845,12.68%,4.32
https://www.futbolperuano.com/futbol-femenino/liga-naciones-conmebol/resultados-y-tabla-de-posiciones-de-la-fecha-9-de-la-liga-de-naciones-femenina-586971,233,16116,1.45%,6.11
https://www.futbolperuano.com/en-vivo/copa-de-la-liga-cesar-vallejo-vs-alianza-lima-en-vivo-587624,231,21452,1.08%,6.65
https://www.futbolperuano.com/partidos-por-tv/liga-femenina-peru-torneo-apertura-t182,231,3971,5.82%,7.08
https://www.futbolperuano.com/liga-1/noticias/universitario-busca-dar-un-golpe-en-el-mercado-con-el-fichaje-de-edwin-cardona-589271,230,5246,4.38%,3.27
https://www.futbolperuano.com/peruanos-en-el-exterior/noticias/regresara-al-peru-pedro-gallese-estaria-cerca-de-dejar-deportivo-cali-586945,229,9186,2.49%,5.23
https://www.futbolperuano.com/futbol-femenino/liga-femenina/sporting-cristal-vs-fbc-melgar-en-vivo-online-por-los-cuartos-de-final-del-torneo-apertura-de-la-liga-femenina-2026-588533,228,10773,2.12%,3.31
https://www.futbolperuano.com/copa-peru/noticias/domingo-dianderas-se-refuerza-para-copa-peru-con-campeon-de-copa-libertadoes-582633,228,8126,2.81%,6.57
https://www.futbolperuano.com/liga-1/noticias/con-el-estreno-de-gianluca-lapadula-universitario-vencio-a-atletico-grau-en-amistoso-589701,228,5537,4.12%,3.58
https://www.futbolperuano.com/copa-de-la-liga/noticias/estudiantil-cni-vs-sporting-cristal-en-vivo-por-la-copa-de-la-liga-588676,227,10909,2.08%,6.15
https://www.futbolperuano.com/liga-3/noticias/adt-vs-ecosem-pasco-en-vivo-online-por-la-fecha-3-del-grupo-c-de-la-liga-3-2026-588525,225,5269,4.27%,5.8
https://www.futbolperuano.com/futbol-de-menores/copa-federacion/copa-federacion-2026-programacion-de-partidos-del-13-al-15-de-junio-587471,225,3889,5.79%,5.04
https://www.futbolperuano.com/liga-3/noticias/piero-cari-fue-inscrito-para-jugar-otro-torneo-586342,225,3372,6.67%,3.62
https://www.futbolperuano.com/liga-1/noticias/sporting-cristal-anuncio-el-fichaje-del-colombiano-juan-manuel-cuesta-para-el-torneo-clausura-2026-589630,224,10439,2.15%,3.55
https://www.futbolperuano.com/liga-1/noticias/gianluca-lapadula-y-el-millonario-sueldo-que-percibiria-en-universitario-588373,221,9199,2.4%,5.26
https://www.futbolperuano.com/liga-1/noticias/ian-wisdom-rompe-su-silencio-y-revela-si-jugara-en-universitario-para-el-torneo-clausura-587788,221,8318,2.66%,2.43
https://www.futbolperuano.com/liga-1/noticias/sporting-cristal-va-con-todo-por-goleador-de-universitario-ya-hay-oferta-formal-para-el-torneo-clausura-2026-586482,221,2901,7.62%,3.05
https://www.futbolperuano.com/futbol-femenino/liga-femenina/alianza-lima-vs-universitario-en-vivo-online-por-semifinal-de-la-liga-femenina-2026-589574,218,8934,2.44%,3.21
https://www.futbolperuano.com/copa-peru/noticias/resultados-de-fecha-2-de-la-liguilla-final-de-la-liga-provincial-de-arequipa-por-copa-peru-2026-587759,217,5872,3.7%,4.1
https://www.futbolperuano.com/liga-1/noticias/alianza-lima-pone-la-mira-en-futbolista-que-es-seguido-muy-de-cerca-por-universitario-587675,217,3810,5.7%,4.6
https://www.futbolperuano.com/liga-1/noticias/sporting-cristal-pone-la-mira-en-dt-que-fue-campeon-con-universitario-para-el-torneo-clausura-2026-586508,213,6398,3.33%,2.95
https://www.futbolperuano.com/peru/elecciones-generales-2026-resultados-onpe-al-99859-de-segunda-vuelta-presidencial-589115,211,56377,0.37%,2.88
https://www.futbolperuano.com/liga-1/noticias/figura-de-universitario-se-rinde-ante-la-llegada-de-gianluca-lapadula-587857,210,8377,2.51%,2.55
https://www.futbolperuano.com/liga-3/noticias/la-liga-3-2026-suspendio-por-completo-los-partidos-de-la-zona-sur--grupo-d-debido-a-graves-denuncias-588276,210,2420,8.68%,4.8
https://www.futbolperuano.com/peru/elecciones-generales-2026-resultados-onpe-al-98254-de-segunda-vuelta-presidencial-587501,209,7514,2.78%,2.54
https://www.futbolperuano.com/liga-1/noticias/gianluca-lapadula-a-un-paso-de-universitario-los-detalles-de-su-contrato-587394,209,6906,3.03%,5.37
https://www.futbolperuano.com/en-vivo/copa-de-la-liga-adt-vs-alianza-universidad-en-vivo-588500,208,14842,1.4%,6.78
https://www.futbolperuano.com/liga-1/noticias/el-millonario-monto-que-alianza-lima-debera-pagar-a-chicho-salas-tras-un-historico-fallo-del-poder-judicial-586284,205,5724,3.58%,5.17
https://www.futbolperuano.com/liga-1/noticias/el-entorno-de-adrian-quiroz-lanzo-una-dura-advertencia-a-los-chankas-si-frustran-su-pase-a-universitario-587935,202,7116,2.84%,4.71
https://www.futbolperuano.com/liga-1/noticias/se-cayo-el-primer-refuerzo-de-universitario-de-deportes-586806,201,1593,12.62%,3.26
https://www.futbolperuano.com/liga-1/noticias/se-revela-el-futuro-de-jose-rivera-en-universitario-588580,199,3907,5.09%,2.86
https://www.futbolperuano.com/liga-3/noticias/liga-3-resultados-y-tabla-de-posiciones-de-la-fecha-1-de-la-fase-regional-585659,198,12004,1.65%,2.85
https://www.futbolperuano.com/en-vivo/copa-de-la-liga-binacional-vs-cusco-fc-en-vivo-588863,198,9726,2.04%,7.41
https://www.futbolperuano.com/liga-1/noticias/roberto-mosquera-a-apunta-a-su-primer-fichaje-en-sporting-cristal-exseleccionado-cerca-de-volver-a-la-liga-1-587351,197,4586,4.3%,2.98
https://www.futbolperuano.com/liga-1/noticias/universitario-pone-la-mira-en-seleccionado-nacional-para-reforzar-su-mediocampo-de-cara-al-clausura-586111,196,3106,6.31%,3.87
https://www.futbolperuano.com/peru/resultados-de-la-onpe-al-98-991-de-la-segunda-vuelta-presidencial-587966,195,14770,1.32%,3.07
https://www.futbolperuano.com/copa-de-la-liga/noticias/carlos-mannucci-vs-alianza-lima-en-vivo-por-la-copa-de-la-liga-588495,195,8660,2.25%,6.1
https://www.futbolperuano.com/mundial/noticias/mundial-que-partido-de-la-copa-del-mundo-dirigira-kevin-ortega-587211,195,5694,3.42%,5.74
https://www.futbolperuano.com/liga-1/noticias/universitario-recibe-inesperada-noticia-con-respecto-al-futuro-de-sekou-gasama-586919,193,6084,3.17%,3.09
https://www.futbolperuano.com/copa-peru/resultados,193,3756,5.14%,7.61
https://www.futbolperuano.com/liga-1/noticias/la-tabla-acumulada-de-la-liga-1-tras-la-resta-de-puntos-a-utc-de-cajamarca-586358,191,5760,3.32%,7.7
https://www.futbolperuano.com/copa-de-la-liga/noticias/cesar-vallejo-vs-alianza-lima-en-vivo-online-por-fecha-1-de-copa-de-la-liga-2026-587781,190,12533,1.52%,5.33
https://www.futbolperuano.com/liga-3/noticias/programacion-de-la-fecha-2-de-la-fase-regional-de-la-liga-3-586889,190,2592,7.33%,5.54
https://www.futbolperuano.com/peru/elecciones-generales-2026-resultados-onpe-al-96495-de-segunda-vuelta-presidencial-587180,189,5991,3.15%,2.77
https://www.futbolperuano.com/mas-deportes/tenis/ignacio-buse-debuta-en-queens-con-un-triunfazo-ante-giron-587986,187,6853,2.73%,5.21
https://www.futbolperuano.com/liga-3/noticias/liga-3-fechas-y-horarios-confirmados-de-la-fecha-1-de-la-fase-regional-2026-584190,187,5468,3.42%,4.5
https://www.futbolperuano.com/futbol-femenino/liga-femenina/liga-femenina-2026-resultados-y-tabla-de-posiciones-de-la-fecha-11-del-torneo-apertura-587468,187,4611,4.06%,5.76
https://www.futbolperuano.com/en-vivo/volleyball-nations-league-masculino--vnl-2026-brasil-vs-argentina-587828,186,6583,2.83%,6.02
https://www.futbolperuano.com/mundial/noticias/asi-marcha-la-tabla-de-posiciones-de-mejores-terceros-del-mundial-2026-589458,185,54513,0.34%,6.06
https://www.futbolperuano.com/liga-voley/copa-panamericana-sub-17-femenino/tabla-de-posiciones,185,12814,1.44%,5.82
https://www.futbolperuano.com/descentralizado/tabla-de-posiciones,185,12002,1.54%,8.74
https://www.futbolperuano.com/mundial/noticias/donde-ver-el-mundial-2026-en-peru-canales-y-plataformas-que-transmitiran-los-partidos-583401,184,13533,1.36%,9.45
https://www.futbolperuano.com/liga-3/noticias/juan-aurich-vs-cesar-vallejo-en-vivo-por-la-liga-3-589724,184,4890,3.76%,4.56
https://www.futbolperuano.com/liga-3/noticias/deportivo-lute-vs-juan-aurich-en-vivo-online-por-la-fecha-1-de-la-liga-3-2026-585913,184,4094,4.49%,5.33
https://www.futbolperuano.com/liga-1/resultados,181,24045,0.75%,9.59
https://www.futbolperuano.com/liga-1/noticias/un-futbolista-de-alianza-lima-esta-en-la-mira-de-un-equipo-europeo-586887,178,6905,2.58%,3.62
https://www.futbolperuano.com/en-vivo/copa-de-la-liga-alianza-lima-vs-alianza-atletico-en-vivo-589632,177,20580,0.86%,4.72
https://www.futbolperuano.com/liga-1/noticias/se-revelo-el-club-en-el-que-jugara-gianluca-lapadula-tras-descender-con-spezia-586522,177,6884,2.57%,5.44
https://www.futbolperuano.com/peruanos-en-el-exterior/noticias/deja-la-u-se-definio-el-futuro-de-alex-valera-tras-la-propuesta-de-america-de-cali-589804,177,4143,4.27%,2.77
https://www.futbolperuano.com/en-vivo/argentina-vs-peru-en-vivo-por-la-conmebol-liga-de-naciones-femenina-586661,176,99382,0.18%,4.92
https://www.futbolperuano.com/partidos-por-tv/liga-1-peru-torneo-apertura-t35,176,26569,0.66%,12.05
https://www.futbolperuano.com/copa-de-la-liga/noticias/universitario-vs-atletico-grau-en-vivo-online-por-fecha-3-de-copa-de-la-liga-2026-589461,175,8011,2.18%,4.92
https://www.futbolperuano.com/liga-1/noticias/fichajes-de-sport-huancayo-altas-y-bajas-para-el-torneo-clausura-2026-de-la-liga-1-2026-588558,174,4678,3.72%,4.43
https://www.futbolperuano.com/en-vivo/copa-de-la-liga-alianza-universidad-vs-union-minas-en-vivo-589566,173,6844,2.53%,6.55
https://www.futbolperuano.com/liga-1/noticias/universitario-contacto-a-gianluca-lapadula-la-sorpresiva-respuesta-del-bambino-586126,173,6254,2.77%,3.88
https://www.futbolperuano.com/futbol-playa/liga-sudamericana/tabla-de-posiciones,173,1180,14.66%,5
https://www.futbolperuano.com/en-vivo/copa-de-la-liga-union-comercio-vs-comerciantes-fc-en-vivo-588610,172,6339,2.71%,7.21
https://www.futbolperuano.com/partidos-por-tv/liga-2-peru-t36,171,9069,1.89%,9.19
https://www.futbolperuano.com/liga-1/noticias/el-principal-impedimento-para-que-gianluca-lapadula-no-firme-por-universitario-587235,171,4098,4.17%,2.69
https://www.futbolperuano.com/peru/resultados-de-la-onpe-al-99716-de-la-segunda-vuelta-presidencial-588955,170,59904,0.28%,2.83
https://www.futbolperuano.com/peru/mas-del-futbol-peruano/elecciones-generales-2026-resultados-de-la-onpe-al-99877-de-la-segunda-vuelta-presidencial-589276,169,20244,0.83%,2.96
https://www.futbolperuano.com/liga-1/noticias/universitario-de-deportes-confirmo-amistoso-internacional-con-millonarios-de-colombia-588406,169,11415,1.48%,2.69
https://www.futbolperuano.com/futbol-femenino/liga-femenina/las-llaves-de-cuartos-de-final-y-semifinales-de-la-liga-femenina-2026-587850,169,2267,7.45%,4.71
https://www.futbolperuano.com/partidos-por-tv/golperu-c4,167,12965,1.29%,10.39
https://www.futbolperuano.com/partidos-por-tv/noticias/programacion-de-partidos-por-tv-del-domingo-28-de-junio-del-2026-589726,166,14482,1.15%,5.38
https://www.futbolperuano.com/mas-deportes/tenis/ignacio-buse-debuta-con-triunfo-en-wimbledon-ante-emilio-nava-589841,166,9337,1.78%,4.06
https://www.futbolperuano.com/liga-1/noticias/utc-sufrio-la-perdida-de-puntos-por-deudas-contractuales-tras-duro-fallo-de-la-camara-de-disputas-de-la-fpf-586271,166,3595,4.62%,4.13
https://www.futbolperuano.com/liga-1/noticias/preocupacion-en-alianza-lima-se-revela-el-motivo-por-el-que-no-podria-sumar-refuerzos-para-el-torneo-clausura-589428,166,2515,6.6%,2.82
https://www.futbolperuano.com/liga-1/noticias/como-alineara-universitario-en-el-torneo-clausura-con-la-llegada-de-gianluca-lapadula-588939,166,2266,7.33%,4.09
https://www.futbolperuano.com/liga-voley/liga-naciones-masculino/resultados,165,10158,1.62%,8.18
https://www.futbolperuano.com/liga-1/noticias/universitario-el-detalle-por-el-que-aun-no-confirman-el-fichaje-de-adrian-quiroz-586742,165,7994,2.06%,4.55
https://www.futbolperuano.com/copa-de-la-liga/noticias/san-martin-vs-sport-boys-en-vivo-por-la-copa-de-la-liga-587551,165,6615,2.49%,6
https://www.futbolperuano.com/home/noticias/resultados-de-la-onpe-al-97366-de-la-segunda-vuelta-presidencial-587217,165,4555,3.62%,2.71
https://www.futbolperuano.com/peru/resultados-de-la-onpe-al-95163-de-la-segunda-vuelta-presidencial-587037,165,2889,5.71%,3.87
https://www.futbolperuano.com/futbol-de-menores/resultados-fecha-2-de-la-liga-nacional-juvenil-sub-18-y-tabla-de-posiciones-586705,164,3281,5%,7.09
https://www.futbolperuano.com/en-vivo/copa-de-la-liga-comerciantes-unidos-vs-juan-pablo-ii-en-vivo-589624,163,9571,1.7%,7.23
https://www.futbolperuano.com/liga-3/noticias/fecha-y-hora-del-union-huaral-vs-alianza-lima-por-la-liga-3-587095,162,4108,3.94%,5.22
https://www.futbolperuano.com/mundial/noticias/ecuador-vs-guatemala-en-vivo-online-en-un-amistoso-de-preparacion-al-mundial-2026-586829,161,31329,0.51%,3.55
https://www.futbolperuano.com/fichajes/fichajes-de-juan-pablo-ii-altas-y-bajas-para-el-torneo-clausura-2026-588217,159,1645,9.67%,3.81
https://www.futbolperuano.com/copa-de-la-liga/noticias/copa-de-la-liga-fecha-y-hora-del-debut-de-hernan-barcos-en-sporting-cristal-586885,158,4847,3.26%,4
https://www.futbolperuano.com/liga-1/noticias/alianza-lima-revelo-los-detalles-de-sus-fichajes-para-el-torneo-clausura-2026-584935,158,4572,3.46%,6.69
https://www.futbolperuano.com/copa-peru/noticias/las-llaves-de-los-cuartos-de-final-de-liga-provincial-de-chiclayo-en-copa-peru-2026-586451,158,2942,5.37%,5.57
https://www.futbolperuano.com/peruanos-en-el-exterior/noticias/felipe-chavez-recibe-inesperada-noticia-tras-volver-al-bayern-munich-y-dispara-su-valor-en-el-mercado-587773,157,1676,9.37%,3.7
https://www.futbolperuano.com/copa-de-la-liga/noticias/utc-vs-fc-cajamarca-en-vivo-por-la-copa-de-la-liga-589445,155,11926,1.3%,7.78
https://www.futbolperuano.com/liga-1/noticias/preocupacion-en-universitario-jose-carabali-podria-dejar-el-club-por-inesperado-motivo-589644,155,4269,3.63%,3.55
https://www.futbolperuano.com/mas-deportes/tenis/ignacio-buse-vence-a-stefanos-tsitsipas-en-el-atp-250-de-mallorca-588999,154,5792,2.66%,4.51
https://www.futbolperuano.com/liga-1/noticias/quienes-son-renzo-lopez-y-rodrigo-saravia-futbolistas-que-suenan-para-reforzar-a-universitario-586129,153,6333,2.42%,5.78
https://www.futbolperuano.com/futbol-femenino/liga-femenina/liga-femenina-2026-como-se-jugaran-los-partidos-de-la-fecha-11-del-torneo-apertura-586121,153,2433,6.29%,5.73
https://www.futbolperuano.com/liga-1/noticias/juan-pablo-ii-suma-a-sus-filas-a-un-campeon-con-alianza-lima-588035,152,2049,7.42%,4.11
https://www.futbolperuano.com/liga-3/noticias/programacion-de-la-fecha-4-de-la-fase-regional-de-la-liga-3-2026-589426,152,1835,8.28%,4.54
https://www.futbolperuano.com/liga-1/noticias/atletico-grau-sorprende-al-fichar-a-goleador-de-la-liga-1-587261,149,5348,2.79%,4.95
https://www.futbolperuano.com/copa-peru/noticias/resultados-de-fecha-4-de-liguilla-final-de-liga-provincial-de-arequipa-por-copa-peru-2026-588431,149,2274,6.55%,4.45
https://www.futbolperuano.com/en-vivo/volleyball-nations-league-femenino--vnl-2026-belgica-vs-brasil-588307,148,8833,1.68%,7.4
https://www.futbolperuano.com/liga-1/noticias/atletico-grau-pierde-su-primer-jugador-para-el-torneo-clausura-586421,148,2104,7.03%,5.31
https://www.futbolperuano.com/peru/resultados-de-la-onpe-al-98323-de-la-segunda-vuelta-presidencial-587700,147,6776,2.17%,5.16
https://www.futbolperuano.com/liga-1/noticias/esteban-rolon-entra-en-la-mira-de-universitario-para-el-torneo-clausura-2026-588257,147,3445,4.27%,2.75
https://www.futbolperuano.com/copa-peru/noticias/se-conformaron-los-grupos-liga-departamental-de-lambayeque-copa-peru-2026-588356,147,2175,6.76%,5.37
https://www.futbolperuano.com/peru/resultados-de-la-onpe-al-98552-de-la-segunda-vuelta-presidencial-587803,146,9704,1.5%,3.85
https://www.futbolperuano.com/partidos-por-tv/liga-1-primera-division-del-peru-t35,145,16387,0.88%,12.67
https://www.futbolperuano.com/copa-de-la-liga/noticias/adt-de-tarma-vs-alianza-universidad-en-vivo-por-la-copa-de-la-liga-588315,144,9717,1.48%,7.57
https://www.futbolperuano.com/liga-1/noticias/se-revelan-los-dos-futbolistas-que-volverian-al-once-de-universitario-con-hector-cuper-589375,143,2030,7.04%,2.66
https://www.futbolperuano.com/partidos-por-tv/latina-c20,142,4174,3.4%,6.97
https://www.futbolperuano.com/copa-peru/noticias/resultados-y-tablas-de-posiciones-de-etapa-departamental-de-puno-de-copa-peru-2026-588111,142,2104,6.75%,4.72
https://www.futbolperuano.com/liga-voley/liga-naciones-femenino/tabla-de-posiciones,140,6319,2.22%,7.89
https://www.futbolperuano.com/futbol-femenino/liga-femenina/alianza-lima-empata-en-arequipa-y-termina-sexto-en-la-liga-femenina-587652,137,10037,1.36%,3.66
https://www.futbolperuano.com/futbol-internacional/noticias/portugal-vs-chile-en-vivo-online-por-amistoso-internacional-previo-al-mundial-2026-586747,136,47310,0.29%,4.52
https://www.futbolperuano.com/futbol-de-menores/copa-federacion/copa-federacion-oro-2026-resultados-de-la-fecha-12-587011,136,3798,3.58%,4.38
https://www.futbolperuano.com/copa-de-la-liga/noticias/deportivo-garcilaso-vs-binacional-en-vivo-por-la-copa-de-la-liga-589780,135,9333,1.45%,8.65
https://www.futbolperuano.com/en-vivo/copa-de-la-liga-carlos-mannucci-vs-alianza-atletico-en-vivo-587615,135,6212,2.17%,6.89
https://www.futbolperuano.com/mundial/noticias/inglaterra-vs-rd-congo-en-vivo-por-el-mundial-2026-590051,134,69655,0.19%,5.98
https://www.futbolperuano.com/en-vivo/volleyball-nations-league-femenino--vnl-2026-francia-vs-brasil-588118,134,9452,1.42%,5.95
https://www.futbolperuano.com/copa-de-la-liga/noticias/copa-de-la-liga-a-que-hora-juegan-cesar-vallejo-vs-alianza-lima-587818,134,7292,1.84%,5.51
https://www.futbolperuano.com/liga-1/noticias/se-inauguro-el-nuevo-estadio-donde-se-disputara-la-liga-1-2026-586177,134,5345,2.51%,4.21
https://www.futbolperuano.com/futbol-de-menores/copa-federacion/oro/resultados,134,1694,7.91%,5.35
https://www.futbolperuano.com/futbol-de-menores/copa-desarrollo-oro/tabla-de-posiciones,134,432,31.02%,2.88
https://www.futbolperuano.com/liga-1/noticias/christian-cueva-definio-en-que-equipo-jugara-el-torneo-clausura-588072,133,4823,2.76%,5.3
https://www.futbolperuano.com/liga-3/noticias/union-huaral-vs-universitario-en-vivo-por-la-liga-3-589669,133,3565,3.73%,3.03
https://www.futbolperuano.com/futbol-de-menores/resultados-fecha-2-liga-nacional-juvenil-sub-16-y-tabla-de-posiciones-586697,133,1664,7.99%,6.42
https://www.futbolperuano.com/en-vivo/volleyball-nations-league-femenino--vnl-2026-republica-dominicana-vs-estados-unidos-588115,132,3705,3.56%,6.71
https://www.futbolperuano.com/peru/elecciones-generales-2026-resultados-onpe-al-99152-de-segunda-vuelta-presidencial-588137,131,24587,0.53%,2.8
https://www.futbolperuano.com/mas-deportes/tenis/ignacio-buse-vs-jenson-brooksby-fecha-hora-y-canal-de-wimbledon-2026-589960,130,8243,1.58%,3.97
https://www.futbolperuano.com/copa-de-la-liga/noticias/fc-cajamarca-vs-deportivo-llacuabamba-en-vivo-por-la-copa-de-la-liga-588601,130,6941,1.87%,7.62
https://www.futbolperuano.com/futbol-femenino/liga-femenina/tabla-de-posiciones,129,6316,2.04%,7.06
https://www.futbolperuano.com/liga-1/noticias/carlos-galvan-explota-contra-hector-cuper-tras-el-frustrado-regreso-de-raul-ruidiaz-a-universitario-587653,129,5184,2.49%,2.98
https://www.futbolperuano.com/peru/resultados-de-la-onpe-al-98223-de-la-segunda-vuelta-presidencial-587389,128,4799,2.67%,2.9
https://www.futbolperuano.com/copa-de-la-liga/noticias/resultados-y-tabla-de-posiciones-de-la-fecha-3-de-la-copa-de-la-liga-589416,127,5286,2.4%,5.41
https://www.futbolperuano.com/liga-1/noticias/adrian-quiroz-a-un-paso-de-universitario-representante-revela-cuando-se-confirmaria-su-fichaje-586090,126,8149,1.55%,3.47
https://www.futbolperuano.com/en-vivo/liga-3-ecosem-pasco-vs-uda-huancavelica-en-vivo-589797,126,2673,4.71%,4.37
https://www.futbolperuano.com/liga-3/noticias/la-liga-3-y-la-copa-peru-podrian-tener-transmisiones-gratuitas-mediante-un-nuevo-canal-oficial-583384,125,2118,5.9%,5.11
https://www.futbolperuano.com/segunda-division/tabla-de-posiciones,124,34440,0.36%,8.33
https://www.futbolperuano.com/en-vivo/copa-de-la-liga-deportivo-garcilaso-vs-binacional-en-vivo-589836,124,6806,1.82%,8.93
https://www.futbolperuano.com/liga-3/noticias/juan-aurich-concreto-el-ansiado-regreso-de-gustavo-vassallo-para-potenciar-su-proyecto-en-este-2026-586130,124,2848,4.35%,4.42
https://www.futbolperuano.com/en-vivo/mallorca-championships-2026-atp-250-ignacio-buse-vs-vit-kopriva-en-vivo-589132,123,9237,1.33%,5.27
https://www.futbolperuano.com/liga-3/noticias/fecha-y-hora-del-universitario-de-deportes-vs-sport-boys-por-la-liga-3-587107,122,12021,1.01%,3.97
https://www.futbolperuano.com/liga-2/resultados,122,7192,1.7%,8.63
https://www.futbolperuano.com/futbol-femenino/liga-femenina/sporting-cristal-vs-atletico-andahuaylas-en-vivo-online-por-la-semifinal-de-ida-del-torneo-apertura-de-la-liga-femenina-2026-589723,122,5540,2.2%,4.03
https://www.futbolperuano.com/copa-de-la-liga/noticias/alianza-universidad-vs-union-minas-en-vivo-online-por-fecha-3-de-copa-de-la-liga-2026-589449,121,9054,1.34%,7.29
https://www.futbolperuano.com/copa-de-la-liga/noticias/programacion-de-la-fecha-3-de-la-copa-de-la-liga-2026-589095,121,3811,3.18%,4.73
https://www.futbolperuano.com/partidos-por-tv/copa-peru-t156,121,2852,4.24%,5.99
https://www.futbolperuano.com/liga-1/noticias/alianza-lima-vencio-a-deportivo-moquegua-en-amistoso-de-preparacion-para-el-torneo-clausura-589705,120,4466,2.69%,3.58
https://www.futbolperuano.com/copa-de-la-liga/noticias/programacion-de-la-primera-fecha-de-la-fase-de-grupos-de-la-copa-de-la-liga-586185,120,4330,2.77%,6.39
https://www.futbolperuano.com/liga-1/noticias/la-respuesta-de-paolo-guerrero-tras-ser-consultado-sobre-el-fichaje-de-gianluca-lapadula-a-universitario-589249,119,2671,4.46%,4.11
https://www.futbolperuano.com/copa-peru/noticias/copa-peru-regatas-lima-conquisto-el-interligas-2026-y-liderara-la-representacion-de-la-capital-en-la-liga-departamental-589815,119,2597,4.58%,5.24
https://www.futbolperuano.com/futbol-femenino/liga-naciones-conmebol/resultados,118,9929,1.19%,9.28
https://www.futbolperuano.com/copa-de-la-liga/noticias/deportivo-moquegua-vs-bentin-tacna-en-vivo-online-por-fecha-2-de-copa-de-la-liga-2026-588657,118,7168,1.65%,7.27
https://www.futbolperuano.com/copa-peru/noticias/copa-peru-2026-la-etapa-provincial-de-chiclayo-definio-a-sus-semifinalistas-587802,118,3566,3.31%,5.26
https://www.futbolperuano.com/peruanos-en-el-exterior/noticias/piero-quispe-dejo-sydney-pero-ya-tiene-equipo-donde-entrenar-586369,118,3475,3.4%,6.18
https://www.futbolperuano.com/peru/elecciones-generales-2026-a-que-hora-sera-el-flash-electoral-de-segunda-vuelta-presidencial-586847,117,24793,0.47%,6.65
https://www.futbolperuano.com/en-vivo/copa-de-la-liga-fc-cajamarca-vs-utc-en-vivo-589532,117,7421,1.58%,7.48
https://www.futbolperuano.com/copa-de-la-liga/noticias/sport-huancayo-vs-adt-de-tarma-en-vivo-por-la-copa-de-la-liga-589454,117,6165,1.9%,7.49
https://www.futbolperuano.com/partidos-por-tv/noticias/programacion-de-partidos-por-tv-del-viernes-26-de-junio-del-2026-589401,116,20660,0.56%,4.55
https://www.futbolperuano.com/en-vivo/noticias/radios-fm-y-am-que-transmiten-partidos-de-futbol-en-peru-218752,116,4236,2.74%,6.21
https://www.futbolperuano.com/liga-3/noticias/ecosem-pasco-vs-uda-huancavelica-en-vivo-online-por-la-fecha-4-de-la-fase-regional-de-la-liga-3-2026-589706,116,1945,5.96%,3.44
https://www.futbolperuano.com/en-vivo/volleyball-nations-league--vnl-2026-brasil-vs-bulgaria-586796,114,9685,1.18%,6.73
https://www.futbolperuano.com/mundial/noticias/el-brasil-vs-japon-rememora-los-recuerdos-de-la-manga-de-supercampeones-589513,113,13150,0.86%,5.16
https://www.futbolperuano.com/futbol-de-menores/copa-federacion/copa-federacion-2026-programacion-de-partidos-del-30-y-31-de-mayo-585347,113,2268,4.98%,5.8
https://www.futbolperuano.com/copa-de-la-liga/noticias/los-chankas-vs-santos-en-vivo-por-la-copa-de-la-liga-589617,112,8585,1.3%,7.42
https://www.futbolperuano.com/copa-de-la-liga/noticias/juan-pablo-ii-vs-ada-de-jaen-en-vivo-por-la-copa-de-la-liga-588628,112,7665,1.46%,6.46
https://www.futbolperuano.com/en-vivo/copa-de-la-liga-sport-huancayo-vs-adt-en-vivo-589563,111,4984,2.23%,7.57
https://www.futbolperuano.com/futbol-de-menores/copa-federacion/copa-federacion-2026-programacion-de-partidos-del-04-al-08-de-junio-586489,111,2010,5.52%,5.66
https://www.futbolperuano.com/futbol-de-menores/copa-federacion/copa-federacion-2026-programacion-de-partidos-del-27-al-29-de-junio-589133,110,3558,3.09%,5.58
https://www.futbolperuano.com/liga-3/noticias/la-liga-3-cobra-su-primera-victima-asa-fc-se-quedo-sin-dt-586362,110,2457,4.48%,4.82
https://www.futbolperuano.com/liga-1/noticias/gianluca-lapadula-es-nuevo-jugador-de-universitario-para-el-torneo-clausura-587694,110,1763,6.24%,3.03
https://www.futbolperuano.com/futbol-femenino/liga-femenina/universitario-vs-alianza-lima-cuando-se-jugara-la-vuelta-de-las-semifinales-de-la-liga-femenina-2026-589730,109,5465,1.99%,2.58
https://www.futbolperuano.com/liga-1/noticias/jose-carabali-rompe-su-silencio-y-revela-si-dejara-universitario-para-el-torneo-clausura-589722,109,2586,4.22%,3.67
https://www.futbolperuano.com/peru/mas-del-futbol-peruano/album-3-reyes-sabes-que-aplicativo-necesitas-para-verlo-en-realidad-aumentada-184338,109,1677,6.5%,7.23
https://www.futbolperuano.com/liga-1/noticias/william-carvalho-es-la-gran-opcion-de-universitario-de-deportes-de-cara-al-torneo-clausura-586281,108,7151,1.51%,5.03
https://www.futbolperuano.com/mundial/noticias/oficialmente-arranco-el-mundial-2026-asi-fue-la-espectacular-inauguracion-en-mexico-que-paralizo-al-planeta-entero-587421,108,5623,1.92%,6.96
https://www.futbolperuano.com/mundial/noticias/cuantos-partidos-del-mundial-2026-transmitira-america-tv-579110,108,4169,2.59%,8.01
https://www.futbolperuano.com/liga-1/noticias/fichajes-en-la-liga-1-2026-altas-bajas-renovaciones-y-remores--en-vivo-551575,108,1567,6.89%,6.1
https://www.futbolperuano.com/futbol-de-menores/liga-nacional-juvenil-resultados-y-tabla-de-posiciones-en-la-jornada-1-del-torneo-juvenil-sub-16-585634,108,1394,7.75%,6.25
https://www.futbolperuano.com/liga-1/noticias/raul-ruidiaz-ya-no-volveria-a-universitario-cuper-sabe-que-hay-un-problema-con-algun-jugador-587056,107,3333,3.21%,2.96
https://www.futbolperuano.com/liga-3/noticias/liga-3-resultados-y-tabla-de-posiciones-de-la-fecha-3-de-la-fase-regional-588140,106,3975,2.67%,5.03
https://www.futbolperuano.com/copa-peru/noticias/copa-peru-resultados-y-tabla-de-posiciones-en-la-fecha-1-de-la-liguilla-final-de-la-liga-provincial-del-santa-586873,106,2850,3.72%,5.38
https://www.futbolperuano.com/copa-peru/noticias/los-dos-equipos-que-pueden-el-rival-de-municipal-en-la-copa-peru-2026-588798,106,2203,4.81%,5.4
https://www.futbolperuano.com/futbol-de-menores/copa-federacion/plata-promocional-serie-2/tabla-de-posiciones,106,2179,4.86%,5.98
https://www.futbolperuano.com/en-vivo/liga-femenina-2026-melgar-vs-alianza-lima-en-vivo-587562,105,11243,0.93%,3.74
https://www.futbolperuano.com/liga-voley/LNSV/tabla-de-posiciones,105,10746,0.98%,8.56
https://www.futbolperuano.com/en-vivo/liga-3-juan-aurich-vs-juventus-en-vivo-587853,105,3355,3.13%,4.38
https://www.futbolperuano.com/en-vivo/copa-de-la-liga-deportivo-llacuabamba-vs-utc-en-vivo-587901,104,6422,1.62%,7.79
https://www.futbolperuano.com/copa-de-la-liga/noticias/copa-de-la-liga-2026-clubes-fixture-y-todo-lo-que-necesitas-saber-583530,104,2865,3.63%,6.95
https://www.futbolperuano.com/copa-peru/noticias/copa-peru-se-confirmaron-los-clasificados-de-trujillo-a-la-etapa-departamental-586038,104,2165,4.8%,5.53
https://www.futbolperuano.com/futbol-femenino/liga-femenina/se-oficializo-el-fixture-de-la-liga-femenina-2026-y-el-formato-de-competencia-567603,104,1122,9.27%,5.08
https://www.futbolperuano.com/liga-voley/la-francesa-maeva-orle-fue-presentada-en-su-nuevo-equipo-586219,103,5367,1.92%,4.94
https://www.futbolperuano.com/liga-3/noticias/liga-peruana-se-jugo-en-un-estadio-con-mas-altitud-que-el-alto-de-bolivia-586120,103,2881,3.58%,6.68
https://www.futbolperuano.com/partidos-por-tv/noticias/programacion-de-hoy-lunes-29-de-junio-de-2026-horarios-del-futbol-en-vivo-por-television-en-el-peru-589799,102,6734,1.51%,5.46
https://www.futbolperuano.com/partidos-por-tv/atv-c24,102,2821,3.62%,7.15
https://www.futbolperuano.com/copa-de-la-liga/noticias/pirata-fc-vs-universitario-en-vivo-por-la-copa-de-la-liga-2026-587420,101,9435,1.07%,6.55
https://www.futbolperuano.com/peru/mas-del-futbol-peruano/elecciones-generales-2026-resultados-de-la-onpe-al-95829-de-la-segunda-vuelta-presidencial-entre-keiko-fujimori-y-roberto-sanchez-587053,101,6958,1.45%,7.87
https://www.futbolperuano.com/liga-1/noticias/hernan-barcos-definio-su-futuro-para-el-torneo-clausura-de-la-liga-1-2026-586049,100,3992,2.51%,3.83
https://www.futbolperuano.com/futbol-femenino/liga-naciones-conmebol/argentina-vs-peru-en-vivo-por-la-liga-de-nacionales-femenina-586548,99,29045,0.34%,5.51
https://www.futbolperuano.com/liga-1/,99,13374,0.74%,7.65
https://www.futbolperuano.com/en-vivo/copa-de-la-liga-estudiantil-cni-vs-union-comercio-en-vivo-587922,99,7190,1.38%,8.04
https://www.futbolperuano.com/copa-de-la-liga/,99,6545,1.51%,8.57
https://www.futbolperuano.com/copa-de-la-liga/noticias/resultados-y-tabla-de-posiciones-de-la-fecha-2-de-la-copa-de-la-liga-588330,99,3393,2.92%,6.11
https://www.futbolperuano.com/copa-peru/noticias/el-nuevo-campeon-de-la-liga-provincial-de-chiclayo-en-la-copa-peru-2026-588917,99,1430,6.92%,4.78
https://www.futbolperuano.com/seleccion/noticias/seleccion-peruana-el-once-que-probo-mano-menezes-para-enfrentar-a-haiti-586526,98,5653,1.73%,7.14
https://www.futbolperuano.com/en-vivo/copa-de-la-liga-alianza-universidad-vs-sport-huancayo-en-vivo-587623,98,5378,1.82%,7.79
https://www.futbolperuano.com/liga-1/noticias/universitario-de-deportes-definio-el-futuro-de-jose-rivera-589009,98,3538,2.77%,3.86
https://www.futbolperuano.com/peru/clubes/bentin-tacna-heroica/,98,2860,3.43%,5.77
https://www.futbolperuano.com/peruanos-en-el-exterior/noticias/pese-al-interes-de-universitario-piero-quispe-tendria-negociaciones-avanzadas-con-tradicional-club-mexicano-586082,98,2636,3.72%,4.16
https://www.futbolperuano.com/copa-peru/noticias/los-equipos-historicos-eliminados-en-la-etapa-provincial-copa-peru-2026-588886,98,1508,6.5%,4.52
https://www.futbolperuano.com/liga-1/noticias/programacion-de-la-primera-fecha-del-torneo-clausura-2026-588095,97,3480,2.79%,5.17
https://www.futbolperuano.com/liga-1/noticias/alianza-lima-santiago-arias-no-llegara-a-matute-para-el-torneo-clausura-586898,96,8444,1.14%,7.12
https://www.futbolperuano.com/copa-peru/noticias/de-la-bundesliga-a-la-copa-peru-juventud-bellavista-suma-un-refuerzo-de-lujo-589460,96,2420,3.97%,5.31
https://www.futbolperuano.com/liga-1/noticias/alianza-lima-sufre-inesperada-salida-previo-al-inicio-del-torneo-clausura-588395,96,2359,4.07%,4.64
https://www.futbolperuano.com/futbol-de-menores/liga-nacional-juvenil/tabla-de-posiciones,96,575,16.7%,5.39
https://www.futbolperuano.com/liga-1/noticias/fichajes-de-utc-de-cajamarca-altas-bajas-y-rumores-para-el-torneo-clausura-588344,95,1264,7.52%,5.95
https://www.futbolperuano.com/copa-peru/noticias/se-oficializan-los-primeros-clasificados-a-la-etapa-departamental-copa-peru-2026-585307,94,2868,3.28%,5.84
https://www.futbolperuano.com/radio/,94,2735,3.44%,7.22
https://www.futbolperuano.com/en-vivo/amistoso-previo-al-mundial-2026-haiti-vs-peru-en-vivo-586656,93,13571,0.69%,4.59
https://www.futbolperuano.com/mundial/noticias/ovni-en-partido-entre-brasil-y-escocia-del-mundial-2026-589186,93,2896,3.21%,4.12
https://www.futbolperuano.com/fichajes/fichajes-de-cienciano-en-el-2026-altas-bajas-renovaciones-y-rumores-552719,93,2280,4.08%,4.01
https://www.futbolperuano.com/en-vivo/copa-de-la-liga-estudiantil-cni-vs-sporting-cristal-en-vivo-588624,92,6694,1.37%,4.24
https://www.futbolperuano.com/liga-voley/a-que-hora-juega-brasil-en-la-liga-de-naciones-femenina-2026-586337,91,7547,1.21%,7.02
https://www.futbolperuano.com/liga-voley/fixture-de-la-copa-latina-2026-con-la-participacion-de-peru-argentina-y-venezuela-588489,91,5044,1.8%,6.68
https://www.futbolperuano.com/copa-de-la-liga/noticias/ucv-vs-carlos-mannucci-en-vivo-online-por-la-fecha-3-del-grupo-a-de-la-copa-de-la-liga-2026-589713,91,4249,2.14%,6.41
https://www.futbolperuano.com/liga-1/noticias/universitario-revela-el-dorsal-que-utilizara-gianluca-lapadula-589400,91,2388,3.81%,3.03
https://www.futbolperuano.com/partidos-por-tv/noticias/programacion-de-partidos-por-tv-del-miercoles-10-de-junio-del-2026-587129,90,4764,1.89%,3.4
https://www.futbolperuano.com/liga-1/noticias/sport-boys-esta-a-punto-de-fichar-a-un-delantero-argentino-para-el-torneo-clausura-586654,90,1772,5.08%,5.5
https://www.futbolperuano.com/seleccion/noticias/peru-vs-haiti-en-vivo-online-por-amistoso-internacional-586568,89,19711,0.45%,5.79
https://www.futbolperuano.com/liga-voley/liga-naciones-masculino/tabla-de-posiciones,89,7106,1.25%,8.3
https://www.futbolperuano.com/copa-de-la-liga/noticias/estudiantil-cni-vs-union-comercio-en-vivo-online-por-fecha-1-de-copa-de-la-liga-2026-587831,89,6852,1.3%,6.75
https://www.futbolperuano.com/partidos-por-tv/noticias/programacion-de-partidos-por-tv-del-sabado-06-de-junio-del-2026-586711,89,5201,1.71%,3.13
https://www.futbolperuano.com/liga-1/noticias/marco-saravia-en-la-mira-de-un-grande-del-futbol-peruano-sporting-cristal-o-universitario-586648,89,2211,4.03%,5.38
https://www.futbolperuano.com/copa-peru/noticias/copa-peru-2026-resultados-y-tabla-de-posiciones-de-la-etapa-departamental-de-ayacucho-588967,89,2134,4.17%,4.75
https://www.futbolperuano.com/en-vivo/copa-de-la-liga-carlos-mannucci-vs-alianza-lima-en-vivo-588603,88,9361,0.94%,6.77
https://www.futbolperuano.com/copa-de-la-liga/noticias/fecha-y-hora-del-pirata-fc-vs-universitario-de-deportes-por-la-copa-de-la-liga-586392,88,5414,1.63%,6.49
https://www.futbolperuano.com/partidos-por-tv/noticias/programacion-de-hoy-miercoles-1-de-julio-de-2026-horarios-del-futbol-en-vivo-por-television-en-el-peru-590016,88,4393,2%,4.48
https://www.futbolperuano.com/futbol-de-menores/,88,650,13.54%,5.19
https://www.futbolperuano.com/liga-1/noticias/universitario-suma-un-nuevo-refuerzo-para-pelear-por-el-titulo-en-el-torneo-clausura-2026-587854,87,1633,5.33%,3.86
https://www.futbolperuano.com/partidos-por-tv/claro-c6,86,8138,1.06%,8.11
https://www.futbolperuano.com/copa-de-la-liga/noticias/ayacucho-fc-vs-los-chankas-en-vivo-por-la-copa-de-la-liga-587744,86,7985,1.08%,8.72
https://www.futbolperuano.com/liga-2/noticias/liga-2-2026-se-realizo-el-sorteo-del-fixture-del-torneo-de-ascenso-que-reunira-a-18-equipos-en-busca-de-llegar-a-la-liga-1-573240,86,1317,6.53%,5.97
https://www.futbolperuano.com/mundial/noticias/mundial-2026-cruces-fechas-y-estadios-de-los-16vos-de-final-de-la-copa-del-mundo-589282,85,10561,0.8%,4.83
https://www.futbolperuano.com/en-vivo/copa-de-la-liga-deportivo-moquegua-vs-bentin-tacna-en-vivo-588621,85,7320,1.16%,6.59
https://www.futbolperuano.com/copa-de-la-liga/noticias/alianza-lima-vs-alianza-atletico-en-vivo-por-la-copa-de-la-liga-589709,85,2670,3.18%,6
https://www.futbolperuano.com/copa-peru/noticias/los-que-deben-pagar-los-clasificados-a-la-etapa-departamental-copa-peru-2026-589064,85,2088,4.07%,4.51
https://www.futbolperuano.com/liga-3/noticias/fixture-de-ecosem-pasco-para-la-temporada-2026-de-la-liga-3-584850,85,794,10.71%,4.36
https://www.futbolperuano.com/futbol-de-menores/copa-desarrollo-oro/resultados,85,434,19.59%,3.97
https://www.futbolperuano.com/peru/clubes/universitario/,84,57672,0.15%,7.65
https://www.futbolperuano.com/mundial/noticias/canada-vs-sudafrica-en-vivo-por-el-mundial-2026-589720,84,20490,0.41%,9.71
https://www.futbolperuano.com/en-vivo/volleyball-nations-league--vnl-2026-bulgaria-vs-turquia-586920,84,5918,1.42%,7.6
https://www.futbolperuano.com/liga-1/noticias/alex-valera-recibio-propuesta-del-extranjero-y-podria-dejar-universitario-de-deportes-588868,84,5626,1.49%,3.95
https://www.futbolperuano.com/en-vivo/liga-femenina-2026-alianza-lima-vs-universitario-en-vivo-589638,84,3962,2.12%,5.78
https://www.futbolperuano.com/copa-de-la-liga/noticias/ada-de-jaen-sorprendio-a-sus-hinchas-y-anuncio-a-su-nuevo-refuerzo-587220,84,3286,2.56%,8.02
https://www.futbolperuano.com/liga-voley/donde-y-cuando-se-jugara-la-copa-sudamericana-de-voleibol-masculino-586346,84,2488,3.38%,6.39
https://www.futbolperuano.com/liga-voley/universitario-de-deportes-suma-experiencia-en-ataque-para-la-liga-peruana-de-voley-586442,84,1866,4.5%,3.9
https://www.futbolperuano.com/mundial/noticias/programacion-completa-de-los-16avos-de-final-del-mundial-2026-589748,83,6626,1.25%,6.46
https://www.futbolperuano.com/liga-2/noticias/se-confirmo-el-canal-que-transmitira-los-partidos-de-la-liga-2-574855,83,1237,6.71%,6.17
https://www.futbolperuano.com/mundial/noticias/corea-del-sur-vs-republica-checa-en-vivo-por-el-mundial-2026-587262,82,13076,0.63%,9.98
https://www.futbolperuano.com/liga-1/noticias/universitario-estaria-cerca-de-perder-a-otro-de-sus-titulares-para-el-torneo-clausura-2026-590025,82,718,11.42%,2.41
https://www.futbolperuano.com/futbol-internacional/brasil/serie-b/tabla-de-posiciones,81,67688,0.12%,9.47
https://www.futbolperuano.com/seleccion/noticias/seleccion-peruana-que-canales-transmitiran-el-amistoso-ante-haiti-586503,81,14181,0.57%,4.96
https://www.futbolperuano.com/liga-voley/resultados-y-tabla-de-posiciones-de-la-liga-de-naciones-de-voleibol-femenino-586207,81,7931,1.02%,8.08
https://www.futbolperuano.com/en-vivo/copa-de-la-liga-cesar-vallejo-vs-carlos-mannucci-en-vivo-589633,81,4896,1.65%,7.1
https://www.futbolperuano.com/mas-deportes/tenis/ignacio-buse-quedo-eliminado-del-atp-250-de-mallorca-589141,81,4439,1.82%,5.3
https://www.futbolperuano.com/liga-1/noticias/papa-de-renato-tapia-aclara-su-futuro-revela-si-jugara-en-alianza-lima-587082,81,3440,2.35%,3.26
https://www.futbolperuano.com/liga-1/noticias/mundialista-sorprende-y-deja-alianza-atletico-en-la-previa-del-torneo-clausura-589870,81,2858,2.83%,3.97
https://www.futbolperuano.com/copa-peru/noticias/el-nuevo-torneo-peruano-que-lo-jugaran-los-campeones-y-de-mayor-tradicion-583651,81,1816,4.46%,6.17
https://www.futbolperuano.com/en-vivo/mallorca-championships-2026-atp-250-ignacio-buse-vs-stefanos-tsitsipas-en-vivo-588992,80,10270,0.78%,4.49
https://www.futbolperuano.com/mundial/noticias/nuevo-escandalo-en-el-mundial-2026-la-fifa-veto-la-camiseta-de-haiti-a-tres-dias-de-su-debut-587306,80,3477,2.3%,5.4
https://www.futbolperuano.com/liga-1/noticias/jeriel-de-santis-se-va-de-arequipa-sin-pena-ni-gloria-586817,80,980,8.16%,5.19
https://www.futbolperuano.com/en-vivo/copa-de-la-liga-union-minas-vs-sport-huancayo-en-vivo-588617,79,4002,1.97%,7.05
https://www.futbolperuano.com/liga-voley/resultados-y-tabla-de-posiciones-de-la-copa-panamericana-sub-17-585152,79,3483,2.27%,7.65
https://www.futbolperuano.com/mundial/noticias/mundial-2026-horarios-y-canales-para-ver-en-peru-los-partidos-de-hoy-en-el-inicio-de-la-copa-del-mundo-587371,78,16401,0.48%,8.28
https://www.futbolperuano.com/partidos-por-tv/noticias/programacion-de-hoy-sabado-27-de-junio-de-2026-horarios-del-futbol-en-vivo-por-television-en-el-peru-589611,78,4433,1.76%,5.13
https://www.futbolperuano.com/liga-voley/esmeralda-sanchez-se-aleja-de-la-seleccion-peruana-de-voley-586437,78,2395,3.26%,4.87
https://www.futbolperuano.com/copa-peru/noticias/el-camino-de-deportivo-municipal-en-la-copa-peru-2026-585167,77,1091,7.06%,4.29
https://www.futbolperuano.com/radio/radio-corporacion-cerro-de-pasco-4352,76,8892,0.85%,7.18
https://www.futbolperuano.com/liga-1/noticias/roberto-mosquera-fue-oficializado-como-nuevo-entrenador-de-sporting-cristal-para-salvar-el-descenso-en-la-liga-1-587019,76,6814,1.12%,3.51
https://www.futbolperuano.com/copa-peru/noticias/tradicional-equipo-vuelve-a-una-etapa-departamental-de-copa-peru-586226,76,2573,2.95%,5.63
https://www.futbolperuano.com/en-vivo/amistoso-previo-al-mundial-2026-marruecos-vs-noruega-en-vivo-586768,75,14474,0.52%,4.73
https://www.futbolperuano.com/peruanos-en-el-exterior/noticias/fabio-gruber-el-millonario-monto-que-desembolso-mainz-05-por-su-fichaje-587769,75,3204,2.34%,5.13
https://www.futbolperuano.com/partidos-por-tv/noticias/programacion-de-hoy-domingo-7-de-junio-de-2026-horarios-del-futbol-en-vivo-por-television-en-el-peru-586840,75,1621,4.63%,6.07
https://www.futbolperuano.com/copa-peru/noticias/copa-peru-2026-resultados-de-los-partidos-de-la-fecha-3-de-la-liguilla-final-de-la-liga-provincial-de-arequipa-587951,75,1511,4.96%,4.24
https://www.futbolperuano.com/mundial/noticias/mundial-2026-programacion-de-dsports-america-tv-y-disney-para-todo-el-peru-586699,74,5464,1.35%,7.2
https://www.futbolperuano.com/futbol-femenino/liga-femenina/programacion-de-semifinales-del-torneo-apertura-de-liga-femenina-2026-588885,74,1800,4.11%,4.99
https://www.futbolperuano.com/en-vivo/amistoso-previo-al-mundial-2026-francia-vs-irlanda-del-norte-en-vivo-586957,73,39185,0.19%,4.6
https://www.futbolperuano.com/futbol-de-menores/copa-federacion/copa-federacion-oro-2026-resultados-de-la-fecha-11-586134,73,3205,2.28%,4.09
https://www.futbolperuano.com/liga-1/noticias/bombazo-en-universitario-sekou-gassama-se-va-de-ate-y-libera-el-cupo-de-extranjero-mas-esperado-587298,73,2805,2.6%,5.73
https://www.futbolperuano.com/mundial/noticias/que-partidos-del-mundial-2026-se-jugaran-hoy-domingo-14-de-junio-y-que-canales-los-transmitiran-en-vivo-587823,72,9413,0.76%,5.47
https://www.futbolperuano.com/en-vivo/liga-femenina-2026-alianza-lima-vs-yanapuma-en-vivo-588615,72,3148,2.29%,3.91
https://www.futbolperuano.com/liga-1/noticias/gianluca-lapadula-sorprende-al-revelar-el-motivo-por-el-que-eligio-a-universitario-589385,72,1961,3.67%,3.95
https://www.futbolperuano.com/liga-1/goleadores,71,5375,1.32%,5.45
https://www.futbolperuano.com/partidos-por-tv/noticias/programacion-de-partidos-por-tv-del-jueves-04-de-junio-del-2026-586406,71,4284,1.66%,4.48
https://www.futbolperuano.com/liga-1/noticias/el-chorri-palacios-aprobo-el-fichaje-de-hernan-barcos-a-sporting-cristal-586541,71,3838,1.85%,2.95
https://www.futbolperuano.com/liga-voley/convocadas-a-la-seleccion-peruana-de-voley-para-la-copa-latina-2026-589432,71,3363,2.11%,6.16
https://www.futbolperuano.com/liga-1/noticias/sporting-cristal-esta-muy-cerca-de-concretar-su-primer-refuerzo-extranjero-para-el-torneo-clausura-2026-586073,71,1024,6.93%,4.25
https://www.futbolperuano.com/liga-3/noticias/paolo-hurtado-reaparecio-en-la-liga-3-2026-con-un-hat-trick-586371,70,2310,3.03%,6.3
https://www.futbolperuano.com/liga-1/noticias/sporting-cristal-oficializo-situacion-de-roberto-mosquera-586979,70,2188,3.2%,3.2
https://www.futbolperuano.com/liga-1/noticias/universitario-intensifica-conversaciones-para-fichar-a-gianluca-lapadula-586736,70,1861,3.76%,3.14
https://www.futbolperuano.com/liga-1/noticias/sport-boys-era-la-prioridad-de-jean-deza-pero-un-nuevo-ampay-arruino-su-fichaje-en-la-liga-1-587478,69,3279,2.1%,6.57
https://www.futbolperuano.com/copa-peru/noticias/copa-peru-2026-resultados-y-tabla-de-posiciones-en-la-fecha-5-de-la-liga-provincial-de-trujillo-582957,69,526,13.12%,4.05
https://www.futbolperuano.com/copa-de-la-liga/noticias/carlos-mannucci-vs-alianza-atletico-en-vivo-por-la-copa-de-la-liga-587561,68,4268,1.59%,8.61
https://www.futbolperuano.com/futbol-playa/conmebol-liga-evolucion-de-futbol-playa-2026-fixture-de-peru-586287,68,1795,3.79%,5.41
https://www.futbolperuano.com/copa-peru/noticias/historicos-equipos-se-retiran-de-la-copa-peru-2026-588163,68,1680,4.05%,3.49
https://www.futbolperuano.com/en-vivo/mundial-2026-qatar-vs-suiza-en-vivo-587582,67,13938,0.48%,9.14
https://www.futbolperuano.com/en-vivo/liga-nacional-juvenil-sub-18-alianza-lima-vs-universitario-en-vivo-589182,67,4936,1.36%,2.87
https://www.futbolperuano.com/mundial/pronosticos/,67,2521,2.66%,9.84
https://www.futbolperuano.com/liga-3/noticias/jose-maria-arguedas-queda-excluido-de-la-liga-3-2026-589699,67,1191,5.63%,4.24
https://www.futbolperuano.com/copa-peru/noticias/los-clasificados-de-la-liga-provincial-de-piura-a-la-etapa-departamental-copa-peru-2026-588087,67,1152,5.82%,4.27
https://www.futbolperuano.com/en-vivo/mundial-2026-argentina-vs-jordania-en-vivo-589609,66,27656,0.24%,3.59
https://www.futbolperuano.com/liga-1/noticias/cusco-fc-fichajes-y-bajas-en-el-plantel-para-el-torneo-clausura-2026-588662,66,1996,3.31%,7.18
https://www.futbolperuano.com/liga-3/noticias/alianza-lima-vs-universitario-en-vivo-online-por-fecha-1-de-la-liga-3-2026-585888,65,4703,1.38%,5.96
https://www.futbolperuano.com/partidos-por-tv/movistar-peru-c9,65,3719,1.75%,8.64
https://www.futbolperuano.com/mundial/noticias/alexander-robertson-rechazo-jugador-por-la-seleccion-peruana-para-jugar-el-mundial-2026-y-australia-ni-siquiera-lo-convoco-586104,65,2744,2.37%,5.73
https://www.futbolperuano.com/liga-1/noticias/los-chankas-fichajes-y-bajas-en-el-plantel-para-el-torneo-clausura-2026-588413,65,2658,2.45%,7.43
https://www.futbolperuano.com/en-vivo/torneo-atp-queens-club-2026-ignacio-buse-vs-brandon-nakashima-en-vivo-588144,64,13281,0.48%,4.8
https://www.futbolperuano.com/copa-peru/noticias/las-llaves-de-fase-5-del-interligas-de-lima-de-copa-peru-2026-587498,64,6315,1.01%,2.45
https://www.futbolperuano.com/en-vivo/chile-vs-ecuador-por-la-conmebol-liga-de-naciones-femenina-586738,64,3450,1.86%,3.88
https://www.futbolperuano.com/liga-1/noticias/cristian-neira-deja-atletico-grau-y-regresa-a-alianza-lima-para-el-torneo-clausura-588752,64,2943,2.17%,5.48
https://www.futbolperuano.com/liga-1/noticias/javier-rabanal-podria-volver-al-futbol-peruano-para-llegar-a-cusco-fc-tras-su-abrupta-salida-de-universitario-586301,64,2520,2.54%,4.69
https://www.futbolperuano.com/liga-1/noticias/melgar-sorprende-a-sus-hinchas-y-se-refuerza-con-un-central-argentino-589017,64,1670,3.83%,2.96
https://www.futbolperuano.com/liga-1/noticias/atletico-grau-pierde-su-segundo-jugador-extranjero-para-el-torneo-clausura-586998,63,925,6.81%,6.58
https://www.futbolperuano.com/copa-peru/noticias/resultados-fecha-1-de-la-liga-departamental-piura-por-la-copa-peru-2026-589820,63,714,8.82%,3.93
https://www.futbolperuano.com/mundial/noticias/bosnia-vs-qatar-en-vivo-por-el-mundial-2026-589066,62,17913,0.35%,10.09
https://www.futbolperuano.com/peru/clubes/alianza-universidad-huanuco/,62,7352,0.84%,8.15
https://www.futbolperuano.com/copa-peru/noticias/historico-equipo-esta-al-borde-de-quedar-eliminado-de-la-copa-peru-2026-587369,62,3156,1.96%,5.32
https://www.futbolperuano.com/liga-1/noticias/la-insolita-razon-por-la-que-miguel-silveira-no-se-ha-desvinculado-hasta-el-momento-de-universitario-588588,62,2448,2.53%,2.55
https://www.futbolperuano.com/fichajes/fichajes-de-alianza-atletico-altas-y-bajas-para-el-torneo-clausura-2026-588231,62,2046,3.03%,5.33
https://www.futbolperuano.com/futbol-internacional/noticias/lionel-messi-y-la-historia-jamas-contada-de-su-primera-vez-en-lima-279207,62,632,9.81%,3.96
https://www.futbolperuano.com/en-vivo/amistoso-previo-al-mundial-2026-argentina-vs-islandia-en-vivo-587020,61,19187,0.32%,2.98
https://www.futbolperuano.com/en-vivo/liga-2-pirata-fc-vs-deportivo-llacuabamba-en-vivo-585795,61,6139,0.99%,9.18
https://www.futbolperuano.com/partidos-por-tv/paramount-c86,61,4363,1.4%,6.63
https://www.futbolperuano.com/peru/como-saber-si-cambiaron-mi-local-de-votacion-en-la-segunda-vuelta-586244,61,2990,2.04%,4.03
https://www.futbolperuano.com/peruanos-en-el-exterior/noticias/nolberto-solano-hace-historia-pakistan-clasifico-a-una-final-luego-de-unos-largos-64-anos-586936,61,2893,2.11%,6.46
https://www.futbolperuano.com/mundial/noticias/espana-recibe-un-duro-golpe-antes-de-los-16avos-del-mundial-2026-nico-williams-preocupa-tras-grave-lesion-589812,61,1383,4.41%,2.38
https://www.futbolperuano.com/liga-3/noticias/valle-sagrado-vs-nacional-fbc-en-vivo-online-por-fecha-2-de-la-liga-3-2026-587487,61,1083,5.63%,4.71
https://www.futbolperuano.com/liga-1/noticias/fichajes-de-atletico-grau-altas-y-bajas-para-el-torneo-clausura-2026-588342,61,782,7.8%,6.05
https://www.futbolperuano.com/peru/clubes/fbc-melgar/,60,12659,0.47%,8.04
https://www.futbolperuano.com/liga-1/noticias/jugadores-de-universitario-de-deportes-acusados-de-hacer-las-alineaciones-587269,60,3612,1.66%,3.05
https://www.futbolperuano.com/peruanos-en-el-exterior/noticias/el-mas-cotizado-erick-noriega-consigue-historico-valor-y-ya-es-el-peruano-mas-caro-585926,59,3698,1.6%,6.24
https://www.futbolperuano.com/futbol-de-menores/copa-federacion/copa-federacion-oro-2026-alianza-lima-amplia-su-ventaja-tras-la-fecha-13-587948,59,3047,1.94%,3.37
https://www.futbolperuano.com/futbol-de-menores/resultados-fecha-4-liga-nacional-juvenil-sub-16-y-tabla-de-posiciones-588123,59,1058,5.58%,5.58
https://www.futbolperuano.com/mas-deportes/tenis/fecha-hora-y-canal-de-transmision-del-debut-de-ignacio-buse-en-wimbledon-2026-589789,58,3267,1.78%,4.67
https://www.futbolperuano.com/liga-1/noticias/con-el-tunche-rivera-como-moneda-de-cambio-universitario-pone-la-mira-en-promesa-de-sporting-cristal-587630,58,2468,2.35%,3.63
https://www.futbolperuano.com/liga-1/noticias/universitario-llego-a-un-acuerdo-con-matheus-uribe-pero-por-que-aun-no-se-cierra-su-fichaje-588567,58,1027,5.65%,3.85
https://www.futbolperuano.com/futbol-de-menores/copa-federacion/plata/resultados,58,955,6.07%,5.61
https://www.futbolperuano.com/futbol-de-menores/fpf-anuncia-la-liga-nacional-juvenil-y-el-sorteo-del-fixture-marca-el-inicio-de-un-proyecto-clave-para-el-futbol-peruano-580898,58,528,10.98%,5.51
https://www.futbolperuano.com/mundial/noticias/canada-vs-qatar-en-vivo-por-el-mundial-2026-588248,57,12769,0.45%,7.85
https://www.futbolperuano.com/en-vivo/uruguay-vs-venezuela-por-la-conmebol-liga-de-naciones-femenina-587135,57,5019,1.14%,4.74
https://www.futbolperuano.com/en-vivo/wimbledon-2026-ignacio-buse-vs-emilio-nava-en-vivo-589837,57,2324,2.45%,5.54
https://www.futbolperuano.com/copa-peru/noticias/llaves-de-octavos-de-final-de-liga-provincial-de-chiclayo-en-copa-peru-2026-586091,57,1405,4.06%,6.53
https://www.futbolperuano.com/liga-1/noticias/sporting-cristal-confirmo-la-partida-del-entrenador-brasileno-ze-ricardo-586657,57,1349,4.23%,2.83
https://www.futbolperuano.com/copa-peru/noticias/tension-en-canete-para-definir-a-sus-clasificados-a-la-etapa-departamental-copa-peru-2026-587914,57,1174,4.86%,5.71
https://www.futbolperuano.com/futbol-de-menores/copa-federacion/,57,1164,4.9%,5.3
https://www.futbolperuano.com/futbol-de-menores/liga-nacional-juvenil-resultados-y-tabla-de-posiciones-en-la-jornada-1-del-torneo-juvenil-sub-18-585631,57,1018,5.6%,6.84
https://www.futbolperuano.com/mundial/noticias/nueva-zelanda-vs-egipto-en-vivo-por-el-mundial-2026-588713,56,12879,0.43%,8.65
https://www.futbolperuano.com/en-vivo/volleyball-nations-league-masculino--vnl-2026-brasil-vs-serbia-587712,56,4603,1.22%,6.81
https://www.futbolperuano.com/liga-1/noticias/gianluca-lapadula-o-raul-ruidiaz-solo-uno-llegara-a-universitario-de-deportes-586965,56,3958,1.41%,3.18
https://www.futbolperuano.com/copa-libertadores/noticias/alianza-lima-guillermo-viscarra-en-la-mira-de-club-que-disputa-la-copa-libertadores-586876,56,3820,1.47%,6.03
https://www.futbolperuano.com/en-vivo/mundial-2026-australia-vs-turquia-en-vivo-587586,56,2965,1.89%,8.3
https://www.futbolperuano.com/copa-peru/noticias/liga-provincial-de-cajamarca-4-equipos-aspiran-a-llegar-etapa-departamental-copa-peru-2026-586600,56,2868,1.95%,7.18
https://www.futbolperuano.com/liga-1/noticias/paolo-guerrero-y-su-posible-compra-de-acreencias-de-alianza-lima-588207,56,2259,2.48%,3.31
https://www.futbolperuano.com/liga-1/noticias/atletico-grau-busca-fichar-a-un-exdelantero-de-independiente-de-avellaneda-588552,56,1822,3.07%,6.9
https://www.futbolperuano.com/liga-3/noticias/suspenden-la-participacion-de-un-historico-equipo-en-la-liga-3-2026-585859,56,1401,4%,4.65
https://www.futbolperuano.com/fichajes/fichajes-de-deportivo-garcilaso-altas-y-bajas-para-el-torneo-clausura-2026-588241,56,1233,4.54%,6.37
https://www.futbolperuano.com/liga-1/noticias/liga-1-hernan-barcos-se-convirtio-en-nuevo-refuerzo-de-sporting-cristal-586673,56,691,8.1%,2.5
https://www.futbolperuano.com/mundial/noticias/alemania-vs-curazao-en-vivo-por-el-mundial-2026-587753,55,35495,0.15%,10.82
https://www.futbolperuano.com/mundial/noticias/haiti-vs-escocia-en-vivo-online-por-la-fecha-1-del-grupo-c-del-mundial-2026-587647,55,27734,0.2%,11.12
https://www.futbolperuano.com/mundial/noticias/canada-vs-bosnia-en-vivo-por-el-mundial-2026-587406,55,9524,0.58%,8.7
https://www.futbolperuano.com/en-vivo/liga-femenina-2026-sporting-cristal-vs-melgar-en-vivo-588612,55,3735,1.47%,4.23
https://www.futbolperuano.com/peruanos-en-el-exterior/noticias/vuelve-a-universitario-piero-quispe-rescindio-su-contrato-con-pumas-unam-589875,55,1735,3.17%,2.13
https://www.futbolperuano.com/copa-peru/noticias/resultados-y-tablas-de-posiciones-de-fecha-3-de-etapa-departamental-de-puno-de-copa-peru-2026-588919,55,739,7.44%,4.93
https://www.futbolperuano.com/liga-3/noticias/liga-3-resultados-y-tabla-de-posiciones-en-la-fecha-5-519562,54,4204,1.28%,1.12
https://www.futbolperuano.com/en-vivo/liga-3-melgar-vs-jose-maria-arguedas-en-vivo-587825,54,2709,1.99%,5.26
https://www.futbolperuano.com/liga-3/noticias/cesar-vallejo-vs-union-santo-domingo-en-vivo-online-por-fecha-3-de-liga-3-2026-588436,54,2705,2%,7.99
https://www.futbolperuano.com/copa-de-la-liga/noticias/programacion-de-la-fecha-1-de-la-copa-de-la-liga-2026-584927,54,1523,3.55%,6.07
https://www.futbolperuano.com/copa-peru/noticias/copa-peru-2026-resultados-de-la-fecha-1-de-la-etapa-departamental-de-lambayeque-589843,54,1162,4.65%,4.21
https://www.futbolperuano.com/liga-3/noticias/jugadores-del-uda-de-huancavelica-se-pronunciaron-por-situacion-del-equipo-586570,54,846,6.38%,4.26
https://www.futbolperuano.com/mundial/noticias/curazao-vs-costa-de-marfil-en-vivo-por-el-mundial-2026-589280,53,35911,0.15%,9.4
https://www.futbolperuano.com/peru/mas-del-futbol-peruano/cuales-son-las-diferencias-entre-el-album-panini-y-3-reyes-del-mundial-qatar-2022-366057,53,12363,0.43%,5.72
https://www.futbolperuano.com/futbol-de-menores/copa-federacion/universitario-no-cede-terreno-en-la-copa-desarrollo-2026-los-cremas-alargan-su-racha-invicta-586135,53,2666,1.99%,3.25
https://www.futbolperuano.com/peru/elecciones-generales-2026-keiko-fujimori-lidera-el-flash-electoral-en-las-principales-encuestadoras-586926,53,2159,2.45%,4.64
https://www.futbolperuano.com/en-vivo/en-vivo-ceremonia-inaugural-del-mundial-2026-587377,53,2049,2.59%,7.79
https://www.futbolperuano.com/futbol-femenino/liga-femenina/universitario-clasifico-a-semifinales-como-lider-absoluto-del-torneo-apertura-de-la-liga-femenina-2026-587761,53,1180,4.49%,4.33
https://www.futbolperuano.com/liga-1/noticias/los-10-estadios-mas-grandes-del-futbol-peruano-333771,52,7034,0.74%,5.94
https://www.futbolperuano.com/liga-2/noticias/pirata-fc-vs-deportivo-llacuabamba-en-vivo-online-por-fecha-9-de-la-liga-2-2026-586003,52,6257,0.83%,8.66
https://www.futbolperuano.com/futbol-femenino/liga-femenina/liga-femenina-cuando-y-a-que-hora-juegan-sporting-cristal-vs-atletico-andahuaylas-la-semifinal-de-vuelta-589813,52,3303,1.57%,4.08
https://www.futbolperuano.com/futbol-de-menores/copa-federacion/copa-federacion-plata-promocional-2026-universitario-selectivo-lider-tras-fecha-8-587931,52,2830,1.84%,2.09
https://www.futbolperuano.com/futbol-de-menores/copa-federacion/copa-federacion-plata-a-2026-fuerza-ganadora-lider-indiscutible-tras-la-fecha-13-587944,52,1411,3.69%,2.65
https://www.futbolperuano.com/peru/clubes/cultural-volante-bambamarca/,52,957,5.43%,5.13
https://www.futbolperuano.com/liga-1/noticias/alianza-atletico-se-refuerza-con-un-delantero-colombiano-para-el-torneo-clausura-589769,51,6860,0.74%,3.04
https://www.futbolperuano.com/copa-de-la-liga/noticias/comerciantes-unidos-vs-juan-pablo-ii-en-vivo-online-por-la-fecha-3-del-grupo-b-de-la-copa-de-la-liga-589667,51,5767,0.88%,8.49
https://www.futbolperuano.com/copa-de-la-liga/noticias/union-comercio-vs-comerciantes-fc-en-vivo-por-la-copa-de-la-liga-588616,51,5658,0.9%,8.09
https://www.futbolperuano.com/en-vivo/volleyball-nations-league-masculino--vnl-2026-turquia-vs-francia-587677,51,4758,1.07%,7.16
https://www.futbolperuano.com/liga-3/noticias/melgar-vs-jose-maria-arguedas-en-vivo-online-por-fecha-2-de-liga-3-2026-587764,51,2552,2%,4.88
https://www.futbolperuano.com/liga-1/noticias/edison-flores-y-su-respuesta-sobre-el-posible-regreso-de-raul-ruidiaz-a-universitario-586011,51,1903,2.68%,4.02
https://www.futbolperuano.com/liga-1/noticias/el-futuro-de-pablo-guede-peligra-en-alianza-lima-tras-el-cambio-de-acreedor-mayoritario-588419,51,1710,2.98%,3.96
https://www.futbolperuano.com/peru/clubes/asa-fc-chancay/,51,1247,4.09%,5.56
https://www.futbolperuano.com/copa-peru/noticias/6-clasificados-a-la-fase-3-de-la-liga-provincial-de-piura-en-copa-peru-2026-586059,51,1094,4.66%,5.77
https://www.futbolperuano.com/copa-peru/noticias/resultados-partidos-ida-de-la-fase-3-del-interligas-de-lima-en-copa-peru-2026-584968,51,818,6.23%,5.14
https://www.futbolperuano.com/peru/mas-del-futbol-peruano/manni-el-libero-la-serie-de-los-80s-que-cautivo-a-los-amantes-del-futbol-en-peru-387741,51,641,7.96%,5.03
https://www.futbolperuano.com/mundial/noticias/croacia-vs-ghana-en-vivo-por-el-mundial-2026-589441,50,24562,0.2%,8.52
https://www.futbolperuano.com/partidos-por-tv/noticias/programacion-de-partidos-por-tv-del-viernes-19-de-junio-del-2026-588392,50,15603,0.32%,5.35
https://www.futbolperuano.com/partidos-por-tv/noticias/programacion-de-partidos-por-tv-del-miercoles-17-de-junio-del-2026-588098,50,9250,0.54%,5
https://www.futbolperuano.com/mundial/noticias/turquia-vs-paraguay-en-vivo-por-el-mundial-2026-588432,50,8497,0.59%,9.18
https://www.futbolperuano.com/liga-voley/,50,3811,1.31%,8.44
https://www.futbolperuano.com/copa-de-la-liga/noticias/santos-fc-vs-ayacucho-fc-en-vivo-online-por-la-fecha-2-de-la-copa-de-la-liga-2026-588677,50,3754,1.33%,7.84
https://www.futbolperuano.com/liga-2/noticias/un-bicampeon-de-la-liga-1-llega-a-alianza-universidad-para-jugar-la-liga-2-589946,50,3334,1.5%,3.92
https://www.futbolperuano.com/liga-1/noticias/comerciantes-unidos-sorprende-con-dos-salidas-para-el-torneo-clausura-2026-586975,50,2983,1.68%,8.21
https://www.futbolperuano.com/en-vivo/copa-peru-2026-jose-galvez-vs-sipesa-en-vivo-586735,50,1881,2.66%,5.58
https://www.futbolperuano.com/peruanos-en-el-exterior/noticias/cesar-inga-en-la-mira-de-la-mls-586924,50,1763,2.84%,5.01
https://www.futbolperuano.com/liga-1/noticias/fbc-melgar-confirma-una-nueva-baja-de-cara-al-torneo-clausura-586893,50,1759,2.84%,6.28
https://www.futbolperuano.com/peruanos-en-el-exterior/noticias/piero-quispe-prioriza-el-exterior-su-agente-niega-oferta-de-universitario-y-su-proximo-destino-podria-ser-argentina-590031,50,1599,3.13%,2.57
https://www.futbolperuano.com/en-vivo/amistoso-previo-al-mundial-2026-noruega-vs-suecia-en-vivo-586074,49,71489,0.07%,8.21
https://www.futbolperuano.com/seleccion/noticias/mano-menezes-revelo-la-formula-detras-del-triunfo-de-la-seleccion-peruana-586798,49,3562,1.38%,5.2
https://www.futbolperuano.com/liga-3/noticias/la-liga-3-ya-tiene-fecha-de-inicio-en-este-2026-579359,49,3496,1.4%,7.07
https://www.futbolperuano.com/futbol-de-menores/copa-federacion/copa-federacion-plata-promocional-universitario-selectivo-y-veritas-liberabit-vos-lideres-586210,49,3300,1.48%,3.03
https://www.futbolperuano.com/liga-1/noticias/sergio-pena-rompio-el-silencio-tras-su-polemica-salida-de-alianza-lima-y-explico-por-que-decidio-mudarse-a-turquia-587287,49,1946,2.52%,3.26
https://www.futbolperuano.com/liga-voley/fichajes-en-la-liga-peruana-de-voley-2026-2027-altas-bajas-y-renovaciones-583061,49,1899,2.58%,6.43
https://www.futbolperuano.com/liga-1/noticias/sport-boys-presento-a-su-nuevo-goleador-para-el-torneo-clausura-587206,49,1680,2.92%,4.15
https://www.futbolperuano.com/peru/clubes/nacional-fbc-mollendo/,49,1043,4.7%,5.36
https://www.futbolperuano.com/futbol-de-menores/resultados-fecha-4-de-la-liga-nacional-juvenil-sub-18-y-tabla-de-posiciones-588116,49,993,4.93%,6.04
https://www.futbolperuano.com/en-vivo/mundial-2026-uruguay-vs-cabo-verde-en-vivo-588600,49,851,5.76%,8.89
https://www.futbolperuano.com/mundial/noticias/qatar-vs-suiza-en-vivo-por-el-mundial-2026-587581,48,13807,0.35%,10.54
https://www.futbolperuano.com/futbol-internacional/brasil/nautico-vs-goias-28-junio-2026-campeonato-brasileno-de-serie-b-m3232692,48,9778,0.49%,10.85
https://www.futbolperuano.com/en-vivo/copa-de-la-liga-universitario-vs-atletico-grau-en-vivo-589567,48,5890,0.81%,5.56
https://www.futbolperuano.com/copa-peru/noticias/se-programo-la-fecha-1-de-la-liga-departamental-junin-copa-peru-2026-588418,48,1201,4%,5.08
https://www.futbolperuano.com/peru/mas-del-futbol-peruano/academias-de-futbol-en-surco-499115,48,1150,4.17%,6.28
https://www.futbolperuano.com/mundial/noticias/suiza-vs-canada-en-vivo-online-por-la-fecha-3-del-mundial-2026-589109,47,22067,0.21%,7.97
https://www.futbolperuano.com/mundial/noticias/austria-vs-jordania-en-vivo-online-por-la-fecha-1-del-mundial-2026-587903,47,16447,0.29%,8.91
https://www.futbolperuano.com/seleccion/noticias/diego-rebagliati-tildo-de-agrandado-a-renato-tapia-pero-exigio-su-inmediato-regreso-a-la-seleccion-peruana-586611,47,4493,1.05%,3.85
https://www.futbolperuano.com/liga-1/noticias/adt-de-tarma-suma-dos-refuerzos-para-encarar-el-torneo-clausura-589866,47,2989,1.57%,5.62
https://www.futbolperuano.com/futbol-femenino/liga-femenina/resultados,47,2054,2.29%,6.09
https://www.futbolperuano.com/futbol-internacional/noticias/christian-eriksen-rompio-el-silencio-desde-el-hospital-tras-volver-a-desplomarse-en-pleno-partido-internacional-586935,47,1457,3.23%,1.9
https://www.futbolperuano.com/liga-1/noticias/juan-pablo-ii-oficializo-la-salida-de-tres-futbolistas-para-el-torneo-clausura-de-la-liga-1-586912,47,1128,4.17%,6.03
https://www.futbolperuano.com/copa-peru/noticias/copa-peru-resultados-en-la-ultima-fecha-de-la-liguilla-final-en-la-liga-provincial-de-arequipa-588834,47,931,5.05%,4.32
https://www.futbolperuano.com/futbol-femenino/liga-femenina/los-canales-que-transmitiran-en-vivo-la-liga-femenina-2026-567620,47,776,6.06%,3.11
https://www.futbolperuano.com/mundial/noticias/senegal-vs-irak-en-vivo-online-por-la-fecha-3-del-mundial-2026-589440,46,19901,0.23%,7.83
https://www.futbolperuano.com/futbol-internacional/espana/liga2/tabla-de-posiciones,46,19447,0.24%,11.02
https://www.futbolperuano.com/liga-voley/LNSV/resultados,46,10704,0.43%,7.79
https://www.futbolperuano.com/partidos-por-tv/noticias/programacion-de-hoy-lunes-22-de-junio-de-2026-horarios-del-futbol-en-vivo-por-television-en-el-peru-588781,46,4213,1.09%,6.39
https://www.futbolperuano.com/en-vivo/liga-nacional-juvenil-sub-18-universitario-vs-sport-boys-en-vivo-586688,46,3528,1.3%,4.06
https://www.futbolperuano.com/copa-de-la-liga/noticias/universitario-de-deportes-visitara-a-pirata-fc-con-un-sorpresivo-plantel-587536,46,2167,2.12%,4.66
https://www.futbolperuano.com/liga-voley/facundo-morando-fue-presentado-como-nuevo-entrenador-del-fluminense-fc-586381,46,2043,2.25%,5.35
https://www.futbolperuano.com/mundial/noticias/sebastian-beccacece-recuerda-su-paso-por-el-callao-previo-en-su-debut-en-el-mundial-2026-587869,46,1943,2.37%,5.25
https://www.futbolperuano.com/seleccion/noticias/seleccion-peruana-pierde-otro-jugador-para-amistosos-ante-haiti-y-espana-585966,46,1850,2.49%,5.27
https://www.futbolperuano.com/copa-peru/noticias/resultados-en-la-fecha-1-de-la-liga-departamental-junin-copa-peru-2026-588927,46,947,4.86%,5.47
https://www.futbolperuano.com/mundial/tabla-de-posiciones,45,75122,0.06%,10.07
https://www.futbolperuano.com/mundial/noticias/uzbekistan-vs-colombia-en-vivo-online-por-la-fecha-1-del-grupo-k-del-mundial-2026-587943,45,35175,0.13%,6.32
https://www.futbolperuano.com/seleccion/noticias/seleccion-peruana-vs-espana-en-vivo-online-en-un-amistoso-de-preparacion-al-mundial-2026-586905,45,17818,0.25%,7.12
https://www.futbolperuano.com/partidos-por-tv/peru-liga-peruana-de-voley-femenino-lnsv-t295,45,7623,0.59%,9.27
https://www.futbolperuano.com/en-vivo/liga-3-alianza-lima-vs-universitario-en-vivo-585805,45,7311,0.62%,5.92
https://www.futbolperuano.com/en-vivo/colombia-vs-uruguay-por-la-conmebol-liga-de-naciones-femenina-586733,45,4591,0.98%,3.25
https://www.futbolperuano.com/futbol-femenino/liga-naciones-conmebol/peru-anuncia-dos-bajas-para-las-ultimas-fechas-de-la-liga-de-naciones-femenina-586416,45,2602,1.73%,6.05
https://www.futbolperuano.com/copa-peru/noticias/historico-campeon-peruano-se-recupera-en-la-copa-peru-2026-586199,45,2225,2.02%,5.95
https://www.futbolperuano.com/copa-peru/noticias/copa-peru-resultados-y-tabla-de-posiciones-en-la-fecha-2-de-la-liga-departamental-de-junin-589865,45,1324,3.4%,5.15
https://www.futbolperuano.com/mundial/noticias/belgica-vs-senegal-en-vivo-online-por-16avos-de-final-del-mundial-2026-589908,44,24775,0.18%,5.91
https://www.futbolperuano.com/mundial/noticias/uruguay-vs-espana-en-vivo-por-el-mundial-2026-589284,44,13489,0.33%,7.09
https://www.futbolperuano.com/partidos-por-tv/amistosos-de-clubes-t11,44,13031,0.34%,9.3
https://www.futbolperuano.com/liga-voley/aixa-vigil-es-nuevo-fichaje-de-universitario-de-deportes-tras-sacudir-el-mercado-de-la-liga-peruana-de-voley-587685,44,2600,1.69%,3.59
https://www.futbolperuano.com/liga-1/noticias/fichajes-de-adt-de-tarma-altas-y-bajas-para-el-torneo-clausura-588339,44,2295,1.92%,9.32
https://www.futbolperuano.com/liga-voley/alianza-lima-ficho-a-la-armadora-de-regatas-lima-cristina-cuba-para-asegurar-el-tetracampeonato-de-voley-588687,44,2274,1.93%,4.13
https://www.futbolperuano.com/peruanos-en-el-exterior/noticias/independiente-del-valle-toma-rotunda-decision-sobre-si-fichara-a-jairo-concha-588682,44,1725,2.55%,2.61
https://www.futbolperuano.com/copa-peru/noticias/equipo-campeona-en-la-copa-peru-2026-lanzando-una-moneda-al-aire-588384,44,1431,3.07%,5
https://www.futbolperuano.com/liga-1/noticias/carlos-desio-y-su-contundente-mensaje-a-jean-deza-588261,44,1345,3.27%,5.17
https://www.futbolperuano.com/liga-3/noticias/fixture-de-union-huaral-para-la-temporada-2026-de-la-liga-3-583891,44,889,4.95%,5.08
https://www.futbolperuano.com/peru/clubes/alianza-lima/,43,35958,0.12%,8.13
https://www.futbolperuano.com/partidos-por-tv/copa-mundial-de-futbol-t187,43,8822,0.49%,9.1
https://www.futbolperuano.com/peru/clubes/ada-jaen/,43,4844,0.89%,7.88
https://www.futbolperuano.com/en-vivo/liga-femenina-2026-unsaac-vs-flamengo-en-vivo-585815,43,4793,0.9%,7.52
https://www.futbolperuano.com/partidos-por-tv/noticias/programacion-de-partidos-por-tv-del-martes-30-de-junio-del-2026-589889,43,4442,0.97%,5.88
https://www.futbolperuano.com/peruanos-en-el-exterior/noticias/bombazo-en-el-futbol-europeo-bassco-soyer-esta-a-un-paso-de-fichar-por-un-sorpresivo-club-de-la-premier-league-587315,43,2575,1.67%,5.43
https://www.futbolperuano.com/liga-1/noticias/universitario-repatrio-a-alvaro-rojas-desde-el-cusco-pero-decidio-mandarlo-a-prestamo-a-juan-pablo-ii-586805,43,2492,1.73%,4.37
https://www.futbolperuano.com/futbol-de-menores/copa-federacion/copa-federacion-plata-promocional-2026-universitario-selectivo-lider-tras-fecha-7-587001,43,2431,1.77%,2.88
https://www.futbolperuano.com/liga-1/noticias/paolo-reyna-no-seguira-en-universitario-y-jugara-en-inesperado-club-de-la-liga-1-585615,43,2407,1.79%,7.94
https://www.futbolperuano.com/liga-1/noticias/universitario-a-un-paso-de-concretar-el-regreso-de-raul-ruidiaz-586536,43,2367,1.82%,3.6
https://www.futbolperuano.com/liga-3/noticias/ecosem-pasco-vs-municipal-de-pangoa-en-vivo-online-por-la-fecha-1-de-la-liga-3-2026-585910,43,2229,1.93%,6.38
https://www.futbolperuano.com/liga-3/noticias/por-que-se-suspendio-el-partido-entre-carlos-stein-y-juventud-cautivo-585957,43,836,5.14%,6.46
https://www.futbolperuano.com/futbol-internacional/noticias/brasil-vs-egipto-en-vivo-online-por-amistoso-internacional-previo-al-mundial-2026-586737,42,20558,0.2%,6.93
https://www.futbolperuano.com/mundial/noticias/brasil-vs-japon-en-vivo-por-el-mundial-2026-589827,42,8033,0.52%,6.19
https://www.futbolperuano.com/partidos-por-tv/noticias/programacion-de-partidos-por-tv-del-viernes-12-de-junio-del-2026-587455,42,5774,0.73%,4.63
https://www.futbolperuano.com/liga-3/noticias/fecha-y-horario-confirmado-para-sorteo-de-la-liga-3-583327,42,3363,1.25%,5.53
https://www.futbolperuano.com/copa-de-la-liga/noticias/alianza-universidad-vs-sport-huancayo-en-vivo-por-la-copa-de-la-liga-587747,42,3123,1.34%,9.48
https://www.futbolperuano.com/liga-voley/julieta-lazcano-vuelve-a-la-liga-peruana-de-voley-la-olimpica-argentina-tiene-nuevo-equipo-para-la-temporada-202627-587794,42,3022,1.39%,6.53
https://www.futbolperuano.com/liga-1/noticias/clubes-de-la-liga-peruana-de-voley-se-unen-contra-la-fpv-por-el-polemico-caso-de-aixa-vigil-589781,42,2668,1.57%,5.09
https://www.futbolperuano.com/copa-peru/noticias/la-liga-departamental-de-ancash-se-inicia-con-goleada-del-sport-ancash-copa-peru-2026-589045,42,1623,2.59%,4.2
https://www.futbolperuano.com/futbol-de-menores/copa-federacion/resultados-copa-federacion-2026-partidos-del-19-al-21-de-junio-589038,42,1457,2.88%,4.53
https://www.futbolperuano.com/copa-peru/noticias/sportivo-huracan-se-acerca-a-la-etapa-departamental-copa-peru-2026-586589,42,1026,4.09%,5.53
https://www.futbolperuano.com/peru/clubes/cienciano/,41,16176,0.25%,6.74
https://www.futbolperuano.com/seleccion/noticias/seleccion-peruana-que-radios-relataran-el-amistoso-ante-espana-en-puebla-586980,41,10875,0.38%,7.21
https://www.futbolperuano.com/mundial/noticias/suecia-presento-su-lista-de-convocados-para-el-mundial-2026-585980,41,3605,1.14%,8.11
https://www.futbolperuano.com/liga-1/noticias/adrian-quiroz-y-el-sorpresivo-destino-que-le-espera-en-este-2026-585686,41,3196,1.28%,8.25
https://www.futbolperuano.com/liga-1/noticias/liga-1-sporting-cristal-va-a-la-carga-por-un-volante-de-la-mls-587227,41,1451,2.83%,3.7
https://www.futbolperuano.com/peruanos-en-el-exterior/noticias/renato-espinosa-tiene-nuevo-equipo-luego-de-haber-sido-goleador-en-rumania-586547,41,1349,3.04%,6.6
https://www.futbolperuano.com/copa-peru/noticias/bella-esperanza-y-walter-ormeno-siguen-avanzando-en-liga-provincial-canete-586097,41,1267,3.24%,5.76
https://www.futbolperuano.com/copa-peru/noticias/juan-aurich-clasifico-a-la-etapa-departamental-de-la-copa-peru-2026-587223,41,1178,3.48%,5.14
https://www.futbolperuano.com/copa-peru/noticias/copa-peru-resultados-de-la-fecha-4-en-la-liga-departamental-de-puno-589659,41,1094,3.75%,5.44
https://www.futbolperuano.com/copa-de-la-liga/noticias/sport-boys-sorprende-a-sus-hinchas-con-una-terrible-noticia-589399,41,682,6.01%,4.69
https://www.futbolperuano.com/liga-3/noticias/la-programacion-completa-de-los-partidos-de-la-fecha-4-de-la-fase-final-de-la-liga-3-2025-533491,41,227,18.06%,3.95
https://www.futbolperuano.com/mundial/noticias/republica-checa-vs-sudafrica-en-vivo-por-el-mundial-2026-588196,40,14657,0.27%,10
https://www.futbolperuano.com/mundial/noticias/a-que-hora-sera-la-ceremonia-de-inauguracion-del-mundial-2026-587173,40,12892,0.31%,9.65
https://www.futbolperuano.com/mundial/noticias/belgica-vs-iran-en-vivo-online-por-la-fecha-2-del-mundial-2026-588696,40,8003,0.5%,8.08
https://www.futbolperuano.com/en-vivo/volleyball-nations-league-masculino--vnl-2026-estados-unidos-vs-italia-587830,40,4555,0.88%,7.08
https://www.futbolperuano.com/en-vivo/copa-de-la-liga-cantolao-vs-san-martin-en-vivo-588607,40,3021,1.32%,7.64
https://www.futbolperuano.com/copa-peru/noticias/copa-peru-asi-quedaron-definidos-los-octavos-de-final-de-la-liga-departamental-de-ayacucho-589862,40,2541,1.57%,5.4
https://www.futbolperuano.com/partidos-por-tv/peru-liga-1-primera-division-del-peru-t35,40,2308,1.73%,7.93
https://www.futbolperuano.com/liga-1/noticias/liga-1-tabla-de-posiciones-del-puntaje-acumulado-284185,40,1980,2.02%,33.34
https://www.futbolperuano.com/peruanos-en-el-exterior/noticias/jesus-castillo-podria-dejar-universitario-tras-oferta-del-extranjero-589355,40,1510,2.65%,3.6
https://www.futbolperuano.com/liga-voley/universitario-disputara-un-triangular-internacional-en-brasil-587529,40,1375,2.91%,3.7
https://www.futbolperuano.com/copa-peru/noticias/copa-peru-asi-quedaron-definidos-los-clasificados-a-la-fase-3-en-la-liga-provincial-de-arequipa-584948,40,1151,3.48%,5.1
https://www.futbolperuano.com/mundial/noticias/congo-vs-uzbekistan-en-vivo-por-el-mundial-2026-589446,39,26621,0.15%,8.11
https://www.futbolperuano.com/seleccion/noticias/seleccion-peruana-que-radios-relataran-el-amistoso-internacional-ante-haiti-en-miami-586553,39,26071,0.15%,7.48
https://www.futbolperuano.com/mundial/noticias/paises-bajos-vs-marruecos-en-vivo-online-por-los-16avos-del-mundial-2026-589740,39,22807,0.17%,7.67
https://www.futbolperuano.com/en-vivo/copa-de-la-liga-comerciantes-fc-vs-estudiantil-cni-en-vivo-589626,39,2733,1.43%,7.24
https://www.futbolperuano.com/liga-1/noticias/el-complicado-panorama-de-la-salida-de-miguel-silveira-de-universitario-segun-alvaro-barco-586494,39,2119,1.84%,3.67
https://www.futbolperuano.com/copa-peru/noticias/el-14-a-0-que-se-produjo-en-la-fecha-1-de-la-liga-departamental-la-libertad-en-copa-peru-2026-589829,39,2110,1.85%,6.39
https://www.futbolperuano.com/liga-1/noticias/sporting-cristal-tiene-en-la-mira-a-un-delantero-del-ascenso-colombiano-586800,39,1265,3.08%,3.44
https://www.futbolperuano.com/liga-voley/fichajes-de-san-martin-altas-bajas-y-renovaciones-para-la-liga-peruana-de-voley-2026-27-582975,39,720,5.42%,5.07
https://www.futbolperuano.com/copa-peru/noticias/copa-peru-2026-llaves-confirmadas-para-la-fase-3-del-interligas-de-lima-583983,39,585,6.67%,5.85
https://www.futbolperuano.com/futbol-internacional/noticias/espana-vs-irak-en-vivo-online-por-amistoso-internacional-previo-al-mundial-2026-586457,38,9883,0.38%,9.02
https://www.futbolperuano.com/liga-1/noticias/fin-de-la-novela-raul-ruidiaz-no-volvera-a-universitario-tras-la-decision-final-de-hector-cuper-587384,38,2159,1.76%,3.26
https://www.futbolperuano.com/futbol-femenino/eliminatorias-europa/tabla-de-posiciones,38,2076,1.83%,8.9
https://www.futbolperuano.com/copa-peru/noticias/liga-provincial-de-piura-tiene-a-su-campeon-en-la-copa-peru-2026-588828,38,1362,2.79%,4.78
https://www.futbolperuano.com/peru/clubes/juventud-huracan-supe/,38,1245,3.05%,6.15
https://www.futbolperuano.com/peru/clubes/cd-anda-juliaca/,38,1153,3.3%,5.67
https://www.futbolperuano.com/copa-peru/noticias/sportivo-huracan-entre-los-clasificados-a-liguilla-final-liga-provincial-arequipa-586077,38,1146,3.32%,5.76
https://www.futbolperuano.com/peru/clubes/uda-huancavelica/,38,929,4.09%,5.41
https://www.futbolperuano.com/futbol-de-menores/copa-federacion/oro-sub-14/resultados,38,854,4.45%,7.35
https://www.futbolperuano.com/fichajes/fichajes-de-utc-de-cajamarca-en-el-2026-altas-bajas-renovaciones-y-rumores-552780,38,684,5.56%,4.9
https://www.futbolperuano.com/liga-1/noticias/liga-1-exdelantero-del-bayer-leverkusen-fue-ofrecido-a-universitario-de-deportes-586670,38,502,7.57%,4.66
https://www.futbolperuano.com/en-vivo/mundial-2026-croacia-vs-ghana-en-vivo-589583,37,21565,0.17%,10.32
https://www.futbolperuano.com/en-vivo/mundial-2026-alemania-vs-curazao-en-vivo-587588,37,21249,0.17%,8.44
https://www.futbolperuano.com/en-vivo/mundial-2026-noruega-vs-senegal-en-vivo-588930,37,15076,0.25%,8.34
https://www.futbolperuano.com/mundial/noticias/ecuador-vs-alemania-en-vivo-por-la-fase-de-grupos-del-mundial-2026-589334,37,8783,0.42%,6.66
https://www.futbolperuano.com/peru/clubes/adt/,37,7784,0.48%,8.02
https://www.futbolperuano.com/peru/resultados-de-la-onpe-al-97981-de-la-segunda-vuelta-presidencial-587321,37,2899,1.28%,5.84
https://www.futbolperuano.com/partidos-por-tv/noticias/programacion-de-hoy-lunes-15-de-junio-de-2026-horarios-del-futbol-en-vivo-por-television-en-el-peru-587848,37,2648,1.4%,6.64
https://www.futbolperuano.com/peru/clubes/union-huaral/,37,1826,2.03%,6.74
https://www.futbolperuano.com/copa-peru/noticias/regatas-lima-va-por-su-primer-gran-titulo-en-el-futbol-589649,37,1792,2.06%,6.01
https://www.futbolperuano.com/liga-1/noticias/el-proyecto-si-tiene-sentido-disparo-javier-rabanal-tras-dejar-universitario-y-firmar-por-cusco-fc-587790,37,1602,2.31%,4.25
https://www.futbolperuano.com/liga-1/noticias/comerciantes-unidos-anuncio-a-cheche-hernandez-como-su-nuevo-tecnico-para-el-torneo-clausura-588746,37,1341,2.76%,6.41
https://www.futbolperuano.com/partidos-por-tv/liga-femenina-peru-t182,37,1174,3.15%,8.07
https://www.futbolperuano.com/liga-1/noticias/universitario-pierde-a-una-de-sus-principales-figuras-para-el-torneo-clausura-589961,37,955,3.87%,2.97
https://www.futbolperuano.com/mundial/noticias/irak-vs-noruega-en-vivo-por-el-mundial-2026-588008,36,27240,0.13%,10.05
https://www.futbolperuano.com/mundial/noticias/paraguay-vs-australia-en-vivo-por-el-mundial-2026-589211,36,21027,0.17%,7.96
https://www.futbolperuano.com/en-vivo/mundial-2026-marruecos-vs-haiti-en-vivo-589226,36,17533,0.21%,7.74
https://www.futbolperuano.com/en-vivo/mundial-2026-nueva-zelanda-vs-egipto-en-vivo-588596,36,5040,0.71%,6.88
https://www.futbolperuano.com/mundial/noticias/mundial-2026-figura-de-irak-fue-retenido-por-casi-siete-horas-en-su-llegada-a-estados-unidos-587104,36,3556,1.01%,5.84
https://www.futbolperuano.com/en-vivo/volleyball-nations-league-femenino--vnl-2026-italia-vs-serbia-588306,36,1877,1.92%,7.31
https://www.futbolperuano.com/futbol-de-menores/copa-federacion/copa-federacion-plata-b-2026-resultados-de-la-octava-jornada-587004,36,1785,2.02%,5.43
https://www.futbolperuano.com/liga-1/noticias/con-las-nuevas-reglas-de-la-liga-1-alianza-lima-clasifico-a-la-copa-libertadores-2027-tras-ganar-el-torneo-apertura-584874,36,1220,2.95%,5.08
https://www.futbolperuano.com/copa-peru/noticias/la-liga-provincial-de-huancayo-tiene-a-su-primer-clasificado-etapa-departamental-copa-peru-2026-586595,36,1096,3.28%,5.53
https://www.futbolperuano.com/futbol-de-menores/copa-desarrollo-plata/tabla-de-posiciones,36,295,12.2%,5.72
https://www.futbolperuano.com/en-vivo/mundial-2026-haiti-vs-escocia-en-vivo-587585,35,63741,0.05%,10.32
https://www.futbolperuano.com/partidos-por-tv/noticias/programacion-de-partidos-por-tv-del-miercoles-24-de-junio-del-2026-589072,35,9941,0.35%,5.46
https://www.futbolperuano.com/liga-2/noticias/alianza-universidad-vs-binacional-en-vivo-por-la-liga-2-585932,35,6163,0.57%,7.14
https://www.futbolperuano.com/en-vivo/ecuador-vs-argentina-por-la-conmebol-liga-de-naciones-femenina-587141,35,3533,0.99%,7.92
https://www.futbolperuano.com/partidos-por-tv/vnl-liga-de-naciones-de-voleibol-masculino-t318,35,3321,1.05%,8.25
https://www.futbolperuano.com/liga-1/noticias/liga-1-fixture-de-universitario-de-deportes-en-el-torneo-apertura-2026-558224,35,1810,1.93%,7.09
https://www.futbolperuano.com/partidos-por-tv/noticias/programacion-de-partidos-por-tv-del-miercoles-3-de-junio-586307,35,1607,2.18%,4.48
https://www.futbolperuano.com/liga-3/noticias/como-quedo-el-partido-de-union-santo-domingo-ante-juventus-de-huamachuco-586007,35,1440,2.43%,5.9
https://www.futbolperuano.com/peruanos-en-el-exterior/noticias/renato-tapia-confirma-interes-de-river-plate-en-ficharlo-589655,35,1196,2.93%,3.37
https://www.futbolperuano.com/liga-voley/quienes-son-los-refuerzos-de-universitario-de-deportes-587741,35,1155,3.03%,4.38
https://www.futbolperuano.com/liga-3/noticias/juan-aurich-oficializo-el-regreso-de-edwin-oviedo-a-la-presidencia-del-club-585743,35,1138,3.08%,5.42
https://www.futbolperuano.com/liga-1/noticias/reimond-manco-y-su-dura-respuesta-a-sergio-pena-587663,35,947,3.7%,4.24
https://www.futbolperuano.com/liga-1/noticias/universitario-acelerar-por-su-primer-refuerzo-figura-de-sport-boys-llegaria-para-disputar-el-torneo-clausura-2026-585996,35,486,7.2%,4.54
https://www.futbolperuano.com/futbol-playa/liga-sudamericana/resultados,35,269,13.01%,6.32
https://www.futbolperuano.com/mundial/noticias/suecia-vs-tunez-en-vivo-por-el-mundial-2026-587696,34,14227,0.24%,9.15
https://www.futbolperuano.com/mundial/noticias/suiza-vs-bosnia-en-vivo-por-el-grupo-b-del-mundial-2026-588334,34,12943,0.26%,9.98
https://www.futbolperuano.com/futbol-internacional/noticias/la-seleccion-de-haiti-metio-miedo-y-aplasto-con-una-rafaga-de-goles-a-su-rival-antes-de-chocar-con-peru-586290,34,11687,0.29%,8.63
https://www.futbolperuano.com/mundial/noticias/que-numero-tendra-messi-neymar-y-ronaldo-en-el-mundial-2026-586278,34,6966,0.49%,8.49
https://www.futbolperuano.com/liga-1/noticias/liga-1-guillermo-viscarra-podria-dejar-alianza-lima-para-el-torneo-clausura-2026-586828,34,3049,1.12%,3.43
https://www.futbolperuano.com/copa-de-la-liga/noticias/comerciantes-fc-vs-estudiantil-cni-en-vivo-online-por-la-fecha-3-del-grupo-j-de-la-copa-de-la-liga-589670,34,2614,1.3%,7.87
https://www.futbolperuano.com/liga-voley/alianza-lima-destaca-la-experiencia-de-cristina-cuba-588710,34,2549,1.33%,2.91
https://www.futbolperuano.com/copa-peru/noticias/resultados-fecha-2-liga-departamental-puno-en-la-copa-peru-2026-588487,34,1374,2.47%,6.71
https://www.futbolperuano.com/liga-3/noticias/los-grupos-que-se-conformaran-en-la-liga-3-del-2026-581431,34,970,3.51%,6.03
https://www.futbolperuano.com/liga-1/noticias/se-revela-el-motivo-por-el-cual-jose-carabali-decidio-dejar-universitario-590019,34,569,5.98%,3.5
https://www.futbolperuano.com/futbol-internacional/noticias/argentina-vs-honduras-en-vivo-por-amistoso-internacional-586771,33,15645,0.21%,5.6
https://www.futbolperuano.com/mundial/noticias/escocia-vs-marruecos-en-vivo-por-el-mundial-2026-588382,33,10350,0.32%,8.59
https://www.futbolperuano.com/en-vivo/mundial-2026-paises-bajos-vs-japon-en-vivo-587591,33,8180,0.4%,8.37
https://www.futbolperuano.com/en-vivo/mundial-2026-brasil-vs-haiti-en-vivo-588571,33,4719,0.7%,5.6
https://www.futbolperuano.com/peruanos-en-el-exterior/noticias/nolberto-solano-obtuvo-su-primera-victoria-al-mando-de-pakistan-y-corta-la-racha-del-pais-de-3-anos-sin-ganar-586694,33,4155,0.79%,6.54
https://www.futbolperuano.com/peru/clubes/atletico-grau/,33,3858,0.86%,7.73
https://www.futbolperuano.com/mundial/noticias/kylian-mbappe-va-por-la-historia-los-goles-que-necesita-para-convertirse-en-el-maximo-artillero-de-los-mundiales-587784,33,3320,0.99%,5.44
https://www.futbolperuano.com/partidos-por-tv/vnl-liga-de-naciones-de-voleibol-femenino-t317,33,2895,1.14%,8.65
https://www.futbolperuano.com/peru/clubes/union-minas-pasco/,33,2764,1.19%,7.74
https://www.futbolperuano.com/liga-voley/alianza-lima-oficializo-a-flavia-montes-para-la-liga-peruana-de-voley-2026-27-588103,33,2448,1.35%,2.85
https://www.futbolperuano.com/peru/clubes/comerciantes-loreto/,33,2152,1.53%,10.9
https://www.futbolperuano.com/liga-voley/alianza-lima-destaca-la-experiencia-de-alejandro-schneider-586810,33,1910,1.73%,4.25
https://www.futbolperuano.com/futbol-internacional/noticias/paraguay-golea-previo-al-mundial-2026-pero-lamenta-la-lesion-de-julio-enciso-586763,33,1554,2.12%,6.29
https://www.futbolperuano.com/liga-voley/el-inesperado-destino-de-fernanda-tome-tras-el-subtitulo-con-san-martin-583512,33,1552,2.13%,7.72
https://www.futbolperuano.com/mundial/noticias/paraguay-presento-a-sus-convocados-para-el-mundial-2026-586067,33,1341,2.46%,5.63
https://www.futbolperuano.com/peru/mas-del-futbol-peruano/los-10-clubes-peruanos-mas-antiguos-que-aun-siguen-en-competencia-505793,33,1141,2.89%,5.26
https://www.futbolperuano.com/en-vivo/copa-peru-2026-bella-esperanza-vs-defensor-santa-teresa-en-vivo-589784,33,1104,2.99%,5.43
https://www.futbolperuano.com/copa-de-la-liga/noticias/cesar-vallejo-cambia-de-localia-para-recibir-a-alianza-lima-por-la-copa-de-la-liga-586642,33,986,3.35%,5.46
https://www.futbolperuano.com/futbol-internacional/ik-uppsala-fotboll-vs-bk-hacken-24-junio-2026-damallsvenskan-de-suecia-m3225613,33,860,3.84%,6.93
https://www.futbolperuano.com/liga-1/noticias/fichajes-de-comerciantes-unidos-altas-y-bajas-para-el-torneo-clausura-2026-de-la-liga-1-2026-588545,33,776,4.25%,7.49
https://www.futbolperuano.com/futbol-de-menores/torneo-reservas/resultados,33,408,8.09%,7.39
https://www.futbolperuano.com/tag/alianza-atletico,33,262,12.6%,6.45
https://www.futbolperuano.com/mundial/noticias/jordania-vs-argelia-en-vivo-online-por-la-fecha-2-del-grupo-j-del-mundial-2026-588769,32,18563,0.17%,8.05
https://www.futbolperuano.com/mundial/noticias/mexico-vs-sudafrica-en-vivo-por-el-mundial-2026-587268,32,9334,0.34%,9.06
https://www.futbolperuano.com/mundial/noticias/teofilo-cubillas-estuvo-presente-en-el-portugal-vs-colombia-en-el-hard-rock-stadium-589774,32,8810,0.36%,5.75
https://www.futbolperuano.com/en-vivo/amistoso-previo-al-mundial-2026-portugal-vs-nigeria-en-vivo-587246,32,7588,0.42%,5.69
https://www.futbolperuano.com/peru/clubes/sport-boys/,32,6281,0.51%,7.83
https://www.futbolperuano.com/seleccion/noticias/mano-menezes-marco-las-claras-diferencias-entre-la-seleccion-peruana-y-espana-586949,32,3972,0.81%,4.34
https://www.futbolperuano.com/copa-de-la-liga/noticias/academia-cantolao-vs-san-martin-en-vivo-online-por-fecha-2-de-copa-de-la-liga-2026-588425,32,3138,1.02%,7.37
https://www.futbolperuano.com/en-vivo/mundial-2026-portugal-vs-congo-en-vivo-588164,32,3105,1.03%,6.46
https://www.futbolperuano.com/liga-1/noticias/roberto-mosquera-lleno-de-elogios-a-hernan-barcos-tras-su-llegada-a-sporting-cristal-589790,32,2966,1.08%,3.65
https://www.futbolperuano.com/futbol-femenino/sudamericano-sub-17/tabla-de-posiciones,32,2431,1.32%,12.94
https://www.futbolperuano.com/copa-peru/noticias/deportivo-municipal-pacto-amistoso-ante-sport-ancash-como-preparacion-a-copa-peru-2026-586831,32,2399,1.33%,6.17
https://www.futbolperuano.com/copa-peru/noticias/copa-peru-2026-quedaron-definidos-los-ocho-clasificados-a-la-siguiente-fase-de-la-liga-departamental-de-apurimac-589858,32,1893,1.69%,5.7
https://www.futbolperuano.com/liga-1/noticias/alianza-lima-tenia-todo-listo-para-irse-pero-una-decision-de-ultimo-minuto-lo-mantendra-en-matute-para-el-torneo-clausura-588409,32,1695,1.89%,5.21
https://www.futbolperuano.com/liga-1/noticias/quien-es-nicolas-previtali-volante-que-se-acerca-a-la-u-para-el-torneo-clausura-585604,32,1646,1.94%,7.59
https://www.futbolperuano.com/peruanos-en-el-exterior/noticias/renzo-garces-llegara-a-gremio-desde-brasil-revelan-la-verdad-sobre-su-posible-llegada-587115,32,1630,1.96%,4.42
https://www.futbolperuano.com/copa-peru/noticias/resultados-y-tabla-de-fecha-1-del-cuadrangular-final-de-liga-provincial-de-cajamarca-de-copa-peru-2026-587908,32,1274,2.51%,4.88
https://www.futbolperuano.com/copa-peru/noticias/resultados-y-tablas-de-la-fecha-5-de-etapa-departamental-de-puno-de-copa-peru-2026-589892,32,950,3.37%,4.49
https://www.futbolperuano.com/liga-3/noticias/la-liga-3-sorprende-con-el-numero-de-ascensos-que-dara-este-2026-581541,32,924,3.46%,5.88
https://www.futbolperuano.com/copa-peru/noticias/resultados-y-tabla-de-fecha-2-del-cuadrangular-final-de-liga-provincial-de-cajamarca-de-copa-peru-2026-588931,32,919,3.48%,5.65
https://www.futbolperuano.com/liga-3/noticias/juan-aurich-refuerza-su-delantera-antes-del-inicio-de-la-liga-3-585329,32,836,3.83%,7.34
https://www.futbolperuano.com/peru/mas-del-futbol-peruano/academias-de-futbol-en-villa-el-salvador-498518,32,694,4.61%,6.12
https://www.futbolperuano.com/peru/mas-del-futbol-peruano/academias-de-futbol-en-el-distrito-de-miraflores-499612,32,357,8.96%,7.76
https://www.futbolperuano.com/futbol-internacional/usa/tabla-de-posiciones,31,89472,0.03%,8.45
https://www.futbolperuano.com/mundial/noticias/argelia-vs-austria-en-vivo-online-por-la-fecha-3-del-mundial-2026-589607,31,18946,0.16%,7.92
https://www.futbolperuano.com/mundial/noticias/inglaterra-vs-ghana-en-vivo-online-por-la-fecha-2-del-mundial-2026-588871,31,16958,0.18%,8.44
https://www.futbolperuano.com/mundial/noticias/iran-vs-nueva-zelanda-en-vivo-por-el-mundial-2026-587829,31,14025,0.22%,8.59
https://www.futbolperuano.com/peru/mas-del-futbol-peruano/donde-comprar-el-album-3-reyes-y-panini-del-mundial-qatar-2022-367490,31,4504,0.69%,8.84
https://www.futbolperuano.com/seleccion/noticias/el-drastico-plan-que-ejecutara-mano-menezes-con-la-seleccion-peruana-para-la-exigente-fecha-doble-de-amistosos-586603,31,3576,0.87%,5.25
https://www.futbolperuano.com/partidos-por-tv/noticias/programacion-de-partidos-por-tv-del-sabado-13-de-junio-587711,31,2456,1.26%,5.43
https://www.futbolperuano.com/en-vivo/copa-peru-2026-regatas-lima-vs-america-santa-isabel-en-vivo-589782,31,2163,1.43%,4.9
https://www.futbolperuano.com/liga-1/noticias/atletico-grau-se-refuerza-con-delantero-de-la-primera-division-de-argentina-588177,31,1743,1.78%,9.47
https://www.futbolperuano.com/copa-peru/noticias/los-44-grupos-del-interligas-de-lima-en-la-copa-peru-2026-580323,31,1580,1.96%,4.52
https://www.futbolperuano.com/liga-2/noticias/union-minas-eligio-su-estadio-para-ser-local-en-la-liga-2-573385,31,1382,2.24%,5.51
https://www.futbolperuano.com/peru/mas-del-futbol-peruano/academias-de-futbol-en-el-distrito-de-comas-499766,31,1370,2.26%,6.59
https://www.futbolperuano.com/liga-2/noticias/estos-son-los-18-equipos-que-disputaran-la-liga-2-2026-553448,31,1337,2.32%,5.3
https://www.futbolperuano.com/liga-3/noticias/estos-son-los-37-equipos-que-disputaran-la-liga-3-2026-553500,31,1269,2.44%,5.83
https://www.futbolperuano.com/peru/mas-del-futbol-peruano/academias-de-futbol-en-san-juan-de-lurigancho-498154,31,1151,2.69%,7.14
https://www.futbolperuano.com/liga-2/noticias/equipo-de-la-liga-2-sorprende-con-la-construccion-de-su-propio-estadio-573646,31,1102,2.81%,6.28
https://www.futbolperuano.com/copa-peru/noticias/cd-tumi-y-ccd-bolognesi-disputaran-la-gran-final-de-la-liga-provincial-de-chiclayo-588635,31,905,3.43%,5.51
https://www.futbolperuano.com/futbol-de-menores/mundial-montaigu/resultados,31,769,4.03%,5.24
https://www.futbolperuano.com/copa-peru/noticias/resultados-en-la-fecha-2-de-la-liga-provincial-arequipa-en-copa-peru-582485,31,763,4.06%,6.59
https://www.futbolperuano.com/liga-1/noticias/trujillo-vuelve-a-tener-futbol-en-la-liga-1-del-2025-502953,31,279,11.11%,5.88
https://www.futbolperuano.com/tag/atletico-grau,31,170,18.24%,7.06
https://www.futbolperuano.com/mundial/noticias/cabo-verde-vs-arabia-saudita-en-vivo-online-por-la-fecha-3-del-grupo-h-del-mundial-2026-589231,30,19378,0.15%,7.04
https://www.futbolperuano.com/futbol-internacional/noticias/estados-unidos-vs-alemania-en-vivo-online-en-un-amistoso-de-preparacion-al-mundial-2026-586597,30,16722,0.18%,8.83
https://www.futbolperuano.com/mundial/noticias/alemania-vs-paraguay-en-vivo-por-el-mundial-2026-589778,30,16551,0.18%,6.73
https://www.futbolperuano.com/mundial/noticias/mundial-2026-fixture-completo-y-horarios-de-los-partidos-de-brasil-en-la-copa-del-mundo-586855,30,16188,0.19%,8.46
https://www.futbolperuano.com/eliminatorias/europa/tabla-de-posiciones,30,6007,0.5%,9.14
https://www.futbolperuano.com/partidos-por-tv/transmisiones-copa-peru-c38,30,5310,0.56%,8.43
https://www.futbolperuano.com/futbol-femenino/sudamericano-sub-20/tabla-de-posiciones,30,3181,0.94%,9.62
https://www.futbolperuano.com/en-vivo/liga-femenina-2026-universitario-vs-unsaac-en-vivo-587636,30,2130,1.41%,4.23
https://www.futbolperuano.com/en-vivo/liga-nacional-juvenil-sub-16-alianza-lima-vs-universitario-en-vivo-589205,30,2020,1.49%,3.59
https://www.futbolperuano.com/liga-2/noticias/cuando-se-iniciara-el-torneo-de-liga-2-del-2026-562301,30,1434,2.09%,5.04
https://www.futbolperuano.com/liga-1/noticias/deportivo-binacional-arrincono-a-la-fpf-y-exigio-que-se-cumpla-de-inmediato-la-orden-que-modifica-el-torneo-peruano-586816,30,1204,2.49%,6.65
https://www.futbolperuano.com/mundial/noticias/kevin-ortega-tendra-presencia-en-la-ultima-fecha-del-grupo-b-del-mundial-2026-589028,30,1116,2.69%,5.38
https://www.futbolperuano.com/liga-1/noticias/orlando-nunez-fue-presentado-oficialmente-como-el-gran-refuerzo-de-adt-para-la-temporada-2026-588286,30,898,3.34%,5.5
https://www.futbolperuano.com/peru/mas-del-futbol-peruano/academias-de-futbol-en-el-distrito-de-san-miguel-499482,30,724,4.14%,6.57
https://www.futbolperuano.com/partidos-por-tv/liga-nacional-sub-18-peru-t372,30,346,8.67%,5.48
https://www.futbolperuano.com/copa-sudamericana/tabla-de-posiciones,29,29332,0.1%,9.71
https://www.futbolperuano.com/mundial/noticias/ghana-vs-panama-en-vivo-online-por-la-fecha-1-del-grupo-l-del-mundial-2026-587945,29,21158,0.14%,10.94
https://www.futbolperuano.com/mundial/noticias/australia-vs-turquia-en-vivo-online-por-la-fecha-1-del-grupo-d-del-mundial-2026-587661,29,19664,0.15%,10.34
https://www.futbolperuano.com/mundial/noticias/uruguay-vs-cabo-verde-en-vivo-por-el-mundial-2026-588712,29,14437,0.2%,7.1
https://www.futbolperuano.com/en-vivo/mundial-2026-francia-vs-irak-en-vivo-588873,29,7792,0.37%,7.16
https://www.futbolperuano.com/en-vivo/torneo-apertura-2026-fc-cajamarca-vs-alianza-lima-en-vivo-585775,29,5884,0.49%,4.64
https://www.futbolperuano.com/liga-1/noticias/delantero-argentino-se-asoma-a-alianza-atletico-para-el-torneo-clausura-589685,29,2173,1.33%,6.04
https://www.futbolperuano.com/mundial/noticias/periodistas-venezolanos-sorprendidos-por-el-terremoto-en-pleno-partido-mundial-2026-589337,29,1419,2.04%,6.06
https://www.futbolperuano.com/liga-1/noticias/hugo-ancajima-se-transformo-en-el-tercer-futbolista-de-universitario-en-llegar-a-prestamo-a-juan-pablo-ii-587002,29,1229,2.36%,5.19
https://www.futbolperuano.com/futsal/futsalpro/tabla-de-posiciones,29,1160,2.5%,7.73
https://www.futbolperuano.com/liga-1/noticias/dos-clubes-de-la-liga-1-rechazaron-a-miguel-silveira-por-su-alto-salario-en-universitario-589366,29,901,3.22%,4.27
https://www.futbolperuano.com/peru/mas-del-futbol-peruano/academias-de-futbol-en-la-molina-499126,29,611,4.75%,6.23
https://www.futbolperuano.com/en-vivo/liga-femenina-2026-defensores-del-ilucan-vs-atleticvo-andahuaylas-en-vivo-587640,29,377,7.69%,5.81
https://www.futbolperuano.com/copa-peru/noticias/huancavelica-ya-tiene-a-sus-representantes-etapa-provincial-copa-peru-2026-580405,29,194,14.95%,3.56
https://www.futbolperuano.com/mundial/noticias/brasil-vs-marruecos-en-vivo-por-el-mundial-2026-587413,28,28027,0.1%,7.42
https://www.futbolperuano.com/mundial/noticias/japon-vs-suecia-en-vivo-por-el-mundial-2026-589241,28,22174,0.13%,7.17
https://www.futbolperuano.com/mundial/noticias/egipto-vs-iran-en-vivo-por-el-mundial-2026-589287,28,14395,0.19%,6.82
https://www.futbolperuano.com/mundial/noticias/belgica-vs-egipto-en-vivo-online-por-la-fecha-1-del-mundial-2026-587826,28,13906,0.2%,9.62
https://www.futbolperuano.com/mundial/noticias/tunez-vs-japon-en-vivo-por-el-mundial-2026-588516,28,7878,0.36%,10.46
https://www.futbolperuano.com/liga-1/noticias/atletico-grau-vs-deportivo-moquegua-en-vivo-por-el-torneo-apertura-585428,28,7649,0.37%,7.3
https://www.futbolperuano.com/copa-de-la-liga/noticias/orlando-nunez-anuncio-su-salida-de-deportivo-garcilaso-a-pocas-horas-del-debut-en-la-copa-de-la-liga-587816,28,2727,1.03%,8.76
https://www.futbolperuano.com/partidos-por-tv/pluto-tv-c46,28,2705,1.04%,7.93
https://www.futbolperuano.com/copa-peru/noticias/fabrizio-roca-ficha-por-un-equipo-de-la-copa-peru-2026-589438,28,2595,1.08%,5.21
https://www.futbolperuano.com/en-vivo/liga-evolucion-zona-norte-de-futbol-playa-sub-20-peru-vs-colombia-en-vivo-586557,28,2461,1.14%,8.35
https://www.futbolperuano.com/mundial/noticias/didier-deschamps-tecnico-de-francia-abandono-el-mundial-2026-589085,28,1873,1.49%,4.42
https://www.futbolperuano.com/liga-1/noticias/ricardo-gareca-revela-que-pudo-volver-a-dirigir-en-la-liga-1-588178,28,1739,1.61%,5.23
https://www.futbolperuano.com/liga-1/noticias/la-insolita-razon-por-la-que-christian-cueva-aun-no-puede-ser-presentado-como-nuevo-refuerzo-de-sport-boys-589634,28,1376,2.03%,5.25
https://www.futbolperuano.com/liga-voley/alianza-lima-se-despide-de-otra-tricampeona-de-la-liga-peruana-de-voley-586099,28,1273,2.2%,2.81
https://www.futbolperuano.com/liga-1/noticias/carlos-zambrano-y-su-advertencia-a-christian-cueva-tras-su-fichaje-por-sport-boys-588810,28,1066,2.63%,4.98
https://www.futbolperuano.com/futbol-de-menores/copa-federacion/copa-federacion-2026-programacion-de-partidos-del-19-al-21-de-junio-588320,28,972,2.88%,6.46
https://www.futbolperuano.com/peru/clubes/santo-domingo-chachapoyas/,28,972,2.88%,6.53
https://www.futbolperuano.com/copa-peru/noticias/copa-peru-lluvia-de-goles-y-palizas-impensadas-en-el-caotico-inicio-de-la-etapa-departamental-de-arequipa-589854,28,843,3.32%,4.47
https://www.futbolperuano.com/peruanos-en-el-exterior/noticias/renato-tapia-en-la-mira-de-un-gigante-de-sudamerica-586896,28,784,3.57%,4.2
https://www.futbolperuano.com/futbol-internacional/belgica/tabla-de-posiciones,27,120011,0.02%,6.91
https://www.futbolperuano.com/mundial/noticias/inglaterra-vs-panama-en-vivo-online-por-la-fecha-3-del-grupo-l-del-mundial-2026-589643,27,78547,0.03%,9.83
https://www.futbolperuano.com/mundial/qatar-2022/tabla-de-posiciones,27,54592,0.05%,9.91
https://www.futbolperuano.com/mundial/noticias/tunez-vs-paises-bajos-en-vivo-por-el-mundial-2026-589198,27,24578,0.11%,8.43
https://www.futbolperuano.com/mundial/noticias/panama-vs-croacia-en-vivo-online-por-fecha-2-del-mundial-2026-588893,27,9908,0.27%,7.27
https://www.futbolperuano.com/partidos-por-tv/noticias/programacion-de-hoy-sabado-20-de-junio-de-2026-horarios-del-futbol-en-vivo-por-television-en-el-peru-588560,27,3243,0.83%,5.71
https://www.futbolperuano.com/mundial/noticias/con-enner-valencia-la-lista-de-convocados-de-ecuador-para-el-mundial-2026-586055,27,1963,1.38%,6.3
https://www.futbolperuano.com/peru/clubes/deportivo-municipal/,27,1384,1.95%,8.15
https://www.futbolperuano.com/copa-peru/noticias/los-equipos-de-cajamarca-y-su-lucha-por-llegar-etapa-departamental-copa-peru-2026-586182,27,1140,2.37%,6.61
https://www.futbolperuano.com/peru/mas-del-futbol-peruano/academias-de-futbol-en-el-distrito-de-los-olivos-499303,27,871,3.1%,6.82
https://www.futbolperuano.com/peru/mas-del-futbol-peruano/academias-de-futbol-en-el-distrito-de-chorrillos-499712,27,556,4.86%,5.84
https://www.futbolperuano.com/liga-1/noticias/sekou-gassama-y-los-futbolistas-que-no-seguiran-en-universitario-para-el-torneo-clausura-582853,27,195,13.85%,3.01
https://www.futbolperuano.com/mundial/noticias/turquia-vs-estados-unidos-en-vivo-por-el-mundial-2026-589255,26,16922,0.15%,8.78
https://www.futbolperuano.com/mundial/noticias/brasil-vs-haiti-en-vivo-por-el-mundial-2026-588430,26,10259,0.25%,8.63
https://www.futbolperuano.com/mundial/noticias/estados-unidos-vs-bosnia-en-vivo-por-el-mundial-2026-590033,26,9034,0.29%,6.75
https://www.futbolperuano.com/futbol-internacional/suecia/tabla-de-posiciones,26,6407,0.41%,9.43
https://www.futbolperuano.com/mundial/noticias/la-auf-cancelo-el-vuelo-charter-del-plantel-tras-fracaso-en-el-mundial-2026-589738,26,2961,0.88%,7.74
https://www.futbolperuano.com/copa-sudamericana/noticias/horarios-de-sporting-cristal-y-cienciano-para-playoffs-de-copa-sudamericana-2026-586454,26,2935,0.89%,5.24
https://www.futbolperuano.com/seleccion/noticias/mano-menezes-y-sus-sensaciones-tras-la-derrota-de-peru-ante-espana-587049,26,2700,0.96%,4.95
https://www.futbolperuano.com/en-vivo/mundial-2026-tunez-vs-japon-en-vivo-588593,26,2457,1.06%,7.59
https://www.futbolperuano.com/partidos-por-tv/eliminatorias-sudamericanas-t7,26,1959,1.33%,6.14
https://www.futbolperuano.com/copa-peru/noticias/los-equipos-clasificados-al-interligas-de-lima-en-la-copa-peru-2026-577627,26,1380,1.88%,5.3
https://www.futbolperuano.com/futbol-de-menores/copa-federacion-oro-2026-programacion-de-la-1ra-fecha-del-torneo-573613,26,1334,1.95%,6.34
https://www.futbolperuano.com/copa-peru/noticias/copa-peru-real-apurimac-de-tamburco-conquisto-la-etapa-provincial-de-abancay-tumbandose-al-favorito-de-todos-587957,26,1276,2.04%,5.64
https://www.futbolperuano.com/liga-1/noticias/roberto-mosquera-es-el-favorito-para-revertir-el-complicado-momento-de-sporting-cristal-586708,26,1258,2.07%,3.32
https://www.futbolperuano.com/peru/mas-del-futbol-peruano/el-insolito-equipo-en-el-que-jugara-patricio-arce-tras-salir-de-prision-582608,26,1165,2.23%,7.05
https://www.futbolperuano.com/liga-1/noticias/se-reactiva-la-opcion-de-raul-ruidiaz-la-respuesta-de-garcia-pye-que-vuelve-a-ilusionar-a-los-hinchas-de-universitario-588675,26,1030,2.52%,3.04
https://www.futbolperuano.com/fichajes/fichajes-de-fbc-melgar-en-el-2026-altas-bajas-renovaciones-y-rumores-552025,26,988,2.63%,6.14
https://www.futbolperuano.com/liga-voley/fichajes-de-universitario-altas-bajas-y-renovaciones-para-la-liga-peruana-de-voley-202627-583085,26,892,2.91%,6.46
https://www.futbolperuano.com/peru/mas-del-futbol-peruano/academias-de-futbol-en-san-martin-de-porres-498324,26,836,3.11%,7.01
https://www.futbolperuano.com/liga-1/noticias/cusco-fc-se-queda-sin-entrenador-para-el-torneo-clausura-2026-586231,26,800,3.25%,5.56
https://www.futbolperuano.com/peru/clubes/santo-domingo-nazca/,26,749,3.47%,5.98
https://www.futbolperuano.com/copa-peru/noticias/resultados-en-la-fecha-1-de-la-liga-distrital-de-cusco-por-copa-peru-2026-574106,26,699,3.72%,5.66
https://www.futbolperuano.com/copa-peru/noticias/copa-peru-2026-resultados-de-los-partidos-de-la-fecha-1-del-cuadrangular-final-de-la-etapa-provincial-de-huancayo-586032,26,615,4.23%,6.1
https://www.futbolperuano.com/copa-peru/noticias/copa-peru-la-liga-provincial-de-huancayo-ya-tiene-a-sus-clasificados-al-cuadrangular-final-584949,26,404,6.44%,5.25
https://www.futbolperuano.com/futbol-internacional/portugal/tabla-de-posiciones,25,168107,0.01%,7.12
https://www.futbolperuano.com/mundial/noticias/paises-bajos-vs-japon-en-vivo-por-el-mundial-2026-587763,25,24832,0.1%,11.33
https://www.futbolperuano.com/mundial/noticias/portugal-vs-congo-en-vivo-por-el-mundial-2026-588066,25,6802,0.37%,7.25
https://www.futbolperuano.com/seleccion/noticias/seleccion-peruana-hace-un-llamado-de-ultimo-momento-para-amistosos-ante-haiti-y-espana-585984,25,4362,0.57%,7.84
https://www.futbolperuano.com/en-vivo/liga-nacional-juvenil-sub-16-universitario-vs-sport-boys-en-vivo-586681,25,3638,0.69%,4.14
https://www.futbolperuano.com/liga-1/noticias/sporting-cristal-quiere-desarmar-a-deportivo-garcilaso-y-busca-llevarse-a-dos-de-sus-principales-figuras-585988,25,2768,0.9%,8.65
https://www.futbolperuano.com/partidos-por-tv/noticias/programacion-de-partidos-por-tv-del-domingo-14-de-junio-587817,25,2053,1.22%,6.75
https://www.futbolperuano.com/liga-1/noticias/por-que-jose-rivera-volvio-a-quedar-fuera-de-la-convocatoria-de-universitario-para-enfrentar-a-sport-huancayo-585912,25,1961,1.27%,4.68
https://www.futbolperuano.com/peruanos-en-el-exterior/noticias/el-portero-de-raices-peruanas-diego-kochen-dejara-barcelona-para-jugar-en-dinamarca-588189,25,1822,1.37%,6.45
https://www.futbolperuano.com/copa-de-la-liga/noticias/estadio-piurano-se-estrenara-con-un-partido-de-la-copa-de-la-liga-2026-586682,25,1382,1.81%,6.98
https://www.futbolperuano.com/liga-1/noticias/universitario-denuncio-a-paolo-guerrero-y-renzo-garces-ante-la-comision-disciplinaria-de-la-liga-587745,25,1274,1.96%,3.39
https://www.futbolperuano.com/en-vivo/liga-femenina-2026-flamengo-vs-fc-killas-en-vivo-587634,25,1113,2.25%,7.04
https://www.futbolperuano.com/copa-peru/noticias/atletico-torino-se-proclamo-campeon-provincial-en-la-copa-peru-2026-587919,25,1018,2.46%,4.74
https://www.futbolperuano.com/futbol-internacional/noticias/seleccionado-venezolano-y-otros-tres-jugadores-desaparecidos-tras-terremoto-en-venezuela-589524,25,771,3.24%,4.81
https://www.futbolperuano.com/liga-voley/campeonato-mundial-voley-femenino/tabla-de-posiciones,25,765,3.27%,9.52
https://www.futbolperuano.com/liga-1/noticias/melgar-sacude-el-mercado-de-pases-y-se-refuerza-con-un-volante-ecuatoriano-586807,25,703,3.56%,9.62
https://www.futbolperuano.com/liga-1/noticias/fichajes-de-deportivo-moquegua-altas-y-bajas-para-el-torneo-clausura-588182,25,702,3.56%,6.62
https://www.futbolperuano.com/mundial/noticias/noruega-vs-senegal-en-vivo-online-por-la-fecha-2-del-grupo-i-del-mundial-2026-588760,24,37734,0.06%,9.61
https://www.futbolperuano.com/mundial/noticias/inglaterra-vs-croacia-en-vivo-por-el-mundial-2026-588080,24,23684,0.1%,8.94
https://www.futbolperuano.com/mundial/noticias/costa-de-marfil-vs-noruega-en-vivo-online-por-los-16vos-de-final-del-mundial-2026-589793,24,19452,0.12%,8.76
https://www.futbolperuano.com/seleccion/noticias/fecha-hora-y-canal-del-amistoso-internacional-entre-peru-y-espana-586827,24,17207,0.14%,6.26
https://www.futbolperuano.com/mundial/noticias/que-partidos-mundial-2026-se-jugaran-viernes-26-de-junio-y-que-canales-transmitiran-en-vivo-589499,24,17022,0.14%,7.55
https://www.futbolperuano.com/mundial/noticias/que-partidos-mundial-2026-se-jugaran-martes-30-de-junio-y-que-canales-transmitiran-en-vivo-589930,24,12801,0.19%,5.34
https://www.futbolperuano.com/partidos-por-tv/amistosos-de-selecciones-t10,24,8726,0.28%,9.57
https://www.futbolperuano.com/peruanos-en-el-exterior/noticias/que-fue-de-la-vida-de-rodrigo-vilca-jugador-que-fue-fichado-por-el-newcastle-455902,24,4632,0.52%,1.43
https://www.futbolperuano.com/peru/clubes/carlos-a-manucci/,24,3654,0.66%,8.81
https://www.futbolperuano.com/futbol-femenino/usa-nwsl/tabla-de-posiciones,24,2209,1.09%,8.34
https://www.futbolperuano.com/liga-1/noticias/el-plantel-de-deportivo-moquegua-se-debilita-de-cara-al-torneo-clausura-587611,24,1650,1.45%,6.67
https://www.futbolperuano.com/copa-peru/noticias/jose-galvez-a-un-triunfo-de-la-etapa-provincial-de-la-copa-peru-2026-576990,24,1003,2.39%,6.51
https://www.futbolperuano.com/liga-1/noticias/adt-de-tarma-confirmo-la-llegada-de-un-entrenador-uruguayo-para-el-torneo-clausura-589682,24,917,2.62%,7.59
https://www.futbolperuano.com/peru/mas-del-futbol-peruano/academias-de-futbol-en-el-distrito-de-jesus-maria-498963,24,699,3.43%,8.01
https://www.futbolperuano.com/fichajes/fichajes-de-sport-huancayo-en-el-2026-altas-bajas-renovaciones-y-rumores-552031,24,556,4.32%,4.7
https://www.futbolperuano.com/copa-peru/noticias/que-paso-con-atletico-torino-en-la-copa-peru-2026-585340,24,445,5.39%,6.34
https://www.futbolperuano.com/tag/liga-distrital-de-chiclayo,24,280,8.57%,5.41
https://www.futbolperuano.com/mundial/noticias/mundial-2026-fixture-completo-y-horarios-de-los-partidos-de-argentina-en-la-copa-del-mundo-586853,23,20323,0.11%,6.08
https://www.futbolperuano.com/mundial/noticias/que-partidos-del-mundial-2026-se-jugaran-hoy-sabado-20-de-junio-y-que-canales-los-transmitiran-en-vivo-588654,23,17300,0.13%,6.49
https://www.futbolperuano.com/mundial/noticias/mundial-2026-fixture-completo-y-horarios-de-los-partidos-de-uruguay-en-la-copa-del-mundo-586865,23,8225,0.28%,8.8
https://www.futbolperuano.com/futbol-internacional/mundial-de-clubes/que-partidos-del-mundial-de-clubes-transmitira-america-tv-523168,23,7191,0.32%,10.53
https://www.futbolperuano.com/futbol-internacional/finlandia/tabla-de-posiciones,23,6954,0.33%,9
https://www.futbolperuano.com/liga-2/tabla-acumulada/tabla-de-posiciones,23,3089,0.74%,9.51
https://www.futbolperuano.com/liga-voley/a-que-hora-juega-republica-dominicana-en-la-liga-de-naciones-femenina-586327,23,2791,0.82%,7.03
https://www.futbolperuano.com/partidos-por-tv/copa-latina-de-voley-femenino-t477,23,2234,1.03%,8.73
https://www.futbolperuano.com/partidos-por-tv/noticias/programacion-de-partidos-por-tv-del-martes-2-de-junio-586161,23,2086,1.1%,5.03
https://www.futbolperuano.com/liga-1/noticias/christian-cueva-llego-a-un-acuerdo-con-sport-boys-que-falta-para-que-concrete-su-llegada-al-callao-586724,23,1825,1.26%,5.3
https://www.futbolperuano.com/liga-1/noticias/alianza-lima-cree-que-es-el-mejor-del-mundo-sergio-pena-rompio-el-silencio-y-ventilo-la-verdadera-personalidad-de-piero-cari-587414,23,1798,1.28%,2.98
https://www.futbolperuano.com/liga-1/noticias/carlos-garces-abre-la-puerta-a-sporting-cristal-tras-reciente-contacto-586485,23,1747,1.32%,3.5
https://www.futbolperuano.com/liga-1/noticias/universitario-de-deportes-pacto-tres-amistosos-antes-del-inicio-del-torneo-clausura-588483,23,1520,1.51%,4.39
https://www.futbolperuano.com/liga-1/noticias/javier-rabanal-vuelve-a-la-liga-1-cusco-fc-apuesta-por-el-exentrenador-de-universitario-para-el-torneo-clausura-587058,23,1283,1.79%,3.21
https://www.futbolperuano.com/liga-voley/LNSV-masculino/tabla-de-posiciones,23,811,2.84%,11.49
https://www.futbolperuano.com/liga-1/noticias/deportivo-garcilaso-se-refuerza-con-un-delantero-argentino-para-el-torneo-clausura-588148,23,782,2.94%,7.11
https://www.futbolperuano.com/copa-peru/noticias/copa-peru-2026-resultados-de-los-partidos-de-la-fecha-1-de-la-liguilla-final-de-la-etapa-provincial-de-abancay-586149,23,670,3.43%,5.33
https://www.futbolperuano.com/futbol-de-menores/copa-federacion/plata-b-serie-2/resultados,23,638,3.61%,6.96
https://www.futbolperuano.com/copa-peru/noticias/copa-peru-resultados-y-tabla-de-posiciones-en-la-fecha-1-de-la-liga-provincial-de-arequipa-582096,23,542,4.24%,6.91
https://www.futbolperuano.com/liga-1/noticias/comerciantes-unidos-oficializo-a-su-nuevo-entrenador-en-liga-1-584279,23,390,5.9%,5.49
https://www.futbolperuano.com/futbol-de-menores/copa-federacion/oro-sub-13/resultados,23,248,9.27%,4.46
https://www.futbolperuano.com/en-vivo/mundial-2026-noruega-vs-irak-en-vivo-588022,22,12068,0.18%,7.88
https://www.futbolperuano.com/en-vivo/mundial-2026-mexico-vs-ecuador-en-vivo-589970,22,9012,0.24%,3.92
https://www.futbolperuano.com/seleccion/noticias/seleccion-peruana-quien-es-matias-cordova-el-nuevo-arquero-que-cito-mano-menezes-585679,22,3371,0.65%,8.5
https://www.futbolperuano.com/liga-2/noticias/estudiantil-cni-dejaria-saposoa-para-jugar-nuevo-estadio-liga-2-579353,22,2575,0.85%,4.35
https://www.futbolperuano.com/liga-1/noticias/erick-delgado-cuestiono-con-dureza-el-fichaje-de-hernan-barcos-por-sporting-cristal-586921,22,1822,1.21%,3.1
https://www.futbolperuano.com/liga-2/noticias/deportivo-llacuabamba-se-harto-de-los-malos-arbitros-tras-la-derrota-ante-pirata-fc-586321,22,1810,1.22%,7.93
https://www.futbolperuano.com/partidos-por-tv/noticias/programacion-de-partidos-por-tv-del-jueves-25-de-junio-589299,22,1654,1.33%,6.03
https://www.futbolperuano.com/liga-1/noticias/fc-cajamarca-suma-su-segundo-refuerzo-para-el-torneo-clausura-589688,22,1601,1.37%,6.49
https://www.futbolperuano.com/peru/mas-del-futbol-peruano/historico-estadio-peruano-con-86-anos-de-fundacion-esta-proximo-a-ser-recuperado-589388,22,1254,1.75%,6.96
https://www.futbolperuano.com/copa-peru/noticias/la-increible-cancha-de-arena-en-la-que-se-jugo-una-final-en-peru-589352,22,935,2.35%,4.29
https://www.futbolperuano.com/futsal/futsalpro/resultados,22,804,2.74%,8.43
https://www.futbolperuano.com/liga-1/noticias/alianza-atletico-sufre-su-primera-baja-para-el-torneo-clausura-2026-587081,22,739,2.98%,5.74
https://www.futbolperuano.com/liga-voley/universitario-de-deportes-confirmo-el-futuro-de-seleisa-elisaia-587160,22,736,2.99%,5.16
https://www.futbolperuano.com/liga-3/noticias/el-estadio-en-el-que-jugara-de-local-ucayali-fc-la-liga-3-584095,22,731,3.01%,5.77
https://www.futbolperuano.com/peru/clubes/ad-tahuishco-moyobamba/,22,729,3.02%,5.5
https://www.futbolperuano.com/liga-1/noticias/gianluca-lapadula-ya-tiene-fecha-de-llegada-a-lima-para-ser-anunciado-como-nuevo-refuerzo-de-universitario-588362,22,705,3.12%,3.36
https://www.futbolperuano.com/futsal/copa-libertadores/tabla-de-posiciones,22,656,3.35%,9.13
https://www.futbolperuano.com/copa-peru/noticias/miguel-grau-de-abancay-a-un-paso-de-la-etapa-departamental-copa-peru-2026-586671,22,610,3.61%,4.97
https://www.futbolperuano.com/tag/liga-departamental-de-lambayeque,22,548,4.01%,5.68
https://www.futbolperuano.com/peru/mas-del-futbol-peruano/academias-de-futbol-en-el-distrito-de-chorrillos-499831,22,344,6.4%,7.77
https://www.futbolperuano.com/en-vivo/mundial-2026-francia-vs-noruega-en-vivo-589543,21,51974,0.04%,9.82
https://www.futbolperuano.com/mundial/noticias/brasil-vs-escocia-en-vivo-por-el-mundial-2026-589073,21,19993,0.11%,7.87
https://www.futbolperuano.com/mundial/noticias/arabia-saudita-vs-uruguay-en-vivo-por-el-mundial-2026-587827,21,10626,0.2%,8.98
https://www.futbolperuano.com/eliminatorias/goleadores,21,10239,0.21%,7.89
https://www.futbolperuano.com/mundial/noticias/portugal-vs-uzbekistan-en-vivo-online-por-la-fecha-2-del-grupo-k-del-mundial-2026-588961,21,8923,0.24%,6.91
https://www.futbolperuano.com/mundial/noticias/las-llaves-confirmadas-de-los-octavos-de-final-del-mundial-2026-590013,21,8667,0.24%,7.78
https://www.futbolperuano.com/mundial/noticias/las-curiosidades-de-cabo-verde-la-seleccion-que-cautivo-a-todos-tra-clasificar-a-los-16avos-de-final-del-mundial-2026-589735,21,6626,0.32%,7.13
https://www.futbolperuano.com/mundial/noticias/francia-vs-senegal-en-vivo-por-el-mundial-2026-588006,21,5638,0.37%,7.12
https://www.futbolperuano.com/seleccion/noticias/seleccion-peruana-a-que-hora-sera-el-amistoso-ante-espana-586948,21,4560,0.46%,5.51
https://www.futbolperuano.com/liga-voley/cuando-inicia-la-liga-de-naciones-de-voleibol-femenino-2026-584602,21,4210,0.5%,8.69
https://www.futbolperuano.com/mundial/noticias/mexico-vs-ecuador-en-vivo-por-el-mundial-2026-589877,21,3930,0.53%,7.27
https://www.futbolperuano.com/liga-2/noticias/bentin-tacna-vs-estudiantil-cni-en-vivo-online-por-la-fecha-9-de-la-liga-2-2026-585833,21,2132,0.98%,8.73
https://www.futbolperuano.com/seleccion/noticias/seleccion-peruana-el-dardo-venenoso-de-johan-fano-contra-alex-valera-por-sus-constantes-bajas-en-la-bicolor-586585,21,1402,1.5%,5.08
https://www.futbolperuano.com/partidos-por-tv/noticias/programacion-de-partidos-por-tv-del-lunes-1-de-junio-586034,21,1131,1.86%,5.16
https://www.futbolperuano.com/partidos-por-tv/youtube-c21,21,990,2.12%,6.25
https://www.futbolperuano.com/liga-3/noticias/sporting-company-apelo-su-expulsion-de-la-liga-3-tras-batalla-campal-ante-jose-maria-arguedas-589850,21,852,2.46%,4.35
https://www.futbolperuano.com/liga-3/noticias/union-huaral-se-quedo-sin-director-tecnico-tras-la-derrota-ante-alianza-lima-588027,21,636,3.3%,4.75
https://www.futbolperuano.com/copa-peru/noticias/resultados-fecha-6-liga-distrital-ica-en-copa-peru-2026-576727,21,502,4.18%,5.49
https://www.futbolperuano.com/copa-peru/noticias/copa-peru-2026-arbitro-acaba-partido-porque-ya-no-habian-pelotas-586608,21,468,4.49%,4.63
https://www.futbolperuano.com/peru/mas-del-futbol-peruano/academias-de-futbol-en-el-distrito-de-pueblo-libre-500116,21,423,4.96%,8.93
https://www.futbolperuano.com/liga-3/noticias/cuantos-equipos-de-la-liga-3-ascenderan-a-la-liga-2-507291,21,379,5.54%,5.68
https://www.futbolperuano.com/peru/mas-del-futbol-peruano/academias-de-futbol-en-el-distrito-de-surquillo-499580,21,355,5.92%,8.61
https://www.futbolperuano.com/futbol-femenino/liga-femenina/goleadores,21,57,36.84%,4.88
https://www.futbolperuano.com/mundial/noticias/francia-vs-suecia-en-vivo-por-el-mundial-2026-589878,20,16395,0.12%,10.59
https://www.futbolperuano.com/seleccion/noticias/seleccion-peruana-cuando-se-jugara-el-amistoso-ante-espana-586779,20,11719,0.17%,5.51
https://www.futbolperuano.com/peru/mas-del-futbol-peruano/erick-osores-y-su-conmovedora-revelacion-sobre-su-estado-de-salud-527340,20,6819,0.29%,1.33
https://www.futbolperuano.com/mundial/noticias/francia-vs-noruega-en-vivo-online-por-el-mundial-2026-589505,20,6742,0.3%,7.07
https://www.futbolperuano.com/en-vivo/amistoso-previo-al-mundial-2026-colombia-vs-costa-rica-en-vivo-586124,20,6546,0.31%,4.03
https://www.futbolperuano.com/mundial/noticias/argentina-vs-austria-en-vivo-online-por-la-fecha-2-del-mundial-2026-588755,20,6398,0.31%,8.3
https://www.futbolperuano.com/futbol-internacional/letonia/tabla-de-posiciones,20,6268,0.32%,7.32
https://www.futbolperuano.com/peruanos-en-el-exterior/noticias/adrian-ugarriza-fue-anunciado-como-nuevo-jugador-del-ironi-kiryat-shmona-de-israel-tras-su-paso-por-deportivo-garcilaso-526734,20,4726,0.42%,9.03
https://www.futbolperuano.com/en-vivo/mundial-2026-brasil-vs-japon-en-vivo-589832,20,2352,0.85%,9.26
https://www.futbolperuano.com/liga-2/noticias/,20,1779,1.12%,10.97
https://www.futbolperuano.com/partidos-por-tv/noticias/programacion-de-partidos-por-tv-del-martes-9-de-junio-587044,20,1557,1.28%,4.96
https://www.futbolperuano.com/liga-1/noticias/pedro-gallese-vuelve-a-matute-alianza-lima-pacta-amistoso-internacional-con-deportivo-cali-589436,20,1462,1.37%,4.22