Páginas principales,Clics,Impresiones,CTR,Posición
https://www.futbolperuano.com/partidos-por-tv/,75356,1297004,5.81%,6.32
https://www.futbolperuano.com/liga-voley/LNSV/tabla-de-posiciones,41167,247483,16.63%,6.18
https://www.futbolperuano.com/liga-voley/LNSV/resultados,8596,179233,4.8%,7.4
https://www.futbolperuano.com/,7655,75286,10.17%,6.47
https://www.futbolperuano.com/futsal/peru-vs-brasil-en-vivo-por-la-copa-america-de-futsal-2026-561885,5234,92547,5.66%,4.15
https://www.futbolperuano.com/liga-1/noticias/baja-sensible-universitario-pierde-a-importante-figura-para-su-debut-en-la-liga-1-2026-558587,5049,21294,23.71%,4.73
https://www.futbolperuano.com/liga-1/noticias/liga-1-2026-se-realizo-el-sorteo-del-fixture-y-se-definio-el-calendario-completo-del-torneo-peruano-558237,4137,55179,7.5%,6.4
https://www.futbolperuano.com/futsal/resultados-y-tabla-de-posiciones-de-la-copa-america-de-futsal-560906,3379,79564,4.25%,7.65
https://www.futbolperuano.com/peruanos-en-el-exterior/,3325,12578,26.44%,4.1
https://www.futbolperuano.com/liga-1/tabla-acumulada/tabla-de-posiciones,3304,210748,1.57%,7.32
https://www.futbolperuano.com/liga-1/noticias/de-regreso-universitario-suma-un-nuevo-refuerzo-en-busca-del-tetracampeonato-en-el-2026-557761,3173,16548,19.17%,4.32
https://www.futbolperuano.com/en-vivo/amistoso-internacional-cusco-fc-vs-always-ready-560982,3081,93490,3.3%,4.2
https://www.futbolperuano.com/futsal/donde-ver-en-vivo-la-copa-america-de-futsal-2026-560915,2987,48399,6.17%,7.69
https://www.futbolperuano.com/liga-1/noticias/los-cinco-operadores-que-transmitiran-la-liga-1-del-2026-558169,2802,49036,5.71%,6.63
https://www.futbolperuano.com/en-vivo/copa-america-de-futsal-brasil-vs-peru-en-vivo-561928,2704,61509,4.4%,5.46
https://www.futbolperuano.com/liga-1/noticias/confirmado-universitario-revela-el-canal-que-transmitira-todos-sus-encuentros-en-la-liga-1-2026-560992,2318,50510,4.59%,7.48
https://www.futbolperuano.com/futbol-femenino/liga-femenina/alianza-lima-oficializo-a-nuevo-refuerzo-extranjero-para-el-2026-558008,2309,14439,15.99%,8.16
https://www.futbolperuano.com/liga-3/tabla-de-posiciones,2239,27742,8.07%,4.32
https://www.futbolperuano.com/liga-voley/san-martin-vs-kazoku-no-peru-en-vivo-online-por-la-fecha-11-de-la-liga-peruana-de-voley-557359,2192,26806,8.18%,4.42
https://www.futbolperuano.com/liga-voley/tablas-y-resultados-de-la-fecha-3-de-la-fase-2-de-la-liga-peruana-de-voley-560904,1821,42002,4.34%,5.15
https://www.futbolperuano.com/liga-voley/sudamericano-de-clubes-de-voley-2026-san-martin-recibe-dura-noticia-a-un-mes-del-torneo-continental-en-peru-558374,1779,11636,15.29%,5.4
https://www.futbolperuano.com/futsal/la-seleccion-peruana-supera-a-uruguay-y-se-mete-en-las-semifinales-de-la-copa-america-de-futsal-2026-561737,1718,40204,4.27%,4.46
https://www.futbolperuano.com/liga-1/noticias/entradas-que-no-despegan-el-alianza-lima-ante-inter-miami-por-la-noche-blanquiazul-lejos-del-lleno-en-matute-560986,1617,61448,2.63%,6.41
https://www.futbolperuano.com/liga-1/noticias/l1-max-gratis-en-movistar-como-ver-todos-los-partidos-de-la-liga-1-2026-561539,1591,39783,4%,6.61
https://www.futbolperuano.com/liga-voley/liga-peruana-de-voley-define-su-fase-2-asi-se-jugara-la-recta-final-de-la-temporada-2025-26-557520,1413,22119,6.39%,5.4
https://www.futbolperuano.com/liga-2/tabla-de-posiciones,1349,130705,1.03%,7.08
https://www.futbolperuano.com/liga-1/noticias/hernan-barcos-ya-tiene-nuevo-equipo-para-la-liga-1-del-2025-557203,1339,16286,8.22%,7.01
https://www.futbolperuano.com/liga-2/noticias/estos-son-los-18-equipos-que-disputaran-la-liga-2-2026-553448,1313,14315,9.17%,4.76
https://www.futbolperuano.com/en-vivo/amistoso-universitario-de-deportes-vs-sport-boys-560050,1293,41478,3.12%,6.14
https://www.futbolperuano.com/en-vivo/tarde-rojinegra-2026-melgar-vs-macara-561066,1264,46763,2.7%,5.38
https://www.futbolperuano.com/en-vivo/torneo-apertura-2026-sport-huancayo-vs-alianza-lima-561743,1220,142584,0.86%,8.7
https://www.futbolperuano.com/liga-voley/programacion-de-la-fecha-3-de-la-fase-2-de-la-liga-peruana-de-voley-2025-26-560305,1205,20778,5.8%,5.53
https://www.futbolperuano.com/liga-1/noticias/liga-1-donde-comprar-entradas-para-el-sport-huancayo-vs-alianza-lima-561578,1202,38362,3.13%,6.76
https://www.futbolperuano.com/liga-1/noticias/liga-1-2026-fecha-de-inicio-confirmada-y-dia-del-sorteo-del-fixture-del-proximo-torneo-554015,1131,24885,4.54%,7.53
https://www.futbolperuano.com/liga-1/noticias/se-oficializo-la-fecha-de-inicio-de-la-liga-1-del-2026-558136,1082,38734,2.79%,7.71
https://www.futbolperuano.com/liga-1/noticias/liga-1-2026-fecha-para-el-sorteo-del-fixture-de-los-partidos-del-torneo-apertura-y-clausura-557755,1057,23923,4.42%,6.97
https://www.futbolperuano.com/liga-1/noticias/el-quinto-extranjero-de-alianza-lima-ya-llego-a-peru-557268,1009,15636,6.45%,7.66
https://www.futbolperuano.com/liga-1/noticias/liga-1-por-movistar-l1-max-ocupara-el-lugar-de-golperu-en-la-temporada-2026-561362,998,26141,3.82%,6.44
https://www.futbolperuano.com/partidos-por-tv/noticias/cienciano-vs-bolivar-de-la-paz-en-vivo-online-por-la-tarde-del-rojo-imperial-2026-561081,949,38508,2.46%,5.82
https://www.futbolperuano.com/liga-3/noticias/estos-son-los-37-equipos-que-disputaran-la-liga-3-2026-553500,933,9007,10.36%,5.02
https://www.futbolperuano.com/fichajes/fichajes-de-utc-de-cajamarca-en-el-2026-altas-bajas-renovaciones-y-rumores-552780,906,26374,3.44%,8.94
https://www.futbolperuano.com/liga-1/noticias/contra-un-viejo-conocido-fecha-y-hora-del-debut-de-sporting-cristal-en-la-vitoria-cup-557533,904,16899,5.35%,5.82
https://www.futbolperuano.com/liga-1/noticias/fc-cajamarca-asegura-un-nuevo-ex-alianza-lima-en-su-plantel-557565,845,13574,6.23%,7.02
https://www.futbolperuano.com/partidos-por-tv/peru-liga-peruana-de-voley-femenino-lnsv-t295,828,39263,2.11%,8.58
https://www.futbolperuano.com/liga-voley/universitario-vs-olva-latino-en-vivo-online-por-la-fase-2-de-la-liga-peruana-de-voley-560121,808,31227,2.59%,5.61
https://www.futbolperuano.com/partidos-por-tv/espn-c1,806,19352,4.16%,7.89
https://www.futbolperuano.com/futsal/fecha-hora-y-canal-del-debut-de-peru-en-la-copa-america-de-futsal-560928,804,16352,4.92%,7.4
https://www.futbolperuano.com/liga-1/noticias/sekou-gassama-ya-no-llega-a-universitario-javier-rabanal-responde-a-los-cuestionamientos-sobre-el-9-crema-558015,804,10754,7.48%,5.07
https://www.futbolperuano.com/en-vivo/trofeo-lizarraga-2026-sport-boys-vs-everton-561067,799,52753,1.51%,7.01
https://www.futbolperuano.com/en-vivo/tarde-del-rojo-imperial-2026-cienciano-vs-bolivar-561062,783,41241,1.9%,6.3
https://www.futbolperuano.com/liga-1/noticias/liga-1-fixture-de-universitario-de-deportes-en-el-torneo-apertura-2026-558224,769,23067,3.33%,7.49
https://www.futbolperuano.com/liga-1/noticias/fichajes-en-la-liga-1-2026-altas-bajas-renovaciones-y-remores--en-vivo-551575,757,16381,4.62%,7.51
https://www.futbolperuano.com/liga-voley/tablas-y-resultados-de-los-partidos-de-la-fecha-2-de-la-fase-2-de-la-liga-peruana-de-voley-560043,752,25683,2.93%,5.84
https://www.futbolperuano.com/partidos-por-tv/liga-1-primera-division-del-peru-t35,747,76054,0.98%,8.85
https://www.futbolperuano.com/partidos-por-tv/amistosos-de-clubes-t11,744,54753,1.36%,9.88
https://www.futbolperuano.com/liga-1/noticias/felipe-vizeu-podria-dejar-sporting-cristal-un-posible-fichaje-extranjero-activaria-su-salida-en-plena-planificacion-del-2026-557351,743,9860,7.54%,5.29
https://www.futbolperuano.com/liga-1/noticias/cienciano-confirmo-fecha-y-rival-para-la-tarde-del-rojo-imperial-2026-558417,733,22058,3.32%,7.26
https://www.futbolperuano.com/liga-voley/tablas-y-resultados-de-los-partidos-de-la-fecha-1-de-la-fase-2-de-la-liga-peruana-de-voley-558177,732,21161,3.46%,7.3
https://www.futbolperuano.com/liga-1/noticias/sport-boys-confirmo-rival-y-fecha-para-su-trofeo-lizarraga-2026-558326,728,14487,5.03%,5.38
https://www.futbolperuano.com/en-vivo/,723,18749,3.86%,7.29
https://www.futbolperuano.com/fichajes/fichajes-de-cienciano-en-el-2026-altas-bajas-renovaciones-y-rumores-552719,711,6869,10.35%,4.36
https://www.futbolperuano.com/en-vivo/copa-america-de-futsal-paraguay-vs-peru-en-vivo-561082,709,12131,5.84%,6.24
https://www.futbolperuano.com/liga-1/noticias/universitario-vs-melgar-hoy-donde-ver-en-el-amistoso-560418,697,31813,2.19%,5.64
https://www.futbolperuano.com/futbol-internacional/espana/copa-del-rey/tabla-de-posiciones,687,52035,1.32%,8.29
https://www.futbolperuano.com/liga-voley/programacion-de-la-fecha-2-de-la-fase-2-de-la-liga-peruana-de-voley-2025-26-558423,683,15241,4.48%,5.78
https://www.futbolperuano.com/liga-1/noticias/sport-boys-vs-everton-en-vivo-online-por-el-trofeo-lizarraga-2026-561122,672,70197,0.96%,5.94
https://www.futbolperuano.com/liga-voley/resultados-y-posiciones-del-sudamericano-de-voleibol-masculino-sub-17-558606,671,7101,9.45%,15.56
https://www.futbolperuano.com/en-vivo/universitario-vs-melgar-partido-amistoso-en-vivo-560420,663,31680,2.09%,6.34
https://www.futbolperuano.com/peru/cristiano-ronaldo-vendria-al-peru-este-2026-quien-seria-su-rival-y-cuando-llegaria-561487,622,32619,1.91%,5.5
https://www.futbolperuano.com/liga-1/noticias/el-nuevo-nombre-que-tendria-la-liga-1-en-el-2026-556252,622,13313,4.67%,7.95
https://www.futbolperuano.com/futbol-de-menores/copa-efipan-sub-15/resultados,615,3087,19.92%,6.27
https://www.futbolperuano.com/liga-1/noticias/fc-cajamarca-vs-adt-de-tarma-pronostico-y-cuando-juegan-por-la-tarde-cajacha-2026-560199,588,60442,0.97%,6.02
https://www.futbolperuano.com/liga-voley/sudamericano-de-clubes-de-voley-2026-alianza-lima-regatas-lima-y-san-martin-ya-conocen-a-sus-rivales-en-la-fase-de-grupos-560032,588,14437,4.07%,5.77
https://www.futbolperuano.com/liga-voley/alianza-lima-vs-circolo-sportivo-italiano-en-vivo-por-la-liga-peruana-de-voley-560947,586,37620,1.56%,5.3
https://www.futbolperuano.com/liga-voley/la-tabla-liga-nacional-de-voley-tras-respuesta-apelacion-alianza-lima-557211,574,14348,4%,7.83
https://www.futbolperuano.com/futbol-de-menores/copa-efipan-sub-15/tabla-de-posiciones,573,2811,20.38%,6.69
https://www.futbolperuano.com/fichajes/fichajes-de-fbc-melgar-en-el-2026-altas-bajas-renovaciones-y-rumores-552025,570,7215,7.9%,4.54
https://www.futbolperuano.com/futsal/copa-america/tabla-de-posiciones,558,9050,6.17%,8.05
https://www.futbolperuano.com/en-vivo/torneo-de-verano-de-bolivia-the-strongest-vs-bolivar-en-vivo-561919,555,42863,1.29%,6.03
https://www.futbolperuano.com/liga-voley/universitario-de-deportes-vs-rebaza-acosta-en-vivo-por-la-liga-peruana-de-voley-femenino-561074,542,10849,5%,4.77
https://www.futbolperuano.com/liga-voley/programacion-de-la-fecha-11-de-la-liga-peruana-de-voley-2025-26-556860,533,15694,3.4%,7.06
https://www.futbolperuano.com/liga-1/noticias/noche-blanquiazul-en-alerta-alianza-lima-baja-40-el-precio-de-entradas-para-llenar-matute-ante-inter-miami-560380,515,22370,2.3%,7.31
https://www.futbolperuano.com/liga-voley/atenea-open/resultados,515,4623,11.14%,7.21
https://www.futbolperuano.com/liga-1/noticias/marco-huaman-deja-alianza-lima-para-jugar-a-prestamo-por-cienciano-en-el-2026-557434,506,6222,8.13%,5.07
https://www.futbolperuano.com/liga-voley/resultados-y-posiciones-de-la-fecha-11-de-la-liga-peruana-de-voley-557312,505,19767,2.55%,7.02
https://www.futbolperuano.com/peruanos-en-el-exterior/noticias/jesus-pretell-no-llega-solo-ldu-de-tiago-nunes-suma-a-un-viejo-conocido-de-sporting-cristal-558702,500,5345,9.35%,6.35
https://www.futbolperuano.com/fichajes/fichajes-de-sport-huancayo-en-el-2026-altas-bajas-renovaciones-y-rumores-552031,499,3676,13.57%,3.51
https://www.futbolperuano.com/liga-2/,498,19624,2.54%,7.39
https://www.futbolperuano.com/liga-voley/alianza-lima-vs-regatas-lima-en-vivo-online-por-la-fecha-11-de-la-liga-peruana-de-voley-557429,494,34449,1.43%,7.76
https://www.futbolperuano.com/futbol-internacional/inglaterra/fa-cup/tabla-de-posiciones,475,9588,4.95%,9.6
https://www.futbolperuano.com/liga-2/noticias/carlos-mannucci-comenzo-a-reforzarse-para-la-liga-2-del-2026-557574,473,7742,6.11%,8.67
https://www.futbolperuano.com/liga-1/noticias/amargo-estreno-en-casa-adt-cayo-3-2-ante-libertad-fc-en-la-tarde-de-tarma-561185,472,11279,4.18%,6.66
https://www.futbolperuano.com/fichajes/fichajes-de-alianza-lima-en-el-2026-altas-bajas-renovaciones-y-rumores-551778,470,18414,2.55%,7.34
https://www.futbolperuano.com/liga-1/noticias/utc-vs-atletico-grau-en-vivo-por-el-torneo-apertura-561738,469,110409,0.42%,7.05
https://www.futbolperuano.com/liga-1/noticias/juan-pablo-ii-deslumbra-en-la-tarde-amarilla-con-goleada-y-despierta-ilusion-en-chongoyape-561103,462,34214,1.35%,9.37
https://www.futbolperuano.com/copa-peru/noticias/la-copa-peru-2026-ya-tiene-fecha-de-inicio-557031,458,11234,4.08%,6.17
https://www.futbolperuano.com/liga-voley/atletico-atenea-vs-deportivo-soan-en-vivo-por-la-liga-peruana-de-voley-femenino-561135,454,6196,7.33%,3.63
https://www.futbolperuano.com/liga-1/noticias/melgar-vs-deportivo-macara-en-vivo-online-por-la-tarde-rojinegra-2026-561116,453,23433,1.93%,6.05
https://www.futbolperuano.com/fichajes/fichajes-de-fc-cajamarca-en-el-2026-altas-bajas-renovaciones-y-rumores-552295,448,8593,5.21%,7.37
https://www.futbolperuano.com/copa-peru/noticias/se-cambio-el-formato-a-la-etapa-nacional-de-la-copa-peru-2026-557259,448,7515,5.96%,6.74
https://www.futbolperuano.com/copa-peru/,430,19470,2.21%,5.76
https://www.futbolperuano.com/en-vivo/the-strongest-vs-cusco-fc-partido-amistoso-en-vivo-desde-la-paz-561205,430,8285,5.19%,6.98
https://www.futbolperuano.com/fichajes/fichajes-de-universitario-de-deportes-en-el-2026-altas-bajas-renovaciones-y-rumores-552194,428,18069,2.37%,8.32
https://www.futbolperuano.com/en-vivo/la-tarde-cajacha-2026-fc-cajamarca-vs-adt-de-tarma-560162,425,35618,1.19%,7.28
https://www.futbolperuano.com/copa-libertadores/noticias/conmebol-revela-la-nueva-sede-para-el-partido-de-sporting-cristal-en-la-fase-2-de-la-copa-libertadores-561773,422,11556,3.65%,5.34
https://www.futbolperuano.com/liga-1/noticias/liga-1-2026-tendra-nuevo-torneo-la-fpf-lanza-la-copa-de-la-liga-que-se-jugara-durante-el-mundial-558236,414,16950,2.44%,6.04
https://www.futbolperuano.com/en-vivo/adt-vs-la-libertad-partido-amistoso-en-vivo-por-la-tarde-de-tarma-561167,414,5527,7.49%,6.18
https://www.futbolperuano.com/liga-1/noticias/cienciano-se-refuerza-con-ex-sporting-cristal-557684,412,9062,4.55%,6.02
https://www.futbolperuano.com/en-vivo/copa-america-de-futsal-peru-vs-argentina-en-vivo-561148,410,11533,3.56%,6.68
https://www.futbolperuano.com/liga-1/noticias/sporting-cristal-confirma-su-primer-amistoso-del-2026-557987,398,9436,4.22%,6.4
https://www.futbolperuano.com/liga-voley/liga-peruana-de-voley-se-definio-la-programacion-del-cuadrangular-por-la-revalidacion-a-la-division-de-oro-558769,392,9164,4.28%,6.59
https://www.futbolperuano.com/en-vivo/liga-1-sport-boys-vs-los-chankas-561915,383,114688,0.33%,7.34
https://www.futbolperuano.com/liga-1/noticias/universitario-tomo-una-rotunda-decision-con-respecto-al-futuro-de-alvaro-rojas-557633,377,7234,5.21%,4.58
https://www.futbolperuano.com/partidos-por-tv/uefa-champions-league-t8,372,34724,1.07%,9.38
https://www.futbolperuano.com/en-vivo/alianza-lima-vs-rebaza-acosta-en-vivo-por-la-liga-peruana-de-voley-femenino-558397,370,11959,3.09%,5.47
https://www.futbolperuano.com/liga-voley/san-martin-vs-alianza-lima-en-vivo-por-la-liga-peruana-de-voley-561981,369,9523,3.87%,4.02
https://www.futbolperuano.com/liga-1/noticias/liga-1-fixture-de-fc-cajamarca-en-el-torneo-apertura-2026-558266,368,10147,3.63%,6.61
https://www.futbolperuano.com/partidos-por-tv/liga-1-peru-torneo-apertura-t35,357,28087,1.27%,10.87
https://www.futbolperuano.com/futsal/futsalpro/tabla-de-posiciones,357,8676,4.11%,7.14
https://www.futbolperuano.com/futbol-femenino/liga-femenina/liga-femenina-los-clubes-que-disputaran-la-primera-division-femenina-de-peru-en-el-2026-555157,356,1723,20.66%,4.8
https://www.futbolperuano.com/liga-1/noticias/liga-1-fixture-de-sporting-cristal-en-el-torneo-apertura-2026-558226,355,7839,4.53%,6.13
https://www.futbolperuano.com/futbol-femenino/liga-femenina/alianza-lima-va-por-cardona-acuerdo-muy-avanzado-con-figura-de-atletico-nacional-para-la-temporada-2026-557409,352,4944,7.12%,7.45
https://www.futbolperuano.com/liga-1/noticias/utc-de-cajamarca-suma-otro-refuerzo-extranjero-para-la-liga-1-557280,352,4802,7.33%,5.86
https://www.futbolperuano.com/liga-1/noticias/fc-cajamarca-se-refuerza-para-la-liga-1-con-un-ex-river-plate-557194,343,10434,3.29%,7.86
https://www.futbolperuano.com/liga-1/noticias/fc-cajamarca-sorprende-y-pacta-amistoso-con-gigante-sudamericano-557715,340,5465,6.22%,6.82
https://www.futbolperuano.com/futbol-internacional/noticias/resultados-de-la-serie-rio-de-la-plata-2026-558175,339,14319,2.37%,8.8
https://www.futbolperuano.com/futbol-de-menores/copa-efipan-sub-15/,337,2407,14%,8.95
https://www.futbolperuano.com/partidos-por-tv/futsal-pro-peru-t195,336,4848,6.93%,6.79
https://www.futbolperuano.com/liga-1/resultados,334,62723,0.53%,11.12
https://www.futbolperuano.com/liga-voley/sudamericano-de-clubes-de-voley-2026-formato-y-premio-para-los-finalistas-del-certamen-560038,334,9391,3.56%,6.57
https://www.futbolperuano.com/liga-1/noticias/los-cuatro-equipos-que-se-opusieron-a-incrementar-el-cupo-de-extranjeros-en-liga-1-2026-557842,333,3582,9.3%,5.6
https://www.futbolperuano.com/liga-2/noticias/liga-2-union-minas-anuncia-cinco-nuevos-refuerzos-para-la-temporada-2026-560402,330,3760,8.78%,7.2
https://www.futbolperuano.com/en-vivo/circolo-vs-regatas-lima-en-vivo-por-la-liga-peruana-de-voley-femenino-558384,328,5143,6.38%,4.5
https://www.futbolperuano.com/liga-1/noticias/universitario-vs-u-de-chile-en-vivo-online-por-la-noche-crema-2026-561013,326,33038,0.99%,6.95
https://www.futbolperuano.com/en-vivo/universitario-vs-regatas-lima-reaccion-en-vivo-por-la-liga-peruana-de-voley-femenino-562031,325,12912,2.52%,3.53
https://www.futbolperuano.com/liga-1/noticias/alianza-lima-no-se-detiene-en-el-mercado-pablo-guede-pidio-un-volante-extranjero-y-ya-se-mueve-por-el-septimo-cupo-559928,325,5213,6.23%,6.42
https://www.futbolperuano.com/liga-1/noticias/alianza-lima-revela-si-ficharan-a-bryan-reyna-y-fernando-pacheco-para-la-liga-1-2026-558576,310,8016,3.87%,6.05
https://www.futbolperuano.com/liga-voley/circolo-sportivo-italiano-vs-deportivo-geminis-en-vivo-online-por-fase-2-de-liga-peruana-de-voley-560117,310,4878,6.36%,5.84
https://www.futbolperuano.com/liga-1/noticias/cesar-inga-fue-vendido-al-kansas-city-por-mas-de-un-millon-y-medio-de-dolares-y-adt-celebra-ingreso-millonario-560178,308,9657,3.19%,7.07
https://www.futbolperuano.com/liga-1/noticias/fria-presentacion-del-plantel-de-alianza-lima-dejo-un-estadio-semivacio-561095,303,14553,2.08%,3.94
https://www.futbolperuano.com/liga-2/noticias/liga-2-cesar-vallejo-suma-a-exjugadores-de-sporting-cristal-y-universitario-de-deportes-558370,302,7948,3.8%,7.11
https://www.futbolperuano.com/fichajes/fichajes-de-adt-de-tarma-en-el-2026-altas-bajas-renovaciones-y-rumores-552425,300,2991,10.03%,4.9
https://www.futbolperuano.com/liga-1/noticias/el-ultimo-extranjero-universitario-va-con-todo-por-el-fichaje-de-ivan-tapia-hijo-del-presidente-de-la-afa-557517,297,11700,2.54%,6.73
https://www.futbolperuano.com/liga-1/noticias/sekou-gassama-llego-al-peru-y-este-es-el-insolito-numero-que-utilizara-en-universitario-560683,297,9782,3.04%,6.67
https://www.futbolperuano.com/futbol-femenino/tabla-de-posiciones,296,10471,2.83%,8.2
https://www.futbolperuano.com/partidos-por-tv/laliga-de-espana-t16,290,10539,2.75%,9.7
https://www.futbolperuano.com/seleccion/noticias/seleccion-peruana-enfrentara-selecciones-mundialistas-tras-la-llegada-de-mano-menezes-561712,290,8905,3.26%,6.16
https://www.futbolperuano.com/fichajes/fichajes-de-sport-boys-en-el-2026-altas-bajas-renovaciones-y-rumores-552770,290,3285,8.83%,4.5
https://www.futbolperuano.com/liga-1/noticias/utc-sumo-dos-nuevos-refuerzos-para-disputar-la-liga-1-2026-558145,287,4642,6.18%,6.46
https://www.futbolperuano.com/fichajes/fichajes-de-cusco-fc-en-el-2026-altas-bajas-renovaciones-y-rumores-para-la-liga-1-y-copa-libertadores-551771,287,2085,13.76%,4.76
https://www.futbolperuano.com/liga-1/noticias/escandalo-en-el-inicio-de-la-liga-1-2026-partido-arranco-sin-transmision-por-deuda-de-1190-sports-561851,286,25237,1.13%,6.1
https://www.futbolperuano.com/en-vivo/amistoso-internacional-bolivia-vs-panama-560163,285,27872,1.02%,4.2
https://www.futbolperuano.com/en-vivo/universitario-de-deportes-vs-regatas-lima-en-vivo-por-la-liga-peruana-de-voley-femenino-562030,281,7700,3.65%,4.74
https://www.futbolperuano.com/liga-1/noticias/los-3-equipos-descendidos-de-la-liga-1-del-2025-que-jugaran-la-segunda-division-el-proximo-ano-552535,281,7292,3.85%,4.77
https://www.futbolperuano.com/en-vivo/noche-blanquiazul-2026-alianza-lima-vs-inter-miami-560972,276,59467,0.46%,1.57
https://www.futbolperuano.com/liga-voley/alianza-lima-vs-atletico-atenea-en-vivo-online-por-la-fecha-2--fase-2-de-la-liga-peruana-de-voley-560134,275,17010,1.62%,5.41
https://www.futbolperuano.com/liga-1/noticias/cusco-fc-disputo-sus-primeros-amistosos-de-preparacion-en-bolivia-560894,274,18927,1.45%,3.36
https://www.futbolperuano.com/futsal/futsalpro/resultados,274,9603,2.85%,8.05
https://www.futbolperuano.com/liga-2/noticias/liga-2-ada-de-jaen-se-refuerza-con-exfutbolistas-de-alianza-lima-y-sport-boys-558615,274,4912,5.58%,4.37
https://www.futbolperuano.com/liga-1/noticias/ex-alianza-lima-fc-cajamarca-se-refuerza-con-bicampeon-de-la-liga-1-558577,272,6086,4.47%,9.53
https://www.futbolperuano.com/liga-1/noticias/paulo-autuori-encontro-a-su-9-para-la-liga-1-y-copa-libertadores-560440,271,5102,5.31%,7.1
https://www.futbolperuano.com/partidos-por-tv/liga-nacional-superior-de-voleibol-del-peru-t295,268,17177,1.56%,8.33
https://www.futbolperuano.com/liga-1/noticias/sport-boys-y-sporting-cristal-empataron-2-2-en-amistoso-de-pretemporada-y-mantienen-su-invicto-rumbo-a-la-liga-1-2026-560605,266,10256,2.59%,6.81
https://www.futbolperuano.com/liga-2/noticias/union-minas-presento-a-sus-nuevos-fichajes-para-la-temporada-2026-558116,266,3676,7.24%,8.01
https://www.futbolperuano.com/liga-1/noticias/atletico-grau-confirma-al-que-sera-su-10-en-la-liga-1-del-2026-557206,264,3656,7.22%,7.99
https://www.futbolperuano.com/liga-1/noticias/guty-carrera-explico-por-que-luis-advincula-ficho-alianza-lima-y-no-sporting-cristal-557890,262,5715,4.58%,5.74
https://www.futbolperuano.com/liga-1/noticias/el-nieto-de-angel-comizzo-es-refuerzo-del-atletico-grau-en-liga-1-557735,262,3708,7.07%,6.83
https://www.futbolperuano.com/en-vivo/circolo-sportivo-italiano-vs-deportivo-soan-en-vivo-por-la-liga-peruana-de-voley-femenino-562003,260,3479,7.47%,4.26
https://www.futbolperuano.com/liga-1/noticias/sport-huancayo-el-unico-club-de-la-liga-1-que-todavia-no-tiene-tecnico-para-2026-557439,259,7250,3.57%,6.5
https://www.futbolperuano.com/peru/mas-del-futbol-peruano/eddie-fleischman-revelo-que-pablo-guede-esta-furioso-tras-lo-ocurrido-en-uruguay-560762,257,5466,4.7%,4.3
https://www.futbolperuano.com/liga-voley/regatas-lima-vs-olva-latino-en-vivo-por-la-liga-peruana-de-voley-femenino-561170,255,6143,4.15%,5.66
https://www.futbolperuano.com/liga-1/noticias/javier-rabanal-y-su-mensaje-sobre-la-partida-de-cesar-inga-de-universitario-560198,255,5422,4.7%,3.23
https://www.futbolperuano.com/en-vivo/serie-rio-de-la-plata-penarol-vs-colo-colo-en-vivo-560598,251,23876,1.05%,2.61
https://www.futbolperuano.com/liga-1/noticias/universitario-vs-melgar-fecha-hora-y-canal-del-amistoso-previo-a-la-liga-1-2026-560257,251,22046,1.14%,8.43
https://www.futbolperuano.com/futsal/seleccion-peruana-de-futsal-cae-goleada-ante-argentina-y-piensa-en-su-duelo-clave-frente-a-ecuador-561176,250,14754,1.69%,9.24
https://www.futbolperuano.com/en-vivo/universitario-de-deportes-vs-deportivo-soan-por-la-liga-peruana-de-voley-femenino-558319,250,7246,3.45%,5.17
https://www.futbolperuano.com/liga-1/noticias/el-estadio-mas-chico-en-el-que-se-jugara-la-liga-1-del-2026-558198,249,5512,4.52%,5.75
https://www.futbolperuano.com/futsal/copa-america-futsal-2026-fixture-completo-del-torneo-que-se-jugara-en-paraguay-558212,246,15384,1.6%,16.23
https://www.futbolperuano.com/liga-voley/atenea-open/tabla-de-posiciones,246,11762,2.09%,9.55
https://www.futbolperuano.com/liga-1/noticias/sporting-cristal-sufre-sensible-baja-para-el-inicio-de-la-temporada-2026-558774,245,5959,4.11%,8.82
https://www.futbolperuano.com/liga-1/noticias/sporting-cristal-busca-refuerzo-en-el-arco-tras-dura-lesion-y-ya-avanza-negociaciones-para-cubrir-una-baja-clave-en-la-temporada-2026-560638,245,4803,5.1%,4.38
https://www.futbolperuano.com/liga-1/noticias/liga-1-sport-huancayo-presento-a-sus-cinco-nuevos-refuerzos-558096,244,5294,4.61%,7.22
https://www.futbolperuano.com/en-vivo/alianza-lima-vs-atenea-en-vivo-por-la-liga-peruana-de-voley-femenino-560182,241,8963,2.69%,5.03
https://www.futbolperuano.com/seleccion/noticias/seleccion-peruana-quien-es-mano-menezes-el-tecnico-brasileno-que-toma-las-riendas-de-la-bicolor-561629,241,8544,2.82%,6.85
https://www.futbolperuano.com/liga-voley/revalidacion-de-la-liga-peruana-de-voley-2026-confirmados-los-equipos-para-el-cuadrangular-558404,239,7625,3.13%,6.08
https://www.futbolperuano.com/liga-2/noticias/cesar-vallejo-confirma-experimentado-delantero-nacional-para-la-liga-2-2026-557454,238,5593,4.26%,10.15
https://www.futbolperuano.com/liga-1/noticias/liga-1-fixture-de-sport-boys-en-el-torneo-apertura-2026-558279,238,4359,5.46%,5.01
https://www.futbolperuano.com/en-vivo/copa-america-de-futsal-argentina-vs-venezuela-en-vivo-561927,237,7642,3.1%,7.33
https://www.futbolperuano.com/en-vivo/la-tarde-amarilla-2026-juan-pablo-ii-vs-alianza-atletico-560981,233,11574,2.01%,7.18
https://www.futbolperuano.com/en-vivo/deportivo-geminis-vs-atletico-atenea-en-vivo-por-la-liga-peruana-de-voley-femenino-558311,230,5739,4.01%,5.64
https://www.futbolperuano.com/liga-voley/circolo-sportivo-italiano-vs-regatas-lima-en-vivo-online-por-fecha-1-de-fase-2-de-liga-peruana-de-voley-558333,228,8993,2.54%,4.88
https://www.futbolperuano.com/liga-voley/san-martin-vs-regatas-lima-en-vivo-online-por-la-fase-2-de-la-liga-peruana-de-voley-202526-560053,227,11275,2.01%,5.35
https://www.futbolperuano.com/liga-1/noticias/liga-1-cienciano-rompe-el-mercado-y-ficha-a-neri-bandiera-uno-de-los-goleadores-mas-temidos-del-torneo-558485,227,5550,4.09%,6.67
https://www.futbolperuano.com/liga-1/noticias/liga-1-fixture-de-deportivo-moquegua-en-el-torneo-apertura-2026-558317,227,4329,5.24%,4.92
https://www.futbolperuano.com/en-vivo/torneo-apertura-2026-utc-vs-atletico-grau-561744,226,78858,0.29%,5.35
https://www.futbolperuano.com/liga-1/noticias/miguel-trauco-estaria-buscando-nuevo-club-tras-ser-separado-de-alianza-lima-561369,226,6008,3.76%,3.85
https://www.futbolperuano.com/futbol-internacional/inglaterra/tabla-de-posiciones,225,184469,0.12%,9.85
https://www.futbolperuano.com/liga-1/noticias/alianza-lima-confirma-los-dorsales-2026-duarte-sera-el-1-ramos-hereda-la-9-y-advincula-usara-la-17-558300,220,9911,2.22%,6.36
https://www.futbolperuano.com/en-vivo/rebaza-acosta-vs-deportivo-soan-en-vivo-por-la-liga-peruana-de-voley-femenino-560169,217,4114,5.27%,4.22
https://www.futbolperuano.com/liga-1/clausura/tabla-de-posiciones,216,21677,1%,9.96
https://www.futbolperuano.com/futbol-de-menores/copa-efipan-2026-peru-se-mide-ante-los-mejores-equipos-sub-15-de-brasil-y-argentina-558757,214,4312,4.96%,10.99
https://www.futbolperuano.com/peru/clubes/universitario/,213,122250,0.17%,8.96
https://www.futbolperuano.com/liga-1/noticias/sport-huancayo-vs-alianza-lima-en-vivo-online-por-la-fecha-1-del-torneo-apertura-de-la-liga-1-561706,213,58593,0.36%,6.65
https://www.futbolperuano.com/liga-3/noticias/alianza-lima-sumo-su-primer-refuerzo-para-la-liga-3-2026-557279,213,6210,3.43%,9.42
https://www.futbolperuano.com/liga-1/noticias/el-poderoso-once-que-alista-alianza-lima-para-destronar-a-universitario-en-la-liga-1-2026-558041,213,3965,5.37%,8.16
https://www.futbolperuano.com/en-vivo/serie-rio-de-la-plata-alianza-lima-vs-independiente-en-vivo-558288,209,27483,0.76%,10.05
https://www.futbolperuano.com/liga-1/noticias/universitario-se-refuerza-con-joven-promesa-brasilena-para-buscar-el-tetracampeonato-560276,208,6176,3.37%,6.15
https://www.futbolperuano.com/seleccion/noticias/seleccion-peruana-sub-15-peru-arrolla-en-brasil-y-clasifica-a-los-playoffs-de-la-copa-efipan-560357,207,4782,4.33%,7.24
https://www.futbolperuano.com/futbol-internacional/noticias/posibles-alineaciones-de-alianza-lima-e-independiente-de-avellaneda-558159,206,15023,1.37%,7.38
https://www.futbolperuano.com/en-vivo/comerciantes-unidos-vs-utc-partido-amistoso-en-vivo-por-la-tarde-del-aguila-560659,206,7258,2.84%,7.08
https://www.futbolperuano.com/seleccion/noticias/nuevo-pretendiente-la-seleccion-peruana-suma-a-mano-menezes-a-la-lista-de-candidatos-para-dt-561476,205,12825,1.6%,7.57
https://www.futbolperuano.com/liga-3/,205,11983,1.71%,6.94
https://www.futbolperuano.com/liga-1/noticias/alexis-arias-se-despidio-de-fbc-melgar-con-un-emotivo-mensaje-557487,205,6469,3.17%,6.58
https://www.futbolperuano.com/peru/mas-del-futbol-peruano/alianza-lima-separo-a-los-futbolistas-implicados-en-el-escandalo-en-uruguay-560750,205,2288,8.96%,5.32
https://www.futbolperuano.com/liga-1/noticias/liga-1-2026-programacion-oficial-de-la-fecha-1-del-torneo-apertura-558777,204,8278,2.46%,10.11
https://www.futbolperuano.com/futsal/la-seleccion-peruana-inicia-con-el-pie-derecho-en-la-copa-america-de-futsal-2026-561109,202,10233,1.97%,6.96
https://www.futbolperuano.com/liga-3/noticias/deportivo-municipal-contrata-al-entrenador-mas-joven-del-futbol-peruano-557269,202,4599,4.39%,9.15
https://www.futbolperuano.com/liga-1/noticias/sport-huancayo-presento-a-sus-dos-nuevos-refuerzos-para-la-liga-1-2026-557975,201,5190,3.87%,8
https://www.futbolperuano.com/fichajes/fichajes-de-juan-pablo-ii-en-el-2026-altas-bajas-renovaciones-y-rumores-552662,201,1767,11.38%,3.64
https://www.futbolperuano.com/fichajes/fichajes-de-atletico-grau-en-el-2026-altas-bajas-renovaciones-y-rumores-552285,201,1599,12.57%,3.86
https://www.futbolperuano.com/liga-1/tabla-de-posiciones,200,144676,0.14%,10.82
https://www.futbolperuano.com/liga-2/noticias/liga-2-estudiantil-cni-se-refuerza-con-campeon-de-la-liga-1-557287,200,7697,2.6%,9.91
https://www.futbolperuano.com/liga-1/noticias/sporting-cristal-derroto-en-amistoso-a-deportivo-moquegua-previo-a-su-debut-en-la-liga-1-2026-558377,200,6581,3.04%,5.33
https://www.futbolperuano.com/partidos-por-tv/supercopa-de-espana-femenina-t419,200,2805,7.13%,8.72
https://www.futbolperuano.com/en-vivo/supercopa-espanola-femenina-real-madrid-vs-barcelona-en-vivo-por-la-gran-final-561033,196,25605,0.77%,8.29
https://www.futbolperuano.com/futbol-femenino/liga-femenina/alianza-lima-golpea-el-mercado-y-le-quita-a-universitario-una-pieza-clave-para-ir-por-el-tricampeonato-de-la-liga-femenina-558797,196,8745,2.24%,4.99
https://www.futbolperuano.com/copa-peru/tabla-de-posiciones,195,7365,2.65%,6.53
https://www.futbolperuano.com/peru/mas-del-futbol-peruano/pedro-garcia-se-niega-a-condenar-a-jugadores-de-alianza-lima-tras-denuncia-y-genera-fuerte-debate-en-redes-560821,195,3603,5.41%,5.13
https://www.futbolperuano.com/liga-1/noticias/quien-es-john-jairo-guzman-la-joya-de-15-anos-y-de-191-metros-que-debuto-con-universitario-560183,194,7356,2.64%,4.59
https://www.futbolperuano.com/fichajes/,194,3878,5%,8.25
https://www.futbolperuano.com/liga-2/noticias/liga-2-estudiantil-cni-se-refuerza-con-uno-de-los-goleadores-de-la-liga-1-2025-557829,194,1626,11.93%,9.35
https://www.futbolperuano.com/en-vivo/liga-1-juan-pablo-ii-vs-fc-cajamarca-561916,193,66623,0.29%,7.39
https://www.futbolperuano.com/liga-voley/universitario-vs-regatas-lima-en-vivo-por-la-liga-peruana-de-voley-561871,191,15475,1.23%,3.65
https://www.futbolperuano.com/liga-1/,190,44042,0.43%,10.27
https://www.futbolperuano.com/liga-1/noticias/alianza-lima-pablo-guede-explico-por-que-puso-a-jairo-velez-de-lateral-y-revelo-cuando-se-sumara-luis-advincula-558362,190,5229,3.63%,5.91
https://www.futbolperuano.com/fichajes/fichajes-de-alianza-atletico-en-el-2026-altas-bajas-renovaciones-y-rumores-552015,189,1273,14.85%,4.39
https://www.futbolperuano.com/liga-voley/alianza-lima-toma-drastica-decision-ante-amenazas-a-sus-jugadoras-557596,188,5698,3.3%,6.34
https://www.futbolperuano.com/en-vivo/san-martin-vs-regatas-lima-en-vivo-por-la-liga-peruana-de-voley-femenino-560187,187,8445,2.21%,5.35
https://www.futbolperuano.com/liga-voley/deportivo-wanka-vs-tupac-amaru-por-el-cuadrangular-revalidacion-2026-de-voley-femenino-560237,187,4370,4.28%,5.22
https://www.futbolperuano.com/liga-voley/alianza-lima-vs-rebaza-acosta-en-vivo-online-por-la-fecha-1-fase-2-de-la-liga-peruana-de-voley-558310,185,11063,1.67%,7.13
https://www.futbolperuano.com/liga-voley/san-martin-vuelve-al-triunfo-tras-vencer-a-geminis-en-la-fase-2-de-la-liga-peruana-de-voley-561100,184,6090,3.02%,5.26
https://www.futbolperuano.com/peru/clubes/adt/,183,9654,1.9%,7.27
https://www.futbolperuano.com/liga-1/noticias/cusco-fc-sorprende-y-anuncia-gira-internacional-560011,183,7640,2.4%,7.9
https://www.futbolperuano.com/liga-1/noticias/comerciantes-unidos-presento-su-plantel-para-disputar-la-liga-1-557705,183,5504,3.32%,7.93
https://www.futbolperuano.com/liga-1/noticias/pedro-garcia-cuestiona-a-luis-advincula-tras-su-decision-de-fichar-por-alianza-lima-558455,183,3757,4.87%,3.71
https://www.futbolperuano.com/futbol-internacional/noticias/independiente-presento-sus-convocados-para-enfrentar-a-alianza-lima-en-uruguay-558002,182,13001,1.4%,8.83
https://www.futbolperuano.com/liga-1/noticias/el-millonario-monto-que-recibira-sporting-cristal-por-la-venta-de-joao-grimaldo-al-sparta-praga-557918,182,5125,3.55%,7.23
https://www.futbolperuano.com/liga-1/noticias/vuelve-un-viejo-conocido-arquimedes-figuera-volvera-a-jugar-en-la-liga-1-2026-558431,181,3245,5.58%,6.9
https://www.futbolperuano.com/liga-1/noticias/fc-cajamarca-debutaria-en-la-liga-1-con-9-ex-alianza-lima-556972,180,9880,1.82%,9.25
https://www.futbolperuano.com/futbol-femenino/liga-femenina/sporting-cristal-suma-refuerzo-argentino-para-la-liga-femenina-2026-560951,180,8191,2.2%,3.54
https://www.futbolperuano.com/futbol-internacional/espana/tabla-de-posiciones,179,216832,0.08%,9.75
https://www.futbolperuano.com/liga-1/noticias/alianza-lima-pone-primera-en-el-2026-fechas-de-la-pretemporada-viaje-a-uruguay-y-refuerzos-clave-antes-de-la-noche-blanquiazul-557339,179,5724,3.13%,6.46
https://www.futbolperuano.com/liga-1/noticias/atletico-grau-suma-su-quinto-refuerzo-extranjero-para-el-2026-557876,179,2860,6.26%,8.01
https://www.futbolperuano.com/liga-1/noticias/deportivo-garcilaso-presenta-su-plantel-2026-y-apunta-a-dar-el-golpe-en-liga-1-y-copa-sudamericana-558068,177,4937,3.59%,8.21
https://www.futbolperuano.com/liga-1/noticias/alianza-lima-recupera-a-luis-ramos-y-suma-peso-ofensivo-para-la-serie-rio-de-la-plata-558470,177,4339,4.08%,7.02
https://www.futbolperuano.com/peru/clubes/alianza-lima/,176,182700,0.1%,9.51
https://www.futbolperuano.com/fichajes/fichajes-de-comerciantes-unidos-en-el-2026-altas-bajas-renovaciones-y-rumores-para-la-liga-1-551792,175,2192,7.98%,5.71
https://www.futbolperuano.com/liga-1/noticias/utc-asegura-su-arco-para-afrontar-la-temporada-2026-558584,174,3298,5.28%,8.03
https://www.futbolperuano.com/liga-voley/universitario-vs-rebaza-en-vivo-online-por-la-liga-peruana-de-voley-561106,170,28815,0.59%,2.79
https://www.futbolperuano.com/en-vivo/tarde-chanka-2026-los-chankas-vs-seleccion-de-apurimac-561071,170,3919,4.34%,8.3
https://www.futbolperuano.com/en-vivo/tarde-del-gavilan-2026-utc-vs-comerciantes-unidos-561070,169,5443,3.1%,7.22
https://www.futbolperuano.com/liga-1/noticias/los-chankas-hacen-historia-en-la-liga-1-el-primer-club-con-7-extranjeros-para-el-2026-557288,169,5114,3.3%,7.53
https://www.futbolperuano.com/liga-voley/programacion-primera-fecha-de-la-etapa-2-de-la-liga-nacional-de-voley-557719,169,4178,4.04%,6.51
https://www.futbolperuano.com/liga-1/noticias/los-chankas-definieron-a-su-entrenador-y-nuevo-delantero-para-el-2026-557201,169,3814,4.43%,6.29
https://www.futbolperuano.com/seleccion/noticias/la-seleccion-peruana-sub-15-suma-su-primera-victoria-en-la-copa-efipan-2026-560191,168,3407,4.93%,5.35
https://www.futbolperuano.com/liga-1/noticias/alianza-atletico-ficha-su-septimo-extranjero-para-la-liga-1-del-2026-557608,167,3975,4.2%,8.7
https://www.futbolperuano.com/futbol-internacional/espana/liga2/tabla-de-posiciones,164,126254,0.13%,9.59
https://www.futbolperuano.com/partidos-por-tv/premier-league-de-inglaterra-t21,164,34443,0.48%,11.03
https://www.futbolperuano.com/liga-1/noticias/liga-1-fixture-de-los-chankas-en-el-torneo-apertura-2026-558283,163,3695,4.41%,8.5
https://www.futbolperuano.com/liga-1/noticias/cienciano-cerca-de-fichar-a-jugador-pretendido-por-los-equipos-de-lima-557560,162,3505,4.62%,7.53
https://www.futbolperuano.com/liga-voley/sudamericano-de-clubes-2026-alianza-lima-enciende-las-alarmas-tras-sufrir-ante-atenea-560251,159,52292,0.3%,2.72
https://www.futbolperuano.com/seleccion/noticias/fpf-anuncia-a-diego-ortiz-como-nuevo-entrenador-de-la-seleccion-peruana-sub-15-557641,159,7023,2.26%,9.17
https://www.futbolperuano.com/liga-1/noticias/roberto-mosquera-seguira-dirigiendo-en-la-liga-1-del-2026-557858,159,4849,3.28%,7.13
https://www.futbolperuano.com/liga-1/noticias/universitario-de-deportes-hace-cuanto-no-pierde-el-cuadro-crema-en-la-liga-1-2025-546004,159,1533,10.37%,2.36
https://www.futbolperuano.com/liga-1/noticias/universitario-ajusta-el-reloj-el-duelo-ante-la-u-de-chile-por-la-noche-crema-2026-tendra-nuevo-horario-560999,158,12470,1.27%,7.53
https://www.futbolperuano.com/liga-1/noticias/javier-rabanal-revela-si-universitario-ira-en-busca-de-un-nuevo-fichaje-561521,158,5070,3.12%,3.29
https://www.futbolperuano.com/liga-2/noticias/el-equipo-de-pablo-bengoechea-suma-un-nuevo-refuerzo-para-la-liga-2-560505,158,1535,10.29%,7.09
https://www.futbolperuano.com/liga-1/sport-huancayo-vs-alianza-lima-30-enero-2026-liga-1-peru---torneo-apertura-m3226401,157,12258,1.28%,9.71
https://www.futbolperuano.com/liga-voley/sudamericano-de-clubes-de-voley-2026-en-peru-se-confirmaron-las-fechas-y-los-nueve-equipos-que-lucharan-por-el-titulo-continental-558372,157,7312,2.15%,8.4
https://www.futbolperuano.com/fichajes/fichajes-de-sporting-cristal-en-el-2026-altas-bajas-renovaciones-y-rumores-552007,157,6081,2.58%,8.4
https://www.futbolperuano.com/peruanos-en-el-exterior/noticias/estreno-prometedor-en-republica-checa-se-rinden-ante-joao-grimaldo-tras-su-debut-con-sparta-praga-560278,156,15126,1.03%,6.53
https://www.futbolperuano.com/liga-1/noticias/debutara-en-primera-universitario-ya-sabe-lo-que-hara-con-aamet-calderon-para-la-liga-1-2026-558465,156,7013,2.22%,3.73
https://www.futbolperuano.com/futbol-de-menores/la-seleccion-peruana-sub-15-no-pudo-ante-internacional-y-se-despide-de-la-copa-efipan-560996,156,2388,6.53%,5.96
https://www.futbolperuano.com/liga-1/noticias/comerciantes-unidos-anuncio-su-tarde-del-aguila-frente-a-utc-de-cajamarca-560231,155,6890,2.25%,8.62
https://www.futbolperuano.com/liga-1/noticias/jeriel-de-santis-y-el-motivo-por-el-cual-aun-no-puede-unirse-a-los-entrenamientos-de-fbc-melgar-557778,155,3092,5.01%,5.47
https://www.futbolperuano.com/resultados/,152,59384,0.26%,8.09
https://www.futbolperuano.com/partidos-por-tv/golperu-c4,152,21144,0.72%,9.12
https://www.futbolperuano.com/liga-1/noticias/tarde-del-gavilan-utc-presento-a-su-plantel-2026-con-empate-ante-comerciantes-unidos-en-cajamarca-561184,152,7632,1.99%,5.26
https://www.futbolperuano.com/liga-1/noticias/jorge-fossati-y-su-postura-sobre-el-retraso-de-sekou-gassama-a-la-pretemporada-de-universitario-558552,152,3597,4.23%,4.4
https://www.futbolperuano.com/copa-libertadores/noticias/guia-de-la-copa-libertadores-2026-con-equipos-y-calendario-completo-560655,151,18594,0.81%,12.92
https://www.futbolperuano.com/en-vivo/tarde-celeste-2026-sporting-cristal-vs-universidad-catolica-561060,151,11237,1.34%,6.94
https://www.futbolperuano.com/liga-voley/universitario-vs-deportivo-soan-en-vivo-online-por-la-fecha-1-de-la-fase-2-de-liga-peruana-de-voley-558217,151,9374,1.61%,5.09
https://www.futbolperuano.com/copa-peru/noticias/jonatan-rojas-deja-la-cumbia-y-jugara-la-copa-peru-2026-con-club-union-nacional-fc-560849,151,2969,5.09%,7.42
https://www.futbolperuano.com/liga-1/noticias/carlos-desio-sorprende-con-el-nuevo-equipo-que-dirigira-en-el-2026-554022,151,1885,8.01%,5.65
https://www.futbolperuano.com/liga-1/noticias/el-reencuentro-fc-cajamarca-ficha-a-otro-bicampeon-con-alianza-lima-557248,150,5843,2.57%,6.69
https://www.futbolperuano.com/en-vivo/atletico-atenea-vs-rebaza-acosta-en-vivo-por-la-liga-peruana-de-voley-femenino-562022,150,2248,6.67%,3.69
https://www.futbolperuano.com/liga-voley/,149,24744,0.6%,9.89
https://www.futbolperuano.com/liga-1/noticias/liga-1-fc-cajamarca-confirma-a-su-rival-para-la-tarde-cajacha-559867,149,7708,1.93%,8.82
https://www.futbolperuano.com/liga-1/noticias/liga-1-fixture-de-cienciano-en-el-torneo-apertura-2026-558271,148,4907,3.02%,8.31
https://www.futbolperuano.com/en-vivo/campeonato-gaucho-2026-gremio-vs-juventude-en-vivo-561987,147,24288,0.61%,6.66
https://www.futbolperuano.com/liga-1/noticias/los-10-estadios-mas-grandes-del-futbol-peruano-333771,147,18192,0.81%,6.38
https://www.futbolperuano.com/liga-2/noticias/cesar-vallejo-se-refuerza-con-ex-delantero-de-cienciano-del-cusco-557965,145,5375,2.7%,7.74
https://www.futbolperuano.com/liga-1/noticias/universitario-cayo-ante-sport-boys-en-su-primer-amistoso-del-2026-penal-de-jostin-alarcon-marco-la-diferencia-en-campo-mar-560145,144,39677,0.36%,9.24
https://www.futbolperuano.com/liga-1/noticias/alianza-lima-sufre-dos-bajas-sensibles-en-la-previa-de-la-liga-1-561695,143,5316,2.69%,4.29
https://www.futbolperuano.com/futbol-internacional/noticias/noche-blanquiazul-podria-cambiar-de-horario-tras-crisis-en-alianza-lima-560837,143,3809,3.75%,5.55
https://www.futbolperuano.com/liga-1/noticias/le-bajan-el-dedo-sporting-cristal-descarta-el-retorno-de-luis-advincula-para-la-liga-1-2026-557775,141,12871,1.1%,2.43
https://www.futbolperuano.com/futbol-internacional/noticias/hinchas-de-alianza-lima-apuntan-contra-josue-estrada-tras-derrota-ante-independiente-y-piden-a-luis-advincula-como-titular-558355,141,8275,1.7%,3.67
https://www.futbolperuano.com/futsal/seleccion-peruana-de-futsal-recupera-el-paso-en-la-copa-america-2026-tras-golear-a-ecuador-561269,141,4318,3.27%,4.34
https://www.futbolperuano.com/seleccion/noticias/mano-menezes-rechazo-dirigir-en-el-mundial-2026-ante-la-oferta-de-peru-561684,141,2498,5.64%,7.44
https://www.futbolperuano.com/liga-1/noticias/liga-1-quien-sera-el-arbitro-del-alianza-lima-vs-sport-huancayo-561349,140,10600,1.32%,4.43
https://www.futbolperuano.com/liga-voley/programacion-de-la-fecha-4-de-la-fase-2-de-la-liga-peruana-de-voley-2025-26-561280,140,5800,2.41%,5.71
https://www.futbolperuano.com/futbol-femenino/liga-femenina/liga-femenina-pierina-nunez-regresa-a-universitario-y-refuerza-el-ataque-para-la-temporada-2026-558764,140,3059,4.58%,6.53
https://www.futbolperuano.com/liga-1/noticias/sport-boys-vs-los-chankas-en-vivo-online-por-la-fecha-1-del-torneo-apertura-de-la-liga-1-561858,139,39680,0.35%,5.86
https://www.futbolperuano.com/liga-1/noticias/mr-peet-explica-que-paso-con-la-transmision-del-alianza-lima-vs-sport-huancayo-561922,139,8369,1.66%,4.74
https://www.futbolperuano.com/liga-voley/revalidacion-2026-de-la-liga-peruana-de-voley-deportivo-wanka-vs-kazoku-no-peru-en-vivo-561133,139,3229,4.3%,6.02
https://www.futbolperuano.com/partidos-por-tv/noticias/programacion-de-partidos-por-tv-del-domingo-11-de-enero-del-2026-558306,138,8176,1.69%,7.61
https://www.futbolperuano.com/en-vivo/copa-efipan-2026-gremio-vs-peru-en-vivo-desde-brasil-559923,138,6306,2.19%,8.44
https://www.futbolperuano.com/futbol-internacional/holanda/tabla-de-posiciones,137,40626,0.34%,9.58
https://www.futbolperuano.com/futbol-internacional/noticias/alianza-lima-vs-independiente-de-avellaneda-en-vivo-online-por-la-serie-rio-de-la-plata-2026-558210,136,20234,0.67%,10.17
https://www.futbolperuano.com/liga-1/noticias/cienciano-goleo-4-1-a-bolivar-en-un-amistoso-de-pretemporada-561396,136,2854,4.77%,5.63
https://www.futbolperuano.com/liga-1/noticias/miguel-silveira-revela-el-motivo-por-el-cual-eligio-a-universitario-pese-a-tener-ofertas-de-europa-y-brasil-560524,135,3924,3.44%,5.57
https://www.futbolperuano.com/liga-1/noticias/cusco-fc-mantiene-el-invicto-en-su-gira-de-amistosos-por-bolivia-561141,134,5725,2.34%,6.62
https://www.futbolperuano.com/liga-1/noticias/universitario-tomo-drastica-decision-con-sekou-gassama-previo-al-duelo-ante-adt-561931,133,14885,0.89%,3.36
https://www.futbolperuano.com/seleccion/noticias/duro-estreno-la-seleccion-peruana-sub-15-cae-ante-gremio-y-ya-piensa-en-su-recuperacion-en-la-copa-efipan-559994,133,4424,3.01%,6.39
https://www.futbolperuano.com/liga-1/noticias/utc-de-cajamarca-refuerza-su-delantera-para-la-liga-1-del-2026-557694,133,3687,3.61%,8.14
https://www.futbolperuano.com/liga-voley/universitario-vs-deportivo-wanka-en-vivo-por-la-liga-peruana-de-voley-557302,132,8309,1.59%,7.15
https://www.futbolperuano.com/liga-1/noticias/sport-huancayo-no-permitio-el-ingreso-de-las-camaras-de-1190-sports-561843,132,4401,3%,5.34
https://www.futbolperuano.com/liga-1/noticias/baja-sensible-inter-miami-enfrentara-a-alianza-lima-sin-una-de-sus-principales-figuras-560673,131,5766,2.27%,4.94
https://www.futbolperuano.com/en-vivo/universidad-san-martin-vs-olva-latino-por-la-liga-peruana-de-voley-femenino-558318,131,3481,3.76%,5.31
https://www.futbolperuano.com/liga-1/noticias/melgar-responde-fuerte-y-claro-al-comunicado-de-la-fpf-sobre-la-organizacion-de-la-liga-1-558160,131,3426,3.82%,5.22
https://www.futbolperuano.com/en-vivo/liga-1-melgar-vs-cienciano-561917,130,22574,0.58%,5.99
https://www.futbolperuano.com/liga-voley/tablas-y-resultados-de-los-partidos-de-la-fecha-4--fase-2-de-la-liga-peruana-de-voley-2025-26-561835,130,5555,2.34%,5.66
https://www.futbolperuano.com/liga-1/noticias/vuelve-a-casa-cusco-fc-refuerza-su-ofensiva-con-un-viejo-conocido-y-apunta-alto-en-el-2026-557782,130,4475,2.91%,7.82
https://www.futbolperuano.com/liga-1/noticias/liga-1-deportivo-moquegua-confirmo-la-tarde-aurinegra-2026-y-presentara-a-su-plantel-ante-san-marcos-de-arica-558366,130,4458,2.92%,7.65
https://www.futbolperuano.com/liga-1/noticias/pablo-guede-marca-su-distancia-de-universitario-de-deportes-557403,128,3549,3.61%,5.31
https://www.futbolperuano.com/en-vivo/en-vivo-peru-vs-argentina-por-el-campeonato-sudamericano-de-voleibol-masculino-sub-17-de-2026-559921,127,4120,3.08%,14.32
https://www.futbolperuano.com/en-vivo/sudamericano-de-voleibol-masculino-sub-17-peru-vs-chile-560030,127,3478,3.65%,7.07
https://www.futbolperuano.com/futbol-internacional/noticias/fecha-hora-y-canal-del-alianza-lima-vs-inter-miami-560590,126,44797,0.28%,10.35
https://www.futbolperuano.com/futbol-internacional/noticias/sporting-cristal-vs-universidad-catolica-de-ecuador-en-vivo-online-por-la-tarde-celeste-561075,125,12846,0.97%,6.87
https://www.futbolperuano.com/liga-1/noticias/adt-refuerza-su-proyecto-2026-con-el-regreso-de-luis-felipe-perez-557362,125,2420,5.17%,7.82
https://www.futbolperuano.com/futbol-internacional/italia/tabla-de-posiciones,124,111948,0.11%,9.75
https://www.futbolperuano.com/partidos-por-tv/liga-1-peru-c42,124,47111,0.26%,10.19
https://www.futbolperuano.com/copa-peru/noticias/copa-peru-que-paso-con-domingo-dianderas-de-jorge-luna-514717,124,3839,3.23%,6.08
https://www.futbolperuano.com/liga-1/noticias/la-decision-que-tomo-fbc-melgar-tras-el-problema-de-jeriel-de-santis-para-salir-de-venezuela-558047,124,2493,4.97%,6.5
https://www.futbolperuano.com/liga-1/noticias/alianza-atletico-encontro-a-su-nuevo-10-en-el-exttranjero-557249,124,1760,7.05%,8.29
https://www.futbolperuano.com/liga-1/noticias/utc-se-refuerza-con-experimentado-centrocampista-ecuatoriano-557730,123,2882,4.27%,9.14
https://www.futbolperuano.com/liga-1/noticias/flaco-granda-cuestiona-la-politica-de-refuerzos-de-sporting-cristal-tras-llegada-de-juan-cruz-gonzalez-557598,122,3073,3.97%,7.3
https://www.futbolperuano.com/liga-1/noticias/alianza-lima-vs-colo-colo-en-vivo-por-la-serie-rio-de-la-plata-560209,121,7015,1.72%,6.21
https://www.futbolperuano.com/liga-1/noticias/se-queda-en-la-u-la-razon-por-la-que-cesar-inga-fue-parte-del-amistoso-de-universitario-frente-a-melgar-560515,121,4131,2.93%,4.2
https://www.futbolperuano.com/liga-1/noticias/liga-1-fixture-de-melgar-en-el-torneo-apertura-2026-558269,121,2867,4.22%,3.95
https://www.futbolperuano.com/futbol-internacional/noticias/cuando-volvera-a-jugar-alianza-lima-en-la-serie-rio-de-la-plata-558422,120,5751,2.09%,6.56
https://www.futbolperuano.com/fichajes/fichajes-de-los-chankas-en-el-2026-altas-bajas-renovaciones-y-rumores-para-la-liga-1-551780,120,1905,6.3%,5.06
https://www.futbolperuano.com/futbol-internacional/noticias/alianza-lima-vs-union-de-santa-fe-en-vivo-online-por-la-serie-rio-de-la-plata-2026-558472,119,14862,0.8%,9.42
https://www.futbolperuano.com/futbol-femenino/liga-femenina/alianza-lima-suma-dos-refuerzos-en-ofensiva-para-la-liga-femenina-2026-558321,119,11460,1.04%,4.85
https://www.futbolperuano.com/liga-1/noticias/liga-1-2026-universitario-presento-los-precios-oficiales-del-abono-crema-para-el-torneo-apertura-558360,119,9765,1.22%,4.71
https://www.futbolperuano.com/futbol-internacional/noticias/noche-blanquiazul-cambia-de-horario-y-desata-polemica-entre-hinchas-de-alianza-lima-560840,119,9665,1.23%,8.55
https://www.futbolperuano.com/liga-1/noticias/universitario-de-deportes-arremete-contra-la-fpf-558027,119,3816,3.12%,4.94
https://www.futbolperuano.com/liga-2/noticias/santos-rompe-el-mercado-y-ficha-a-dt-campeon-con-alianza-lima-para-buscar-el-ascenso-557135,119,3354,3.55%,6.65
https://www.futbolperuano.com/liga-1/noticias/franco-velazco-defiende-el-fichaje-de-sekou-gassama-en-universitario-y-responde-con-firmeza-por-su-llegada-tardia-es-buscarle-557629,118,5769,2.05%,4.74
https://www.futbolperuano.com/liga-1/noticias/utc-de-cajamarca-anuncia-a-angelo-campos-y-dos-refuerzos-mas-557189,118,4350,2.71%,6.7
https://www.futbolperuano.com/liga-1/noticias/dejara-universitario-la-razon-por-la-que-el-tunche-rivera-no-jugo-en-el-amistoso-ante-sport-boys-560188,117,4390,2.67%,4.64
https://www.futbolperuano.com/peru/clubes/fc-cajamarca/,116,22231,0.52%,9.06
https://www.futbolperuano.com/en-vivo/sudamericano-de-voleibol-masculino-sub-17-peru-vs-brasil-558697,115,4329,2.66%,9.81
https://www.futbolperuano.com/liga-1/noticias/que-le-puede-ofrecer-el-chileno-esteban-pavez-a-alianza-lima-561561,114,3861,2.95%,3.26
https://www.futbolperuano.com/seleccion/noticias/se-revela-el-sistema-de-juego-que-utilizara-mano-menezes-en-peru-561729,114,2800,4.07%,4.89
https://www.futbolperuano.com/liga-1/noticias/javier-rabanal-reflexiona-tras-la-derrota-de-universitario-ante-sport-boys-en-amistoso-560262,113,11207,1.01%,3.64
https://www.futbolperuano.com/liga-1/noticias/cusco-fc-cierra-su-pretemporada-internacional-con-una-goelada-en-contra-a-manos-de-the-strongest-y-queda-listo-para-debutar-en-la-liga-1-2026-561254,113,7360,1.54%,8.66
https://www.futbolperuano.com/liga-1/noticias/cuando-fue-la-ultima-vez-que-cristal-y-universitario-se-enfrentaron-en-el-alberto-gallardo-561746,113,6657,1.7%,5
https://www.futbolperuano.com/liga-1/noticias/liga-1-que-otros-partidos-de-la-fecha-1-del-torneo-apertura-no-seran-transmitidos-tras-el-caos-con-1190-sports-561883,112,15564,0.72%,5.05
https://www.futbolperuano.com/partidos-por-tv/peru-lnsv-liga-peruana-de-voley-femenino-t295,112,7367,1.52%,8.9
https://www.futbolperuano.com/liga-1/noticias/adt-refuerza-su-volante-para-la-liga-1-del-2026-557585,112,6173,1.81%,7.77
https://www.futbolperuano.com/liga-1/noticias/quieren-todo-fc-cajamarca-busca-los-fichajes-de-catriel-cabellos-y-yuriel-celi-para-la-liga-1-2026-557274,112,4214,2.66%,6.88
https://www.futbolperuano.com/liga-1/noticias/pedro-garcia-y-su-rotunda-opinion-sobre-el-remate-de-las-entradas-para-la-noche-blanquiazul-bien-palta-560693,112,3974,2.82%,5.65
https://www.futbolperuano.com/liga-1/noticias/estos-son-los-18-equipos-que-disputaran-la-liga-1-2026-552523,111,9777,1.14%,8.65
https://www.futbolperuano.com/partidos-por-tv/disney-c53,110,15794,0.7%,7.68
https://www.futbolperuano.com/liga-1/noticias/se-cobro-su-revancha-universitario-cae-ante-la-universidad-de-chile-en-amistoso-a-puertas-cerradas-561173,110,2792,3.94%,4.82
https://www.futbolperuano.com/fichajes/fichajes-de-deportivo-moquegua-en-el-2026-altas-bajas-renovaciones-y-rumores-552723,110,1820,6.04%,6.47
https://www.futbolperuano.com/liga-voley/sudamericano-de-clubes-2026-cenaida-uribe-estalla-y-alianza-lima-amenaza-con-no-presentarse-560346,109,2678,4.07%,4.4
https://www.futbolperuano.com/peru/mas-del-futbol-peruano/abogado-de-sergio-pena-confirmo-ingreso-de-mujeres-y-trago-a-la-concentracion-de-alianza-lima-560917,109,1538,7.09%,5.46
https://www.futbolperuano.com/liga-1/noticias/lisandro-alzugaray-campeon-de-la-sudamericana-en-la-mira-de-universitario-para-reforzar-su-ataque-en-la-liga-1-2026-559946,108,4348,2.48%,7.3
https://www.futbolperuano.com/liga-2/noticias/cesar-vallejo-ficha-a-lateral-izquierdo-y-guardameta-para-la-liga-2-2026-557625,108,3375,3.2%,10.92
https://www.futbolperuano.com/liga-1/noticias/adt-de-tarma-asegura-tres-jugadores-para-la-liga-1-del-2026-557104,107,3163,3.38%,8.26
https://www.futbolperuano.com/peru/mas-del-futbol-peruano/academias-de-futbol-en-san-juan-de-lurigancho-498154,107,2962,3.61%,6.98
https://www.futbolperuano.com/liga-1/noticias/jorge-fossati-revela-que-no-puede-irse-del-peru-por-universitario-todavia-tengo-que-558523,107,2335,4.58%,5.63
https://www.futbolperuano.com/liga-1/noticias/alianza-atletico-ficha-su-primer-refuerzo-extranjero-para-el-2026-557155,106,2179,4.86%,8.32
https://www.futbolperuano.com/futbol-femenino/liga-femenina/alianza-lima-anuncio-su-noche-blanquiazul-femenina-2026-561143,105,9354,1.12%,3.55
https://www.futbolperuano.com/liga-1/noticias/cienciano-no-descarta-sumar-mas-refuerzos-antes-de-iniciar-la-liga-1-2026-561275,105,4462,2.35%,7.07
https://www.futbolperuano.com/liga-voley/peru-vs-argentina-en-vivo-por-la-fecha-2-del-sudamericano-de-voleibol-masculino-sub-17-558794,105,4093,2.57%,13.67
https://www.futbolperuano.com/en-vivo/copa-efipan-2026-peru-vs-internacional-de-brasil-en-vivo-desde-brasil-560946,104,4085,2.55%,8.59
https://www.futbolperuano.com/partidos-por-tv/nativa-c31,104,3820,2.72%,8.59
https://www.futbolperuano.com/liga-1/noticias/juan-lucumi-en-negociaciones-avanzadas-con-cienciano-para-la-liga-1-2026-557620,104,2381,4.37%,5.26
https://www.futbolperuano.com/liga-2/noticias/liga-2-bentin-tacna-heroica-se-refuerza-con-campeon-de-la-liga-1-557329,103,3647,2.82%,8.75
https://www.futbolperuano.com/liga-1/noticias/comerciantes-unidos-suma-dos-nuevos-defensas-para-la-liga-1-del-2026-557849,103,2108,4.89%,6.68
https://www.futbolperuano.com/liga-1/noticias/universitario-confirma-el-canal-que-transmitira-la-noche-crema-2026-557075,102,5321,1.92%,8.53
https://www.futbolperuano.com/liga-2/noticias/comerciantes-fc-asegura-su-arco-para-la-liga-2-2026-557685,102,2676,3.81%,9.79
https://www.futbolperuano.com/fichajes/fichajes-de-deportivo-garcilaso-en-el-2026-altas-bajas-renovaciones-y-rumores-551806,102,855,11.93%,5
https://www.futbolperuano.com/liga-1/noticias/juan-pablo-ii-vs-fc-cajamarca-en-vivo-online-por-la-fecha-1-del-torneo-apertura-de-la-liga-1-561868,101,18865,0.54%,8.21
https://www.futbolperuano.com/seleccion/noticias/la-seleccion-peruana-doblego-a-argentinos-juniors-y-suena-en-grande-en-la-copa-efipan-560507,101,2813,3.59%,6.21
https://www.futbolperuano.com/liga-2/noticias/liga-2-cesar-vallejo-presento-a-sus-cuatro-refuerzos-557393,100,14473,0.69%,9.86
https://www.futbolperuano.com/liga-1/noticias/los-18-entrenadores-que-dirigiran-en-el-inicio-de-la-liga-1-del-2026-557962,100,2319,4.31%,8
https://www.futbolperuano.com/peruanos-en-el-exterior/noticias/nuevo-pretendiente-cesar-inga-podria-jugar-la-europa-league-con-tradicional-club-560669,100,1861,5.37%,4.98
https://www.futbolperuano.com/liga-1/noticias/la-liga-1-se-podria-disputar-sin-var-en-este-2026-557822,100,1090,9.17%,7.08
https://www.futbolperuano.com/liga-1/noticias/universitario-de-deportes-revela-los-dorsales-oficiales-de-su-plantel-2026-561055,99,7428,1.33%,6.02
https://www.futbolperuano.com/liga-1/noticias/juan-reynoso-advierte-que-el-plantel-de-melgar-no-esta-cerrado-y-abre-la-puerta-a-nuevos-fichajes-561247,99,5539,1.79%,5.85
https://www.futbolperuano.com/peru/mas-del-futbol-peruano/academias-de-futbol-en-surco-499115,99,1859,5.33%,7.07
https://www.futbolperuano.com/liga-1/noticias/alianza-lima-ya-tiene-al-jugador-que-lucira-la-10-en-este-2026-557980,98,5026,1.95%,7.74
https://www.futbolperuano.com/peruanos-en-el-exterior/noticias/gremio-novorizontino-de-jhilmar-lora-goleo-por-4-0-a-palmeiras-en-el-campeonato-paulista-560521,97,41534,0.23%,8.19
https://www.futbolperuano.com/copa-libertadores/noticias/copa-libertadores-2026-cuando-vuelve-a-jugar-alianza-lima-561902,97,40523,0.24%,3.2
https://www.futbolperuano.com/liga-1/noticias/alianza-lima-ya-conoce-su-camino-en-la-liga-1-2026-y-busca-frenar-el-tetracampeonato-de-universitario-558238,97,6491,1.49%,9.04
https://www.futbolperuano.com/peru/mas-del-futbol-peruano/la-despedida-movistar-toma-drastica-decision-y-golperu-no-volvera-a-salir-en-su-programacion-556026,97,5506,1.76%,7.18
https://www.futbolperuano.com/liga-1/noticias/fc-cajamarca-presenta-a-hernan-barcos-como-el-verdadero-depredador-y-enciende-la-polemica-en-la-liga-1-557332,97,5200,1.87%,6.69
https://www.futbolperuano.com/liga-1/noticias/fichaje-de-peso-sport-boys-va-a-la-carga-por-futbolista-parte-del-tricampeonato-con-universitario-561342,97,4120,2.35%,7.17
https://www.futbolperuano.com/liga-1/noticias/matias-di-benedetto-aprobo-su-nacionalizacion-pero-no-podra-jugar-ante-adt-en-la-fecha-1-del-torneo-apertura-561986,96,6744,1.42%,3.63
https://www.futbolperuano.com/futbol-internacional/noticias/fecha-hora-y-canal-del-sporting-cristal-vs-universidad-catolica-de-ecuador-por-la-tarde-celeste-560627,96,6492,1.48%,8.51
https://www.futbolperuano.com/partidos-por-tv/primeira-liga-de-portugal-t28,96,4845,1.98%,10.26
https://www.futbolperuano.com/futbol-femenino/liga-femenina/universitario-rompe-el-mercado-del-futbol-femenino-y-ficha-a-la-internacional-chilena-karen-araya-558791,96,3597,2.67%,9.01
https://www.futbolperuano.com/liga-voley/peru-vs-chile-en-vivo-por-la-fecha-3-del-sudamericano-de-voleibol-masculino-sub-17-559950,96,2640,3.64%,9.8
https://www.futbolperuano.com/liga-1/noticias/juan-romagnoli-se-prepara-para-su-regreso-la-gran-apuesta-de-cienciano-en-la-temporada-2026-557507,96,1694,5.67%,6.78
https://www.futbolperuano.com/futbol-internacional/inglaterra/the-championship/tabla-de-posiciones,95,64247,0.15%,9.75
https://www.futbolperuano.com/en-vivo/guarany-de-bage-vs-gremio-en-vivo-por-el-campeonato-gaucho-2026-560597,95,20982,0.45%,7.09
https://www.futbolperuano.com/liga-1/noticias/liga-1-roberto-mosquera-no-podra-dirigir-ante-alianza-lima-561662,95,6419,1.48%,5.04
https://www.futbolperuano.com/liga-1/noticias/reimond-manco-arremete-contra-hernan-barcos-561780,95,3826,2.48%,5.07
https://www.futbolperuano.com/liga-1/noticias/atletico-grau-ya-eligio-el-estadio-donde-sera-local-en-la-liga-1-del-2026-555049,95,1591,5.97%,6.57
https://www.futbolperuano.com/futbol-internacional/arabia-saudita/tabla-de-posiciones,94,204500,0.05%,9.58
https://www.futbolperuano.com/en-vivo/copa-efipan-2026-peru-vs-argentinos-juniors-en-vivo-desde-brasil-560433,93,3780,2.46%,8.83
https://www.futbolperuano.com/futbol-de-menores/liga-nacional-sub-18-peru/tabla-de-posiciones,93,2706,3.44%,6.65
https://www.futbolperuano.com/en-vivo/noche-crema-2026-universitario-de-deportes-vs-universidad-de-chile-560971,92,7120,1.29%,5.45
https://www.futbolperuano.com/liga-1/noticias/sebastien-pineau-retorna-a-la-liga-1-para-fichar-por-fc-cajamarca-557801,91,5824,1.56%,6.03
https://www.futbolperuano.com/liga-2/noticias/union-comercio-se-arma-hasta-los-dientes-para-la-liga-2-2026-560072,90,10336,0.87%,13.84
https://www.futbolperuano.com/liga-1/noticias/mr-peet-estalla-contra-alianza-lima-y-exige-un-refuerzo-tipo-montano-necesitan-un-jugador-que-marque-diferencias-560229,90,5589,1.61%,3.87
https://www.futbolperuano.com/liga-1/noticias/deportivo-moquegua-aclara-su-situacion-en-la-liga-1-2026-559890,90,3742,2.41%,7.1
https://www.futbolperuano.com/liga-1/noticias/padre-de-luis-advincula-revela-por-que-el-rayo-eligio-jugar-por-alianza-lima-561209,89,4725,1.88%,3.33
https://www.futbolperuano.com/peru/mas-del-futbol-peruano/academias-de-futbol-en-el-distrito-de-comas-499766,89,2379,3.74%,6.78
https://www.futbolperuano.com/seleccion/noticias/una-vez-mas-la-seleccion-peruana-sub-15-suma-su-segunda-victoria-al-hilo-en-la-copa-efipan-2026-560266,89,2327,3.82%,6.35
https://www.futbolperuano.com/liga-1/noticias/javier-rabanal-toma-drastica-medida-en-universitario-solo-habra-amistosos-a-puertas-cerradas-557111,89,1692,5.26%,6.68
https://www.futbolperuano.com/futbol-internacional/noticias/fecha-hora-y-canal-del-universitario-vs-universidad-de-chile-560606,88,9491,0.93%,7.79
https://www.futbolperuano.com/futbol-internacional/noticias/diego-churin-tiene-nuevo-club-tras-dejar-universitario-el-delantero-regresara-al-futbol-argentino-557607,88,6352,1.39%,3.92
https://www.futbolperuano.com/mundial/panini-presenta-la-portada-del-album-del-mundial-2026-553858,88,6100,1.44%,6.73
https://www.futbolperuano.com/liga-1/noticias/estadio-heroes-de-san-ramon-reabre-sus-puertas-tras-recibir-certificacion-fifa-quality-pro-550464,88,4365,2.02%,5.07
https://www.futbolperuano.com/liga-1/noticias/universitario-fecha-de-llegada-confirmada-para-su-nuevo-goleador-sekou-gassama-560180,88,3285,2.68%,6.24
https://www.futbolperuano.com/liga-1/noticias/jorge-fossati-respalda-la-llegada-de-javier-rabanal-a-universitario-558563,88,2285,3.85%,5.47
https://www.futbolperuano.com/liga-1/noticias/javier-salas-volante-mexicano-que-llega-a-melgar-para-la-liga-1-y-copa-sudamericana-2026-557149,88,2034,4.33%,4.44
https://www.futbolperuano.com/liga-1/noticias/liga-1-fixture-de-cusco-fc-en-el-torneo-apertura-2026-558272,87,4321,2.01%,7.77
https://www.futbolperuano.com/liga-1/noticias/liga-1-alianza-lima-encontro-el-reemplazo-de-carlos-zambrano-561366,87,1985,4.38%,3.53
https://www.futbolperuano.com/en-vivo/bundesliga-colonia-vs-bayern-munich-558692,86,99345,0.09%,4.22
https://www.futbolperuano.com/liga-1/noticias/sporting-cristal-tiene-rival-confirmado-para-su-tarde-celeste-2026-558629,85,5329,1.6%,7.76
https://www.futbolperuano.com/liga-1/noticias/alianza-lima-ya-sabe-lo-que-hara-con-miguel-trauco-tras-escandalo-en-uruguay-561471,85,3164,2.69%,4.09
https://www.futbolperuano.com/descentralizado/tabla-de-posiciones,84,21096,0.4%,9.48
https://www.futbolperuano.com/liga-1/noticias/liga-1-el-partido-de-melgar-ante-cienciano-seria-televisado-tras-arreglo-con-1190-sports-562010,84,9767,0.86%,6.94
https://www.futbolperuano.com/liga-1/noticias/fecha-hora-y-canal-de-juan-pablo-ii-vs-fc-cajamarca-por-el-torneo-apertura-558830,84,4634,1.81%,7.36
https://www.futbolperuano.com/en-vivo/novorizontino-vs-palmeiras-en-vivo-por-el-campeonato-paulista-2026-560443,83,76312,0.11%,9.19
https://www.futbolperuano.com/top/1xbet-se-convierte-en-patrocinador-principal-de-sporting-cristal-557602,83,2464,3.37%,12.14
https://www.futbolperuano.com/liga-1/noticias/atletico-grau-se-refuerza-con-ex-delantero-de-velez-sarsfield-561726,82,5111,1.6%,4.19
https://www.futbolperuano.com/liga-1/noticias/exfigura-de-real-madrid-se-rinde-ante-javier-rabanal-tras-su-llegada-a-universitario-558581,82,5092,1.61%,6.6
https://www.futbolperuano.com/liga-1/noticias/alianza-lima-esteban-pavez-llego-a-lima-para-convertirse-en-nuevo-refuerzo-grone-561639,82,4093,2%,3.45
https://www.futbolperuano.com/partidos-por-tv/noticias/programacion-de-hoy-sabado-24-de-enero-de-2026-horarios-del-futbol-en-vivo-por-television-en-el-peru-560978,82,3972,2.06%,9.33
https://www.futbolperuano.com/en-vivo/copa-efipan-2026-peru-vs-nacional-de-uruguay-en-vivo-desde-brasil-560807,82,3826,2.14%,9.53
https://www.futbolperuano.com/peru/mas-del-futbol-peruano/paolo-guerrero-y-luis-advincula-habrian-sido-agredidos-por-hinchas-de-alianza-lima-560786,82,1630,5.03%,4.27
https://www.futbolperuano.com/liga-1/noticias/miguel-silveira-es-presentado-en-universitario-y-buscara-relanzar-su-carrera-en-la-liga-1-y-copa-libertadores-2026-560376,81,6985,1.16%,7.44
https://www.futbolperuano.com/futbol-femenino/liga-femenina/liga-femenina-universitario-de-deportes-se-despide-de-4-jugadoras-para-la-temporada-2026-557869,81,4232,1.91%,7.15
https://www.futbolperuano.com/liga-1/noticias/pedro-aquino-tambien-fue-separado-de-alianza-lima-tras-confirmarse-su-presencia-en-el-hotel-de-montevideo-561222,81,2543,3.19%,5.99
https://www.futbolperuano.com/liga-1/noticias/liga-1-en-vivo-noticias-y-resultados-de-la-fecha-1-del-torneo-apertura-561845,80,54982,0.15%,6.21
https://www.futbolperuano.com/partidos-por-tv/directv-sports-c3,79,17326,0.46%,7.62
https://www.futbolperuano.com/partidos-por-tv/fivb-c56,79,7040,1.12%,10.5
https://www.futbolperuano.com/liga-1/noticias/fc-cajamarca-suma-un-nuevo-refuerzo-para-su-delantera-557089,79,3769,2.1%,7.87
https://www.futbolperuano.com/liga-1/noticias/universitario-vs-sport-boys-canal-confirmado-para-ver-el-amistoso-de-pretemporada-en-campo-mar-560022,79,2724,2.9%,6.86
https://www.futbolperuano.com/liga-2/noticias/cesar-vallejo-continua-armando-su-plantel-para-la-liga-2-2026-560439,79,1848,4.27%,10.25
https://www.futbolperuano.com/en-vivo/serie-rio-de-la-plata-alianza-lima-vs-union-de-santa-fe-558684,78,7262,1.07%,9.89
https://www.futbolperuano.com/liga-1/noticias/guillermo-sanguinetti-ex-tecnico-de-alianza-lima-condeno-actos-de-indisciplina-561442,78,2350,3.32%,4.78
https://www.futbolperuano.com/liga-1/noticias/se-pone-la-crema-universitario-llego-a-un-acuerdo-con-lisandro-alzugaray-para-la-temporada-2026-559989,78,1996,3.91%,4.93
https://www.futbolperuano.com/en-vivo/santos-vs-corinthians-en-vivo-por-el-campeonato-paulista-2026-560795,77,66744,0.12%,11.82
https://www.futbolperuano.com/liga-1/noticias/liga-1-2026-facundo-callejo-advierte-que-cusco-fc-no-puede-repetir-el-error-de-alianza-lima-558054,77,3243,2.37%,6.76
https://www.futbolperuano.com/partidos-por-tv/noticias/programacion-de-hoy-domingo-25-de-enero-de-2026-horarios-del-futbol-en-vivo-por-television-en-el-peru-561092,77,3117,2.47%,7.05
https://www.futbolperuano.com/futbol-internacional/belgica/tabla-de-posiciones,76,40731,0.19%,9
https://www.futbolperuano.com/peru/clubes/utc-cajamarca/,76,10427,0.73%,8.01
https://www.futbolperuano.com/futbol-internacional/noticias/noche-blanquiazul-a-que-hora-juega-alianza-lima-vs-inter-miami-561038,76,3625,2.1%,5.14
https://www.futbolperuano.com/liga-2/noticias/union-minas-sacude-el-mercado-de-pases-y-ficha-a-central-brasileno-para-la-liga-2-557690,76,3421,2.22%,10.21
https://www.futbolperuano.com/partidos-por-tv/noticias/programacion-de-partidos-por-tv-del-sabado-17-de-enero-del-2026-560054,76,2961,2.57%,6.36
https://www.futbolperuano.com/liga-1/noticias/atletico-grau-suma-dos-nuevos-refuerzos-para-la-liga-1-del-2026-557094,76,2256,3.37%,7.54
https://www.futbolperuano.com/futbol-femenino/liga-femenina/liga-femenina-2026-alianza-lima-confirmo-la-salida-de-la-arquera-maryory-sanchez-558419,76,2132,3.56%,7.2
https://www.futbolperuano.com/liga-2/noticias/ada-de-jaen-confirma-su-cuarta-renovacion-para-la-liga-2-2026-557442,75,13328,0.56%,13.42
https://www.futbolperuano.com/futbol-internacional/mexico/tabla-de-posiciones,74,16932,0.44%,11.45
https://www.futbolperuano.com/liga-1/noticias/entrenador-de-adt-de-tarma-lanza-advertencia-a-universitario-de-deportes-561672,74,6177,1.2%,7.15
https://www.futbolperuano.com/liga-1/noticias/no-pudo-en-la-tarde-del-aguila-comerciantes-unidos-tropieza-ante-utc-en-su-presentacion-560676,74,4840,1.53%,9.66
https://www.futbolperuano.com/partidos-por-tv/noticias/programacion-de-partidos-por-tv-del-domingo-01-de-febrero-del-2026-562007,74,3438,2.15%,3.74
https://www.futbolperuano.com/liga-1/noticias/adt-de-tarma-oficializa-a-su-nuevo-entrenador-liga-1-2026-557187,74,2652,2.79%,7.44
https://www.futbolperuano.com/peru/mas-del-futbol-peruano/academias-de-futbol-en-el-distrito-de-san-miguel-499482,74,1248,5.93%,6.52
https://www.futbolperuano.com/copa-peru/noticias/el-nuevo-juan-aurich-logra-su-primer-titulo-en-la-copa-peru-556193,73,4062,1.8%,7.06
https://www.futbolperuano.com/peruanos-en-el-exterior/noticias/gianluca-lapadula-le-da-importante-consejo-a-felipe-chavez-sobre-la-seleccion-peruana-557979,73,3102,2.35%,3.95
https://www.futbolperuano.com/liga-1/noticias/cusco-fc-apuesta-por-el-futuro-joven-promesa-con-pasado-internacional-volveria-al-dorado-para-el-2026-557422,73,2961,2.47%,11.93
https://www.futbolperuano.com/liga-2/noticias/liga-2-comerciantes-fc-anuncia-dos-fichajes-y-una-renovacion-558755,73,2406,3.03%,8.81
https://www.futbolperuano.com/liga-2/noticias/alianza-universidad-suma-dos-mediocampistas-para-la-liga-2-2026-558183,72,49729,0.14%,14.98
https://www.futbolperuano.com/peru/clubes/fbc-melgar/,72,33188,0.22%,9.23
https://www.futbolperuano.com/liga-de-campeones/noticias/con-marcos-lopez-copenhague-cayo-frente-a-barcelona-y-fue-eliminado-de-la-champions-league-561573,72,10265,0.7%,7.59
https://www.futbolperuano.com/liga-1/noticias/dt-de-universitario-los-refuerzos-tienen-que-sacar-del-once-a-los-tricampeones-si-quieren-jugar-561137,72,7326,0.98%,3.74
https://www.futbolperuano.com/liga-1/noticias/alvaro-barco-revela-el-motivo-por-el-cual-cesar-inga-no-termino-llegando-al-kansas-city-y-se-quedo-en-universitario-estamos-seguros-561179,72,7247,0.99%,3.8
https://www.futbolperuano.com/peruanos-en-el-exterior/noticias/joao-grimaldo-sumo-sus-primeros-minutos-con-el-sparta-praga-560019,72,6729,1.07%,7.83
https://www.futbolperuano.com/partidos-por-tv/noticias/programacion-de-hoy-domingo-18-de-enero-de-2026-horarios-del-futbol-en-vivo-por-television-en-el-peru-560173,72,2512,2.87%,7.82
https://www.futbolperuano.com/peru/mas-del-futbol-peruano/alianza-lima-coki-gonzales-arremetio-contra-carlos-zambrano-tras-denuncia-en-argentina-560777,72,1355,5.31%,7.29
https://www.futbolperuano.com/futbol-internacional/alemania/tabla-de-posiciones,71,29408,0.24%,10.39
https://www.futbolperuano.com/liga-1/noticias/fecha-hora-y-canal-del-debut-de-alianza-lima-en-el-torneo-apertura-2026-558703,71,7979,0.89%,9.33
https://www.futbolperuano.com/liga-1/noticias/federico-girotti-rompe-su-silencio-tras-debutar-con-alianza-lima-muy-contento-por-el-debut-fue-un-partido-complicado-558380,71,7031,1.01%,3.8
https://www.futbolperuano.com/liga-1/noticias/sorpresa-en-sporting-cristal-con-salida-de-uno-de-sus-referentes-557948,71,2644,2.69%,8.05
https://www.futbolperuano.com/liga-1/noticias/quienes-son-los-refuerzos-del-atletico-grau-para-la-temporada-2026-558572,71,2293,3.1%,9.43
https://www.futbolperuano.com/liga-1/noticias/liga-1-tabla-de-posiciones-del-puntaje-acumulado-284185,71,1840,3.86%,33.67
https://www.futbolperuano.com/liga-1/noticias/universitario-vs-alianza-lima-fecha-confirmada-del-primer-clasico-del-ano-560470,70,6430,1.09%,5.9
https://www.futbolperuano.com/futbol-internacional/noticias/alianza-lima-vs-colo-colo-probables-alineaciones-para-el-duelo-por-la-serie-rio-de-la-plata-560226,70,6390,1.1%,5.58
https://www.futbolperuano.com/en-vivo/futbol-argentino-barracas-central-vs-river-plate-en-vivo-561057,70,4410,1.59%,7.94
https://www.futbolperuano.com/liga-1/noticias/juan-pablo-ii-confirmo-a-su-quinto-refuerzo-extranjero-para-la-liga-1-2026-558197,70,3870,1.81%,8.63
https://www.futbolperuano.com/futbol-de-menores/copa-federacion-oro-2025-conoce-a-los-clasificados-a-la-fase-final-del-torneo-de-menores-533164,70,3724,1.88%,7.24
https://www.futbolperuano.com/partidos-por-tv/campeonato-paulista-de-brasil-t42,70,3198,2.19%,10.39
https://www.futbolperuano.com/liga-1/noticias/desde-ecuador-avisan-a-universitario-alzugaray-es-un-fichaje-top-y-va-a-hacer-muchos-goles-en-la-liga-1-560366,70,2223,3.15%,8.04
https://www.futbolperuano.com/peruanos-en-el-exterior/noticias/futbolista-peruano-jugara-en-la-primera-division-de-uruguay-561411,70,1645,4.26%,8.49
https://www.futbolperuano.com/en-vivo/copa-efipan-2026-peru-vs-nacional-en-vivo-desde-brasil-560241,70,1510,4.64%,11.51
https://www.futbolperuano.com/partidos-por-tv/fortuna-liga-de-republica-checa-t151,70,599,11.69%,5.53
https://www.futbolperuano.com/liga-2/noticias/bentin-tacna-heroica-continua-reforzando-su-plantel-para-la-liga-2-2026-558330,69,14879,0.46%,15.37
https://www.futbolperuano.com/liga-1/noticias/deportivo-moquegua-se-refuerza-con-delantero-colombiano-557341,69,2681,2.57%,7.44
https://www.futbolperuano.com/liga-2/noticias/union-comercio-arma-su-plantel-2026-anuncia-cuatro-nuevos-fichajes-y-ya-suma-13-refuerzos-para-buscar-el-ascenso-a-liga-1-560550,69,2365,2.92%,10.33
https://www.futbolperuano.com/en-vivo/campeonato-gaucho-2026-internacional-vs-gremio-en-vivo-561140,68,16420,0.41%,8.1
https://www.futbolperuano.com/liga-1/noticias/universitario-toma-nota-la-u-de-chile-remueve-su-plantel-y-anuncia-cinco-salidas-antes-de-la-noche-crema-558467,68,5076,1.34%,5.97
https://www.futbolperuano.com/liga-1/noticias/liga-1-2026-se-confirma-como-se-jugaran-los-playoffs-y-la-definicion-por-el-titulo-nacional-560490,68,4129,1.65%,7.15
https://www.futbolperuano.com/peru/mas-del-futbol-peruano/nike-retira-a-sergio-pena-de-campana-de-alianza-lima-tras-denuncia-y-marca-toma-primera-gran-decision-comercial-560808,68,3867,1.76%,3.85
https://www.futbolperuano.com/liga-1/noticias/cusco-fc-confirmo-amistoso-internacional-ante-el-campeon-boliviano-always-ready-558436,68,3398,2%,6.76
https://www.futbolperuano.com/peru/mas-del-futbol-peruano/academias-de-futbol-en-el-distrito-de-los-olivos-499303,68,1692,4.02%,7.26
https://www.futbolperuano.com/liga-1/noticias/universitario-vs-adt-de-tarma-en-vivo-por-el-torneo-apertura-de-la-liga-1-2026-561943,67,18457,0.36%,3.96
https://www.futbolperuano.com/liga-1/noticias/adt-de-tarma-presenta-tres-bajas-para-visitar-a-universitario-de-deportes-561973,67,7604,0.88%,4.36
https://www.futbolperuano.com/liga-2/noticias/ex-universitario-refuerza-a-bentin-tacna-heroica-para-la-liga-2-558014,67,4642,1.44%,11.71
https://www.futbolperuano.com/liga-1/noticias/cuantos-futbolistas-se-fueron-cedidos-de-alianza-lima-en-2026-560428,67,4504,1.49%,7.99
https://www.futbolperuano.com/liga-2/noticias/alianza-universidad-sacude-la-liga-2-oficializa-a-willy-diaz-maelo-reategui-y-fabrizio-roca-para-ir-con-todo-por-el-ascenso-559938,67,2618,2.56%,8.01
https://www.futbolperuano.com/futbol-de-menores/liga-nacional-sub-18-peru/resultados,67,2594,2.58%,6.01
https://www.futbolperuano.com/liga-2/noticias/alianza-universidad-suma-a-experimentado-goleador-y-un-central-para-la-liga-2-2025-557605,67,2585,2.59%,12.42
https://www.futbolperuano.com/peruanos-en-el-exterior/noticias/jesus-pretell-se-despide-de-sporting-cristal-con-palabras-que-conmueven-a-todos-558065,67,1839,3.64%,9.72
https://www.futbolperuano.com/liga-2/noticias/ada-de-jaen-ficha-a-delantero-bicampeon-para-afrontar-la-liga-2-2026-557676,66,5566,1.19%,11.54
https://www.futbolperuano.com/peruanos-en-el-exterior/noticias/santiago-ormeno-sin-club-y-en-silencio-el-exdelantero-de-la-seleccion-peruana-vive-el-momento-mas-duro-de-su-carrera-560153,66,2334,2.83%,8.05
https://www.futbolperuano.com/liga-1/noticias/adt-refuerza-su-defensa-y-apuesta-por-experiencia-internacional-para-el-exigente-2026-557524,66,1502,4.39%,11.46
https://www.futbolperuano.com/en-vivo/futbol-argentino-rosario-central-vs-belgrano-en-vivo-561085,65,7209,0.9%,6.24
https://www.futbolperuano.com/peruanos-en-el-exterior/noticias/jhilmar-lora-deja-sporting-cristal-y-da-el-salto-al-futbol-brasileno-tras-quedar-fuera-de-los-planes-de-autuori-557492,65,6858,0.95%,8.19
https://www.futbolperuano.com/liga-1/noticias/alianza-lima-jugara-en-el-estadio-mansiche-de-trujillo-561535,65,6176,1.05%,12.16
https://www.futbolperuano.com/liga-3/resultados,65,4876,1.33%,6.73
https://www.futbolperuano.com/liga-2/noticias/tiago-cantoro-formado-en-universitario-jugara-la-liga-2-con-union-minas-561660,65,4731,1.37%,5.96
https://www.futbolperuano.com/liga-voley/el-equipo-mas-ganador-en-toda-la-historia-de-la-liga-de-voley-518438,65,2380,2.73%,6.87
https://www.futbolperuano.com/futbol-femenino/liga-femenina/alianza-lima-sorprende-al-renovar-con-cuatro-figuras-para-la-liga-femenina-2026-557706,65,2247,2.89%,10.38
https://www.futbolperuano.com/en-vivo/torneo-apertura-de-colombia-aguilas-doradas-vs-deportivo-cali-561654,64,10235,0.63%,6.35
https://www.futbolperuano.com/liga-1/noticias/quien-es-el-futbolista-mas-valioso-de-alianza-lima-en-esta-temporada-558305,64,6966,0.92%,4.41
https://www.futbolperuano.com/liga-2/noticias/de-promesa-de-sport-boys-a-la-liga-2-fabrizio-roca-continuara-su-carrera-en-el-ascenso-557121,64,3832,1.67%,7.09
https://www.futbolperuano.com/partidos-por-tv/liga-femenina-peru-t182,64,1628,3.93%,12.19
https://www.futbolperuano.com/liga-1/noticias/andy-polar-estaria-cerca-de-fichar-por-campeon-de-la-copa-sudamericana-560082,64,1505,4.25%,5.08
https://www.futbolperuano.com/peruanos-en-el-exterior/noticias/cesar-inga-esta-proximo-a-convertirse-en-jugador-de-kansas-city-tras-acuerdo-con-universitario-559985,64,1073,5.96%,3.38
https://www.futbolperuano.com/en-vivo/copa-africana-de-naciones-senegal-vs-egipto-en-vivo-558705,63,24689,0.26%,3.82
https://www.futbolperuano.com/en-vivo/campeonato-carioca-2026-fluminense-vs-flamengo-en-vivo-561142,63,17533,0.36%,7.57
https://www.futbolperuano.com/futbol-internacional/colombia/tabla-de-posiciones,63,16380,0.38%,12.73
https://www.futbolperuano.com/peru/mas-del-futbol-peruano/gonzalo-bueno-sorprende-en-melbourne-y-elimina-a-uno-de-los-favoritos-en-la-qualy-del-australian-open-2026-558438,63,5371,1.17%,6.95
https://www.futbolperuano.com/liga-1/noticias/liga-1-carlos-silvestri-ilusiona-a-fc-cajamarca-y-anticipa-un-debut-con-ambicion-ante-juan-pablo-ii-558468,63,4311,1.46%,4.89
https://www.futbolperuano.com/liga-1/noticias/de-pelearse-en-una-pichanga-christian-cueva-y-jack-duran-se-reencontraron-en-la-pretemporada-de-juan-pablo-ii-557543,63,3923,1.61%,6.36
https://www.futbolperuano.com/copa-peru/resultados,63,3326,1.89%,9.62
https://www.futbolperuano.com/liga-1/noticias/la-liga-1-supera-a-la-mls-y-otros-torneos-de-la-conmebol-en-reconocido-ranking-mundial-de-la-iffhs-561509,63,2933,2.15%,8.15
https://www.futbolperuano.com/peru/clubes/sporting-cristal/,62,45049,0.14%,8.23
https://www.futbolperuano.com/liga-1/noticias/luz-verde-en-universitario-williams-riveros-y-matias-di-benedetto-aprobaron-su-examen-de-nacionalizacion-561907,62,5437,1.14%,4.98
https://www.futbolperuano.com/peruanos-en-el-exterior/noticias/fc-cajamarca-y-el-poderoso-once-que-arma-para-sonar-en-grande-en-el-2026-557589,62,3095,2%,7.99
https://www.futbolperuano.com/peruanos-en-el-exterior/noticias/los-peruanos-que-jugaran-en-el-exterior-en-este-ano-2025-505656,62,2611,2.37%,7.05
https://www.futbolperuano.com/liga-1/noticias/deportivo-moquegua-presentara-este-lunes-a-su-plantel-y-camiseta-para-la-liga-1-2026-561214,62,2568,2.41%,9.09
https://www.futbolperuano.com/liga-1/noticias/sport-boys-y-la-incertidumbre-por-los-derechos-de-tv-a-puertas-del-inicio-de-la-liga-1-560192,61,12979,0.47%,2.43
https://www.futbolperuano.com/liga-1/noticias/marcos-lliuya-sorprende-al-cambiar-de-equipo-en-la-liga-1-del-2026-555445,61,3604,1.69%,7.6
https://www.futbolperuano.com/liga-1/noticias/lisandro-alzugaray-el-nuevo-goleador-de-universitario-estilo-de-juego-y-experiencia-clave-para-el-esquema-de-javier-rabanal-560042,61,3354,1.82%,6.23
https://www.futbolperuano.com/peru/mas-del-futbol-peruano/academias-de-futbol-en-san-martin-de-porres-498324,61,1970,3.1%,6.89
https://www.futbolperuano.com/liga-1/noticias/deportivo-moquegua-gana-su-primer-amistoso-del-2026-557728,61,1872,3.26%,7.61
https://www.futbolperuano.com/peru/mas-del-futbol-peruano/academias-de-futbol-en-villa-el-salvador-498518,61,1849,3.3%,6.86
https://www.futbolperuano.com/peruanos-en-el-exterior/noticias/bryan-reyna-deslumbra-con-gol-en-los-entrenamientos-de-belgrano-558736,61,1431,4.26%,3.04
https://www.futbolperuano.com/en-vivo/copa-efipan-2026-peru-vs-sao-jose-en-vivo-desde-brasil-560144,61,1100,5.55%,11.32
https://www.futbolperuano.com/peru/clubes/union-minas-pasco/,61,805,7.58%,5.88
https://www.futbolperuano.com/futbol-internacional/francia/tabla-de-posiciones,60,31100,0.19%,9.66
https://www.futbolperuano.com/peru/clubes/comerciantes-loreto/,60,6797,0.88%,5.05
https://www.futbolperuano.com/liga-1/noticias/quienes-fueron-los-ultimos-brasilenos-que-jugaron-en-universitario-560481,60,4025,1.49%,5.23
https://www.futbolperuano.com/liga-1/noticias/paulo-autuori-apunto-contra-el-presidente-de-la-fpf-y-cuestiono-la-liga-1-560321,60,3451,1.74%,3.11
https://www.futbolperuano.com/partidos-por-tv/noticias/programacion-de-partidos-por-tv-del-domingo-04-de-enero-del-2026-557424,60,3295,1.82%,5.75
https://www.futbolperuano.com/en-vivo/liga-1-del-2026-sorteo-en-vivo-del-fixture-558148,60,2229,2.69%,11.89
https://www.futbolperuano.com/peru/mas-del-futbol-peruano/que-dice-el-informe-policial-contra-carlos-zambrano-sergio-pena-y-miguel-trauco-560822,60,667,9%,8.33
https://www.futbolperuano.com/liga-2/noticias/union-comercio-suma-dos-nuevos-refuerzos-y-mete-miedo-en-el-ascenso-559845,59,5556,1.06%,11.71
https://www.futbolperuano.com/liga-1/noticias/fixture-de-alianza-atletico-en-el-torneo-apertura-2026-558427,59,3345,1.76%,6.92
https://www.futbolperuano.com/liga-voley/peru-vs-brasil-en-vivo-por-el-sudamericano-de-voleibol-masculino-sub-17-558612,59,3133,1.88%,13.28
https://www.futbolperuano.com/liga-1/noticias/claudio-biaggio-revela-cual-es-el-principal-objetivo-de-comerciantes-unidos-557494,59,2020,2.92%,7.52
https://www.futbolperuano.com/peru/clubes/cienciano/,58,18076,0.32%,7.35
https://www.futbolperuano.com/partidos-por-tv/noticias/programacion-de-partidos-por-tv-del-miercoles-14-de-enero-del-2026-558593,58,3004,1.93%,6.8
https://www.futbolperuano.com/futbol-internacional/noticias/alianza-lima-vs-inter-miami-en-vivo-por-la-noche-blanquiazul-2026-560938,58,2990,1.94%,2.53
https://www.futbolperuano.com/peru/mas-del-futbol-peruano/academias-de-futbol-en-la-molina-499126,58,1214,4.78%,7.13
https://www.futbolperuano.com/futbol-internacional/brasil/copa-paulista/tabla-de-posiciones,57,37864,0.15%,9.52
https://www.futbolperuano.com/liga-1/noticias/presidente-de-fc-cajamarca-sorprende-a-hinchas-con-drastica-decision-557385,57,4104,1.39%,7.49
https://www.futbolperuano.com/liga-1/noticias/edison-flores-y-su-rotundo-mensaje-a-jairo-velez-tras-fichar-por-alianza-lima-es-una-558025,57,3863,1.48%,6.03
https://www.futbolperuano.com/peruanos-en-el-exterior/noticias/peruanos-en-el-exterior-los-que-se-van-los-que-vuelven-a-la-liga-1-y-los-que-se-quedaron-con-las-maletas-hechas-558059,57,2082,2.74%,9.68
https://www.futbolperuano.com/liga-3/noticias/resultados-y-tabla-de-posiciones-de-la-fecha-2-de-la-fase-final-por-la-liga-3-2025-532278,57,1164,4.9%,3.68
https://www.futbolperuano.com/en-vivo/copa-africana-de-naciones-marruecos-vs-senegal-560160,56,13564,0.41%,6.91
https://www.futbolperuano.com/liga-voley/deportivo-wanka-y-kazoku-no-peru-definen-su-permanencia-en-la-liga-peruana-de-voley-femenino-560734,56,4736,1.18%,4.41
https://www.futbolperuano.com/liga-1/noticias/alianza-atletico-no-pierde-tiempo-y-arranca-su-pretemporada-pensando-en-la-liga-1-y-la-copa-sudamericana-2026-557436,56,2624,2.13%,8.72
https://www.futbolperuano.com/liga-1/noticias/utc-inicia-su-rearmado-para-la-liga-1-2026-y-anuncia-sus-primeras-renovaciones-558457,56,1816,3.08%,8.39
https://www.futbolperuano.com/en-vivo/brasileirao-fluminense-vs-gremio-561496,55,27632,0.2%,10.41
https://www.futbolperuano.com/eliminatorias/africa/tabla-de-posiciones,55,5177,1.06%,10.66
https://www.futbolperuano.com/liga-1/noticias/melgar-bloquea-camaras-de-1190-sports-hasta-que-se-pague-deuda-arrastrada-desde-2023-561999,55,3882,1.42%,5.68
https://www.futbolperuano.com/liga-1/noticias/1190-sports-garantiza-que-la-liga-1-no-se-postergara-y-pone-fecha-limite-para-el-pago-a-los-clubes-557908,55,1835,3%,7.96
https://www.futbolperuano.com/liga-1/noticias/alessandro-burlamaqui-y-su-desafiante-mensaje-a-javier-rabanal-dt-de-universitario-557571,55,1621,3.39%,4.01
https://www.futbolperuano.com/peruanos-en-el-exterior/noticias/franco-medina-se-prepara-para-debutar-en-brasil-con-monsoon-fc-560758,55,1495,3.68%,11.39
https://www.futbolperuano.com/liga-1/noticias/el-tecnico-juan-carlos-malpica-sobre-fc-cajamarca-nadie-se-ha-comunicado-conmigo-552626,55,773,7.12%,7.01
https://www.futbolperuano.com/liga-1/noticias/alianza-atletico-vs-cusco-fc-en-vivo-online-por-la-fecha-1-del-torneo-apertura-de-liga-1-2026-562017,54,8902,0.61%,5.75
https://www.futbolperuano.com/futbol-internacional/noticias/alianza-lima-alan-cantero-y-su-llanto-tras-intercambiar-camiseta-con-lionel-messi-561134,54,8023,0.67%,1.56
https://www.futbolperuano.com/futbol-de-menores/fixture-confirmado-de-la-seleccion-peruana-los-tres-partidos-de-peru-sub-16-en-el-mundial-montaigu-2026-561677,54,4283,1.26%,8.94
https://www.futbolperuano.com/liga-3/noticias/asa-fc-se-arma-para-la-liga-3-2026-el-cuadro-de-chancay-confirma-12-renovaciones-y-refuerza-su-base-para-ir-por-el-ascenso-557346,54,2456,2.2%,8.37
https://www.futbolperuano.com/liga-de-campeones/tabla-de-posiciones,53,146348,0.04%,10.54
https://www.futbolperuano.com/en-vivo/copa-africana-de-naciones-nigeria-vs-marruecos-en-vivo-558740,53,21979,0.24%,3.97
https://www.futbolperuano.com/liga-1/noticias/se-encienten-las-alarmas-en-universitario-sufre-su-primera-baja-por-lesion-para-la-noche-crema-2026-559975,53,5152,1.03%,3.85
https://www.futbolperuano.com/partidos-por-tv/arabia-saudita-liga-profesional-saudi-t61,53,2302,2.3%,9.78
https://www.futbolperuano.com/peruanos-en-el-exterior/noticias/cesar-inga-se-decidio-por-el-kansas-city-de-la-mls-560114,53,1054,5.03%,3.08
https://www.futbolperuano.com/liga-1/noticias/mano-menezes-se-muestra-en-contra-de-los-siete-extranjeros-en-la-liga-1-2026-561812,52,15079,0.34%,3.85
https://www.futbolperuano.com/liga-voley/peru-sera-sede-del-sudamericano-de-clubes-de-voleibol-femenino-2026-555129,52,4336,1.2%,8.9
https://www.futbolperuano.com/liga-1/noticias/comerciantes-unidos-se-refuerza-con-mediocampista-campeon-de-la-liga-1-560662,52,3551,1.46%,8.41
https://www.futbolperuano.com/liga-1/noticias/alianza-lima-y-la-paciencia-en-crisis-la-voz-de-mateo-antoni-tras-otra-noche-amarga-558787,52,2187,2.38%,12.54
https://www.futbolperuano.com/en-vivo/peru-y-trinidad-tobago-en-vivo-partido-amistoso-sub-17-561809,52,2121,2.45%,8.86
https://www.futbolperuano.com/partidos-por-tv/noticias/programacion-de-hoy-lunes-26-de-enero-de-2026-horarios-del-futbol-en-vivo-por-television-en-el-peru-561169,52,1894,2.75%,7.52
https://www.futbolperuano.com/peru/mas-del-futbol-peruano/academias-de-futbol-en-el-distrito-de-chorrillos-499712,52,1156,4.5%,6.16
https://www.futbolperuano.com/futbol-internacional/brasil/tabla-de-posiciones,51,22331,0.23%,10.88
https://www.futbolperuano.com/liga-1/noticias/alianza-lima-oficializa-el-fichaje-del-central-uruguayo-mateo-antoni-para-el-2026-557450,51,3047,1.67%,6.32
https://www.futbolperuano.com/mas-deportes/noticias/peru-vuelve-a-tropezar-y-queda-al-borde-del-abismo-en-la-kings-world-cup-nations-2026-557766,51,2966,1.72%,7.36
https://www.futbolperuano.com/liga-3/noticias/club-peruano-cambiara-de-nombre-en-el-2026-553626,51,2879,1.77%,7.58
https://www.futbolperuano.com/peruanos-en-el-exterior/noticias/sebastian-la-torre-da-el-salto-en-grecia-ficho-por-el-veria-fc-firme-candidato-al-ascenso-557638,51,2037,2.5%,10.27
https://www.futbolperuano.com/liga-1/noticias/bomba-luis-advincula-sera-nuevo-jugador-de-alianza-lima-tras-desvincularse-de-boca-juniors-557785,51,1143,4.46%,4.29
https://www.futbolperuano.com/liga-1/noticias/peter-arevalo-destapa-que-alianza-lima-busca-central-extranjero-para-reforzar-su-defensa-561171,50,8104,0.62%,2.78
https://www.futbolperuano.com/liga-1/noticias/dt-de-fc-cajamarca-la-llegada-de-hernan-barcos-permitio-fichar-jugadores-de-jerarquia-560084,50,5493,0.91%,6.06
https://www.futbolperuano.com/en-vivo/bolivia-vs-mexico-en-vivo-partido-amistoso-en-santa-cruz-561144,50,3511,1.42%,10.09
https://www.futbolperuano.com/copa-libertadores/tabla-de-posiciones,50,3119,1.6%,18.72
https://www.futbolperuano.com/partidos-por-tv/copa-africana-de-naciones-t89,50,2909,1.72%,7.86
https://www.futbolperuano.com/liga-1/noticias/comerciantes-unidos-confirmo-el-plantel-completo-para-la-liga-1-2026-560407,50,2795,1.79%,8.17
https://www.futbolperuano.com/liga-1/noticias/garcilaso-presento-a-sus-cinco-nuevos-refuerzos-para-la-temporada-2026-557039,50,2413,2.07%,8.71
https://www.futbolperuano.com/liga-1/noticias/deportivo-moquegua-apunta-alto-en-la-liga-1-2026-jaime-serna-fija-como-objetivo-llegar-a-una-copa-internacional-560164,50,2118,2.36%,5.55
https://www.futbolperuano.com/liga-2/noticias/liga-2-ada-de-jaen-se-refuerza-con-volante-que-salio-campeon-con-alianza-lima-560071,50,1528,3.27%,7.01
https://www.futbolperuano.com/peru/mas-del-futbol-peruano/academias-de-futbol-en-el-distrito-de-surquillo-499580,50,725,6.9%,7.68
https://www.futbolperuano.com/en-vivo/bragantino-vs-corinthians-en-vivo-por-el-campeonato-paulista-2026-559912,49,45945,0.11%,9.37
https://www.futbolperuano.com/peruanos-en-el-exterior/noticias/dt-de-riga-fc-felicita-a-joao-grimaldo-tras-dar-el-salto-al-sparta-praga-558006,49,4082,1.2%,8.63
https://www.futbolperuano.com/liga-1/noticias/alvaro-barco-respalda-el-fichaje-de-sekou-gassama-pese-a-su-tardia-llegada-a-la-pretemporada-de-universitario-558050,49,2231,2.2%,3.66
https://www.futbolperuano.com/peruanos-en-el-exterior/noticias/alessandro-milesi-deja-cusco-fc-y-jugara-por-miami-fc-en-la-temporada-2026-557166,49,2087,2.35%,11.33
https://www.futbolperuano.com/liga-2/noticias/cesar-vallejo-confirma-su-quinta-renovacion-en-el-plantel-para-la-liga-2-2026-557162,49,2074,2.36%,10.42
https://www.futbolperuano.com/peru/mas-del-futbol-peruano/academias-de-futbol-en-el-distrito-de-jesus-maria-498963,49,1180,4.15%,9.5
https://www.futbolperuano.com/liga-1/noticias/cain-fara-nuevo-fichaje-de-universitario-se-rinde-ante-el-tricampeon-558661,48,4605,1.04%,6.51
https://www.futbolperuano.com/liga-2/noticias/alianza-universidad-refuerza-su-porteria-para-la-liga-2-2026-557809,48,3920,1.22%,10.4
https://www.futbolperuano.com/peruanos-en-el-exterior/noticias/andres-aguilar-de-descender-con-ayacucho-fc-sin-un-minuto-en-cancha-a-dar-el-salto-a-brasil-557529,48,3604,1.33%,7.64
https://www.futbolperuano.com/liga-1/noticias/directorio-de-la-fpf-aprobo-los-7-extranjeros-por-equipo-en-la-liga-1-2026-558625,48,3528,1.36%,6.17
https://www.futbolperuano.com/liga-1/noticias/los-partidos-que-le-restan-a-alianza-lima-en-el-torneo-clausura-543744,48,3267,1.47%,11.35
https://www.futbolperuano.com/futbol-internacional/noticias/a-que-hora-juega-universitario-de-deportes-vs-universidad-de-chile-561043,48,3091,1.55%,4.98
https://www.futbolperuano.com/partidos-por-tv/noticias/programacion-de-hoy-jueves-8-de-enero-de-2026-horarios-del-futbol-en-vivo-por-television-en-el-peru-557877,48,2259,2.12%,9.67
https://www.futbolperuano.com/radio/,48,2075,2.31%,8.73
https://www.futbolperuano.com/liga-voley/sudamericano-clubes-femenino/resultados,48,1974,2.43%,8.02
https://www.futbolperuano.com/liga-1/noticias/luis-advincula-paso-examenes-medicos-y-ya-se-suma-a-alianza-lima-para-la-pretemporada-en-uruguay-558189,48,1485,3.23%,6.48
https://www.futbolperuano.com/futsal/peru-y-sus-convocados-para-la-copa-america-de-futsal-2026-560670,48,1229,3.91%,10.88
https://www.futbolperuano.com/liga-1/noticias/fecha-y-rival-de-fbc-melgar-para-la-tarde-rojinegra-2026-557631,48,898,5.35%,5.88
https://www.futbolperuano.com/liga-1/noticias/kansas-city-llega-a-lima-por-cesar-inga-y-mete-presion-a-universitario-por-su-fichaje-559918,47,5436,0.86%,8.41
https://www.futbolperuano.com/en-vivo/peru-vs-venezuela-por-el-campeonato-sudamericano-de-voleibol-masculino-sub-17-de-2026-560185,47,3372,1.39%,9.66
https://www.futbolperuano.com/liga-2/noticias/liga-2-union-comercio-se-refuerza-con-gigante-delantero-colombiano-558744,47,2453,1.92%,11.15
https://www.futbolperuano.com/liga-2/noticias/san-martin-hace-oficial-su-primer-fichaje-para-la-liga-2-2026-560941,47,2161,2.17%,9.4
https://www.futbolperuano.com/liga-1/fbc-melgar-vs-cienciano-31-enero-2026-liga-1-peru---torneo-apertura-m3226398,47,1880,2.5%,9.26
https://www.futbolperuano.com/partidos-por-tv/copa-efipan-sub-15-t417,47,377,12.47%,7.16
https://www.futbolperuano.com/liga-1/noticias/tablas-y-resultados-de-los-partidos-de-la-fecha-1-del-torneo-apertura-de-la-liga-1-2026-561649,46,11625,0.4%,8.69
https://www.futbolperuano.com/peruanos-en-el-exterior/noticias/erick-noriega-fue-titular-y-figura-en-gremio-pese-a-caida-ante-inter-por-el-campeonato-gaucho-561197,46,6048,0.76%,7.21
https://www.futbolperuano.com/futbol-internacional/ecuador/tabla-de-posiciones,46,5315,0.87%,14.18
https://www.futbolperuano.com/liga-1/juan-pablo-ii-vs-fc-cajamarca-31-enero-2026-liga-1-peru---torneo-apertura-m3226399,46,4158,1.11%,8.97
https://www.futbolperuano.com/liga-1/noticias/liga-1-2026-confirma-a-los-7-extranjeros-por-equipo-y-permitira-reemplazar-a-dos-a-mitad-de-temporada-560578,46,3728,1.23%,8.34
https://www.futbolperuano.com/liga-1/noticias/alianza-lima-podria-beneficiarse-desde-argentina-senalan-que-boca-juniors-estaria-tras-los-pasos-de-kevin-serna-560678,46,3283,1.4%,8.48
https://www.futbolperuano.com/liga-1/noticias/periodistas-chilenos-se-rinden-ante-universitario-tras-la-noche-crema-2026-561497,46,2379,1.93%,4.31
https://www.futbolperuano.com/en-vivo/sudamericano-de-voleibol-masculino-sub-17-argentina-vs-venezuela-560033,46,1644,2.8%,15.37
https://www.futbolperuano.com/en-vivo/copa-de-la-amistad-transmision-en-vivo-de-tvperu-561887,46,1126,4.09%,5.61
https://www.futbolperuano.com/peru/clubes/sport-boys/,45,14039,0.32%,8.26
https://www.futbolperuano.com/en-vivo/supercopa-de-espana-real-madrid-vs-barcelona-en-vivo-558368,45,13886,0.32%,4.02
https://www.futbolperuano.com/liga-1/noticias/numero-con-historia-paolo-guerrero-revela-el-dorsal-que-utilizara-en-su-ultima-temporada-con-alianza-lima-557888,45,3385,1.33%,9.75
https://www.futbolperuano.com/liga-1/noticias/clubes-deciden-ampliar-el-numero-de-extranjeros-en-liga-1-del-2026-557749,45,2628,1.71%,8.3
https://www.futbolperuano.com/liga-1/noticias/alianza-lima-se-exige-al-maximo-jugadores-confiesan-que-viven-la-pretemporada-mas-dura-de-sus-carreras-560364,45,2550,1.76%,8.03
https://www.futbolperuano.com/liga-1/clausura/resultados,45,2347,1.92%,16.54
https://www.futbolperuano.com/en-vivo/conferencia-de-prensa-en-la-fpf-transmision-en-vivo-de-la-presentacion-de-mano-menezes-desde-la-videna-561707,45,1018,4.42%,5.4
https://www.futbolperuano.com/liga-voley/sudamericano-sub-17-masculino/resultados,45,742,6.06%,8.76
https://www.futbolperuano.com/liga-3/noticias/nieto-de-angel-comizzo-debuto-en-la-liga-3-del-futbol-peruano-519425,45,577,7.8%,3.56
https://www.futbolperuano.com/peruanos-en-el-exterior/noticias/oliver-sonne-inicia-el-2026-sumando-minutos-con-el-burnley-557412,44,13374,0.33%,10.35
https://www.futbolperuano.com/liga-2/resultados,44,8109,0.54%,7.86
https://www.futbolperuano.com/peruanos-en-el-exterior/noticias/erick-noriega-suplente-en-la-derrota-de-gremio-ante-fluminense-en-su-debut-en-brasileirao-561598,44,6837,0.64%,9.56
https://www.futbolperuano.com/liga-1/noticias/indecopi-pone-la-lupa-sobre-la-liga-1-2026-tras-la-polemica-por-el-partido-no-televisado-entre-alianza-lima-y-sport-huancayo-561938,44,6594,0.67%,3.91
https://www.futbolperuano.com/liga-1/noticias/apuesta-goleadora-scout-de-sekou-gassama-asegura-que-la-rompera-en-universitario-561183,44,4149,1.06%,4.29
https://www.futbolperuano.com/partidos-por-tv/liga-intermedia-de-voleibol-de-peru-revalidacion-t391,44,1038,4.24%,9.36
https://www.futbolperuano.com/liga-1/noticias/que-paso-con-brian-farioli-jugador-que-no-firmo-por-alianza-lima-554836,44,747,5.89%,7.7
https://www.futbolperuano.com/liga-1/noticias/sport-boys-confirma-dos-refuerzos-en-ofensiva-y-una-renovacion-para-2026-557102,44,698,6.3%,2.76
https://www.futbolperuano.com/futbol-internacional/portugal/tabla-de-posiciones,43,15546,0.28%,9.52
https://www.futbolperuano.com/liga-1/sport-boys-vs-los-chankas-31-enero-2026-liga-1-peru---torneo-apertura-m3226400,43,6364,0.68%,8.73
https://www.futbolperuano.com/liga-2/noticias/comerciantes-fc-logra-fichar-a-dos-experimentados-futbolistas-para-la-liga-2-2026-560332,43,5313,0.81%,14.13
https://www.futbolperuano.com/liga-1/noticias/el-nuevo-equipo-de-ricardo-lagos-tras-salir-de-alianza-lima-554819,43,5306,0.81%,6.91
https://www.futbolperuano.com/liga-1/noticias/quien-sera-el-arbitro-del-universitario-vs-adt-de-tarma-561359,43,4846,0.89%,6.34
https://www.futbolperuano.com/liga-1/noticias/universitario-y-melgar-se-repartieron-triunfos-en-amistosos-en-el-monumental-560466,43,4026,1.07%,7.55
https://www.futbolperuano.com/liga-1/noticias/liga-1-adt-de-tarma-se-refuerza-con-portero-colombiano-557488,43,3041,1.41%,7.59
https://www.futbolperuano.com/liga-1/noticias/ricardo-gareca-hablo-sobre-la-llegada-de-esteban-pavez-a-alianza-lima-561531,43,1375,3.13%,6.23
https://www.futbolperuano.com/seleccion/noticias/la-seleccion-peruana-sub-17-se-alista-para-su-proximo-amistoso-ante-trinidad-y-tobago-558743,43,1239,3.47%,6.8
https://www.futbolperuano.com/peru/academias-de-futbol-que-se-encuentran-en-villa-maria-del-triunfo-499680,43,1104,3.89%,6.67
https://www.futbolperuano.com/peru/mas-del-futbol-peruano/cuales-son-los-cinco-estadios-mas-grandes-del-peru-441548,42,16533,0.25%,9.55
https://www.futbolperuano.com/segunda-division/tabla-de-posiciones,42,13461,0.31%,10.09
https://www.futbolperuano.com/peru/mas-del-futbol-peruano/pedro-garcia-la-salida-de-hernan-barcosdebilito-la-disciplina-en-alianza-lima-tras-la-denuncia-a-jugadores-560831,42,3168,1.33%,7.71
https://www.futbolperuano.com/liga-voley/campeonato-sudamericano-de-voleibol-masculino-sub-17-lo-que-debes-saber-558007,42,2771,1.52%,16.68
https://www.futbolperuano.com/peruanos-en-el-exterior/noticias/felipe-chavez-volvio-a-sumar-minutos-con-el-bayern-munich-en-la-bundesliga-561051,42,2636,1.59%,6.87
https://www.futbolperuano.com/liga-1/noticias/juan-pablo-ii-se-arma-hasta-los-dientes-para-la-temporada-2026-557016,42,1937,2.17%,8.27
https://www.futbolperuano.com/liga-1/noticias/melgar-precios-y-puntos-de-venta-de-entradas-para-la-noche-rojinegra-501747,42,1358,3.09%,7.27
https://www.futbolperuano.com/liga-1/noticias/liga-1-conoce-las-categorias-y-los-candidatos-a-ser-los-mejores-del-2025-556638,42,1213,3.46%,10.23
https://www.futbolperuano.com/peru/mas-del-futbol-peruano/escandalo-en-el-futbol-peruano-david-diaz-es-intervenido-con-arma-robada-a-la-policia-en-el-cono-norte-de-lima-558480,42,1003,4.19%,7.59
https://www.futbolperuano.com/liga-1/noticias/liga-1-atletico-grau-sacude-el-mercado-de-pases-del-futbol-peruano-557344,42,941,4.46%,7.45
https://www.futbolperuano.com/peru/mas-del-futbol-peruano/academias-de-futbol-en-el-distrito-de-miraflores-499612,42,564,7.45%,6.91
https://www.futbolperuano.com/futbol-internacional/noticias/cuando-volvera-a-jugar-alianza-lima-en-la-serie-rio-de-la-plata-558821,41,3799,1.08%,5.21
https://www.futbolperuano.com/futbol-internacional/argentina/tabla-de-posiciones,41,3708,1.11%,11.86
https://www.futbolperuano.com/liga-1/noticias/administrador-de-melgar-denuncia-que-arbitros-favorecieron-a-alianza-lima-en-la-liga-1-558688,41,2684,1.53%,7.03
https://www.futbolperuano.com/seleccion/noticias/mano-menezes-revela-la-razon-por-la-que-acepto-dirigir-a-la-seleccion-peruana-561765,41,2205,1.86%,5.04
https://www.futbolperuano.com/liga-2/noticias/union-minas-presento-a-sus-dos-nuevos-refuerzos-para-la-temporada-2026-558554,41,1809,2.27%,10.12
https://www.futbolperuano.com/partidos-por-tv/movistar-peru-c9,41,1661,2.47%,14.04
https://www.futbolperuano.com/liga-2/noticias/estudiantil-cni-refuerza-su-zona-defensiva-para-la-liga-2-2026-561161,40,22240,0.18%,14.99
https://www.futbolperuano.com/liga-2/noticias/bentin-tacna-heroica-suma-tres-nuevos-refuerzos-para-la-liga-2-2026-560130,40,11288,0.35%,12.53
https://www.futbolperuano.com/peruanos-en-el-exterior/noticias/felipe-chavez-fue-convocado-pero-no-sumo-minutos-bayern-munich-goleo-5-1-al-rb-leipzig-y-se-consolida-lider-de-la-bundesliga-560171,40,8149,0.49%,8.24
https://www.futbolperuano.com/liga-2/noticias/alianza-universidad-suma-dos-refuerzos-para-su-zona-defensiva-en-la-liga-2-2026-558608,40,7069,0.57%,11.2
https://www.futbolperuano.com/futbol-internacional/noticias/noche-blanquiazul-javier-mascherano-se-rindio-ante-alianza-lima-560628,40,3642,1.1%,5.09
https://www.futbolperuano.com/liga-1/noticias/padre-e-hijo-compartiran-equipo-en-la-liga-1-2026-557946,40,3520,1.14%,9.53
https://www.futbolperuano.com/partidos-por-tv/liga-2-peru-t36,40,3486,1.15%,12.85
https://www.futbolperuano.com/partidos-por-tv/noticias/programacion-de-hoy-sabado-31-de-enero-de-2026-horarios-del-futbol-en-vivo-por-television-en-el-peru-561896,40,3412,1.17%,6.58
https://www.futbolperuano.com/liga-2/noticias/union-comercio-suma-un-nuevo-refuerzo-para-la-temporada-2026-558420,40,3071,1.3%,11.88
https://www.futbolperuano.com/ultimos-sismos/temblor-de-42-grados-de-magnitud-sacudio-lima-este-jueves-1-de-enero-557191,40,2633,1.52%,10.42
https://www.futbolperuano.com/copa-peru/noticias/la-copa-peru-2026-seguira-dando-ascenso-a-la-liga-2-556176,40,2608,1.53%,8.46
https://www.futbolperuano.com/partidos-por-tv/noticias/programacion-de-partidos-por-tv-del-miercoles-28-de-enero-del-2026-561406,40,2000,2%,5.96
https://www.futbolperuano.com/liga-1/noticias/deportivo-moquegua-y-la-gran-noticia-a-sus-hinchas-previo-al-inicio-de-la-liga-1-2026-560292,40,1550,2.58%,7.97
https://www.futbolperuano.com/peru/mas-del-futbol-peruano/academias-de-futbol-en-el-distrito-de-chorrillos-499831,40,604,6.62%,7.34
https://www.futbolperuano.com/partidos-por-tv/fc-barcelona-c26,39,22616,0.17%,11.13
https://www.futbolperuano.com/peru/clubes/los-chankas-apurimac/,39,10844,0.36%,8.7
https://www.futbolperuano.com/partidos-por-tv/noticias/programacion-de-partidos-por-tv-del-sabado-10-de-enero-558243,39,2600,1.5%,6.9
https://www.futbolperuano.com/liga-1/noticias/deportivo-moquegua-le-da-una-terrible-noticia-a-sus-hinchas-560614,39,1357,2.87%,8.94
https://www.futbolperuano.com/liga-1/noticias/alianza-lima-pablo-guede-se-refirio-a-posible-llegada-de-refuerzos-tras-separacion-de-tres-jugadores-561146,38,3279,1.16%,2.55
https://www.futbolperuano.com/liga-1/noticias/williams-riveros-avanza-en-su-nacionalizacion-y-podria-liberar-un-cupo-clave-de-extranjeros-en-universitario-557495,38,2798,1.36%,6.84
https://www.futbolperuano.com/peruanos-en-el-exterior/noticias/oliver-sonne-es-presentado-como-inca-tras-ser-anunciado-como-refuerzo-del-sparta-praga-561685,38,1792,2.12%,9.18
https://www.futbolperuano.com/liga-1/noticias/juan-cruz-bolado-confirmo-su-salida-de-cienciano-pese-a-la-clasificacion-a-la-copa-sudamericana-y-dejo-un-emotivo-mensaje-de-despedida-para-la-hinchada-del-papa-553566,38,1353,2.81%,6.98
https://www.futbolperuano.com/seleccion/noticias/renato-tapia-critica-a-la-fpf-y-niega-haber-pedido-dt-para-la-bicolor-558447,38,1207,3.15%,8.67
https://www.futbolperuano.com/copa-peru/noticias/los-64-clasificados-a-la-etapa-nacional-de-la-copa-peru-2025-530699,38,1169,3.25%,6.49
https://www.futbolperuano.com/futbol-femenino/la-sorpresiva-convocatoria-del-tecnico-antonio-spinelli-para-la-seleccion-peruana-femenina-561261,38,1169,3.25%,8.84
https://www.futbolperuano.com/futbol-internacional/escocia/tabla-de-posiciones,37,29747,0.12%,10.08
https://www.futbolperuano.com/liga-1/utc-cajamarca-vs-atletico-grau-30-enero-2026-liga-1-peru---torneo-apertura-m3226396,37,26480,0.14%,8.5
https://www.futbolperuano.com/futbol-internacional/australia/tabla-de-posiciones,37,12748,0.29%,9.27
https://www.futbolperuano.com/copa-sudamericana/noticias/fecha-y-hora-confirmada-del-cienciano-vs-melgar-por-la-copa-sudamericana-556296,37,4433,0.83%,8.71
https://www.futbolperuano.com/peruanos-en-el-exterior/noticias/erick-noriega-volvio-a-sumar-minutos-en-la-goleada-de-gremio-en-el-campeonato-gaucho-560204,37,3915,0.95%,4.72
https://www.futbolperuano.com/peruanos-en-el-exterior/noticias/sin-oliver-sonne-burnley-rescato-un-valioso-empate-ante-liverpool-560141,37,2328,1.59%,3.68
https://www.futbolperuano.com/liga-voley/quienes-son-las-extranjeras-que-jugaran-en-la-liga-peruana-de-voley-495732,37,2325,1.59%,6.81
https://www.futbolperuano.com/partidos-por-tv/copa-america-de-futsal-t170,37,1464,2.53%,9.29
https://www.futbolperuano.com/copa-peru/noticias/el-premio-que-recibira-el-campeon-de-la-copa-peru-2025-505369,37,1340,2.76%,5.33
https://www.futbolperuano.com/peruanos-en-el-exterior/noticias/boca-juniors-oficializa-salida-de-luis-advincula-557863,37,1333,2.78%,6.88
https://www.futbolperuano.com/peru/academias-de-futbol-que-se-encuentran-en-el-distrito-de-san-juan-de-miraflores-499759,37,928,3.99%,7.08
https://www.futbolperuano.com/liga-1/noticias/alianza-lima-comando-svr-le-muestra-su-respaldo-al-argentino-pablo-guede-560830,37,800,4.62%,3.48
https://www.futbolperuano.com/liga-voley/LNSV-masculino/resultados,37,664,5.57%,12.85
https://www.futbolperuano.com/liga-1/noticias/pedro-aquino-no-fue-separado-del-plantel-principal-de-alianza-lima-561266,37,390,9.49%,3.69
https://www.futbolperuano.com/futbol-internacional/noticias/fixture-completo-de-la-serie-rio-de-la-plata-2026-557046,36,3285,1.1%,11.74
https://www.futbolperuano.com/liga-2/noticias/union-minas-pone-el-foco-en-la-altura-el-chaski-defiende-cerro-de-pasco-como-localia-clave-en-la-liga-2-2026-557635,36,1873,1.92%,9.36
https://www.futbolperuano.com/partidos-por-tv/fa-cup-de-inglaterra-t22,36,1602,2.25%,10.62
https://www.futbolperuano.com/en-vivo/copa-efipan-2026-cosmopolitano-vs-peru-en-vivo-desde-brasil-560322,36,887,4.06%,13.08
https://www.futbolperuano.com/descentralizado/goleadores,36,837,4.3%,8.14
https://www.futbolperuano.com/liga-2/noticias/liga-2-ada-de-jaen-se-refuerza-con-dos-jugadores-de-sporting-cristal-para-este-2026-557860,36,831,4.33%,5.49
https://www.futbolperuano.com/futbol-femenino/liga-femenina/refuerzo-de-peso-universitario-confirma-el-fichaje-de-defensa-de-la-seleccion-uruguaya-557913,36,390,9.23%,6.25
https://www.futbolperuano.com/liga-1/noticias/melgar-vs-cienciano-en-vivo-por-el-torneo-apertura-2026-561837,35,7582,0.46%,6.39
https://www.futbolperuano.com/partidos-por-tv/noticias/programacion-de-hoy-lunes-5-de-enero-de-2026-horarios-del-futbol-en-vivo-por-television-en-el-peru-557514,35,1659,2.11%,8.4
https://www.futbolperuano.com/seleccion/noticias/seleccion-peruana-de-futsal-facundo-ruscica-anuncio-la-lista-de-preconvocados-con-38-jugadores-532322,35,999,3.5%,6.76
https://www.futbolperuano.com/liga-1/noticias/alianza-lima-anuncia-importante-acuerdo-con-movistar-para-2026-557695,35,618,5.66%,7.61
https://www.futbolperuano.com/futbol-internacional/paraguay/tabla-de-posiciones,34,5357,0.63%,17.08
https://www.futbolperuano.com/en-vivo/torneo-apertura-de-argentina-belgrano-vs-tigre-561653,34,3609,0.94%,4.64
https://www.futbolperuano.com/seleccion/noticias/seleccion-peruana-cuando-volvera-a-jugar-la-bicolor-tras-la-victoria-ante-bolivia-556149,34,3182,1.07%,8.28
https://www.futbolperuano.com/partidos-por-tv/copa-del-rey-de-espana-t17,34,3121,1.09%,9.68
https://www.futbolperuano.com/partidos-por-tv/latina-c20,34,3063,1.11%,7.85
https://www.futbolperuano.com/futsal/copa-america/resultados,34,2213,1.54%,9.58
https://www.futbolperuano.com/peruanos-en-el-exterior/noticias/juan-pablo-goicochea-deja-platense-y-jugara-en-defensor-sporting-de-uruguay-561803,34,1977,1.72%,7.55
https://www.futbolperuano.com/partidos-por-tv/noticias/programacion-de-hoy-viernes-30-de-enero-de-2026-horarios-del-futbol-en-vivo-por-television-en-el-peru-561718,34,1918,1.77%,7.99
https://www.futbolperuano.com/liga-1/noticias/sergio-pena-rompe-su-silencio-tras-las-criticas-en-alianza-lima-su-mensaje-que-sacude-a-la-hinchada-blanquiazul-560140,34,1463,2.32%,7.02
https://www.futbolperuano.com/liga-2/noticias/futbolista-con-pasado-en-republica-checa-llega-a-estudiantil-cni-558732,34,1385,2.45%,10.8
https://www.futbolperuano.com/liga-1/noticias/carlos-zambrano-lidera-el-ranking-mundial-de-expulsiones-en-2025-553009,34,1320,2.58%,5.69
https://www.futbolperuano.com/peru/mas-del-futbol-peruano/alianza-lima-peter-arevalo-fulmina-a-carlos-zambrano-sergio-pena-y-miguel-trauco-por-indisciplina-560855,34,1290,2.64%,5.66
https://www.futbolperuano.com/copa-peru/noticias/hinchas-chiclayanos-confundidos-con-la-aparicion-de-un-nuevo-juan-aurich-553644,34,1089,3.12%,7.83
https://www.futbolperuano.com/peru/mas-del-futbol-peruano/academias-de-futbol-en-el-distrito-de-pueblo-libre-500116,34,698,4.87%,8.08
https://www.futbolperuano.com/en-vivo/noticias/radios-fm-y-am-que-transmiten-partidos-de-futbol-en-peru-218752,34,670,5.07%,7.3
https://www.futbolperuano.com/peru/mas-del-futbol-peruano/alianza-lima-tres-jugadores-del-plantel-principal-son-denunciados-en-argentina-560739,34,582,5.84%,5.42
https://www.futbolperuano.com/peru/mas-del-futbol-peruano/manni-el-libero-la-serie-de-los-80s-que-cautivo-a-los-amantes-del-futbol-en-peru-387741,34,392,8.67%,5.7
https://www.futbolperuano.com/en-vivo/copa-del-rey-albacete-vs-real-madrid-558687,33,9906,0.33%,7.97
https://www.futbolperuano.com/liga-2/noticias/comerciantes-fc-asegura-su-defensa-para-la-temporada-2026-558131,33,6032,0.55%,13.35
https://www.futbolperuano.com/liga-1/noticias/martin-perez-guedes-ilusiona-al-hincha-de-universitario-con-la-liga-1-2026-558538,33,3231,1.02%,5.25
https://www.futbolperuano.com/liga-1/noticias/yuriel-celi-volveria-a-universitario-de-deportes-para-la-temporada-2026-de-la-liga-1-555983,33,2910,1.13%,8.13
https://www.futbolperuano.com/peruanos-en-el-exterior/noticias/alfonso-barco-llego-a-croacia-y-jugara-la-conference-league-560003,33,2665,1.24%,9.34
https://www.futbolperuano.com/futbol-internacional/inglaterra/carling-cup/tabla-de-posiciones,33,2212,1.49%,14.43
https://www.futbolperuano.com/liga-voley/LNSV-masculino/tabla-de-posiciones,33,2012,1.64%,10.27
https://www.futbolperuano.com/futbol-femenino/liga-femenina/de-no-creer-la-razon-por-la-que-alianza-lima-no-disputara-la-copa-libertadores-en-el-2026-555228,33,858,3.85%,8.47
https://www.futbolperuano.com/mas-deportes/noticias/academias-de-futbol-en-el-distrito-de-brena-500096,33,616,5.36%,7.58
https://www.futbolperuano.com/tag/adt-de-tarma,33,474,6.96%,8.85
https://www.futbolperuano.com/peru/academias-de-futbol-que-se-encuentran-en-el-distrito-de-lince-499624,33,459,7.19%,6.98
https://www.futbolperuano.com/en-vivo/revalidacion-2026-molivoleibol-vs-tupac-amaru-561037,33,276,11.96%,5.89
https://www.futbolperuano.com/liga-de-campeones/fc-barcelona-vs-fc-copenhague-28-enero-2026-uefa-champions-league-m3218553,32,43473,0.07%,8.18
https://www.futbolperuano.com/liga-1/noticias/deportivo-garcilaso-vs-sporting-cristal-en-vivo-online-por-la-fecha-1-del-torneo-apertura-de-la-liga-1-562019,32,10512,0.3%,8.06
https://www.futbolperuano.com/partidos-por-tv/serie-a-de-italia-t24,32,5516,0.58%,11.75
https://www.futbolperuano.com/peru/mas-del-futbol-peruano/inicio-complicado-peru-cae-sobre-el-final-ante-qatar-en-su-estreno-en-la-kings-world-cup-nations-2026-557523,32,5501,0.58%,6.78
https://www.futbolperuano.com/liga-2/noticias/el-valor-que-alcanzo-union-minas-tras-ascender-a-la-liga-2-552178,32,2449,1.31%,6.29
https://www.futbolperuano.com/futbol-femenino/resultados,32,2297,1.39%,14.04
https://www.futbolperuano.com/en-vivo/kings-world-cup-final-entre-brasil-y-chile-560146,32,2253,1.42%,8.71
https://www.futbolperuano.com/liga-1/noticias/fixture-del-atletico-grau-en-el-torneo-apertura-2026-558424,32,2043,1.57%,9.18
https://www.futbolperuano.com/futbol-internacional/costa-rica/tabla-de-posiciones,32,1640,1.95%,12.85
https://www.futbolperuano.com/partidos-por-tv/noticias/programacion-de-hoy-miercoles-21-de-enero-de-2026-horarios-del-futbol-en-vivo-por-television-en-el-peru-560487,32,1431,2.24%,8.35
https://www.futbolperuano.com/seleccion/noticias/seleccion-peruana-eddie-fleischman-y-su-sarcastico-mensaje-a-jean-ferrari-560752,32,977,3.28%,3.91
https://www.futbolperuano.com/liga-2/noticias/bentin-tacna-heroica-sacude-el-mercado-de-pases-y-ficha-a-un-entrenador-argentino-557012,32,907,3.53%,9.36
https://www.futbolperuano.com/futbol-internacional/noticias/la-noche-blanquiazul-2026-corre-riesgo-de-suspenderse-560781,32,833,3.84%,6.01
https://www.futbolperuano.com/peruanos-en-el-exterior/noticias/fernando-pacheco-continuara-su-carrera-futbolistica-en-el-extranjero-560445,32,590,5.42%,6.16
https://www.futbolperuano.com/futsal/fixture-completo-y-formato-del-futsal-pro-cuando-inicia-el-segundo-torneo-de-la-temporada-2025-525208,32,409,7.82%,5.21
https://www.futbolperuano.com/liga-1/noticias/cuanto-rating-hizo-la-tarde-blanquiazul-de-alianza-lima-384976,32,293,10.92%,5.62
https://www.futbolperuano.com/en-vivo/copa-del-rey-deportivo-la-coruna-vs-atletico-de-madrid-558561,31,31773,0.1%,9.1
https://www.futbolperuano.com/futbol-internacional/costa-rica/municipal-liberia-vs-perez-zeledon-22-enero-2026-primera-division-de-costa-rica-m3222622,31,19196,0.16%,8.64
https://www.futbolperuano.com/liga-1/noticias/cuanto-cuestan-las-entradas-para-la-noche-blanquiazul-2026-555778,31,6931,0.45%,10.04
https://www.futbolperuano.com/liga-voley/mundial-sub-17-femenino/liana-torres-voley-quien-es-la-libero-de-peru-en-el-mundial-de-voley-sub-17-481189,31,5726,0.54%,6.35
https://www.futbolperuano.com/futbol-internacional/noticias/resultados-y-tablas-de-posiciones-de-los-torneos-estaduales-de-brasil-557867,31,4691,0.66%,16.92
https://www.futbolperuano.com/home/noticias/jorge-luna-dira-presente-en-la-liga-1-sera-el-auspiciador-principal-de-fc-cajamarca-y-cusco-fc-560660,31,3300,0.94%,7.12
https://www.futbolperuano.com/peruanos-en-el-exterior/noticias/bassco-soyer-revela-la-principal-virtud-de-felipe-chavez-561717,31,2965,1.05%,5.44
https://www.futbolperuano.com/liga-voley/programacion-de-la-decima-fecha-de-la-liga-peruana-de-voley-2025-26-556140,31,2268,1.37%,8.05
https://www.futbolperuano.com/liga-1/noticias/cusco-fc-renueva-a-juan-manuel-tevez-y-asegura-experiencia-y-goles-para-el-exigente-2026-557515,31,2117,1.46%,7.32
https://www.futbolperuano.com/peruanos-en-el-exterior/noticias/alexander-succar-deja-peru-y-jugara-en-el-futbol-libanes-fue-presentado-por-el-nejmeh-y-descarto-su-fichaje-por-utc-560595,31,1964,1.58%,8.88
https://www.futbolperuano.com/liga-2/noticias/santos-fc-de-nazca-presenta-a-su-nuevo-tecnico-y-seis-renovaciones-para-la-liga-2-2026-561284,31,1550,2%,10.39
https://www.futbolperuano.com/liga-1/noticias/alianza-lima-suma-un-nuevo-refuerzo-como-reemplazo-de-miguel-trauco-561330,31,990,3.13%,7.64
https://www.futbolperuano.com/liga-1/noticias/otra-baja-en-melgar-figura-importante-deja-el-club-y-ficha-por-historico-de-argentina-560252,31,932,3.33%,5.08
https://www.futbolperuano.com/futbol-femenino/liga-femenina/baja-sensible-alianza-lima-se-despide-de-una-de-sus-principales-figuras-para-el-2026-557544,31,827,3.75%,7.13
https://www.futbolperuano.com/liga-voley/programacion-de-la-cuarta-fecha-de-la-liga-peruana-de-voley-2025-26-550754,31,791,3.92%,7.44
https://www.futbolperuano.com/peruanos-en-el-exterior/noticias/tras-ser-descartado-de-sporting-cristal-jesus-pretell-sera-jugador-de-historico-club-ecuatoriano-557992,31,749,4.14%,3.91
https://www.futbolperuano.com/liga-voley/sudamericano-sub-17-masculino/,31,604,5.13%,7.66
https://www.futbolperuano.com/en-vivo/campeonato-paulista-corinthians-vs-sao-paulo-560158,30,33673,0.09%,9.34
https://www.futbolperuano.com/liga-1/noticias/liga-1-hernan-barcos-volvio-a-ponerse-los-guantes-en-cajamarca-558711,30,3645,0.82%,7.55
https://www.futbolperuano.com/copa-peru/noticias/andy-polar-de-estar-en-el-radar-de-un-campeon-de-la-copa-sudamericana-a-reforzar-un-club-de-la-copa-peru-en-2026-561760,30,2558,1.17%,6.32
https://www.futbolperuano.com/liga-1/noticias/juan-pablo-ii-2026-marcelo-zuleta-revela-su-plan-el-rol-de-christian-cueva-y-donde-jugara-de-local-en-la-liga-1-558199,30,2338,1.28%,8.87
https://www.futbolperuano.com/liga-1/noticias/universitario-se-hizo-del-torneo-apertura-luego-de-igualar-con-los-chankas-526907,30,2320,1.29%,7.88
https://www.futbolperuano.com/liga-2/noticias/comerciantes-fc-sorprende-a-sus-hinchas-con-importante-anuncio-para-2026-557737,30,2190,1.37%,12.63
https://www.futbolperuano.com/peruanos-en-el-exterior/noticias/no-solo-kansas-city-cesar-inga-desperto-el-interes-de-watford-de-inglaterra-560078,30,1921,1.56%,4.37
https://www.futbolperuano.com/liga-1/noticias/volante-de-sport-huancayo-culpa-la-ausencia-del-var-de-la-victoria-de-alianza-lima-561913,30,1724,1.74%,3.85
https://www.futbolperuano.com/liga-2/noticias/cesar-vallejo-suma-a-extremo-peruano-para-la-liga-2-2026-561154,30,1640,1.83%,8.56
https://www.futbolperuano.com/en-vivo/copa-america-de-futsal-chile-vs-paraguay-en-vivo-561982,30,1393,2.15%,9.39
https://www.futbolperuano.com/peru/mas-del-futbol-peruano/academias-de-futbol-en-el-distrito-de-puente-piedra-499672,30,982,3.05%,5.92
https://www.futbolperuano.com/peru/mas-del-futbol-peruano/comando-svr-ingreso-a-matute-y-dejo-un-fuerte-mensaje-a-los-jugadores-560772,30,510,5.88%,6.45
https://www.futbolperuano.com/liga-1/noticias/atencion-universitario-la-universidad-de-chile-llega-con-todas-sus-figuras-para-la-noche-crema-2026-561008,29,4921,0.59%,9.03
https://www.futbolperuano.com/liga-1/noticias/mauro-da-luz-adt-no-lo-tomo-en-cuenta-para-la-liga-1-2026-y-ahora-jugara-en-la-primera-division-argentina-558730,29,3414,0.85%,9.7
https://www.futbolperuano.com/peruanos-en-el-exterior/noticias/spezia-gana-y-sale-del-descenso-pero-la-ausencia-de-gianluca-lapadula-vuelve-a-encender-las-alarmas-561098,29,2938,0.99%,10.09
https://www.futbolperuano.com/peru/mas-del-futbol-peruano/los-10-clubes-peruanos-mas-antiguos-que-aun-siguen-en-competencia-505793,29,2788,1.04%,5.59
https://www.futbolperuano.com/liga-2/noticias/bentin-tacna-heroica-ficha-a-arquero-con-pasado-en-el-futbol-europeo-557389,29,2610,1.11%,7.51
https://www.futbolperuano.com/liga-1/noticias/en-que-estado-se-encuentran-christofer-gonzales-y-luis-abram-561708,29,2492,1.16%,6.34
https://www.futbolperuano.com/partidos-por-tv/noticias/programacion-de-partidos-por-tv-del-viernes-02-de-enero-del-2026-557141,29,2325,1.25%,6.06
https://www.futbolperuano.com/liga-3/noticias/,29,2247,1.29%,7.93
https://www.futbolperuano.com/liga-1/noticias/adt-de-tarma-se-refuerza-con-defensa-central-ecuatoriano-557938,29,1898,1.53%,8.02
https://www.futbolperuano.com/liga-1/noticias/sporting-cristal-vs-universitario-fecha-hora-y-estadio-confirmado-por-fecha-4-del-torneo-apertura-2026-561562,29,1755,1.65%,5.28
https://www.futbolperuano.com/peruanos-en-el-exterior/noticias/el-peruano-maxloren-castro-en-la-mira-de-dos-clubes-de-la-mls-560116,29,1664,1.74%,3.18
https://www.futbolperuano.com/futbol-internacional/noticias/alianza-lima-vs-independiente-corre-riesgo-de-suspenderse-558281,29,1544,1.88%,7.55
https://www.futbolperuano.com/mas-deportes/gamers/kwc-nations/tabla-de-posiciones,29,1095,2.65%,8.61
https://www.futbolperuano.com/liga-1/noticias/universitario-sufre-sensible-baja-para-el-inicio-del-torneo-apertura-561522,29,1013,2.86%,4.44
https://www.futbolperuano.com/liga-2/noticias/ada-de-jaen-se-refuerza-con-dos-peruanos-y-un-central-argentino-para-liga-2-2026-560735,29,798,3.63%,9.65
https://www.futbolperuano.com/futbol-internacional/espana/supercopa/tabla-de-posiciones,28,5255,0.53%,8.6
https://www.futbolperuano.com/liga-1/noticias/felipe-vizeu-rompio-su-sequia-goleadora-en-la-tarde-celeste-y-va-por-su-mejor-version-en-cristal-561218,28,3020,0.93%,5.04
https://www.futbolperuano.com/futbol-de-menores/ryu-yabiku-futbolista-de-raices-japonesas-es-nuevo-refuerzo-de-melgar-469581,28,2789,1%,3.84
https://www.futbolperuano.com/liga-voley/tabla-y-resultados-de-los-partidos-de-la-fecha-4-de-la-liga-peruana-de-voley-2025-26-551428,28,1530,1.83%,7.76
https://www.futbolperuano.com/liga-voley/resultados-y-posiciones-de-la-fecha-10-de-la-liga-peruana-de-voley-556640,28,1395,2.01%,14.71
https://www.futbolperuano.com/liga-voley/programacion-de-la-segunda-fecha-de-la-liga-peruana-de-voley-2025-26-546087,28,1293,2.17%,9.05
https://www.futbolperuano.com/liga-1/noticias/que-marcas-vestiran-a-los-clubes-de-la-liga-1-2025-499524,28,1247,2.25%,4.6
https://www.futbolperuano.com/partidos-por-tv/superliga-de-turquia-t68,28,623,4.49%,9.71
https://www.futbolperuano.com/liga-2/noticias/ada-de-jaen-se-refuerza-con-tres-hombres-en-ofensiva-para-la-liga-2-2026-560249,27,20691,0.13%,12.29
https://www.futbolperuano.com/peru/clubes/sport-huancayo/,27,4237,0.64%,9.14
https://www.futbolperuano.com/liga-1/noticias/adt-asegura-experiencia-y-goles-hernan-rengifo-continuara-en-la-perla-de-los-andes-en-la-liga-1-2026-557649,27,3107,0.87%,7
https://www.futbolperuano.com/liga-voley/san-martin-vs-olva-latino-en-vivo-online-por-la-fecha-1-fase-2-de-la-liga-peruana-de-voley-558214,27,2944,0.92%,10.26
https://www.futbolperuano.com/liga-1/noticias/los-chankas-se-despiden-de-otros-dos-jugadores-para-el-2026-557114,27,2575,1.05%,6.76
https://www.futbolperuano.com/partidos-por-tv/noticias/programacion-de-hoy-lunes-19-de-enero-de-2026-horarios-del-futbol-en-vivo-por-television-en-el-peru-560247,27,1682,1.61%,7.51
https://www.futbolperuano.com/liga-1/noticias/rompe-el-mercado-adt-ficha-a-campeon-de-la-sudamericana-para-pelear-por-la-liga-1-2026-561351,27,1520,1.78%,7.31
https://www.futbolperuano.com/liga-1/noticias/angel-comizzo-llega-a-piura-y-atletico-grau-sorprende-a-sus-hinchas-557503,27,1421,1.9%,4.6
https://www.futbolperuano.com/peruanos-en-el-exterior/noticias/franco-medina-volvio-al-futbol-tras-cinco-meses-y-dejo-buenas-sensaciones-en-su-debut-con-monsoon-de-brasil-561193,27,1398,1.93%,8.85
https://www.futbolperuano.com/peru/mas-del-futbol-peruano/christian-cueva-apunta-contra-renato-tapia-no-comparto-que-uno-tenga-que-protestar-retirandose-de-la-seleccion-558507,27,1129,2.39%,9.55
https://www.futbolperuano.com/futsal/copa-libertadores/tabla-de-posiciones,27,1019,2.65%,9.74
https://www.futbolperuano.com/liga-1/noticias/un-rayo-llega-a-ate-universitario-oficializa-la-llegada-del-argentino-hector-fertoli-557240,27,979,2.76%,3.35
https://www.futbolperuano.com/futbol-internacional/costa-rica/herediano-vs-deportivo-saprissa-17-enero-2026-primera-division-de-costa-rica-m3222616,27,924,2.92%,12.12
https://www.futbolperuano.com/seleccion/noticias/seleccion-peruana-ac-milan-niega-la-convocatoria-de-una-de-sus-joyas-a-la-bicolor-557903,27,904,2.99%,4.87
https://www.futbolperuano.com/liga-2/noticias/los-canales-que-transmitiran-en-vivo-las-semifinales-de-la-liga-2-542806,27,332,8.13%,5.91
https://www.futbolperuano.com/liga-2/noticias/alianza-universidad-ficha-un-central-un-volante-y-dos-delanteros-para-la-liga-2-2026-560136,26,24302,0.11%,12.99
https://www.futbolperuano.com/en-vivo/supercopa-de-espana-barcelona-vs-athletic-bilbao-en-vivo-557836,26,9892,0.26%,7.84
https://www.futbolperuano.com/liga-2/noticias/bentin-tacna-heroica-confirma-el-retorno-de-defensor-central-para-la-liga-2-2026-557819,26,4753,0.55%,13.04
https://www.futbolperuano.com/liga-1/noticias/universitario-de-deportes-aldo-corzo-y-su-esperanzador-mensaje-a-cesar-inga-561450,26,2417,1.08%,5.2
https://www.futbolperuano.com/futbol-internacional/costa-rica/alajuelense-vs-san-carlos-24-enero-2026-primera-division-de-costa-rica-m3222636,26,2124,1.22%,10.05
https://www.futbolperuano.com/liga-1/noticias/tension-en-universitario-matias-di-benedetto-y-williams-riveros-reprobaron-su-examen-de-nacionalizacion-557900,26,1914,1.36%,8.37
https://www.futbolperuano.com/liga-1/noticias/carlos-bustos-es-oficializado-como-nuevo-tecnico-de-utc-de-cajamarca-para-2026-554712,26,1523,1.71%,7.07
https://www.futbolperuano.com/futbol-internacional/noticias/tras-su-paso-por-melgar-tomas-martinez-es-nuevo-jugador-del-barcelona-sc-de-ecuador-560194,26,1396,1.86%,5
https://www.futbolperuano.com/liga-1/noticias/alianza-atletico-suma-dos-nuevos-refuerzos-para-la-temporada-2026-558106,26,1025,2.54%,10.61
https://www.futbolperuano.com/liga-2/noticias/tas-rechaza-la-medida-provisional-presentada-por-ayacucho-fc-561968,26,1015,2.56%,5.76
https://www.futbolperuano.com/en-vivo/en-vivo-brasil-vs-venezuela-por-el-campeonato-sudamericano-de-voleibol-masculino-sub-17-de-2026-559919,26,1003,2.59%,22.64
https://www.futbolperuano.com/liga-1/noticias/liga-1-alianza-atletico-anuncio-la-llegada-de-federico-urciuoli-como-nuevo-dt-tras-la-salida-de-gerardo-ameli-554427,26,892,2.91%,5.94
https://www.futbolperuano.com/peruanos-en-el-exterior/noticias/que-fue-de-santiago-ormeno-el-duro-presente-del-goleador-que-vivio-un-calvario-en-china-550699,25,2200,1.14%,5.7
https://www.futbolperuano.com/partidos-por-tv/noticias/programacion-de-partidos-por-tv-del-jueves-29-de-enero-del-2026-561551,25,2195,1.14%,5.34
https://www.futbolperuano.com/liga-1/noticias/paolo-guerrero-anoto-el-primer-gol-de-la-liga-1-2026-561854,25,2168,1.15%,4.25
https://www.futbolperuano.com/mas-deportes/noticias/orgullo-peruano-ignacio-buse-entra-al-top-100-del-ranking-atp-557626,25,2042,1.22%,13.18
https://www.futbolperuano.com/partidos-por-tv/noticias/programacion-de-hoy-jueves-22-de-enero-de-2026-horarios-del-futbol-en-vivo-por-television-en-el-peru-560653,25,1292,1.93%,10.87
https://www.futbolperuano.com/liga-1/noticias/se-queda-en-la-u-los-giros-inesperados-en-la-frustrada-salida-de-cesar-inga-rumbo-a-la-mls-561006,25,1093,2.29%,2.72
https://www.futbolperuano.com/liga-1/noticias/utc-de-cajamarca-podria-sufrir-resta-de-puntos-y-perder-la-categoria-557109,25,898,2.78%,7.55
https://www.futbolperuano.com/en-vivo/copa-de-la-liga-de-inglaterra-newcastle-vs-manchester-city-en-vivo-558560,24,20368,0.12%,9.2
https://www.futbolperuano.com/peruanos-en-el-exterior/noticias/felipe-chavez-convocado-por-bayern-munich-y-podria-debutar-en-la-champions-league-561439,24,5108,0.47%,6.07
https://www.futbolperuano.com/liga-1/noticias/utc-cerca-de-sumar-un-nuevo-goleador-para-la-liga-1-2026-555598,24,3538,0.68%,5.89
https://www.futbolperuano.com/futbol-femenino/liga-femenina/asi-quedo-el-palmares-de-la-liga-femenina-tras-el-titulo-de-alianza-lima-en-este-2025-555155,24,1513,1.59%,6.27
https://www.futbolperuano.com/peru/ipd-rompe-su-silencio-tras-deplorable-estado-en-el-que-se-encuentra-el-estadio-nacional-561926,24,1094,2.19%,6.93
https://www.futbolperuano.com/futbol-internacional/costa-rica/cartagines-vs-alajuelense-21-enero-2026-primera-division-de-costa-rica-m3222626,24,1086,2.21%,11.34
https://www.futbolperuano.com/peru/mas-del-futbol-peruano/que-clubes-votaron-en-contra-de-agustin-lozano-en-la-fpf-531642,24,145,16.55%,5.8
https://www.futbolperuano.com/futbol-internacional/brasil/chapecoense-vs-santos-28-enero-2026-campeonato-brasileno-de-futbol-serie-a-m3223912,23,28843,0.08%,11.22
https://www.futbolperuano.com/en-vivo/premier-league-de-inglaterra-sunderland-vs-manchester-city-en-vivo-557205,23,25846,0.09%,11.9
https://www.futbolperuano.com/liga-2/noticias/comerciantes-fc-suma-dos-nuevos-refuerzos-para-la-liga-2-2026-560077,23,13960,0.16%,14.51
https://www.futbolperuano.com/en-vivo/liga-mexicana-femenil-atlas-vs-atletico-de-san-luis-en-vivo-561914,23,5418,0.42%,8.05
https://www.futbolperuano.com/liga-voley/alianza-lima-integra-el-top-10-de-mejores-clubes-de-voley-del-mundo-de-2025-555197,23,5304,0.43%,5.19
https://www.futbolperuano.com/liga-2/noticias/estudiantil-cni-suma-un-nuevo-refuerzo-para-la-temporada-2026-558533,23,3176,0.72%,10.66
https://www.futbolperuano.com/liga-voley/regatas-lima-vs-san-martin-en-vivo-online-por-la-liga-peruana-de-voley-552386,23,2835,0.81%,8.22
https://www.futbolperuano.com/liga-1/noticias/cinco-jugadores-dejaron-de-pertenecer-a-sporting-cristal-555748,23,1635,1.41%,6.56
https://www.futbolperuano.com/liga-2/noticias/union-comercio-presento-a-su-nuevo-director-tecnico-para-la-temporada-2026-560967,23,1454,1.58%,9.06
https://www.futbolperuano.com/liga-voley/san-martin-sorprende-y-se-refuerza-con-atacante-serbia-555856,23,1359,1.69%,5.39
https://www.futbolperuano.com/liga-2/noticias/liga-2-ada-de-jaen-sera-dirigido-por-tecnico-colombiano-campeon-en-atletico-nacional-557157,23,1225,1.88%,11.46
https://www.futbolperuano.com/partidos-por-tv/brasil-campeonato-brasileno-de-futbol-serie-a-t13,23,1144,2.01%,10.06
https://www.futbolperuano.com/liga-1/noticias/liga-1-atletico-grau-y-alianza-atletico-se-vieron-las-caras-en-piura-560649,23,1035,2.22%,13.11
https://www.futbolperuano.com/mundial/noticias/la-fifa-puede-sancionar-a-estados-unidos-tras-la-captura-de-maduro-abogado-aclara-que-pasara-con-el-mundial-2026-557440,23,1030,2.23%,10.17
https://www.futbolperuano.com/peruanos-en-el-exterior/noticias/sebastian-gonzales-zela-deja-la-liga-1-fue-presentado-como-nuevo-jugador-de-exotico-club-de-europa-527856,23,875,2.63%,6.21
https://www.futbolperuano.com/peruanos-en-el-exterior/noticias/los-peruanos-que-jugaran-en-el-futbol-argentino-el-2025-500258,23,465,4.95%,5.09
https://www.futbolperuano.com/liga-1/noticias/lista-de-futbolistas-que-todavia-estan-sin-equipo-en-el-futbol-profesional-peruano-558632,23,371,6.2%,19.21
https://www.futbolperuano.com/peruanos-en-el-exterior/noticias/periodista-ecuatoriano-defiende-la-contratacion-de-jesus-pretell-558120,23,308,7.47%,4.05
https://www.futbolperuano.com/futbol-internacional/costa-rica/cartagines-vs-guadalupe-fc-14-enero-2026-primera-division-de-costa-rica-m3222613,22,14355,0.15%,10.53
https://www.futbolperuano.com/en-vivo/futbol-colombiano-deportivo-cali-vs-independiente-medellin-en-vivo-561063,22,12911,0.17%,8.89
https://www.futbolperuano.com/futbol-internacional/mexico/resultados,22,10592,0.21%,5.98
https://www.futbolperuano.com/peruanos-en-el-exterior/noticias/joao-grimaldo-es-presentado-como-nuevo-refuerzo-del-sparta-praga-tras-su-paso-por-el-riga-de-letonia-558298,22,3133,0.7%,11.69
https://www.futbolperuano.com/peru/clubes/alianza-universidad-huanuco/,22,2642,0.83%,10.22
https://www.futbolperuano.com/copa-libertadores/noticias/copa-libertadores-dt-de-2-de-mayo-no-se-guardo-nada-sobre-paolo-guerrero-de-alianza-lima-558430,22,2216,0.99%,3.7
https://www.futbolperuano.com/peruanos-en-el-exterior/noticias/erick-noriega-sigue-ganando-respaldo-en-brasil-los-elogios-de-la-prensa-brasilena-tras-goleada-de-gremio-560273,22,2169,1.01%,4.62
https://www.futbolperuano.com/liga-1/noticias/el-condor-mendoza-destruye-a-sergio-pena-tras-derrota-de-alianza-lima-ante-union-560004,22,1811,1.21%,5.53
https://www.futbolperuano.com/partidos-por-tv/noticias/programacion-de-partidos-por-tv-del-martes-13-de-enero-558487,22,1354,1.62%,7.15
https://www.futbolperuano.com/liga-1/noticias/tras-12-anos-melgar-anuncia-la-salida-de-su-canterano-alexis-arias-557462,22,1102,2%,5.89
https://www.futbolperuano.com/liga-1/noticias/luis-advincula-sobre-su-fichaje-a-alianza-lima-vengo-a-cumplir-un-sueno-familiar-558394,22,1015,2.17%,3.12
https://www.futbolperuano.com/futbol-de-menores/sporting-cristal-fecha-de-sorteo-de-la-fase-de-grupos-de-copa-libertadores-sub-20-560725,22,819,2.69%,8.24
https://www.futbolperuano.com/liga-1/noticias/atletico-grau-sorprende-y-se-refuerza-con-defensa-nacido-en-argentina-561541,22,818,2.69%,7.48
https://www.futbolperuano.com/peru/mas-del-futbol-peruano/academias-de-futbol-en-el-distrito-del-cercado-de-lima-499938,22,787,2.8%,9.75
https://www.futbolperuano.com/futbol-de-menores/liga-evolucion-sub-15/tabla-de-posiciones,22,648,3.4%,7.33
https://www.futbolperuano.com/peru/mas-del-futbol-peruano/academias-de-futbol-en-el-distrito-de-independencia-499921,22,463,4.75%,7.86
https://www.futbolperuano.com/futbol-internacional/italia/serie-b/tabla-de-posiciones,21,36864,0.06%,10.24
https://www.futbolperuano.com/futbol-internacional/costa-rica/san-carlos-vs-municipal-liberia-28-enero-2026-primera-division-de-costa-rica-m3222633,21,12515,0.17%,9.27
https://www.futbolperuano.com/en-vivo/copa-africana-de-naciones-senegal-vs-egipto-en-vivo-por-claro-sports-558708,21,11668,0.18%,4.25
https://www.futbolperuano.com/liga-2/noticias/bentin-tacna-heroica-se-refuerza-con-delantero-colombiano-para-la-liga-2-2026-558373,21,10339,0.2%,14.98
https://www.futbolperuano.com/futbol-internacional/costa-rica/sporting-san-jose-vs-deportivo-saprissa-22-enero-2026-primera-division-de-costa-rica-m3222620,21,1968,1.07%,11.07
https://www.futbolperuano.com/peruanos-en-el-exterior/noticias/joao-grimaldo-anota-su-primer-gol-en-amistoso-de-sparta-praga-560714,21,1946,1.08%,8.24
https://www.futbolperuano.com/partidos-por-tv/noticias/programacion-de-partidos-por-tv-del-martes-6-de-enero-557653,21,1882,1.12%,6.82
https://www.futbolperuano.com/peruanos-en-el-exterior/noticias/a-un-gigante-de-europa-joao-grimaldo-deja-riga-y-da-el-salto-a-historico-club-del-viejo-continente-557771,21,1756,1.2%,7.47
https://www.futbolperuano.com/liga-1/noticias/deportivo-garcilaso-da-un-salto-de-marca-y-sera-vestido-por-umbro-en-el-2026-556646,21,1665,1.26%,3.63
https://www.futbolperuano.com/liga-1/noticias/hernan-rengifo-expresa-su-sentir-sobre-lo-que-sera-jugar-con-su-hijo-nicolas-en-adt-558679,21,1265,1.66%,6.95
https://www.futbolperuano.com/seleccion/noticias/christian-cueva-responde-a-renato-tapia-y-aviva-la-tension-en-la-seleccion-peruana-561201,21,1096,1.92%,6.08
https://www.futbolperuano.com/liga-2/noticias/bentin-tacna-heroica-anuncia-dos-refuerzos-extranjeros-para-la-liga-2-2026-561417,21,1047,2.01%,7.77
https://www.futbolperuano.com/peruanos-en-el-exterior/noticias/dupla-peruana-en-republica-checa-oliver-sonne-jugara-junto-a-joao-grimaldo-en-el-sparta-praga-561322,21,624,3.37%,10.03
https://www.futbolperuano.com/liga-voley/mundial-de-clubes/tabla-de-posiciones,21,487,4.31%,8.67
https://www.futbolperuano.com/liga-1/noticias/suspenden-licencia-de-sport-boys-y-peligra-su-participacion-en-la-liga-1-2026-558839,21,455,4.62%,8.55
https://www.futbolperuano.com/en-vivo/champions-league-202526-real-madrid-vs-monaco-en-vivo-560430,20,12530,0.16%,6.79
https://www.futbolperuano.com/futbol-internacional/brasil/serie-b/tabla-de-posiciones,20,11661,0.17%,10.59
https://www.futbolperuano.com/futbol-internacional/turquia/tabla-de-posiciones,20,9524,0.21%,9.01
https://www.futbolperuano.com/futbol-internacional/costa-rica/perez-zeledon-vs-sporting-san-jose-26-enero-2026-primera-division-de-costa-rica-m3222634,20,9460,0.21%,9
https://www.futbolperuano.com/peruanos-en-el-exterior/noticias/marcos-lopez-fue-titular-en-el-empate-de-copenhague-ante-napoli-560529,20,6273,0.32%,9.31
https://www.futbolperuano.com/liga-3/goleadores,20,2036,0.98%,4.6
https://www.futbolperuano.com/partidos-por-tv/noticias/programacion-de-partidos-por-tv-del-sabado-3-de-enero-557365,20,1892,1.06%,6.06
https://www.futbolperuano.com/seleccion/noticias/agustin-lozano-responde-a-renato-tapia-y-asegura-que-las-puertas-de-la-seleccion-peruana-siguen-abiertas-561821,20,1702,1.18%,4.81
https://www.futbolperuano.com/peru/clubes/juan-aurich/,20,1702,1.18%,4.88
https://www.futbolperuano.com/liga-1/noticias/cain-fara-y-el-reto-mas-grande-de-su-carrera-llegar-a-universitario-es-un-desafio-enorme-557500,20,1458,1.37%,6.47
https://www.futbolperuano.com/liga-1/noticias/comerciantes-unidos-avanza-en-su-armado-2026-con-la-llegada-de-josuee-herrera-556800,20,1198,1.67%,9.8
https://www.futbolperuano.com/liga-1/noticias/atletico-grau-sorprende-y-se-refuerza-con-ex-universidad-de-chile-558286,20,1157,1.73%,10.65
https://www.futbolperuano.com/liga-voley/programacion-de-la-tercera-fecha-de-la-liga-peruana-de-voley-2025-26-547907,20,809,2.47%,7.43
https://www.futbolperuano.com/liga-1/noticias/alianza-atletico-suma-dos-nuevos-defensas-para-la-liga-1-y-copa-sudamericana-2026-557009,20,553,3.62%,14.95
https://www.futbolperuano.com/tag/cienciano,20,537,3.72%,7.87
https://www.futbolperuano.com/liga-1/noticias/no-llega-a-cienciano-juan-lucumi-deja-la-liga-1-y-jugara-en-exotico-club-de-asia-557764,20,484,4.13%,5.37
https://www.futbolperuano.com/futbol-de-menores/universitario-cruza-fronteras-inaugura-su-primera-franquicia-formativa-en-japon-561380,20,428,4.67%,4.08
https://www.futbolperuano.com/peru/academias-de-futbol-que-se-encuentran-en-el-distrito-magdalena-499934,20,383,5.22%,6.64
https://www.futbolperuano.com/peru/mas-del-futbol-peruano/academias-de-futbol-en-el-distrito-de-barranco-499790,20,367,5.45%,7.32
https://www.futbolperuano.com/liga-1/noticias/donde-jugara-nieri-bandiera-en-el-2026-556431,20,146,13.7%,6.43
https://www.futbolperuano.com/futbol-internacional/arouca-vs-sporting-lisboa-24-enero-2026-primeira-liga-de-portugal-m3205115,19,29163,0.07%,11.92
https://www.futbolperuano.com/futbol-internacional/benfica-vs-sporting-braga-7-enero-2026-copa-de-la-liga-de-portugal-m3221262,19,21820,0.09%,11.3
https://www.futbolperuano.com/peruanos-en-el-exterior/noticias/fabio-gruber-no-la-paso-bien-en-la-bundesliga-2-560956,19,6866,0.28%,13.07
https://www.futbolperuano.com/liga-voley/alianza-lima-vs-circolo-sportivo-italiano-en-vivo-por-la-liga-peruana-de-voley-550868,19,2705,0.7%,8.34
https://www.futbolperuano.com/liga-1/noticias/liga-1-2026-los-14-mundialistas-de-rusia-2018-que-regresan-al-futbol-peruano-558048,19,2481,0.77%,10.89
https://www.futbolperuano.com/partidos-por-tv/noticias/programacion-de-partidos-por-tv-del-viernes-23-de-enero-560856,19,1605,1.18%,4.81
https://www.futbolperuano.com/liga-1/noticias/representante-de-cesar-inga-arremete-contra-universitario-tras-rechazar-oferta-de-la-mls-le-cortaron-las-alas-557969,19,1565,1.21%,8.54
https://www.futbolperuano.com/liga-2/noticias/union-minas-renueva-con-dos-de-sus-campeones-para-la-liga-2-2026-561291,19,1476,1.29%,11.83
https://www.futbolperuano.com/peru/clubes/cesar-vallejo-moquegua/,19,1252,1.52%,8.98
https://www.futbolperuano.com/futbol-internacional/noticias/tras-dejar-universitario-rodrigo-urena-es-presentado-por-todo-lo-alto-en-millonarios-557539,19,1199,1.58%,2.95
https://www.futbolperuano.com/copa-libertadores/noticias/alianza-lima-como-peru-4-los-posibles-rivales-que-complican-su-camino-en-la-fase-1-de-la-copa-libertadores-2026-554385,19,1133,1.68%,7.66
https://www.futbolperuano.com/liga-3/noticias/jose-maria-arguedas-anuncia-cinco-nuevos-refuerzos-para-la-liga-3-2026-557614,19,1111,1.71%,12.01
https://www.futbolperuano.com/liga-1/noticias/sport-huancayo-le-gana-la-pulseada-a-melgar-por-un-jugador-para-el-2026-556852,19,520,3.65%,10.05
https://www.futbolperuano.com/futbol-de-menores/torneo-reservas/resultados,19,439,4.33%,9.64
https://www.futbolperuano.com/futbol-femenino/liga-femenina/universitario-de-deportes-suma-nuevo-refuerzo-extranjero-y-una-ex-alianza-lima-para-2026-558171,19,416,4.57%,9.17
https://www.futbolperuano.com/futbol-internacional/noticias/lionel-messi-y-la-historia-jamas-contada-de-su-primera-vez-en-lima-279207,19,267,7.12%,5.1
https://www.futbolperuano.com/tag/atletico-grau,19,235,8.09%,11.27
https://www.futbolperuano.com/en-vivo/bundesliga-de-alemania-hamburgo-vs-bayern-munich-en-vivo-561979,18,21271,0.08%,9.53
https://www.futbolperuano.com/futbol-internacional/costa-rica/san-carlos-vs-puntarenas-21-enero-2026-primera-division-de-costa-rica-m3222621,18,20476,0.09%,9.45
https://www.futbolperuano.com/en-vivo/champions-league-barcelona-vs-copenhague-561492,18,9752,0.18%,8.75
https://www.futbolperuano.com/peruanos-en-el-exterior/noticias/gianluca-lapadula-no-fue-convocado-y-el-spezia-se-hunde-en-la-tabla-tras-caer-ante-palermo-en-la-serie-b-560244,18,3752,0.48%,10.09
https://www.futbolperuano.com/peruanos-en-el-exterior/noticias/felipe-chavez-celebra-su-estreno-goleador-con-el-bayern-munich-que-buen-comienzo-de-ano-557781,18,3636,0.5%,5.57
https://www.futbolperuano.com/peru/clubes/alianza-atletico/,18,3293,0.55%,9.77
https://www.futbolperuano.com/liga-2/noticias/alianza-universidad-anuncia-dos-fichajes-extranjeros-para-la-liga-2-2026-560083,18,3254,0.55%,12.9
https://www.futbolperuano.com/peruanos-en-el-exterior/noticias/el-pulpo-salvador-la-sensacional-atajada-de-pedro-gallese-en-la-victoria-de-deportivo-cali-en-colombia-561112,18,1997,0.9%,8.43
https://www.futbolperuano.com/copa-peru/noticias/cuantos-equipos-de-la-copa-peru-ascenderan-a-la-liga-3-546483,18,1468,1.23%,5.52
https://www.futbolperuano.com/futsal/resultados-y-tabla-de-posiciones-de-la-copa-america-de-futsal-2024-449845,18,1439,1.25%,9.22
https://www.futbolperuano.com/partidos-por-tv/bundesliga-de-alemania-t14,18,1392,1.29%,11.51
https://www.futbolperuano.com/liga-1/noticias/pablo-guede-hablo-sobre-el-fuerte-reclamo-a-sergio-pena-el-futbol-lo-vivo-de-una-manera-560010,18,1002,1.8%,10.91
https://www.futbolperuano.com/liga-1/noticias/el-moderno-estadio-que-se-viene-construyendo-en-el-interior-del-peru-524609,18,932,1.93%,6.62
https://www.futbolperuano.com/peru/mas-del-futbol-peruano/chorri-palacios-parcha-a-renato-tapia-y-christian-cueva-van-a-decir-lo-que-les-convenga-558672,18,922,1.95%,9.83
https://www.futbolperuano.com/liga-1/noticias/carlos-zambrano-rompe-su-silencio-y-rechaza-acusacion-en-su-contra-560962,18,913,1.97%,11.9
https://www.futbolperuano.com/liga-3/noticias/ad-tahuishco-confirmo-11-refuerzos-para-afrontar-la-liga-3-2026-558440,18,802,2.24%,10.53