url,autor,seccion,items_pass,items_aplicables,pct_cumplimiento,semaforo,item_h1_70_170,item_title_50_65,item_meta_desc_150_170,item_meta_desc_no_repite_h1,item_primer_parrafo_180,item_h2_estructura,item_listas_tablas,item_extension_400,item_tags_1_5,item_enlaces_min_2,item_enlace_parrafo_1_3,item_ancla_valida,item_imagen_1200px,item_imagen_alt
https://www.futbolperuano.com/peruanos-en-el-exterior/noticias/juan-reynoso-sigue-sin-conocer-triunfos-bajo-el-mando-de-club-necaxa-en-liga-mx-602679,Jorge Cruzalegui,peruanos-en-el-exterior,9,12,75.0,🟡,True,False,False,True,True,False,,True,True,True,True,True,,True
https://www.futbolperuano.com/copa-de-la-liga/noticias/copa-de-la-liga-2026-christian-cueva-y-el-mensaje-de-sport-boys-tras-perder-5-2-ante-alianza-atletico-602685,Gabriel Rey,copa-de-la-liga,9,12,75.0,🟡,True,False,False,True,True,True,,False,True,True,True,True,,True
https://www.futbolperuano.com/liga-3/noticias/juventud-cautivo-vs-deportivo-lute-en-vivo-online-por-fecha-17-de-liga-3-2026-602603,Jorge Cruzalegui,liga-3,9,12,75.0,🟡,True,False,False,True,True,False,,True,True,True,True,True,,True
https://www.futbolperuano.com/copa-de-la-liga/noticias/sport-boys-carlos-desio-explico-por-que-no-puso-a-sus-titulares-ante-alianza-atletico-602668,Gabriel Iberico,copa-de-la-liga,9,12,75.0,🟡,True,False,False,True,True,False,,True,True,True,True,True,,True
https://www.futbolperuano.com/seleccion/noticias/la-seleccion-peruana-alista-un-cambio-drastico-en-su-plantel-para-enfrentar-a-mexico-602684,Gabriel Iberico,seleccion,8,12,66.7,🟡,True,False,False,True,True,False,,False,True,True,True,True,,True
https://www.futbolperuano.com/seleccion/noticias/mexico-vs-peru-en-vivo-online-por-un-amistoso-internacional-602675,Gabriel Rey,seleccion,9,12,75.0,🟡,True,True,False,True,True,False,,False,True,True,True,True,,True
https://www.futbolperuano.com/futbol-internacional/noticias/belgica-vs-francia-en-vivo-por-la-uefa-nations-league-602658,Gabriel Iberico,futbol-internacional,8,12,66.7,🟡,False,True,False,True,True,False,,False,True,True,True,True,,True
https://www.futbolperuano.com/liga-3/noticias/liga-3-2026-resultados-y-tablas-de-posiciones-de-la-fecha-17-de-la-fase-regional-602089,Gabriel Rey,liga-3,8,12,66.7,🟡,True,False,False,True,True,True,,False,True,True,True,True,,False
https://www.futbolperuano.com/copa-peru/noticias/copa-peru-resultados-y-posiciones-de-la-fecha-3-de-la-etapa-nacional-602282,Stewart Luya,copa-peru,8,12,66.7,🟡,True,False,False,True,True,False,,False,True,True,True,True,,True
https://www.futbolperuano.com/futbol-internacional/uefa-nations-league/republica-checa-vs-inglaterra-en-vivo-online-por-fecha-2-de-uefa-nations-league-2026-27-602697,Jorge Cruzalegui,futbol-internacional,8,12,66.7,🟡,True,False,False,True,True,False,,False,True,True,True,True,,True
https://www.futbolperuano.com/liga-2/noticias/programacion-completa-de-la-fecha-2-de-fase-final-de-liga-2-2026-602647,Jorge Cruzalegui,liga-2,10,12,83.3,🟢,True,True,False,True,True,True,,False,True,True,True,True,,True
https://www.futbolperuano.com/liga-1/noticias/universitario-de-deportes-tendria-decidido-el-futuro-de-hector-cuper-y-fabian-bustos-seria-el-elegido-para-asumir-el-banquillo-crema-602698,Gabriel Rey,liga-1,7,12,58.3,🔴,True,False,False,True,True,False,,False,True,True,True,True,,False
https://www.futbolperuano.com/seleccion/noticias/mr-peet-cuestiona-a-tres-futbolistas-de-peru-tras-dura-goleada-ante-estados-unidos-602624,Gabriel Iberico,seleccion,9,12,75.0,🟡,True,False,True,True,True,False,,True,False,True,True,True,,True
https://www.futbolperuano.com/futbol-femenino/liga-femenina/liga-femenina-2026-alianza-lima-vencio-a-fbc-melgar-y-cerro-el-clausura-con-puntaje-perfecto-antes-de-las-semifinales-602618,Gabriel Rey,futbol-femenino,8,12,66.7,🟡,True,False,False,True,True,True,,False,True,False,True,True,,True
https://www.futbolperuano.com/liga-1/noticias/jorge-sampaoli-no-olvida-a-sport-boys-y-manda-emotivo-mensaje-a-carlos-desio-602695,Gabriel Iberico,liga-1,9,12,75.0,🟡,True,False,False,True,True,False,,True,True,True,True,True,,True
https://www.futbolperuano.com/futbol-internacional/noticias/estados-unidos-vs-chile-en-vivo-por-amistoso-internacional-602664,Gabriel Iberico,futbol-internacional,9,12,75.0,🟡,True,True,False,True,True,False,,False,True,True,True,True,,True
https://www.futbolperuano.com/peruanos-en-el-exterior/noticias/sebastian-gonzales-zela-sumo-minutos-con-inter-toronto-que-no-la-pasa-bien-en-canada-602663,Jorge Cruzalegui,peruanos-en-el-exterior,9,12,75.0,🟡,True,False,False,True,True,False,,True,True,True,True,True,,True
https://www.futbolperuano.com/liga-3/noticias/juan-aurich-vs-juventud-santo-domingo-en-vivo-online-por-la-fecha-17-de-la-fase-regional-de-la-liga-3-2026-602515,Gabriel Rey,liga-3,10,12,83.3,🟢,True,False,False,True,True,True,,True,True,True,True,True,,True
https://www.futbolperuano.com/copa-peru/noticias/alianza-arenal-vs-sport-ancash-en-vivo-online-por-fecha-3-de-etapa-nacional-de-copa-peru-2026-602468,Jorge Cruzalegui,copa-peru,9,12,75.0,🟡,True,False,False,True,True,False,,True,True,True,True,True,,True
https://www.futbolperuano.com/peruanos-en-el-exterior/noticias/martin-dallorso-inicia-su-ciclo-con-belice-con-una-victoria-en-la-concacaf-nations-league-602621,Gabriel Iberico,peruanos-en-el-exterior,8,12,66.7,🟡,True,False,False,True,True,False,,False,True,True,True,True,,True
https://www.futbolperuano.com/seleccion/noticias/peru-vs-mexico-fecha-hora-y-canal-del-segundo-amistoso-internacional-602655,Jorge Cruzalegui,seleccion,8,12,66.7,🟡,True,False,False,True,True,False,,False,True,True,True,True,,True
https://www.futbolperuano.com/liga-2/noticias/union-comercio-vs-pirata-fc-en-vivo-online-por-fase-final-de-liga-2-2026-602506,Jorge Cruzalegui,liga-2,9,12,75.0,🟡,True,False,False,True,True,False,,True,True,True,True,True,,True
https://www.futbolperuano.com/liga-voley/alianza-lima-vs-ec-pinheiros-en-vivo-online-por-fecha-3-de-noche-blanquiazul-voley-2026-602571,Jorge Cruzalegui,liga-voley,9,12,75.0,🟡,True,False,False,True,True,False,,True,True,True,True,True,,True
https://www.futbolperuano.com/copa-de-la-liga/noticias/adt-vs-sporting-cristal-en-vivo-por-la-semifinal-ida-de-la-copa-de-la-liga-2026-602386,Gabriel Iberico,copa-de-la-liga,9,12,75.0,🟡,True,False,False,True,True,False,,True,True,True,True,True,,True
https://www.futbolperuano.com/liga-voley/alianza-lima-resultados-de-la-noche-blanquiazul-voley-602122,Stewart Luya,liga-voley,11,12,91.7,🟢,True,True,True,True,True,True,,False,True,True,True,True,,True
https://www.futbolperuano.com/copa-peru/noticias/atletico-torino-vs-deportivo-caysa-en-vivo-online-por-la-fecha-3-de-la-etapa-nacional-de-la-copa-peru-2026-602502,Gabriel Rey,copa-peru,9,12,75.0,🟡,True,False,False,True,True,True,,True,True,True,True,True,,False
https://www.futbolperuano.com/liga-2/noticias/liga-2-2026-resultados-y-tablas-de-posiciones-de-la-fecha-1-de-la-fase-final-602114,Gabriel Rey,liga-2,7,12,58.3,🔴,True,False,False,True,True,False,,False,True,True,True,True,,False
https://www.futbolperuano.com/seleccion/noticias/jean-ferrari-y-su-contundente-mensaje-tras-la-dura-goleada-que-sufrio-la-seleccion-peruana-602616,Gabriel Iberico,seleccion,9,12,75.0,🟡,True,False,False,True,True,False,,True,True,True,True,True,,True
https://www.futbolperuano.com/liga-2/noticias/alianza-universidad-vs-bentin-tacna-en-vivo-online-por-fecha-1-de-fase-final-de-liga-2-2026-602495,Jorge Cruzalegui,liga-2,10,12,83.3,🟢,True,False,False,True,True,True,,True,True,True,True,True,,True
https://www.futbolperuano.com/copa-peru/noticias/domingo-dianderas-vs-bad-boys-en-vivo-online-por-la-fecha-3-de-la-etapa-nacional-de-la-copa-peru-2026-602505,Gabriel Rey,copa-peru,10,12,83.3,🟢,True,False,False,True,True,True,,True,True,True,True,True,,True
https://www.futbolperuano.com/copa-peru/noticias/union-minas-pamputa-vs-miguel-grau-en-vivo-online-por-fecha-3-de-etapa-nacional-de-copa-peru-2026-602458,Jorge Cruzalegui,copa-peru,9,12,75.0,🟡,True,False,False,True,True,False,,True,True,True,True,True,,True
https://www.futbolperuano.com/copa-de-la-liga/noticias/sport-boys-vs-alianza-atletico-en-vivo-online-por-la-semifinal-de-ida-de-la-copa-de-la-liga-2026-602489,Joaquín Vásquez,copa-de-la-liga,9,12,75.0,🟡,True,False,False,True,True,False,,True,True,True,True,True,,True
https://www.futbolperuano.com/copa-peru/noticias/copa-peru-2026-cuando-se-juega-la-fecha-4-de-la-etapa-nacional-y-que-partidos-se-disputaran-602627,Gabriel Rey,copa-peru,9,12,75.0,🟡,True,False,False,True,True,True,,False,True,True,True,True,,True
https://www.futbolperuano.com/copa-peru/noticias/sport-river-vs-el-inca-de-chao-en-vivo-por-la-etapa-nacional-de-la-copa-peru-2026-602362,Gabriel Iberico,copa-peru,8,12,66.7,🟡,True,False,False,True,True,False,,True,True,True,True,True,,False
https://www.futbolperuano.com/liga-1/noticias/alianza-lima-alejandro-duarte-y-la-competencia-que-crece-en-el-arco-durante-la-mini-pretemporada-de-pablo-guede-602611,Gabriel Rey,liga-1,7,12,58.3,🔴,True,False,False,True,True,False,,False,True,True,True,True,,False
https://www.futbolperuano.com/copa-peru/noticias/cachorro-vs-cruz-de-chalpon-en-vivo-por-la-etapa-nacional-de-la-copa-peru-602409,Gabriel Iberico,copa-peru,8,12,66.7,🟡,True,False,False,True,True,False,,False,True,True,True,True,,True
https://www.futbolperuano.com/futbol-femenino/liga-femenina/resultados-y-tabla-de-posiciones-de-fecha-11-del-torneo-clausura-de-liga-femenina-2026-602208,Jorge Cruzalegui,futbol-femenino,9,12,75.0,🟡,True,False,False,True,True,True,,False,True,True,True,True,,True
https://www.futbolperuano.com/seleccion/noticias/seleccion-peruana-cuando-y-contra-quien-jugara-en-segundo-amistoso-de-septiembre-602574,Jorge Cruzalegui,seleccion,9,12,75.0,🟡,True,False,False,True,True,True,,False,True,True,True,True,,True
https://www.futbolperuano.com/peruanos-en-el-exterior/noticias/historico-maryory-sanchez-se-convierte-en-la-primera-peruana-en-ganar-la-liga-de-colombia-602592,Gabriel Iberico,peruanos-en-el-exterior,9,12,75.0,🟡,True,False,False,True,True,False,,True,True,True,True,True,,True
https://www.futbolperuano.com/liga-3/noticias/deportivo-ucrania-vs-ecosem-pasco-en-vivo-por-la-liga-3-602379,Gabriel Iberico,liga-3,10,12,83.3,🟢,True,True,False,True,True,False,,True,True,True,True,True,,True
https://www.futbolperuano.com/seleccion/noticias/piero-magallanes-hablo-tras-su-debut-con-la-seleccion-peruana-602582,Gabriel Iberico,seleccion,9,12,75.0,🟡,True,True,False,True,True,False,,False,True,True,True,True,,True
https://www.futbolperuano.com/futbol-femenino/liga-femenina/liga-femenina-2026-unsaac-y-defensores-del-ilucan-pierden-la-categoria-602535,Gabriel Iberico,futbol-femenino,9,12,75.0,🟡,True,False,False,True,True,False,,True,True,True,True,True,,True
https://www.futbolperuano.com/seleccion/noticias/mano-menezes-apunta-al-polemico-penal-tras-la-goleada-de-estados-unidos-a-peru-602540,Gabriel Iberico,seleccion,9,12,75.0,🟡,True,False,False,True,True,False,,True,True,True,True,True,,True
https://www.futbolperuano.com/liga-voley/alianza-lima-vs-boca-juniors-en-vivo-online-por-fecha-2-de-noche-blanquiazul-voley-2026-602448,Jorge Cruzalegui,liga-voley,7,12,58.3,🔴,True,False,False,True,True,False,,False,True,True,True,True,,False
https://www.futbolperuano.com/liga-voley/atletico-atenea-presento-plantel-oficial-para-liga-peruana-de-voley-2026-27-602596,Jorge Cruzalegui,liga-voley,9,12,75.0,🟡,True,False,False,True,True,True,,False,True,True,True,True,,True
https://www.futbolperuano.com/liga-1/noticias/juan-pablo-ii-prepara-camiseta-especial-por-la-visita-del-papa-leon-xiv-al-peru-602550,Gabriel Iberico,liga-1,9,12,75.0,🟡,True,False,False,True,True,False,,True,True,True,True,True,,True
https://www.futbolperuano.com/futbol-femenino/liga-femenina/carlos-mannucci-remonto-ante-yanapuma-y-clasifico-al-hexagonal-final-del-torneo-clausura-de-la-liga-femenina-2026-602522,Gabriel Rey,futbol-femenino,9,12,75.0,🟡,True,False,False,True,True,True,,False,True,True,True,True,,True
https://www.futbolperuano.com/futbol-femenino/liga-femenina/universitario-golea-a-unsaac-y-sella-su-pase-a-las-semifinales-del-torneo-clausura-femenino-602527,Gabriel Iberico,futbol-femenino,8,12,66.7,🟡,True,False,False,True,True,False,,False,True,True,True,True,,True
https://www.futbolperuano.com/liga-1/noticias/se-revela-la-razon-por-la-que-jairo-concha-todavia-no-renueva-su-vinculo-con-universitario-602532,Gabriel Iberico,liga-1,8,12,66.7,🟡,True,False,False,True,True,False,,False,True,True,True,True,,True
https://www.futbolperuano.com/seleccion/noticias/atencion-peru-mexico-si-tiene-su-recambio-y-estas-son-sus-joyas-a-tener-en-cuenta-602600,Gabriel Iberico,seleccion,9,12,75.0,🟡,True,False,False,True,True,False,,True,True,True,True,True,,True
https://www.futbolperuano.com/liga-1/noticias/bryan-reyna-recibio-consejo-de-cesar-cueto-tras-expresar-su-molestia-en-universitario-de-deportes-602513,Joaquín Vásquez,liga-1,9,12,75.0,🟡,True,False,False,True,True,False,,True,True,True,True,True,,True
https://www.futbolperuano.com/seleccion/noticias/estados-unidos-vs-peru-en-vivo-por-amistoso-internacional-602002,Gabriel Iberico,seleccion,10,12,83.3,🟢,True,True,False,True,True,False,,True,True,True,True,True,,True
https://www.futbolperuano.com/futbol-femenino/liga-femenina/liga-femenina-2026-conoce-a-los-seis-clasificados-al-hexagonal-final-y-como-quedaron-las-llaves-del-torneo-clausura-602531,Gabriel Rey,futbol-femenino,9,12,75.0,🟡,True,False,False,True,True,True,,False,True,True,True,True,,True
https://www.futbolperuano.com/copa-peru/noticias/viargoca-fc-vs-virgen-de-las-nieves-en-vivo-online-por-la-etapa-nacional-copa-peru-2026-602302,Joaquín Vásquez,copa-peru,9,12,75.0,🟡,True,False,False,True,True,False,,True,True,True,True,True,,True
https://www.futbolperuano.com/seleccion/noticias/gianluca-lapadula-aparece-con-un-cabezazo-y-peru-iguala-ante-estados-unidos-en-orlando-602511,Gabriel Iberico,seleccion,9,12,75.0,🟡,True,False,False,True,True,True,,False,True,True,True,True,,True
https://www.futbolperuano.com/seleccion/noticias/diego-kochen-revela-su-carino-y-conexion-con-el-peru-pese-a-jugar-por-estados-unidos-602509,Gabriel Iberico,seleccion,9,12,75.0,🟡,True,False,False,True,True,False,,True,True,True,True,True,,True
https://www.futbolperuano.com/seleccion/noticias/seleccion-peruana-vs-estados-unidos-este-seria-el-once-de-mano-menezes-para-el-amistoso-602471,Gabriel Rey,seleccion,9,12,75.0,🟡,True,False,False,True,True,True,,False,True,True,True,True,,True
https://www.futbolperuano.com/seleccion/noticias/diego-kochen-debuto-con-estados-unidos-ante-la-seleccion-peruana-en-amistoso-fifa-602523,Joaquín Vásquez,seleccion,10,12,83.3,🟢,True,False,False,True,True,True,,True,True,True,True,True,,True
https://www.futbolperuano.com/seleccion/noticias/seleccion-peruana-historial-de-enfrentamientos-ante-mexico-602589,Jorge Cruzalegui,seleccion,10,12,83.3,🟢,True,True,False,True,True,True,,False,True,True,True,True,,True
https://www.futbolperuano.com/peruanos-en-el-exterior/noticias/marco-saravia-volvio-a-ser-titular-en-atletico-progreso-que-gano-y-escalo-en-el-clausura-uruguayo-602493,Gabriel Rey,peruanos-en-el-exterior,9,12,75.0,🟡,True,False,False,True,True,True,,False,True,True,True,True,,True
https://www.futbolperuano.com/peruanos-en-el-exterior/noticias/jhimar-lora-volvio-a-ser-suplente-en-novorizontino-y-no-tuvo-minutos-en-la-serie-b-de-brasil-602508,Joaquín Vásquez,peruanos-en-el-exterior,9,12,75.0,🟡,True,False,False,True,True,True,,False,True,True,True,True,,True
https://www.futbolperuano.com/futbol-internacional/nolberto-solano-debuto-con-pakistan-en-la-copa-asean-y-recibio-goleada-4-0-ante-tailandia-602496,Joaquín Vásquez,futbol-internacional,8,12,66.7,🟡,True,False,False,True,True,False,,True,True,False,True,True,,True
https://www.futbolperuano.com/partidos-por-tv/noticias/programacion-de-hoy-domingo-27-de-septiembre-de-2026-horarios-del-futbol-en-vivo-por-television-en-el-peru-602491,Gabriel Iberico,partidos-por-tv,9,12,75.0,🟡,True,False,False,True,True,False,,True,True,True,True,True,,True
https://www.futbolperuano.com/liga-1/noticias/hector-cuper-estaria-cerca-de-dejar-de-ser-el-tecnico-de-universitario-602497,Gabriel Iberico,liga-1,8,12,66.7,🟡,True,False,False,True,True,False,,False,True,True,True,True,,True
https://www.futbolperuano.com/liga-1/noticias/diego-rebagliati-revelo-que-podria-pasar-con-hector-cuper-en-universitario-de-deportes-602452,Joaquín Vásquez,liga-1,10,12,83.3,🟢,True,False,False,True,True,True,,True,True,True,True,True,,True
https://www.futbolperuano.com/seleccion/noticias/pedro-gallese-se-refirio-a-su-nuevo-rol-dentro-de-la-seleccion-peruana-602451,Jorge Cruzalegui,seleccion,9,12,75.0,🟡,True,False,False,True,True,False,,True,True,True,True,True,,True
https://www.futbolperuano.com/liga-2/noticias/ayacucho-fc-vs-union-minas-en-vivo-online-por-grupo-campeonato-de-liga-2-2026-602222,Jorge Cruzalegui,liga-2,9,12,75.0,🟡,True,False,False,True,True,False,,True,True,True,True,True,,True
https://www.futbolperuano.com/seleccion/noticias/mano-menezes-confirmo-una-baja-de-peru-para-duelo-ante-estados-unidos-602445,Jorge Cruzalegui,seleccion,9,12,75.0,🟡,True,False,False,True,True,False,,True,True,True,True,True,,True
https://www.futbolperuano.com/liga-1/noticias/tomas-costa-ex-alianza-lima-ahora-es-parte-del-comando-tecnico-del-inter-miami-602460,Joaquín Vásquez,liga-1,9,12,75.0,🟡,True,False,False,True,True,True,,False,True,True,True,True,,True
https://www.futbolperuano.com/seleccion/noticias/el-colombiano-nixon-perea-recordo-como-hizo-debutar-a-bassco-soyer-en-alianza-lima-602475,Joaquín Vásquez,seleccion,8,12,66.7,🟡,True,False,False,True,True,False,,False,True,True,True,True,,True
https://www.futbolperuano.com/liga-voley/alianza-lima-brillo-en-la-noche-blanquiazul-y-vencio-3-0-a-cav-esquimo-en-la-presentacion-de-su-equipo-de-voley-602426,Gabriel Rey,liga-voley,8,12,66.7,🟡,True,False,False,True,True,True,,False,True,True,True,True,,False
https://www.futbolperuano.com/liga-2/noticias/carlos-mannucci-vs-san-martin-en-vivo-online-por-la-fecha-1-del-grupo-de-campeonato-c-de-la-liga-2-2026-602173,Gabriel Rey,liga-2,9,12,75.0,🟡,True,False,False,True,True,False,,True,True,True,True,True,,True
https://www.futbolperuano.com/liga-1/noticias/universitario-de-deportes-busca-nuevo-director-deportivo-y-apunta-a-contratar-un-extranjero-para-la-temporada-2027-602418,Gabriel Rey,liga-1,8,12,66.7,🟡,True,False,False,True,True,False,,False,True,True,True,True,,True
https://www.futbolperuano.com/futsal/futsal-pro-2026-resultados-y-tablas-de-posiciones-de-la-fecha-3-de-la-fase-regular-601829,Gabriel Rey,futsal,8,12,66.7,🟡,True,False,False,True,True,True,,False,True,True,True,True,,False
https://www.futbolperuano.com/liga-voley/peru-termino-cuarto-en-voley-masculino-de-los-juegos-suramericanos-santa-fe-2026-tras-caer-ante-colombia-602374,Gabriel Rey,liga-voley,9,12,75.0,🟡,True,False,False,True,True,True,,False,True,True,True,True,,True
https://www.futbolperuano.com/futbol-internacional/uefa-nations-league/italia-vs-belgica-en-vivo-online-por-fecha-1-de-uefa-nations-league-2026-27-602231,Jorge Cruzalegui,futbol-internacional,9,12,75.0,🟡,True,False,False,True,True,False,,True,True,True,True,True,,True
https://www.futbolperuano.com/liga-2/noticias/ada-jaen-vs-deportivo-llacuabamba-en-vivo-por-la-liga-2-601992,Gabriel Iberico,liga-2,9,12,75.0,🟡,True,True,False,True,True,False,,False,True,True,True,True,,True
https://www.futbolperuano.com/liga-2/noticias/comerciantes-fc-vs-sport-huancayo-en-vivo-online-por-la-fecha-1-del-grupo-de-campeonato-b-de-la-liga-2-2026-602162,Gabriel Rey,liga-2,9,12,75.0,🟡,True,False,False,True,True,False,,True,True,True,True,True,,True
https://www.futbolperuano.com/liga-1/noticias/dalessandro-montenegro-reaparecio-en-alianza-lima-y-entrenara-en-cineguilla-602347,Joaquín Vásquez,liga-1,10,12,83.3,🟢,True,False,False,True,True,True,,True,True,True,True,True,,True
https://www.futbolperuano.com/seleccion/noticias/seleccion-peruana-los-futbolistas-con-mayor-valor-de-mercado-en-la-convocatoria-de-mano-menezes-602329,Gabriel Iberico,seleccion,8,12,66.7,🟡,True,False,False,True,True,False,,False,True,True,True,True,,True
https://www.futbolperuano.com/liga-voley/fixture-del-sudamericano-de-voleibol-femenino-sub-19-602164,Stewart Luya,liga-voley,9,12,75.0,🟡,True,True,False,True,True,True,,False,True,True,True,False,,True
https://www.futbolperuano.com/liga-voley/peru-y-sus-convocadas-para-el-sudamericano-de-voleibol-femenino-sub-19-602335,Stewart Luya,liga-voley,8,12,66.7,🟡,True,False,False,True,True,True,,False,True,True,True,False,,True
https://www.futbolperuano.com/futbol-internacional/uefa-nations-league/turquia-vs-francia-en-vivo-por-la-uefa-nations-league-601978,Gabriel Iberico,futbol-internacional,10,12,83.3,🟢,True,True,False,True,True,False,,True,True,True,True,True,,True
https://www.futbolperuano.com/liga-1/noticias/paolo-guerrero-avanza-en-su-recuperacion-y-ya-tendria-fecha-de-regreso-en-liga-1-602332,Joaquín Vásquez,liga-1,8,12,66.7,🟡,True,False,False,True,True,False,,False,True,True,True,True,,True
https://www.futbolperuano.com/liga-1/noticias/eryc-castillo-despierta-interes-de-dos-clubes-de-la-liga-mx-y-alianza-lima-ya-conoce-la-propuesta-602412,Gabriel Rey,liga-1,8,12,66.7,🟡,True,False,False,True,True,False,,False,True,True,True,True,,True
https://www.futbolperuano.com/liga-2/noticias/deportivo-binacional-vs-academia-cantolao-en-vivo-por-la-liga-2-602083,Joaquín Vásquez,liga-2,10,12,83.3,🟢,True,True,False,True,True,False,,True,True,True,True,True,,True
https://www.futbolperuano.com/seleccion/noticias/peru-le-arrebata-promesa-a-chile-convoca-a-defensor-que-acaba-de-debutar-en-primera-602330,Gabriel Iberico,seleccion,9,12,75.0,🟡,True,False,False,True,True,False,,True,True,True,True,True,,True
https://www.futbolperuano.com/liga-3/noticias/carlos-stein-vuelve-a-la-liga-3-y-se-descarta-su-descenso-a-la-copa-peru-602361,Stewart Luya,liga-3,9,12,75.0,🟡,True,False,False,True,True,True,,False,True,True,True,True,,True
https://www.futbolperuano.com/seleccion/noticias/que-futbolista-nacio-en-estados-unidos-y-jugo-por-peru-602318,Stewart Luya,seleccion,10,12,83.3,🟢,True,True,False,True,True,True,,True,True,True,True,False,,True
https://www.futbolperuano.com/liga-1/noticias/liga-1-comision-disciplinaria-sanciona-drasticamente-a-utc-602311,Stewart Luya,liga-1,10,12,83.3,🟢,True,True,False,True,True,False,,True,True,True,True,True,,True
https://www.futbolperuano.com/copa-peru/noticias/copa-peru-bella-esperanza-se-refuerza-con-un-exvolante-de-alianza-lima-602277,Stewart Luya,copa-peru,9,12,75.0,🟡,True,False,False,True,True,True,,False,True,True,True,True,,True
https://www.futbolperuano.com/seleccion/noticias/francesco-andrealli-y-franco-giambavicchio-han-sido-convocados-a-la-seleccion-peruana-601824,Gabriel Iberico,seleccion,9,12,75.0,🟡,True,False,False,True,True,False,,True,True,True,True,True,,True
https://www.futbolperuano.com/tradicion-copera/jose-galvez-suma-un-nuevo-refuerzo-para-disputar-tradicion-copera-602301,Stewart Luya,tradicion-copera,10,12,83.3,🟢,True,True,False,True,True,True,,False,True,True,True,True,,True
https://www.futbolperuano.com/seleccion/noticias/mauricio-pochettino-dt-de-estados-unidos-se-rinde-ante-la-seleccion-peruana-602313,Gabriel Iberico,seleccion,8,12,66.7,🟡,True,False,False,True,True,False,,False,True,True,True,True,,True
https://www.futbolperuano.com/seleccion/noticias/la-confesion-de-griezmann-sobre-jefferson-farfan-y-sus-ganas-de-conocer-el-peru-602316,Joaquín Vásquez,seleccion,8,12,66.7,🟡,True,False,False,True,True,False,,False,True,True,True,True,,True
https://www.futbolperuano.com/seleccion/noticias/piero-magallanes-sorprende-y-podria-ser-titular-con-peru-ante-estados-unidos-602270,Joaquín Vásquez,seleccion,8,12,66.7,🟡,True,False,False,True,True,False,,False,True,True,True,True,,True
https://www.futbolperuano.com/futbol-de-menores/peru-vs-chile-en-vivo-online-por-la-medalla-de-bronce-de-los-juegos-suramericanos-2026-602113,Joaquín Vásquez,futbol-de-menores,9,12,75.0,🟡,True,False,False,True,True,False,,True,True,True,True,True,,True
https://www.futbolperuano.com/seleccion/noticias/seleccion-peruana-su-posible-once-para-enfrentar-a-estados-unidos-602213,Jorge Cruzalegui,seleccion,8,12,66.7,🟡,True,False,False,True,True,False,,False,True,True,True,True,,True
https://www.futbolperuano.com/seleccion/noticias/seleccion-peruana-que-radios-relataran-amistoso-ante-estados-unidos-en-orlando-602186,Jorge Cruzalegui,seleccion,8,12,66.7,🟡,True,False,False,True,True,False,,False,True,True,True,True,,True
https://www.futbolperuano.com/partidos-por-tv/noticias/programacion-de-partidos-por-tv-del-viernes-25-de-septiembre-del-2026-602159,Jorge Cruzalegui,partidos-por-tv,9,12,75.0,🟡,True,False,False,True,True,True,,False,True,True,True,True,,True
https://www.futbolperuano.com/liga-1/noticias/alianza-lima-vs-palestino-canal-que-transmitira-amistoso-internacional-en-matute-602174,Jorge Cruzalegui,liga-1,8,12,66.7,🟡,True,False,False,True,True,False,,False,True,True,True,True,,True
https://www.futbolperuano.com/liga-1/noticias/matias-di-benedetto-fue-claro-sobre-cuper-y-la-interna-de-universitario-de-deportes-602261,Joaquín Vásquez,liga-1,8,12,66.7,🟡,True,False,False,True,True,True,,False,True,True,True,False,,True
https://www.futbolperuano.com/futbol-de-menores/copa-federacion/copa-federacion-quienes-jugaran-la-fase-nacional-y-programacion-del-26-y-27-de-septiembre-602187,Enrique Giles,futbol-de-menores,9,12,75.0,🟡,True,False,False,True,True,False,,True,True,True,True,True,,True
https://www.futbolperuano.com/liga-voley/peru-eliminado-por-argentina-en-semifinales-del-voley-masculino-de-juegos-suramericanos-santa-fe-2026-602198,Jorge Cruzalegui,liga-voley,9,12,75.0,🟡,True,False,False,True,True,True,,False,True,True,True,True,,True
https://www.futbolperuano.com/liga-1/noticias/juan-drogba-carrillo-revelo-el-incentivo-de-alianza-lima-en-2008-para-salvar-descenso-602286,Joaquín Vásquez,liga-1,8,12,66.7,🟡,True,False,False,True,True,True,,False,True,False,True,True,,True
https://www.futbolperuano.com/futbol-internacional/uefa-nations-league/portugal-vs-gales-en-vivo-online-por-la-fecha-1-del-grupo-d-de-la-liga-de-naciones-601847,Gabriel Rey,futbol-internacional,8,12,66.7,🟡,True,False,False,True,True,False,,False,True,True,True,True,,True
https://www.futbolperuano.com/seleccion/noticias/jairo-velez-hablo-sobre-los-amistosos-de-la-seleccion-peruana-en-esta-fecha-fifa-602132,Joaquín Vásquez,seleccion,8,12,66.7,🟡,True,False,False,True,True,False,,False,True,True,True,True,,True
https://www.futbolperuano.com/liga-voley/prensa-espanola-expectante-por-la-noche-blanquiazul-voley-602150,Stewart Luya,liga-voley,11,12,91.7,🟢,True,True,False,True,True,True,,True,True,True,True,True,,True
https://www.futbolperuano.com/copa-peru/noticias/nuevo-entrenador-para-cultural-saxchapuyos-en-la-copa-peru-2026-602128,Robert Luna,copa-peru,10,12,83.3,🟢,True,True,False,True,True,True,,False,True,True,True,True,,True
https://www.futbolperuano.com/seleccion/noticias/mano-menezes-suma-a-un-ex-arsena-especialista-en-rendimiento-a-la-seleccion-peruana-602097,Joaquín Vásquez,seleccion,8,12,66.7,🟡,True,False,False,True,True,False,,False,True,True,True,True,,True
https://www.futbolperuano.com/seleccion/noticias/pedro-garcia-defiende-a-christian-cueva-y-le-pide-a-mano-menezes-trabajar-en-su-recuperacion-602194,Gabriel Rey,seleccion,8,12,66.7,🟡,True,False,False,True,True,False,,False,True,True,True,True,,True
https://www.futbolperuano.com/liga-voley/alianza-lima-vs-cav-esquimo-en-vivo-por-la-noche-blanquiazul-voley-602131,Stewart Luya,liga-voley,8,12,66.7,🟡,True,False,False,True,True,False,,False,True,True,True,True,,True
https://www.futbolperuano.com/liga-voley/se-confirmo-la-sede-del-campeonato-sudamericano-de-voleibol-femenino-sub-19-602106,Stewart Luya,liga-voley,8,12,66.7,🟡,True,False,False,True,True,False,,False,True,True,True,True,,True
https://www.futbolperuano.com/liga-1/noticias/los-chankas-ya-cuentan-con-nueva-tribuna-sur-conoce-las-novedades-que-tendra-el-renovado-estadio-los-chankas-602136,Gabriel Rey,liga-1,8,12,66.7,🟡,True,False,False,True,True,True,,False,True,True,True,True,,False
https://www.futbolperuano.com/liga-1/noticias/figura-de-los-chankas-deja-el-equipo-en-el-tramo-final-del-torneo-clausura-602077,Robert Luna,liga-1,9,12,75.0,🟡,True,False,False,True,True,True,,False,True,True,True,True,,True
https://www.futbolperuano.com/mas-deportes/noticias/diego-elias-volvio-a-celebrar-peru-y-conquisto-el-oro-squash-masculino-de-juegos-suramericanos-2026-602056,Joaquín Vásquez,mas-deportes,8,12,66.7,🟡,True,False,False,True,True,False,,False,True,True,True,True,,True
https://www.futbolperuano.com/seleccion/noticias/ricardo-gareca-conto-la-vez-que-lo-llamaron-desde-boca-juniors-por-dos-jugadores-peruanos-602054,Joaquín Vásquez,seleccion,10,12,83.3,🟢,True,False,False,True,True,True,,True,True,True,True,True,,True
https://www.futbolperuano.com/seleccion/noticias/gianluca-lapadula-podria-ser-titular-en-el-duelo-entre-peru-vsestados-unidos-602048,Joaquín Vásquez,seleccion,8,12,66.7,🟡,True,False,False,True,True,False,,False,True,True,True,True,,True
https://www.futbolperuano.com/seleccion/noticias/la-confesion-de-piero-magallanes-que-sorprendio-en-la-seleccion-peruana-602049,Joaquín Vásquez,seleccion,9,12,75.0,🟡,True,False,False,True,True,False,,True,True,True,True,True,,True
https://www.futbolperuano.com/copa-peru/noticias/copa-peru-deportivo-caysa-presento-a-su-nuevo-director-tecnico-602082,Stewart Luya,copa-peru,10,12,83.3,🟢,True,True,False,True,True,True,,False,True,True,True,True,,True
https://www.futbolperuano.com/liga-1/noticias/christian-cueva-conto-que-estuvo-a-punto-de-dejar-el-futbol-en-la-temporada-2024-602046,Joaquín Vásquez,liga-1,8,12,66.7,🟡,True,False,False,True,True,False,,False,True,True,True,True,,True
https://www.futbolperuano.com/liga-2/noticias/binacional-planifica-pretemporada-para-jugar-la-liga-1-del-2027-602064,Robert Luna,liga-2,10,12,83.3,🟢,True,True,False,True,True,True,,False,True,True,True,True,,True
https://www.futbolperuano.com/tradicion-copera/los-jugadores-de-leon-de-huanuco-para-tradicion-copera-602080,Robert Luna,tradicion-copera,11,12,91.7,🟢,True,True,False,True,True,True,,True,True,True,True,True,,True
https://www.futbolperuano.com/peruanos-en-el-exterior/noticias/santiago-ormeno-vuelve-al-gol-tras-dos-anos-anoto-en-la-derrota-de-montevideo-wanderers-602035,Gabriel Iberico,peruanos-en-el-exterior,8,12,66.7,🟡,True,False,False,True,True,False,,False,True,True,True,True,,True
https://www.futbolperuano.com/liga-2/noticias/union-minas-emite-un-contundente-comunicado-en-respuesta-a-santos-fc-602093,Stewart Luya,liga-2,10,12,83.3,🟢,True,False,False,True,True,True,,True,True,True,True,True,,True
https://www.futbolperuano.com/liga-1/noticias/universitario-la-medida-que-tomara-con-bryan-reyna-tras-sus-polemicas-declaraciones-602020,Gabriel Iberico,liga-1,9,12,75.0,🟡,True,False,False,True,True,False,,True,True,True,True,True,,True
https://www.futbolperuano.com/liga-1/noticias/adt-vscienciano-en-vivo-online-por-la-fecha-9-del-torneo-clausura-de-la-liga-1-2026-601611,Joaquín Vásquez,liga-1,9,12,75.0,🟡,True,False,False,True,True,False,,True,True,True,True,True,,True
https://www.futbolperuano.com/mas-deportes/noticias/peru-es-clave-piero-guaylupo-rompe-record-historico-y-se-gana-su-contrato-con-la-ufc-602024,Gabriel Iberico,mas-deportes,9,12,75.0,🟡,True,False,False,True,True,False,,True,True,True,True,True,,True
https://www.futbolperuano.com/tradicion-copera/deportivo-municipal-ya-tiene-entrenador-para-disputar-el-torneo-tradicion-copera-602288,Stewart Luya,tradicion-copera,9,12,75.0,🟡,True,False,False,True,True,True,,False,True,True,True,True,,True
https://www.futbolperuano.com/seleccion/noticias/la-seleccion-peruana-pierde-a-dos-titulares-por-lesion-para-enfrentar-a-estados-unidos-602007,Gabriel Iberico,seleccion,8,12,66.7,🟡,True,False,False,True,True,False,,False,True,True,True,True,,True
https://www.futbolperuano.com/liga-1/noticias/la-tabla-acumulada-de-la-liga-1-2026-tras-el-partido-pendiente-de-adt-ante-cienciano-601982,Jorge Cruzalegui,liga-1,9,12,75.0,🟡,True,False,False,True,True,False,,True,True,True,True,True,,True
https://www.futbolperuano.com/liga-1/noticias/liga-1-comision-disciplinaria-sanciona-a-fc-cajamarca-601994,Stewart Luya,liga-1,9,12,75.0,🟡,False,True,False,True,True,False,,True,True,True,True,True,,True
https://www.futbolperuano.com/futbol-de-menores/resultados-de-peru-en-los-juegos-suramericanos-santa-fe-2026-600735,Stewart Luya,futbol-de-menores,9,12,75.0,🟡,True,True,False,True,True,True,,False,True,True,True,False,,True
https://www.futbolperuano.com/liga-voley/alianza-lima-fox-sports-transmitira-la-noche-blanquiazul-voley-2026-601975,Stewart Luya,liga-voley,9,12,75.0,🟡,True,False,False,True,True,True,,False,True,True,True,True,,True
https://www.futbolperuano.com/tradicion-copera/defensor-lima-y-su-estrategia-para-armarse-para-tradicion-copera-601960,Robert Luna,tradicion-copera,10,12,83.3,🟢,True,True,False,True,True,True,,False,True,True,True,True,,True
https://www.futbolperuano.com/liga-3/noticias/liga-3-juventus-de-huamachuco-descendio-a-la-copa-peru-2027-601951,Stewart Luya,liga-3,10,12,83.3,🟢,True,True,False,True,True,True,,False,True,True,True,True,,True
https://www.futbolperuano.com/partidos-por-tv/noticias/programacion-de-hoy-jueves-24-de-septiembre-de-2026-horarios-del-futbol-en-vivo-por-television-en-el-peru-601970,Gabriel Iberico,partidos-por-tv,8,12,66.7,🟡,True,False,False,True,True,False,,False,True,True,True,True,,True
https://www.futbolperuano.com/liga-3/noticias/liga-3-dt-de-asa-fc-debuto-gano-y-se-marcho-sorpresivamente-601933,Stewart Luya,liga-3,10,12,83.3,🟢,True,True,False,True,True,True,,False,True,True,True,True,,True
https://www.futbolperuano.com/liga-1/noticias/alianza-lima-precios-de-entradas-para-amistoso-ante-palestino-601954,Jorge Cruzalegui,liga-1,9,12,75.0,🟡,True,True,False,True,True,False,,False,True,True,True,True,,True
https://www.futbolperuano.com/liga-3/noticias/programacion-de-la-fecha-17-de-la-fase-regional-de-la-liga-3-601966,Stewart Luya,liga-3,10,12,83.3,🟢,True,True,False,True,True,True,,False,True,True,True,True,,True
https://www.futbolperuano.com/futbol-de-menores/peru-vs-argentina-en-vivo-por-los-juegos-suramericanos-601636,Stewart Luya,futbol-de-menores,10,12,83.3,🟢,True,True,False,True,True,False,,True,True,True,True,True,,True
https://www.futbolperuano.com/liga-1/noticias/nicolas-diaz-vuelve-a-lima-y-se-suma-a-los-entrenamientos-de-alianza-lima-601930,Joaquín Vásquez,liga-1,9,12,75.0,🟡,True,False,False,True,True,False,,True,True,True,True,True,,True
https://www.futbolperuano.com/seleccion/noticias/seleccion-peruana-historial-de-enfrentamientos-ante-estados-unidos-601940,Jorge Cruzalegui,seleccion,8,12,66.7,🟡,True,False,False,True,True,False,,False,True,True,True,True,,True
https://www.futbolperuano.com/seleccion/noticias/diego-kochen-le-cierra-la-puerta-a-la-seleccion-peruana-602019,Gabriel Iberico,seleccion,10,12,83.3,🟢,True,True,False,True,True,False,,True,True,True,True,True,,True
https://www.futbolperuano.com/liga-1/noticias/universitario-espera-una-respuesta-de-jairo-concha-que-puede-cambiar-sus-planes-para-2027-601944,Joaquín Vásquez,liga-1,9,12,75.0,🟡,True,False,False,True,True,False,,True,True,True,True,True,,True
https://www.futbolperuano.com/seleccion/noticias/seleccion-peruana-canal-que-transmitiran-los-amistosos-de-septiembre-y-octubre-601927,Jorge Cruzalegui,seleccion,8,12,66.7,🟡,True,False,False,True,True,False,,False,True,True,True,True,,True
https://www.futbolperuano.com/copa-peru/noticias/copa-peru-futbolista-con-pasado-en-la-liga-1-refuerza-a-sport-river-601903,Stewart Luya,copa-peru,9,12,75.0,🟡,True,False,False,True,True,True,,False,True,True,True,True,,True
https://www.futbolperuano.com/liga-1/noticias/hansell-riojas-compartio-con-el-cuti-romero-y-conto-un-detalle-de-sus-inicios-en-belgrano-601878,Joaquín Vásquez,liga-1,9,12,75.0,🟡,True,False,False,True,True,False,,True,True,True,True,True,,True
https://www.futbolperuano.com/copa-peru/noticias/atletico-nacional-de-iquitos-tiene-nuevo-tecnico-para-lo-que-resta-de-la-etapa-nacional-de-copa-peru-2026-601886,Jorge Cruzalegui,copa-peru,9,12,75.0,🟡,True,False,False,True,True,True,,False,True,True,True,True,,True
https://www.futbolperuano.com/copa-peru/noticias/copa-peru-cuando-juega-atletico-torino-ante-deportivo-caysa-por-la-etapa-nacional-601896,Jorge Cruzalegui,copa-peru,8,12,66.7,🟡,True,False,False,True,True,False,,False,True,True,True,True,,True
https://www.futbolperuano.com/copa-peru/noticias/domingo-dianderas-vs-bad-boys-fecha-y-hora-por-etapa-nacional-de-copa-peru-2026-601909,Jorge Cruzalegui,copa-peru,9,12,75.0,🟡,True,False,False,True,True,True,,False,True,True,True,True,,True
https://www.futbolperuano.com/copa-peru/noticias/domingo-dianderas-sorprendio-y-firmo-con-walon-para-la-etapa-nacional-de-la-copa-peru-601919,Joaquín Vásquez,copa-peru,9,12,75.0,🟡,True,False,False,True,True,False,,True,True,True,True,True,,True
https://www.futbolperuano.com/peru/mas-del-futbol-peruano/prometen-recuperar-historico-estadio-peruano-sede-liga-1-decada-de-los-90-601897,Robert Luna,peru,8,12,66.7,🟡,True,False,False,True,True,True,,False,True,True,True,False,,True
https://www.futbolperuano.com/tradicion-copera/refuerzos-extranjeros-de-leon-de-huanuco-para-tradicion-copera-601928,Robert Luna,tradicion-copera,10,12,83.3,🟢,True,True,False,True,True,True,,False,True,True,True,True,,True
https://www.futbolperuano.com/copa-peru/noticias/copa-peru-deportivo-el-inca-presento-a-su-nuevo-refuerzo-601908,Stewart Luya,copa-peru,10,12,83.3,🟢,True,True,False,True,True,True,,False,True,True,True,True,,True
https://www.futbolperuano.com/liga-1/noticias/hector-cuper-y-su-postura-tras-las-polemicas-declaraciones-de-bryan-reyna-que-sacudieron-a-universitario-de-deportes-601833,Gabriel Rey,liga-1,9,12,75.0,🟡,True,False,False,True,True,False,,True,True,True,True,True,,True
https://www.futbolperuano.com/copa-peru/noticias/atletico-evza-aseguro-a-anthony-cubas-para-la-etapa-nacional-de-la-copa-peru-2026-601868,Joaquín Vásquez,copa-peru,9,12,75.0,🟡,True,False,False,True,True,True,,False,True,True,True,True,,True
https://www.futbolperuano.com/copa-peru/noticias/copa-peru-deportivo-caysa-se-quedo-sin-entrenador-601920,Stewart Luya,copa-peru,10,12,83.3,🟢,True,True,False,True,True,True,,False,True,True,True,True,,True
https://www.futbolperuano.com/seleccion/noticias/marco-huaman-dejo-contundente-mensaje-a-mano-menezes-antes-de-los-amistosos-de-peru-601884,Joaquín Vásquez,seleccion,9,12,75.0,🟡,True,False,False,True,True,True,,False,True,True,True,True,,True
https://www.futbolperuano.com/peru/mas-del-futbol-peruano/los-20-grandes-equipos-ausentes-en-tradicion-copera-601774,Robert Luna,peru,11,12,91.7,🟢,True,True,False,True,True,True,,True,True,True,True,True,,True
https://www.futbolperuano.com/tradicion-copera/se-permitira-jugadores-extranjeros-en-tradicion-copera-601870,Robert Luna,tradicion-copera,11,12,91.7,🟢,True,True,False,True,True,True,,True,True,True,True,True,,True
https://www.futbolperuano.com/copa-peru/noticias/cruz-de-chalpon-suma-nuevo-refuerzo-para-etapa-nacional-copa-peru-2026-601883,Robert Luna,copa-peru,9,12,75.0,🟡,True,False,False,True,True,True,,False,True,True,True,True,,True
https://www.futbolperuano.com/seleccion/noticias/patrick-zubczuk-respondio-tras-no-ser-convocado-por-la-seleccion-peruana-601852,Joaquín Vásquez,seleccion,9,12,75.0,🟡,True,False,False,True,True,False,,True,True,True,True,True,,True
https://www.futbolperuano.com/seleccion/noticias/erick-noriega-confirmo-la-posicion-en-la-que-sera-utilizado-por-mano-menezes-en-la-seleccion-peruana-601814,Gabriel Rey,seleccion,8,12,66.7,🟡,True,False,False,True,True,False,,False,True,True,True,True,,True
https://www.futbolperuano.com/copa-peru/noticias/copa-peru-2026-como-se-jugaran-los-partidos-de-la-fecha-3-de-la-etapa-nacional-601841,Gabriel Rey,copa-peru,9,12,75.0,🟡,True,False,False,True,True,True,,False,True,True,True,True,,True
https://www.futbolperuano.com/seleccion/noticias/mano-menezes-rompe-su-silencio-y-explica-por-que-renato-tapia-sigue-fuera-de-la-seleccion-peruana-601815,Gabriel Iberico,seleccion,9,12,75.0,🟡,True,False,False,True,True,False,,True,True,True,True,True,,True
https://www.futbolperuano.com/peru/mas-del-futbol-peruano/cuantos-equipos-descenderan-del-campeonato-nacional-tradicion-copera-601769,Stewart Luya,peru,9,12,75.0,🟡,True,False,False,True,True,True,,False,True,True,True,True,,True
https://www.futbolperuano.com/liga-1/noticias/universitario-esto-se-sabe-sobre-el-posible-regreso-de-fabian-bustos-601766,Gabriel Iberico,liga-1,8,12,66.7,🟡,True,False,False,True,True,False,,False,True,True,True,True,,True
https://www.futbolperuano.com/liga-1/noticias/deportivo-garcilaso-el-plan-de-lisandro-greppo-para-aprovechar-el-receso-y-seguir-en-lo-mas-alto-del-torneo-clausura-601757,Gabriel Iberico,liga-1,8,12,66.7,🟡,True,False,False,True,True,False,,False,True,True,True,True,,True
https://www.futbolperuano.com/liga-1/noticias/sport-boys-en-alerta-por-una-de-sus-figuras-se-realizara-una-resonancia-y-esperan-conocer-su-diagnostico-601798,Gabriel Iberico,liga-1,8,12,66.7,🟡,True,False,False,True,True,False,,False,True,True,True,True,,True
https://www.futbolperuano.com/copa-peru/noticias/estadio-de-la-selva-sorprende-en-la-etapa-nacional-copa-peru-2026-601752,Robert Luna,copa-peru,11,12,91.7,🟢,True,True,False,True,True,True,,True,True,True,True,True,,True
https://www.futbolperuano.com/liga-voley/calendario-oficial-de-universitario-de-deportes-en-la-temporada-2026-27-601745,Stewart Luya,liga-voley,9,12,75.0,🟡,True,False,False,True,True,True,,False,True,True,True,True,,True
https://www.futbolperuano.com/seleccion/noticias/jean-ferrari-y-su-rotunda-respuesta-ante-la-ausencia-de-felipe-chavez-en-la-seleccion-peruana-601743,Gabriel Iberico,seleccion,8,12,66.7,🟡,True,False,False,True,True,False,,False,True,True,True,True,,True
https://www.futbolperuano.com/copa-peru/noticias/el-estadio-que-abriria-sus-puertas-por-primera-vez-en-la-etapa-nacional-copa-peru-2026-601714,Robert Luna,copa-peru,10,12,83.3,🟢,True,False,False,True,True,True,,True,True,True,True,True,,True
https://www.futbolperuano.com/liga-voley/peru-cayo-ante-chile-en-el-voley-masculino-de-los-juegos-suramericanos-santa-fe-2026-601726,Robert Luna,liga-voley,9,12,75.0,🟡,True,False,False,True,True,True,,False,True,True,True,True,,True
https://www.futbolperuano.com/peru/mas-del-futbol-peruano/jose-galvez-suma-once-refuerzos-para-disputar-el-campeonato-nacional-tradicion-copera-601724,Stewart Luya,peru,9,12,75.0,🟡,True,False,False,True,True,True,,False,True,True,True,True,,True
https://www.futbolperuano.com/peru/mas-del-futbol-peruano/cuantos-ascensos-otorgara-el-campeonato-nacional-tradicion-copera-601754,Stewart Luya,peru,9,12,75.0,🟡,True,False,False,True,True,True,,False,True,True,True,True,,True
https://www.futbolperuano.com/partidos-por-tv/noticias/programacion-de-partidos-por-tv-del-martes-22-de-septiembre-del-2026-601627,Jorge Cruzalegui,partidos-por-tv,9,12,75.0,🟡,True,False,False,True,True,True,,False,True,True,True,True,,True
https://www.futbolperuano.com/seleccion/noticias/wilder-cartagena-hablo-de-su-retorno-luego-de-dos-anos-a-seleccion-peruana-601686,Jorge Cruzalegui,seleccion,8,12,66.7,🟡,True,False,False,True,True,False,,False,True,True,True,True,,True
https://www.futbolperuano.com/liga-voley/alianza-lima-el-canal-de-transmision-de-noche-blanquiazul-voley-2026-601673,Jorge Cruzalegui,liga-voley,8,12,66.7,🟡,True,False,False,True,True,True,,False,True,False,True,True,,True
https://www.futbolperuano.com/peru/futsal/carlos-cortijo-dirigira-en-el-campeonato-nacional-tradicion-copera-601716,Stewart Luya,peru,9,12,75.0,🟡,True,False,False,True,True,True,,False,True,True,True,True,,True
https://www.futbolperuano.com/liga-2/noticias/union-comercio-denuncia-grave-atentado-contra-sus-instalaciones-en-tarapoto-601809,Gabriel Iberico,liga-2,9,12,75.0,🟡,True,False,False,True,True,False,,True,True,True,True,True,,True
https://www.futbolperuano.com/liga-1/noticias/rainer-torres-cuestiono-a-hector-cuper-y-explico-por-que-universitario-de-deportes-no-termina-de-encontrar-su-mejor-version-601802,Gabriel Rey,liga-1,8,12,66.7,🟡,True,False,False,True,True,False,,False,True,True,True,True,,True
https://www.futbolperuano.com/liga-1/noticias/alianza-lima-ya-tendria-rival-para-su-segundo-amistoso-en-la-fecha-fifa-y-seria-emelec-601891,Joaquín Vásquez,liga-1,8,12,66.7,🟡,True,False,False,True,True,False,,False,True,True,True,True,,True
https://www.futbolperuano.com/peru/mas-del-futbol-peruano/asi-quedaron-definidos-los-grupos-del-campeonato-nacional-tradicion-copera-601701,Stewart Luya,peru,9,12,75.0,🟡,True,False,False,True,True,True,,False,True,True,True,True,,True
https://www.futbolperuano.com/mas-deportes/noticias/universitario-anuncia-un-fichaje-de-jugador-estadounidense-para-su-equipo-de-basquet-601782,Gabriel Iberico,mas-deportes,9,12,75.0,🟡,True,False,False,True,True,False,,True,True,True,True,True,,True
https://www.futbolperuano.com/liga-voley/calendario-oficial-del-club-alianza-lima-voley-para-la-temporada-2026-27-601741,Stewart Luya,liga-voley,9,12,75.0,🟡,True,False,False,True,True,True,,False,True,True,True,True,,True
https://www.futbolperuano.com/liga-1/noticias/arquero-ignacio-barrios-hablo-sobre-su-debut-como-delantero-en-utc-601825,Gabriel Iberico,liga-1,8,12,66.7,🟡,True,False,False,True,True,False,,True,True,True,True,False,,True
https://www.futbolperuano.com/peru/mas-del-futbol-peruano/club-campeon-del-futbol-peruano-busca-volver-al-futbol-profesional-en-este-2026-601735,Robert Luna,peru,10,12,83.3,🟢,True,False,False,True,True,True,,True,True,True,True,True,,True
https://www.futbolperuano.com/copa-sudamericana/noticias/conmebol-abre-investigacion-contra-jugador-de-cienciano-tras-partido-ante-montevideo-city-601669,Jorge Cruzalegui,copa-sudamericana,8,12,66.7,🟡,True,False,False,True,True,False,,True,True,True,True,False,,True
https://www.futbolperuano.com/futbol-femenino/liga-femenina/liga-femenina-que-equipos-luchan-por-ultimo-cupo-a-las-semifinales-del-torneo-clausura-2026-601653,Jorge Cruzalegui,futbol-femenino,8,12,66.7,🟡,True,False,False,True,True,False,,False,True,True,True,True,,True
https://www.futbolperuano.com/liga-voley/liga-peruana-de-voley-san-martin-se-refuerza-con-seleccionada-alemana-601642,Stewart Luya,liga-voley,8,12,66.7,🟡,True,False,False,True,True,False,,False,True,True,True,True,,True
https://www.futbolperuano.com/liga-2/noticias/la-razon-por-la-que-santos-fc-presento-reclamo-contra-union-minas-tras-partido-en-liga-2-601637,Jorge Cruzalegui,liga-2,9,12,75.0,🟡,True,False,False,True,True,False,,True,True,True,True,True,,True
https://www.futbolperuano.com/liga-voley/noche-blanquiazul-cuando-vuelve-a-jugar-alianza-lima-voley-601609,Stewart Luya,liga-voley,10,12,83.3,🟢,True,True,False,True,True,True,,False,True,True,True,True,,True
https://www.futbolperuano.com/liga-voley/copa-brasilia-de-voleibol-cuando-juega-universitario-de-deportes-601619,Stewart Luya,liga-voley,10,12,83.3,🟢,True,False,False,True,True,True,,True,True,True,True,True,,True
https://www.futbolperuano.com/peruanos-en-el-exterior/noticias/joao-grimaldo-y-su-futuro-en-europa-tras-seguir-sin-minutos-con-sparta-praga-601591,Joaquín Vásquez,peruanos-en-el-exterior,9,12,75.0,🟡,True,False,False,True,True,False,,True,True,True,True,True,,True
https://www.futbolperuano.com/futbol-de-menores/peru-derroto-a-panama-y-aseguro-su-presencia-en-las-semifinales-de-los-juegos-suramericanos-santa-fe-2026-601618,Joaquín Vásquez,futbol-de-menores,9,12,75.0,🟡,True,False,False,True,True,False,,True,True,True,True,True,,True
https://www.futbolperuano.com/liga-3/noticias/juan-aurich-confirmo-la-llegada-de-ricardo-gareca-a-ferrenafe-601705,Stewart Luya,liga-3,9,12,75.0,🟡,False,True,False,True,True,True,,False,True,True,True,True,,True
https://www.futbolperuano.com/peruanos-en-el-exterior/noticias/brasileirao-tomo-decision-que-puso-en-peligro-el-futuro-de-andre-carrillo-y-erick-noriega-601664,Jorge Cruzalegui,peruanos-en-el-exterior,7,12,58.3,🔴,True,False,False,True,True,False,,False,True,True,True,False,,True
https://www.futbolperuano.com/liga-1/noticias/kevin-quevedo-rompio-su-silencio-tras-volver-a-alianza-lima-ante-adt-por-liga-1-601569,Joaquín Vásquez,liga-1,9,12,75.0,🟡,True,False,False,True,True,False,,True,True,True,True,True,,True
https://www.futbolperuano.com/liga-voley/peru-vs-paraguay-por-la-fecha-1-del-voley-masculino-en-vivo-online-por-juegos-suramericanos-2026-601549,Joaquín Vásquez,liga-voley,9,12,75.0,🟡,True,False,False,True,True,False,,True,True,True,True,True,,True
https://www.futbolperuano.com/copa-de-la-liga/noticias/fecha-hora-y-canal-del-sport-boys-vs-alianza-atletico-por-la-copa-de-la-liga-601571,Stewart Luya,copa-de-la-liga,9,12,75.0,🟡,True,False,False,True,True,True,,False,True,True,True,True,,True
https://www.futbolperuano.com/liga-1/noticias/alianza-lima-jugara-un-amistoso-ante-palestino-durante-receso-de-liga-1-2026-601553,Joaquín Vásquez,liga-1,8,12,66.7,🟡,True,False,False,True,True,False,,False,True,True,True,True,,True
https://www.futbolperuano.com/copa-peru/noticias/copa-peru-patricio-arce-se-luce-con-un-doblete-en-la-etapa-nacional-601587,Stewart Luya,copa-peru,9,12,75.0,🟡,True,False,False,True,True,True,,False,True,True,True,True,,True
https://www.futbolperuano.com/mas-deportes/tenis/ignacio-buse-fue-elegido-como-suplente-del-team-mundial-para-la-laver-cup-2026-601558,Joaquín Vásquez,mas-deportes,9,12,75.0,🟡,True,False,False,True,True,False,,True,True,True,True,True,,True
https://www.futbolperuano.com/seleccion/noticias/dt-de-deportivo-garcilaso-revela-el-lamento-de-beto-da-silva-tras-no-ser-convocado-a-la-seleccion-peruana-601538,Gabriel Iberico,seleccion,8,12,66.7,🟡,True,False,False,True,True,False,,False,True,True,True,True,,True
https://www.futbolperuano.com/peruanos-en-el-exterior/noticias/jesus-pretell-ingreso-y-ldu-quito-remonto-ante-universidad-catolica-en-ecuador-601557,Joaquín Vásquez,peruanos-en-el-exterior,9,12,75.0,🟡,True,False,False,True,True,True,,False,True,True,True,True,,True
https://www.futbolperuano.com/copa-peru/noticias/copa-peru-2026-asi-se-jugara-la-tercera-jornada-de-la-etapa-nacional-601536,Gabriel Iberico,copa-peru,7,12,58.3,🔴,False,False,False,True,True,False,,False,True,True,True,True,,True
https://www.futbolperuano.com/seleccion/noticias/matias-cordova-advierte-con-pelearle-el-puesto-a-gallese-en-la-seleccion-peruana-601541,Gabriel Iberico,seleccion,8,12,66.7,🟡,True,False,False,True,True,False,,False,True,True,True,True,,True
https://www.futbolperuano.com/mas-deportes/noticias/rosalia-zegarra-la-atleta-peruana-que-busca-destacar-en-circuito-internacional-de-running-601648,Jorge Cruzalegui,mas-deportes,8,12,66.7,🟡,True,False,False,True,True,False,,False,True,True,True,True,,True
https://www.futbolperuano.com/liga-voley/partidos-de-pretemporada-de-la-liga-peruana-de-voley-2026-27-601624,Stewart Luya,liga-voley,10,12,83.3,🟢,True,True,False,True,True,True,,False,True,True,True,True,,True
https://www.futbolperuano.com/liga-1/noticias/portero-de-utc-jugo-de-delantero-en-la-derrota-ante-sport-huancayo-601519,Gabriel Iberico,liga-1,9,12,75.0,🟡,True,False,False,True,True,False,,True,True,True,True,True,,True
https://www.futbolperuano.com/copa-peru/noticias/bad-boys-vs-por-la-santa-fc-en-vivo-por-la-etapa-nacional-de-la-copa-peru-2026-601330,Gabriel Iberico,copa-peru,10,12,83.3,🟢,True,False,False,True,True,True,,True,True,True,True,True,,True
https://www.futbolperuano.com/peru/mas-del-futbol-peruano/estos-son-los-25-equipos-que-disputaran-el-campeonato-nacional-tradicion-copera-601594,Stewart Luya,peru,9,12,75.0,🟡,True,False,False,True,True,True,,False,True,True,True,True,,True
https://www.futbolperuano.com/copa-peru/noticias/copa-peru-2026-resultados-y-tablas-de-posiciones-de-la-fecha-2-de-la-etapa-nacional-601242,Gabriel Rey,copa-peru,8,12,66.7,🟡,True,False,False,True,True,True,,False,True,True,True,True,,False
https://www.futbolperuano.com/liga-1/noticias/hector-cuper-recibe-inesperado-mensaje-desde-el-plantel-de-universitario-de-deportes-601605,Joaquín Vásquez,liga-1,9,12,75.0,🟡,True,False,False,True,True,False,,True,True,True,True,True,,True
https://www.futbolperuano.com/copa-peru/noticias/juan-pablo-ii-vs-atletico-torino-en-vivo-online-por-la-fecha-2-de-la-etapa-nacional-de-la-copa-peru-2026-601391,Gabriel Rey,copa-peru,9,12,75.0,🟡,True,False,False,True,True,True,,False,True,True,True,True,,True
https://www.futbolperuano.com/liga-1/noticias/resultados-y-tabla-de-posiciones-de-la-fecha-10-del-torneo-clausura-601043,Stewart Luya,liga-1,9,12,75.0,🟡,True,False,False,True,True,True,,False,True,True,True,True,,True
https://www.futbolperuano.com/futbol-femenino/liga-femenina/liga-femenina-2026-como-se-jugaran-los-partidos-de-la-fecha-11-del-torneo-clausura-601523,Gabriel Rey,futbol-femenino,8,12,66.7,🟡,True,False,False,True,True,False,,False,True,True,True,True,,True
https://www.futbolperuano.com/futbol-femenino/liga-femenina/resultados-y-tabla-de-posiciones-de-fecha-10-del-torneo-clausura-de-liga-femenina-2026-601104,Jorge Cruzalegui,futbol-femenino,9,12,75.0,🟡,True,False,False,True,True,True,,False,True,True,True,True,,True
https://www.futbolperuano.com/copa-peru/noticias/el-combe-fc-vs-sport-river-en-vivo-por-la-etapa-nacional-de-la-copa-peru-2026-601329,Gabriel Iberico,copa-peru,9,12,75.0,🟡,True,False,False,True,True,True,,False,True,True,True,True,,True
https://www.futbolperuano.com/liga-3/noticias/resultados-y-tabla-de-posiciones-de-la-fecha-16-de-la-liga-3-601067,Stewart Luya,liga-3,10,12,83.3,🟢,True,True,False,True,True,True,,False,True,True,True,True,,True
https://www.futbolperuano.com/liga-1/noticias/por-que-sporting-cristal-podria-quedar-fuera-de-los-playoffs-aunque-gane-el-torneo-clausura-601524,Gabriel Iberico,liga-1,8,12,66.7,🟡,True,False,False,True,True,False,,False,True,True,True,True,,True
https://www.futbolperuano.com/liga-1/noticias/liga-1-2026-conoce-cuando-se-reanudara-el-torneo-clausura-y-cuales-seran-los-partidos-de-la-fecha-11-601505,Gabriel Rey,liga-1,8,12,66.7,🟡,True,False,False,True,True,False,,False,True,True,True,True,,True
https://www.futbolperuano.com/futbol-femenino/liga-femenina/alianza-lima-derrota-a-sporting-cristal-y-conserva-invicto-en-torneo-clausura-de-liga-femenina-2026-601515,Jorge Cruzalegui,futbol-femenino,8,12,66.7,🟡,True,False,False,True,True,True,,False,True,False,True,True,,True
https://www.futbolperuano.com/liga-3/noticias/cultural-volante-vs-juan-aurich-en-vivo-online-por-fecha-16-de-liga-3-2026-601382,Jorge Cruzalegui,liga-3,9,12,75.0,🟡,True,False,False,True,True,False,,True,True,True,True,True,,True
https://www.futbolperuano.com/liga-3/noticias/ecosem-pasco-vs-nuevo-san-cristobal-en-vivo-online-por-fecha-16-de-liga-3-2026-601370,Jorge Cruzalegui,liga-3,9,12,75.0,🟡,True,False,False,True,True,False,,True,True,True,True,True,,True
https://www.futbolperuano.com/copa-peru/noticias/estrella-roja-vs-domingo-dianderas-en-vivo-por-la-etapa-nacional-de-la-copa-peru-2026-601328,Gabriel Iberico,copa-peru,9,12,75.0,🟡,True,False,False,True,True,True,,False,True,True,True,True,,True
https://www.futbolperuano.com/liga-1/noticias/juan-pablo-ii-vs-deportivo-moquegua-en-vivo-online-por-la-fecha-10-del-torneo-clausura-de-la-liga-1-2026-601404,Gabriel Rey,liga-1,9,12,75.0,🟡,True,False,False,True,True,False,,True,True,True,True,True,,True
https://www.futbolperuano.com/copa-de-la-liga/noticias/fecha-hora-y-canal-del-adt-de-tarma-vs-sporting-cristal-por-la-copa-de-la-liga-601579,Stewart Luya,copa-de-la-liga,10,12,83.3,🟢,True,False,False,True,True,True,,True,True,True,True,True,,True
https://www.futbolperuano.com/seleccion/noticias/seleccion-peruana-andre-carrillo-enciende-las-alarmas-antes-de-la-fecha-fifa-601517,Gabriel Iberico,seleccion,8,12,66.7,🟡,True,False,False,True,True,False,,False,True,True,True,True,,True
https://www.futbolperuano.com/liga-1/noticias/franco-velazco-y-su-fuerte-mensaje-tras-dura-derrota-de-universitario-ante-deportivo-garcilaso-601508,Gabriel Iberico,liga-1,9,12,75.0,🟡,True,False,False,True,True,False,,True,True,True,True,True,,True
https://www.futbolperuano.com/partidos-por-tv/noticias/programacion-de-hoy-lunes-21-de-septiembre-de-2026-horarios-del-futbol-en-vivo-por-television-en-el-peru-601498,Gabriel Iberico,partidos-por-tv,8,12,66.7,🟡,True,False,False,True,True,False,,False,True,True,True,True,,True
https://www.futbolperuano.com/peruanos-en-el-exterior/noticias/juan-reynoso-perdio-en-su-debut-como-nuevo-tecnico-de-club-necaxa-en-la-liga-mx-601501,Jorge Cruzalegui,peruanos-en-el-exterior,8,12,66.7,🟡,True,False,False,True,True,False,,False,True,True,True,True,,True
https://www.futbolperuano.com/liga-1/noticias/sport-huancayo-vs-utc-en-vivo-por-el-torneo-clausura-601278,Stewart Luya,liga-1,10,12,83.3,🟢,True,True,False,True,True,False,,True,True,True,True,True,,True
https://www.futbolperuano.com/liga-1/noticias/el-plan-de-pablo-guede-en-alianza-lima-para-aprovechar-el-receso-de-20-dias-y-llegar-con-mas-fuerza-al-tramo-decisivo-del-clausura-601488,Gabriel Rey,liga-1,8,12,66.7,🟡,True,False,False,True,True,False,,False,True,True,True,True,,True
https://www.futbolperuano.com/copa-peru/noticias/sport-ancash-vs-atletico-evza-en-vivo-por-la-copa-peru-601266,Stewart Luya,copa-peru,10,12,83.3,🟢,True,True,False,True,True,False,,True,True,True,True,True,,True
https://www.futbolperuano.com/liga-1/noticias/bryan-reyna-mostro-su-enojo-por-no-ser-considerado-en-universitario-de-deportes-601457,Jorge Cruzalegui,liga-1,9,12,75.0,🟡,True,False,False,True,True,False,,True,True,True,True,True,,True
https://www.futbolperuano.com/peruanos-en-el-exterior/noticias/erick-noriega-fue-amonestado-en-el-empate-entre-gremio-y-palmeiras-601468,Stewart Luya,peruanos-en-el-exterior,9,12,75.0,🟡,True,False,False,True,True,True,,False,True,True,True,True,,True
https://www.futbolperuano.com/seleccion/noticias/seleccion-peruana-podria-despedir-el-2026-con-amistosos-en-cusco-y-arequipa-601481,Jorge Cruzalegui,seleccion,9,12,75.0,🟡,True,False,False,True,True,False,,True,True,True,True,True,,True
https://www.futbolperuano.com/seleccion/noticias/la-explicacion-de-jean-ferrari-por-la-ausencia-de-beto-da-silva-en-la-convocatoria-de-mano-menezes-para-los-amistosos-de-peru-601475,Gabriel Rey,seleccion,7,12,58.3,🔴,True,False,False,True,True,False,,False,True,True,True,True,,False
https://www.futbolperuano.com/peru/mas-del-futbol-peruano/huanuco-tendra-dos-representantes-en-el-campeonato-nacional-tradicion-copera-601462,Stewart Luya,peru,9,12,75.0,🟡,True,False,False,True,True,True,,False,True,True,True,True,,True
https://www.futbolperuano.com/seleccion/noticias/jugador-de-deportivo-garcilaso-cuestiono-ausencia-de-companeros-en-seleccion-peruana-601473,Jorge Cruzalegui,seleccion,8,12,66.7,🟡,True,False,False,True,True,False,,False,True,True,True,True,,True
https://www.futbolperuano.com/peruanos-en-el-exterior/noticias/marcos-lopez-destaco-en-la-victoria-de-copenhague-que-sigue-lider-en-dinamarca-601463,Jorge Cruzalegui,peruanos-en-el-exterior,8,12,66.7,🟡,True,False,False,True,True,True,,False,True,False,True,True,,True
https://www.futbolperuano.com/peruanos-en-el-exterior/noticias/pedro-gallese-se-luce-en-la-goleada-del-deportivo-cali-en-colombia-601448,Stewart Luya,peruanos-en-el-exterior,9,12,75.0,🟡,True,False,False,True,True,True,,False,True,True,True,True,,True
https://www.futbolperuano.com/peru/mas-del-futbol-peruano/octavio-espinosa-de-ica-disputara-el-campeonato-nacional-tradicion-copera-601455,Stewart Luya,peru,9,12,75.0,🟡,True,False,False,True,True,True,,False,True,True,True,True,,True
https://www.futbolperuano.com/seleccion/noticias/fabio-gruber-sufrio-una-lesion-y-se-perdera-los-amistosos-de-peru-601451,Stewart Luya,seleccion,9,12,75.0,🟡,True,True,False,True,True,False,,False,True,True,True,True,,True
https://www.futbolperuano.com/copa-sudamericana/noticias/santiago-arias-se-retracto-de-sus-declaraciones-tras-la-eliminacion-de-cienciano-de-copa-sudamericana-601430,Joaquín Vásquez,copa-sudamericana,7,12,58.3,🔴,True,False,False,True,True,False,,False,True,True,True,False,,True
https://www.futbolperuano.com/home/programacion-de-hoy-domingo-20-de-septiembre-de-2026-horarios-del-futbol-en-vivo-por-television-en-el-peru-601383,Joaquín Vásquez,home,10,12,83.3,🟢,True,False,False,True,True,True,,True,True,True,True,True,,True
https://www.futbolperuano.com/mas-deportes/tenis/copa-davis-2026-resultados-de-peru-vs-paraguay-y-todos-los-partidos-de-la-serie-en-el-jockey-club-601310,Gabriel Rey,mas-deportes,9,12,75.0,🟡,True,False,False,True,True,False,,True,True,True,True,True,,True
https://www.futbolperuano.com/liga-1/noticias/universitario-de-deportes-perdio-4-0-y-hector-cuper-queda-bajo-la-lupa-tras-la-dura-derrota-601429,Joaquín Vásquez,liga-1,8,12,66.7,🟡,True,False,False,True,True,False,,False,True,True,True,True,,True
https://www.futbolperuano.com/liga-1/noticias/deportivo-garcilaso-vs-universitario-en-vivo-por-el-torneo-clausura-de-la-liga-1-2026-601327,Gabriel Iberico,liga-1,9,12,75.0,🟡,True,False,False,True,True,False,,True,True,True,True,True,,True
https://www.futbolperuano.com/peruanos-en-el-exterior/noticias/renato-tapia-fue-titular-y-al-wasl-vencio-3-2-a-al-ain-por-la-league-cup-601406,Joaquín Vásquez,peruanos-en-el-exterior,9,12,75.0,🟡,True,False,False,True,True,True,,False,True,True,True,True,,True
https://www.futbolperuano.com/liga-1/noticias/fbc-melgar-vs-sport-boys-en-vivo-por-la-fecha-10-del-torneo-clausura-601188,Joaquín Vásquez,liga-1,9,12,75.0,🟡,True,False,False,True,True,False,,True,True,True,True,True,,True
https://www.futbolperuano.com/liga-1/noticias/tres-triunfos-seguidos-y-un-mensaje-de-michael-hoyos-que-ilusiona-a-sporting-cristal-601425,Joaquín Vásquez,liga-1,9,12,75.0,🟡,True,False,False,True,True,True,,False,True,True,True,True,,True
https://www.futbolperuano.com/seleccion/noticias/peru-cerro-su-participacion-en-el-noveno-lugar-de-la-liga-evolucion-femenina-sub-15-601415,Gabriel Iberico,seleccion,9,12,75.0,🟡,True,False,False,True,True,False,,True,True,True,True,True,,True
https://www.futbolperuano.com/mas-deportes/noticias/angelo-caro-consiguio-oro-para-peru-en-juegos-suramericanos-2026-y-campeon-skateboarding-601411,Joaquín Vásquez,mas-deportes,8,12,66.7,🟡,True,False,False,True,True,False,,False,True,True,True,True,,True
https://www.futbolperuano.com/futbol-femenino/liga-femenina/universitario-de-deportes-mantiene-su-gran-momento-y-derrota-a-fc-killas-para-seguir-en-la-pelea-por-la-clasificacion-directa-601408,Gabriel Rey,futbol-femenino,8,12,66.7,🟡,True,False,False,True,True,True,,False,True,False,True,True,,True
https://www.futbolperuano.com/liga-voley/resultados-de-la-brasil-cup-con-alianza-lima-fluminense-gerdau-minas-y-osasco-600906,Stewart Luya,liga-voley,9,12,75.0,🟡,True,False,False,True,True,True,,False,True,True,True,True,,True
https://www.futbolperuano.com/peruanos-en-el-exterior/noticias/adrian-ugarriza-hapoel-beer-sheva-gano-antes-jugar-con-seleccion-peruana-601402,Joaquín Vásquez,peruanos-en-el-exterior,8,12,66.7,🟡,True,False,False,True,True,False,,False,True,True,True,True,,True
https://www.futbolperuano.com/liga-1/noticias/sporting-cristal-vs-atletico-grau-en-vivo-online-por-la-fecha-10-del-torneo-clausura-de-la-liga-1-2026-601315,Gabriel Rey,liga-1,9,12,75.0,🟡,True,False,False,True,True,True,,False,True,True,True,True,,True
https://www.futbolperuano.com/futbol-femenino/liga-femenina/flamengo-fbc-se-impuso-a-club-unsaac-y-regreso-al-triunfo-en-liga-femenina-2026-601396,Jorge Cruzalegui,futbol-femenino,9,12,75.0,🟡,True,False,False,True,True,True,,False,True,True,True,True,,True
https://www.futbolperuano.com/peruanos-en-el-exterior/noticias/wilder-cartagena-no-la-paso-bien-con-el-orlando-city-en-la-mls-601450,Stewart Luya,peruanos-en-el-exterior,10,12,83.3,🟢,True,True,False,True,True,True,,False,True,True,True,True,,True
https://www.futbolperuano.com/seleccion/noticias/buenas-noticias-para-peru-canada-no-convoco-a-su-maxima-estrella-para-el-amistoso-ante-la-bicolor-601407,Gabriel Iberico,seleccion,8,12,66.7,🟡,True,False,False,True,True,True,,False,True,True,True,False,,True
https://www.futbolperuano.com/liga-2/noticias/alianza-universidad-anuncio-el-regreso-de-omar-vasquez-para-la-fase-final-de-la-liga-2-601409,Joaquín Vásquez,liga-2,8,12,66.7,🟡,True,False,False,True,True,False,,False,True,True,True,True,,True
https://www.futbolperuano.com/seleccion/noticias/sin-sus-estrellas-colombia-presenta-grandes-ausencias-para-medirse-ante-la-seleccion-peruana-601412,Gabriel Iberico,seleccion,8,12,66.7,🟡,True,False,False,True,True,True,,False,True,True,True,False,,True
https://www.futbolperuano.com/liga-voley/alianza-lima-cayo-ante-fluminense-y-termino-en-el-cuarto-lugar-de-la-brasil-cup-2026-601403,Gabriel Iberico,liga-voley,8,12,66.7,🟡,True,False,False,True,True,False,,False,True,True,True,True,,True
https://www.futbolperuano.com/seleccion/noticias/atencion-peru-mexico-ya-tiene-a-sus-elegidos-para-enfrentar-a-la-bicolor-601397,Gabriel Iberico,seleccion,8,12,66.7,🟡,True,False,False,True,True,True,,False,True,True,True,False,,True
https://www.futbolperuano.com/liga-1/noticias/pablo-guede-respalda-a-alejandro-duarte-tras-su-error-en-el-clasico-y-destaca-su-reaccion-ante-adt-601367,Gabriel Rey,liga-1,9,12,75.0,🟡,True,False,False,True,True,True,,False,True,True,True,True,,True
https://www.futbolperuano.com/peruanos-en-el-exterior/noticias/sergio-pena-fue-titular-y-disputo-todo-el-partido-en-la-derrota-de-ofk-beograd-601395,Joaquín Vásquez,peruanos-en-el-exterior,8,12,66.7,🟡,True,False,False,True,True,False,,False,True,True,True,True,,True
https://www.futbolperuano.com/seleccion/noticias/oslimg-mora-vuelve-a-la-seleccion-peruana-y-explico-como-su-nueva-posicion-fue-clave-para-su-convocatoria-601376,Gabriel Rey,seleccion,8,12,66.7,🟡,True,False,False,True,True,False,,False,True,True,True,True,,True
https://www.futbolperuano.com/liga-1/noticias/fc-cajamarca-vs-cusco-fc-en-vivo-online-por-fecha-10-del-torneo-clausura-de-liga-1-2026-601121,Jorge Cruzalegui,liga-1,9,12,75.0,🟡,True,False,False,True,True,False,,True,True,True,True,True,,True
https://www.futbolperuano.com/liga-1/noticias/pablo-guede-confirma-tres-preocupantes-bajas-en-alianza-lima-esta-roto-601381,Gabriel Iberico,liga-1,8,12,66.7,🟡,True,False,False,True,True,False,,False,True,True,True,True,,True
https://www.futbolperuano.com/seleccion/noticias/con-raices-peruanas-los-convocados-de-estados-unidos-para-medirse-ante-la-bicolor-601390,Gabriel Iberico,seleccion,8,12,66.7,🟡,True,False,False,True,True,True,,False,True,True,True,False,,True
https://www.futbolperuano.com/peruanos-en-el-exterior/noticias/oliver-sonne-y-burnley-continuan-en-el-fondo-de-la-championship-601364,Jorge Cruzalegui,peruanos-en-el-exterior,10,12,83.3,🟢,True,True,False,True,True,True,,False,True,True,True,True,,True
https://www.futbolperuano.com/home/noticias/programacion-de-hoy-domingo-13-de-septiembre-de-2026-horarios-del-futbol-en-vivo-por-television-en-el-peru-600345,Joaquín Vásquez,home,8,12,66.7,🟡,True,False,False,True,True,False,,False,True,True,True,True,,True
https://www.futbolperuano.com/futbol-femenino/horarios-de-universitario-en-la-fase-de-grupos-de-copa-libertadores-femenina-2026-601353,Jorge Cruzalegui,futbol-femenino,10,12,83.3,🟢,True,False,False,True,True,True,,True,True,True,True,True,,True
https://www.futbolperuano.com/liga-1/noticias/pablo-guede-explico-la-presencia-de-kevin-quevedo-en-primer-equipo-de-alianza-lima-601348,Jorge Cruzalegui,liga-1,9,12,75.0,🟡,True,False,False,True,True,False,,True,True,True,True,True,,True
https://www.futbolperuano.com/liga-1/noticias/probables-alineaciones-del-deportivo-garcilaso-vs-universitario-por-la-fecha-10-del-torneo-clausura-de-la-liga-1-2026-601361,Gabriel Rey,liga-1,9,12,75.0,🟡,True,False,False,True,True,True,,False,True,True,True,True,,True
https://www.futbolperuano.com/liga-1/noticias/alianza-lima-vs-adt-de-tarma-en-vivo-por-el-torneo-clausura-601023,Stewart Luya,liga-1,10,12,83.3,🟢,True,True,False,True,True,False,,True,True,True,True,True,,True
https://www.futbolperuano.com/peruanos-en-el-exterior/noticias/con-el-defensor-fabio-gruber-mainz-volvio-al-triunfo-en-la-bundesliga-601358,Jorge Cruzalegui,peruanos-en-el-exterior,9,12,75.0,🟡,True,False,False,True,True,False,,True,True,True,True,True,,True
https://www.futbolperuano.com/seleccion/noticias/pablo-guede-lo-relego-del-plantel-de-alianza-lima-y-ahora-es-figura-de-la-seleccion-peruana-601323,Gabriel Iberico,seleccion,9,12,75.0,🟡,True,False,False,True,True,False,,True,True,True,True,True,,True
https://www.futbolperuano.com/seleccion/noticias/mano-menezes-revela-si-renato-tapia-podria-volver-a-la-seleccion-peruana-601317,Gabriel Iberico,seleccion,9,12,75.0,🟡,True,False,False,True,True,True,,False,True,True,True,True,,True
https://www.futbolperuano.com/liga-1/noticias/alianza-atletico-vs-comerciantes-unidos-en-vivo-por-el-torneo-clausura-601037,Stewart Luya,liga-1,9,12,75.0,🟡,True,False,False,True,True,False,,True,True,True,True,True,,True
https://www.futbolperuano.com/liga-voley/alianza-lima-vs-gerdau-minas-en-vivo-por-la-brasil-cup-2026-600855,Stewart Luya,liga-voley,11,12,91.7,🟢,True,True,False,True,True,True,,True,True,True,True,True,,True
https://www.futbolperuano.com/futbol-de-menores/peru-se-recupero-en-los-juegos-suramericanos-santa-fe-2026-y-derroto-a-un-chile-que-habia-comenzado-con-victoria-en-el-grupo-a-601251,Gabriel Rey,futbol-de-menores,9,12,75.0,🟡,True,False,False,True,True,True,,False,True,True,True,True,,True
https://www.futbolperuano.com/peru/mas-del-futbol-peruano/tradicion-copera-2026-suma-a-sport-ancash-historico-club-que-buscara-un-lugar-en-la-liga-3-601288,Gabriel Rey,peru,10,12,83.3,🟢,True,False,True,True,True,True,,False,True,True,True,True,,True
https://www.futbolperuano.com/seleccion/noticias/felipe-chavez-jugo-con-magdeburgo-y-crece-la-duda-por-su-ausencia-en-la-seleccion-peruana-601280,Gabriel Iberico,seleccion,9,12,75.0,🟡,True,False,False,True,True,False,,True,True,True,True,True,,True
https://www.futbolperuano.com/seleccion/noticias/seleccion-peruanas-joyas-peruanas-que-han-sido-convocados-por-otros-seleccionados-para-esta-fecha-fifa-601302,Gabriel Iberico,seleccion,9,12,75.0,🟡,True,False,False,True,True,False,,True,True,True,True,True,,True
https://www.futbolperuano.com/liga-3/noticias/liga-3-asa-fc-presento-a-su-nuevo-director-tecnico-601290,Stewart Luya,liga-3,10,12,83.3,🟢,True,True,False,True,True,True,,False,True,True,True,True,,True
https://www.futbolperuano.com/seleccion/noticias/diego-kochen-portero-de-raices-peruanas-fue-convocado-por-estados-unidos-y-podria-enfrentarse-a-la-bicolor-601291,Gabriel Iberico,seleccion,9,12,75.0,🟡,True,False,False,True,True,False,,True,True,True,True,True,,True
https://www.futbolperuano.com/futbol-femenino/liga-femenina/melgar-se-impuso-2-1-carlos-mannucci-por-fecha-10-torneo-clausura-liga-femenina-2026-601247,Joaquín Vásquez,futbol-femenino,8,12,66.7,🟡,True,False,False,True,True,True,,False,True,True,True,False,,True
https://www.futbolperuano.com/partidos-por-tv/noticias/programacion-de-hoy-sabado-19-de-septiembre-de-2026-horarios-del-futbol-en-vivo-por-television-en-el-peru-601263,Gabriel Iberico,partidos-por-tv,8,12,66.7,🟡,True,False,False,True,True,False,,False,True,True,True,True,,True
https://www.futbolperuano.com/liga-1/noticias/alianza-lima-vs-adt-alineaciones-por-la-fecha-10-del-torneo-clausura-de-la-liga-1-601217,Gabriel Rey,liga-1,8,12,66.7,🟡,True,False,False,True,True,True,,False,True,True,True,True,,False
https://www.futbolperuano.com/seleccion/noticias/wilder-cartagena-revelo-lo-que-significa-volver-a-la-seleccion-peruana-para-los-amistosos-601183,Joaquín Vásquez,seleccion,9,12,75.0,🟡,True,False,False,True,True,False,,True,True,True,True,True,,True
https://www.futbolperuano.com/liga-1/noticias/kevin-quevedo-vuelve-a-ser-convocado-alianza-lima-vs-adt-por-la-liga-1-601158,Joaquín Vásquez,liga-1,8,12,66.7,🟡,True,False,False,True,True,False,,False,True,True,True,True,,True
https://www.futbolperuano.com/liga-1/noticias/universitario-de-deportes-y-los-jugadores-que-vuelven-a-convocatoria-deportivo-garcilaso-601171,Joaquín Vásquez,liga-1,9,12,75.0,🟡,True,False,False,True,True,False,,True,True,True,True,True,,True
https://www.futbolperuano.com/futsal/resultados-y-tablas-de-posiciones-de-fecha-2-de-primera-etapa-de-futsal-pro-2026-600752,Jorge Cruzalegui,futsal,9,12,75.0,🟡,True,False,False,True,True,True,,False,True,True,True,True,,True
https://www.futbolperuano.com/partidos-por-tv/noticias/programacion-de-partidos-por-tv-del-viernes-18-de-septiembre-del-2026-601057,Jorge Cruzalegui,partidos-por-tv,9,12,75.0,🟡,True,False,False,True,True,True,,False,True,True,True,True,,True
https://www.futbolperuano.com/copa-libertadores/noticias/resultados-de-los-cuartos-de-final-de-vuelta-de-la-copa-libertadores-2026-600737,Jorge Cruzalegui,copa-libertadores,9,12,75.0,🟡,True,False,False,True,True,True,,False,True,True,True,True,,True
https://www.futbolperuano.com/copa-sudamericana/noticias/montevideo-city-se-burlo-de-cienciano-tras-eliminarlo-de-copa-sudamericana-601152,Joaquín Vásquez,copa-sudamericana,7,12,58.3,🔴,True,False,False,True,True,False,,False,True,True,True,False,,True
https://www.futbolperuano.com/liga-1/noticias/sporting-cristal-eligio-el-estadio-alberto-gallardo-recibir-a-alianza-lima-por-liga-1-601165,Joaquín Vásquez,liga-1,8,12,66.7,🟡,True,False,False,True,True,False,,False,True,True,True,True,,True
https://www.futbolperuano.com/liga-1/noticias/deportivo-garcilaso-vs-universitario-fecha-hora-y-canal-por-fecha-10-del-torneo-clausura-2026-601092,Jorge Cruzalegui,liga-1,8,12,66.7,🟡,True,False,False,True,True,False,,False,True,True,True,True,,True
https://www.futbolperuano.com/copa-sudamericana/noticias/los-resultados-de-la-vuelta-de-cuartos-de-final-de-copa-sudamericana-2026-600729,Jorge Cruzalegui,copa-sudamericana,9,12,75.0,🟡,True,False,False,True,True,True,,False,True,True,True,True,,True
https://www.futbolperuano.com/seleccion/noticias/mano-menezes-presento-la-lista-de-convocados-de-peru-para-sus-proximos-amistosos-600997,Joaquín Vásquez,seleccion,9,12,75.0,🟡,True,False,False,True,True,True,,False,True,True,True,True,,True
https://www.futbolperuano.com/liga-1/noticias/sporting-cristal-sorprendio-con-su-nueva-camiseta-de-coleccion-inspirada-en-la-decada-de-los-70-601016,Joaquín Vásquez,liga-1,9,12,75.0,🟡,True,False,False,True,True,False,,True,True,True,True,True,,True
https://www.futbolperuano.com/futbol-femenino/liga-femenina/liga-femenina-confirman-tres-descensos-y-cambia-el-panorama-a-dos-fechas-del-final-600980,Joaquín Vásquez,futbol-femenino,9,12,75.0,🟡,True,False,False,True,True,True,,False,True,True,True,True,,True
https://www.futbolperuano.com/seleccion/noticias/seleccion-peruana-principales-ausencias-en-convocatoria-de-manos-menezes-601072,Jorge Cruzalegui,seleccion,10,12,83.3,🟢,True,False,False,True,True,True,,True,True,True,True,True,,True
https://www.futbolperuano.com/peru/mas-del-futbol-peruano/un-historico-equipo-de-lima-se-suma-a-tradicion-copera-2026-601015,Stewart Luya,peru,10,12,83.3,🟢,True,True,False,True,True,True,,False,True,True,True,True,,True
https://www.futbolperuano.com/futbol-de-menores/seleccion-peruana-jugara-en-el-mundial-sub-15-de-azerbaiyan-y-su-fixture-completo-601147,Joaquín Vásquez,futbol-de-menores,9,12,75.0,🟡,True,False,False,True,True,False,,True,True,True,True,True,,True
https://www.futbolperuano.com/copa-sudamericana/noticias/cienciano-quedo-eliminado-y-horacio-melgarejo-dejo-contundente-mensaje-601142,Joaquín Vásquez,copa-sudamericana,7,12,58.3,🔴,True,False,False,True,True,False,,False,True,True,True,False,,True
https://www.futbolperuano.com/liga-1/noticias/la-respuesta-de-emilio-saba-sobre-peru-tras-su-nueva-convocatoria-con-palestina-600973,Joaquín Vásquez,liga-1,8,12,66.7,🟡,True,False,False,True,True,False,,False,True,True,True,True,,True
https://www.futbolperuano.com/partidos-por-tv/noticias/programacion-de-partidos-por-tv-del-jueves-17-de-septiembre-600948,Gabriel Rey,partidos-por-tv,10,12,83.3,🟢,True,True,False,True,True,True,,False,True,True,True,True,,True
https://www.futbolperuano.com/seleccion/noticias/rodrigo-vilca-y-matias-cordova-fueron-convocados-por-seleccion-peruana-para-los-amistosos-601002,Joaquín Vásquez,seleccion,8,12,66.7,🟡,True,False,False,True,True,False,,False,True,True,True,True,,True
https://www.futbolperuano.com/peruanos-en-el-exterior/noticias/yordy-reyna-y-rodina-moscu-empataron-y-siguen-cerca-de-la-zona-de-descenso-600964,Joaquín Vásquez,peruanos-en-el-exterior,8,12,66.7,🟡,True,False,False,True,True,False,,False,True,True,True,True,,True
https://www.futbolperuano.com/liga-1/noticias/liga-1-confirmo-a-los-jugadores-suspendidos-para-la-fecha-10-del-clausura-601162,Joaquín Vásquez,liga-1,8,12,66.7,🟡,True,False,False,True,True,False,,False,True,True,True,True,,True
https://www.futbolperuano.com/peruanos-en-el-exterior/noticias/wilder-cartagena-jugo-el-segundo-tiempo-y-orlando-city-quedo-fuera-de-la-us-open-cup-600961,Joaquín Vásquez,peruanos-en-el-exterior,8,12,66.7,🟡,True,False,False,True,True,False,,False,True,True,True,True,,True
https://www.futbolperuano.com/peruanos-en-el-exterior/noticias/erick-noriega-no-pudo-evitar-una-nueva-derrota-de-gremio-y-salio-sustituido-tras-un-complicado-partido-ante-botafogo-600932,Gabriel Rey,peruanos-en-el-exterior,9,12,75.0,🟡,True,False,False,True,True,True,,False,True,True,True,True,,True
https://www.futbolperuano.com/liga-1/noticias/matias-di-benedetto-se-pierde-el-duelo-de-universitario-ante-deportivo-garcilaso-por-liga-1-600965,Joaquín Vásquez,liga-1,9,12,75.0,🟡,True,False,False,True,True,True,,False,True,True,True,True,,True
https://www.futbolperuano.com/seleccion/noticias/quien-es-piero-magallanes-el-delantero-de-sport-huancayo-convocado-a-la-seleccion-peruana-601083,Jorge Cruzalegui,seleccion,9,12,75.0,🟡,True,False,False,True,True,True,,False,True,True,True,True,,True
https://www.futbolperuano.com/liga-voley/alianza-lima-presento-a-su-refuerzo-olimpico-para-la-temporada-2026-27-601089,Stewart Luya,liga-voley,9,12,75.0,🟡,True,False,False,True,True,False,,True,True,True,True,True,,True
https://www.futbolperuano.com/copa-libertadores/noticias/ldu-de-quito-vs-palmeiras-en-vivo-por-la-copa-libertadores-600730,Stewart Luya,copa-libertadores,10,12,83.3,🟢,True,True,False,True,True,False,,True,True,True,True,True,,True
https://www.futbolperuano.com/mas-deportes/tenis/peru-vs-paraguay-por-copa-davis-canal-de-tv-y-plataforma-que-transmitiran-la-serie-por-el-grupo-mundial-1-600923,Gabriel Rey,mas-deportes,8,12,66.7,🟡,True,False,False,True,True,True,,False,True,True,True,True,,False
https://www.futbolperuano.com/copa-peru/noticias/copa-peru-fechas-y-horarios-confirmados-de-la-fecha-2-de-la-etapa-nacional-600894,Stewart Luya,copa-peru,9,12,75.0,🟡,True,False,False,True,True,True,,False,True,True,True,True,,True
https://www.futbolperuano.com/liga-1/noticias/gustavo-peralta-promete-tatuarse-el-escudo-de-sport-boys-si-el-equipo-sale-campeon-600907,Gabriel Rey,liga-1,7,12,58.3,🔴,True,False,False,True,True,False,,False,True,True,True,True,,False
https://www.futbolperuano.com/seleccion/noticias/renato-tapia-no-estara-en-la-convocatoria-de-peru-600909,Gabriel Iberico,seleccion,9,12,75.0,🟡,True,False,False,True,True,False,,True,True,True,True,True,,True
https://www.futbolperuano.com/liga-1/noticias/liga-1-se-revelaron-los-arbitros-que-dejaran-de-ser-fifa-para-el-2027-600859,Gabriel Iberico,liga-1,8,12,66.7,🟡,True,False,False,True,True,False,,False,True,True,True,True,,True
https://www.futbolperuano.com/liga-1/noticias/alianza-lima-define-lo-que-pasara-con-el-futuro-de-alejandro-duarte-600902,Gabriel Iberico,liga-1,9,12,75.0,🟡,True,False,False,True,True,False,,True,True,True,True,True,,True
https://www.futbolperuano.com/copa-sudamericana/noticias/montevideo-city-vs-cienciano-en-vivo-online-por-vuelta-de-cuartos-de-final-de-copa-sudamericana-2026-600770,Jorge Cruzalegui,copa-sudamericana,9,12,75.0,🟡,True,False,False,True,True,False,,True,True,True,True,True,,True
https://www.futbolperuano.com/peru/mas-del-futbol-peruano/tradicion-copera-suma-a-su-decimoprimer-equipo-y-el-historico-venus-de-huacho-se-une-a-la-lucha-por-la-liga-3-2027-600936,Gabriel Rey,peru,9,12,75.0,🟡,True,False,False,True,True,True,,False,True,True,True,True,,True
https://www.futbolperuano.com/liga-1/noticias/liga-1-se-conocieron-las-fechas-de-semifinales-y-final-para-definir-al-campeon-del-2026-600877,Gabriel Iberico,liga-1,9,12,75.0,🟡,True,False,False,True,True,False,,True,True,True,True,True,,True
https://www.futbolperuano.com/peru/mas-del-futbol-peruano/arequipa-tendra-presencia-en-el-campeonato-nacional-tradicion-copera-2026-601001,Stewart Luya,peru,9,12,75.0,🟡,True,False,False,True,True,True,,False,True,True,True,True,,True
https://www.futbolperuano.com/copa-sudamericana/noticias/kevin-becerra-revela-la-clave-de-cienciano-para-buscar-la-clasificacion-ante-montevideo-city-por-la-copa-sudamericana-600895,Gabriel Rey,copa-sudamericana,9,12,75.0,🟡,True,False,False,True,True,True,,False,True,True,True,True,,True
https://www.futbolperuano.com/peruanos-en-el-exterior/noticias/marco-saravia-volvio-al-once-titular-y-progreso-termino-eliminado-de-la-copa-uruguay-600962,Joaquín Vásquez,peruanos-en-el-exterior,8,12,66.7,🟡,True,False,False,True,True,True,,False,True,True,True,False,,True
https://www.futbolperuano.com/peruanos-en-el-exterior/noticias/joao-grimaldo-volvio-al-banco-en-el-triunfo-del-sparta-praga-en-la-europa-league-600924,Gabriel Iberico,peruanos-en-el-exterior,8,12,66.7,🟡,True,False,False,True,True,False,,False,True,True,True,True,,True
https://www.futbolperuano.com/copa-libertadores/noticias/corinthians-de-andre-carrillo-vs-estudiantes-de-la-plata-en-vivo-online-por-la-vuelta-de-los-cuartos-de-final-de-la-libertadores-2026-600679,Gabriel Rey,copa-libertadores,10,12,83.3,🟢,True,False,False,True,True,True,,True,True,True,True,True,,True
https://www.futbolperuano.com/liga-1/noticias/marca-que-fue-patrocinador-de-alianza-lima-se-burla-del-club-600890,Gabriel Iberico,liga-1,10,12,83.3,🟢,True,True,False,True,True,False,,True,True,True,True,True,,True
https://www.futbolperuano.com/liga-voley/aixa-vigil-deja-un-contundente-mensaje-tras-la-participacion-de-peru-en-el-sudamericano-600870,Stewart Luya,liga-voley,8,12,66.7,🟡,True,False,False,True,True,True,,False,True,True,True,False,,True
https://www.futbolperuano.com/peruanos-en-el-exterior/noticias/adrian-ugarriza-y-matteo-perez-vinlof-vieron-desde-el-banco-el-empate-en-europa-league-600918,Gabriel Iberico,peruanos-en-el-exterior,10,12,83.3,🟢,True,False,False,True,True,True,,True,True,True,True,True,,True
https://www.futbolperuano.com/liga-1/noticias/sport-boys-soluciono-el-problema-y-podra-usar-a-tres-jugadores-ante-melgar-600862,Joaquín Vásquez,liga-1,8,12,66.7,🟡,True,False,False,True,True,False,,False,True,True,True,True,,True
https://www.futbolperuano.com/liga-voley/universidad-san-martin-confirmo-a-su-rival-para-la-gala-santa-600880,Stewart Luya,liga-voley,10,12,83.3,🟢,True,True,False,True,True,True,,False,True,True,True,True,,True
https://www.futbolperuano.com/peru/mas-del-futbol-peruano/cuando-inicia-el-campeonato-nacional-tradicion-copera-2026-601008,Stewart Luya,peru,10,12,83.3,🟢,True,True,False,True,True,True,,False,True,True,True,True,,True
https://www.futbolperuano.com/liga-voley/alianza-lima-cenaida-uribe-desmiente-a-gino-vegas-600821,Stewart Luya,liga-voley,10,12,83.3,🟢,True,True,False,True,True,True,,False,True,True,True,True,,True
https://www.futbolperuano.com/liga-1/noticias/alianza-atletico-vs-comerciantes-unidos-se-jugara-a-puertas-cerradas-por-la-fecha-10-del-torneo-clausura-600820,Joaquín Vásquez,liga-1,8,12,66.7,🟡,True,False,False,True,True,False,,False,True,True,True,True,,True
https://www.futbolperuano.com/liga-2/noticias/ada-jaen-se-refuerza-con-mauricio-matzuda-y-juan-tuesta-para-la-segunda-fase-de-liga-2-600841,Joaquín Vásquez,liga-2,8,12,66.7,🟡,True,False,False,True,True,False,,False,True,True,True,True,,True
https://www.futbolperuano.com/peruanos-en-el-exterior/noticias/victor-guzman-volvio-a-tener-minutos-con-sporting-cp-y-el-equipo-sigue-lider-en-portugal-600827,Joaquín Vásquez,peruanos-en-el-exterior,9,12,75.0,🟡,True,False,False,True,True,True,,False,True,True,True,True,,True
https://www.futbolperuano.com/peruanos-en-el-exterior/noticias/matteo-perez-vinlof-fue-convocado-por-suecia-y-situacion-con-seleccion-peruana-cambia-600834,Joaquín Vásquez,peruanos-en-el-exterior,10,12,83.3,🟢,True,False,False,True,True,True,,True,True,True,True,True,,True
https://www.futbolperuano.com/seleccion/noticias/los-eurocausas-que-quedaron-fuera-de-peru-y-que-pudieron-reforzar-la-sub-20-en-odesur-600845,Gabriel Iberico,seleccion,10,12,83.3,🟢,True,False,True,True,True,False,,True,True,True,True,True,,True
https://www.futbolperuano.com/peruanos-en-el-exterior/noticias/alfonso-barco-convirtio-su-primer-gol-en-el-futbol-europeo-600828,Stewart Luya,peruanos-en-el-exterior,10,12,83.3,🟢,True,True,False,True,True,True,,False,True,True,True,True,,True
https://www.futbolperuano.com/copa-peru/noticias/la-copa-peru-se-jugara-en-el-estadio-municipal-de-oxapampa-600814,Stewart Luya,copa-peru,10,12,83.3,🟢,True,True,False,True,True,True,,False,True,True,True,True,,True
https://www.futbolperuano.com/peruanos-en-el-exterior/noticias/alberto-velasquez-fue-convocado-por-finlandia-sub-19-y-la-seleccion-peruana-esta-atento-a-su-futuro-600792,Joaquín Vásquez,peruanos-en-el-exterior,9,12,75.0,🟡,True,False,False,True,True,False,,True,True,True,True,True,,True
https://www.futbolperuano.com/liga-1/noticias/duro-golpe-para-pedro-aquino-salio-de-alianza-lima-y-estara-fuera-del-futbol-varios-meses-600787,Joaquín Vásquez,liga-1,8,12,66.7,🟡,True,False,False,True,True,False,,False,True,True,True,True,,True
https://www.futbolperuano.com/liga-1/noticias/la-verdad-de-la-salida-de-guillermo-viscarra-de-alianza-lima-que-incluye-a-pablo-guede-600796,Joaquín Vásquez,liga-1,8,12,66.7,🟡,True,False,False,True,True,False,,False,True,True,True,True,,True
https://www.futbolperuano.com/partidos-por-tv/noticias/programacion-de-partidos-por-tv-del-miercoles-16-de-septiembre-del-2026-600715,Jorge Cruzalegui,partidos-por-tv,9,12,75.0,🟡,True,False,False,True,True,True,,False,True,True,True,True,,True
https://www.futbolperuano.com/copa-peru/noticias/fecha-y-hora-del-miguel-grau-vs-vinicunca-fc-por-fecha-2-de-etapa-nacional-de-copa-peru-2026-600756,Jorge Cruzalegui,copa-peru,8,12,66.7,🟡,True,False,False,True,True,False,,False,True,True,True,True,,True
https://www.futbolperuano.com/liga-voley/regatas-lima-suma-dos-nuevos-refuerzos-para-liga-peruana-de-voley-2026-27-600760,Jorge Cruzalegui,liga-voley,9,12,75.0,🟡,True,False,False,True,True,True,,False,True,True,True,True,,True
https://www.futbolperuano.com/futbol-de-menores/la-seleccion-peruana-sub-20-debuto-derrota-colombia-juegos-suramericanos-odesur-2026-600808,Joaquín Vásquez,futbol-de-menores,9,12,75.0,🟡,True,False,False,True,True,False,,True,True,True,True,True,,True
https://www.futbolperuano.com/liga-3/noticias/resultados-y-tabla-de-posiciones-de-la-fecha-15-de-la-liga-3-599915,Stewart Luya,liga-3,10,12,83.3,🟢,True,True,False,True,True,True,,False,True,True,True,True,,True
https://www.futbolperuano.com/liga-3/noticias/uda-emite-contundente-comunicado-tras-el-1-9-sufrido-ante-deportivo-ucrania-600714,Stewart Luya,liga-3,9,12,75.0,🟡,True,False,False,True,True,True,,False,True,True,True,True,,True
https://www.futbolperuano.com/liga-voley/alianza-lima-que-canal-transmitira-en-vivo-la-brasil-cup-2026-600706,Stewart Luya,liga-voley,10,12,83.3,🟢,True,True,False,True,True,True,,False,True,True,True,True,,True
https://www.futbolperuano.com/liga-3/noticias/programacion-de-la-fecha-16-de-la-fase-regional-de-la-liga-3-600692,Stewart Luya,liga-3,10,12,83.3,🟢,True,True,False,True,True,True,,False,True,True,True,True,,True
https://www.futbolperuano.com/seleccion/noticias/seleccion-peruana-confirmo-cuatro-amistosos-internacionales-para-septiembre-y-octubre-600746,Jorge Cruzalegui,seleccion,9,12,75.0,🟡,True,False,False,True,True,True,,False,True,True,True,True,,True
https://www.futbolperuano.com/liga-2/noticias/liga-2-union-minas-vuelve-al-estadio-daniel-alcides-carrion-600677,Stewart Luya,liga-2,10,12,83.3,🟢,True,True,False,True,True,True,,False,True,True,True,True,,True
https://www.futbolperuano.com/liga-1/noticias/mister-peet-arremete-contra-sus-criticos-y-asegura-que-ningun-narrador-peruano-puede-comparar-su-carrera-con-la-suya-600696,Gabriel Rey,liga-1,8,12,66.7,🟡,True,False,False,True,True,False,,False,True,True,True,True,,True
https://www.futbolperuano.com/liga-2/noticias/liga-2-2026-como-se-jugaran-los-partidos-de-la-fecha-1-de-la-fase-final-600668,Gabriel Rey,liga-2,8,12,66.7,🟡,True,False,False,True,True,False,,False,True,True,True,True,,True
https://www.futbolperuano.com/liga-1/noticias/pedro-garcia-defiende-a-alejandro-duarte-tras-el-clasico-y-lanza-contundente-advertencia-a-pablo-guede-en-alianza-lima-600708,Gabriel Rey,liga-1,9,12,75.0,🟡,True,False,False,True,True,True,,False,True,True,True,True,,True
https://www.futbolperuano.com/liga-1/noticias/lisandro-greppo-dt-de-deportivo-garcilaso-envia-fuerte-advertencia-a-universitario-600601,Gabriel Iberico,liga-1,8,12,66.7,🟡,True,False,False,True,True,False,,False,True,True,True,True,,True
https://www.futbolperuano.com/peruanos-en-el-exterior/noticias/nuevo-desafio-necaxa-anuncia-oficialmente-la-llegada-de-juan-reynoso-600586,Gabriel Iberico,peruanos-en-el-exterior,9,12,75.0,🟡,True,False,False,True,True,False,,True,True,True,True,True,,True
https://www.futbolperuano.com/liga-1/noticias/universitario-rompe-su-silencio-y-desmiente-comunicado-de-alianza-lima-600596,Gabriel Iberico,liga-1,9,12,75.0,🟡,True,False,False,True,True,False,,True,True,True,True,True,,True
https://www.futbolperuano.com/copa-sudamericana/noticias/cienciano-va-por-una-noche-historica-ante-montevideo-city-y-horacio-melgarejo-dejo-claro-que-espera-de-su-equipo-en-la-sudamericana-600643,Gabriel Rey,copa-sudamericana,9,12,75.0,🟡,True,False,False,True,True,True,,False,True,True,True,True,,True
https://www.futbolperuano.com/liga-1/noticias/universitario-recibe-una-gran-noticia-corte-superior-deja-sin-efecto-medida-cautelar-que-favorecia-a-gremco-600662,Gabriel Rey,liga-1,8,12,66.7,🟡,True,False,False,True,True,False,,False,True,True,True,True,,True
https://www.futbolperuano.com/liga-1/noticias/juan-carlos-bazalar-regresa-a-los-chankas-tras-la-salida-de-walter-paolella-para-intentar-recuperar-al-equipo-en-la-liga-1-600632,Gabriel Rey,liga-1,9,12,75.0,🟡,True,False,False,True,True,True,,False,True,True,True,True,,True
https://www.futbolperuano.com/liga-1/noticias/deportivo-garcilaso-vs-universitario-precios-y-venta-de-entradas-para-el-duelo-que-puede-definir-la-lucha-por-el-clausura-600650,Gabriel Rey,liga-1,8,12,66.7,🟡,True,False,False,True,True,False,,False,True,True,True,True,,True
https://www.futbolperuano.com/copa-peru/noticias/bad-boys-se-quedo-sin-entrenador-tras-el-arranque-de-la-etapa-nacional-600665,Stewart Luya,copa-peru,9,12,75.0,🟡,True,False,False,True,True,True,,False,True,True,True,True,,True
https://www.futbolperuano.com/copa-sudamericana/noticias/se-pierde-el-resto-de-la-temporada-se-confirma-la-gravedad-de-la-lesion-de-alejandro-hohberg-600581,Gabriel Iberico,copa-sudamericana,7,12,58.3,🔴,True,False,False,True,True,False,,False,True,True,True,False,,True
https://www.futbolperuano.com/peruanos-en-el-exterior/noticias/andre-carrillo-no-jugo-y-corinthians-sufrio-una-nueva-derrota-ante-flamengo-en-el-brasileirao-600533,Joaquín Vásquez,peruanos-en-el-exterior,8,12,66.7,🟡,True,False,False,True,True,True,,False,True,True,True,False,,True
https://www.futbolperuano.com/peruanos-en-el-exterior/noticias/gol-y-asistencia-de-bassco-soyer-en-el-triunfo-del-gil-vicente-600672,Stewart Luya,peruanos-en-el-exterior,10,12,83.3,🟢,True,True,False,True,True,True,,False,True,True,True,True,,True
https://www.futbolperuano.com/peruanos-en-el-exterior/noticias/jean-pierre-rhyner-anoto-su-primer-gol-con-vizela-en-la-segunda-de-portugal-600544,Jorge Cruzalegui,peruanos-en-el-exterior,9,12,75.0,🟡,True,False,False,True,True,False,,True,True,True,True,True,,True
https://www.futbolperuano.com/partidos-por-tv/noticias/programacion-de-hoy-martes-15-de-septiembre-de-2026-horarios-del-futbol-en-vivo-por-television-en-el-peru-600559,Gabriel Iberico,partidos-por-tv,9,12,75.0,🟡,True,False,False,True,True,False,,True,True,True,True,True,,True
https://www.futbolperuano.com/peruanos-en-el-exterior/noticias/renato-tapia-cayo-con-al-wasl-en-su-debut-en-la-champions-league-de-asia-600565,Jorge Cruzalegui,peruanos-en-el-exterior,8,12,66.7,🟡,True,False,False,True,True,True,,False,True,False,True,True,,True
https://www.futbolperuano.com/futbol-femenino/liga-femenina/programacion-de-la-fecha-10-del-torneo-clausura-de-la-liga-femenina-2026-600555,Jorge Cruzalegui,futbol-femenino,9,12,75.0,🟡,True,False,False,True,True,True,,False,True,True,True,True,,True
https://www.futbolperuano.com/liga-1/noticias/flaco-granda-exige-el-regreso-de-kevin-quevedo-tras-derrota-de-alianza-lima-en-el-clasico-600605,Gabriel Iberico,liga-1,9,12,75.0,🟡,True,False,False,True,True,False,,True,True,True,True,True,,True
https://www.futbolperuano.com/liga-1/noticias/christian-cueva-prende-la-ilusion-en-sport-boys-y-revela-que-quieren-conseguir-esta-temporada-600530,Joaquín Vásquez,liga-1,9,12,75.0,🟡,True,False,False,True,True,False,,True,True,True,True,True,,True
https://www.futbolperuano.com/peruanos-en-el-exterior/noticias/albirex-niigata-con-kazuyoshi-shimabuku-lidera-el-ascenso-en-japon-600517,Jorge Cruzalegui,peruanos-en-el-exterior,8,12,66.7,🟡,True,False,False,True,True,False,,False,True,True,True,True,,True
https://www.futbolperuano.com/liga-1/noticias/diego-melian-pudo-llegar-a-alianza-lima-antes-que-alejandro-duarte-y-hoy-brilla-en-sport-boys-600509,Joaquín Vásquez,liga-1,10,12,83.3,🟢,True,False,False,True,True,True,,True,True,True,True,True,,True
https://www.futbolperuano.com/peruanos-en-el-exterior/noticias/joao-grimaldo-reaparecio-y-disputo-71-minutos-en-la-goleada-del-filial-de-sparta-praga-600513,Joaquín Vásquez,peruanos-en-el-exterior,9,12,75.0,🟡,True,False,False,True,True,False,,True,True,True,True,True,,True
https://www.futbolperuano.com/liga-1/noticias/alianza-lima-y-su-contundente-respuesta-a-la-denuncia-de-universitario-tras-el-clasico-en-matute-600563,Gabriel Iberico,liga-1,9,12,75.0,🟡,True,False,False,True,True,False,,True,True,True,True,True,,True
https://www.futbolperuano.com/liga-1/noticias/sport-boys-y-el-motivo-por-el-que-podria-tener-4-bajas-ante-melgar-600531,Jorge Cruzalegui,liga-1,9,12,75.0,🟡,True,False,False,True,True,True,,False,True,True,True,True,,True
https://www.futbolperuano.com/copa-de-la-liga/noticias/fecha-y-horarios-de-la-ida-de-semifinales-de-copa-de-la-liga-2026-600573,Jorge Cruzalegui,copa-de-la-liga,10,12,83.3,🟢,True,True,False,True,True,False,,True,True,True,True,True,,True
https://www.futbolperuano.com/liga-1/noticias/franco-velazco-detalla-el-maltrato-que-recibio-la-delegacion-de-universitario-en-matute-600570,Gabriel Iberico,liga-1,9,12,75.0,🟡,True,False,False,True,True,False,,True,True,True,True,True,,True
https://www.futbolperuano.com/futbol-femenino/universitario-de-deportes-sus-rivales-para-copa-libertadores-femenina-2026-600507,Jorge Cruzalegui,futbol-femenino,8,12,66.7,🟡,True,False,False,True,True,False,,False,True,True,True,True,,True
https://www.futbolperuano.com/seleccion/noticias/la-seleccion-peruana-sub-20-y-la-lista-de-convocados-para-los-juegos-odesur-2026-600487,Joaquín Vásquez,seleccion,9,12,75.0,🟡,True,False,False,True,True,True,,False,True,True,True,True,,True
https://www.futbolperuano.com/peruanos-en-el-exterior/noticias/sebastian-gonzales-zela-volvio-a-sumar-minutos-con-inter-toronto-en-canada-600498,Jorge Cruzalegui,peruanos-en-el-exterior,9,12,75.0,🟡,True,False,False,True,True,False,,True,True,True,True,True,,True
https://www.futbolperuano.com/peruanos-en-el-exterior/noticias/adrian-ugarriza-fue-titular-y-hapoel-beer-sheva-consiguio-importante-triunfo-en-israel-600488,Joaquín Vásquez,peruanos-en-el-exterior,9,12,75.0,🟡,True,False,False,True,True,True,,False,True,True,True,True,,True
https://www.futbolperuano.com/peruanos-en-el-exterior/noticias/renato-espinosa-no-pudo-evitar-la-derrota-de-corvinul-ante-universitatea-craiova-600494,Joaquín Vásquez,peruanos-en-el-exterior,8,12,66.7,🟡,True,False,False,True,True,False,,False,True,True,True,True,,True
https://www.futbolperuano.com/peruanos-en-el-exterior/noticias/marco-saravia-estuvo-en-el-banco-y-progreso-cayo-3-1-ante-cerro-por-la-liga-uruguaya-600481,Joaquín Vásquez,peruanos-en-el-exterior,8,12,66.7,🟡,True,False,False,True,True,True,,False,True,True,True,False,,True
https://www.futbolperuano.com/liga-1/noticias/alianza-lima-se-solidarizo-con-hernan-barcos-tras-el-fallecimiento-de-su-madre-600499,Joaquín Vásquez,liga-1,9,12,75.0,🟡,True,False,False,True,True,False,,True,True,True,True,True,,True
https://www.futbolperuano.com/copa-peru/noticias/copa-peru-asi-se-disputara-la-segunda-jornada-de-la-etapa-nacional-600458,Gabriel Iberico,copa-peru,8,12,66.7,🟡,True,False,False,True,True,False,,False,True,True,True,True,,True
https://www.futbolperuano.com/liga-1/noticias/universitario-hace-grave-denuncia-en-contra-de-alianza-lima-tras-su-victoria-en-matute-600455,Gabriel Iberico,liga-1,8,12,66.7,🟡,True,False,False,True,True,False,,False,True,True,True,True,,True
https://www.futbolperuano.com/copa-peru/noticias/domingo-dianderas-vs-heraldos-negros-en-vivo-por-la-etapa-nacional-de-la-copa-peru-2026-600258,Gabriel Iberico,copa-peru,10,12,83.3,🟢,True,False,False,True,True,True,,True,True,True,True,True,,True
https://www.futbolperuano.com/copa-sudamericana/noticias/cienciano-pierde-a-su-maxima-figura-para-enfrentar-a-montevideo-city-600470,Gabriel Iberico,copa-sudamericana,7,12,58.3,🔴,True,False,False,True,True,False,,False,True,True,True,False,,True
https://www.futbolperuano.com/peruanos-en-el-exterior/noticias/pedro-gallese-y-una-atajada-clave-para-el-triunfo-de-deportivo-cali-600472,Gabriel Iberico,peruanos-en-el-exterior,9,12,75.0,🟡,True,False,False,True,True,False,,True,True,True,True,True,,True
https://www.futbolperuano.com/liga-1/noticias/liga-1-asi-se-jugaran-los-partidos-de-la-decima-fecha-del-torneo-clausura-2026-600453,Gabriel Iberico,liga-1,8,12,66.7,🟡,True,False,False,True,True,False,,False,True,True,True,True,,True
https://www.futbolperuano.com/copa-peru/noticias/copa-peru-resultados-y-posiciones-de-la-fecha-1-de-la-etapa-nacional-599750,Stewart Luya,copa-peru,9,12,75.0,🟡,True,False,False,True,True,True,,False,True,True,True,True,,True
https://www.futbolperuano.com/futbol-femenino/liga-femenina/universitario-de-deportes-goleo-y-sigue-en-carrera-por-la-clasificacion-directa-a-las-semifinales-del-torneo-clausura-600445,Gabriel Rey,futbol-femenino,8,12,66.7,🟡,True,False,False,True,True,True,,False,True,False,True,True,,True
https://www.futbolperuano.com/liga-1/noticias/mr-peet-despotrico-contra-alejandro-duarte-tras-grosero-blooper-que-le-dio-la-victoria-a-universitario-600462,Gabriel Iberico,liga-1,8,12,66.7,🟡,True,False,False,True,True,False,,False,True,True,True,True,,True
https://www.futbolperuano.com/liga-2/noticias/ada-jaen-vs-union-comercio-en-vivo-online-por-la-fecha-18-de-la-fase-regional-de-la-liga-2-2026-600329,Gabriel Rey,liga-2,7,12,58.3,🔴,True,False,False,True,True,False,,False,True,True,True,True,,False
https://www.futbolperuano.com/liga-2/noticias/la-liga-2-2026-ya-tiene-sus-grupos-para-la-fase-final-asi-se-definira-el-ascenso-y-la-permanencia-600448,Gabriel Rey,liga-2,8,12,66.7,🟡,True,False,False,True,True,False,,False,True,True,True,True,,True
https://www.futbolperuano.com/liga-1/noticias/liga-1-asi-marcha-la-tabla-acumulada-luego-de-jugarse-la-fecha-9-del-torneo-clausura-2026-600446,Gabriel Iberico,liga-1,10,12,83.3,🟢,True,False,False,True,True,True,,True,True,True,True,True,,True
https://www.futbolperuano.com/liga-2/noticias/san-martin-vs-cantolao-en-vivo-por-la-liga-2-600254,Gabriel Iberico,liga-2,9,12,75.0,🟡,True,False,False,True,True,False,,True,True,True,True,True,,True
https://www.futbolperuano.com/liga-1/noticias/torneo-clausura-resultados-y-tabla-de-posiciones-de-la-fecha-9-599985,Stewart Luya,liga-1,10,12,83.3,🟢,True,True,False,True,True,True,,False,True,True,True,True,,True
https://www.futbolperuano.com/liga-2/noticias/liga-2-2026-resultados-y-tablas-de-posiciones-de-la-fecha-18-de-la-fase-regional-600175,Gabriel Rey,liga-2,7,12,58.3,🔴,True,False,False,True,True,False,,False,True,True,True,True,,False
https://www.futbolperuano.com/peruanos-en-el-exterior/noticias/juan-reynoso-sera-nuevo-entrenador-del-necaxa-de-la-liga-mx-600442,Gabriel Iberico,peruanos-en-el-exterior,10,12,83.3,🟢,True,True,False,True,True,False,,True,True,True,True,True,,True
https://www.futbolperuano.com/futbol-femenino/liga-femenina/sporting-cristal-vence-a-carlos-mannucci-y-se-mantiene-por-senda-del-triunfo-en-liga-femenina-2026-600434,Jorge Cruzalegui,futbol-femenino,9,12,75.0,🟡,True,False,False,True,True,False,,True,True,True,True,True,,True
https://www.futbolperuano.com/liga-2/noticias/deportivo-llacuabamba-vs-pirata-fc-en-vivo-online-por-la-fecha-18-de-la-fase-regional-de-la-liga-2-2026-600327,Gabriel Rey,liga-2,8,12,66.7,🟡,True,False,False,True,True,False,,False,True,True,True,True,,True
https://www.futbolperuano.com/liga-1/noticias/atletico-grau-vs-alianza-atletico-en-vivo-por-el-torneo-clausura-2026-600259,Gabriel Iberico,liga-1,10,12,83.3,🟢,True,False,False,True,True,True,,True,True,True,True,True,,True
https://www.futbolperuano.com/liga-voley/liga-peruana-de-voley-2026-27-tendra-nuevo-sistema-de-descenso-y-contara-con-video-challenge-desde-la-primera-jornada-anuncio-gino-vegas-600429,Gabriel Rey,liga-voley,8,12,66.7,🟡,True,False,False,True,True,True,,False,True,True,True,True,,False
https://www.futbolperuano.com/liga-voley/angela-leyva-aclaro-su-futuro-tras-ser-anunciada-en-importante-club-de-grecia-600419,Jorge Cruzalegui,liga-voley,8,12,66.7,🟡,True,False,False,True,True,False,,False,True,True,True,True,,True
https://www.futbolperuano.com/partidos-por-tv/noticias/programacion-de-hoy-lunes-14-de-septiembre-de-2026-horarios-del-futbol-en-vivo-por-television-en-el-peru-600440,Gabriel Iberico,partidos-por-tv,8,12,66.7,🟡,True,False,False,True,True,False,,False,True,True,True,True,,True
https://www.futbolperuano.com/liga-1/noticias/sport-boys-vs-deportivo-garcilaso-en-vivo-online-por-fecha-9-del-torneo-clausura-de-liga-1-2026-600348,Jorge Cruzalegui,liga-1,9,12,75.0,🟡,True,False,False,True,True,False,,True,True,True,True,True,,True
https://www.futbolperuano.com/liga-voley/resultados-y-tabla-de-posiciones-del-sudamericano-de-voleibol-femenino-599293,Stewart Luya,liga-voley,8,12,66.7,🟡,True,False,False,True,True,True,,False,True,True,True,False,,True
https://www.futbolperuano.com/copa-peru/noticias/atletico-torino-vs-ud-chulucanas-en-vivo-online-por-etapa-nacional-de-copa-peru-2026-600325,Jorge Cruzalegui,copa-peru,9,12,75.0,🟡,True,False,False,True,True,False,,True,True,True,True,True,,True
https://www.futbolperuano.com/peruanos-en-el-exterior/noticias/sergio-pena-vuelve-a-marcar-en-serbia-y-se-acerca-a-la-seleccion-peruana-pese-a-derrota-del-ofk-beograd-ante-radnicki-600410,Gabriel Rey,peruanos-en-el-exterior,9,12,75.0,🟡,True,False,False,True,True,True,,False,True,True,True,True,,True
https://www.futbolperuano.com/liga-1/noticias/deportivo-moquegua-vs-sporting-cristal-en-vivo-online-por-el-torneo-clausura-de-la-liga-1-600130,Joaquín Vásquez,liga-1,9,12,75.0,🟡,True,False,False,True,True,False,,True,True,True,True,True,,True
https://www.futbolperuano.com/peruanos-en-el-exterior/noticias/con-wilder-cartagena-orlando-city-llego-a-cinco-partidos-consecutivos-sin-caer-en-mls-600405,Jorge Cruzalegui,peruanos-en-el-exterior,8,12,66.7,🟡,True,False,False,True,True,False,,False,True,True,True,True,,True
https://www.futbolperuano.com/peruanos-en-el-exterior/noticias/ldu-de-quito-de-jesus-pretell-clasifico-al-grupo-de-campeonato-de-la-liga-pro-600406,Jorge Cruzalegui,peruanos-en-el-exterior,9,12,75.0,🟡,True,False,False,True,True,True,,False,True,True,True,True,,True
https://www.futbolperuano.com/futbol-femenino/liga-femenina/resultados-y-tabla-de-posiciones-de-fecha-9-del-torneo-clausura-de-liga-femenina-2026-599998,Jorge Cruzalegui,futbol-femenino,9,12,75.0,🟡,True,False,False,True,True,True,,False,True,True,True,True,,True
https://www.futbolperuano.com/peru/mas-del-futbol-peruano/tradicion-copera-estos-son-los-primeros-10-equipos-que-buscaran-un-lugar-en-la-liga-3-2027-y-podrian-volver-al-circuito-profesional-del-futbol-peruano-600420,Gabriel Rey,peru,9,12,75.0,🟡,True,False,False,True,True,True,,False,True,True,True,True,,True
https://www.futbolperuano.com/liga-1/noticias/pablo-guede-contundente-sobre-mal-momento-de-alejandro-duarte-en-alianza-lima-600400,Jorge Cruzalegui,liga-1,9,12,75.0,🟡,True,False,False,True,True,False,,True,True,True,True,True,,True
https://www.futbolperuano.com/peruanos-en-el-exterior/noticias/tiago-cantoro-volvio-a-marcar-en-italia-con-vigor-lamezia-en-la-serie-d-de-italia-600351,Joaquín Vásquez,peruanos-en-el-exterior,9,12,75.0,🟡,True,False,False,True,True,True,,False,True,True,True,True,,True
https://www.futbolperuano.com/liga-1/noticias/alianza-lima-vs-universitario-en-vivo-online-por-el-torneo-clausura-de-la-liga-1-599956,Joaquín Vásquez,liga-1,9,12,75.0,🟡,True,False,False,True,True,False,,True,True,True,True,True,,True
https://www.futbolperuano.com/liga-1/noticias/andadp-exige-sanciones-tras-agresion-al-arbitro-jesus-cartagena-partido-utc-vs-juan-pablo-ii-en-la-liga-1-600365,Joaquín Vásquez,liga-1,10,12,83.3,🟢,True,False,False,True,True,True,,True,True,True,True,True,,True
https://www.futbolperuano.com/liga-1/noticias/universitario-hector-cuper-autocritico-pese-al-triunfo-sobre-alianza-lima-600404,Jorge Cruzalegui,liga-1,8,12,66.7,🟡,True,False,False,True,True,False,,False,True,True,True,True,,True
https://www.futbolperuano.com/liga-1/noticias/alex-valera-aprovecha-la-asistencia-de-lapadula-y-marca-el-1-0-ante-alianza-lima-600372,Joaquín Vásquez,liga-1,9,12,75.0,🟡,True,False,False,True,True,False,,True,True,True,True,True,,True
https://www.futbolperuano.com/liga-1/noticias/el-puma-carranza-no-llego-a-matute-para-el-clasico-entre-alianza-lima-y-universitario-600357,Joaquín Vásquez,liga-1,9,12,75.0,🟡,True,False,False,True,True,True,,False,True,True,True,True,,True
https://www.futbolperuano.com/liga-1/noticias/federico-girotti-tuvo-la-primera-gran-chance-de-alianza-lima-y-fallo-ante-universitario-600379,Joaquín Vásquez,liga-1,9,12,75.0,🟡,True,False,False,True,True,True,,False,True,True,True,True,,True
https://www.futbolperuano.com/liga-1/noticias/ignacio-buse-sorprende-al-referirse-sobre-alianza-lima-600362,Gabriel Iberico,liga-1,9,12,75.0,🟡,True,True,False,True,True,False,,False,True,True,True,True,,True
https://www.futbolperuano.com/liga-1/noticias/alianza-lima-vs-universitario-ya-estan-confirmadas-las-alineaciones-para-el-clasico-600363,Joaquín Vásquez,liga-1,9,12,75.0,🟡,True,False,False,True,True,True,,False,True,True,True,True,,True
https://www.futbolperuano.com/liga-3/noticias/universitario-vs-amazon-callao-en-vivo-por-la-liga-3-600290,Stewart Luya,liga-3,10,12,83.3,🟢,True,True,False,True,True,False,,True,True,True,True,True,,True
https://www.futbolperuano.com/peruanos-en-el-exterior/noticias/ordy-reyna-jugo-los-90-minutos-pero-rodina-moscu-sigue-en-zona-de-descenso-600339,Joaquín Vásquez,peruanos-en-el-exterior,9,12,75.0,🟡,True,False,False,True,True,True,,False,True,True,True,True,,True
https://www.futbolperuano.com/liga-2/noticias/estudiantil-cni-vs-bentin-tacna-heroica-en-vivo-online-por-la-fecha-18-de-la-fase-regional-de-la-liga-2-2026-600249,Gabriel Rey,liga-2,8,12,66.7,🟡,True,False,False,True,True,False,,False,True,True,True,True,,True
https://www.futbolperuano.com/copa-peru/noticias/cultural-sachapuyos-vs-combe-fc-en-vivo-por-la-etapa-nacional-de-la-copa-peru-600247,Gabriel Iberico,copa-peru,9,12,75.0,🟡,True,False,False,True,True,True,,False,True,True,True,True,,True
https://www.futbolperuano.com/liga-1/noticias/los-chankas-anuncian-salida-de-andre-vasquez-tras-mal-momento-en-la-liga-1-600334,Joaquín Vásquez,liga-1,9,12,75.0,🟡,True,False,False,True,True,True,,False,True,True,True,True,,True
https://www.futbolperuano.com/liga-1/noticias/alianza-lima-vs-universitario-los-clasicos-mas-recordados-en-matute-600335,Gabriel Iberico,liga-1,9,12,75.0,🟡,True,False,False,True,True,False,,True,True,True,True,True,,True
https://www.futbolperuano.com/liga-2/noticias/binacional-vs-alianza-universidad-en-vivo-por-la-liga-2-600248,Gabriel Iberico,liga-2,10,12,83.3,🟢,True,True,False,True,True,False,,True,True,True,True,True,,True
https://www.futbolperuano.com/peruanos-en-el-exterior/noticias/erick-noriega-volvio-a-tropezar-con-gremio-en-el-brasileirao-2026-600343,Jorge Cruzalegui,peruanos-en-el-exterior,10,12,83.3,🟢,True,True,False,True,True,True,,False,True,True,True,True,,True
https://www.futbolperuano.com/liga-voley/colombia-vs-peru-en-vivo-online-por-la-fecha-4-del-sudamericano-de-voleibol-femenino-600236,Gabriel Rey,liga-voley,9,12,75.0,🟡,True,False,False,True,True,True,,False,True,True,True,True,,True
https://www.futbolperuano.com/peruanos-en-el-exterior/noticias/dinamo-zagreb-perdio-ante-osijek-con-matteo-perez-vinlof-como-titular-600336,Joaquín Vásquez,peruanos-en-el-exterior,9,12,75.0,🟡,True,False,False,True,True,True,,False,True,True,True,True,,True
https://www.futbolperuano.com/liga-1/noticias/utc-explota-contra-la-fpf-tras-polemica-derrota-ante-juan-pablo-ii-600364,Gabriel Iberico,liga-1,7,12,58.3,🔴,True,False,False,True,True,False,,False,True,True,True,False,,True
https://www.futbolperuano.com/liga-1/noticias/alianza-lima-vs-universitario-quien-es-el-maximo-goleador-en-la-historia-de-los-clasicos-600326,Gabriel Iberico,liga-1,8,12,66.7,🟡,True,False,False,True,True,False,,False,True,True,True,True,,True
https://www.futbolperuano.com/liga-1/noticias/jesus-barco-revela-la-razon-por-la-que-decidio-rechazar-importante-oferta-de-alianza-lima-600354,Gabriel Iberico,liga-1,9,12,75.0,🟡,True,False,False,True,True,False,,True,True,True,True,True,,True
https://www.futbolperuano.com/liga-2/noticias/ayacucho-fc-vs-sport-huancayo-en-vivo-por-la-liga-2-600201,Stewart Luya,liga-2,11,12,91.7,🟢,True,True,False,True,True,True,,True,True,True,True,True,,True
https://www.futbolperuano.com/liga-1/noticias/los-chankas-walter-paolella-deja-el-cargo-de-dt-600320,Gabriel Iberico,liga-1,9,12,75.0,🟡,True,False,False,True,True,False,,True,True,True,True,True,,True
https://www.futbolperuano.com/copa-sudamericana/noticias/quien-sera-el-arbitro-del-montevideo-city-vs-cienciano-en-uruguay-600322,Stewart Luya,copa-sudamericana,7,12,58.3,🔴,True,False,False,True,True,False,,False,True,True,True,False,,True
https://www.futbolperuano.com/liga-voley/nuevo-equipo-confirmado-para-la-liga-peruana-de-voley-2026-27-600316,Jorge Cruzalegui,liga-voley,10,12,83.3,🟢,True,True,False,True,True,False,,True,True,True,True,True,,True
https://www.futbolperuano.com/liga-1/noticias/los-chankas-vs-fc-cajamarca-en-vivo-por-el-torneo-clausura-600190,Stewart Luya,liga-1,10,12,83.3,🟢,True,True,False,True,True,False,,True,True,True,True,True,,True
https://www.futbolperuano.com/liga-2/noticias/union-minas-vs-santos-fc-en-vivo-por-la-liga-2-600252,Gabriel Iberico,liga-2,9,12,75.0,🟡,True,False,False,True,True,False,,True,True,True,True,True,,True
https://www.futbolperuano.com/liga-1/noticias/conar-rompe-su-silencio-comision-de-arbitros-condeno-la-agresion-contra-jesus-cartagena-durante-el-partido-entre-utc-y-juan-pablo-ii-en-cajamarca-600317,Gabriel Rey,liga-1,9,12,75.0,🟡,True,False,False,True,True,True,,False,True,True,True,True,,True
https://www.futbolperuano.com/peruanos-en-el-exterior/noticias/felipe-chavez-presente-en-victoria-de-fc-magdeburgo-en-segunda-division-de-alemania-600297,Jorge Cruzalegui,peruanos-en-el-exterior,9,12,75.0,🟡,True,False,False,True,True,False,,True,True,True,True,True,,True
https://www.futbolperuano.com/liga-1/noticias/alianza-lima-vs-universitario-el-jugador-que-mas-clasicos-disputo-600340,Gabriel Iberico,liga-1,8,12,66.7,🟡,True,False,False,True,True,False,,False,True,True,True,True,,True
https://www.futbolperuano.com/peruanos-en-el-exterior/noticias/mainz-con-fabio-gruber-como-titular-sufrio-su-primera-derrota-en-la-bundesliga-600304,Stewart Luya,peruanos-en-el-exterior,9,12,75.0,🟡,True,False,False,True,True,True,,False,True,True,True,True,,True
https://www.futbolperuano.com/liga-1/noticias/hector-cuper-vuelve-a-matute-para-enfrentar-a-alianza-lima-30-anos-despues-de-dirigir-a-lanus-en-la-goleada-del-cuadro-argentino-por-el-aniversario-intimo-600301,Gabriel Rey,liga-1,9,12,75.0,🟡,True,False,False,True,True,True,,False,True,True,True,True,,True
https://www.futbolperuano.com/peruanos-en-el-exterior/noticias/burnley-con-oliver-sonne-alarga-su-mal-momento-en-la-championship-2026-27-600302,Jorge Cruzalegui,peruanos-en-el-exterior,9,12,75.0,🟡,True,False,False,True,True,True,,False,True,True,True,True,,True
https://www.futbolperuano.com/liga-3/noticias/carlos-stein-confirma-su-permanencia-en-la-liga-3-2026-600323,Stewart Luya,liga-3,10,12,83.3,🟢,True,True,False,True,True,False,,True,True,True,True,True,,True
https://www.futbolperuano.com/liga-1/noticias/comerciantes-unidos-vs-sport-huancayo-en-vivo-por-el-torneo-clausura-600197,Stewart Luya,liga-1,9,12,75.0,🟡,True,False,False,True,True,False,,True,True,True,True,True,,True
https://www.futbolperuano.com/liga-1/noticias/cusco-fc-vs-melgar-en-vivo-por-el-torneo-clausura-de-la-liga-1-599855,Gabriel Iberico,liga-1,9,12,75.0,🟡,True,True,False,True,True,False,,True,True,True,True,False,,True
https://www.futbolperuano.com/liga-2/noticias/santos-fc-pidio-reprogramar-su-partido-ante-union-minas-tras-realizar-un-viaje-de-mas-de-27-horas-pero-la-lfpp-decidio-mantener-el-horario-establecido-600307,Gabriel Rey,liga-2,8,12,66.7,🟡,True,False,False,True,True,False,,False,True,True,True,True,,True
https://www.futbolperuano.com/liga-3/noticias/carlos-stein-se-niega-a-dejar-de-participar-en-la-liga-3-2026-600296,Stewart Luya,liga-3,10,12,83.3,🟢,True,True,False,True,True,False,,True,True,True,True,True,,True
https://www.futbolperuano.com/liga-1/noticias/sport-boys-alista-un-gran-cambio-en-su-camiseta-para-el-centenario-600243,Gabriel Iberico,liga-1,8,12,66.7,🟡,True,False,False,True,True,False,,False,True,True,True,True,,True
https://www.futbolperuano.com/liga-1/noticias/cuando-se-jugara-el-partido-entre-deportivo-moquegua-y-sporting-cristal-600286,Stewart Luya,liga-1,8,12,66.7,🟡,True,False,False,True,True,False,,False,True,True,True,True,,True
https://www.futbolperuano.com/liga-1/noticias/utc-vs-juan-pablo-ii-en-vivo-por-el-torneo-clausura-599970,Stewart Luya,liga-1,9,12,75.0,🟡,True,True,False,True,True,False,,True,True,True,True,True,,False
https://www.futbolperuano.com/liga-1/noticias/jose-carvallo-y-su-picante-mensaje-en-la-previa-al-clasico-600224,Gabriel Iberico,liga-1,10,12,83.3,🟢,True,True,False,True,True,False,,True,True,True,True,True,,True
https://www.futbolperuano.com/liga-3/noticias/linfa-sanciona-a-carlos-stein-con-descenso-automatico-y-lo-deja-fuera-de-la-liga-3-durante-tres-temporadas-tras-el-caso-ante-juventud-santo-domingo-600199,Gabriel Rey,liga-3,8,12,66.7,🟡,True,False,False,True,True,False,,True,True,True,True,True,,False
https://www.futbolperuano.com/copa-sudamericana/noticias/marcelo-mendez-y-su-mensaje-tras-el-2-0-de-cienciano-por-la-copa-sudamericana-600158,Joaquín Vásquez,copa-sudamericana,8,12,66.7,🟡,True,False,False,True,True,True,,False,True,True,True,False,,True
https://www.futbolperuano.com/partidos-por-tv/noticias/programacion-de-hoy-sabado-12-de-septiembre-de-2026-horarios-del-futbol-en-vivo-por-television-en-el-peru-600207,Gabriel Iberico,partidos-por-tv,9,12,75.0,🟡,True,False,False,True,True,False,,True,True,True,True,True,,True
https://www.futbolperuano.com/peruanos-en-el-exterior/noticias/marcos-lopez-continua-recuperandose-de-su-lesion-y-copenhague-volvio-a-ganar-600178,Joaquín Vásquez,peruanos-en-el-exterior,9,12,75.0,🟡,True,False,False,True,True,True,,False,True,True,True,True,,True
https://www.futbolperuano.com/liga-1/noticias/alianza-lima-vs-universitario-posibles-alineaciones-para-el-clasico-del-futbol-peruano-en-la-fecha-9-del-torneo-clausura-de-la-liga-1-600213,Gabriel Rey,liga-1,9,12,75.0,🟡,True,False,False,True,True,True,,False,True,True,True,True,,True
https://www.futbolperuano.com/liga-1/noticias/puma-carranza-y-su-polemico-sentir-sobre-regresar-a-matute-para-el-clasico-600234,Gabriel Iberico,liga-1,8,12,66.7,🟡,True,False,False,True,True,False,,False,True,True,True,True,,True
https://www.futbolperuano.com/peruanos-en-el-exterior/noticias/jorge-espejo-da-el-salto-al-futbol-internacional-tras-su-paso-por-sport-boys-y-es-anunciado-como-nuevo-entrenador-de-jaguares-de-chiapas-en-mexico-600144,Gabriel Rey,peruanos-en-el-exterior,9,12,75.0,🟡,True,False,False,True,True,True,,False,True,True,True,True,,True
https://www.futbolperuano.com/partidos-por-tv/noticias/programacion-de-partidos-por-tv-del-viernes-11-de-septiembre-del-2026-599984,Jorge Cruzalegui,partidos-por-tv,9,12,75.0,🟡,True,False,False,True,True,True,,False,True,True,True,True,,True
https://www.futbolperuano.com/liga-1/noticias/kevin-quevedo-podria-ser-la-novedad-de-alianza-lima-para-el-clasico-ante-universitario-600086,Joaquín Vásquez,liga-1,9,12,75.0,🟡,True,False,False,True,True,False,,True,True,True,True,True,,True
https://www.futbolperuano.com/futsal/futsal-pro-2026-resultados-y-tablas-de-posiciones-de-la-fecha-1-de-la-primera-etapa-599570,Gabriel Rey,futsal,8,12,66.7,🟡,True,False,False,True,True,True,,False,True,True,True,True,,False
https://www.futbolperuano.com/copa-sudamericana/noticias/carlos-garces-respondio-tras-sacar-ventaja-ante-montevideo-city-en-la-copa-sudamericana-600079,Joaquín Vásquez,copa-sudamericana,8,12,66.7,🟡,True,False,False,True,True,False,,True,True,True,True,False,,True
https://www.futbolperuano.com/liga-1/noticias/universitario-y-sus-cuatro-sensibles-bajas-confirmadas-para-el-clasico-ante-alianza-lima-600095,Joaquín Vásquez,liga-1,9,12,75.0,🟡,True,False,True,True,True,False,,False,True,True,True,True,,True
https://www.futbolperuano.com/copa-sudamericana/noticias/alejandro-hohberg-salio-lesionado-y-preocupa-su-presencia-ante-montevideo-city-torque-600116,Joaquín Vásquez,copa-sudamericana,10,12,83.3,🟢,True,False,False,True,True,True,,True,True,True,True,True,,True
https://www.futbolperuano.com/peruanos-en-el-exterior/noticias/con-pedro-gallese-deportivo-cali-sumo-cuatro-fechas-sin-ganar-en-la-liga-colombiana-2026-600048,Jorge Cruzalegui,peruanos-en-el-exterior,8,12,66.7,🟡,True,False,False,True,True,True,,False,True,False,True,True,,True
https://www.futbolperuano.com/liga-1/noticias/universitario-decide-el-futuro-de-bryan-reyna-tras-quedar-fuera-de-la-convocatoria-para-el-clasico-600211,Gabriel Iberico,liga-1,8,12,66.7,🟡,True,False,False,True,True,False,,False,True,True,True,True,,True
https://www.futbolperuano.com/copa-sudamericana/noticias/cienciano-cuando-vuelve-a-enfrentar-a-montevideo-city-por-copa-sudamericana-2026-600042,Jorge Cruzalegui,copa-sudamericana,8,12,66.7,🟡,True,False,False,True,True,True,,False,True,True,True,False,,True
https://www.futbolperuano.com/copa-sudamericana/noticias/con-cienciano-resultados-de-cuartos-de-final-de-copa-sudamericana-2026-599412,Jorge Cruzalegui,copa-sudamericana,9,12,75.0,🟡,True,False,False,True,True,True,,False,True,True,True,True,,True
https://www.futbolperuano.com/liga-voley/alianza-lima-sorprende-al-fichar-opuesta-europea-para-liga-peruana-de-voley-2026-27-600030,Jorge Cruzalegui,liga-voley,8,12,66.7,🟡,True,False,False,True,True,False,,False,True,True,True,True,,True
https://www.futbolperuano.com/copa-sudamericana/noticias/cienciano-vs-montevideo-city-en-vivo-por-la-copa-sudamericana-599827,Stewart Luya,copa-sudamericana,9,12,75.0,🟡,True,True,False,True,True,False,,True,True,True,True,False,,True
https://www.futbolperuano.com/futbol-femenino/liga-femenina/melgar-goleo-5-1-a-atletico-andahuaylas-por-la-fecha-9-del-clausura-de-la-liga-femenina-600184,Joaquín Vásquez,futbol-femenino,9,12,75.0,🟡,True,False,False,True,True,True,,True,True,True,True,False,,True
https://www.futbolperuano.com/liga-1/noticias/alianza-lima-y-la-ulima-vez-que-vencio-a-universitario-de-deportes-en-matute-600013,Jorge Cruzalegui,liga-1,8,12,66.7,🟡,True,False,False,True,True,False,,False,True,True,True,True,,True
https://www.futbolperuano.com/liga-voley/venezuela-vs-peru-en-vivo-online-por-la-fecha-3-del-sudamericano-de-voleibol-femenino-599858,Gabriel Rey,liga-voley,8,12,66.7,🟡,True,False,False,True,True,False,,True,True,True,True,False,,True
https://www.futbolperuano.com/peruanos-en-el-exterior/noticias/francesco-andrealli-debuto-en-la-uefa-youth-league-2026-27-599936,Stewart Luya,peruanos-en-el-exterior,10,12,83.3,🟢,True,True,False,True,True,True,,False,True,True,True,True,,True
https://www.futbolperuano.com/copa-peru/noticias/sport-river-se-sigue-reforzando-para-la-etapa-nacional-de-la-copa-peru-599952,Stewart Luya,copa-peru,9,12,75.0,🟡,True,False,False,True,True,True,,False,True,True,True,True,,True
https://www.futbolperuano.com/copa-peru/noticias/copa-peru-deportivo-caysa-presento-a-sus-nuevos-refuerzos-599962,Stewart Luya,copa-peru,10,12,83.3,🟢,True,True,False,True,True,True,,False,True,True,True,True,,True
https://www.futbolperuano.com/liga-de-campeones/noticias/resultados-y-tabla-de-posiciones-de-la-fecha-1-de-champions-league-2026-27-599397,Jorge Cruzalegui,liga-de-campeones,9,12,75.0,🟡,True,False,False,True,True,True,,False,True,True,True,True,,True
https://www.futbolperuano.com/liga-1/noticias/liga-1-revelo-la-lista-de-suspendidos-para-la-fecha-9-del-torneo-clausura-599938,Joaquín Vásquez,liga-1,9,12,75.0,🟡,True,False,False,True,True,True,,False,True,True,True,True,,True
https://www.futbolperuano.com/copa-peru/noticias/anthony-osorio-nuevo-refuerzo-de-union-minas-de-pamputa-para-etapa-nacional-de-copa-peru-599925,Joaquín Vásquez,copa-peru,8,12,66.7,🟡,True,False,False,True,True,False,,False,True,True,True,True,,True
https://www.futbolperuano.com/liga-voley/universitario-de-deportes-confirmo-fecha-y-rival-para-noche-de-las-pumas-2026-600021,Jorge Cruzalegui,liga-voley,8,12,66.7,🟡,True,False,False,True,True,False,,False,True,True,True,True,,True
https://www.futbolperuano.com/liga-1/noticias/incendian-mural-del-senor-de-los-milagros-a-horas-del-alianza-lima-vs-universitario-600100,Joaquín Vásquez,liga-1,8,12,66.7,🟡,True,False,False,True,True,False,,False,True,True,True,True,,True
https://www.futbolperuano.com/liga-1/noticias/ronaldo-nazario-quiere-conocer-a-ignacio-buse-y-sorprendio-con-inesperada-confesion-599893,Joaquín Vásquez,liga-1,9,12,75.0,🟡,True,False,False,True,True,False,,True,True,True,True,True,,True
https://www.futbolperuano.com/peruanos-en-el-exterior/noticias/felipe-chavez-fue-titular-y-marca-un-gol-con-fc-magdeburg-sub-21-en-alemania-599884,Joaquín Vásquez,peruanos-en-el-exterior,9,12,75.0,🟡,True,False,False,True,True,True,,False,True,True,True,True,,True
https://www.futbolperuano.com/liga-1/noticias/franco-velasco-revela-como-llego-sekou-gassama-a-universitario-y-que-cambio-tras-salida-599891,Joaquín Vásquez,liga-1,9,12,75.0,🟡,True,False,False,True,True,True,,False,True,True,True,True,,True
https://www.futbolperuano.com/peruanos-en-el-exterior/noticias/renato-tapia-no-ingreso-y-al-wasl-empato-2-2-ante-al-ain-por-la-liga-de-emiratos-600076,Joaquín Vásquez,peruanos-en-el-exterior,8,12,66.7,🟡,True,False,False,True,True,False,,False,True,True,True,True,,True
https://www.futbolperuano.com/copa-libertadores/noticias/resultados-de-los-cuartos-de-final-de-la-copa-libertadores-2026-599406,Jorge Cruzalegui,copa-libertadores,10,12,83.3,🟢,True,True,False,True,True,True,,False,True,True,True,True,,True
https://www.futbolperuano.com/liga-1/noticias/carlos-garces-pone-en-duda-su-continuidad-en-cienciano-para-2027-y-revela-cual-es-la-situacion-de-su-contrato-con-el-cuadro-cusqueno-599843,Gabriel Rey,liga-1,7,12,58.3,🔴,True,False,False,True,True,True,,False,True,True,True,False,,False
https://www.futbolperuano.com/liga-voley/brasil-vs-peru-en-vivo-online-por-el-sudamericano-de-voleibol-femenino-2026-599669,Jorge Cruzalegui,liga-voley,10,12,83.3,🟢,True,False,False,True,True,True,,True,True,True,True,True,,True
https://www.futbolperuano.com/copa-peru/noticias/estadio-monumental-de-la-una-recibe-luz-verde-y-ya-podra-albergar-partidos-de-la-etapa-nacional-de-la-copa-peru-2026-antes-de-recibir-a-la-seleccion-peruana-599850,Gabriel Rey,copa-peru,8,12,66.7,🟡,True,False,False,True,True,True,,False,True,True,True,True,,False
https://www.futbolperuano.com/copa-libertadores/noticias/estudiantes-de-la-plata-vs-corinthians-en-vivo-online-por-la-ida-de-los-cuartos-de-final-de-la-copa-libertadores-2026-599658,Gabriel Rey,copa-libertadores,9,12,75.0,🟡,True,False,False,True,True,True,,False,True,True,True,True,,True
https://www.futbolperuano.com/copa-peru/noticias/patricio-arce-vuelve-al-futbol-tras-recuperar-su-libertad-y-es-anunciado-como-nuevo-refuerzo-de-leones-de-anccaca-para-la-etapa-nacional-de-la-copa-peru-2026-599863,Gabriel Rey,copa-peru,9,12,75.0,🟡,True,False,False,True,True,True,,False,True,True,True,True,,True
https://www.futbolperuano.com/liga-1/noticias/andres-mendoza-arremetio-contra-federico-girotti-antes-del-clasico-y-cuestiono-duramente-el-rendimiento-del-delantero-de-alianza-lima-en-la-temporada-2026-599812,Gabriel Rey,liga-1,9,12,75.0,🟡,True,False,False,True,True,True,,False,True,True,True,True,,True
https://www.futbolperuano.com/liga-1/noticias/universitario-busca-hacer-historia-ante-alianza-lima-y-romper-un-record-historico-en-matute-599819,Gabriel Iberico,liga-1,8,12,66.7,🟡,True,False,False,True,True,False,,False,True,True,True,True,,True
https://www.futbolperuano.com/copa-libertadores/noticias/palmeiras-vs-ldu-de-quito-en-vivo-online-con-jesus-pretell-por-cuartos-de-final-de-copa-libertadores-2026-599688,Jorge Cruzalegui,copa-libertadores,9,12,75.0,🟡,True,False,False,True,True,False,,True,True,True,True,True,,True
https://www.futbolperuano.com/liga-1/noticias/alianza-lima-revelo-la-camiseta-blanquimorada-que-lucira-en-octubre-de-2026-599914,Joaquín Vásquez,liga-1,9,12,75.0,🟡,True,False,False,True,True,False,,True,True,True,True,True,,True
https://www.futbolperuano.com/liga-2/noticias/liga-2-sport-huancayo-recibe-tres-inesperadas-sanciones-599818,Stewart Luya,liga-2,11,12,91.7,🟢,True,True,False,True,True,True,,True,True,True,True,True,,True
https://www.futbolperuano.com/liga-1/noticias/alianza-lima-vs-universitario-asi-marcha-el-historial-de-clasicos-jugados-en-matute-y-en-la-historia-599805,Gabriel Iberico,liga-1,8,12,66.7,🟡,True,False,False,True,True,False,,False,True,True,True,True,,True
https://www.futbolperuano.com/copa-sudamericana/noticias/rodrigo-morales-termino-en-el-piso-previa-del-cienciano-vs-montevideo-city-torque-599961,Joaquín Vásquez,copa-sudamericana,7,12,58.3,🔴,True,False,False,True,True,False,,False,True,True,True,False,,True
https://www.futbolperuano.com/liga-1/noticias/como-le-fue-a-alianza-lima-con-micke-palomino-antes-del-clasico-ante-universitario-599781,Joaquín Vásquez,liga-1,9,12,75.0,🟡,True,False,False,True,True,True,,False,True,True,True,True,,True
https://www.futbolperuano.com/liga-1/noticias/sporting-cristal-decidio-ponerle-fin-al-ciclo-de-roberto-mosquera-599778,Gabriel Iberico,liga-1,9,12,75.0,🟡,True,True,False,True,True,False,,False,True,True,True,True,,True
https://www.futbolperuano.com/liga-1/noticias/no-sera-en-piura-universitario-enfrentara-a-alianza-atletico-y-grau-en-insolito-estadio-599849,Gabriel Iberico,liga-1,8,12,66.7,🟡,True,False,False,True,True,False,,False,True,True,True,True,,True
https://www.futbolperuano.com/liga-1/noticias/alianza-lima-y-una-racha-historica-que-parece-imposible-de-repetir-en-los-clasicos-ante-universitario-599830,Gabriel Iberico,liga-1,8,12,66.7,🟡,True,False,False,True,True,False,,False,True,True,True,True,,True
https://www.futbolperuano.com/liga-2/noticias/liga-2-union-comercio-recibe-una-terrible-noticia-en-el-ascenso-599786,Stewart Luya,liga-2,9,12,75.0,🟡,True,True,False,True,True,False,,False,True,True,True,True,,True
https://www.futbolperuano.com/liga-voley/marina-scherer-regresa-a-la-liga-peruana-de-voley-2026-27-599801,Stewart Luya,liga-voley,9,12,75.0,🟡,True,True,False,True,True,False,,False,True,True,True,True,,True
https://www.futbolperuano.com/peruanos-en-el-exterior/noticias/matteo-perez-revela-el-curioso-apodo-que-recibio-en-el-vestuario-de-dinamo-zagreb-599773,Joaquín Vásquez,peruanos-en-el-exterior,9,12,75.0,🟡,True,False,False,True,True,False,,True,True,True,True,True,,True
https://www.futbolperuano.com/liga-1/noticias/como-le-fue-a-universitario-las-veces-que-micke-palomino-dirigio-sus-partidos-599757,Joaquín Vásquez,liga-1,10,12,83.3,🟢,True,False,True,True,True,True,,False,True,True,True,True,,True
https://www.futbolperuano.com/peruanos-en-el-exterior/noticias/bassco-soyer-volvio-a-ser-titular-con-gil-vicente-vs-maritimo-en-liga-next-gen-u23-599713,Joaquín Vásquez,peruanos-en-el-exterior,8,12,66.7,🟡,True,False,False,True,False,True,,False,True,True,True,True,,True
https://www.futbolperuano.com/liga-1/noticias/alianza-lima-vs-universitario-los-seis-jugadores-que-podrian-protagonizar-la-ley-del-ex-en-el-clasico-599840,Gabriel Iberico,liga-1,9,12,75.0,🟡,True,False,False,True,True,False,,True,True,True,True,True,,True
https://www.futbolperuano.com/liga-1/noticias/giancarlo-granda-arremete-contra-los-delanteros-de-alianza-lima-en-la-previa-al-clasico-599792,Gabriel Iberico,liga-1,9,12,75.0,🟡,True,False,False,True,True,False,,True,True,True,True,True,,True
https://www.futbolperuano.com/copa-peru/noticias/copa-peru-subcampeon-de-piura-presento-a-su-nuevo-entrenador-599760,Stewart Luya,copa-peru,10,12,83.3,🟢,True,True,False,True,True,True,,False,True,True,True,True,,True
https://www.futbolperuano.com/copa-peru/noticias/programacion-de-la-fecha-1-de-la-etapa-nacional-de-la-copa-peru-598540,Stewart Luya,copa-peru,9,12,75.0,🟡,False,True,False,True,True,True,,False,True,True,True,True,,True
https://www.futbolperuano.com/peruanos-en-el-exterior/noticias/wilder-cartagena-ingreso-en-triunfo-de-orlando-city-ante-atlanta-united-por-la-mls-599882,Joaquín Vásquez,peruanos-en-el-exterior,10,12,83.3,🟢,True,False,False,True,True,True,,True,True,True,True,True,,True
https://www.futbolperuano.com/copa-peru/noticias/atletico-torino-suma-siete-refuerzos-para-afrontar-la-etapa-nacional-de-la-copa-peru-2026-599730,Joaquín Vásquez,copa-peru,9,12,75.0,🟡,True,False,False,True,True,True,,False,True,True,True,True,,True
https://www.futbolperuano.com/copa-sudamericana/noticias/horacio-melgarejo-revela-la-principal-arma-de-cienciano-para-enfrentar-a-rivales-internacionales-antes-de-los-cuartos-de-final-de-la-copa-sudamericana-599824,Gabriel Rey,copa-sudamericana,9,12,75.0,🟡,True,False,False,True,True,True,,False,True,True,True,True,,True
https://www.futbolperuano.com/liga-1/noticias/jose-luis-puma-carranza-estara-en-matute-para-el-clasico-entre-universitario-y-alianza-lima-599714,Joaquín Vásquez,liga-1,8,12,66.7,🟡,True,False,False,True,True,True,,False,True,True,True,False,,True
https://www.futbolperuano.com/liga-1/noticias/liga-1-comision-disciplinaria-sanciona-a-adt-de-tarma-599774,Stewart Luya,liga-1,9,12,75.0,🟡,True,True,False,True,True,False,,False,True,True,True,True,,True
https://www.futbolperuano.com/liga-voley/alianza-lima-presentara-a-sus-tricampeonas-en-la-noche-blanquiazul-voley-2026-fechas-y-rivales-599735,Joaquín Vásquez,liga-voley,9,12,75.0,🟡,True,False,False,True,True,False,,True,True,True,True,True,,True
https://www.futbolperuano.com/peruanos-en-el-exterior/noticias/deportivo-cali-se-despidio-de-la-copa-colombia-y-pedro-gallese-fue-suplente-599710,Joaquín Vásquez,peruanos-en-el-exterior,9,12,75.0,🟡,True,False,False,True,True,True,,False,True,True,True,True,,True
https://www.futbolperuano.com/futbol-femenino/liga-femenina/universitario-ficha-a-seleccionada-chilena-para-la-copa-libertadores-femenina-2026-599682,Jorge Cruzalegui,futbol-femenino,7,12,58.3,🔴,True,False,False,True,True,False,,False,True,True,True,True,,False
https://www.futbolperuano.com/peruanos-en-el-exterior/noticias/sergio-pena-jugo-los-90-minutos-en-el-empate-de-ofk-beograd-ante-imt-novi-beograd-599718,Joaquín Vásquez,peruanos-en-el-exterior,9,12,75.0,🟡,True,False,False,True,True,True,,False,True,True,True,True,,True
https://www.futbolperuano.com/liga-voley/san-martin-se-refuerza-con-excampeona-de-alianza-lima-para-liga-peruana-de-voley-2026-27-599677,Jorge Cruzalegui,liga-voley,9,12,75.0,🟡,True,False,False,True,True,True,,False,True,True,True,True,,True
https://www.futbolperuano.com/partidos-por-tv/noticias/programacion-de-partidos-por-tv-del-miercoles-09-de-septiembre-del-2026-599640,Jorge Cruzalegui,partidos-por-tv,9,12,75.0,🟡,True,False,False,True,True,True,,False,True,True,True,True,,True
https://www.futbolperuano.com/copa-sudamericana/noticias/cienciano-vs-montevideo-city-canales-del-partido-de-cuartos-de-final-de-copa-sudamericana-2026-599649,Jorge Cruzalegui,copa-sudamericana,7,12,58.3,🔴,True,False,False,True,True,False,,False,True,True,True,False,,True
https://www.futbolperuano.com/copa-sudamericana/noticias/cienciano-radios-que-relataran-partido-ante-montevideo-city-por-cuartos-de-copa-sudamericana-2026-599663,Jorge Cruzalegui,copa-sudamericana,7,12,58.3,🔴,True,False,False,True,True,False,,False,True,True,True,False,,True
https://www.futbolperuano.com/copa-peru/noticias/copa-peru-peru-san-german-disputara-la-segunda-division-599607,Stewart Luya,copa-peru,10,12,83.3,🟢,True,True,False,True,True,True,,False,True,True,True,True,,True
https://www.futbolperuano.com/liga-1/noticias/alianza-lima-vs-universitario-ya-tiene-arbitro-para-el-clasico-y-la-designacion-llega-tras-las-recientes-polemicas-de-la-liga-1-599578,Gabriel Rey,liga-1,9,12,75.0,🟡,True,False,False,True,True,True,,False,True,True,True,True,,True
https://www.futbolperuano.com/liga-voley/prensa-brasilena-sorprendida-con-el-presente-del-voleibol-peruano-599561,Stewart Luya,liga-voley,10,12,83.3,🟢,True,True,False,True,True,True,,False,True,True,True,True,,True
https://www.futbolperuano.com/liga-voley/campeonato-sudamericano-de-voleibol-femenino-eduardo-guillaume-destaca-el-crecimiento-de-chile-y-advierte-a-peru-599608,Gabriel Rey,liga-voley,9,12,75.0,🟡,True,False,False,True,True,True,,False,True,True,True,True,,True
https://www.futbolperuano.com/liga-voley/fixture-de-alianza-lima-en-el-campeonato-mundial-de-clubes-femeninos-de-la-fivb-599572,Stewart Luya,liga-voley,9,12,75.0,🟡,True,False,False,True,True,True,,False,True,True,True,True,,True
https://www.futbolperuano.com/liga-1/noticias/los-chankas-emiten-contundente-comunicado-sobre-uno-de-sus-jugadores-599655,Jorge Cruzalegui,liga-1,9,12,75.0,🟡,True,False,False,True,True,True,,False,True,True,True,True,,True
https://www.futbolperuano.com/liga-3/noticias/juventud-cautivo-toma-radical-medida-en-la-liga-3--2026-599597,Stewart Luya,liga-3,8,12,66.7,🟡,False,True,False,True,True,False,,False,True,True,True,True,,True
https://www.futbolperuano.com/liga-voley/fixture-del-campeonato-mundial-de-clubes-femeninos-de-la-fivb-599577,Stewart Luya,liga-voley,10,12,83.3,🟢,True,True,False,True,True,True,,False,True,True,True,True,,True
https://www.futbolperuano.com/copa-sudamericana/noticias/cienciano-montevideo-city-copia-una-estrategia-fallida-de-botafogo-599547,Stewart Luya,copa-sudamericana,9,12,75.0,🟡,True,False,False,True,True,True,,True,True,True,True,False,,True
https://www.futbolperuano.com/liga-1/noticias/liga-1-atletico-grau-toma-una-radical-medida-de-cara-al-clasico-piurano-599538,Stewart Luya,liga-1,10,12,83.3,🟢,True,False,False,True,True,True,,True,True,True,True,True,,True
https://www.futbolperuano.com/futbol-femenino/liga-femenina/liga-femenina-2026-como-se-jugaran-los-partidos-de-la-fecha-9-del-torneo-clausura-599624,Gabriel Rey,futbol-femenino,9,12,75.0,🟡,True,False,False,True,True,True,,False,True,True,True,True,,True
https://www.futbolperuano.com/peruanos-en-el-exterior/noticias/burnley-de-oliver-sonne-sigue-sin-ganar-en-la-championship-y-se-complica-en-la-tabla-tras-dejar-escapar-el-triunfo-ante-wrexham-599637,Gabriel Rey,peruanos-en-el-exterior,9,12,75.0,🟡,True,False,False,True,True,True,,False,True,True,True,True,,True
https://www.futbolperuano.com/copa-sudamericana/noticias/cienciano-recibe-un-duro-golpe-para-enfrentar-a-montevideo-city-por-la-copa-sudamericana-599497,Gabriel Iberico,copa-sudamericana,7,12,58.3,🔴,True,False,False,True,True,False,,False,True,True,True,False,,True
https://www.futbolperuano.com/peruanos-en-el-exterior/noticias/erick-noriega-fue-titular-en-la-nueva-derrota-de-gremio-en-el-brasileirao-599505,Gabriel Iberico,peruanos-en-el-exterior,7,12,58.3,🔴,True,False,False,True,True,False,,False,True,True,True,False,,True
https://www.futbolperuano.com/liga-1/noticias/carlos-desio-revelo-su-futuro-en-sport-boys-de-cara-al-2027-599480,Gabriel Iberico,liga-1,9,12,75.0,🟡,True,True,False,True,True,False,,False,True,True,True,True,,True
https://www.futbolperuano.com/liga-1/noticias/alianza-lima-envia-fuerte-mensaje-a-la-conar-en-la-previa-al-clasico-ante-universitario-599500,Gabriel Iberico,liga-1,9,12,75.0,🟡,True,False,False,True,True,False,,True,True,True,True,True,,True
https://www.futbolperuano.com/liga-3/noticias/liga-3-union-huaral-cambia-de-director-tecnico-599553,Stewart Luya,liga-3,8,12,66.7,🟡,True,False,False,True,True,False,,False,True,True,True,True,,True
https://www.futbolperuano.com/peruanos-en-el-exterior/noticias/progreso-de-marco-saravia-sumo-su-segunda-victoria-en-la-liga-uruguaya-2026-599472,Jorge Cruzalegui,peruanos-en-el-exterior,8,12,66.7,🟡,True,False,False,True,True,False,,False,True,True,True,True,,True
https://www.futbolperuano.com/copa-peru/noticias/copa-peru-union-minas-sorprende-con-extensa-purga-a-puertas-de-su-participacion-en-la-etapa-nacional-599460,Gabriel Iberico,copa-peru,9,12,75.0,🟡,True,False,False,True,True,True,,False,True,True,True,True,,True
https://www.futbolperuano.com/copa-peru/noticias/copa-peru-el-campeon-de-la-libertad-presento-su-nuevo-comando-tecnico-599530,Stewart Luya,copa-peru,9,12,75.0,🟡,True,False,False,True,True,True,,False,True,True,True,True,,True
https://www.futbolperuano.com/liga-voley/antonio-rizola-confia-en-la-fortaleza-de-peru-para-el-sudamericano-599489,Gabriel Iberico,liga-voley,8,12,66.7,🟡,True,False,False,True,True,False,,True,True,True,True,False,,True
https://www.futbolperuano.com/peru/mas-del-futbol-peruano/deportivo-maristas-solicito-participar-en-tradicion-copera-2026-599535,Stewart Luya,peru,10,12,83.3,🟢,True,True,False,True,True,True,,False,True,True,True,True,,True
https://www.futbolperuano.com/futsal/futsal-pro-2026-arranca-el-torneo-que-dara-un-cupo-a-la-copa-libertadores-599433,Enrique Giles,futsal,8,12,66.7,🟡,True,False,False,True,True,False,,False,True,True,True,True,,True
https://www.futbolperuano.com/liga-2/noticias/liga-2-asi-se-definira-el-descenso-en-la-segunda-division-de-peru-599473,Gabriel Iberico,liga-2,9,12,75.0,🟡,True,False,False,True,True,False,,True,True,True,True,True,,True
https://www.futbolperuano.com/partidos-por-tv/noticias/programacion-de-hoy-martes-8-de-septiembre-de-2026-horarios-del-futbol-en-vivo-por-television-en-el-peru-599457,Gabriel Iberico,partidos-por-tv,9,12,75.0,🟡,True,False,False,True,True,False,,True,True,True,True,True,,True
https://www.futbolperuano.com/peruanos-en-el-exterior/noticias/adrian-ugarriza-debuto-como-titular-con-hapoel-beer-sheva-y-cayo-4-1-599435,Joaquín Vásquez,peruanos-en-el-exterior,9,12,75.0,🟡,True,False,False,True,True,True,,False,True,True,True,True,,True
https://www.futbolperuano.com/peruanos-en-el-exterior/noticias/sebastian-aranda-volvio-a-jugar-en-triunfo-de-auda-por-la-virsliga-de-letonia-599375,Joaquín Vásquez,peruanos-en-el-exterior,9,12,75.0,🟡,True,False,False,True,True,True,,False,True,True,True,True,,True
https://www.futbolperuano.com/liga-2/noticias/liga-2-2026-resultados-y-tablas-de-posiciones-de-la-fecha-17-de-la-fase-de-grupos-598854,Gabriel Rey,liga-2,7,12,58.3,🔴,True,False,False,True,True,False,,False,True,True,True,True,,False
https://www.futbolperuano.com/liga-2/noticias/liga-2-2026-asi-se-jugara-la-fase-2-de-la-segunda-division-de-peru-599428,Jorge Cruzalegui,liga-2,8,12,66.7,🟡,True,False,False,True,True,False,,False,True,True,True,True,,True
https://www.futbolperuano.com/peruanos-en-el-exterior/noticias/jamie-vardy-es-nuevo-jugador-del-burnley-y-sera-companero-de-oliver-sonne-599393,Joaquín Vásquez,peruanos-en-el-exterior,8,12,66.7,🟡,True,False,False,True,True,True,,False,True,True,True,False,,True
https://www.futbolperuano.com/liga-3/noticias/pacifico-fc-gano-el-reclamo-frente-a-social-pariacoto-y-lidera-la-liga-3-2026-599441,Jorge Cruzalegui,liga-3,8,12,66.7,🟡,True,False,False,True,True,False,,False,True,True,True,True,,True
https://www.futbolperuano.com/peruanos-en-el-exterior/noticias/ronald-banana-ruiz-es-nuevo-jugador-del-azuqueca-de-espana-a-los-41-anos-599405,Joaquín Vásquez,peruanos-en-el-exterior,9,12,75.0,🟡,True,False,False,True,True,True,,False,True,True,True,True,,True
https://www.futbolperuano.com/peruanos-en-el-exterior/noticias/renato-espinosa-fue-titular-en-derrota-de-corvinul-hunedoara-por-la-superliga-de-rumania-599388,Joaquín Vásquez,peruanos-en-el-exterior,9,12,75.0,🟡,True,False,False,True,True,True,,False,True,True,True,True,,True
https://www.futbolperuano.com/peruanos-en-el-exterior/noticias/wilder-cartagena-ingreso-en-triunfo-de-orlando-city-ante-san-diego-fc-por-la-mls-599373,Joaquín Vásquez,peruanos-en-el-exterior,9,12,75.0,🟡,True,False,False,True,True,True,,False,True,True,True,True,,True
https://www.futbolperuano.com/liga-1/noticias/miguel-rondelli-dt-de-melgar-tuvo-fuerte-pelea-con-periodista-599360,Gabriel Iberico,liga-1,10,12,83.3,🟢,True,True,False,True,True,False,,True,True,True,True,True,,True
https://www.futbolperuano.com/liga-1/noticias/luis-urruti-explota-tras-el-polemico-desenlace-en-el-sport-huancayo-vs-sport-boys-599420,Joaquín Vásquez,liga-1,10,12,83.3,🟢,True,False,True,True,True,True,,False,True,True,True,True,,True
https://www.futbolperuano.com/liga-2/noticias/pirata-fc-vs-carlos-mannucci-en-vivo-por-la-liga-2-599346,Gabriel Iberico,liga-2,10,12,83.3,🟢,True,True,False,True,True,False,,True,True,True,True,True,,True
https://www.futbolperuano.com/liga-1/noticias/nicolas-diaz-podra-jugar-el-clasico-ante-universitario-tras-golpe-con-alianza-lima-599377,Joaquín Vásquez,liga-1,10,12,83.3,🟢,True,False,False,True,True,True,,True,True,True,True,True,,True
https://www.futbolperuano.com/peruanos-en-el-exterior/noticias/tiago-cantoro-debuta-con-gol-en-italia-pese-a-derrota-del-vigor-lamezia-599358,Gabriel Iberico,peruanos-en-el-exterior,9,12,75.0,🟡,True,False,False,True,True,False,,True,True,True,True,True,,True
https://www.futbolperuano.com/liga-1/noticias/mr-peet-arremete-contra-el-arbitro-del-universitario-vs-comerciantes-unidos-599338,Gabriel Iberico,liga-1,9,12,75.0,🟡,True,False,False,True,True,False,,True,True,True,True,True,,True
https://www.futbolperuano.com/liga-1/noticias/liga-1-asi-marcha-la-tabla-acumulada-luego-de-jugarse-la-fecha-8-del-torneo-clausura-2026-599354,Gabriel Iberico,liga-1,9,12,75.0,🟡,True,False,False,True,True,True,,False,True,True,True,True,,True
https://www.futbolperuano.com/liga-1/noticias/melgar-vs-adt-en-vivo-por-el-torneo-clausura-de-la-liga-1-599169,Gabriel Iberico,liga-1,10,12,83.3,🟢,True,True,False,True,True,False,,True,True,True,True,True,,True
https://www.futbolperuano.com/liga-1/noticias/liga-1-2026-resultados-y-tablas-de-posiciones-de-la-fecha-8-del-torneo-clausura-598866,Gabriel Rey,liga-1,8,12,66.7,🟡,True,False,False,True,True,True,,False,True,True,True,True,,False
https://www.futbolperuano.com/copa-peru/noticias/atletico-torino-se-consagra-bicampeon-de-piura-y-va-por-el-ascenso-en-la-etapa-nacional-de-la-copa-peru-2026-con-la-ilusion-de-volver-a-hacer-historia-599341,Gabriel Rey,copa-peru,8,12,66.7,🟡,True,False,False,True,True,True,,False,True,True,True,True,,False
https://www.futbolperuano.com/copa-peru/noticias/el-fixture-oficial-de-la-etapa-nacional-de-la-copa-peru-2026-596524,Robert Luna,copa-peru,10,12,83.3,🟢,True,True,False,True,True,True,,False,True,True,True,True,,True
https://www.futbolperuano.com/peruanos-en-el-exterior/noticias/jesus-castillo-volvio-al-triunfo-con-esperance-tunis-en-la-liga-de-tunez-599340,Jorge Cruzalegui,peruanos-en-el-exterior,8,12,66.7,🟡,True,False,False,True,True,False,,False,True,True,True,True,,True
https://www.futbolperuano.com/liga-3/noticias/juan-aurich-vs-juvenud-cautivo-en-vivo-online-por-fecha-14-de-liga-3-2026-599199,Jorge Cruzalegui,liga-3,9,12,75.0,🟡,True,False,False,True,True,False,,True,True,True,True,True,,True
https://www.futbolperuano.com/liga-3/noticias/ecosem-vs-asa-fc-en-vivo-online-por-la-fecha-14-de-la-fase-regional-de-la-liga-3-2026-599254,Gabriel Rey,liga-3,9,12,75.0,🟡,True,False,False,True,True,True,,False,True,True,True,True,,True
https://www.futbolperuano.com/futbol-femenino/liga-femenina/liga-femenina-2026-resultados-y-tablas-de-posiciones-de-la-fecha-8-del-torneo-clausura-598907,Gabriel Rey,futbol-femenino,9,12,75.0,🟡,True,False,True,True,True,True,,False,True,True,True,True,,False
https://www.futbolperuano.com/liga-1/noticias/gianluca-lapadula-calienta-la-previa-del-clasico-con-picante-dardo-a-alianza-lima-599330,Gabriel Iberico,liga-1,9,12,75.0,🟡,True,False,False,True,True,False,,True,True,True,True,True,,True
https://www.futbolperuano.com/liga-1/noticias/juan-pablo-ii-vs-alianza-lima-en-vivo-online-por-fecha-8-del-torneo-clausura-de-liga-1-2026-599233,Jorge Cruzalegui,liga-1,9,12,75.0,🟡,True,False,False,True,True,False,,True,True,True,True,True,,True
https://www.futbolperuano.com/liga-3/noticias/uda-vs-adt-tahuishco-en-vivo-online-por-la-fecha-14-de-la-fase-regional-de-la-liga-3-2026-599263,Gabriel Rey,liga-3,9,12,75.0,🟡,True,False,False,True,True,True,,False,True,True,True,True,,True
https://www.futbolperuano.com/liga-3/noticias/cultural-volante-vs-santo-domingo-en-vivo-por-la-liga-3-599266,Gabriel Iberico,liga-3,10,12,83.3,🟢,True,True,False,True,True,False,,True,True,True,True,True,,True
https://www.futbolperuano.com/liga-2/noticias/union-comercio-vs-san-martin-en-vivo-por-la-liga-2-599265,Gabriel Iberico,liga-2,10,12,83.3,🟢,True,True,False,True,True,False,,True,True,True,True,True,,True
https://www.futbolperuano.com/liga-2/noticias/alianza-universidad-vs-union-minas-en-vivo-por-la-liga-2-599127,Stewart Luya,liga-2,10,12,83.3,🟢,True,True,False,True,True,False,,True,True,True,True,True,,True
https://www.futbolperuano.com/peruanos-en-el-exterior/noticias/yordy-reyna-se-hunde-con-rodina-moscu-en-la-primera-division-de-rusia-599323,Jorge Cruzalegui,peruanos-en-el-exterior,8,12,66.7,🟡,True,False,False,True,True,True,,False,True,False,True,True,,True
https://www.futbolperuano.com/partidos-por-tv/noticias/programacion-de-hoy-lunes-7-de-septiembre-de-2026-horarios-del-futbol-en-vivo-por-television-en-el-peru-599326,Gabriel Iberico,partidos-por-tv,9,12,75.0,🟡,True,False,False,True,True,False,,True,True,True,True,True,,True
https://www.futbolperuano.com/peruanos-en-el-exterior/noticias/andre-carrillo-jugo-en-la-cuarta-derrota-consecutiva-de-corinthians-en-el-brasileirao-599344,Jorge Cruzalegui,peruanos-en-el-exterior,9,12,75.0,🟡,True,False,False,True,True,True,,False,True,True,True,True,,True
https://www.futbolperuano.com/liga-1/noticias/liga-1-asi-se-jugaran-los-partidos-de-la-novena-fecha-del-torneo-clausura-2026-599353,Gabriel Iberico,liga-1,9,12,75.0,🟡,True,False,False,True,True,True,,False,True,True,True,True,,True
https://www.futbolperuano.com/peruanos-en-el-exterior/noticias/con-jean-pierre-rhyner-vizela-se-acerca-a-la-cima-en-la-segunda-division-de-portugal-599311,Jorge Cruzalegui,peruanos-en-el-exterior,8,12,66.7,🟡,True,False,False,True,True,True,,False,True,False,True,True,,True
https://www.futbolperuano.com/liga-1/noticias/deportivo-garcilaso-vs-atletico-grau-en-vivo-online-por-fecha-8-del-torneo-clausura-de-liga-1-2026-599205,Jorge Cruzalegui,liga-1,9,12,75.0,🟡,True,False,False,True,True,False,,True,True,True,True,True,,True
https://www.futbolperuano.com/liga-3/noticias/liga-3-2026-resultados-y-tablas-de-posiciones-de-la-fecha-14-de-la-fase-regional-598876,Gabriel Rey,liga-3,8,12,66.7,🟡,True,False,False,True,True,True,,False,True,True,True,True,,False
https://www.futbolperuano.com/futbol-femenino/liga-femenina/alianza-lima-vence-a-atletico-andahuaylas-y-sigue-imparable-en-el-primer-lugar-del-torneo-clausura-2026-599332,Gabriel Rey,futbol-femenino,9,12,75.0,🟡,True,False,False,True,True,True,,False,True,True,True,True,,True
https://www.futbolperuano.com/peruanos-en-el-exterior/noticias/fabio-gruber-se-consolida-en-mainz-05-fue-titular-en-goleada-ante-hamburgo-y-suma-minutos-clave-en-la-bundesliga-de-alemania-599324,Gabriel Rey,peruanos-en-el-exterior,9,12,75.0,🟡,True,False,False,True,True,True,,False,True,True,True,True,,True
https://www.futbolperuano.com/liga-1/noticias/sporting-cristal-vs-los-chankas-en-vivo-por-el-torneo-clausura-599119,Stewart Luya,liga-1,10,12,83.3,🟢,True,True,False,True,True,False,,True,True,True,True,True,,True
https://www.futbolperuano.com/peruanos-en-el-exterior/noticias/kluiverth-aguilar-vuelve-al-futbol-18-meses-despues-y-con-camiseta-de-minnesota-united-599307,Jorge Cruzalegui,peruanos-en-el-exterior,8,12,66.7,🟡,True,False,False,True,True,False,,False,True,True,True,True,,True
https://www.futbolperuano.com/liga-2/noticias/liga-2-2026-como-se-jugaran-los-partidos-de-la-fecha-18-de-la-fase-regional-599426,Joaquín Vásquez,liga-2,8,12,66.7,🟡,True,False,False,True,True,False,,False,True,True,True,True,,True
https://www.futbolperuano.com/peruanos-en-el-exterior/noticias/felipe-chavez-debuta-con-magdeburgo-tras-dejar-bayern-munich-y-suma-sus-primeros-minutos-en-la-segunda-division-de-alemania-599313,Gabriel Rey,peruanos-en-el-exterior,9,12,75.0,🟡,True,False,False,True,True,True,,False,True,True,True,True,,True
https://www.futbolperuano.com/peru/mas-del-futbol-peruano/que-equipos-solicitaron-participar-en-tradicion-copera-2026-599298,Stewart Luya,peru,10,12,83.3,🟢,True,True,False,True,True,True,,False,True,True,True,True,,True
https://www.futbolperuano.com/futbol-de-menores/deportivo-garcilaso-aplasto-a-universitario-y-le-marco-27-goles-en-tres-partidos-de-la-copa-oro-de-cusco-sin-recibir-un-solo-tanto-599304,Gabriel Rey,futbol-de-menores,8,12,66.7,🟡,True,False,False,True,True,True,,False,True,True,True,True,,False
https://www.futbolperuano.com/peru/mas-del-futbol-peruano/alexander-sanchez-sale-del-retiro-para-disputar-tradicion-copera-2026-599296,Stewart Luya,peru,10,12,83.3,🟢,True,False,False,True,True,True,,True,True,True,True,True,,True
https://www.futbolperuano.com/liga-1/noticias/carlos-garces-sigue-haciendo-historia-en-cienciano-599262,Gabriel Iberico,liga-1,8,12,66.7,🟡,True,True,False,True,True,False,,False,True,True,True,False,,True
https://www.futbolperuano.com/liga-1/noticias/cusco-fc-vs-deportivo-moquegua-en-vivo-por-el-torneo-clausura-de-la-liga-1-2026-599151,Gabriel Iberico,liga-1,10,12,83.3,🟢,True,False,False,True,True,True,,True,True,True,True,True,,True
https://www.futbolperuano.com/liga-1/noticias/sport-boys-arremete-contra-el-arbitraje-tras-caer-ante-sport-huancayo-y-exige-los-audios-del-var-de-las-acciones-mas-polemicas-del-partido-599267,Gabriel Rey,liga-1,10,12,83.3,🟢,True,False,False,True,True,True,,True,True,True,True,True,,True
https://www.futbolperuano.com/copa-sudamericana/noticias/cienciano-vs-montevideo-city-torque-asi-llega-el-rival-por-los-cuartos-de-la-copa-sudamericana-599245,Joaquín Vásquez,copa-sudamericana,8,12,66.7,🟡,True,False,False,True,True,True,,False,True,True,True,False,,True
https://www.futbolperuano.com/liga-2/noticias/santos-fc-vs-estudiantil-cni-en-vivo-por-la-liga-2-599150,Gabriel Iberico,liga-2,10,12,83.3,🟢,True,True,False,True,True,False,,True,True,True,True,True,,True
https://www.futbolperuano.com/liga-1/noticias/alianza-lima-recupera-a-figura-clave-para-enfrentar-a-juan-pablo-ii-599258,Gabriel Iberico,liga-1,9,12,75.0,🟡,True,False,False,True,True,False,,True,True,True,True,True,,True
https://www.futbolperuano.com/liga-1/noticias/javier-sanguinetti-pidio-disculpas-a-sport-boys-tras-su-polemica-celebracion-en-el-triunfo-de-sport-huancayo-por-el-torneo-clausura-de-la-liga-1-599283,Gabriel Rey,liga-1,10,12,83.3,🟢,True,False,False,True,True,True,,True,True,True,True,True,,True
https://www.futbolperuano.com/futbol-femenino/liga-femenina/universitario-aplasta-a-yanapuma-y-se-aferra-a-la-pelea-por-el-torneo-clausura-599261,Gabriel Iberico,futbol-femenino,8,12,66.7,🟡,True,False,False,True,True,False,,False,True,True,True,True,,True
https://www.futbolperuano.com/liga-1/noticias/sport-huancayo-vs-sport-boys-en-vivo-online-por-la-fecha-8-del-torneo-clausura-de-la-liga-1-2026-598997,Joaquín Vásquez,liga-1,9,12,75.0,🟡,True,False,False,True,True,False,,True,True,True,True,True,,True
https://www.futbolperuano.com/peruanos-en-el-exterior/noticias/francesco-andrealli-participo-en-la-victoria-de-como-1907-primavera-ante-torino-599243,Joaquín Vásquez,peruanos-en-el-exterior,9,12,75.0,🟡,True,False,False,True,True,True,,False,True,True,True,True,,True
https://www.futbolperuano.com/mas-deportes/tenis/juan-pablo-varillas-levanto-un-5-1-y-clasifico-a-la-final-del-challenger-de-como-599239,Gabriel Iberico,mas-deportes,9,12,75.0,🟡,True,False,False,True,True,False,,True,True,True,True,True,,True
https://www.futbolperuano.com/liga-1/noticias/diego-rebagliati-apunta-contra-dirigentes-de-sporting-cristal-tras-el-duro-presente-del-club-599242,Gabriel Iberico,liga-1,8,12,66.7,🟡,True,False,False,True,True,False,,False,True,True,True,True,,True
https://www.futbolperuano.com/peruanos-en-el-exterior/noticias/felipe-chavez-se-enfrentara-al-bayern-munich-por-la-segunda-ronda-de-la-copa-de-alemania-599264,Gabriel Iberico,peruanos-en-el-exterior,8,12,66.7,🟡,True,False,False,True,True,False,,False,True,True,True,True,,True
https://www.futbolperuano.com/liga-1/noticias/juan-pablo-ii-vs-alianza-lima-posibles-alineaciones-para-el-duelo-por-la-fecha-8-del-torneo-clausura-de-la-liga-1-599247,Gabriel Rey,liga-1,9,12,75.0,🟡,True,False,False,True,True,True,,False,True,True,True,True,,True
https://www.futbolperuano.com/copa-peru/noticias/fabrizio-roca-continuara-su-carrera-futbolistica-en-la-copa-peru-599295,Stewart Luya,copa-peru,10,12,83.3,🟢,True,True,False,True,True,True,,False,True,True,True,True,,True
https://www.futbolperuano.com/liga-2/noticias/cesar-vallejo-vs-ada-de-jaen-en-vivo-por-la-fase-regional-de-la-liga-2-599206,Joaquín Vásquez,liga-2,10,12,83.3,🟢,True,False,False,True,True,True,,True,True,True,True,True,,True
https://www.futbolperuano.com/liga-1/noticias/universitario-vs-comerciantes-unidos-en-vivo-por-el-torneo-clausura-2026-599152,Gabriel Iberico,liga-1,10,12,83.3,🟢,True,False,False,True,True,True,,True,True,True,True,True,,True
https://www.futbolperuano.com/liga-1/noticias/el-once-de-universitario-para-enfrentar-a-comerciantes-unidos-en-el-monumental-599229,Gabriel Iberico,liga-1,8,12,66.7,🟡,True,False,False,True,True,False,,False,True,True,True,True,,True
https://www.futbolperuano.com/peruanos-en-el-exterior/noticias/jesus-pretell-se-luce-en-la-victoria-de-ldu-de-quito-en-la-liga-pro-de-ecuador-599197,Jorge Cruzalegui,peruanos-en-el-exterior,9,12,75.0,🟡,True,False,False,True,True,False,,True,True,True,True,True,,True
https://www.futbolperuano.com/peruanos-en-el-exterior/noticias/oliver-sonne-suma-miutos-con-burnley-que-no-conoce-de-victorias-en-championship-599226,Jorge Cruzalegui,peruanos-en-el-exterior,9,12,75.0,🟡,True,False,False,True,True,True,,False,True,True,True,True,,True
https://www.futbolperuano.com/copa-peru/noticias/carlos-ascues-jugara-la-etapa-nacional-de-la-copa-peru-con-fc-sport-river-599224,Joaquín Vásquez,copa-peru,8,12,66.7,🟡,True,False,False,True,True,False,,False,True,True,True,True,,True
https://www.futbolperuano.com/peruanos-en-el-exterior/noticias/la-razon-por-la-cual-sebastian-osorio-no-hace-su-debut-con-el-sporting-de-lisboa-599215,Joaquín Vásquez,peruanos-en-el-exterior,8,12,66.7,🟡,True,False,False,True,True,False,,False,True,True,True,True,,True
https://www.futbolperuano.com/futbol-femenino/liga-femenina/sporting-cristal-se-impone-a-club-unsaac-y-se-mantiene-en-la-victoria-en-liga-femenina-2026-599213,Jorge Cruzalegui,futbol-femenino,9,12,75.0,🟡,True,False,False,True,True,False,,True,True,True,True,True,,True
https://www.futbolperuano.com/liga-1/noticias/alianza-atletico-vs-utc-en-vivo-por-el-torneo-clausura-2026-598755,Gabriel Iberico,liga-1,11,12,91.7,🟢,True,True,True,True,True,False,,True,True,True,True,True,,True
https://www.futbolperuano.com/peruanos-en-el-exterior/noticias/sebastian-aranda-y-auda-eliminaron-a-daugavpils-en-la-copa-de-letonia-y-avanzaron-la-final-598837,Joaquín Vásquez,peruanos-en-el-exterior,9,12,75.0,🟡,True,False,False,True,True,True,,False,True,True,True,True,,True
https://www.futbolperuano.com/liga-3/noticias/centro-social-pariacoto-anuncia-fin-de-alianza-con-jose-galvez-en-liga-3-2026-599193,Jorge Cruzalegui,liga-3,8,12,66.7,🟡,True,False,False,True,True,False,,False,True,True,True,True,,True
https://www.futbolperuano.com/copa-sudamericana/noticias/cienciano-vs-montevideo-city-se-confirma-al-arbitro-que-dirigira-el-encuentro-599139,Gabriel Iberico,copa-sudamericana,8,12,66.7,🟡,True,False,False,True,True,False,,True,True,True,True,False,,True
https://www.futbolperuano.com/liga-1/noticias/universitario-edison-flores-y-bryan-reyna-vuelven-a-quedar-fuera-en-el-equipo-de-hector-cuper-599122,Gabriel Iberico,liga-1,9,12,75.0,🟡,True,False,False,True,True,False,,True,True,True,True,True,,True
https://www.futbolperuano.com/liga-1/noticias/julio-cesar-uribe-revelan-la-postura-de-su-familia-tras-agresion-599107,Gabriel Iberico,liga-1,10,12,83.3,🟢,True,True,False,True,True,False,,True,True,True,True,True,,True
https://www.futbolperuano.com/liga-2/noticias/comerciantes-fc-vs-ayacucho-fc-en-vivo-por-la-liga-2-598760,Gabriel Iberico,liga-2,10,12,83.3,🟢,True,True,False,True,True,False,,True,True,True,True,True,,True
https://www.futbolperuano.com/liga-1/noticias/el-futuro-de-aldo-corzo-en-universitario-esta-en-duda-para-la-temporada-2027-599025,Joaquín Vásquez,liga-1,10,12,83.3,🟢,True,False,False,True,True,True,,True,True,True,True,True,,True
https://www.futbolperuano.com/partidos-por-tv/noticias/programacion-de-hoy-sabado-5-de-septiembre-de-2026-horarios-del-futbol-en-vivo-por-television-en-el-peru-599099,Gabriel Iberico,partidos-por-tv,8,12,66.7,🟡,True,False,False,True,True,False,,False,True,True,True,True,,True
https://www.futbolperuano.com/liga-2/noticias/sport-huancayo-vs-binacional-en-vivo-por-la-liga-2-598948,Stewart Luya,liga-2,10,12,83.3,🟢,True,True,False,True,True,False,,True,True,True,True,True,,True
https://www.futbolperuano.com/home/noticias/melgar-vencio-1-0-a-fc-killas-con-golazo-de-margarita-vasquez-por-la-liga-femenina-2026-599109,Joaquín Vásquez,home,8,12,66.7,🟡,True,False,False,True,True,False,,False,True,True,True,True,,True
https://www.futbolperuano.com/liga-2/noticias/academia-cantolao-vs-deportivo-llacuabamba-en-vivo-online-por-fecha-17-de-liga-2-2026-598981,Jorge Cruzalegui,liga-2,9,12,75.0,🟡,True,False,False,True,True,False,,True,True,True,True,True,,True
https://www.futbolperuano.com/peruanos-en-el-exterior/noticias/renato-tapia-no-logra-ser-titular-en-al-wasl-durante-el-inicio-de-temporada-202627-599211,Joaquín Vásquez,peruanos-en-el-exterior,8,12,66.7,🟡,True,False,False,True,True,False,,False,True,True,True,True,,True
https://www.futbolperuano.com/peruanos-en-el-exterior/noticias/matteo-perez-vinlof-fue-titular-en-el-triunfo-de-dinamo-zagreb-ante-gorica-599231,Joaquín Vásquez,peruanos-en-el-exterior,9,12,75.0,🟡,True,False,False,True,True,True,,False,True,True,True,True,,True
https://www.futbolperuano.com/peruanos-en-el-exterior/noticias/marcos-lopez-fue-titular-en-el-triunfo-de-copenhague-ante-nordsjaelland-598990,Joaquín Vásquez,peruanos-en-el-exterior,8,12,66.7,🟡,True,False,False,True,True,True,,False,True,True,True,False,,True
https://www.futbolperuano.com/peruanos-en-el-exterior/noticias/marco-saravia-ingreso-en-la-copa-auf-y-progreso-perdio-2-1-ante-albion-598993,Joaquín Vásquez,peruanos-en-el-exterior,9,12,75.0,🟡,True,False,False,True,True,True,,False,True,True,True,True,,True
https://www.futbolperuano.com/copa-peru/noticias/deportivo-caysa-vs-atletico-torino-se-enfrentan-por-final-de-etapa-departamental-piura-de-la-copa-peru-2026-599044,Joaquín Vásquez,copa-peru,9,12,75.0,🟡,True,False,False,True,True,True,,False,True,True,True,True,,True
https://www.futbolperuano.com/liga-1/noticias/paolo-guerrero-se-pierde-el-clasico-alianza-lima-confirma-lesion-599144,Gabriel Iberico,liga-1,10,12,83.3,🟢,True,True,True,True,True,False,,False,True,True,True,True,,True
https://www.futbolperuano.com/partidos-por-tv/noticias/programacion-de-partidos-por-tv-del-viernes-04-de-septiembre-del-2026-598922,Jorge Cruzalegui,partidos-por-tv,9,12,75.0,🟡,True,False,False,True,True,True,,False,True,True,True,True,,True
https://www.futbolperuano.com/copa-peru/noticias/copa-peru-se-reafirmo-la-participacion-de-deportivo-caysa-en-la-etapa-nacional-598975,Jorge Cruzalegui,copa-peru,10,12,83.3,🟢,True,False,False,True,True,True,,True,True,True,True,True,,True
https://www.futbolperuano.com/liga-1/noticias/paolo-guerrero-sera-baja-en-alianza-lima-por-varias-semanas-y-se-perdera-el-partido-ante-juan-pablo-ii-y-el-clasico-del-futbol-peruano-598923,Gabriel Rey,liga-1,8,12,66.7,🟡,True,False,False,True,True,True,,False,True,True,True,True,,False
https://www.futbolperuano.com/copa-peru/noticias/atletico-torino-mantiene-su-clasificacion-tras-reclamo-de-alfonso-ugarte-de-vice-en-la-copa-peru-2026-599031,Joaquín Vásquez,copa-peru,10,12,83.3,🟢,True,False,False,True,True,True,,True,True,True,True,True,,True
https://www.futbolperuano.com/liga-1/noticias/liga-1-hinchas-de-sporting-cristal-agreden-a-julio-cesar-uribe-598916,Stewart Luya,liga-1,10,12,83.3,🟢,True,True,False,True,True,True,,False,True,True,True,True,,True
https://www.futbolperuano.com/liga-1/noticias/comerciantes-unidos-pide-reconsiderar-la-terna-arbitral-para-duelo-ante-universitario-598964,Jorge Cruzalegui,liga-1,9,12,75.0,🟡,True,False,False,True,True,True,,False,True,True,True,True,,True
https://www.futbolperuano.com/futbol-femenino/liga-femenina/universitario-se-refuerza-con-nueva-figura-internacional-para-copa-libertadores-femenina-2026-598947,Jorge Cruzalegui,futbol-femenino,8,12,66.7,🟡,True,False,False,True,True,False,,False,True,True,True,True,,True
https://www.futbolperuano.com/liga-1/noticias/fc-cajamarca-vs-cienciano-en-vivo-online-por-fecha-8-de-torneo-clausura-de-liga-1-2026-598955,Jorge Cruzalegui,liga-1,8,12,66.7,🟡,True,False,False,True,True,False,,True,True,True,True,False,,True
https://www.futbolperuano.com/peruanos-en-el-exterior/noticias/los-peruanos-con-mas-partidos-disputados-en-el-exterior-durante-la-temporada-2026-598883,Joaquín Vásquez,peruanos-en-el-exterior,9,12,75.0,🟡,True,False,False,True,True,False,,True,True,True,True,True,,True
https://www.futbolperuano.com/mas-deportes/tenis/ignacio-buse-vs-benjamin-bonzi-en-vivo-por-el-us-open-598778,Stewart Luya,mas-deportes,10,12,83.3,🟢,True,True,False,True,True,False,,True,True,True,True,True,,True
https://www.futbolperuano.com/seleccion/noticias/seleccion-peruana-beto-da-silva-recupero-su-mejor-version-en-la-liga-1-y-sus-numeros-ya-lo-ponen-nuevamente-en-el-radar-de-la-bicolor-598893,Gabriel Rey,seleccion,9,12,75.0,🟡,True,False,False,True,True,True,,False,True,True,True,True,,True
https://www.futbolperuano.com/liga-1/noticias/liga-1-alianza-lima-recibe-dos-inesperadas-sanciones-598891,Stewart Luya,liga-1,9,12,75.0,🟡,True,True,False,True,True,False,,False,True,True,True,True,,True
https://www.futbolperuano.com/liga-1/noticias/liga-1-comision-disciplinaria-vuelve-a-sancionar-a-sport-boys-598878,Stewart Luya,liga-1,10,12,83.3,🟢,True,True,False,True,True,True,,False,True,True,True,True,,True
https://www.futbolperuano.com/copa-peru/noticias/copa-peru-exarquero-de-alianza-lima-refuerza-al-campeon-de-puno-598874,Stewart Luya,copa-peru,11,12,91.7,🟢,True,True,False,True,True,True,,True,True,True,True,True,,True
https://www.futbolperuano.com/peruanos-en-el-exterior/noticias/con-erick-noriega-gremio-vencio-a-internacional-y-clasifico-a-semifinales-de-copa-de-brasil-598968,Jorge Cruzalegui,peruanos-en-el-exterior,8,12,66.7,🟡,True,False,False,True,True,False,,False,True,True,True,True,,True
https://www.futbolperuano.com/liga-1/noticias/fpf-rechazo-agresion-contra-julio-cesar-uribe-y-pidio-sancionar-a-responsables-598996,Joaquín Vásquez,liga-1,9,12,75.0,🟡,True,False,False,True,True,True,,False,True,True,True,True,,True
https://www.futbolperuano.com/copa-peru/noticias/copa-peru-defensor-patibamba-presento-su-comando-tecnico-598865,Stewart Luya,copa-peru,10,12,83.3,🟢,True,True,False,True,True,True,,False,True,True,True,True,,True
https://www.futbolperuano.com/liga-1/noticias/seis-jugadores-no-podran-estar-en-la-fecha-8-del-torneo-clausura-2026-598870,Joaquín Vásquez,liga-1,9,12,75.0,🟡,True,False,False,True,True,True,,False,True,True,True,True,,True
https://www.futbolperuano.com/liga-2/noticias/carlos-mannucci-se-queda-sin-mario-viera-el-tecnico-uruguayo-dejara-el-club-y-se-convertira-en-asistente-de-junior-de-barranquilla-598846,Gabriel Rey,liga-2,8,12,66.7,🟡,True,False,False,True,True,False,,False,True,True,True,True,,True
https://www.futbolperuano.com/futbol-femenino/la-seleccion-peruana-femenina-disputara-dos-amistosos-ante-filipinas-en-videna-598859,Joaquín Vásquez,futbol-femenino,9,12,75.0,🟡,True,False,False,True,True,True,,False,True,True,True,True,,True
https://www.futbolperuano.com/liga-1/noticias/liga-1-comision-disciplinaria-multa-a-cusco-fc-598901,Stewart Luya,liga-1,9,12,75.0,🟡,True,False,False,True,True,False,,True,True,True,True,True,,True
https://www.futbolperuano.com/liga-2/noticias/liga-2-union-minas-recibe-fuerte-multa-598912,Stewart Luya,liga-2,8,12,66.7,🟡,True,False,False,True,True,False,,False,True,True,True,True,,True
https://www.futbolperuano.com/futbol-femenino/liga-femenina/sporting-cristal-sorprende-y-presenta-a-daniel-carrasco-como-reemplazo-de-vivian-ayres-en-la-liga-femenina-598795,Gabriel Rey,futbol-femenino,9,12,75.0,🟡,True,False,False,True,True,True,,False,True,True,True,True,,True
https://www.futbolperuano.com/peruanos-en-el-exterior/noticias/oliver-sonne-jugo-todo-el-partido-en-empate-de-burnley-ante-middlesbrough-598824,Joaquín Vásquez,peruanos-en-el-exterior,9,12,75.0,🟡,True,False,False,True,True,True,,False,True,True,True,True,,True
https://www.futbolperuano.com/seleccion/noticias/ricardo-gareca-recordo-la-participacion-de-la-seleccion-peruana-en-rusia-2018-598915,Joaquín Vásquez,seleccion,10,12,83.3,🟢,True,False,False,True,True,True,,True,True,True,True,True,,True
https://www.futbolperuano.com/peru/mas-del-futbol-peruano/complejo-deportivo-las-americas-asi-luce-el-escenario-de-ayacucho-que-avanza-a-paso-firme-con-su-remodelacion-598809,Gabriel Rey,peru,8,12,66.7,🟡,True,False,False,True,True,True,,False,True,True,True,False,,True
https://www.futbolperuano.com/peruanos-en-el-exterior/noticias/yordy-reyna-ingreso-en-el-segundo-tiempo-en-derrota-de-rodina-moscu-ante-spartak-598822,Joaquín Vásquez,peruanos-en-el-exterior,8,12,66.7,🟡,True,False,False,True,True,True,,False,True,False,True,True,,True
https://www.futbolperuano.com/liga-1/noticias/los-10-jugadores-mas-valiosos-de-la-liga-1-en-2026-segun-transfermarkt-598877,Joaquín Vásquez,liga-1,10,12,83.3,🟢,True,False,True,True,True,True,,False,True,True,True,True,,True
https://www.futbolperuano.com/liga-1/noticias/carlos-desio-hablo-de-cueva-y-zambrano-y-revelo-su-particular-forma-de-trabajar-con-ellos-598835,Joaquín Vásquez,liga-1,9,12,75.0,🟡,True,False,False,True,True,True,,False,True,True,True,True,,True
https://www.futbolperuano.com/copa-peru/noticias/copa-peru-2026-bella-esperanza-anuncio-cuatro-refuerzos-para-buscar-el-ascenso-en-la-etapa-nacional-598789,Gabriel Rey,copa-peru,8,12,66.7,🟡,True,False,False,True,True,True,,False,True,True,True,True,,False
https://www.futbolperuano.com/mas-deportes/tenis/ignacio-buse-vs-marco-giron-en-vivo-online-por-la-primera-ronda-del-us-open-2026-598585,Gabriel Rey,mas-deportes,9,12,75.0,🟡,True,False,False,True,True,False,,True,True,True,True,True,,True
https://www.futbolperuano.com/mas-deportes/tenis/quien-sera-el-proximo-rival-de-ignacio-buse-en-el-us-open-598762,Stewart Luya,mas-deportes,10,12,83.3,🟢,True,True,False,True,True,True,,False,True,True,True,True,,True
https://www.futbolperuano.com/liga-1/noticias/javier-rabanal-arremetio-contra-horacio-melgarejo-y-defendio-su-carrera-la-verdad-del-futbol-esta-en-transfermarkt-598758,Gabriel Rey,liga-1,9,12,75.0,🟡,True,False,False,True,True,False,,True,True,True,True,True,,True
https://www.futbolperuano.com/mas-deportes/tenis/fecha-hora-y-canal-del-partido-entre-ignacio-buse-y-benjamin-bonzi-por-la-segunda-ronda-del-us-open-598780,Gabriel Rey,mas-deportes,9,12,75.0,🟡,True,False,False,True,True,True,,False,True,True,True,True,,True
https://www.futbolperuano.com/copa-peru/noticias/defensor-virgen-de-las-nieves-ya-piensa-en-el-ascenso-aseguro-sus-primeras-contrataciones-para-la-etapa-nacional-de-la-copa-peru-2026-con-andy-polar-entre-ellas-598799,Gabriel Rey,copa-peru,8,12,66.7,🟡,True,False,False,True,True,True,,False,True,True,True,True,,False
https://www.futbolperuano.com/liga-3/noticias/liga-3-historico-equipo-arequipeno-organiza-rifa-para-pagar-su-deuda-598716,Stewart Luya,liga-3,9,12,75.0,🟡,True,False,False,True,True,True,,False,True,True,True,True,,True
https://www.futbolperuano.com/peruanos-en-el-exterior/noticias/el-peruano-adrian-ugarriza-fue-ovacionado-en-israel-598738,Stewart Luya,peruanos-en-el-exterior,10,12,83.3,🟢,True,True,False,True,True,True,,False,True,True,True,True,,True
https://www.futbolperuano.com/liga-1/noticias/mr-peet-fulmina-a-sporting-cristal-y-cuestiona-a-sus-referentes-598741,Gabriel Iberico,liga-1,9,12,75.0,🟡,True,True,False,True,True,False,,False,True,True,True,True,,True
https://www.futbolperuano.com/peruanos-en-el-exterior/noticias/adrian-ugarriza-ficho-por-campeon-de-israel-y-ya-conoce-a-los-rivales-que-enfrentara-en-la-europa-league-598703,Gabriel Iberico,peruanos-en-el-exterior,8,12,66.7,🟡,True,False,False,True,True,False,,False,True,True,True,True,,True
https://www.futbolperuano.com/futbol-femenino/liga-femenina/universitario-suma-un-nuevo-refuerzo-para-la-copa-libertadores-2026-598718,Gabriel Iberico,futbol-femenino,8,12,66.7,🟡,True,False,False,True,True,False,,False,True,True,True,True,,True
https://www.futbolperuano.com/liga-3/noticias/por-que-juan-aurich-no-juega-en-el-estadio-carlos-samame-caceres-de-ferrenafe-598702,Stewart Luya,liga-3,9,12,75.0,🟡,True,False,False,True,True,True,,False,True,True,True,True,,True
https://www.futbolperuano.com/seleccion/noticias/mano-menezes-sorprendio-al-elegir-al-nuevo-10-de-la-seleccion-peruana-598705,Joaquín Vásquez,seleccion,9,12,75.0,🟡,True,False,False,True,True,True,,False,True,True,True,True,,True
https://www.futbolperuano.com/seleccion/noticias/seleccion-peruana-se-confirma-la-fecha-en-la-que-se-anunciara-a-convocatoria-598739,Gabriel Iberico,seleccion,9,12,75.0,🟡,True,False,False,True,True,True,,False,True,True,True,True,,True
https://www.futbolperuano.com/liga-3/noticias/programacion-de-la-fecha-14-de-la-liga-3--2026-598504,Stewart Luya,liga-3,9,12,75.0,🟡,True,False,False,True,True,True,,False,True,True,True,True,,True
https://www.futbolperuano.com/copa-peru/noticias/copa-peru-domingo-dianderas-pacta-amistoso-de-peso-598747,Stewart Luya,copa-peru,10,12,83.3,🟢,True,True,False,True,True,True,,False,True,True,True,True,,True
https://www.futbolperuano.com/liga-1/noticias/pablo-guede-y-su-situacion-en-alianza-lima-tras-los-rumores-de-renuncia-598686,Joaquín Vásquez,liga-1,10,12,83.3,🟢,True,False,False,True,True,True,,True,True,True,True,True,,True
https://www.futbolperuano.com/futbol-de-menores/copa-federacion/fixture-completo-de-la-liguilla-oro-plata-de-promocion-y-permanencia-de-la-copa-federacion-2026-598724,Enrique Giles,futbol-de-menores,9,12,75.0,🟡,True,False,False,True,True,True,,False,True,True,True,True,,True
https://www.futbolperuano.com/liga-1/noticias/yoshimar-yotun-es-una-de-las-opciones-de-sport-boys-pensando-en-el-centenario-598714,Joaquín Vásquez,liga-1,9,12,75.0,🟡,True,False,False,True,True,False,,True,True,True,True,True,,True
https://www.futbolperuano.com/copa-peru/noticias/copa-peru-un-nuevo-reclamo-remece-la-liga-departamental-de-piura-598726,Stewart Luya,copa-peru,11,12,91.7,🟢,True,True,False,True,True,True,,True,True,True,True,True,,True
https://www.futbolperuano.com/copa-sudamericana/noticias/conmebol-sanciona-duramente-a-cienciano-en-la-copa-sudamericana-598691,Gabriel Iberico,copa-sudamericana,8,12,66.7,🟡,True,True,False,True,True,False,,False,True,True,True,False,,True
https://www.futbolperuano.com/copa-peru/noticias/el-campeon-de-puno-podria-quedar-fuera-de-la-copa-peru-598693,Stewart Luya,copa-peru,10,12,83.3,🟢,True,True,False,True,True,True,,False,True,True,True,True,,True
https://www.futbolperuano.com/peruanos-en-el-exterior/noticias/conoce-a-los-futbolistas-peruanos-que-disputaran-la-europa-league-y-conference-league-202627-598661,Joaquín Vásquez,peruanos-en-el-exterior,8,12,66.7,🟡,True,False,False,True,True,False,,True,True,True,True,False,,True
https://www.futbolperuano.com/peruanos-en-el-exterior/noticias/jesus-pretell-jugo-los-90-minutos-en-el-empate-de-ldu-quito-ante-mushuc-runa-598657,Joaquín Vásquez,peruanos-en-el-exterior,9,12,75.0,🟡,True,False,False,True,True,True,,False,True,True,True,True,,True
https://www.futbolperuano.com/liga-1/noticias/cristhian-tizon-dejo-la-liga-1-y-fue-anunciado-como-nuevo-refuerzo-de-danubio-598651,Joaquín Vásquez,liga-1,9,12,75.0,🟡,True,False,False,True,True,True,,False,True,True,True,True,,True
https://www.futbolperuano.com/liga-1/noticias/victor-rivera-es-nuevo-tecnico-de-adt-de-tarma-598682,Gabriel Iberico,liga-1,8,12,66.7,🟡,True,False,False,True,True,False,,False,True,True,True,True,,True
https://www.futbolperuano.com/peruanos-en-el-exterior/noticias/bassco-soyer-volvio-al-once-inicial-de-gil-vicente-sub-23-tras-superar-su-lesion-598650,Joaquín Vásquez,peruanos-en-el-exterior,9,12,75.0,🟡,True,False,False,True,True,True,,False,True,True,True,True,,True
https://www.futbolperuano.com/liga-1/noticias/gabriel-sapio-representante-de-paolo-guerrero-respondio-por-su-vinculo-con-alianza-lima-598729,Joaquín Vásquez,liga-1,10,12,83.3,🟢,True,False,False,True,True,True,,True,True,True,True,True,,True
https://www.futbolperuano.com/liga-voley/las-convocadas-de-la-seleccion-peruana-para-el-campeonato-sudamericano-de-voley-2026-598633,Jorge Cruzalegui,liga-voley,9,12,75.0,🟡,True,False,False,True,True,True,,False,True,True,True,True,,True
https://www.futbolperuano.com/copa-peru/noticias/domingo-dianderas-y-su-fixture-para-la-etapa-nacional-de-la-copa-peru-2026-598644,Jorge Cruzalegui,copa-peru,9,12,75.0,🟡,True,False,False,True,True,True,,False,True,True,True,True,,True
https://www.futbolperuano.com/partidos-por-tv/noticias/programacion-de-partidos-por-tv-del-miercoles-02-de-septiembre-del-2026-598589,Jorge Cruzalegui,partidos-por-tv,9,12,75.0,🟡,True,False,False,True,True,True,,False,True,True,True,True,,True
https://www.futbolperuano.com/peruanos-en-el-exterior/noticias/santiago-ormeno-titular-con-montevideo-wanderers-en-inicio-de-copa-de-uruguay-2026-598621,Jorge Cruzalegui,peruanos-en-el-exterior,9,12,75.0,🟡,True,False,False,True,True,True,,False,True,True,True,True,,True
https://www.futbolperuano.com/liga-1/noticias/julio-cesar-uribe-revela-el-futuro-de-roberto-mosquera-tras-la-preocupante-situacion-de-sporting-cristal-598676,Gabriel Iberico,liga-1,9,12,75.0,🟡,True,False,False,True,True,False,,True,True,True,True,True,,True
https://www.futbolperuano.com/peruanos-en-el-exterior/noticias/dos-jovenes-futbolistas-peruanos-firmaron-por-equipo-del-brasileirao-598625,Jorge Cruzalegui,peruanos-en-el-exterior,9,12,75.0,🟡,True,False,False,True,True,True,,True,True,True,True,False,,True
https://www.futbolperuano.com/copa-peru/noticias/alfonso-ugarte-de-vice-presenta-reclamo-contra-atletico-torino-por-presunta-inscripcion-irregular-de-cinco-refuerzos-en-la-copa-peru-2026-598576,Gabriel Rey,copa-peru,8,12,66.7,🟡,True,False,False,True,True,True,,False,True,True,True,True,,False
https://www.futbolperuano.com/liga-1/noticias/la-tabla-acumulada-de-la-liga-1-tras-la-fecha-7-del-torneo-clausura-2026-598607,Jorge Cruzalegui,liga-1,9,12,75.0,🟡,True,False,False,True,True,True,,False,True,True,True,True,,True
https://www.futbolperuano.com/seleccion/noticias/seleccion-peruana-estos-son-los-jugadores-a-los-que-ya-les-tramitan-ingreso-a-canada-para-amistoso-de-octubre-598590,Gabriel Rey,seleccion,9,12,75.0,🟡,True,False,False,True,True,True,,True,True,True,True,True,,False
https://www.futbolperuano.com/liga-1/noticias/atletico-grau-vs-fbc-melgar-en-vivo-por-el-torneo-clausura-de-la-liga-1-2026-598337,Gabriel Iberico,liga-1,9,12,75.0,🟡,True,False,False,True,True,False,,True,True,True,True,True,,True
https://www.futbolperuano.com/liga-1/noticias/liga-1-2026-resultados-y-tabla-de-posiciones-de-la-fecha-7-del-torneo-clausura-597877,Jorge Cruzalegui,liga-1,9,12,75.0,🟡,True,False,False,True,True,True,,False,True,True,True,True,,True
https://www.futbolperuano.com/liga-1/noticias/asi-se-jugaran-los-partidos-de-fecha-8-del-torneo-clausura-de-liga-1-2026-598614,Jorge Cruzalegui,liga-1,9,12,75.0,🟡,True,False,False,True,True,True,,False,True,True,True,True,,True
https://www.futbolperuano.com/liga-1/noticias/andres-mendoza-arremete-contra-paolo-guerrero-luis-advincula-y-otros-9-jugadores-de-alianza-lima-tras-caida-ante-garcilaso-598568,Gabriel Rey,liga-1,7,12,58.3,🔴,True,False,False,True,True,False,,False,True,True,True,True,,False
https://www.futbolperuano.com/copa-peru/noticias/cesa-ya-conoce-sus-rivales-en-la-etapa-nacional-de-la-copa-peru-2026-y-buscara-el-ascenso-tras-conquistar-junin-598553,Gabriel Rey,copa-peru,8,12,66.7,🟡,True,False,False,True,True,True,,False,True,True,True,True,,False
https://www.futbolperuano.com/copa-peru/noticias/sport-machete-ya-conoce-sus-rivales-en-la-etapa-nacional-de-la-copa-peru-2026-y-buscara-el-ascenso-tras-conquistar-huancavelica-598545,Gabriel Rey,copa-peru,9,12,75.0,🟡,True,False,False,True,True,True,,False,True,True,True,True,,True
https://www.futbolperuano.com/futbol-femenino/liga-femenina/universitario-sorprende-y-anuncia-el-fichaje-de-figura-de-la-seleccion-de-paraguay-598479,Gabriel Iberico,futbol-femenino,9,12,75.0,🟡,True,False,False,True,True,False,,True,True,True,True,True,,True
https://www.futbolperuano.com/copa-peru/noticias/primo-del-mundialista-miguel-trauco-disputara-la-etapa-nacional-598513,Stewart Luya,copa-peru,10,12,83.3,🟢,True,True,False,True,True,True,,False,True,True,True,True,,True
https://www.futbolperuano.com/copa-peru/noticias/el-equipo-de-jose-soto-consiguio-un-historico-triplete-en-la-copa-peru-598550,Stewart Luya,copa-peru,9,12,75.0,🟡,True,False,False,True,True,True,,False,True,True,True,True,,True
https://www.futbolperuano.com/copa-peru/noticias/copa-peru-deportivo-el-inca-se-refuerza-con-arquero-goleador-598523,Stewart Luya,copa-peru,10,12,83.3,🟢,True,True,False,True,True,False,,True,True,True,True,True,,True
https://www.futbolperuano.com/peruanos-en-el-exterior/noticias/adrian-ugarriza-cambia-de-equipo-y-disputara-la-europa-league-598526,Stewart Luya,peruanos-en-el-exterior,9,12,75.0,🟡,False,True,False,True,True,True,,False,True,True,True,True,,True
https://www.futbolperuano.com/copa-peru/noticias/copa-peru-delantero-con-pasado-en-la-liga-1-refuerza-al-campeon-de-puno-598507,Stewart Luya,copa-peru,9,12,75.0,🟡,True,False,False,True,True,True,,False,True,True,True,True,,True
https://www.futbolperuano.com/copa-peru/noticias/sport-ancash-fixture-completo-y-rivales-para-la-etapa-nacional-de-la-copa-peru-2026-598529,Gabriel Rey,copa-peru,9,12,75.0,🟡,True,False,False,True,True,True,,False,True,True,True,True,,True
https://www.futbolperuano.com/liga-1/noticias/cienciano-horacio-melgarejo-en-la-mira-de-dos-equipos-brasilenos-598534,Stewart Luya,liga-1,10,12,83.3,🟢,True,True,False,True,True,True,,True,True,True,True,False,,True
https://www.futbolperuano.com/liga-voley/seleccion-peruana-femenina-fixture-de-la-bicolor-en-el-campeonato-sudamericano-de-voley-2026-596626,Jorge Cruzalegui,liga-voley,8,12,66.7,🟡,True,False,False,True,True,False,,False,True,True,True,True,,True
https://www.futbolperuano.com/liga-1/noticias/horacio-melgarejo-arremete-contra-javier-rabanal-tras-el-cienciano-vs-cusco-fc-598472,Gabriel Iberico,liga-1,8,12,66.7,🟡,True,False,False,True,True,False,,True,True,True,True,False,,True
https://www.futbolperuano.com/liga-1/noticias/utc-se-queda-sin-entrenador-tras-confirmar-la-salida-de-cristian-paulucci-598464,Gabriel Iberico,liga-1,8,12,66.7,🟡,True,False,False,True,True,False,,True,True,True,True,False,,True
https://www.futbolperuano.com/liga-1/noticias/flaco-granda-disparo-contra-roberto-mosquera-tras-el-duro-momento-de-sporting-cristal-598473,Gabriel Iberico,liga-1,9,12,75.0,🟡,True,False,False,True,True,False,,True,True,True,True,True,,True
https://www.futbolperuano.com/copa-peru/noticias/copa-peru-2026-arsenal-lawn-tennis-ya-conoce-su-fixture-para-la-etapa-nacional-598538,Gabriel Rey,copa-peru,8,12,66.7,🟡,True,False,False,True,True,True,,False,True,True,True,True,,False
https://www.futbolperuano.com/liga-1/noticias/indecopi-ya-tomo-una-decision-con-respecto-al-futuro-de-universitario-598460,Gabriel Iberico,liga-1,8,12,66.7,🟡,True,False,False,True,True,False,,False,True,True,True,True,,True
https://www.futbolperuano.com/liga-1/noticias/sport-boys-mueve-sus-fichas-busca-asegurar-a-tres-figuras-para-su-centenario-598468,Gabriel Iberico,liga-1,8,12,66.7,🟡,True,False,False,True,True,False,,False,True,True,True,True,,True
