url,autor,seccion,items_pass,items_aplicables,pct_cumplimiento,semaforo,item_h1_70_170,item_title_50_65,item_meta_desc_150_170,item_meta_desc_no_repite_h1,item_primer_parrafo_180,item_h2_estructura,item_listas_tablas,item_extension_400,item_tags_1_5,item_enlaces_min_2,item_enlace_parrafo_1_3,item_ancla_valida,item_imagen_1200px,item_imagen_alt
https://www.futbolperuano.com/liga-voley/peru-vs-argentina-antonio-rizola-sorprende-con-el-regreso-de-cinco-figuras-para-los-proximos-amistosos-597146,Gabriel Rey,liga-voley,7,12,58.3,🔴,True,False,False,True,True,False,,False,True,True,True,True,,False
https://www.futbolperuano.com/liga-1/noticias/juan-pablo-ii-vs-adt-de-tarma-en-vivo-online-por-la-fecha-6-del-torneo-clausura-de-la-liga-1-597172,Gabriel Rey,liga-1,9,12,75.0,🟡,True,False,False,True,True,True,,False,True,True,True,True,,True
https://www.futbolperuano.com/futbol-femenino/liga-femenina/melgar-aplasto-a-flamengo-y-se-mete-en-la-pelea-por-los-playoffs-de-la-liga-femenina-597147,Gabriel Iberico,futbol-femenino,9,12,75.0,🟡,True,False,False,True,True,True,,False,True,True,True,True,,True
https://www.futbolperuano.com/copa-sudamericana/noticias/fechas-confirmadas-para-el-cienciano-vs-montevideo-city-torque-por-los-cuartos-de-final-de-la-copa-sudamericana-597132,Gabriel Iberico,copa-sudamericana,7,12,58.3,🔴,True,False,False,True,True,False,,False,True,True,True,False,,True
https://www.futbolperuano.com/liga-2/noticias/liga-2-resultados-y-tabla-de-posiciones-de-la-fecha-15-de-la-fase-de-grupos-596969,Jorge Cruzalegui,liga-2,9,12,75.0,🟡,True,False,False,True,True,True,,False,True,True,True,True,,True
https://www.futbolperuano.com/liga-2/noticias/comerciantes-fc-vs-union-minas-en-vivo-online-por-la-fecha-15-de-la-fase-regional-de-la-liga-2-2026-597163,Gabriel Rey,liga-2,9,12,75.0,🟡,True,False,False,True,True,True,,False,True,True,True,True,,True
https://www.futbolperuano.com/copa-peru/noticias/copa-peru-domingo-dianderas-quiere-dar-el-golpe-y-fichar-a-jean-deza-para-disputar-la-etapa-nacional-597169,Gabriel Iberico,copa-peru,9,12,75.0,🟡,True,False,False,True,True,False,,True,True,True,True,True,,True
https://www.futbolperuano.com/liga-1/noticias/alianza-atletico-vs-sporting-cristal-en-vivo-por-el-torneo-clausura-596921,Stewart Luya,liga-1,9,12,75.0,🟡,True,False,False,True,True,False,,True,True,True,True,True,,True
https://www.futbolperuano.com/liga-2/noticias/sport-huancayo-vs-estudiantil-cni-en-vivo-online-por-la-fecha-15-de-la-fase-regional-de-la-liga-2-2026-596783,Gabriel Rey,liga-2,7,12,58.3,🔴,True,False,False,True,True,False,,False,True,True,True,True,,False
https://www.futbolperuano.com/liga-1/noticias/jean-ferrari-sorprende-al-hablar-de-piero-cari-y-cuestiona-su-falta-de-minutos-en-alianza-lima-597026,Joaquín Vásquez,liga-1,8,12,66.7,🟡,True,False,False,True,True,False,,False,True,True,True,True,,True
https://www.futbolperuano.com/copa-peru/noticias/domingo-dianderas-suma-dos-refuerzos-para-la-etapa-nacional-597113,Stewart Luya,copa-peru,9,12,75.0,🟡,True,False,False,True,True,True,,False,True,True,True,True,,True
https://www.futbolperuano.com/futbol-femenino/liga-femenina/resultados-y-tabla-de-posiciones-de-fecha-6-del-torneo-clausura-de-liga-femenina-2026-596980,Jorge Cruzalegui,futbol-femenino,9,12,75.0,🟡,True,False,False,True,True,True,,False,True,True,True,True,,True
https://www.futbolperuano.com/copa-peru/noticias/sport-river-vs-el-inca-de-chao-en-vivo-por-la-final-de-la-liga-departamental-de-la-libertad--copa-peru-2026-597115,Gabriel Iberico,copa-peru,8,12,66.7,🟡,True,False,False,True,True,False,,False,True,True,True,True,,True
https://www.futbolperuano.com/liga-1/noticias/melgar-vs-alianza-lima-en-vivo-por-el-torneo-clausura-de-la-liga-1-597100,Gabriel Iberico,liga-1,8,12,66.7,🟡,True,False,False,True,True,False,,False,True,True,True,True,,True
https://www.futbolperuano.com/copa-sudamericana/noticias/horacio-melgarejo-hablo-tras-la-clasificacion-de-cienciano-a-cuartos-de-la-copa-sudamericana-597043,Joaquín Vásquez,copa-sudamericana,9,12,75.0,🟡,True,False,False,True,True,True,,True,True,True,True,False,,True
https://www.futbolperuano.com/liga-voley/peru-vs-argentina-programacion-de-la-copa-salta-597099,Stewart Luya,liga-voley,7,12,58.3,🔴,True,False,False,True,True,False,,False,True,True,True,False,,True
https://www.futbolperuano.com/seleccion/noticias/gianluca-lapadula-revelo-que-tendria-que-hacer-seleccion-peruana-para-jugar-en-la-altura-597053,Joaquín Vásquez,seleccion,9,12,75.0,🟡,True,False,False,True,True,False,,True,True,True,True,True,,True
https://www.futbolperuano.com/liga-1/noticias/deportivo-garcilaso-vs-cusco-fc-en-vivo-por-el-torneo-clausura-de-la-liga-1-597088,Gabriel Iberico,liga-1,8,12,66.7,🟡,True,False,False,True,True,False,,False,True,True,True,True,,True
https://www.futbolperuano.com/peruanos-en-el-exterior/noticias/renato-tapia-ingreso-en-el-segundo-tiempo-y-al-wasl-goleo-3-0-a-ittihad-kalba-597194,Joaquín Vásquez,peruanos-en-el-exterior,8,12,66.7,🟡,True,False,True,True,True,False,,False,True,True,True,False,,True
https://www.futbolperuano.com/copa-sudamericana/noticias/el-millonario-premio-que-acumula-cienciano-tras-clasificar-a-los-cuartos-de-final-de-la-copa-sudamericana-597154,Gabriel Iberico,copa-sudamericana,8,12,66.7,🟡,True,False,False,True,True,False,,True,True,True,True,False,,True
https://www.futbolperuano.com/liga-1/noticias/comerciantes-unidos-pide-reconsiderar-arbitro-var-para-su-partido-ante-utc-por-la-liga-1-597036,Joaquín Vásquez,liga-1,9,12,75.0,🟡,True,False,False,True,True,True,,False,True,True,True,True,,True
https://www.futbolperuano.com/liga-1/noticias/renzo-garces-esta-apto-para-enfrentar-a-fbc-melgar-por-fecha-6-torneo-clausura-597095,Joaquín Vásquez,liga-1,8,12,66.7,🟡,True,False,False,True,True,False,,False,True,True,True,True,,True
https://www.futbolperuano.com/liga-1/noticias/liga-1-2026-resultados-y-tabla-de-posiciones-de-la-fecha-6-del-torneo-clausura-596948,Jorge Cruzalegui,liga-1,9,12,75.0,🟡,True,False,False,True,True,True,,False,True,True,True,True,,True
https://www.futbolperuano.com/liga-3/noticias/ecosem-pasco-vs-adt-en-vivo-por-la-liga-3-597107,Gabriel Iberico,liga-3,9,12,75.0,🟡,True,False,False,True,True,True,,False,True,True,True,True,,True
https://www.futbolperuano.com/liga-1/noticias/fc-cajamarca-vs-atletico-grau-en-vivo-online-por-la-fecha-6-del-torneo-clausura-de-la-liga-1-2026-596827,Joaquín Vásquez,liga-1,9,12,75.0,🟡,True,False,False,True,True,True,,True,True,True,False,True,,True
https://www.futbolperuano.com/peruanos-en-el-exterior/noticias/sebastian-aranda-fue-titular-y-disputo-los-90-minutos-en-el-triunfo-3-0-de-auda-597080,Joaquín Vásquez,peruanos-en-el-exterior,8,12,66.7,🟡,True,False,False,True,True,False,,False,True,True,True,True,,True
https://www.futbolperuano.com/liga-3/noticias/liga-3-ecosem-pasco-presenta-a-su-nuevo-entrenador-597059,Stewart Luya,liga-3,9,12,75.0,🟡,True,False,False,True,True,True,,False,True,True,True,True,,True
https://www.futbolperuano.com/liga-2/noticias/ayacucho-fc-vs-binacional-en-vivo-por-la-liga-2-597087,Stewart Luya,liga-2,9,12,75.0,🟡,True,False,False,True,True,True,,False,True,True,True,True,,True
https://www.futbolperuano.com/liga-1/noticias/yoshimar-yotun-pudo-jugar-en-universitario-de-deportes-y-jean-ferrari-revelo-por-que-no-llego-597065,Joaquín Vásquez,liga-1,10,12,83.3,🟢,True,False,False,True,True,True,,True,True,True,True,True,,True
https://www.futbolperuano.com/liga-1/noticias/sport-huancayo-vs-deportivo-moquegua-en-vivo-por-el-torneo-clausura-597081,Stewart Luya,liga-1,9,12,75.0,🟡,True,False,False,True,True,True,,False,True,True,True,True,,True
https://www.futbolperuano.com/liga-2/noticias/sport-huancayo-ii-vs-estudiantil-cni-en-vivo-por-la-liga-2-597014,Gabriel Iberico,liga-2,9,12,75.0,🟡,True,False,False,True,True,True,,False,True,True,True,True,,True
https://www.futbolperuano.com/liga-1/noticias/figura-de-sporting-cristal-se-despide-de-la-temporada-2026-tras-dura-lesion-596992,Gabriel Iberico,liga-1,8,12,66.7,🟡,True,False,False,True,True,False,,False,True,True,True,True,,True
https://www.futbolperuano.com/copa-sudamericana/noticias/botafogo-vs-cienciano-en-vivo-online-por-la-vuelta-de-octavos-de-final-de-copa-sudamericana-2026-596645,Jorge Cruzalegui,copa-sudamericana,9,12,75.0,🟡,True,False,False,True,True,False,,True,True,True,True,True,,True
https://www.futbolperuano.com/liga-1/noticias/melgar-reclamo-tras-la-polemica-eleccion-de-mike-palomino-y-david-huaman-para-enfrentar-a-alianza-lima-596986,Gabriel Iberico,liga-1,7,12,58.3,🔴,True,False,False,True,True,False,,False,True,True,True,False,,True
https://www.futbolperuano.com/partidos-por-tv/noticias/programacion-de-partidos-por-tv-del-viernes-21-de-agosto-del-2026-596929,Jorge Cruzalegui,partidos-por-tv,9,12,75.0,🟡,True,False,False,True,True,True,,False,True,True,True,True,,True
https://www.futbolperuano.com/peruanos-en-el-exterior/noticias/vuelve-a-la-liga-1-andre-carrillo-podria-dejar-corinthians-tras-acercarse-el-final-de-su-contrato-596976,Gabriel Iberico,peruanos-en-el-exterior,9,12,75.0,🟡,True,False,False,True,True,False,,True,True,True,True,True,,True
https://www.futbolperuano.com/seleccion/noticias/jean-deza-hablo-sobre-el-futuro-de-la-seleccion-peruana-596961,Gabriel Iberico,seleccion,9,12,75.0,🟡,True,False,False,True,True,False,,True,True,True,True,True,,True
https://www.futbolperuano.com/copa-libertadores/noticias/copa-libertadores-2026-los-clubes-clasificados-y-cruces-confirmados-de-los-cuartos-de-final-596996,Gabriel Iberico,copa-libertadores,8,12,66.7,🟡,True,False,False,True,True,False,,False,True,True,True,True,,True
https://www.futbolperuano.com/liga-1/noticias/jean-ferrari-revelo-que-andre-carrillo-acepto-jugar-en-universitario-596945,Gabriel Iberico,liga-1,9,12,75.0,🟡,True,False,False,True,True,False,,True,True,True,True,True,,True
https://www.futbolperuano.com/copa-libertadores/noticias/ldu-de-quito-vs-mirassol-en-vivo-por-la-copa-libertadores-596557,Stewart Luya,copa-libertadores,9,12,75.0,🟡,True,False,False,True,True,False,,True,True,True,True,True,,True
https://www.futbolperuano.com/copa-sudamericana/noticias/cienciano-quien-sera-su-rival-en-los-cuartos-de-final-de-la-copa-sudamericana-2026-597005,Jorge Cruzalegui,copa-sudamericana,8,12,66.7,🟡,True,False,False,True,True,False,,True,True,True,True,False,,True
https://www.futbolperuano.com/copa-libertadores/noticias/corinthians-vs-rosario-central-en-vivo-por-la-copa-libertadores-596754,Gabriel Iberico,copa-libertadores,9,12,75.0,🟡,True,False,False,True,True,False,,True,True,True,True,True,,True
https://www.futbolperuano.com/liga-1/noticias/utc-de-cajamarca-vs-comerciantes-unidos-en-vivo-online-por-fecha-6-de-torneo-clausura-de-liga-1-2026-596990,Jorge Cruzalegui,liga-1,8,12,66.7,🟡,True,False,False,True,True,False,,False,True,True,True,True,,True
https://www.futbolperuano.com/copa-sudamericana/noticias/resultados-de-los-octavos-de-final-vuelta-de-la-copa-sudamericana-2026-596352,Stewart Luya,copa-sudamericana,9,12,75.0,🟡,True,False,False,True,True,True,,False,True,True,True,True,,True
https://www.futbolperuano.com/liga-1/noticias/sporting-cristal-y-la-decision-con-agustin-alvarez-wallace-para-enfrentar-a-alianza-atletico-597029,Joaquín Vásquez,liga-1,9,12,75.0,🟡,True,False,False,True,True,True,,False,True,True,True,True,,True
https://www.futbolperuano.com/liga-2/noticias/liga-2-binacional-suma-cuatro-refuerzos-596936,Stewart Luya,liga-2,9,12,75.0,🟡,True,False,False,True,True,True,,False,True,True,True,True,,True
https://www.futbolperuano.com/copa-libertadores/noticias/resultados-de-los-octavos-de-final-vuelta-de-la-copa-libertadores-2026-596355,Stewart Luya,copa-libertadores,9,12,75.0,🟡,True,False,False,True,True,True,,False,True,True,True,True,,True
https://www.futbolperuano.com/liga-3/noticias/liga-3-resultados-y-tabla-de-posiciones-de-la-fecha-12-de-la-fase-regional-596989,Jorge Cruzalegui,liga-3,9,12,75.0,🟡,True,False,False,True,True,True,,False,True,True,True,True,,True
https://www.futbolperuano.com/copa-sudamericana/noticias/periodista-brasilena-arremete-contra-cienciano-en-la-previa-a-la-revancha-ante-botafogo-596922,Gabriel Iberico,copa-sudamericana,8,12,66.7,🟡,True,False,False,True,True,False,,True,True,True,True,False,,True
https://www.futbolperuano.com/copa-peru/noticias/sport-ancash-aun-puede-clasificar-a-la-etapa-nacional-copa-peru-2026-596944,Robert Luna,copa-peru,9,12,75.0,🟡,True,False,False,True,True,True,,False,True,True,True,True,,True
https://www.futbolperuano.com/liga-2/noticias/comerciantes-fc-suma-un-nuevo-refuerzo-y-potencia-su-plantel-596903,Stewart Luya,liga-2,9,12,75.0,🟡,True,False,False,True,True,True,,False,True,True,True,True,,True
https://www.futbolperuano.com/copa-sudamericana/noticias/copa-sudamericana-2026-los-clubes-clasificados-y-cruces-confirmados-de-los-cuartos-de-final-597003,Gabriel Iberico,copa-sudamericana,8,12,66.7,🟡,True,False,False,True,True,False,,False,True,True,True,True,,True
https://www.futbolperuano.com/liga-1/noticias/universitario-toma-rotunda-decision-con-respecto-al-futuro-del-tunche-rivera-de-cara-al-2027-596913,Gabriel Iberico,liga-1,8,12,66.7,🟡,True,False,False,True,True,False,,False,True,True,True,True,,True
https://www.futbolperuano.com/liga-3/noticias/juan-aurich-dio-detalles-de-la-llegada-de-ricardo-gareca-a-chiclayo-597066,Stewart Luya,liga-3,8,12,66.7,🟡,True,False,False,True,True,False,,False,True,True,True,True,,True
https://www.futbolperuano.com/mas-deportes/noticias/universitario-se-quedo-con-el-torneo-apertura-y-queda-a-un-paso-del-ascenso-a-la-primera-division-de-basquet-597017,Gabriel Iberico,mas-deportes,8,12,66.7,🟡,True,False,False,True,True,False,,False,True,True,True,True,,True
https://www.futbolperuano.com/peruanos-en-el-exterior/noticias/renato-espinosa-y-corvinul-avanzan-en-la-copa-de-rumania-tras-victoria-596866,Joaquín Vásquez,peruanos-en-el-exterior,9,12,75.0,🟡,True,False,False,True,True,True,,False,True,True,True,True,,True
https://www.futbolperuano.com/liga-1/noticias/liga-1-quien-sera-el-arbitro-del-melgar-vs-alianza-lima-596909,Stewart Luya,liga-1,8,12,66.7,🟡,True,False,False,True,True,False,,False,True,True,True,True,,True
https://www.futbolperuano.com/liga-2/noticias/la-comision-disciplinaria-sanciona-drasticamente-a-fc-san-marcos-596867,Stewart Luya,liga-2,8,12,66.7,🟡,True,False,False,True,True,False,,False,True,True,True,True,,True
https://www.futbolperuano.com/liga-3/noticias/juventus-de-huamachuco-le-dio-la-bienvenida-a-su-nuevo-entrenador-596894,Stewart Luya,liga-3,9,12,75.0,🟡,True,False,False,True,True,True,,False,True,True,True,True,,True
https://www.futbolperuano.com/liga-1/noticias/piero-cari-podria-ser-tomado-en-cuenta-por-alianza-lima-para-enfrentar-a-melgar-596835,Joaquín Vásquez,liga-1,9,12,75.0,🟡,True,False,False,True,True,True,,False,True,True,True,True,,True
https://www.futbolperuano.com/liga-2/noticias/liga-2-santos-fc-presento-a-su-nuevo-director-tecnico-596882,Stewart Luya,liga-2,9,12,75.0,🟡,True,False,False,True,True,True,,False,True,True,True,True,,True
https://www.futbolperuano.com/peru/mas-del-futbol-peruano/el-nuevo-estadio-peruano-que-se-ubica-cerca-4-mil-metros-altitud-esta-casi-terminado-596843,Robert Luna,peru,10,12,83.3,🟢,True,False,False,True,True,True,,True,True,True,True,True,,True
https://www.futbolperuano.com/liga-2/noticias/alexander-succar-fue-anunciado-como-nuevo-refuerzo-de-alianza-universidad-de-liga-2-596826,Joaquín Vásquez,liga-2,9,12,75.0,🟡,True,False,False,True,True,True,,False,True,True,True,True,,True
https://www.futbolperuano.com/peruanos-en-el-exterior/noticias/marcos-lopez-fue-titular-en-el-empate-del-copenhague-ante-inter-turku-por-la-conference-league-596899,Joaquín Vásquez,peruanos-en-el-exterior,8,12,66.7,🟡,True,False,False,True,True,True,,False,True,True,True,False,,True
https://www.futbolperuano.com/liga-1/noticias/jorge-gutierrez-confirmo-que-ya-esta-habilitado-y-espera-poder-debutar-en-liga-1-2026-596829,Joaquín Vásquez,liga-1,9,12,75.0,🟡,True,False,False,True,True,True,,False,True,True,True,True,,True
https://www.futbolperuano.com/copa-peru/noticias/equipos-loretanos-confirmaron-estadio-que-utilizaran-etapa-nacional-copa-peru-2026-596864,Robert Luna,copa-peru,9,12,75.0,🟡,True,False,False,True,True,True,,False,True,True,True,True,,True
https://www.futbolperuano.com/peruanos-en-el-exterior/noticias/alfonso-barco-fue-titular-en-derrota-del-rijeka-ante-midtjylland-por-la-conference-league-596907,Joaquín Vásquez,peruanos-en-el-exterior,8,12,66.7,🟡,True,False,False,True,True,False,,False,True,True,True,True,,True
https://www.futbolperuano.com/liga-1/noticias/liga-1-los-exorbitantes-precios-para-ver-a-alianza-lima-en-chongoyape-596959,Stewart Luya,liga-1,10,12,83.3,🟢,True,False,False,True,True,True,,True,True,True,True,True,,True
https://www.futbolperuano.com/seleccion/noticias/christian-cueva-confeso-que-quiere-volver-a-la-seleccion-peruana-de-mano-menezes-596831,Joaquín Vásquez,seleccion,9,12,75.0,🟡,True,False,False,True,True,True,,False,True,True,True,True,,True
https://www.futbolperuano.com/peruanos-en-el-exterior/noticias/daniel-bergman-defensor-con-raices-peruanas-ya-tiene-nuevo-equipo-en-la-segunda-de-suecia-596677,Joaquín Vásquez,peruanos-en-el-exterior,10,12,83.3,🟢,True,False,False,True,True,True,,True,True,True,True,True,,True
https://www.futbolperuano.com/liga-voley/seleccion-peruana-femenina-fixture-de-la-bicolor-en-el-campeonato-sudamericano-de-voley-2026-596626,Jorge Cruzalegui,liga-voley,8,12,66.7,🟡,True,False,False,True,True,False,,False,True,True,True,True,,True
https://www.futbolperuano.com/liga-1/noticias/sporting-cristal-no-quiere-mover-el-partido-ante-sport-boys-y-noriega-revela-contundente-advertencia-596803,Gabriel Rey,liga-1,8,12,66.7,🟡,True,False,False,True,True,True,,False,True,True,True,True,,False
https://www.futbolperuano.com/liga-2/noticias/comision-disciplinaria-resolvio-el-reclamo-de-estudiantil-cni-contra-union-minas-596872,Stewart Luya,liga-2,8,12,66.7,🟡,True,False,False,True,True,False,,False,True,True,True,True,,True
https://www.futbolperuano.com/peruanos-en-el-exterior/noticias/bassco-soyer-supero-su-lesion-y-podria-debutar-con-el-primer-equipo-de-gil-vicente-596705,Joaquín Vásquez,peruanos-en-el-exterior,10,12,83.3,🟢,True,False,False,True,True,True,,True,True,True,True,True,,True
https://www.futbolperuano.com/peru/mas-del-futbol-peruano/comenzo-la-construccion-de-un-nuevo-estadio-peruano-en-ciudad-de-altura-596756,Robert Luna,peru,9,12,75.0,🟡,True,False,False,True,True,True,,False,True,True,True,True,,True
https://www.futbolperuano.com/futbol-de-menores/copa-federacion/copa-federacion-2026-programacion-de-partidos-del-21-al-23-de-agosto-596846,Enrique Giles,futbol-de-menores,9,12,75.0,🟡,True,False,False,True,True,False,,True,True,True,True,True,,True
https://www.futbolperuano.com/seleccion/noticias/revelan-si-felipe-chavez-estara-en-la-proxima-convocatoria-de-la-seleccion-peruana-596717,Gabriel Iberico,seleccion,8,12,66.7,🟡,True,False,False,True,True,False,,False,True,True,True,True,,True
https://www.futbolperuano.com/liga-1/noticias/horacio-melgarejo-podra-volver-al-banco-de-cienciano-tras-decision-del-tas-596857,Joaquín Vásquez,liga-1,9,12,75.0,🟡,True,False,False,True,True,True,,False,True,True,True,True,,True
https://www.futbolperuano.com/seleccion/noticias/seleccion-peruana-figura-de-universitario-volvera-a-la-convocatoria-luego-de-casi-un-ano-596746,Gabriel Iberico,seleccion,9,12,75.0,🟡,True,False,False,True,True,False,,True,True,True,True,True,,True
https://www.futbolperuano.com/seleccion/noticias/nolberto-solano-cuestiona-la-altura-para-peru-y-explica-por-que-no-seria-garantia-en-eliminatorias-2030-596687,Joaquín Vásquez,seleccion,9,12,75.0,🟡,True,False,False,True,True,False,,True,True,True,True,True,,True
https://www.futbolperuano.com/liga-1/noticias/historico-estadio-liga-1-volvera-a-abrir-sus-puertas-a-los-hinchas-torneo-clausura-596709,Robert Luna,liga-1,8,12,66.7,🟡,True,False,False,True,False,True,,False,True,True,True,True,,True
https://www.futbolperuano.com/copa-sudamericana/noticias/franclim-carvalho-dejo-de-ser-entrenador-de-botafogo-previo-al-vs-cienciano-por-copa-sudamericana-596674,Joaquín Vásquez,copa-sudamericana,8,12,66.7,🟡,True,False,False,True,True,False,,True,True,True,True,False,,True
https://www.futbolperuano.com/peruanos-en-el-exterior/noticias/matteo-perez-vinlof-asistio-y-dinamo-zagreb-empato-ante-viking-por-el-pase-a-la-champions-league-596671,Joaquín Vásquez,peruanos-en-el-exterior,9,12,75.0,🟡,True,False,False,True,True,True,,False,True,True,True,True,,True
https://www.futbolperuano.com/liga-1/noticias/mauro-cantoro-arremete-contra-cesar-inga-y-revela-que-perdera-la-titularidad-en-universitario-596733,Gabriel Iberico,liga-1,9,12,75.0,🟡,True,False,False,True,True,False,,True,True,True,True,True,,True
https://www.futbolperuano.com/liga-1/noticias/juan-pablo-goicochea-es-mejor-sumar-minutos-en-juan-pablo-ii-que-estar-sin-jugar-en-defensor-sporting-596636,Jorge Cruzalegui,liga-1,9,12,75.0,🟡,True,False,False,True,True,True,,False,True,True,True,True,,True
https://www.futbolperuano.com/futbol-femenino/liga-femenina/alianza-lima-sorprende-al-fichar-a-mediocampista-que-disputo-un-mundial-con-la-seleccion-de-brasil-596753,Gabriel Iberico,futbol-femenino,9,12,75.0,🟡,True,False,False,True,True,False,,True,True,True,True,True,,True
https://www.futbolperuano.com/liga-1/noticias/universitario-de-deportes-decidio-renovar-a-andy-polo-por-tres-temporadas-hasta-2029-596675,Joaquín Vásquez,liga-1,9,12,75.0,🟡,True,False,False,True,True,True,,False,True,True,True,True,,True
https://www.futbolperuano.com/liga-2/noticias/union-comercio-no-se-detiene-anuncia-tres-nuevos-fichajes-para-afrontar-la-recta-final-de-la-liga-2-2026-596789,Gabriel Rey,liga-2,8,12,66.7,🟡,True,False,False,True,True,True,,False,True,True,True,True,,False
https://www.futbolperuano.com/copa-peru/noticias/apurimac-definira-su-ultimo-clasificado-a-etapa-nacional-de-la-copa-peru-2026-596614,Jorge Cruzalegui,copa-peru,9,12,75.0,🟡,True,False,False,True,True,True,,False,True,True,True,True,,True
https://www.futbolperuano.com/seleccion/noticias/la-seleccion-peruana-extendio-su-vinculo-con-la-marca-alemana-adidas-hasta-el-2034-596694,Joaquín Vásquez,seleccion,9,12,75.0,🟡,True,False,False,True,True,True,,False,True,True,True,True,,True
https://www.futbolperuano.com/liga-1/noticias/liga-1-se-confirmo-donde-se-jugara-el-juan-pablo-ii-vs-alianza-lima-596583,Stewart Luya,liga-1,9,12,75.0,🟡,True,False,False,True,True,True,,False,True,True,True,True,,True
https://www.futbolperuano.com/peruanos-en-el-exterior/noticias/felipe-chavez-anoto-un-golazo-de-tiro-libre-en-el-triunfo-del-bayern-munich-596563,Stewart Luya,peruanos-en-el-exterior,9,12,75.0,🟡,True,False,False,True,True,True,,False,True,True,True,True,,True
https://www.futbolperuano.com/copa-sudamericana/noticias/cienciano-las-radios-que-relataran-partido-ante-botafogo-por-octavos-de-la-copa-sudamericana-2026-596609,Jorge Cruzalegui,copa-sudamericana,7,12,58.3,🔴,True,False,False,True,True,False,,False,True,True,True,False,,True
https://www.futbolperuano.com/copa-peru/noticias/clasifico-a-la-etapa-nacional-copa-peru-2026-pero-puede-quedar-fuera-antes-de-jugar-596538,Robert Luna,copa-peru,9,12,75.0,🟡,True,False,False,True,True,True,,False,True,True,True,True,,True
https://www.futbolperuano.com/liga-1/noticias/eryc-castillo-y-la-inesperada-comparacion-con-enner-valencia-que-hizo-pedro-garcia-596689,Joaquín Vásquez,liga-1,9,12,75.0,🟡,True,False,False,True,True,True,,False,True,True,True,True,,True
https://www.futbolperuano.com/liga-3/noticias/programacion-de-la-fecha-12-de-la-fase-regional-de-la-liga-3-2026-596641,Jorge Cruzalegui,liga-3,9,12,75.0,🟡,True,False,False,True,True,True,,False,True,True,True,True,,True
https://www.futbolperuano.com/copa-libertadores/noticias/flamengo-vs-cruzeiro-canales-del-partido-de-octavos-de-final-de-copa-libertadores-2026-596631,Jorge Cruzalegui,copa-libertadores,8,12,66.7,🟡,True,False,False,True,True,False,,False,True,True,True,True,,True
https://www.futbolperuano.com/copa-peru/noticias/el-campeon-de-huanuco-se-refuerza-para-la-etapa-nacional-copa-peru-2026-596696,Robert Luna,copa-peru,9,12,75.0,🟡,True,False,False,True,True,True,,False,True,True,True,True,,True
https://www.futbolperuano.com/partidos-por-tv/noticias/programacion-de-partidos-por-tv-del-miercoles-19-de-agosto-del-2026-596595,Jorge Cruzalegui,partidos-por-tv,9,12,75.0,🟡,True,False,False,True,True,True,,False,True,True,True,True,,True
https://www.futbolperuano.com/liga-1/noticias/kevin-quevedo-se-revelan-las-cuatro-faltas-graves-que-cometio-para-quedar-apartado-de-alianza-lima-596710,Gabriel Iberico,liga-1,8,12,66.7,🟡,True,False,False,True,True,False,,False,True,True,True,True,,True
https://www.futbolperuano.com/copa-peru/noticias/copa-peru-posibles-rivales-de-domingo-dianderas-en-la-etapa-nacional-596537,Stewart Luya,copa-peru,9,12,75.0,🟡,True,False,False,True,True,True,,False,True,True,True,True,,True
https://www.futbolperuano.com/copa-peru/noticias/la-fecha-de-inicio-de-la-etapa-nacional-de-la-copa-peru-2026-596684,Robert Luna,copa-peru,10,12,83.3,🟢,True,False,False,True,True,True,,True,True,True,True,True,,True
https://www.futbolperuano.com/partidos-por-tv/noticias/programacion-de-partidos-por-tv-del-martes-18-de-agosto-del-2026-596451,Jorge Cruzalegui,partidos-por-tv,9,12,75.0,🟡,True,False,False,True,True,True,,False,True,True,True,True,,True
https://www.futbolperuano.com/copa-peru/noticias/el-fixture-oficial-de-la-etapa-nacional-de-la-copa-peru-2026-596524,Robert Luna,copa-peru,9,12,75.0,🟡,True,False,False,True,True,True,,False,True,True,True,True,,True
https://www.futbolperuano.com/liga-1/noticias/sport-boys-pierde-dos-nuevos-puntos-en-la-tabla-acumulada-de-la-liga-1-2026-596494,Jorge Cruzalegui,liga-1,9,12,75.0,🟡,True,False,False,True,True,True,,False,True,True,True,True,,True
https://www.futbolperuano.com/liga-3/noticias/juan-aurich-toma-radical-decision-tras-la-goleada-sufrida-en-huamachuco-596507,Stewart Luya,liga-3,9,12,75.0,🟡,True,False,False,True,True,True,,False,True,True,True,True,,True
https://www.futbolperuano.com/copa-sudamericana/noticias/tecnico-de-botafogo-revela-el-duro-momento-del-equipo-tras-la-goleada-6-1-ante-cienciano-en-la-sudamericana-596467,Gabriel Rey,copa-sudamericana,9,12,75.0,🟡,True,False,False,True,True,True,,False,True,True,True,True,,True
https://www.futbolperuano.com/liga-1/noticias/fc-cajamarca-se-refuerza-con-un-delantero-con-pasado-en-el-futbol-aleman-596511,Stewart Luya,liga-1,9,12,75.0,🟡,True,False,False,True,True,True,,False,True,True,True,True,,True
https://www.futbolperuano.com/copa-peru/noticias/los-50-equipos-clasificados-a-la-etapa-nacional-copa-peru-2026-595518,Robert Luna,copa-peru,8,12,66.7,🟡,True,False,False,True,True,False,,False,True,True,True,True,,True
https://www.futbolperuano.com/liga-1/noticias/hector-cuper-destaco-el-debut-de-piero-quispe-con-universitario-en-la-liga-1-2026-596481,Jorge Cruzalegui,liga-1,9,12,75.0,🟡,True,False,False,True,True,True,,False,True,True,True,True,,True
https://www.futbolperuano.com/peruanos-en-el-exterior/noticias/con-sebastian-gonzales-zela-inter-toronto-volvio-al-triunfo-en-la-liga-de-canada-596459,Jorge Cruzalegui,peruanos-en-el-exterior,9,12,75.0,🟡,True,False,False,True,True,False,,True,True,True,True,True,,True
https://www.futbolperuano.com/liga-2/noticias/santos-fc-vs-alianza-universidad-de-huanuco-en-vivo-online-por-la-fecha-14-de-la-fase-de-grupos-de-la-liga-2-2026-596346,Gabriel Rey,liga-2,9,12,75.0,🟡,True,False,False,True,True,True,,False,True,True,True,True,,True
https://www.futbolperuano.com/liga-2/noticias/liga-2-2026-resultados-y-tablas-de-posiciones-de-la-fecha-14-de-la-fase-de-grupos-596175,Gabriel Rey,liga-2,8,12,66.7,🟡,True,False,False,True,True,True,,False,True,True,True,True,,False
https://www.futbolperuano.com/copa-peru/noticias/sport-river-vs-juventud-bellavista-en-vivo-liga-departamental-la-libertad-copa-peru-2026-596432,Robert Luna,copa-peru,10,12,83.3,🟢,True,False,False,True,True,True,,True,True,True,True,True,,True
https://www.futbolperuano.com/liga-1/noticias/alianza-lima-cerca-de-reforzarse-con-exdelantero-de-fluminens-596585,Robert Luna,liga-1,9,12,75.0,🟡,True,False,False,True,True,True,,False,True,True,True,True,,True
https://www.futbolperuano.com/futbol-de-menores/copa-federacion/alianza-lima-sporting-cristal-y-universitario-luchan-por-el-titulo-de-la-copa-federacion-oro-596460,Enrique Giles,futbol-de-menores,10,12,83.3,🟢,True,False,False,True,True,True,,True,True,True,True,True,,True
https://www.futbolperuano.com/copa-peru/noticias/equipo-liga-departamental-puno-clasifico-en-mesa-a-etapa-nacional-copa-peru-2026-596457,Robert Luna,copa-peru,10,12,83.3,🟢,True,False,False,True,True,True,,True,True,True,True,True,,True
https://www.futbolperuano.com/copa-peru/noticias/fecha-hora-y-canal-del-domingo-dianderas-vs-bad-boys-por-la-copa-peru-596523,Stewart Luya,copa-peru,9,12,75.0,🟡,True,False,False,True,True,True,,False,True,True,True,True,,True
https://www.futbolperuano.com/copa-peru/noticias/el-segundo-clasificado-de-cusco-a-la-etapa-nacional-de-copa-peru-2026-596443,Robert Luna,copa-peru,9,12,75.0,🟡,True,False,False,True,True,True,,False,True,True,True,True,,True
https://www.futbolperuano.com/liga-1/noticias/safap-arremete-contra-sport-boys-por-deudas-pendientes-con-exjugadores-596441,Joaquín Vásquez,liga-1,10,12,83.3,🟢,True,False,False,True,True,True,,True,True,True,True,True,,True
https://www.futbolperuano.com/copa-peru/noticias/el-nuevo-campeon-de-la-liga-departamental-de-ayacucho-en-la-copa-peru-2026-596599,Robert Luna,copa-peru,9,12,75.0,🟡,True,False,False,True,True,True,,False,True,True,True,True,,True
https://www.futbolperuano.com/copa-peru/noticias/los-cuatro-clasificados-al-cuadrangular-final-de-junin-de-la-copa-peru-2026-596438,Joaquín Vásquez,copa-peru,9,12,75.0,🟡,True,False,False,True,True,True,,False,True,True,True,True,,True
https://www.futbolperuano.com/copa-peru/noticias/copa-peru-2026-sociedad-tiro-28-y-academia-pepe-clasificaron-a-la-etapa-nacional-por-pasco-596425,Gabriel Rey,copa-peru,9,12,75.0,🟡,True,False,False,True,True,True,,False,True,True,True,True,,True
https://www.futbolperuano.com/futbol-femenino/liga-femenina/liga-femenina-como-se-jugaran-los-partidos-de-la-fecha-6-del-torneo-clausura-596430,Gabriel Rey,futbol-femenino,8,12,66.7,🟡,True,False,False,True,True,False,,False,True,True,True,True,,True
https://www.futbolperuano.com/copa-peru/noticias/domingo-dianderas-hizo-historia-al-clasificar-a-la-etapa-nacional-de-la-copa-peru-2026-596413,Joaquín Vásquez,copa-peru,9,12,75.0,🟡,True,False,False,True,True,True,,False,True,True,True,True,,True
https://www.futbolperuano.com/copa-sudamericana/noticias/botafogo-vs-cienciano-fecha-hora-y-canales-de-la-vuela-de-octavos-de-final-de-copa-sudamericana-2026-596474,Jorge Cruzalegui,copa-sudamericana,8,12,66.7,🟡,True,False,False,True,True,True,,False,True,True,True,False,,True
https://www.futbolperuano.com/peruanos-en-el-exterior/noticias/andre-carrillo-fue-titular-en-la-derrota-de-corinthians-ante-cruzeiro-por-el-brasileirao-596409,Joaquín Vásquez,peruanos-en-el-exterior,9,12,75.0,🟡,True,False,False,True,True,True,,False,True,True,True,True,,True
https://www.futbolperuano.com/copa-peru/noticias/juan-carlos-bazalar-asume-un-nuevo-reto-en-la-copa-peru-2026-596532,Stewart Luya,copa-peru,9,12,75.0,🟡,True,False,False,True,True,True,,False,True,True,True,True,,True
https://www.futbolperuano.com/copa-peru/noticias/asi-quedo-la-liguilla-de-la-liga-departamental-de-cajamarca-de-copa-peru-2026-596415,Joaquín Vásquez,copa-peru,9,12,75.0,🟡,True,False,False,True,True,True,,False,True,True,True,True,,True
https://www.futbolperuano.com/copa-sudamericana/noticias/copa-sudamericana-horacio-melgarejo-no-se-confia-pese-a-la-ventaja-de-cienciano-sobre-botafogo-596500,Jorge Cruzalegui,copa-sudamericana,7,12,58.3,🔴,True,False,False,True,True,False,,False,True,True,True,False,,True
https://www.futbolperuano.com/peruanos-en-el-exterior/noticias/jesus-pretell-presente-en-la-victoria-de-ldu-de-quito-ante-aucas-por-la-liga-pro-de-ecuador-596464,Jorge Cruzalegui,peruanos-en-el-exterior,9,12,75.0,🟡,True,False,False,True,True,True,,False,True,True,True,True,,True
https://www.futbolperuano.com/peruanos-en-el-exterior/noticias/erick-noriega-fue-titular-en-la-derrota-de-gremio-ante-atletico-mineiro-por-el-brasileirao-596410,Joaquín Vásquez,peruanos-en-el-exterior,8,12,66.7,🟡,True,False,False,True,True,True,,False,True,True,True,False,,True
https://www.futbolperuano.com/liga-1/noticias/programacion-de-la-fecha-6-del-torneo-clausura-de-la-liga-1-2026-596398,Gabriel Iberico,liga-1,9,12,75.0,🟡,True,False,False,True,True,True,,False,True,True,True,True,,True
https://www.futbolperuano.com/liga-2/noticias/pirata-fc-vs-union-comercio-en-vivo-por-la-liga-2-596382,Gabriel Iberico,liga-2,9,12,75.0,🟡,True,False,False,True,True,True,,True,True,True,False,True,,True
https://www.futbolperuano.com/copa-peru/noticias/copa-peru-resultados-de-la-fecha-4-en-la-liguilla-final-de-la-liga-departamental-de-arequipa-596387,Gabriel Iberico,copa-peru,8,12,66.7,🟡,True,False,False,True,True,False,,False,True,True,True,True,,True
https://www.futbolperuano.com/liga-1/noticias/franco-velasco-sorprende-tras-triunfo-de-universitario-con-inesperado-mensaje-sobre-el-arbitraje-y-sus-fichajes-596444,Gabriel Rey,liga-1,9,12,75.0,🟡,True,False,False,True,True,True,,False,True,True,True,True,,True
https://www.futbolperuano.com/peruanos-en-el-exterior/noticias/marco-saravia-gana-protagonismo-en-progreso-pese-al-mal-arranque-en-uruguay-596378,Gabriel Iberico,peruanos-en-el-exterior,9,12,75.0,🟡,True,False,False,True,True,False,,True,True,True,True,True,,True
https://www.futbolperuano.com/peruanos-en-el-exterior/noticias/adrian-ugarriza-marco-y-jugo-los-90-minutos-pero-kiryat-shmona-quedo-eliminado-596418,Joaquín Vásquez,peruanos-en-el-exterior,9,12,75.0,🟡,True,False,False,True,True,True,,False,True,True,True,True,,True
https://www.futbolperuano.com/liga-1/noticias/fc-cajamarca-vs-universitario-en-vivo-por-el-torneo-clausura-de-la-liga-1-596306,Gabriel Iberico,liga-1,9,12,75.0,🟡,True,False,False,True,True,False,,True,True,True,True,True,,True
https://www.futbolperuano.com/copa-peru/noticias/cachorro-cerca-de-clasificarse-a-la-etapa-nacional-de-la-copa-peru-2026-596416,Robert Luna,copa-peru,9,12,75.0,🟡,True,False,False,True,True,True,,False,True,True,True,True,,True
https://www.futbolperuano.com/peruanos-en-el-exterior/noticias/sebastian-aranda-avanzo-a-semifinales-de-la-copa-de-letonia-con-fk-auda-596442,Joaquín Vásquez,peruanos-en-el-exterior,9,12,75.0,🟡,True,False,False,True,True,True,,False,True,True,True,True,,True
https://www.futbolperuano.com/copa-peru/noticias/sport-ancash-sigue-sonando-con-llegar-a-la-etapa-nacional-copa-peru-2026-596421,Robert Luna,copa-peru,9,12,75.0,🟡,True,False,False,True,True,True,,False,True,True,True,True,,True
https://www.futbolperuano.com/copa-peru/noticias/atletico-torino-clasifico-a-semifinales-liga-departamental-piura-en-copa-peru-2026-596412,Robert Luna,copa-peru,9,12,75.0,🟡,True,False,False,True,True,False,,True,True,True,True,True,,True
https://www.futbolperuano.com/peruanos-en-el-exterior/noticias/marcos-lopez-hace-su-estreno-goleador-en-la-temporada-en-victoria-de-fc-copenhague-596366,Gabriel Iberico,peruanos-en-el-exterior,8,12,66.7,🟡,True,False,False,True,True,False,,False,True,True,True,True,,True
https://www.futbolperuano.com/liga-3/noticias/juventus-fc-vs-juan-aurich-en-vivo-por-la-liga-3-596269,Stewart Luya,liga-3,8,12,66.7,🟡,True,False,False,True,True,False,,False,True,True,True,True,,True
https://www.futbolperuano.com/partidos-por-tv/noticias/programacion-de-hoy-lunes-17-de-agosto-de-2026-horarios-del-futbol-en-vivo-por-television-en-el-peru-596358,Gabriel Iberico,partidos-por-tv,8,12,66.7,🟡,True,False,False,True,True,False,,False,True,True,True,True,,True
https://www.futbolperuano.com/liga-1/noticias/liga-1-2026-resultados-y-tabla-de-posiciones-de-la-fecha-5-del-torneo-clausura-595993,Gabriel Rey,liga-1,8,12,66.7,🟡,True,False,False,True,True,True,,False,True,True,True,True,,False
https://www.futbolperuano.com/futbol-femenino/liga-femenina/liga-femenina-2026-atletico-andahuaylas-goleo-a-carlos-mannucci-y-sigue-en-la-pelea-por-el-titulo-596363,Gabriel Rey,futbol-femenino,8,12,66.7,🟡,True,False,False,True,True,False,,False,True,True,True,True,,True
https://www.futbolperuano.com/peruanos-en-el-exterior/noticias/oliver-sonne-fue-clave-en-agonico-empate-de-burnley-en-su-estreno-en-la-championship-596371,Gabriel Iberico,peruanos-en-el-exterior,9,12,75.0,🟡,True,False,False,True,True,False,,True,True,True,True,True,,True
https://www.futbolperuano.com/liga-1/noticias/deportivo-moquegua-vs-sport-boys-en-vivo-por-el-torneo-clausura-596264,Stewart Luya,liga-1,9,12,75.0,🟡,True,False,False,True,True,False,,True,True,True,True,True,,True
https://www.futbolperuano.com/liga-1/noticias/la-tabla-acumulada-de-la-liga-1-tras-jugarse-la-fecha-5-del-torneo-clausura-2026-596397,Gabriel Iberico,liga-1,9,12,75.0,🟡,True,False,False,True,True,True,,False,True,True,True,True,,True
https://www.futbolperuano.com/peruanos-en-el-exterior/noticias/con-jean-pierre-rhyner-vizela-no-pudo-mantener-el-buen-inicio-en-la-liga-portugal-2-596375,Gabriel Iberico,peruanos-en-el-exterior,8,12,66.7,🟡,True,False,False,True,True,False,,False,True,True,True,True,,True
https://www.futbolperuano.com/liga-1/noticias/cienciano-vs-deportivo-garcilaso-en-vivo-por-el-torneo-clausura-de-la-liga-1-596310,Gabriel Iberico,liga-1,9,12,75.0,🟡,True,False,False,True,True,False,,True,True,True,True,True,,True
https://www.futbolperuano.com/peruanos-en-el-exterior/noticias/santiago-ormeno-sigue-sin-debutar-en-el-torneo-clausura-de-uruguay-596345,Stewart Luya,peruanos-en-el-exterior,9,12,75.0,🟡,True,False,False,True,True,True,,False,True,True,True,True,,True
https://www.futbolperuano.com/peruanos-en-el-exterior/noticias/wilder-cartagena-vuelve-a-sumar-minutos-con-el-orlando-city-en-la-mls-596342,Stewart Luya,peruanos-en-el-exterior,9,12,75.0,🟡,True,False,False,True,True,True,,False,True,True,True,True,,True
https://www.futbolperuano.com/seleccion/noticias/campeon-con-la-u-pide-la-convocatoria-de-matias-succar-en-la-seleccion-peruana-596333,Gabriel Iberico,seleccion,8,12,66.7,🟡,True,False,False,True,True,False,,True,True,True,True,False,,True
https://www.futbolperuano.com/liga-voley/mundial-sub-17-femenino/peru-vs-venezuela-en-vivo-por-el-mundial-de-voley-sub-17-596341,Stewart Luya,liga-voley,7,12,58.3,🔴,True,False,False,True,True,False,,False,True,True,True,False,,True
https://www.futbolperuano.com/seleccion/noticias/chiquito-flores-arremete-contra-christian-cueva-596316,Gabriel Iberico,seleccion,9,12,75.0,🟡,True,False,False,True,True,False,,True,True,True,True,True,,True
https://www.futbolperuano.com/liga-1/noticias/sporting-cristal-vs-sport-huancayo-en-vivo-online-por-la-fecha-5-del-torneo-clausura-de-la-liga-1-2026-596270,Gabriel Rey,liga-1,10,12,83.3,🟢,True,False,False,True,True,True,,True,True,True,True,True,,True
https://www.futbolperuano.com/liga-1/noticias/hector-cuper-toma-rotunda-decision-con-piero-quispe-y-sorprende-con-tres-bajas-para-enfrentar-a-fc-cajamarca-596321,Gabriel Iberico,liga-1,9,12,75.0,🟡,True,False,False,True,True,False,,True,True,True,True,True,,True
https://www.futbolperuano.com/peruanos-en-el-exterior/noticias/renato-tapia-dio-una-asistencia-en-el-debut-de-al-wasl-con-goleada-5-1-ante-united-fc-596293,Joaquín Vásquez,peruanos-en-el-exterior,9,12,75.0,🟡,True,False,False,True,True,True,,False,True,True,True,True,,True
https://www.futbolperuano.com/liga-2/noticias/bentin-tacna-heroica-vs-sport-huancayo-en-vivo-por-la-liga-2-596278,Stewart Luya,liga-2,9,12,75.0,🟡,True,False,False,True,True,False,,True,True,True,True,True,,True
https://www.futbolperuano.com/liga-1/noticias/los-chankas-vs-melgar-en-vivo-por-el-torneo-clausura-de-la-liga-1-2026-595956,Gabriel Iberico,liga-1,9,12,75.0,🟡,True,False,False,True,True,False,,True,True,True,True,True,,True
https://www.futbolperuano.com/liga-2/noticias/estudiantil-cni-vs-comerciantes-fc-en-vivo-online-por-la-fecha-14-de-fase-regional-de-la-liga-2-2026-596179,Joaquín Vásquez,liga-2,10,12,83.3,🟢,True,False,False,True,True,True,,True,True,True,True,True,,True
https://www.futbolperuano.com/liga-2/noticias/san-martin-vs-ada-de-jaen-en-vivo-por-la-liga-2-596281,Stewart Luya,liga-2,9,12,75.0,🟡,True,False,False,True,True,False,,True,True,True,True,True,,True
https://www.futbolperuano.com/copa-peru/noticias/copa-peru-2026-juventud-puente-bolivar-vs-arsenal-lawn-tennis-en-vivo-online-por-la-ida-de-las-semifinales-de-la-liga-departamental-de-lima-596191,Gabriel Rey,copa-peru,9,12,75.0,🟡,True,False,False,True,True,True,,False,True,True,True,True,,True
https://www.futbolperuano.com/liga-1/noticias/kevin-quevedo-fue-apartado-de-alianza-lima-y-se-revelaron-los-motivos-de-su-ausencia-en-el-torneo-clausura-596343,Gabriel Rey,liga-1,8,12,66.7,🟡,True,False,False,True,True,True,,False,True,True,True,True,,False
https://www.futbolperuano.com/liga-1/noticias/paolo-guerrero-denuncia-hackeo-de-sus-redes-sociales-y-aclara-polemicas-publicaciones-596283,Joaquín Vásquez,liga-1,9,12,75.0,🟡,True,False,False,True,True,True,,False,True,True,True,True,,True
https://www.futbolperuano.com/liga-1/noticias/adt-de-tarma-vs-alianza-atletico-en-vivo-por-el-torneo-clausura-596146,Stewart Luya,liga-1,9,12,75.0,🟡,True,False,False,True,True,False,,True,True,True,True,True,,True
https://www.futbolperuano.com/liga-3/noticias/union-huaral-sorprende-a-alianza-lima-y-evita-que-escale-a-la-cima-del-grupo-b-en-la-liga-3-596308,Gabriel Iberico,liga-3,8,12,66.7,🟡,True,False,False,True,True,False,,False,True,True,True,True,,True
https://www.futbolperuano.com/copa-peru/noticias/copa-peru-2026-deportivo-huayruro-hace-historia-y-clasifica-por-primera-vez-a-la-etapa-nacional-596335,Gabriel Iberico,copa-peru,8,12,66.7,🟡,True,False,False,True,True,False,,False,True,True,True,True,,True
https://www.futbolperuano.com/peruanos-en-el-exterior/noticias/yordy-reyna-fue-titular-y-jugo-los-90-minutos-en-el-empate-3-3-de-rodina-moscu-596254,Joaquín Vásquez,peruanos-en-el-exterior,9,12,75.0,🟡,True,False,False,True,True,True,,False,True,True,True,True,,True
https://www.futbolperuano.com/liga-voley/resultados-y-tabla-de-posiciones-del-mundial-de-voley-sub-17-594666,Stewart Luya,liga-voley,7,12,58.3,🔴,True,False,False,True,True,False,,False,True,True,True,False,,True
https://www.futbolperuano.com/copa-peru/noticias/regatas-lima-vs-bella-esperanza-en-vivo-online-la-liga-departamental-de-lima-de-copa-peru-2026-596147,Joaquín Vásquez,copa-peru,10,12,83.3,🟢,True,False,False,True,True,True,,True,True,True,True,True,,True
https://www.futbolperuano.com/peruanos-en-el-exterior/noticias/fabio-gruber-cierra-la-pretemporada-con-mainz-05-y-apunta-a-la-copa-de-alemania-596280,Joaquín Vásquez,peruanos-en-el-exterior,9,12,75.0,🟡,True,False,False,True,True,True,,False,True,True,True,True,,True
https://www.futbolperuano.com/partidos-por-tv/noticias/programacion-de-hoy-domingo-16-de-agosto-de-2026-horarios-del-futbol-en-vivo-por-television-en-el-peru-596300,Gabriel Iberico,partidos-por-tv,9,12,75.0,🟡,True,False,False,True,True,False,,True,True,True,True,True,,True
https://www.futbolperuano.com/liga-1/noticias/alianza-lima-vs-utc-en-vivo-por-el-torneo-clausura-de-la-liga-1-2026-595966,Gabriel Iberico,liga-1,9,12,75.0,🟡,True,False,False,True,True,False,,True,True,True,True,True,,True
https://www.futbolperuano.com/liga-1/noticias/liga-1-comision-disciplinaria-castiga-a-sport-boys-596258,Stewart Luya,liga-1,10,12,83.3,🟢,True,False,False,True,True,True,,True,True,True,True,True,,True
https://www.futbolperuano.com/liga-voley/mundial-sub-17-femenino/peru-vs-republica-checa-en-vivo-online-por-el-mundial-sub-17-de-voley-femenino-596223,Gabriel Rey,liga-voley,10,12,83.3,🟢,True,False,False,True,True,True,,True,True,True,True,True,,True
https://www.futbolperuano.com/liga-1/noticias/juan-pablo-goicochea-debuto-con-juan-pablo-ii-y-revelo-por-que-decidio-volver-a-la-liga-1-596260,Joaquín Vásquez,liga-1,10,12,83.3,🟢,True,False,False,True,True,True,,True,True,True,True,True,,True
https://www.futbolperuano.com/liga-2/noticias/guillermo-salas-dejo-de-ser-entrenador-de-santos-de-nazca-596298,Joaquín Vásquez,liga-2,9,12,75.0,🟡,True,False,False,True,True,True,,False,True,True,True,True,,True
https://www.futbolperuano.com/liga-1/noticias/sporting-cristal-vs-sport-huancayo-probables-alineaciones-para-el-duelo-por-la-fecha-5-del-torneo-clausura-de-la-liga-1-596304,Gabriel Rey,liga-1,8,12,66.7,🟡,True,False,False,True,True,True,,False,True,True,True,True,,False
https://www.futbolperuano.com/liga-3/noticias/liga-3-sporting-company-sorprende-y-presenta-a-su-nuevo-entrenador-596247,Stewart Luya,liga-3,9,12,75.0,🟡,True,False,False,True,True,True,,False,True,True,True,True,,True
https://www.futbolperuano.com/peruanos-en-el-exterior/noticias/erick-noriega-se-reivindica-y-gremio-vuelve-al-triunfo-en-copa-do-brasil-594938,Gabriel Rey,peruanos-en-el-exterior,9,12,75.0,🟡,True,False,False,True,True,True,,False,True,True,True,True,,True
https://www.futbolperuano.com/liga-3/noticias/por-que-se-suspendio-el-partido-entre-uda-y-ucayali-fc-en-huancavelica-596245,Stewart Luya,liga-3,9,12,75.0,🟡,True,False,False,True,True,True,,False,True,True,True,True,,True
https://www.futbolperuano.com/liga-2/noticias/union-minas-vs-ayacucho-fc-en-vivo-online-fecha-14-de-la-fase-regional-de-la-liga-2-2026-596177,Joaquín Vásquez,liga-2,10,12,83.3,🟢,True,False,False,True,True,True,,True,True,True,True,True,,True
https://www.futbolperuano.com/liga-1/noticias/kevin-quevedo-no-volveria-a-jugar-en-alianza-lima-mientras-pablo-guede-siga-como-dt-596250,Joaquín Vásquez,liga-1,10,12,83.3,🟢,True,False,False,True,True,True,,True,True,True,True,True,,True
https://www.futbolperuano.com/futbol-internacional/noticias/ricardo-gareca-aparece-como-candidato-para-asumir-en-independiente-de-avellaneda-596122,Joaquín Vásquez,futbol-internacional,10,12,83.3,🟢,True,False,False,True,True,True,,True,True,True,True,True,,True
https://www.futbolperuano.com/liga-1/noticias/alineaciones-del-alianza-lima-vs-utc-por-la-fecha-5-del-torneo-clausura-de-la-liga-1-2026-596292,Gabriel Rey,liga-1,9,12,75.0,🟡,True,False,False,True,True,True,,False,True,True,True,True,,True
https://www.futbolperuano.com/liga-1/noticias/utc-recibe-dura-sancion-de-la-fpf-pierde-puntos-y-queda-al-borde-del-descenso-en-la-liga-1-2026-596263,Gabriel Rey,liga-1,8,12,66.7,🟡,True,False,False,True,True,True,,False,True,True,True,False,,True
https://www.futbolperuano.com/liga-1/noticias/la-tabla-acumulada-de-la-liga-1-tras-la-fecha-4-del-torneo-clausura-2026-595408,Gabriel Rey,liga-1,8,12,66.7,🟡,True,False,False,True,True,False,,False,True,True,True,True,,True
https://www.futbolperuano.com/liga-1/noticias/liga-1-comision-disciplinaria-sanciono-a-alianza-lima-596249,Stewart Luya,liga-1,9,12,75.0,🟡,True,False,False,True,True,True,,False,True,True,True,True,,True
https://www.futbolperuano.com/liga-3/noticias/liga-3-ex-dt-de-alianza-lima-toma-las-riendas-de-deportivo-lute-596098,Stewart Luya,liga-3,8,12,66.7,🟡,False,False,False,True,True,True,,False,True,True,True,True,,True
https://www.futbolperuano.com/copa-sudamericana/noticias/los-impresionantes-numeros-de-matias-succar-en-la-goleada-de-cienciano-596084,Stewart Luya,copa-sudamericana,9,12,75.0,🟡,True,False,False,True,True,True,,True,True,True,True,False,,True
https://www.futbolperuano.com/liga-2/noticias/binacional-recurre-a-un-viejo-conocido-para-revertir-su-mal-momento-en-la-liga-2-596139,Stewart Luya,liga-2,9,12,75.0,🟡,True,False,False,True,True,True,,False,True,True,True,True,,True
https://www.futbolperuano.com/liga-1/noticias/atletico-grau-vs-comerciantes-unidos-en-vivo-online-por-la-fecha-5-del-torneo-clausura-de-la-liga-1-2026-596081,Joaquín Vásquez,liga-1,9,12,75.0,🟡,True,False,False,True,False,True,,True,True,True,True,True,,True
https://www.futbolperuano.com/liga-1/noticias/cusco-fc-vs-juan-pablo-ii-en-vivo-online-por-la-fecha-5-del-torneo-clausura-de-la-liga-1-2026-596013,Gabriel Rey,liga-1,10,12,83.3,🟢,True,False,False,True,True,True,,True,True,True,True,True,,True
https://www.futbolperuano.com/peruanos-en-el-exterior/noticias/kluiverth-aguilar-deja-europa-y-ya-tiene-nuevo-equipo-fue-anunciado-por-minnesota-united-fc-2-596201,Gabriel Rey,peruanos-en-el-exterior,9,12,75.0,🟡,True,False,False,True,True,True,,False,True,True,True,True,,True
https://www.futbolperuano.com/liga-voley/mundial-sub-17-femenino/peru-vs-argentina-en-vivo-online-por-los-puestos-9-al-16-por-el-mundial-sub-17-de-voley-596022,Joaquín Vásquez,liga-voley,8,12,66.7,🟡,True,False,False,True,True,False,,True,True,True,True,False,,True
https://www.futbolperuano.com/copa-sudamericana/noticias/copa-sudamericana-prensa-brasilena-reconoce-la-superioridad-de-cienciano-596062,Stewart Luya,copa-sudamericana,8,12,66.7,🟡,True,False,False,True,True,True,,False,True,True,True,False,,True
https://www.futbolperuano.com/seleccion/noticias/mano-menezes-convocaria-a-victor-guzman-delantero-del-sporting-de-lisboa-a-la-seleccion-peruana-596106,Joaquín Vásquez,seleccion,9,12,75.0,🟡,True,False,False,True,True,True,,False,True,True,True,True,,True
https://www.futbolperuano.com/copa-libertadores/noticias/mirassol-vs-ldu-de-quito-en-vivo-por-la-copa-libertadores-595810,Stewart Luya,copa-libertadores,10,12,83.3,🟢,True,False,False,True,True,True,,True,True,True,True,True,,True
https://www.futbolperuano.com/copa-sudamericana/noticias/horacio-melgarejo-revelo-que-paso-con-jugadores-de-botafogo-tras-la-goleada-de-cienciano-596089,Joaquín Vásquez,copa-sudamericana,9,12,75.0,🟡,True,False,False,True,True,True,,True,True,True,True,False,,True
https://www.futbolperuano.com/copa-peru/noticias/union-minas-vs-ayacucho-fc-en-vivo-online-por-la-fecha-14-de-la-fase-regional-de-la-liga-2-2026-596174,Joaquín Vásquez,copa-peru,2,12,16.7,🔴,False,False,False,True,True,False,,False,False,False,False,False,,False
https://www.futbolperuano.com/liga-3/noticias/cesar-ccahuantico-explico-su-sorpresiva-salida-de-ecosem-pasco-596108,Stewart Luya,liga-3,9,12,75.0,🟡,True,False,False,True,True,True,,False,True,True,True,True,,True
https://www.futbolperuano.com/copa-libertadores/noticias/rosario-central-vs-corinthians-en-vivo-por-la-copa-libertadores-595814,Stewart Luya,copa-libertadores,10,12,83.3,🟢,True,False,False,True,True,True,,True,True,True,True,True,,True
https://www.futbolperuano.com/liga-1/noticias/jean-deza-lanzo-fuerte-critica-sobre-piero-quispe-tras-volver-a-universitario-y-cuestiono-su-preparacion-595962,Joaquín Vásquez,liga-1,10,12,83.3,🟢,True,False,False,True,True,True,,True,True,True,True,True,,True
https://www.futbolperuano.com/peruanos-en-el-exterior/noticias/fk-auda-de-sebastian-aranda-fue-goleado-4-0-y-quedo-eliminado-de-la-conference-league-595988,Joaquín Vásquez,peruanos-en-el-exterior,9,12,75.0,🟡,True,False,False,True,True,True,,False,True,True,True,True,,True
https://www.futbolperuano.com/liga-2/noticias/san-martin-se-refuerza-con-carlos-lopez-y-roger-torres-para-la-liga-2-2026-596101,Joaquín Vásquez,liga-2,9,12,75.0,🟡,True,False,False,True,True,True,,False,True,True,True,True,,True
https://www.futbolperuano.com/copa-sudamericana/noticias/cienciano-igualo-el-record-de-universitario-en-torneos-conmebol-596077,Stewart Luya,copa-sudamericana,9,12,75.0,🟡,True,False,False,True,True,True,,True,True,True,True,False,,True
https://www.futbolperuano.com/copa-peru/noticias/cuantos-equipos-participaran-de-la-etapa-nacional-de-la-copa-peru-2026-595977,Robert Luna,copa-peru,7,12,58.3,🔴,True,False,False,True,True,False,,False,True,True,True,True,,False
https://www.futbolperuano.com/liga-1/noticias/horacio-melgarejo-podria-dejar-cienciano-el-tecnico-revelo-que-pasara-con-su-futuro-595916,Joaquín Vásquez,liga-1,8,12,66.7,🟡,True,False,False,True,True,True,,False,True,True,True,False,,True
https://www.futbolperuano.com/liga-1/noticias/agustin-alvarez-wallace-fue-presentado-en-sporting-cristal-y-ya-apunta-al-torneo-clausura-595945,Joaquín Vásquez,liga-1,10,12,83.3,🟢,True,False,False,True,True,True,,True,True,True,True,True,,True
https://www.futbolperuano.com/liga-2/noticias/se-inaugura-el-estadio-daniel-alcides-carrion-en-la-liga-2-595950,Robert Luna,liga-2,9,12,75.0,🟡,True,False,False,True,True,True,,False,True,True,True,True,,True
https://www.futbolperuano.com/copa-peru/noticias/el-inexpugnable-estadio-quiere-ser-sede-de-la-etapa-nacional-copa-peru-2026-595923,Robert Luna,copa-peru,10,12,83.3,🟢,True,False,False,True,True,True,,True,True,True,True,True,,True
https://www.futbolperuano.com/liga-1/noticias/juan-pablo-ii-definio-su-plantel-para-el-torneo-clausura-de-2026-tras-varias-altas-y-bajas-595908,Joaquín Vásquez,liga-1,8,12,66.7,🟡,True,False,False,True,True,True,,False,True,True,True,True,,False
https://www.futbolperuano.com/copa-sudamericana/noticias/la-prensa-mundial-se-rinde-ante-cienciano-tras-la-historica-goleada-sobre-botafogo-596066,Stewart Luya,copa-sudamericana,9,12,75.0,🟡,True,False,False,True,True,True,,True,True,True,True,False,,True
https://www.futbolperuano.com/futbol-internacional/mexico/el-nuevo-equipo-de-guillermo-viscarra-tras-haber-dejado-alianza-lima-595904,Robert Luna,futbol-internacional,9,12,75.0,🟡,True,False,False,True,True,True,,False,True,True,True,True,,True
https://www.futbolperuano.com/peru/mas-del-futbol-peruano/oficializan-convocatoria-equipos-mas-populares-del-peru-para-tradicion-copera-595958,Robert Luna,peru,10,12,83.3,🟢,True,False,False,True,True,True,,True,True,True,True,True,,True
https://www.futbolperuano.com/liga-1/noticias/alianza-lima-vs-universitario-fecha-confirmada-para-el-clasico-en-matute-por-el-torneo-clausura-595906,Gabriel Iberico,liga-1,8,12,66.7,🟡,True,False,False,True,True,False,,False,True,True,True,True,,True
https://www.futbolperuano.com/liga-1/noticias/reimond-manco-y-su-fuerte-mensaje-contra-paolo-guerrero-tras-sus-polemicos-mensajes-595891,Gabriel Iberico,liga-1,9,12,75.0,🟡,True,False,False,True,True,False,,True,True,True,True,True,,True
https://www.futbolperuano.com/liga-3/noticias/programacion-de-la-fecha-11-de-la-liga-3-2026-595847,Stewart Luya,liga-3,9,12,75.0,🟡,True,False,False,True,True,True,,False,True,True,True,True,,True
https://www.futbolperuano.com/peruanos-en-el-exterior/noticias/erick-noriega-recibio-4-partidos-de-suspension-por-los-incidentes-ante-bolivar-en-la-copa-sudamericana-595922,Joaquín Vásquez,peruanos-en-el-exterior,10,12,83.3,🟢,True,False,False,True,True,True,,True,True,True,True,True,,True
https://www.futbolperuano.com/liga-1/noticias/luciano-nequecaur-se-revela-el-motivo-por-el-que-rechazo-a-universitario-y-sporting-cristal-tras-dejar-sport-boys-595900,Gabriel Iberico,liga-1,8,12,66.7,🟡,True,False,False,True,True,False,,False,True,True,True,True,,True
https://www.futbolperuano.com/peruanos-en-el-exterior/noticias/wilder-cartagena-lucio-la-cinta-de-capitan-del-orlando-city-en-la-leagues-cup-595859,Stewart Luya,peruanos-en-el-exterior,9,12,75.0,🟡,True,False,False,True,True,True,,False,True,True,True,True,,True
https://www.futbolperuano.com/liga-1/noticias/adt-de-tarma-oficializa-a-su-refuerzo-colombiano-para-el-torneo-clausura-595844,Stewart Luya,liga-1,9,12,75.0,🟡,True,False,False,True,True,True,,False,True,True,True,True,,True
https://www.futbolperuano.com/futbol-de-menores/copa-federacion/resultados-copa-federacion-2026-partidos-del-6-al-9-de-agosto-595819,Enrique Giles,futbol-de-menores,8,12,66.7,🟡,True,False,False,True,True,False,,False,True,True,True,True,,True
https://www.futbolperuano.com/liga-2/noticias/fecha-hora-y-canal-del-carlos-mannucci-vs-cesar-vallejo-595832,Stewart Luya,liga-2,9,12,75.0,🟡,True,False,False,True,True,True,,False,True,True,True,True,,True
https://www.futbolperuano.com/liga-voley/mundial-sub-17-femenino/peru-vs-italia-en-vivo-online-octavos-de-final-del-mundial-de-voley-sub-17-595744,Robert Luna,liga-voley,10,12,83.3,🟢,True,False,False,True,True,True,,True,True,True,True,True,,True
https://www.futbolperuano.com/liga-1/noticias/llego-como-promesa-a-sporting-cristal-y-ahora-buscara-minutos-con-deportivo-moquegua-en-el-torneo-clausura-595947,Gabriel Iberico,liga-1,8,12,66.7,🟡,True,False,False,True,True,False,,False,True,True,True,True,,True
https://www.futbolperuano.com/liga-1/noticias/paolo-guerrero-recibio-critica-de-christian-ramos-tras-polemica-reaccion-en-redes-sociales-595912,Joaquín Vásquez,liga-1,10,12,83.3,🟢,True,False,False,True,True,True,,True,True,True,True,True,,True
https://www.futbolperuano.com/peruanos-en-el-exterior/noticias/copenhague-avanza-en-la-conference-league-con-goleada-y-sin-marcos-lopez-595790,Joaquín Vásquez,peruanos-en-el-exterior,8,12,66.7,🟡,True,False,False,True,True,True,,False,True,True,True,False,,True
https://www.futbolperuano.com/seleccion/noticias/carlos-zambrano-y-su-contundente-comentario-sobre-el-futuro-de-fabio-gruber-en-la-seleccion-peruana-595921,Gabriel Iberico,seleccion,8,12,66.7,🟡,True,False,False,True,True,False,,False,True,True,True,True,,True
https://www.futbolperuano.com/liga-voley/mundial-sub-17-femenino/asi-se-jugaran-los-cuartos-de-final-del-mundial-de-voley-sub-17-595869,Stewart Luya,liga-voley,9,12,75.0,🟡,True,False,False,True,True,True,,False,True,True,True,True,,True
https://www.futbolperuano.com/liga-1/noticias/sporting-cristal-completo-el-cupo-de-extranjeros-con-su-ultimo-fichaje-595758,Robert Luna,liga-1,5,12,41.7,🔴,True,False,False,True,True,False,,False,True,False,False,False,,True
https://www.futbolperuano.com/liga-1/noticias/universitario-y-el-sorpresivo-monto-que-pago-para-fichar-al-panameno-jorge-gutierrez-595933,Gabriel Iberico,liga-1,9,12,75.0,🟡,True,False,False,True,True,False,,True,True,True,True,True,,True
https://www.futbolperuano.com/liga-3/noticias/cesar-ccahuantico-solo-duro-dos-partidos-en-la-liga-3-595864,Stewart Luya,liga-3,9,12,75.0,🟡,True,False,False,True,True,True,,False,True,True,True,True,,True
https://www.futbolperuano.com/liga-1/noticias/milito-en-melgar-por-6-anos-pero-decidio-fichar-por-adt-de-tarna-595892,Robert Luna,liga-1,9,12,75.0,🟡,True,False,False,True,True,True,,False,True,True,True,True,,True
https://www.futbolperuano.com/liga-1/noticias/alejandro-hohberg-hablo-sobre-una-posible-convocatoria-a-la-seleccion-peruana-595752,Joaquín Vásquez,liga-1,9,12,75.0,🟡,True,False,False,True,True,True,,True,True,True,True,False,,True
https://www.futbolperuano.com/liga-1/noticias/sport-huancayo-retuvo-a-nahuel-lujan-y-extendio-su-vinculo-hasta-2028-595734,Joaquín Vásquez,liga-1,8,12,66.7,🟡,True,False,False,True,True,False,,False,True,True,True,True,,True
https://www.futbolperuano.com/copa-peru/noticias/atletico-torino-golea-y-mete-miedo-en-la-etapa-departamental-de-piura-595855,Stewart Luya,copa-peru,9,12,75.0,🟡,True,False,False,True,True,True,,False,True,True,True,True,,True
https://www.futbolperuano.com/liga-1/noticias/alianza-lima-alista-un-importante-regreso-para-medirse-ante-utc-por-el-torneo-clausura-2026-595885,Gabriel Iberico,liga-1,9,12,75.0,🟡,True,False,False,True,True,False,,True,True,True,True,True,,True
https://www.futbolperuano.com/copa-peru/noticias/programacion-semifinales-ida-de-la-liga-departamental-lima-en-copa-peru-2026-595749,Robert Luna,copa-peru,9,12,75.0,🟡,True,False,False,True,True,True,,False,True,True,True,True,,True
https://www.futbolperuano.com/seleccion/noticias/carlos-zambrano-y-christian-cueva-hablaron-del-futuro-de-la-localia-de-peru-595732,Joaquín Vásquez,seleccion,10,12,83.3,🟢,True,False,True,True,True,False,,True,True,True,True,True,,True
https://www.futbolperuano.com/liga-1/noticias/alianza-lima-confirmo-la-lesion-de-marco-huaman-cuantos-partidos-se-perdera-595737,Joaquín Vásquez,liga-1,9,12,75.0,🟡,True,False,False,True,True,False,,True,True,True,True,True,,True
https://www.futbolperuano.com/liga-1/noticias/representante-de-jorge-gutierrez-anuncia-denuncia-ante-fifa-tras-su-llegada-a-universitario-595932,Joaquín Vásquez,liga-1,10,12,83.3,🟢,True,False,False,True,True,True,,True,True,True,True,True,,True
https://www.futbolperuano.com/liga-1/noticias/juan-pablo-ii-ficho-a-juan-pablo-goicochea-para-el-torneo-clausura-2026-595742,Joaquín Vásquez,liga-1,8,12,66.7,🟡,True,False,False,True,True,False,,False,True,True,True,True,,True
https://www.futbolperuano.com/liga-voley/mundial-sub-17-femenino/peru-ya-conoce-a-su-rival-para-disputar-los-octavos-de-final-del-mundial-de-voley-sub-17-595710,Gabriel Iberico,liga-voley,7,12,58.3,🔴,True,False,False,True,True,False,,False,True,True,True,False,,True
https://www.futbolperuano.com/liga-1/noticias/jhair-soto-no-llegara-a-alianza-lima-tras-caerse-su-fichaje-en-las-ultimas-horas-595730,Joaquín Vásquez,liga-1,8,12,66.7,🟡,True,False,False,True,True,False,,False,True,True,True,True,,True
https://www.futbolperuano.com/liga-1/noticias/juan-pablo-ii-refuerza-su-ataque-con-joya-de-sporting-cristal-para-el-torneo-clausura-2026-595712,Gabriel Iberico,liga-1,9,12,75.0,🟡,True,False,False,True,True,False,,True,True,True,True,True,,True
https://www.futbolperuano.com/peruanos-en-el-exterior/noticias/matteo-perez-vinlof-y-dinamo-zagreb-se-acerca-a-la-fase-liga-de-la-champions-league-595691,Gabriel Iberico,peruanos-en-el-exterior,9,12,75.0,🟡,True,False,False,True,True,True,,False,True,True,True,True,,True
https://www.futbolperuano.com/liga-1/noticias/luciano-nequecaur-goleador-de-sport-boys-estaria-proximo-a-dejar-el-club-por-un-gigante-de-sudamerica-595702,Gabriel Iberico,liga-1,9,12,75.0,🟡,True,False,False,True,True,False,,True,True,True,True,True,,True
https://www.futbolperuano.com/copa-sudamericana/noticias/para-enfrentar-a-cienciano-figura-de-botafogo-se-pierde-el-duelo-por-la-copa-sudamericana-595687,Gabriel Iberico,copa-sudamericana,8,12,66.7,🟡,True,False,False,True,True,False,,True,True,True,True,False,,True
https://www.futbolperuano.com/liga-2/noticias/fecha-hora-y-canal-del-estudiantil-cni-vs-comerciantes-fc-595837,Stewart Luya,liga-2,9,12,75.0,🟡,True,False,False,True,True,True,,False,True,True,True,True,,True
https://www.futbolperuano.com/partidos-por-tv/noticias/programacion-de-hoy-miercoles-12-de-agosto-de-2026-horarios-del-futbol-en-vivo-por-television-en-el-peru-595656,Gabriel Iberico,partidos-por-tv,9,12,75.0,🟡,True,False,False,True,True,False,,True,True,True,True,True,,True
https://www.futbolperuano.com/peruanos-en-el-exterior/noticias/alexander-callens-anuncia-su-salida-del-aek-atenas-con-emotivo-mensaje-595682,Gabriel Iberico,peruanos-en-el-exterior,9,12,75.0,🟡,True,False,False,True,True,False,,True,True,True,True,True,,True
https://www.futbolperuano.com/peruanos-en-el-exterior/noticias/felipe-chavez-y-los-clubes-que-buscan-llevarselo-tras-destacar-en-bayern-munich-595670,Gabriel Iberico,peruanos-en-el-exterior,9,12,75.0,🟡,True,False,False,True,True,False,,True,True,True,True,True,,True
https://www.futbolperuano.com/liga-1/noticias/periodista-panameno-envia-dardo-a-alianza-lima-tras-fichaje-de-jorge-gutierrez-por-universitario-595694,Gabriel Iberico,liga-1,9,12,75.0,🟡,True,False,False,True,True,False,,True,True,True,True,True,,True
https://www.futbolperuano.com/copa-sudamericana/noticias/que-canal-transmitira-cienciano-vs-botafogo-por-la-copa-sudamericana-595619,Stewart Luya,copa-sudamericana,8,12,66.7,🟡,True,False,False,True,True,True,,False,True,True,True,False,,True
https://www.futbolperuano.com/liga-2/noticias/alianza-universidad-suma-un-nuevo-refuerzo-para-buscar-el-ascenso-595604,Stewart Luya,liga-2,9,12,75.0,🟡,True,False,False,True,True,True,,False,True,True,True,True,,True
https://www.futbolperuano.com/liga-1/noticias/pablo-sabbag-estrena-nuevo-equipo-y-cancion-para-alianza-lima-595633,Robert Luna,liga-1,9,12,75.0,🟡,True,False,False,True,True,True,,False,True,True,True,True,,True
https://www.futbolperuano.com/liga-3/noticias/equipo-de-la-liga-3-sorprende-y-oficializa-la-contratacion-de-german-carty-595614,Stewart Luya,liga-3,8,12,66.7,🟡,True,False,False,True,True,False,,False,True,True,True,True,,True
https://www.futbolperuano.com/liga-2/noticias/san-martin-se-refuerza-con-una-de-las-figuras-de-sport-boys-595625,Robert Luna,liga-2,9,12,75.0,🟡,True,False,False,True,True,True,,False,True,True,True,True,,True
https://www.futbolperuano.com/liga-1/noticias/utc-de-cajamarca-sin-arqueros-para-visitar-a-alianza-lima-595591,Stewart Luya,liga-1,9,12,75.0,🟡,True,False,False,True,True,True,,False,True,True,True,True,,True
https://www.futbolperuano.com/copa-peru/noticias/el-primer-clasificado-de-huancavelica-a-la-etapa-nacional-copa-peru-2026-595602,Robert Luna,copa-peru,9,12,75.0,🟡,True,False,False,True,True,True,,False,True,True,True,True,,True
https://www.futbolperuano.com/liga-1/noticias/sport-boys-sorprende-y-anuncia-la-salida-de-dos-futbolistas-595577,Stewart Luya,liga-1,8,12,66.7,🟡,True,False,False,True,True,False,,False,True,True,True,True,,True
https://www.futbolperuano.com/liga-1/noticias/universitario-se-refuerza-con-mundialista-panameno-para-el-torneo-clausura-595584,Stewart Luya,liga-1,9,12,75.0,🟡,True,False,False,True,True,False,,True,True,True,True,True,,True
https://www.futbolperuano.com/liga-voley/mundial-sub-17-femenino/a-que-hora-juegan-peru-vs-china-por-el-mundial-de-voley-sub-17-595575,Stewart Luya,liga-voley,8,12,66.7,🟡,True,False,False,True,True,True,,False,True,True,True,False,,True
https://www.futbolperuano.com/liga-2/noticias/binacional-en-crisis-safap-exige-el-pago-inmediato-de-las-deudas-que-mantiene-con-su-plantel-en-la-liga-2-595539,Gabriel Rey,liga-2,9,12,75.0,🟡,True,False,False,True,True,True,,False,True,True,True,True,,True
https://www.futbolperuano.com/copa-peru/noticias/resultados-semifinales-liga-departamental-cusco-por-la-copa-peru-2026-595587,Robert Luna,copa-peru,9,12,75.0,🟡,True,False,False,True,True,True,,False,True,True,True,True,,True
https://www.futbolperuano.com/liga-voley/mundial-sub-17-femenino/peru-vs-filipinas-en-vivo-por-el-mundial-de-voley-sub-17-595375,Stewart Luya,liga-voley,10,12,83.3,🟢,True,False,False,True,True,True,,True,True,True,True,True,,True
https://www.futbolperuano.com/liga-1/noticias/melgar-oficializo-dos-bajas-tras-el-cierre-del-mercado-de-pases-de-liga-1-2026-595721,Joaquín Vásquez,liga-1,9,12,75.0,🟡,True,False,False,True,True,True,,True,True,True,True,False,,True
https://www.futbolperuano.com/liga-2/noticias/alianza-universidad-sorprende-y-anuncia-a-sandro-rengifo-como-nuevo-refuerzo-para-la-liga-2-2026-595542,Gabriel Rey,liga-2,9,12,75.0,🟡,True,False,False,True,True,True,,False,True,True,True,True,,True
https://www.futbolperuano.com/liga-voley/mundial-sub-17-femenino/cuando-se-jugaran-los-octavos-de-final-del-mundial-de-voley-sub-17-595631,Stewart Luya,liga-voley,9,12,75.0,🟡,True,False,False,True,True,True,,False,True,True,True,True,,True
https://www.futbolperuano.com/liga-voley/mundial-sub-17-femenino/peru-vs-china-en-vivo-online-por-la-fecha-5-de-la-fase-de-grupos-del-mundial-sub-17-de-voley-femenino-595552,Gabriel Rey,liga-voley,9,12,75.0,🟡,True,False,False,True,True,True,,True,True,True,True,False,,True
https://www.futbolperuano.com/liga-1/noticias/mr-peet-se-rinde-ante-figura-de-sport-boys-tras-destacar-en-empate-ante-alianza-lima-595488,Gabriel Iberico,liga-1,8,12,66.7,🟡,True,False,False,True,True,False,,False,True,True,True,True,,True
https://www.futbolperuano.com/futbol-femenino/liga-femenina/melgar-goleo-8-0-a-defensores-del-ilucan-y-brillo-en-la-liga-femenina-2026-595458,Joaquín Vásquez,futbol-femenino,9,12,75.0,🟡,True,False,True,True,True,False,,True,True,True,True,False,,True
https://www.futbolperuano.com/copa-peru/noticias/definidas-las-semifinales-liga-departamental-de-lambayeque-en-copa-peru-2026-595469,Robert Luna,copa-peru,8,12,66.7,🟡,True,False,False,True,True,False,,False,True,True,True,True,,True
https://www.futbolperuano.com/liga-1/noticias/sporting-cristal-quiso-a-beto-da-silva-y-el-delantero-conto-que-sucedio-595503,Joaquín Vásquez,liga-1,10,12,83.3,🟢,True,False,False,True,True,True,,True,True,True,True,True,,True
https://www.futbolperuano.com/liga-2/noticias/carlos-mannucci-se-refuerza-en-la-previa-del-derbi-trujillano-595598,Stewart Luya,liga-2,8,12,66.7,🟡,False,False,False,True,True,True,,False,True,True,True,True,,True
https://www.futbolperuano.com/copa-peru/noticias/domingo-dianderas-a-un-triunfo-de-clasificarse-a-la-etapa-nacional-copa-peru-2026-595504,Robert Luna,copa-peru,9,12,75.0,🟡,True,False,False,True,True,True,,False,True,True,True,True,,True
https://www.futbolperuano.com/copa-peru/noticias/el-primer-clasificado-de-apurimac-a-la-etapa-nacional-copa-peru-2026-595514,Robert Luna,copa-peru,9,12,75.0,🟡,True,False,False,True,True,True,,False,True,True,True,True,,True
https://www.futbolperuano.com/copa-peru/noticias/alianza-arenal-se-acerca-a-la-etapa-nacional-copa-peru-2026-en-ancash-595477,Robert Luna,copa-peru,9,12,75.0,🟡,True,False,False,True,True,True,,False,True,True,True,True,,True
https://www.futbolperuano.com/copa-peru/noticias/cuatro-equipos-clasificaron-a-la-liguilla-de-la-liga-departamental-de-cajamarca-en-la-copa-peru-2026-595467,Joaquín Vásquez,copa-peru,8,12,66.7,🟡,True,False,False,True,True,True,,False,True,True,True,True,,False
https://www.futbolperuano.com/liga-1/noticias/alianza-lima-se-conocio-el-tiempo-en-el-que-marco-huaman-estara-fuera-de-las-canchas-tras-fuerte-lesion-595478,Gabriel Iberico,liga-1,8,12,66.7,🟡,True,False,False,True,True,False,,False,True,True,True,True,,True
https://www.futbolperuano.com/copa-peru/noticias/conoce-los-resultados-y-las-tablas-tras-la-fecha-5-de-la-liga-departamental-de-puno-por-la-copa-peru-2026-595470,Joaquín Vásquez,copa-peru,9,12,75.0,🟡,True,False,False,True,True,True,,False,True,True,True,True,,True
https://www.futbolperuano.com/liga-1/noticias/edison-flores-pierde-terreno-en-universitario-se-conocio-la-verdadera-razon-de-sus-ultimas-ausencias-595506,Gabriel Rey,liga-1,9,12,75.0,🟡,True,False,False,True,True,True,,False,True,True,True,True,,True
https://www.futbolperuano.com/liga-1/noticias/miguel-rondelli-asumio-la-responsabilidad-tras-caida-de-melgar-ante-fc-cajamarca-595447,Joaquín Vásquez,liga-1,8,12,66.7,🟡,True,False,False,True,True,True,,False,True,True,True,False,,True
https://www.futbolperuano.com/peruanos-en-el-exterior/noticias/sergio-pena-fue-titular-en-remontada-del-ofk-beograd-en-la-liga-de-serbia-595442,Joaquín Vásquez,peruanos-en-el-exterior,9,12,75.0,🟡,True,False,False,True,True,True,,False,True,True,True,True,,True
https://www.futbolperuano.com/liga-1/noticias/jorge-abdiel-gutierrez-lateral-panameno-cerca-de-ser-nuevo-jugador-de-universitario-595452,Joaquín Vásquez,liga-1,10,12,83.3,🟢,True,False,False,True,True,True,,True,True,True,True,True,,True
https://www.futbolperuano.com/copa-peru/noticias/copa-peru-resultados-y-tabla-de-posiciones-en-la-fecha-3-de-la-liguilla-final-de-la-liga-departamental-de-arequipa-595457,Gabriel Iberico,copa-peru,8,12,66.7,🟡,True,False,False,True,True,False,,False,True,True,True,True,,True
https://www.futbolperuano.com/copa-peru/noticias/sport-river-y-el-inca-de-chao-se-acercan-a-la-etapa-nacional-copa-peru-2026-595453,Robert Luna,copa-peru,9,12,75.0,🟡,True,False,False,True,True,True,,False,True,True,True,True,,True
https://www.futbolperuano.com/liga-1/noticias/adt-ficha-a-delantero-que-estuvo-en-la-mira-de-universitario-alianza-lima-y-sporting-cristal-595428,Gabriel Iberico,liga-1,8,12,66.7,🟡,True,False,False,True,True,False,,False,True,True,True,True,,True
https://www.futbolperuano.com/copa-peru/noticias/atletico-torino-entre-clasificados-de-la-liga-departamental-piura-en-copa-peru-2026-595438,Robert Luna,copa-peru,8,12,66.7,🟡,True,False,False,True,True,False,,False,True,True,True,True,,True
https://www.futbolperuano.com/liga-1/noticias/fue-figura-de-sport-boys-y-ahora-suena-con-regresar-de-cara-al-centenario-en-el-2027-595441,Gabriel Iberico,liga-1,8,12,66.7,🟡,True,False,False,True,True,False,,False,True,True,True,True,,True
https://www.futbolperuano.com/copa-peru/noticias/copa-peru-2026-asi-quedaron-las-semifinales-de-la-etapa-departamental-de-lima-595417,Gabriel Rey,copa-peru,9,12,75.0,🟡,True,False,False,True,True,True,,False,True,True,True,True,,True
https://www.futbolperuano.com/peruanos-en-el-exterior/noticias/jean-pierre-rhyner-jugo-los-90-minutos-en-victoria-de-fc-vizela-de-portugal-595444,Joaquín Vásquez,peruanos-en-el-exterior,9,12,75.0,🟡,True,False,False,True,True,True,,False,True,True,True,True,,True
https://www.futbolperuano.com/copa-peru/noticias/copa-peru-resultados-y-tabla-de-posiciones-en-la-fecha-2-de-la-fase-3-de-la-liga-departamental-de-junin-595466,Gabriel Iberico,copa-peru,8,12,66.7,🟡,True,False,False,True,True,False,,False,True,True,True,True,,True
https://www.futbolperuano.com/futbol-femenino/liga-femenina/liga-femenina-resultados-y-tabla-de-posiciones-de-la-fecha-4-del-torneo-clausura-2026-595322,Gabriel Iberico,futbol-femenino,8,12,66.7,🟡,True,False,False,True,True,False,,False,True,True,True,True,,True
https://www.futbolperuano.com/copa-libertadores/noticias/programacion-de-los-octavos-de-final-de-la-copa-libertadores-2026-595386,Stewart Luya,copa-libertadores,9,12,75.0,🟡,True,False,False,True,True,True,,False,True,True,True,True,,True
https://www.futbolperuano.com/liga-1/noticias/figura-de-deportivo-garcilaso-revela-la-razon-por-la-que-rechazo-a-universitario-y-sporting-cristal-595431,Gabriel Iberico,liga-1,9,12,75.0,🟡,True,False,False,True,True,False,,True,True,True,True,True,,True
https://www.futbolperuano.com/liga-1/noticias/liga-1-como-se-jugaran-los-partidos-de-la-fecha-5-del-torneo-clausura-595410,Gabriel Rey,liga-1,9,12,75.0,🟡,True,False,False,True,True,True,,False,True,True,True,True,,True
https://www.futbolperuano.com/liga-2/noticias/comerciantes-fc-vs-bentin-tacna-en-vivo-online-por-la-fecha-13-de-la-fase-de-grupos-de-la-liga-2-2026-595231,Gabriel Rey,liga-2,10,12,83.3,🟢,True,False,False,True,True,True,,True,True,True,True,True,,True
https://www.futbolperuano.com/liga-1/noticias/christian-cueva-revela-la-conversacion-que-tuvo-con-bruno-perez-tras-anularle-el-gol-a-sport-boys-595406,Gabriel Iberico,liga-1,9,12,75.0,🟡,True,False,False,True,True,False,,True,True,True,True,True,,True
https://www.futbolperuano.com/liga-1/noticias/la-serie-a-recuerda-a-gianluca-lapadula-tras-marcar-su-segundo-gol-con-universitario-595401,Gabriel Iberico,liga-1,9,12,75.0,🟡,True,False,False,True,True,False,,True,True,True,True,True,,True
https://www.futbolperuano.com/liga-1/noticias/liga-1-2026-resultados-y-tabla-de-posiciones-de-la-fecha-4-del-torneo-clausura-594886,Gabriel Rey,liga-1,7,12,58.3,🔴,True,False,False,True,True,False,,False,True,True,True,True,,False
https://www.futbolperuano.com/copa-peru/noticias/bella-esperanza-vs-fc-cupiche-en-vivo-online-la-liga-departamental-de-lima-de-copa-peru-2026-595287,Jorge Cruzalegui,copa-peru,9,12,75.0,🟡,True,False,False,True,True,True,,False,True,True,True,True,,True
https://www.futbolperuano.com/copa-peru/noticias/regatas-lima-vs-sport-humaya-en-vivo-por-la-liga-departamental-de-lima--copa-peru-595312,Gabriel Iberico,copa-peru,10,12,83.3,🟢,True,False,False,True,True,True,,True,True,True,True,True,,True
https://www.futbolperuano.com/seleccion/noticias/el-mensaje-de-wilder-cartagena-sobre-su-posible-regreso-a-la-seleccion-peruana-595455,Joaquín Vásquez,seleccion,10,12,83.3,🟢,True,False,False,True,True,True,,True,True,True,True,True,,True
https://www.futbolperuano.com/liga-1/noticias/mr-peet-arremete-contra-alejandro-duarte-tras-empate-de-alianza-lima-ante-sport-boys-595384,Gabriel Iberico,liga-1,9,12,75.0,🟡,True,False,False,True,True,False,,True,True,True,True,True,,True
https://www.futbolperuano.com/futbol-femenino/liga-femenina/sporting-cristal-vs-universitario-en-vivo-por-el-torneo-clausura-de-la-liga-femenina-595328,Gabriel Iberico,futbol-femenino,9,12,75.0,🟡,True,False,False,True,True,False,,True,True,True,True,True,,True
https://www.futbolperuano.com/copa-sudamericana/programacion-de-los-octavos-de-final-de-la-copa-sudamericana-2026-595378,Stewart Luya,copa-sudamericana,8,12,66.7,🟡,True,False,False,True,True,True,,False,True,True,True,False,,True
https://www.futbolperuano.com/futbol-femenino/liga-femenina/alianza-lima-continua-con-su-racha-invicta-en-el-torneo-clausura-de-la-liga-femenina-595388,Gabriel Iberico,futbol-femenino,8,12,66.7,🟡,True,False,False,True,True,False,,False,True,True,True,True,,True
https://www.futbolperuano.com/liga-3/noticias/municipal-de-pangoa-vs-ecosem-pasco-en-vivo-online-por-la-fecha-10-de-la-fase-regional-de-la-liga-3-2026-595218,Gabriel Rey,liga-3,9,12,75.0,🟡,True,False,False,True,True,True,,False,True,True,True,True,,True
https://www.futbolperuano.com/liga-3/noticias/german-carty-vuelve-al-futbol-profesional-a-sus-58-anos-y-jugara-en-la-liga-3-595398,Gabriel Iberico,liga-3,9,12,75.0,🟡,True,False,False,True,True,False,,True,True,True,True,True,,True
https://www.futbolperuano.com/liga-1/noticias/melgar-vs-fc-cajamarca-en-vivo-por-el-torneo-clausura-595294,Stewart Luya,liga-1,9,12,75.0,🟡,True,False,False,True,True,False,,True,True,True,True,True,,True
https://www.futbolperuano.com/liga-3/noticias/juan-aurich-vs-deportivo-lute-en-vivo-por-la-liga-3-595363,Stewart Luya,liga-3,9,12,75.0,🟡,True,False,False,True,True,False,,True,True,True,True,True,,True
https://www.futbolperuano.com/liga-2/noticias/liga-2-2026-resultados-y-tablas-de-posiciones-de-la-fecha-13-de-la-fase-de-grupos-595025,Gabriel Rey,liga-2,8,12,66.7,🟡,True,False,False,True,True,True,,False,True,True,True,True,,False
https://www.futbolperuano.com/liga-1/noticias/deportivo-garcilaso-vs-deportivo-moquegua-en-vivo-por-el-torneo-clausura-595288,Stewart Luya,liga-1,9,12,75.0,🟡,True,False,False,True,True,False,,True,True,True,True,True,,True
https://www.futbolperuano.com/liga-voley/mundial-sub-17-femenino/peru-tiene-a-la-mejor-defensa-del-mundial-de-voley-sub-17-595369,Stewart Luya,liga-voley,8,12,66.7,🟡,True,False,False,True,True,True,,False,True,True,True,False,,True
https://www.futbolperuano.com/peruanos-en-el-exterior/noticias/bayern-munich-impacta-con-alentador-mensaje-con-respecto-al-futuro-de-felipe-chavez-595450,Gabriel Iberico,peruanos-en-el-exterior,9,12,75.0,🟡,True,False,False,True,True,False,,True,True,True,True,True,,True
https://www.futbolperuano.com/liga-voley/resultados-y-tabla-de-posiciones-de-la-copa-sudamericana-de-voleibol-masculino-594648,Stewart Luya,liga-voley,8,12,66.7,🟡,True,False,False,True,True,False,,False,True,True,True,True,,True
https://www.futbolperuano.com/peruanos-en-el-exterior/noticias/yordy-reyna-sumo-su-primer-triunfo-con-rodina-moscu-en-la-liga-de-rusia-595377,Jorge Cruzalegui,peruanos-en-el-exterior,9,12,75.0,🟡,True,False,False,True,True,True,,False,True,True,True,True,,True
https://www.futbolperuano.com/liga-1/noticias/pablo-guede-y-su-dura-autocritica-tras-empate-de-alianza-lima-ante-sport-boys-595373,Gabriel Iberico,liga-1,9,12,75.0,🟡,True,False,False,True,True,False,,True,True,True,True,True,,True
https://www.futbolperuano.com/liga-2/noticias/ayacucho-fc-vs-estudiantil-cni-en-vivo-online-por-fecha-13-de-liga-2-2026-595315,Jorge Cruzalegui,liga-2,9,12,75.0,🟡,True,False,False,True,True,False,,True,True,True,True,True,,True
https://www.futbolperuano.com/liga-1/noticias/carlos-desio-y-su-desazon-tras-empate-de-sport-boys-ante-alianza-lima-595376,Gabriel Iberico,liga-1,9,12,75.0,🟡,True,False,False,True,True,False,,True,True,True,True,True,,True
https://www.futbolperuano.com/futbol-femenino/liga-femenina/atletico-andahuaylas-derrota-a-fc-killas-y-no-sabe-de-derrotas-en-el-torneo-clausura-de-la-liga-femenina-2026-595367,Jorge Cruzalegui,futbol-femenino,9,12,75.0,🟡,True,False,False,True,True,True,,False,True,True,True,True,,True
https://www.futbolperuano.com/peruanos-en-el-exterior/noticias/pedro-gallese-fue-figura-en-la-victoria-de-deportivo-cali-ante-pasto-en-la-liga-colombiana-595364,Jorge Cruzalegui,peruanos-en-el-exterior,9,12,75.0,🟡,True,False,False,True,True,True,,False,True,True,True,True,,True
https://www.futbolperuano.com/peruanos-en-el-exterior/noticias/wilder-cartagena-presente-en-la-derrota-de-orlando-city-en-leagues-cup-595362,Jorge Cruzalegui,peruanos-en-el-exterior,8,12,66.7,🟡,True,False,False,True,True,False,,False,True,True,True,True,,True
https://www.futbolperuano.com/liga-2/noticias/cesar-vallejo-vs-pirata-fc-en-vivo-online-por-fecha-13-de-la-liga-2-2026-595327,Jorge Cruzalegui,liga-2,9,12,75.0,🟡,True,False,False,True,True,False,,True,True,True,True,True,,True
https://www.futbolperuano.com/liga-1/noticias/jefferson-farfan-se-rinde-ante-figura-de-sport-boys-y-pide-su-fichaje-por-alianza-lima-595407,Gabriel Iberico,liga-1,9,12,75.0,🟡,True,False,False,True,True,False,,True,True,True,True,True,,True
https://www.futbolperuano.com/liga-1/noticias/sport-boys-vs-alianza-lima-en-vivo-por-el-torneo-clausura-2026-595160,Gabriel Iberico,liga-1,9,12,75.0,🟡,True,False,False,True,True,False,,True,True,True,True,True,,True
https://www.futbolperuano.com/liga-1/noticias/jhair-soto-jugara-en-alianza-lima-acuerdo-total-y-solo-falta-la-firma-595311,Joaquín Vásquez,liga-1,8,12,66.7,🟡,True,False,False,True,True,False,,False,True,True,True,True,,True
https://www.futbolperuano.com/peruanos-en-el-exterior/noticias/gremio-con-erick-noriega-volvio-al-triunfo-luego-de-tres-fechas-en-el-brasileirao-595361,Jorge Cruzalegui,peruanos-en-el-exterior,8,12,66.7,🟡,True,False,False,True,True,False,,False,True,True,True,True,,True
https://www.futbolperuano.com/liga-1/noticias/cain-fara-asume-la-responsabilidad-tras-cometer-el-penal-en-empate-de-universitario-ante-sporting-cristal-595338,Gabriel Iberico,liga-1,9,12,75.0,🟡,True,False,False,True,True,False,,True,True,True,True,True,,True
https://www.futbolperuano.com/liga-voley/mundial-sub-17-femenino/peru-vs-mexico-en-vivo-por-el-mundial-de-voley-sub-17-595194,Stewart Luya,liga-voley,8,12,66.7,🟡,True,False,False,True,True,False,,True,True,True,True,False,,True
https://www.futbolperuano.com/futbol-femenino/liga-femenina/carlos-mannucci-se-impone-a-club-unsaac-y-sigue-recuperandose-en-la-liga-femenina-2026-595320,Jorge Cruzalegui,futbol-femenino,9,12,75.0,🟡,True,False,False,True,True,True,,False,True,True,True,True,,True
https://www.futbolperuano.com/liga-1/noticias/sporting-cristal-ficharia-a-volante-que-estuvo-cerca-de-llegar-a-universitario-595330,Gabriel Iberico,liga-1,9,12,75.0,🟡,True,False,False,True,True,False,,True,True,True,True,True,,True
https://www.futbolperuano.com/copa-peru/noticias/juventud-naturales-vs-arsenal-lawn-tennis-en-vivo-por-la-copa-peru-595141,Gabriel Iberico,copa-peru,9,12,75.0,🟡,True,False,False,True,True,False,,True,True,True,True,True,,True
https://www.futbolperuano.com/liga-1/noticias/utc-vs-adt-en-vivo-online-por-la-fecha-4-del-torneo-clausura-de-la-liga-1-2026-595246,Joaquín Vásquez,liga-1,8,12,66.7,🟡,True,False,False,True,True,False,,True,True,True,True,False,,True
https://www.futbolperuano.com/peruanos-en-el-exterior/noticias/marco-saravia-deja-defensor-sporting-y-es-nuevo-jugador-de-progreso-de-uruguay-595264,Joaquín Vásquez,peruanos-en-el-exterior,9,12,75.0,🟡,True,False,False,True,True,True,,False,True,True,True,True,,True
https://www.futbolperuano.com/liga-3/noticias/universitario-de-deportes-vs-alianza-lima-en-vivo-por-la-liga-3-595168,Stewart Luya,liga-3,9,12,75.0,🟡,True,False,False,True,True,False,,True,True,True,True,True,,True
https://www.futbolperuano.com/liga-voley/mundial-sub-17-femenino/fecha-hora-y-canal-del-peru-vs-filipinas-por-el-mundial-de-voley-sub-17-595366,Stewart Luya,liga-voley,8,12,66.7,🟡,True,False,False,True,True,True,,False,True,True,True,False,,True
https://www.futbolperuano.com/liga-2/noticias/ada-de-jaen-vs-deportivo-llacuabamba-en-vivo-online-or-la-fecha-13-de-la-fase-de-grupos-de-la-liga-2-2026-595247,Joaquín Vásquez,liga-2,10,12,83.3,🟢,True,False,False,True,True,True,,True,True,True,True,True,,True
https://www.futbolperuano.com/peruanos-en-el-exterior/noticias/jesus-castillo-es-anunciado-como-nuevo-jugador-del-esperance-sportive-de-tunez-595336,Gabriel Iberico,peruanos-en-el-exterior,9,12,75.0,🟡,True,False,False,True,True,False,,True,True,True,True,True,,True
https://www.futbolperuano.com/liga-1/noticias/sport-boys-vs-alianza-lima-hora-canal-y-alineaciones-del-partido-por-el-torneo-clausura-2026-595265,Jorge Cruzalegui,liga-1,8,12,66.7,🟡,True,False,False,True,True,False,,False,True,True,True,True,,True
https://www.futbolperuano.com/peruanos-en-el-exterior/noticias/fabio-gruber-se-luce-con-un-golazo-de-chalaca-en-el-triunfo-del-mainz-595266,Stewart Luya,peruanos-en-el-exterior,9,12,75.0,🟡,True,False,False,True,True,True,,False,True,True,True,True,,True
https://www.futbolperuano.com/liga-1/noticias/miguel-araujo-fue-contundente-tras-el-empate-de-sporting-cristal-ante-universitario-595286,Joaquín Vásquez,liga-1,9,12,75.0,🟡,True,False,False,True,True,True,,False,True,True,True,True,,True
https://www.futbolperuano.com/peruanos-en-el-exterior/noticias/adrian-ugarriza-volvio-a-convertir-en-la-victoria-de-kiryat-shmona-en-la-toto-cup-2026-595298,Jorge Cruzalegui,peruanos-en-el-exterior,9,12,75.0,🟡,True,False,False,True,True,False,,True,True,True,True,True,,True
https://www.futbolperuano.com/copa-peru/noticias/los-semifinalistas-de-liga-departamental-cusco-en-copa-peru-2026-595263,Robert Luna,copa-peru,9,12,75.0,🟡,True,False,False,True,True,True,,False,True,True,True,True,,True
https://www.futbolperuano.com/liga-1/noticias/los-chankas-denuncian-agresion-en-huancayo-tras-el-empate-ante-el-rojo-matador-595262,Stewart Luya,liga-1,9,12,75.0,🟡,True,False,False,True,True,True,,False,True,True,True,True,,True
https://www.futbolperuano.com/peruanos-en-el-exterior/noticias/jesus-pretell-disputo-los-90-minutos-en-caida-de-ldu-ante-independiente-del-valle-595250,Joaquín Vásquez,peruanos-en-el-exterior,8,12,66.7,🟡,True,False,False,True,True,False,,False,True,True,True,True,,True
https://www.futbolperuano.com/partidos-por-tv/noticias/programacion-de-hoy-domingo-9-de-agosto-de-2026-horarios-del-futbol-en-vivo-por-television-en-el-peru-595303,Gabriel Iberico,partidos-por-tv,8,12,66.7,🟡,True,False,False,True,True,False,,False,True,True,True,True,,True
https://www.futbolperuano.com/liga-1/noticias/juan-pablo-ii-vs-atletico-grau-en-vivo-por-el-torneo-clausura-595149,Gabriel Iberico,liga-1,9,12,75.0,🟡,True,False,False,True,True,False,,True,True,True,True,True,,True
https://www.futbolperuano.com/liga-1/noticias/liga-1-christian-cueva-lidera-la-lista-de-convocados-de-sport-boys-595261,Stewart Luya,liga-1,8,12,66.7,🟡,True,False,False,True,True,False,,False,True,True,True,True,,True
https://www.futbolperuano.com/liga-1/noticias/horacio-melgarejo-recibio-una-respuesta-del-tribunal-de-apelaciones-de-la-lfpp-595254,Stewart Luya,liga-1,9,12,75.0,🟡,True,False,False,True,True,True,,False,True,True,True,True,,True
https://www.futbolperuano.com/liga-2/noticias/sport-huancayo-vs-santos-fc-en-vivo-online-por-la-fecha-13-de-la-fase-de-grupos--liga-2-2026-595200,Gabriel Rey,liga-2,10,12,83.3,🟢,True,False,False,True,True,True,,True,True,True,True,True,,True
https://www.futbolperuano.com/liga-1/noticias/hector-cuper-hace-impactante-revelacion-tras-el-empate-ante-sporting-cristal-595256,Stewart Luya,liga-1,9,12,75.0,🟡,True,False,False,True,True,True,,False,True,True,True,True,,True
https://www.futbolperuano.com/liga-1/noticias/comerciantes-unidos-vs-cusco-fc-en-vivo-por-el-torneo-clausura-2026-595101,Gabriel Iberico,liga-1,9,12,75.0,🟡,True,False,False,True,True,False,,True,True,True,True,True,,True
https://www.futbolperuano.com/seleccion/noticias/santiago-ormeno-sobre-seleccion-peruana-no-he-estado-a-la-altura-595277,Jorge Cruzalegui,seleccion,8,12,66.7,🟡,True,False,False,True,True,False,,False,True,True,True,True,,True
https://www.futbolperuano.com/peruanos-en-el-exterior/noticias/daniel-crisostomo-completo-todo-el-partido-con-sacramento-republic-en-la-usl-championship-595090,Joaquín Vásquez,peruanos-en-el-exterior,9,12,75.0,🟡,True,False,False,True,True,True,,False,True,True,True,True,,True
https://www.futbolperuano.com/liga-2/noticias/union-comercio-vs-cantolao-en-vivo-por-la-liga-2-595103,Gabriel Iberico,liga-2,9,12,75.0,🟡,True,False,False,True,True,False,,True,True,True,True,True,,True
https://www.futbolperuano.com/liga-1/noticias/roberto-mosquera-sorprendio-con-sus-declaraciones-tras-el-empate-ante-universitario-595259,Stewart Luya,liga-1,9,12,75.0,🟡,True,False,False,True,True,True,,False,True,True,True,True,,True
https://www.futbolperuano.com/liga-1/noticias/lisandro-greppo-fue-ratificado-como-tecnico-de-deportivo-garcilaso-hasta-fin-de-la-temproada-2026-de-la-liga-1-595238,Gabriel Rey,liga-1,9,12,75.0,🟡,True,False,False,True,True,True,,False,True,True,True,True,,True
https://www.futbolperuano.com/peruanos-en-el-exterior/noticias/burnley-sufrio-ante-notts-county-pero-avanzo-con-oliver-sonne-en-cancha-595273,Joaquín Vásquez,peruanos-en-el-exterior,9,12,75.0,🟡,True,False,True,True,True,True,,False,True,True,True,False,,True
https://www.futbolperuano.com/liga-1/noticias/mundialista-de-sport-boys-se-pierde-el-partido-ante-alianza-lima-595173,Stewart Luya,liga-1,7,12,58.3,🔴,False,False,False,True,True,False,,False,True,True,True,True,,True
https://www.futbolperuano.com/liga-1/noticias/yoshimar-yotun-conto-la-razon-de-su-discusion-con-jairo-concha-en-el-monumental-595258,Joaquín Vásquez,liga-1,8,12,66.7,🟡,True,False,False,True,True,False,,True,True,True,True,False,,True
https://www.futbolperuano.com/liga-1/noticias/probables-alineaciones-del-sport-boys-vs-alianza-lima-por-la-fecha-4-del-torneo-clausura-de-la-liga-1-2026-595188,Gabriel Rey,liga-1,8,12,66.7,🟡,True,False,False,True,True,True,,False,True,True,True,True,,False
https://www.futbolperuano.com/liga-voley/mundial-sub-17-femenino/peru-vs-venezuela-en-vivo-online-por-fecha-2-del-mundial-de-voley-sub-17-595067,Jorge Cruzalegui,liga-voley,10,12,83.3,🟢,True,False,False,True,True,True,,True,True,True,True,True,,True
https://www.futbolperuano.com/liga-1/noticias/sport-huancayo-vs-los-chankas-en-vivo-online-por-fecha-4-del-torneo-clausura-de-liga-1-2026-595061,Jorge Cruzalegui,liga-1,9,12,75.0,🟡,True,False,False,True,True,False,,True,True,True,True,True,,True
https://www.futbolperuano.com/liga-2/noticias/binacional-vs-union-minas-en-vivo-online-por-fecha-13-de-la-liga-2-2026-595049,Jorge Cruzalegui,liga-2,9,12,75.0,🟡,True,False,False,True,True,False,,True,True,True,True,True,,True
https://www.futbolperuano.com/liga-2/noticias/bentin-tacna-heroica-se-refuerza-con-un-mediocentro-ofensivo-argentino-595137,Stewart Luya,liga-2,9,12,75.0,🟡,True,False,False,True,True,True,,False,True,True,True,True,,True
https://www.futbolperuano.com/liga-1/noticias/alianza-lima-tomo-una-decision-sobre-el-futuro-de-josue-estrada-en-la-liga-1-595093,Joaquín Vásquez,liga-1,9,12,75.0,🟡,True,False,False,True,True,False,,True,True,True,True,True,,True
https://www.futbolperuano.com/liga-3/noticias/juan-aurich-de-chiclayo-presento-a-sus-dos-nuevos-refuerzos-595146,Stewart Luya,liga-3,9,12,75.0,🟡,True,False,False,True,True,True,,False,True,True,True,True,,True
https://www.futbolperuano.com/liga-1/noticias/hansell-riojas-y-un-mensaje-contundente-antes-del-duelo-ante-alianza-lima-595134,Joaquín Vásquez,liga-1,9,12,75.0,🟡,True,False,False,True,True,False,,True,True,True,True,True,,True
https://www.futbolperuano.com/futbol-internacional/brasil/felipe-vizeu-fue-presentado-como-nuevo-delantero-de-avai-tras-salide-sporting-cristal-595129,Joaquín Vásquez,futbol-internacional,9,12,75.0,🟡,True,False,False,True,True,False,,True,True,True,True,True,,True
https://www.futbolperuano.com/liga-1/noticias/universitario-vs-sporting-cristal-en-vivo-online-por-la-fecha-4-del-torneo-clausura-de-la-liga-1-2026-595008,Gabriel Rey,liga-1,9,12,75.0,🟡,True,False,False,True,True,False,,True,True,True,True,True,,True
https://www.futbolperuano.com/peruanos-en-el-exterior/noticias/alfonso-barco-fue-titular-en-importante-triunfo-del-rijeka-por-la-conference-league-595118,Joaquín Vásquez,peruanos-en-el-exterior,8,12,66.7,🟡,True,False,False,True,True,False,,False,True,True,True,True,,True
https://www.futbolperuano.com/peruanos-en-el-exterior/noticias/jugo-con-renato-tapia-en-leaganes-y-ahora-se-convirtio-en-el-fichaje-mas-caro-en-la-historia-del-real-madrid-595127,Gabriel Iberico,peruanos-en-el-exterior,9,12,75.0,🟡,True,False,False,True,True,False,,True,True,True,True,True,,True
https://www.futbolperuano.com/liga-1/noticias/pedro-gallese-pudo-volver-a-alianza-lima-y-diego-penny-revelo-que-impidio-su-regreso-595124,Joaquín Vásquez,liga-1,8,12,66.7,🟡,True,False,False,True,True,False,,False,True,True,True,True,,True
https://www.futbolperuano.com/liga-1/noticias/jean-ferrari-celebra-los-102-anos-de-universitario-con-un-emotivo-mensaje-595135,Gabriel Iberico,liga-1,9,12,75.0,🟡,True,False,False,True,True,False,,True,True,True,True,True,,True
https://www.futbolperuano.com/liga-2/noticias/cesar-vallejo-sorprende-y-se-refuerza-con-ex-mediapunta-de-river-plate-595131,Stewart Luya,liga-2,9,12,75.0,🟡,True,False,False,True,True,True,,False,True,True,True,True,,True
https://www.futbolperuano.com/peruanos-en-el-exterior/noticias/marcos-lopez-fue-protagonista-en-la-goleada-de-copenhague-por-la-conference-league-595111,Joaquín Vásquez,peruanos-en-el-exterior,9,12,75.0,🟡,True,False,False,True,True,True,,False,True,True,True,True,,True
https://www.futbolperuano.com/liga-1/noticias/fernando-pacheco-fue-ofrecido-a-sport-boys-tras-no-concretar-su-continuidad-en-el-extranjero-595096,Joaquín Vásquez,liga-1,9,12,75.0,🟡,True,False,False,True,True,False,,True,True,True,True,True,,True
https://www.futbolperuano.com/liga-1/noticias/con-todas-sus-armas-el-once-de-sporting-cristal-para-visitar-a-universitario-por-el-torneo-clausura-2026-595116,Gabriel Iberico,liga-1,8,12,66.7,🟡,True,False,False,True,True,False,,False,True,True,True,True,,True
https://www.futbolperuano.com/peruanos-en-el-exterior/noticias/el-rimac-a-portugal-joya-de-sporting-cristal-continuara-su-carrera-en-el-cd-santa-clara-594991,Gabriel Iberico,peruanos-en-el-exterior,8,12,66.7,🟡,True,False,False,True,True,False,,False,True,True,True,True,,True
https://www.futbolperuano.com/peruanos-en-el-exterior/noticias/corinthians-con-andre-carrillo-quedo-eliminado-de-la-copa-de-brasil-2026-595071,Jorge Cruzalegui,peruanos-en-el-exterior,9,12,75.0,🟡,True,False,False,True,True,True,,False,True,True,True,True,,True
https://www.futbolperuano.com/futbol-femenino/liga-femenina/resultados-y-tabla-de-posiciones-de-fecha-3-del-torneo-clausura-de-liga-femenina-2026-594551,Jorge Cruzalegui,futbol-femenino,9,12,75.0,🟡,True,False,False,True,True,True,,False,True,True,True,True,,True
https://www.futbolperuano.com/liga-1/noticias/alianza-atletico-vs-cienciano-en-vivo-online-por-la-fecha-4-del-torneo-clausura-de-la-liga-1-2026-594922,Gabriel Rey,liga-1,9,12,75.0,🟡,True,False,False,True,True,False,,True,True,True,True,True,,True
https://www.futbolperuano.com/peruanos-en-el-exterior/noticias/diego-otoya-disputo-los-90-minutos-en-la-derrota-de-monterey-bay-por-la-usl-championship-594993,Joaquín Vásquez,peruanos-en-el-exterior,9,12,75.0,🟡,True,False,False,True,True,True,,False,True,True,True,True,,True
https://www.futbolperuano.com/futbol-femenino/liga-femenina/liga-femenina-sporting-cristal-remonto-e-igualo-a-alianza-lima-en-la-cima-del-torneo-clausura-595038,Gabriel Rey,futbol-femenino,8,12,66.7,🟡,True,False,False,True,True,True,,False,True,True,True,True,,False
https://www.futbolperuano.com/liga-1/noticias/vuelve-al-3-5-2-la-alineacion-de-universitario-para-recibir-a-sporting-cristal-por-el-torneo-clausura-2026-595109,Gabriel Iberico,liga-1,9,12,75.0,🟡,True,False,False,True,True,False,,True,True,True,True,True,,True
https://www.futbolperuano.com/liga-voley/mundial-sub-17-femenino/peru-vs-tunez-en-vivo-online-por-la-fecha-1-del-grupo-b-del-campeonato-mundial-de-voley-sub-17-594946,Gabriel Rey,liga-voley,10,12,83.3,🟢,True,False,False,True,True,True,,True,True,True,True,True,,True
https://www.futbolperuano.com/partidos-por-tv/noticias/programacion-de-partidos-por-tv-del-viernes-07-de-agosto-del-2026-595043,Jorge Cruzalegui,partidos-por-tv,9,12,75.0,🟡,True,False,False,True,True,True,,False,True,True,True,True,,True
https://www.futbolperuano.com/copa-peru/noticias/copa-peru-amenazan-de-muerte-a-cuatro-jugadores-antes-de-una-semifinal-594929,Gabriel Rey,copa-peru,8,12,66.7,🟡,True,False,False,True,True,True,,False,True,True,True,True,,False
https://www.futbolperuano.com/liga-1/noticias/sergio-pena-revelo-que-otro-club-de-la-liga-1-le-gustaria-defender-en-el-futuro-595000,Joaquín Vásquez,liga-1,9,12,75.0,🟡,True,False,False,True,True,False,,True,True,True,True,True,,True
https://www.futbolperuano.com/liga-1/noticias/universitario-hector-cuper-deja-fuera-de-la-convocatoria-a-tres-figuras-para-enfrentar-a-sporting-cristal-594963,Gabriel Iberico,liga-1,9,12,75.0,🟡,True,False,False,True,True,False,,True,True,True,True,True,,True
https://www.futbolperuano.com/copa-peru/noticias/copa-peru-safap-exige-investigar-amenazas-contra-carlos-ascues-y-alexi-gomez-595033,Gabriel Rey,copa-peru,9,12,75.0,🟡,True,False,False,True,True,True,,False,True,True,True,True,,True
https://www.futbolperuano.com/peruanos-en-el-exterior/noticias/orlando-city-vencio-a-monterrey-con-participacion-de-wilder-cartagena-594980,Joaquín Vásquez,peruanos-en-el-exterior,9,12,75.0,🟡,True,False,False,True,True,True,,False,True,True,True,True,,True
https://www.futbolperuano.com/liga-1/noticias/santiago-ormeno-sorprendio-al-hablar-del-supuesto-interes-de-sporting-cristal-594988,Joaquín Vásquez,liga-1,9,12,75.0,🟡,True,False,False,True,True,False,,True,True,True,True,True,,True
https://www.futbolperuano.com/futbol-femenino/liga-femenina/alianza-lima-derroto-a-flamengo-fbc-y-sigue-firme-en-la-liga-femenina-2026-595019,Joaquín Vásquez,futbol-femenino,9,12,75.0,🟡,True,False,False,True,True,True,,False,True,True,True,True,,True
https://www.futbolperuano.com/liga-1/noticias/juan-manuel-requena-calienta-la-previa-del-universitario-vs-sporting-cristal-594984,Gabriel Iberico,liga-1,9,12,75.0,🟡,True,False,False,True,True,False,,True,True,True,True,True,,True
https://www.futbolperuano.com/peruanos-en-el-exterior/noticias/juan-reynoso-vuelve-a-sonar-para-dirigir-a-un-gigante-de-la-liga-mx-594977,Joaquín Vásquez,peruanos-en-el-exterior,9,12,75.0,🟡,True,False,False,True,True,False,,True,True,True,True,True,,True
https://www.futbolperuano.com/futbol-femenino/liga-femenina/melgar-golea-a-cd-yanapuma-y-consigue-su-primer-triunfo-en-el-torneo-clausura-594996,Gabriel Iberico,futbol-femenino,9,12,75.0,🟡,True,False,False,True,True,True,,False,True,True,True,True,,True
https://www.futbolperuano.com/liga-1/noticias/se-revelo-si-christian-cueva-llegaria-para-el-sport-boys-vs-alianza-lima-por-el-torneo-clausura-594972,Gabriel Iberico,liga-1,9,12,75.0,🟡,True,False,False,True,True,False,,True,True,True,True,True,,True
https://www.futbolperuano.com/liga-1/noticias/sporting-cristal-recupera-una-pieza-clave-para-enfrentar-a-universitario-594899,Gabriel Rey,liga-1,8,12,66.7,🟡,True,False,False,True,True,False,,False,True,True,True,True,,True
https://www.futbolperuano.com/copa-peru/noticias/deportivo-pacifico-asegura-7-refuerzos-para-etapa-nacional-copa-peru-2026-594865,Robert Luna,copa-peru,9,12,75.0,🟡,True,False,False,True,True,True,,False,True,True,True,True,,True
https://www.futbolperuano.com/liga-1/noticias/cristian-tizon-fue-separado-del-plantel-de-juan-pablo-ii-594887,Joaquín Vásquez,liga-1,9,12,75.0,🟡,True,False,False,True,True,True,,False,True,True,True,True,,True
https://www.futbolperuano.com/copa-peru/noticias/gran-incremento-en-el-pago-participar-en-etapa-nacional-copa-peru-2026-594882,Robert Luna,copa-peru,10,12,83.3,🟢,True,False,False,True,True,True,,True,True,True,True,True,,True
https://www.futbolperuano.com/liga-voley/fecha-hora-y-canal-del-peru-vs-tunez-por-el-mundial-de-voley-sub-17-594868,Stewart Luya,liga-voley,8,12,66.7,🟡,True,False,False,True,True,True,,False,True,True,True,False,,True
https://www.futbolperuano.com/liga-2/noticias/fecha-hora-y-canal-del-comerciantes-fc-vs-bentin-tacna-heroica-594858,Stewart Luya,liga-2,9,12,75.0,🟡,True,False,False,True,True,True,,False,True,True,True,True,,True
https://www.futbolperuano.com/futbol-femenino/liga-femenina/atletico-andahuaylas-dejo-escapar-el-triunfo-e-igualo-con-unsaac-por-liga-femenina-594901,Joaquín Vásquez,futbol-femenino,9,12,75.0,🟡,True,False,False,True,True,True,,False,True,True,True,True,,True
https://www.futbolperuano.com/liga-2/noticias/fecha-hora-y-canal-del-deportivo-llacuabamba-vs-ada-por-la-liga-2-594851,Stewart Luya,liga-2,9,12,75.0,🟡,True,False,False,True,True,True,,False,True,True,True,True,,True
https://www.futbolperuano.com/liga-1/noticias/emanuel-herrera-sorprendio-al-hablar-de-sporting-cristal-previo-al-duelo-con-universitario-594864,Joaquín Vásquez,liga-1,8,12,66.7,🟡,True,False,False,True,True,False,,False,True,True,True,True,,True
https://www.futbolperuano.com/liga-1/noticias/roberto-mosquera-revelo-si-sporting-cristal-negocia-el-fichaje-de-rodrigo-urena-594837,Joaquín Vásquez,liga-1,9,12,75.0,🟡,True,False,True,True,True,False,,False,True,True,True,True,,True
https://www.futbolperuano.com/liga-1/noticias/arbitros-fueron-victimas-de-amenazas-y-violencia-tras-el-fc-cajamarca-vs-sport-huancayo-594842,Joaquín Vásquez,liga-1,9,12,75.0,🟡,True,False,False,True,True,True,,False,True,True,True,True,,True
https://www.futbolperuano.com/liga-1/noticias/el-argentino-carlos-desio-deja-contundente-mensaje-a-alianza-lima-594830,Stewart Luya,liga-1,10,12,83.3,🟢,True,False,False,True,True,True,,True,True,True,True,True,,True
https://www.futbolperuano.com/liga-1/noticias/christian-cueva-podria-reaparecer-ante-alianza-lima-594856,Joaquín Vásquez,liga-1,8,12,66.7,🟡,True,False,False,True,True,False,,False,True,True,True,True,,True
https://www.futbolperuano.com/peru/mas-del-futbol-peruano/iniciaron-los-trabajos-para-recuperar-emblematico-estadio-peruano-594825,Robert Luna,peru,10,12,83.3,🟢,True,False,True,True,True,True,,False,True,True,True,True,,True
https://www.futbolperuano.com/liga-1/noticias/asi-marcha-la-tabla-de-goleadores-de-la-liga-1-2026-tras-el-inicio-del-clausura-594823,Joaquín Vásquez,liga-1,9,12,75.0,🟡,True,False,False,True,True,True,,False,True,True,True,True,,True
https://www.futbolperuano.com/liga-voley/a-que-hora-juega-peru-vs-chile-por-la-copa-sudamericana-de-voleibol-masculino-594811,Stewart Luya,liga-voley,8,12,66.7,🟡,True,False,False,True,True,True,,False,True,True,True,False,,True
https://www.futbolperuano.com/liga-1/noticias/roberto-mosquera-lanza-advertencia-a-universitario-de-deportes-594824,Stewart Luya,liga-1,9,12,75.0,🟡,True,False,False,True,True,True,,False,True,True,True,True,,True
https://www.futbolperuano.com/liga-2/noticias/union-minas-recibio-inesperada-noticia-sobre-el-estadio-daniel-alcides-carrion-594812,Robert Luna,liga-2,10,12,83.3,🟢,True,False,False,True,True,True,,True,True,True,True,True,,True
https://www.futbolperuano.com/peruanos-en-el-exterior/noticias/matteo-perez-vinlof-volvio-a-destacar-con-dinamo-zagreb-en-la-champions-league-594808,Joaquín Vásquez,peruanos-en-el-exterior,9,12,75.0,🟡,True,False,False,True,True,True,,False,True,True,True,True,,True
https://www.futbolperuano.com/liga-voley/seleccion-peruana-donde-ver-el-mundial-de-voley-sub-17-594760,Jorge Cruzalegui,liga-voley,9,12,75.0,🟡,True,False,False,True,True,True,,False,True,True,True,True,,True
https://www.futbolperuano.com/liga-1/noticias/quien-sera-el-arbitro-del-sport-boys-vs-alianza-lima-por-el-torneo-clausura-594795,Stewart Luya,liga-1,9,12,75.0,🟡,True,False,False,True,True,True,,False,True,True,True,True,,True
https://www.futbolperuano.com/seleccion/noticias/seleccion-peruana-las-sedes-que-se-usaran-para-las-eliminatorias-2030-594744,Jorge Cruzalegui,seleccion,9,12,75.0,🟡,True,False,False,True,True,True,,False,True,True,True,True,,True
https://www.futbolperuano.com/partidos-por-tv/noticias/programacion-de-partidos-por-tv-del-miercoles-05-de-agosto-del-2026-594718,Jorge Cruzalegui,partidos-por-tv,9,12,75.0,🟡,True,False,False,True,True,True,,False,True,True,True,True,,True
https://www.futbolperuano.com/liga-1/noticias/el-volante-de-sporting-cristal-dejo-claro-el-objetivo-para-visitar-a-universitario-en-ate-594701,Joaquín Vásquez,liga-1,9,12,75.0,🟡,True,False,False,True,True,True,,False,True,True,True,True,,True
https://www.futbolperuano.com/copa-peru/noticias/10-equipos-ya-clasificaron-a-la-etapa-nacional-de-la-copa-peru-2026-594699,Robert Luna,copa-peru,8,12,66.7,🟡,True,False,False,True,True,True,,False,True,True,True,True,,False
https://www.futbolperuano.com/copa-de-la-liga/noticias/programacion-de-los-cuartos-de-final-de-la-copa-de-la-liga-2026-594728,Jorge Cruzalegui,copa-de-la-liga,9,12,75.0,🟡,True,False,False,True,True,True,,False,True,True,True,True,,True
https://www.futbolperuano.com/futbol-femenino/liga-femenina/universitario-volvio-a-sorprender-con-el-fichaje-de-una-figura-de-la-seleccion-peruana-594679,Joaquín Vásquez,futbol-femenino,10,12,83.3,🟢,True,False,True,True,True,True,,True,True,True,True,True,,False
https://www.futbolperuano.com/peruanos-en-el-exterior/noticias/sparta-praga-de-joao-grimaldo-se-acerca-a-la-fase-de-grupos-de-la-champions-league-594738,Jorge Cruzalegui,peruanos-en-el-exterior,8,12,66.7,🟡,True,False,False,True,True,False,,False,True,True,True,True,,True
https://www.futbolperuano.com/futbol-femenino/liga-femenina/alianza-lima-se-refuerza-con-mundialista-colombiana-para-la-liga-femenina-2026-594755,Jorge Cruzalegui,futbol-femenino,9,12,75.0,🟡,True,False,False,True,True,False,,True,True,True,True,True,,True
https://www.futbolperuano.com/copa-peru/noticias/juan-pablo-ii-cerca-de-tener-un-segundo-equipo-en-la-liga-profesional-594680,Robert Luna,copa-peru,9,12,75.0,🟡,True,False,False,True,True,True,,False,True,True,True,True,,True
https://www.futbolperuano.com/peruanos-en-el-exterior/noticias/yordy-reyna-volvio-a-sumar-minutos-en-la-goleada-de-rodina-moscu-por-la-copa-de-rusia-594712,Joaquín Vásquez,peruanos-en-el-exterior,9,12,75.0,🟡,True,False,False,True,True,True,,False,True,True,True,True,,True
https://www.futbolperuano.com/seleccion/historia/peru-enfrentara-a-estados-unidos-en-amistoso-internacional-cuando-y-donde-se-jugara-594696,Joaquín Vásquez,seleccion,10,12,83.3,🟢,True,False,False,True,True,True,,True,True,True,True,True,,True
https://www.futbolperuano.com/liga-2/noticias/deportivo-llacuabamba-y-santos-fc-reciben-una-advertencia-en-la-liga-2-594681,Stewart Luya,liga-2,8,12,66.7,🟡,True,False,False,True,True,True,,False,True,True,True,True,,False
https://www.futbolperuano.com/liga-3/noticias/impresionante-nuevo-estadio-ubicado-en-las-alturas-peruanas-se-inaugurara-en-este-2026-594663,Robert Luna,liga-3,9,12,75.0,🟡,True,False,False,True,True,True,,False,True,True,True,True,,True
https://www.futbolperuano.com/liga-voley/peru-convoca-a-una-nueva-armadora-para-el-mundial-de-voley-sub-17-594656,Stewart Luya,liga-voley,8,12,66.7,🟡,True,False,False,True,True,True,,False,True,True,True,False,,True
https://www.futbolperuano.com/peruanos-en-el-exterior/noticias/jesus-pretell-fue-reconocido-por-ldu-tras-una-agonica-victoria-en-la-ligapro-de-ecuador-594664,Joaquín Vásquez,peruanos-en-el-exterior,9,12,75.0,🟡,True,False,False,True,True,True,,False,True,True,True,True,,True
https://www.futbolperuano.com/liga-1/noticias/alianza-atletico-tomo-una-drastica-decision-antes-del-duelo-frente-a-cienciano-594649,Joaquín Vásquez,liga-1,9,12,75.0,🟡,True,False,False,True,True,True,,False,True,True,True,True,,True
https://www.futbolperuano.com/seleccion/noticias/sergio-pena-recordo-el-duro-golpe-que-sufrio-tras-quedar-fuera-del-mundial-de-rusia-2018-594658,Joaquín Vásquez,seleccion,10,12,83.3,🟢,True,False,False,True,True,True,,True,True,True,True,True,,True
https://www.futbolperuano.com/copa-peru/noticias/programacion-partidos-vuelta-cuartos-de-final-liga-departamental-lima-en-copa-peru-2026-594651,Robert Luna,copa-peru,9,12,75.0,🟡,True,False,False,True,True,True,,False,True,True,True,True,,True
https://www.futbolperuano.com/peruanos-en-el-exterior/noticias/felipe-chavez-anoto-un-golazo-en-el-triunfo-del-bayern-munich-594638,Stewart Luya,peruanos-en-el-exterior,9,12,75.0,🟡,True,False,False,True,True,True,,False,True,True,True,True,,True
https://www.futbolperuano.com/peruanos-en-el-exterior/noticias/renato-espinosa-fue-titular-en-el-empate-del-corvinul-por-la-superliga-de-rumania-594600,Joaquín Vásquez,peruanos-en-el-exterior,8,12,66.7,🟡,True,False,False,True,True,True,,False,True,False,True,True,,True
https://www.futbolperuano.com/liga-3/noticias/liga-3-pierde-otro-equipo-corazon-de-leon-quedara-fuera-por-segundo-walk-over-594598,Gabriel Rey,liga-3,7,12,58.3,🔴,True,False,False,True,True,True,,False,True,False,True,True,,False
https://www.futbolperuano.com/liga-voley/alianza-lima-presento-a-su-nuevo-refuerzo-para-la-liga-peruana-de-voley-594635,Stewart Luya,liga-voley,10,12,83.3,🟢,True,False,False,True,True,True,,True,True,True,True,True,,True
https://www.futbolperuano.com/liga-1/noticias/federico-girotti-confeso-que-penso-en-dejar-alianza-lima-tras-sus-diferencias-con-pablo-guede-594569,Gabriel Iberico,liga-1,9,12,75.0,🟡,True,False,False,True,True,False,,True,True,True,True,True,,True
https://www.futbolperuano.com/liga-1/noticias/hector-cuper-asume-la-responsabilidad-tras-caida-de-universitario-ante-cienciano-594568,Gabriel Iberico,liga-1,8,12,66.7,🟡,True,False,False,True,True,False,,False,True,True,True,True,,True
https://www.futbolperuano.com/liga-1/noticias/universitario-acelera-el-regreso-de-piero-quispe-para-una-prueba-de-fuego-ante-sporting-cristal-594595,Gabriel Rey,liga-1,9,12,75.0,🟡,True,False,False,True,True,True,,False,True,True,True,True,,True
https://www.futbolperuano.com/liga-3/noticias/liga-3-2026-tablas-y-resultados-de-la-fecha-9-de-la-fase-regional-de-la-tercera-division-594105,Gabriel Rey,liga-3,8,12,66.7,🟡,True,False,False,True,True,True,,False,True,True,True,True,,False
https://www.futbolperuano.com/liga-2/noticias/carlos-mannucci-se-refuerza-con-delantero-nacional-para-la-liga-2-2026-594770,Jorge Cruzalegui,liga-2,9,12,75.0,🟡,True,False,False,True,True,True,,False,True,True,True,True,,True
https://www.futbolperuano.com/liga-1/noticias/miguel-trauco-jugador-de-sport-boys-la-hinchada-de-alianza-lima-me-tien-carino-594749,Jorge Cruzalegui,liga-1,8,12,66.7,🟡,True,False,False,True,True,False,,False,True,True,True,True,,True
https://www.futbolperuano.com/liga-1/noticias/cienciano-celebra-el-triunfo-ante-universitario-y-responde-a-cuper-594563,Gabriel Iberico,liga-1,8,12,66.7,🟡,True,False,False,True,True,False,,True,True,True,True,False,,True
https://www.futbolperuano.com/peruanos-en-el-exterior/noticias/jesus-castillo-el-millonario-monto-que-recibira-universitario-por-su-transferencia-al-esperance-de-tunez-594545,Gabriel Iberico,peruanos-en-el-exterior,9,12,75.0,🟡,True,False,False,True,True,False,,True,True,True,True,True,,True
https://www.futbolperuano.com/liga-1/noticias/cristian-souza-revelo-que-estuvo-muy-cerca-de-fichar-por-alianza-lima-en-2019-594814,Joaquín Vásquez,liga-1,9,12,75.0,🟡,True,False,False,True,True,True,,True,True,True,True,False,,True
https://www.futbolperuano.com/liga-voley/mundial-sub-17-femenino/fecha-y-hora-confirmada-para-el-debut-de-peru-en-el-mundial-sub-17-de-chile-2026-594538,Gabriel Iberico,liga-voley,7,12,58.3,🔴,True,False,False,True,True,False,,False,True,True,True,False,,True
https://www.futbolperuano.com/peruanos-en-el-exterior/noticias/andre-carrillo-presente-en-la-derrota-de-corinthians-ante-internacional-en-la-copa-de-brasil-2026-594522,Jorge Cruzalegui,peruanos-en-el-exterior,8,12,66.7,🟡,True,False,False,True,True,False,,False,True,True,True,True,,True
https://www.futbolperuano.com/copa-peru/noticias/copa-peru-resultados-de-la-fecha-3-en-la-liguilla-final-de-la-liga-departamental-de-apurimac-594521,Gabriel Iberico,copa-peru,8,12,66.7,🟡,True,False,False,True,True,False,,False,True,True,True,True,,True
https://www.futbolperuano.com/copa-peru/noticias/resultados-y-tablas-de-fecha-4-de-fase-3-de-la-liga-departamental-de-puno-de-copa-peru-2026-594509,Jorge Cruzalegui,copa-peru,9,12,75.0,🟡,True,False,False,True,True,True,,False,True,True,True,True,,True
https://www.futbolperuano.com/liga-2/noticias/programacion-de-la-fecha-13-de-la-fase-de-grupos-de-la-liga-2-2026-594532,Jorge Cruzalegui,liga-2,9,12,75.0,🟡,True,False,False,True,True,True,,False,True,True,True,True,,True
https://www.futbolperuano.com/peruanos-en-el-exterior/noticias/adrian-ugarriza-le-dio-el-triunfo-al-kiryat-shmona-en-la-toto-cup-594698,Stewart Luya,peruanos-en-el-exterior,9,12,75.0,🟡,True,False,False,True,True,True,,False,True,True,True,True,,True
https://www.futbolperuano.com/copa-peru/noticias/copa-peru-resultados-en-la-fecha-1-de-la-fase-3-de-la-liga-departamental-de-junin-594529,Gabriel Iberico,copa-peru,8,12,66.7,🟡,True,False,False,True,True,False,,False,True,True,True,True,,True
https://www.futbolperuano.com/copa-peru/noticias/resultados-partidos-de-ida-cuartos-final-liga-departamental-cusco-en-copa-peru-2026-594714,Robert Luna,copa-peru,9,12,75.0,🟡,True,False,False,True,True,True,,False,True,True,True,True,,True
https://www.futbolperuano.com/liga-2/noticias/liga-2-comision-disciplinaria-sanciono-a-carlos-mannucci-594674,Stewart Luya,liga-2,9,12,75.0,🟡,False,False,False,True,True,True,,True,True,True,True,True,,True
https://www.futbolperuano.com/liga-1/noticias/quien-sera-el-arbitro-del-universitario-vs-sporting-cristal-por-el-torneo-clausura-594801,Stewart Luya,liga-1,9,12,75.0,🟡,True,False,False,True,True,True,,False,True,True,True,True,,True
https://www.futbolperuano.com/copa-peru/noticias/copa-peru-tres-equipos-ya-celebran-su-pase-a-semifinales-en-la-liga-departamental-de-ica-594513,Gabriel Iberico,copa-peru,8,12,66.7,🟡,True,False,False,True,True,False,,False,True,True,True,True,,True
https://www.futbolperuano.com/copa-peru/noticias/resultados-de-cuartos-de-final-de-la-liga-departamental-de-lima-en-copa-peru-2026-594504,Jorge Cruzalegui,copa-peru,9,12,75.0,🟡,True,False,False,True,True,True,,False,True,True,True,True,,True
https://www.futbolperuano.com/liga-1/noticias/cienciano-vs-universitario-de-deportes-en-vivo-online-por-la-fecha-3-del-torneo-clausura-de-la-liga-1-2026-594340,Gabriel Rey,liga-1,9,12,75.0,🟡,True,False,False,True,True,False,,True,True,True,True,True,,True
https://www.futbolperuano.com/liga-1/noticias/liga-1-como-se-jugaran-los-partidos-de-la-fecha-4-del-torneo-clausura-594466,Gabriel Rey,liga-1,8,12,66.7,🟡,True,False,False,True,True,False,,False,True,True,True,True,,True
https://www.futbolperuano.com/copa-peru/noticias/resultados-de-la-fecha-2-de-liguilla-final-de-etapa-departamental-de-arequipa-de-copa-peru-2026-594497,Jorge Cruzalegui,copa-peru,9,12,75.0,🟡,True,False,False,True,True,True,,False,True,True,True,True,,True
https://www.futbolperuano.com/liga-voley/resultados-y-tabla-de-posiciones-de-la-copa-federacion-2026-594187,Stewart Luya,liga-voley,8,12,66.7,🟡,True,False,False,True,True,True,,False,True,True,True,False,,True
https://www.futbolperuano.com/liga-1/noticias/mr-peet-cuestiona-el-error-de-alejandro-duarte-pese-al-triunfo-de-alianza-lima-594463,Gabriel Iberico,liga-1,9,12,75.0,🟡,True,False,False,True,True,False,,True,True,True,True,True,,True
https://www.futbolperuano.com/liga-3/noticias/asa-fc-vs-uda-huancavelica-en-vivo-online-por-la-fecha-9-de-la-fase-regional--liga-3-2026-594367,Gabriel Rey,liga-3,10,12,83.3,🟢,True,False,False,True,True,True,,True,True,True,True,True,,True
https://www.futbolperuano.com/copa-peru/noticias/copa-peru-2026-resultados-de-los-partidos-de-la-primera-fecha-de-la-liguilla-final-de-la-etapa-departamental-de-ancash-594587,Gabriel Rey,copa-peru,8,12,66.7,🟡,True,False,False,True,True,False,,False,True,True,True,True,,True
https://www.futbolperuano.com/liga-1/noticias/horacio-melgarejo-se-arrepintio-pero-dejo-una-fuerte-frase-sobre-su-sancion-594567,Gabriel Rey,liga-1,9,12,75.0,🟡,True,False,False,True,True,True,,False,True,True,True,True,,True
https://www.futbolperuano.com/liga-1/noticias/pablo-guede-sobre-el-reencuentro-con-zambrano-y-trauco-en-el-sport-boys-vs-alianza-lima-594561,Gabriel Iberico,liga-1,8,12,66.7,🟡,True,False,False,True,True,False,,False,True,True,True,True,,True
https://www.futbolperuano.com/liga-2/noticias/carlos-mannucci-vs-ada-de-jaen-en-vivo-por-la-liga-2-594421,Stewart Luya,liga-2,9,12,75.0,🟡,True,False,False,True,True,False,,True,True,True,True,True,,True
https://www.futbolperuano.com/copa-peru/noticias/resultados-de-la-ida-de-la-fase-3-de-la-liga-departamental-de-cajamarca-de-copa-peru-2026-594493,Jorge Cruzalegui,copa-peru,9,12,75.0,🟡,True,False,False,True,True,True,,False,True,True,True,True,,True
https://www.futbolperuano.com/futbol-femenino/liga-femenina/liga-femenina-2026-resultados-y-tabla-de-posiciones-de-la-fecha-2-del-torneo-clausura-593932,Jorge Cruzalegui,futbol-femenino,9,12,75.0,🟡,True,False,False,True,True,True,,False,True,True,True,True,,True
https://www.futbolperuano.com/liga-voley/san-martin-sorprende-con-el-fichaje-de-emily-zinger-para-la-liga-peruana-de-voley-2026-27-594542,Jorge Cruzalegui,liga-voley,9,12,75.0,🟡,True,False,False,True,True,True,,False,True,True,True,True,,True
https://www.futbolperuano.com/seleccion/noticias/seleccion-peruana-cuando-y-donde-se-jugara-el-amistoso-internacional-ante-mexico-594441,Jorge Cruzalegui,seleccion,8,12,66.7,🟡,True,False,False,True,True,False,,False,True,True,True,True,,True
https://www.futbolperuano.com/peruanos-en-el-exterior/noticias/con-alfonso-barco-rijeka-debuto-con-victoria-en-la-primera-division-de-croacia-594452,Jorge Cruzalegui,peruanos-en-el-exterior,9,12,75.0,🟡,True,False,False,True,True,True,,False,True,True,True,True,,True
https://www.futbolperuano.com/liga-2/noticias/bentin-tacna-vs-ayacucho-fc-en-vivo-online-por-fecha-12-de-la-liga-2-2026-594392,Jorge Cruzalegui,liga-2,9,12,75.0,🟡,True,False,False,True,True,False,,True,True,True,True,True,,True
https://www.futbolperuano.com/liga-voley/peru-cerro-la-copa-federacion-sub-17-con-derrota-ante-corea-del-sur-y-ahora-piensa-en-el-mundial-de-chile-594460,Gabriel Iberico,liga-voley,8,12,66.7,🟡,True,False,False,True,True,False,,True,True,True,True,False,,True
https://www.futbolperuano.com/liga-1/noticias/pablo-guede-revela-la-razon-de-la-ausencia-de-kevin-quevedo-en-alianza-lima-594458,Gabriel Iberico,liga-1,9,12,75.0,🟡,True,False,False,True,True,False,,True,True,True,True,True,,True
https://www.futbolperuano.com/liga-1/noticias/cienciano-vs-universitario-de-deportes-probables-alineaciones-por-la-fecha-3-del-torneo-clausura-de-la-liga-1-594447,Gabriel Rey,liga-1,8,12,66.7,🟡,True,False,False,True,True,True,,False,True,True,True,True,,False
https://www.futbolperuano.com/liga-1/noticias/el-elegido-por-hector-cuper-lo-dirigio-en-siria-y-ahora-lo-quiere-para-reforzar-la-defensa-de-universitario-594449,Gabriel Iberico,liga-1,9,12,75.0,🟡,True,False,False,True,True,False,,True,True,True,True,True,,True
https://www.futbolperuano.com/peruanos-en-el-exterior/noticias/marcos-lopez-se-luce-con-una-asistencia-en-el-triunfo-del-copenhague-594440,Stewart Luya,peruanos-en-el-exterior,9,12,75.0,🟡,True,False,False,True,True,True,,False,True,True,True,True,,True
https://www.futbolperuano.com/liga-1/noticias/la-tabla-acumulada-de-la-liga-1-tras-la-fecha-3-del-torneo-clausura-2026-594470,Gabriel Rey,liga-1,9,12,75.0,🟡,True,False,False,True,True,True,,False,True,True,True,True,,True
https://www.futbolperuano.com/peruanos-en-el-exterior/noticias/bassco-soyer-da-el-salto-en-europa-gil-vicente-lo-presenta-oficialmente-como-parte-del-primer-equipo-594438,Gabriel Iberico,peruanos-en-el-exterior,9,12,75.0,🟡,True,False,False,True,True,False,,True,True,True,True,True,,True
https://www.futbolperuano.com/liga-1/noticias/deportivo-moquegua-vs-fbc-melgar-en-vivo-online-por-la-fecha-3-del-torneo-clausura-de-la-liga-1-2026-594345,Gabriel Rey,liga-1,9,12,75.0,🟡,True,False,False,True,True,False,,True,True,True,True,True,,True
https://www.futbolperuano.com/peruanos-en-el-exterior/noticias/se-queda-a-pelear-un-lugar-felipe-chavez-y-la-inesperada-noticia-que-recibio-en-bayern-munich-594435,Gabriel Iberico,peruanos-en-el-exterior,8,12,66.7,🟡,True,False,False,True,True,False,,False,True,True,True,True,,True
https://www.futbolperuano.com/liga-2/noticias/liga-2-carlos-mannucci-les-da-una-terrible-noticia-a-sus-hinchas-594433,Stewart Luya,liga-2,8,12,66.7,🟡,True,False,False,True,True,False,,False,True,True,True,True,,True
https://www.futbolperuano.com/liga-1/noticias/fecha-hora-y-canal-del-sport-boys-vs-alianza-lima-por-el-torneo-clausura-594428,Stewart Luya,liga-1,9,12,75.0,🟡,True,False,False,True,True,True,,False,True,True,True,True,,True
https://www.futbolperuano.com/liga-1/noticias/sporting-cristal-vs-juan-pablo-ii-en-vivo-online-por-fecha-3-del-torneo-clausura-de-liga-1-2026-594344,Jorge Cruzalegui,liga-1,9,12,75.0,🟡,True,False,False,True,True,False,,True,True,True,True,True,,True
https://www.futbolperuano.com/liga-2/noticias/estudiantil-cni-vs-binacional-en-vivo-por-la-liga-2-594405,Gabriel Iberico,liga-2,10,12,83.3,🟢,True,False,False,True,True,True,,True,True,True,True,True,,True
https://www.futbolperuano.com/peruanos-en-el-exterior/noticias/pedro-gallese-sufre-duro-reves-con-el-deportivo-cali-en-colombia-594422,Stewart Luya,peruanos-en-el-exterior,9,12,75.0,🟡,True,False,False,True,True,True,,False,True,True,True,True,,True
https://www.futbolperuano.com/peruanos-en-el-exterior/noticias/nick-fernandez-presente-en-la-derrota-de-san-jose-earthquakes-en-la-mls-594425,Jorge Cruzalegui,peruanos-en-el-exterior,9,12,75.0,🟡,True,False,False,True,True,True,,False,True,True,True,True,,True
https://www.futbolperuano.com/peruanos-en-el-exterior/noticias/equipo-de-marco-rivas-sumo-un-triunfazo-en-el-torneo-clausura-de-argentina-594424,Stewart Luya,peruanos-en-el-exterior,9,12,75.0,🟡,True,False,False,True,True,True,,False,True,True,True,True,,True
https://www.futbolperuano.com/liga-1/noticias/alianza-lima-vs-alianza-atletico-en-vivo-por-el-torneo-clausura-594292,Gabriel Iberico,liga-1,9,12,75.0,🟡,True,False,False,True,True,False,,True,True,True,True,True,,True
https://www.futbolperuano.com/liga-3/noticias/municipal-de-pangoa-vs-deportivo-ucrania-en-vivo-por-la-liga-3-594403,Gabriel Iberico,liga-3,9,12,75.0,🟡,True,False,False,True,True,True,,False,True,True,True,True,,True
https://www.futbolperuano.com/liga-voley/peru-no-pudo-ante-espana-su-sumo-su-primera-derrota-en-la-copa-federacion-sub-17-594406,Gabriel Iberico,liga-voley,7,12,58.3,🔴,True,False,False,True,True,False,,False,True,True,True,False,,True
https://www.futbolperuano.com/liga-1/noticias/adt-vs-deportivo-garcilaso-en-vivo-por-el-torneo-clausura-594294,Gabriel Iberico,liga-1,9,12,75.0,🟡,True,False,False,True,True,False,,True,True,True,True,True,,True
https://www.futbolperuano.com/futbol-femenino/liga-femenina/alianza-lima-vs-defensores-del-ilucan-en-vivo-online-por-el-torneo-clausura-de-liga-femenina-2026-594360,Jorge Cruzalegui,futbol-femenino,9,12,75.0,🟡,True,False,False,True,True,False,,True,True,True,True,True,,True
https://www.futbolperuano.com/liga-1/noticias/hector-cuper-revela-que-universitario-buscara-un-nuevo-fichaje-594390,Gabriel Iberico,liga-1,9,12,75.0,🟡,True,False,False,True,True,False,,True,True,True,True,True,,True
https://www.futbolperuano.com/liga-1/noticias/piero-quispe-y-las-tres-ausencias-de-universitario-para-visitar-a-cienciano-por-el-torneo-clausura-2026-594398,Gabriel Iberico,liga-1,9,12,75.0,🟡,True,False,False,True,True,False,,True,True,True,True,True,,True
https://www.futbolperuano.com/futbol-femenino/liga-femenina/atletico-andahuaylas-y-universitario-no-se-sacan-ventaja-en-el-torneo-clausura-de-liga-femenina-594385,Jorge Cruzalegui,futbol-femenino,9,12,75.0,🟡,True,False,False,True,True,True,,False,True,True,True,True,,True
https://www.futbolperuano.com/peruanos-en-el-exterior/noticias/sergio-pena-marco-un-golazo-en-la-goleada-del-ofk-beograd-594389,Gabriel Iberico,peruanos-en-el-exterior,8,12,66.7,🟡,True,False,False,True,True,False,,False,True,True,True,True,,True
https://www.futbolperuano.com/liga-1/noticias/cienciano-y-la-sensible-ausencia-para-enfrentar-a-universitario-por-el-torneo-clausura-594394,Gabriel Iberico,liga-1,7,12,58.3,🔴,True,False,False,True,True,False,,False,True,True,True,False,,True
https://www.futbolperuano.com/liga-3/noticias/ucayali-fc-vs-ecosem-pasco-en-vivo-online-por-fecha-9-de-fase-regional-de-liga-3-594301,Jorge Cruzalegui,liga-3,9,12,75.0,🟡,True,False,False,True,True,False,,True,True,True,True,True,,True
https://www.futbolperuano.com/liga-3/noticias/melgar-vs-nacional-fbc-en-vivo-online-por-fecha-9-de-la-liga-3-2026-594351,Jorge Cruzalegui,liga-3,8,12,66.7,🟡,True,False,False,True,False,False,,True,True,True,True,True,,True
https://www.futbolperuano.com/partidos-por-tv/noticias/programacion-de-hoy-domingo-2-de-agosto-de-2026-horarios-del-futbol-en-vivo-por-television-en-el-peru-594378,Gabriel Iberico,partidos-por-tv,9,12,75.0,🟡,True,False,False,True,True,False,,True,True,True,True,True,,True
https://www.futbolperuano.com/peruanos-en-el-exterior/noticias/adrian-ugarriza-hizo-su-debut-con-kiryat-shmona-en-la-copa-de-israel-2026-594427,Jorge Cruzalegui,peruanos-en-el-exterior,9,12,75.0,🟡,True,False,False,True,True,True,,False,True,True,True,True,,True
https://www.futbolperuano.com/liga-1/noticias/fc-cajamarca-vs-sport-huancayo-en-vivo-online-por-fecha-3-del-torneo-clausura-de-liga-1-2026-594310,Jorge Cruzalegui,liga-1,9,12,75.0,🟡,True,False,False,True,True,False,,True,True,True,True,True,,True
https://www.futbolperuano.com/liga-1/noticias/alineaciones-de-alianza-lima-vs-alianza-atletico-por-la-fecha-3-del-torneo-clausura-de-la-liga-1-2026-594353,Gabriel Rey,liga-1,9,12,75.0,🟡,True,False,False,True,True,True,,False,True,True,True,True,,True
https://www.futbolperuano.com/futbol-femenino/liga-femenina/liga-femenina-carlos-mannucci-y-flamengo-protagonizaron-un-insolito-partido-con-tres-penales-594376,Gabriel Rey,futbol-femenino,9,12,75.0,🟡,True,False,False,True,True,True,,False,True,True,True,True,,True
https://www.futbolperuano.com/liga-1/noticias/atletico-grau-vs-sport-boys-en-vivo-online-por-fecha-3-del-torneo-clausura-de-liga-1-2026-594313,Jorge Cruzalegui,liga-1,9,12,75.0,🟡,True,False,False,True,True,False,,True,True,True,True,True,,True
https://www.futbolperuano.com/liga-1/noticias/cusco-fc-vs-utc-en-vivo-por-el-torneo-clausura-2026-594278,Gabriel Iberico,liga-1,9,12,75.0,🟡,True,False,False,True,True,False,,True,True,True,True,True,,True
https://www.futbolperuano.com/liga-2/noticias/deportivo-llacuabamba-vs-san-martin-en-vivo-por-la-liga-2-594203,Stewart Luya,liga-2,10,12,83.3,🟢,True,False,False,True,True,True,,True,True,True,True,True,,True
https://www.futbolperuano.com/liga-1/noticias/pablo-guede-explico-la-falta-de-gol-de-paolo-guerrero-y-federico-girotti-en-alianza-lima-594432,Jorge Cruzalegui,liga-1,9,12,75.0,🟡,True,False,False,True,True,False,,True,True,True,True,True,,True
https://www.futbolperuano.com/peruanos-en-el-exterior/noticias/jesus-castillo-a-un-paso-de-dejar-universitario-tiene-negociaciones-avanzadas-para-emigrar-a-tunez-594383,Gabriel Iberico,peruanos-en-el-exterior,9,12,75.0,🟡,True,False,False,True,True,False,,True,True,True,True,True,,True
https://www.futbolperuano.com/liga-voley/calendario-de-peru-en-la-copa-sudamericana-de-voleibol-masculino-2026-593870,Stewart Luya,liga-voley,9,12,75.0,🟡,True,False,False,True,True,True,,False,True,True,True,True,,True
https://www.futbolperuano.com/partidos-por-tv/noticias/programacion-de-partidos-por-tv-del-sabado-01-de-agosto-del-2026-594258,Jorge Cruzalegui,partidos-por-tv,9,12,75.0,🟡,True,False,False,True,True,True,,False,True,True,True,True,,True
https://www.futbolperuano.com/peru/mas-del-futbol-peruano/jean-deza-involucrado-en-una-nueva-pelea-callejera-en-el-callao-594306,Jorge Cruzalegui,peru,9,12,75.0,🟡,True,False,False,True,True,True,,False,True,True,True,True,,True
