h1,title_tag,meta_desc,primer_parrafo,num_parrafos,num_h2,h2_textos,tiene_lista_tabla,num_tags,tags_textos,num_enlaces_internos,parrafo_primer_enlace,ancla_primer_enlace,anclas_todas,palabras_body,caracteres_body,img_url,img_ancho,img_alt,error,url,autor,seccion
Arranque complicado: Juan Reynoso sigue sin conocer triunfos bajo el mando de Club Necaxa en la Liga MX,Juan Reynoso sigue sin conocer triunfos bajo el mando de Club Necaxa en Liga MX,"Club Necaxa, del técnico peruano Juan Reynoso, perdió ante Club América y sigue sin poder levantarse en la Liga MX.","¡No logra celebrar! En su segundo partido dirigiendo al plantel principal delClub Necaxa, eltécnico peruano Juan Reynososumó una nueva derrota (2-4), pero esta vez frente al Club América por la décima fecha del Apertura de laLiga MX 2026.",9,1,"Club Necaxa, del técnico peruano Juan Reynoso, perdió ante Club América y sigue sin poder levantarse en la Liga MX.",False,3,"Juan Reynoso, Necaxa, Liga MX",2,1,Liga MX 2026,Liga MX 2026 | Melgar,435,2507,https://cdn.futbolperuano.com/sdi/2026/09/28/juan-reynoso-sigue-sin-conocer-triunfos-bajo-el-mando-de-club-necaxa-en-liga-mx-1359091.jpg,1200,"Juan Máximo Reynoso, entrenador peruano. Foto: Facebook Club Necaxa",,https://www.futbolperuano.com/peruanos-en-el-exterior/noticias/juan-reynoso-sigue-sin-conocer-triunfos-bajo-el-mando-de-club-necaxa-en-liga-mx-602679,Jorge Cruzalegui,peruanos-en-el-exterior
¡Sport Boys aún cree! Christian Cueva habló tras la goleada ante Alianza Atlético y dejó claro que irán por la remontada,Copa de la Liga 2026: Christian Cueva y el mensaje de Sport Boys tras perder 5-2 ante Alianza Atlético,Christian Cueva habló tras la goleada de Sport Boys y aseguró que la serie sigue abierta. La ‘Misilera’ ahora buscará reaccionar en Sullana.,"El pasado domingo 27 de septiembreSport Boyscayó de forma contundente por 5-2 frente aAlianza Atléticopor la ida de las semifinales de laCopa de la Liga. La ‘Misilera’ recibió a los ‘Churres’ en casa y fue goleado ante su gente; sin embargo, los ‘Rosados’ no pierden las esperanzas de darle vuelta al marcador, tal y como confesó el talentoso volante nacional,Christian Cueva.",6,2,Christian Cueva habló tras la goleada de Sport Boys y aseguró que la serie sigue abierta. La ‘Misilera’ ahora buscará reaccionar en Sullana. | Resultados y programación de las semifinales de la Copa de la Liga 2026,True,3,"Christian Cueva, Sport Boys, Copa de la Liga",2,1,Copa de la Liga,Copa de la Liga | Sport Boys,323,1862,https://cdn.futbolperuano.com/sdi/2026/09/28/copa-de-la-liga-2026-christian-cueva-y-el-mensaje-de-sport-boys-tras-perder-5-2-ante-alianza-atletico-1359098.jpg,1200,"Sport Boys recibió un duro golpe, pero todavía tiene 90 minutos para buscar la reacción. Foto: Facebook Copa de la Liga",,https://www.futbolperuano.com/copa-de-la-liga/noticias/copa-de-la-liga-2026-christian-cueva-y-el-mensaje-de-sport-boys-tras-perder-5-2-ante-alianza-atletico-602685,Gabriel Rey,copa-de-la-liga
Juventud Cautivo doblega a Deportivo Lute y pone un pie en la siguiente ronda de la Liga 3 2026,Juventud Cautivo vs Deportivo Lute en vivo online por fecha 17 de Liga 3 2026,Juventud Cautivo se enfrentó a Deportivo Lute en el Estadio William Chiroque Távara por la fecha 17 de la Liga 3 2026.,¡Triunfo clave!Juventud Cautivose hizo fuerte como local en el estadio William Chiroque Távara y venció con un cómodo marcador de 4-1 alDeportivo Lutepor la fecha 17 de la Fase Regional de laLiga 3 2026.,11,3,Juventud Cautivo se enfrentó a Deportivo Lute en el Estadio William Chiroque Távara por la fecha 17 de la Liga 3 2026. | PREVIA | Programación del Grupo A - Liga 3 2026,True,3,"Juventud Cautivo, Deportivo Lute, Liga 3",3,1,Liga 3 2026,Liga 3 2026 | Liga 3 2026 | posición de la tabla,549,3114,https://cdn.futbolperuano.com/sdi/2026/09/28/juventud-cautivo-vs-deportivo-lute-en-vivo-online-por-fecha-17-de-liga-3-2026-1359101.jpg,1200,Juventud Cautivo se impuso a Deportivo Lute. Foto: Facebook Club Deportivo ,,https://www.futbolperuano.com/liga-3/noticias/juventud-cautivo-vs-deportivo-lute-en-vivo-online-por-fecha-17-de-liga-3-2026-602603,Jorge Cruzalegui,liga-3
Carlos Desio explicó por qué no puso a sus titulares en la derrota de Sport Boys ante Alianza Atlético: “Yo banco mucho a mis jugadores”,Sport Boys: Carlos Desio explicó por qué no puso a sus titulares ante Alianza Atlético,Carlos Desio reveló la razón por la que no utilizó a sus titulares en la dura derrota de Sport Boys ante Alianza Atlético en la Copa de la Liga.,Sport Boysrecibió un duro golpe en las semifinales de ida de laCopa de la Liga 2026. El conjunto chalaco cayó 5-2 ante Alianza Atlético en el estadio Miguel Grau del Callao y quedó obligado a conseguir una remontada en el partido de vuelta para mantener sus posibilidades de llegar a la final.,12,1,Carlos Desio reveló la razón por la que no utilizó a sus titulares en la dura derrota de Sport Boys ante Alianza Atlético en la Copa de la Liga.,False,4,"Carlos Desio, Sport Boys, Alianza Atlético, Copa de la Liga",2,1,Sport Boys,Sport Boys | Copa de la Liga 2026,632,3994,https://cdn.futbolperuano.com/sdi/2026/09/28/sport-boys-carlos-desio-explico-por-que-no-puso-a-sus-titulares-ante-alianza-atletico-1359080.jpg,1200,Carlos Desio. Foto: Club Sport Boys Association?,,https://www.futbolperuano.com/copa-de-la-liga/noticias/sport-boys-carlos-desio-explico-por-que-no-puso-a-sus-titulares-ante-alianza-atletico-602668,Gabriel Iberico,copa-de-la-liga
"La Selección Peruana alista un cambio drástico en su plantel para enfrentar a México: ""Desde el arranque""",La Selección Peruana alista un cambio drástico en su plantel para enfrentar a México,La Selección Peruana realizará cambios importantes en su once titular para medirse ante México este martes 29 de septiembre.,"LaSelección Peruanabusca dejar atrás la goleada sufrida ante Estados Unidos y mostrar una reacción inmediata en su segundo amistoso de la gira por Norteamérica. Luego del 4-1 en Orlando,Mano Menezesanaliza modificaciones para el compromiso frente aMéxico, con la intención de darle un nuevo funcionamiento a la Bicolor.",8,1,La Selección Peruana realizará cambios importantes en su once titular para medirse ante México este martes 29 de septiembre.,False,3,"Selección Peruana, Erick Noriega, México",2,1,Selección Peruana,Selección Peruana | Selección Peruana,356,2330,https://cdn.futbolperuano.com/sdi/2026/09/28/la-seleccion-peruana-alista-un-cambio-drastico-en-su-plantel-para-enfrentar-a-mexico-1359094.jpg,1200,Perú alista cambios para enfrentar a México. Foto: FPF,,https://www.futbolperuano.com/seleccion/noticias/la-seleccion-peruana-alista-un-cambio-drastico-en-su-plantel-para-enfrentar-a-mexico-602684,Gabriel Iberico,seleccion
México vs. Perú: Pronóstico y cuando juegan en un amistoso internacional por la Fecha FIFA,México vs. Perú en vivo online por un amistoso internacional,Las selecciones de México y Perú se ven las caras este martes 29 de septiembre en el Sports Illustrated Stadium.,LaSelección Peruanase mide a su similar deMéxicoen el Sports Illustrated Stadium de New Jersey estemartes 29 de septiembredesde las20:00 hora peruana(01:00 GMT) en un duelo amistoso válido por laFecha FIFA. Este partido será transmitido para todo el Perú por las pantallas de América TV y tú podrás seguir las incidencias del mismo AQUÍ.,5,1,Las selecciones de México y Perú se ven las caras este martes 29 de septiembre en el Sports Illustrated Stadium.,False,3,"Selección Peruana, Perú, Fútbol internacional",2,1,Selección Peruana,Selección Peruana | derrota ante Estados Unidos,370,2685,https://cdn.futbolperuano.com/sdi/2026/09/28/mexico-vs-peru-en-vivo-online-por-un-amistoso-internacional-1359089.jpg,1200,México y Perú se enfrentan este martes 29 de septiembre en el Sports Illustrated Stadium. Foto: EFE,,https://www.futbolperuano.com/seleccion/noticias/mexico-vs-peru-en-vivo-online-por-un-amistoso-internacional-602675,Gabriel Rey,seleccion
Bélgica vs. Francia: EN VIVO ONLINE 0-0 por la UEFA Nations League,Bélgica vs. Francia: EN VIVO por la UEFA Nations League,Bélgica y Francia se ven las caras en el King Baudouin Stadium de Bruselas en un partidazo por la jornada 2 de la UEFA Nations League.,"Este lunes 28 de septiembre,BélgicayFranciase ven las caras en un partidazo por la jornada 2 de laUEFA Nations League. El encuentro que se jugará en el King Baudouin Stadium de Bruselas está programado para las 13:45 horas (hora peruana) y será transmitido en vivo mediante la señal de ESPN y Disney+. Además, podrásSEGUIR EL MINUTO A MINUTO AQUÍ.",9,1,Bélgica y Francia se ven las caras en el King Baudouin Stadium de Bruselas en un partidazo por la jornada 2 de la UEFA Nations League.,False,3,"Bélgica, Francia, Liga de Naciones",2,1,UEFA Nations League,UEFA Nations League | Francia,334,2061,https://cdn.futbolperuano.com/sdi/2026/09/28/belgica-vs-francia-en-vivo-por-la-uefa-nations-league-1359073.jpg,1200,Bélgica se mide ante Francia por la Nations League. Foto: EFE,,https://www.futbolperuano.com/futbol-internacional/noticias/belgica-vs-francia-en-vivo-por-la-uefa-nations-league-602658,Gabriel Iberico,futbol-internacional
Liga 3 2026: Resultados y tablas de posiciones de la fecha 17 de la Fase Regional,Liga 3 2026: Resultados y tablas de posiciones de la fecha 17 de la Fase Regional,"Este viernes de septiembre se dará inicio a la fecha 17 de la Fase Regional de la Liga 3 2026, la cual culminará el lunes 28.","Este viernes 25 de septiembre se dará inicio a lafecha 17de laFase Regionalde laLiga 3 2026, una jornada que se disputará a lo largo del fin de semana y que culminará el lunes 28; excepto por algunos duelos que deberán ser reprogramados para las próximas semanas.",3,2,"Este viernes de septiembre se dará inicio a la fecha 17 de la Fase Regional de la Liga 3 2026, la cual culminará el lunes 28. | TABLAS Y RESULTADOS DE LA FECHA 17 DE LA FASE REGIONAL - LIGA 3",True,3,"Liga 3, Perú, Juan Aurich",2,1,Liga 3 2026,Liga 3 2026 | Juegos Suramericanos Santa Fe 2026,178,1048,https://cdn.futbolperuano.com/sdi/2026/09/24/liga-3-2026-resultados-y-tablas-de-posiciones-de-la-fecha-17-de-la-fase-regional-1358542.jpg,1200,Todo ha quedado listo para lo que serán los partidos de la fecha 17 de la Fase Regional de la Liga 3 2026. Foto: Facebook Amazon Callao,,https://www.futbolperuano.com/liga-3/noticias/liga-3-2026-resultados-y-tablas-de-posiciones-de-la-fecha-17-de-la-fase-regional-602089,Gabriel Rey,liga-3
Resultados y tabla de posiciones de la fecha 3 de la Etapa Nacional de la Copa Perú,Copa Perú: resultados y posiciones de la fecha 3 de la Etapa Nacional,La tercera fecha de la Etapa Nacional de la Copa Perú se jugará este fin de semana en distintas partes del país.,"La Liga Nacional de Fútbol Aficionado (LINFA) dio a conocer la programación de la tercera fecha de laEtapa Nacionalde laCopa Perú, que se jugará este fin de semana (sábado 26 y domingo 27 de septiembre) y tendrá los duelos entre los campeones y subcampeones departamentales.",2,2,La tercera fecha de la Etapa Nacional de la Copa Perú se jugará este fin de semana en distintas partes del país. | Fecha 3 | Etapa Nacional | Copa Perú,True,3,"Etapa Nacional, Copa Perú, Fútbol Peruano",2,1,Etapa Nacional,Etapa Nacional | Copa Perú,64,372,https://cdn.futbolperuano.com/sdi/2026/09/25/copa-peru-resultados-y-posiciones-de-la-fecha-3-de-la-etapa-nacional-1358720.jpg,1200,Etapa Nacional de la Copa Perú. Foto: Facebook Copa Perú,,https://www.futbolperuano.com/copa-peru/noticias/copa-peru-resultados-y-posiciones-de-la-fecha-3-de-la-etapa-nacional-602282,Stewart Luya,copa-peru
República Checa vs Inglaterra: pronóstico por la segunda fecha de la UEFA Nations League 2026-27,República Checa vs Inglaterra en vivo online por fecha 2 de UEFA Nations League 2026-27,República Checa medirá fuerzas frente a Inglaterra en el Fortuna Arena de Praga por la fecha 2 de la UEFA Nations League.,República Checarecibirá este martes 29 de septiembre aInglaterrapor la segunda fecha del Grupo C de la Liga A de laUEFA Nations League 2026-27. El encuentro fue programado para las 13:45 horas peruanas (18:45 GMT) en el Fortuna Arena de Praga y será transmitido por las señales de Disney+ Premium y ESPN 2 para todo el país.,6,1,República Checa medirá fuerzas frente a Inglaterra en el Fortuna Arena de Praga por la fecha 2 de la UEFA Nations League.,False,3,"Selección de República Checa, Selección de Inglaterra, UEFA Nations League",2,1,UEFA Nations League 2026-27,UEFA Nations League 2026-27 | posicionarse mejor en la tabla,307,1756,https://cdn.futbolperuano.com/sdi/2026/09/28/republica-checa-vs-inglaterra-en-vivo-online-por-fecha-2-de-uefa-nations-league-2026-27-1359107.jpg,1200,República Checa se alista para recibir a Inglaterra. Foto: Facebook Ceská fotbalová reprezentace,,https://www.futbolperuano.com/futbol-internacional/uefa-nations-league/republica-checa-vs-inglaterra-en-vivo-online-por-fecha-2-de-uefa-nations-league-2026-27-602697,Jorge Cruzalegui,futbol-internacional
Liga 2: ¿Cómo se jugarán los partidos de la segunda fecha de la Fase Final de la Liga 2 2026?,Programación completa de la fecha 2 de Fase Final de Liga 2 2026,"En la lucha por el ascenso y la permanencia, así se programaron los partidos de la fecha 2 de la Fase Final de la Liga 2 2026.","¡Todo listo! Luego de un arranque vibrante de laFase Finalde laLiga 2 2026, los hinchas se prepararán para lo que serála segunda fechade la mencionada instancia en donde hay equipos que luchan por acercarse al objetivo del ascenso y otros buscan mantener la categoría.",5,2,"En la lucha por el ascenso y la permanencia, así se programaron los partidos de la fecha 2 de la Fase Final de la Liga 2 2026. | Programación de la fecha 2 de la Fase Final - Liga 2 2026",True,3,"Liga 2, Segunda División, Carlos Mannucci",2,1,Liga 2 2026,Liga 2 2026 | Fase Final de la Liga 2,231,1344,https://cdn.futbolperuano.com/sdi/2026/09/28/programacion-completa-de-la-fecha-2-de-fase-final-de-liga-2-2026-1359063.jpg,1200,Carlos Mannucci es uno de los líderes de la Liga 2 2026. Foto: Facebook Liga2Caliente.pe,,https://www.futbolperuano.com/liga-2/noticias/programacion-completa-de-la-fecha-2-de-fase-final-de-liga-2-2026-602647,Jorge Cruzalegui,liga-2
Héctor Cúper dejaría Universitario de Deportes y Fabián Bustos sería el elegido para tomar el mando del equipo a falta de siete fechas,Universitario de Deportes tendría decidido el futuro de Héctor Cúper y Fabián Bustos sería el elegido para asumir el banquillo crema,Universitario de Deportes está cerca de tomar una decisión sobre Héctor Cúper y en Ate ya se analiza el escenario para las últimas fechas.,"Héctor Cúpertiene las horas contadas enUniversitario de Deportes. Según se pudo conocer, el experimentado estratega argentino no continuaría en el banquillo ‘Crema’ a falta de 7 fechas para el final de la temporada 2026 y desde Ate ya tendrían todo arreglado con quién sería su reemplazante,Fabián Bustos.",6,1,Universitario de Deportes está cerca de tomar una decisión sobre Héctor Cúper y en Ate ya se analiza el escenario para las últimas fechas.,True,3,"Universitario de Deportes, Héctor Cúper, Fabián Bustos",2,1,Universitario de Deportes,Universitario de Deportes | Héctor Cúper,353,2063,https://cdn.futbolperuano.com/sdi/2026/09/28/universitario-de-deportes-tendria-decidido-el-futuro-de-hector-cuper-y-fabian-bustos-seria-el-elegido-para-asumir-el-banquillo-crema-1359106.jpg,1200,El futuro de Héctor Cúper en Universitario de Deportes podría definirse en las próximas horas. Foto: Facebook Universitario de Deportes,,https://www.futbolperuano.com/liga-1/noticias/universitario-de-deportes-tendria-decidido-el-futuro-de-hector-cuper-y-fabian-bustos-seria-el-elegido-para-asumir-el-banquillo-crema-602698,Gabriel Rey,liga-1
Mr. Peet cuestiona a tres futbolistas de Perú tras dura goleada ante Estados Unidos: “Ingenuidad”,Mr. Peet cuestiona a tres futbolistas de Perú tras dura goleada ante Estados Unidos,El comunicador apuntó contra tres futbolistas de Perú tras la derrota por 4-1 ante Estados Unidos. Uno de ellos hizo su debut oficial con la 'Bicolor'.,"LaSelección Peruanano tuvo el estreno esperado en su gira por Norteamérica y terminó cayendo por un contundente 4-0 frente a Estados Unidos en el Inter&Co Stadium de Orlando. El resultado dejó varias dudas en el funcionamiento de la Bicolor, especialmente en el aspecto defensivo, de cara a los próximos amistosos.",9,1,El comunicador apuntó contra tres futbolistas de Perú tras la derrota por 4-1 ante Estados Unidos. Uno de ellos hizo su debut oficial con la 'Bicolor'.,False,6,"Peter Arévalo, Perú, Oliver Sonne, Marcos López, Piero Magallanes, Selección Peruana",2,1,Selección Peruana,Selección Peruana | Selección Peruana,422,2696,https://cdn.futbolperuano.com/sdi/2026/09/27/mr-peet-cuestiona-a-tres-futbolistas-de-peru-tras-dura-goleada-ante-estados-unidos-1359042.jpg,1200,Mr. Peet apunta contra tres futbolistas de la Selección Peruana. Foto: FPF / Captura,,https://www.futbolperuano.com/seleccion/noticias/mr-peet-cuestiona-a-tres-futbolistas-de-peru-tras-dura-goleada-ante-estados-unidos-602624,Gabriel Iberico,seleccion
Alianza Lima cerró la Fase Regular con puntaje perfecto tras vencer a FBC Melgar y ahora espera rival para las semifinales del Clausura,Liga Femenina 2026: Alianza Lima venció a FBC Melgar y cerró el Clausura con puntaje perfecto antes de las semifinales,Alianza Lima venció a FBC Melgar y cerró la Fase Regular con puntaje perfecto. Ahora espera por su rival en las semifinales del Torneo Clausura.,Alianza Limaterminó laFase RegulardelTorneo Clausurade laLiga Femenina 2026conpuntaje perfectotras superar por la mínima diferencia a FBC Melgar en el Estadio Hugo Sotil de Villa El Salvador y ahora espera ensemifinalesal ganador de la serie entre Sporting Cristal y Atlético Andahuaylas.,4,3,Alianza Lima venció a FBC Melgar y cerró la Fase Regular con puntaje perfecto. Ahora espera por su rival en las semifinales del Torneo Clausura. | ¿Cómo se jugará el Hexagonal Final del Torneo Clausura de la Liga Femenina? | Resultados de la fecha 11 del Torneo Clausura de la Liga Femenina 2026,True,3,"Alianza Lima, Liga Femenina, Torneo Clausura",1,1,Liga Femenina 2026,Liga Femenina 2026,211,1349,https://cdn.futbolperuano.com/sdi/2026/09/27/liga-femenina-2026-alianza-lima-vencio-a-fbc-melgar-y-cerro-el-clausura-con-puntaje-perfecto-antes-de-las-semifinales-1359036.jpg,1200,Alianza Lima cumplió con su objetivo en la última jornada de la Liga Femenina. Foto: Facebook Liga Femenina,,https://www.futbolperuano.com/futbol-femenino/liga-femenina/liga-femenina-2026-alianza-lima-vencio-a-fbc-melgar-y-cerro-el-clausura-con-puntaje-perfecto-antes-de-las-semifinales-602618,Gabriel Rey,futbol-femenino
"Jorge Sampaoli no olvida a Sport Boys y manda emotivo mensaje a Carlos Desio: ""Estoy viviendo muy de cerca el gran momento""",Jorge Sampaoli no olvida a Sport Boys y manda emotivo mensaje a Carlos Desio,Jorge Sampaoli recordó con gran cariño a Sport Boys y le envío mensaje a Carlos Desio tras el gran momento en la Liga 1.,"Sport Boysatraviesa un gran memento en laLiga 1y, desde Brasil, una figura que dejó huella en la institución sigue de cerca cada uno de sus pasos.Jorge Sampaoliaprovechó una reciente conversación para enviar un mensaje al pueblo rosado y destacar el presente del equipo chalaco, además de reconocer el trabajo deCarlos Desio.",10,1,Jorge Sampaoli recordó con gran cariño a Sport Boys y le envío mensaje a Carlos Desio tras el gran momento en la Liga 1.,False,3,"Jorge Sampaoli, Sport Boys, Carlos Desio",2,1,Sport Boys,Sport Boys | Liga 1,504,3025,https://cdn.futbolperuano.com/sdi/2026/09/28/jorge-sampaoli-no-olvida-a-sport-boys-y-manda-emotivo-mensaje-a-carlos-desio-1359105.jpg,1200,Jorge Sampaoli. Foto: Difusión / Club Sport Boys Association,,https://www.futbolperuano.com/liga-1/noticias/jorge-sampaoli-no-olvida-a-sport-boys-y-manda-emotivo-mensaje-a-carlos-desio-602695,Gabriel Iberico,liga-1
Estados Unidos vs. Chile: pronóstico y cuándo juegan por amistoso internacional,Estados Unidos vs. Chile: EN VIVO por amistoso internacional,"Tras ganarle a Perú, Estados Unidos va en busca de un nuevo triunfo cuando reciba a Chile por la fecha FIFA de septiembre y octubre.","Estados UnidosyChilese ven las caras este martes 29 de septiembre en su segundo amistoso internacional por la fechaFIFA. El encuentro que se jugará en Citypark está programado para las 19:00 horas (hora peruana) y será transmitido en vivo mediante la señal de Disney+. Además, podrásSEGUIR EL MINUTO A MINUTO AQUÍ.",9,1,"Tras ganarle a Perú, Estados Unidos va en busca de un nuevo triunfo cuando reciba a Chile por la fecha FIFA de septiembre y octubre.",False,3,"Estados Unidos, Chile, Amistoso",2,1,Estados Unidos,Estados Unidos | Chile,361,2250,https://cdn.futbolperuano.com/sdi/2026/09/28/estados-unidos-vs-chile-en-vivo-por-amistoso-internacional-1359076.jpg,1200,Estados Unidos enfrenta a Chile. Foto: @USMNT / @LaRoja,,https://www.futbolperuano.com/futbol-internacional/noticias/estados-unidos-vs-chile-en-vivo-por-amistoso-internacional-602664,Gabriel Iberico,futbol-internacional
Sebastián Gonzales Zela sumó minutos con Inter Toronto que no la pasa bien en la Premier League de Canadá,Sebastián Gonzales Zela sumó minutos con Inter Toronto que no la pasa bien en Canadá,"Inter Toronto, con Sebastián Gonzales Zela, cayó frente a Pacific FC en una nueva fecha de la Premier League de Canadá.","¡Momento complicado! Con presencia delperuano Sebastián Gonzales Zelaa los 82 minutos,Inter Torontoperdió (3-4) como local en el York Lions Stadium frente al Pacific FC en una nueva fecha de laPremier League de Canadá 2026.",10,1,"Inter Toronto, con Sebastián Gonzales Zela, cayó frente a Pacific FC en una nueva fecha de la Premier League de Canadá.",False,3,"Sebastián Gonzales Zela, Premier League de Canadá, Peruanos en el Exterior",2,1,peruano Sebastián Gonzales Zela,peruano Sebastián Gonzales Zela | Premier League de Canadá,401,2348,https://cdn.futbolperuano.com/sdi/2026/09/28/sebastian-gonzales-zela-sumo-minutos-con-inter-toronto-que-no-la-pasa-bien-en-canada-1359078.jpg,1200,Sebastián Gonzales Zela entrenando con su club. Foto: Facebook Inter Toronto Football Club,,https://www.futbolperuano.com/peruanos-en-el-exterior/noticias/sebastian-gonzales-zela-sumo-minutos-con-inter-toronto-que-no-la-pasa-bien-en-canada-602663,Jorge Cruzalegui,peruanos-en-el-exterior
Golpe en casa para Juan Aurich: el ‘Ciclón del Norte’ perdió el control de su clasificación y quedó a merced de otros resultados,Juan Aurich vs. Juventud Santo Domingo en vivo online por la fecha 17 de la Fase Regional de la Liga 3 2026,Juan Aurich dejó escapar el triunfo ante Juventud Santo Domingo y ahora necesita resultados favorables para seguir con vida en la Liga 3 2026.,"Juan Aurichno pudo hacerse fuerte en casa y dejó escapar el triunfo anteJuventud Santo Domingo, poniendo en suspenso su potencial clasificación a la siguiente ronda de laLiga 3 2026. El ‘Ciclón del Norte’ dejó de depender de sí mismo y, de darse una serie de resultados, podría culminar su sueño del ascenso.",9,2,Juan Aurich dejó escapar el triunfo ante Juventud Santo Domingo y ahora necesita resultados favorables para seguir con vida en la Liga 3 2026. | PROGRAMACIÓN DE LA FECHA 17 DE LA FASE REGIONAL - LIGA 3,True,3,"Juan Aurich, Juventud Santo Domingo, Liga 3",2,1,Liga 3 2026,Liga 3 2026 | Juan Aurich,445,2595,https://cdn.futbolperuano.com/sdi/2026/09/27/juan-aurich-vs-juventud-santo-domingo-en-vivo-online-por-la-fecha-17-de-la-fase-regional-de-la-liga-3-2026-1359033.jpg,1200,Juan Aurich quedó en una situación incómoda tras esta jornada. Foto: Facebook Juan Aurich,,https://www.futbolperuano.com/liga-3/noticias/juan-aurich-vs-juventud-santo-domingo-en-vivo-online-por-la-fecha-17-de-la-fase-regional-de-la-liga-3-2026-602515,Gabriel Rey,liga-3
Sport Áncash sorprendió de visita a Alianza Arenal por la fecha 3 de la Etapa Nacional de la Copa Perú 2026,Alianza Arenal vs Sport Áncash en vivo online por fecha 3 de Etapa Nacional de Copa Perú 2026,Alianza Arenal se puso a prueba ante el tradicional Sport Áncash por la tercera fecha de la Etapa Nacional de la Copa Perú 2026.,"¡Continúa celebrando! En un partido cargado de emociones,Sport Áncashsorprendió (2-1) en condición de visitante aAlianza Arenalen el Estadio Municipal de Moro y sumó su segunda victoria consecutiva en la tercera fecha de la Etapa Nacional de laCopa Perú 2026.",11,2,Alianza Arenal se puso a prueba ante el tradicional Sport Áncash por la tercera fecha de la Etapa Nacional de la Copa Perú 2026. | PREVIA,False,3,"Alianza Arenal, Sport Áncash, Copa Perú",3,1,Copa Perú 2026,Copa Perú 2026 | Copa Perú 2026 | la tabla general,542,3087,https://cdn.futbolperuano.com/sdi/2026/09/27/alianza-arenal-vs-sport-ancash-en-vivo-online-por-fecha-3-de-etapa-nacional-de-copa-peru-2026-1359037.jpg,1200,Sport Áncash derrotó de visita a Alianza Arenal. Foto: Facebook Sport Ancash Fc,,https://www.futbolperuano.com/copa-peru/noticias/alianza-arenal-vs-sport-ancash-en-vivo-online-por-fecha-3-de-etapa-nacional-de-copa-peru-2026-602468,Jorge Cruzalegui,copa-peru
¡Debut soñado! Martín Dall’Orso inicia su ciclo con Belice con una victoria en la Concacaf Nations League,Martín Dall’Orso inicia su ciclo con Belice con una victoria en la Concacaf Nations League,"Bajo la dirección técnica del peruano Martín Dall’Orso, Belice debutó con triunfo en la Concacaf Nations League 2026/27.","El fútbol peruano sumó una nueva presencia en el extranjero con el estreno deMartín Dall’Orsocomo entrenador de una selección nacional. El estratega nacional comenzó su etapa al frente deBelicecon una victoria por 1-0 sobre Sint Maarten, en la primera jornada de la Liga de Naciones Concacaf 2026-2027.",8,1,"Bajo la dirección técnica del peruano Martín Dall’Orso, Belice debutó con triunfo en la Concacaf Nations League 2026/27.",False,5,"Martín Dallorso, Selección de Belice, Liga de Naciones, Concacaf, Peruanos en el Exterior",2,1,Martín Dall’Orso,Martín Dall’Orso | Belice,347,2176,https://cdn.futbolperuano.com/sdi/2026/09/27/martin-dallorso-inicia-su-ciclo-con-belice-con-una-victoria-en-la-concacaf-nations-league-1359040.jpg,1200,Martín Dall'Orso debuta con victoria al mando de Belice. Foto: Football Federation of Belize - FFB,,https://www.futbolperuano.com/peruanos-en-el-exterior/noticias/martin-dallorso-inicia-su-ciclo-con-belice-con-una-victoria-en-la-concacaf-nations-league-602621,Gabriel Iberico,peruanos-en-el-exterior
"Perú vs México: Fecha, hora y canal del segundo amistoso internacional de la fecha FIFA de septiembre","Perú vs México: fecha, hora y canal del segundo amistoso internacional",Las selecciones de Perú y México se pondrán a prueba en su segundo amistoso internacional del mes de septiembre.,"¡En busca del triunfo! Luego de su duro tropiezo a manos de Estados Unidos en su primer amistoso internacional, el plantel de laSelección de Perúbuscará reencontrarse con la victoria cuando enfrentea su similar de México, quien llega de igualar contra Colombia.",8,1,Las selecciones de Perú y México se pondrán a prueba en su segundo amistoso internacional del mes de septiembre.,False,3,"Selección Peruana, Selección de México, Amistoso",2,1,Selección de Perú,Selección de Perú | Estados Unidos,371,2225,https://cdn.futbolperuano.com/sdi/2026/09/28/peru-vs-mexico-fecha-hora-y-canal-del-segundo-amistoso-internacional-1359070.jpg,1200,Perú enfrentará a México en New Jersey. Foto: EFE,,https://www.futbolperuano.com/seleccion/noticias/peru-vs-mexico-fecha-hora-y-canal-del-segundo-amistoso-internacional-602655,Jorge Cruzalegui,seleccion
Unión Comercio venció a Pirata FC e inició con el pie derecho su recorrido en la Fase Final de la Liga 2 2026,Unión Comercio vs Pirata FC en vivo online por Fase Final de Liga 2 2026,Unión Comercio y Pirata FC midieron fuerzas en el Estadio Carlos Vidaurre García por la fecha 1 de la Fase Final de la Liga 2 2026.,"¡Lidera el grupo! Con goles de Alessandro Pinedo y Breidy Goluz,Unión Comercioimpuso condiciones como local (2-0) frente aPirata FCen el Estadio Carlos Vidaurre García y arrancó por todo lo alto la Fase Final de laLiga 2 2026.",12,2,Unión Comercio y Pirata FC midieron fuerzas en el Estadio Carlos Vidaurre García por la fecha 1 de la Fase Final de la Liga 2 2026. | PREVIA,False,3,"Unión Comercio, Pirata FC, Liga 2",3,1,Liga 2 2026,Liga 2 2026 | Liga 2 2026 | luego de posicionarse,575,3245,https://cdn.futbolperuano.com/sdi/2026/09/27/union-comercio-vs-pirata-fc-en-vivo-online-por-fase-final-de-liga-2-2026-1359031.jpg,1200,Unión Comercio impuso condiciones frente a Pirata FC. Foto: Facebook Liga2Caliente.pe,,https://www.futbolperuano.com/liga-2/noticias/union-comercio-vs-pirata-fc-en-vivo-online-por-fase-final-de-liga-2-2026-602506,Jorge Cruzalegui,liga-2
Alianza Lima venció a EC Pinheiros y sumó su tercera victoria en la 'Noche Blanquiazul Vóley 2026',Alianza Lima vs EC Pinheiros en vivo online por fecha 3 de Noche Blanquiazul Vóley 2026,Alianza Lima enfrentó a EC Pinheiros en Villa El Salvador en la última fecha de la 'Noche Blanquiazul Vóley 2026'.,¡Imbatible!Alianza Limahizo un partido más que correcto frente aEC Pinheiros de Brasilen el Polideportivo Luisa Estela Fuentes Quijandría de Villa El Salvador y sumó su tercera victoria 'al hilo' en el cierre de la'Noche Blanquiazul Vóley 2026'.,10,2,Alianza Lima enfrentó a EC Pinheiros en Villa El Salvador en la última fecha de la 'Noche Blanquiazul Vóley 2026'. | PREVIA,True,3,"Alianza Lima, Noche Blanquiazul Vóley, Vóley",4,1,'Noche Blanquiazul Vóley 2026','Noche Blanquiazul Vóley 2026' | Liga Peruana de Vóley | 'Noche Blanquiazul Vóley 2026' | Liga Peruana de Vóley 2026-27,458,2873,https://cdn.futbolperuano.com/sdi/2026/09/28/alianza-lima-vs-ec-pinheiros-en-vivo-online-por-fecha-3-de-noche-blanquiazul-voley-2026-1359057.jpg,1200,Alianza Lima celebra triunfo sobre EC Pinheiros. Foto: Facebook Alianza Lima Vóley,,https://www.futbolperuano.com/liga-voley/alianza-lima-vs-ec-pinheiros-en-vivo-online-por-fecha-3-de-noche-blanquiazul-voley-2026-602571,Jorge Cruzalegui,liga-voley
Lo defie en casa: Sporting Cristal venció a ADT en Tarma y pone un pie en la final de la Copa de la Liga,ADT vs. Sporting Cristal: EN VIVO por la semifinal (IDA) de la Copa de la Liga 2026,Sporting Cristal consiguió vencer por la mínima diferencia a ADT en el Estadio Unión de Tarma y se acerca a la final de la Copa de la Liga.,Sporting Cristaldio el primer golpe en la primera semifinal de laCopa de la Ligaal derrotar 1-0 aADTen el Estadio Unión de Tarma. El cuadro rimense consiguió una importante ventaja como visitante y quedó a un paso de la gran final del certamen.,14,1,Sporting Cristal consiguió vencer por la mínima diferencia a ADT en el Estadio Unión de Tarma y se acerca a la final de la Copa de la Liga.,False,3,"ADT de Tarma, Sporting Cristal, Copa de la Liga",3,1,Copa de la Liga,Copa de la Liga | Copa de la Liga | SEGUIR EL MINUTO A MINUTO AQUÍ,578,3521,https://cdn.futbolperuano.com/sdi/2026/09/27/adt-vs-sporting-cristal-en-vivo-por-la-semifinal-ida-de-la-copa-de-la-liga-2026-1359032.jpg,1200,Sporting Cristal venció a ADT por la mínima en Tarma. Foto: Copa Caliente de la Liga,,https://www.futbolperuano.com/copa-de-la-liga/noticias/adt-vs-sporting-cristal-en-vivo-por-la-semifinal-ida-de-la-copa-de-la-liga-2026-602386,Gabriel Iberico,copa-de-la-liga
"Resultados de la Noche Blanquiazul Vóley con Alianza Lima, Boca Juniors, CAV Esquimo y EC Pinheiros",Alianza Lima: Resultados de la Noche Blanquiazul Vóley,"Alianza Lima (Perú), Boca Juniors (Argentina), CAV Esquimo (España) y EC Pinheiros (Brasil) disputarán la Noche Blanquiazul Vóley en Villa El Salvador.","Alianza Lima, Boca Juniors (Argentina), CAV Esquimo (España) y EC Pinheiros (Brasil) quedaron listos para disputar laNoche Blanquiazul Vóley, que se jugará en el Polideportivo Luisa Estela Fuentes Quijandría del viernes 25 al domingo 27 de septiembre.",1,2,"Alianza Lima (Perú), Boca Juniors (Argentina), CAV Esquimo (España) y EC Pinheiros (Brasil) disputarán la Noche Blanquiazul Vóley en Villa El Salvador. | Resultados de la Noche Blanquiazul Vóley",True,3,"Noche Blanquiazul Vóley, Alianza Lima, Boca Juniors",2,1,Alianza Lima,Alianza Lima | Noche Blanquiazul Vóley,37,251,https://cdn.futbolperuano.com/sdi/2026/09/24/alianza-lima-resultados-de-la-noche-blanquiazul-voley-1358571.jpg,1200,Resultados de la Noche Blanquiazul Vóley. Foto: Facebook Alianza Lima Vóley,,https://www.futbolperuano.com/liga-voley/alianza-lima-resultados-de-la-noche-blanquiazul-voley-602122,Stewart Luya,liga-voley
¡El ‘Taladro’ no afloja! Atlético Torino venció a Deportivo Caysa y mantiene su invicto en la Etapa Nacional de la Copa Perú,Atlético Torino vs. Deportivo Caysa en vivo online por la fecha 3 de la Etapa Nacional de la Copa Perú 2026,"Atlético Torino derrotó a Deportivo Caysa y volvió al triunfo en la Etapa Nacional, donde mantiene su invicto y continúa escalando en la tabla.","Atlético Torinose reencuentra con el triunfo en la Etapa Nacional de laCopa Perúy mantiene su invicto en esta fase del torneo. El ‘Taladro’ logró imponerse por2-0anteDeportivo Caysay sigue escalando en la Tabla de Posiciones, postulándose como uno de los favoritos para avanzar a la siguiente ronda del ‘Torneo del Fútbol Macho’.",9,2,"Atlético Torino derrotó a Deportivo Caysa y volvió al triunfo en la Etapa Nacional, donde mantiene su invicto y continúa escalando en la tabla. | Programación de la Fecha 3 de la Etapa Nacional de la Copa Perú",True,3,"Atlético Torino, Deportivo Caysa, Copa Perú",2,1,Copa Perú,Copa Perú | Atlético Torino,422,2544,https://cdn.futbolperuano.com/sdi/2026/09/27/atletico-torino-vs-deportivo-caysa-en-vivo-online-por-la-fecha-3-de-la-etapa-nacional-de-la-copa-peru-2026-1359019.jpg,1200,Atlético Torino recuperó el triunfo en un momento importante y continúa escalando posiciones. Foto: Facebook Atlético Torino,,https://www.futbolperuano.com/copa-peru/noticias/atletico-torino-vs-deportivo-caysa-en-vivo-online-por-la-fecha-3-de-la-etapa-nacional-de-la-copa-peru-2026-602502,Gabriel Rey,copa-peru
Liga 2 2026: Resultados y tablas de posiciones de la fecha 1 de la Fase Final,Liga 2 2026: Resultados y tablas de posiciones de la fecha 1 de la Fase Final,"Este viernes de septiembre se dará inicio a la fecha 1 de la Fase Final de la Liga 2 2026, la cual culminará el domingo 27.","Luego de algunas semanas de descanso y preparación, este viernes 25 de septiembre se dará inicio a laFase Finalde laLiga 2 2026, etapa en la que los diferentes equipos serán divididos en5 gruposdistintos con la finalidad de lograr los objetivos trazados de cara al final de la presente temporada.",4,1,"Este viernes de septiembre se dará inicio a la fecha 1 de la Fase Final de la Liga 2 2026, la cual culminará el domingo 27.",True,3,"Liga 2, Unión Comercio, Comerciantes FC",2,1,Liga 2 2026,Liga 2 2026 | Tablas de Posiciones,246,1411,https://cdn.futbolperuano.com/sdi/2026/09/24/liga-2-2026-resultados-y-tablas-de-posiciones-de-la-fecha-1-de-la-fase-final-1358566.jpg,1200,Todo ha quedado listo para lo que serán los partidos de la fecha 1 de la Fase Final de la Liga 2 2026. Foto: Facebook Liga 2,,https://www.futbolperuano.com/liga-2/noticias/liga-2-2026-resultados-y-tablas-de-posiciones-de-la-fecha-1-de-la-fase-final-602114,Gabriel Rey,liga-2
Jean Ferrari y su contundente mensaje tras la dura goleada que sufrió la Selección Peruana: “Los golpes están para aguantarlos”,Jean Ferrari y su contundente mensaje tras la dura goleada que sufrió la Selección Peruana,"Jean Ferrari, director general de fútbol de la FPF, habló tras la dura caída que sufrió la ‘Bicolor’ ante Estados Unidos.","LaSelección Peruanainició su gira por Norteamérica con una derrota que dejó preocupación en el resultado, pero desde la Federación Peruana de Fútbol aseguran que el proceso encabezado por Mano Menezes continuará. La ‘Bicolor’ cayó 4-1 ante Estados Unidos en Orlando y ahora deberá concentrarse rápidamente en su siguiente compromiso.",10,1,"Jean Ferrari, director general de fútbol de la FPF, habló tras la dura caída que sufrió la ‘Bicolor’ ante Estados Unidos.",False,3,"Jean Ferrari, Selección Peruana, Perú",2,1,Selección Peruana,Selección Peruana | Perú,402,2577,https://cdn.futbolperuano.com/sdi/2026/09/27/jean-ferrari-y-su-contundente-mensaje-tras-la-dura-goleada-que-sufrio-la-seleccion-peruana-1359029.jpg,1200,Jean Ferrari. Foto: FPF,,https://www.futbolperuano.com/seleccion/noticias/jean-ferrari-y-su-contundente-mensaje-tras-la-dura-goleada-que-sufrio-la-seleccion-peruana-602616,Gabriel Iberico,seleccion
Bentín Tacna se llevó un punto de su visita al Alianza Universidad por la Liga 2,Alianza Universidad vs Bentín Tacna en vivo online por fecha 1 de Fase Final de Liga 2 2026,Alianza Universidad no supo aprovechar su condición de local e igualó con Bentín Tacna en la primera fecha de la Fase 2 de la Liga 2.,"Alianza Universidaddejó pasar la oportunidad de iniciar con victoria la Fase 2 de laLiga 2,ya que jugando como local en el estadio Heraclio Tapia, solo pudo igualar 2 a 2 ante elBentín Tacna Heroica.",12,2,Alianza Universidad no supo aprovechar su condición de local e igualó con Bentín Tacna en la primera fecha de la Fase 2 de la Liga 2. | Previa del Alianza Universidad vs Bentín Tacna por la Liga 2,False,3,"Alianza Universidad, Bentín Tacna Heroica, Liga 2",4,1,Liga 2,"Liga 2 | , | Liga 2 2026 | la primera etapa",556,3187,https://cdn.futbolperuano.com/sdi/2026/09/27/alianza-universidad-vs-bentin-tacna-en-vivo-online-por-fecha-1-de-fase-final-de-liga-2-2026-1359028.jpg,1200,Bentín Tacna igualó de visita ante Alianza Universidad en Huánuco por la Liga 2. Foto: Facebook Liga 2,,https://www.futbolperuano.com/liga-2/noticias/alianza-universidad-vs-bentin-tacna-en-vivo-online-por-fecha-1-de-fase-final-de-liga-2-2026-602495,Jorge Cruzalegui,liga-2
¡Paso perfecto! Domingo Dianderas se impuso a Bad Boys en un duelo que estuvo marcado por la polémica desde antes de su inicio,Domingo Dianderas vs. Bad Boys en vivo online por la fecha 3 de la Etapa Nacional de la Copa Perú 2026,Domingo Dianderas superó a Bad Boys en un partido marcado por la polémica y mantiene puntaje perfecto en la Etapa Nacional de la Copa Perú 2026.,"En un partido que estuvo envuelto en la polémica desde antes de su inicio,Domingo Dianderaslogró quedarse con el triunfo anteBad Boysy mantiene puntaje perfecto en lo que respecta a la Etapa Nacional de laCopa Perú 2026y se postula como uno de los favoritos para seguir avanzando en la competición.",9,2,Domingo Dianderas superó a Bad Boys en un partido marcado por la polémica y mantiene puntaje perfecto en la Etapa Nacional de la Copa Perú 2026. | Programación de la Fecha 3 de la Etapa Nacional de la Copa Perú,True,3,"Domingo Dianderas, Bad Boys, Copa Perú",2,1,Copa Perú 2026,Copa Perú 2026 | Domingo Dianderas,548,3118,https://cdn.futbolperuano.com/sdi/2026/09/28/domingo-dianderas-vs-bad-boys-en-vivo-online-por-la-fecha-3-de-la-etapa-nacional-de-la-copa-peru-2026-1359047.jpg,1200,Domingo Dianderas continúa firme en la Etapa Nacional de la Copa Perú. Foto: Facebook Domingo Dianderas,,https://www.futbolperuano.com/copa-peru/noticias/domingo-dianderas-vs-bad-boys-en-vivo-online-por-la-fecha-3-de-la-etapa-nacional-de-la-copa-peru-2026-602505,Gabriel Rey,copa-peru
Unión Minas Pamputa derrotó a Miguel Grau y conservó su invicto en la Etapa Nacional de la Copa Perú 2026,Unión Minas Pamputa vs Miguel Grau en vivo online por fecha 3 de Etapa Nacional de Copa Perú 2026,Unión Minas Pamputa se enfrentó a Miguel Grau en el Estadio Nueva Fuerabamba por la Etapa Nacional de la Copa Perú 2026.,"¡Nadie lo baja!Unión Minas Pamputalogró imponerse por 2-1 al tradicionalMiguel Grauen el Estadio Nueva Fuerabamba y mantuvo su invicto en la tercera fecha de la Etapa Nacional de laCopa Perú 2026. La escuadra de Abancay, mientras tanto, sigue sin sumar triunfo alguno en el certamen.",10,2,Unión Minas Pamputa se enfrentó a Miguel Grau en el Estadio Nueva Fuerabamba por la Etapa Nacional de la Copa Perú 2026. | PREVIA,False,3,"Unión Minas Pamputa, Miguel Grau de Abancay, Copa Perú",3,1,Copa Perú 2026,Copa Perú 2026 | Copa Perú 2026 | Liga 2,496,2851,https://cdn.futbolperuano.com/sdi/2026/09/27/union-minas-pamputa-vs-miguel-grau-en-vivo-online-por-fecha-3-de-etapa-nacional-de-copa-peru-2026-1359024.jpg,1200,Unión Minas Pamputa se impuso a Miguel Grau. Foto: Facebook C.D. Unión Minas de Pamputa - Apurímac,,https://www.futbolperuano.com/copa-peru/noticias/union-minas-pamputa-vs-miguel-grau-en-vivo-online-por-fecha-3-de-etapa-nacional-de-copa-peru-2026-602458,Jorge Cruzalegui,copa-peru
Alianza Atlético acaricia la final de la Copa de La Liga con goleada sobre Sport Boys en el Callao,Sport Boys vs Alianza Atlético en vivo online por la semifinal de ida de la Copa de la Liga 2026,Alianza Atlético asestó un duro golpe a Sport Boys en la semifinal de ida de la Copa de la Liga. Los churres buscarán la final jugando en casa.,"Sport Boysha visto reducidas sus aspiraciones de alcanzar la final de laCopa de la Ligaluego de ser goleado 5 a 2 porAlianza Atléticoen la semifinal de ida, que se disputó en el estadio Miguel Grau del Callao.",17,2,Alianza Atlético asestó un duro golpe a Sport Boys en la semifinal de ida de la Copa de la Liga. Los churres buscarán la final jugando en casa. | Previa de Sport Boys vs Alianza Atlético por la Copa de la Liga,False,3,"Sport Boys, Alianza Atlético, Liga 1 del Fútbol Peruano",3,1,Copa de la Liga,Copa de la Liga | Sport Boys | Copa de la Liga,666,4030,https://cdn.futbolperuano.com/sdi/2026/09/27/sport-boys-vs-alianza-atletico-en-vivo-online-por-la-semifinal-de-ida-de-la-copa-de-la-liga-2026-1359026.jpg,1200,Alianza Atlético ganó en la Copa de la Liga 1. Foto: Interlatin,,https://www.futbolperuano.com/copa-de-la-liga/noticias/sport-boys-vs-alianza-atletico-en-vivo-online-por-la-semifinal-de-ida-de-la-copa-de-la-liga-2026-602489,Joaquín Vásquez,copa-de-la-liga
¡No hay descanso! La Copa Perú 2026 vuelve este miércoles con la cuarta fecha y los 25 partidos de revancha,Copa Perú 2026: ¿cuándo se juega la fecha 4 de la Etapa Nacional y qué partidos se disputarán?,"La Copa Perú 2026 no tendrá descanso: este miércoles comenzará la fecha 4, que marcará el inicio de los partidos de revancha.","Este domingo 27 de septiembre se dio por culminada la tercera fecha de laEtapa Nacionalde laCopa Perú 2026, pero el ‘Fútbol Macho’ no conoce de descanso, por lo que ya todo ha quedado listo para lo que será lacuarta fecha, la cual dará inicio a los duelos de vuelta y que estará pactada para disputarse este miércoles 30 de septiembre.",4,2,"La Copa Perú 2026 no tendrá descanso: este miércoles comenzará la fecha 4, que marcará el inicio de los partidos de revancha. | Partidos de la Fecha 4 de la Etapa Nacional de la Copa Perú 2026",True,3,"Copa Perú, Bella Esperanza, Perú",2,1,Copa Perú 2026,Copa Perú 2026 | Tabla de Posiciones,210,1191,https://cdn.futbolperuano.com/sdi/2026/09/28/copa-peru-2026-cuando-se-juega-la-fecha-4-de-la-etapa-nacional-y-que-partidos-se-disputaran-1359046.jpg,1200,La Copa Perú vuelve este miércoles con una jornada clave. Foto: Facebook Club Deportivo Sociedad Tiro 28,,https://www.futbolperuano.com/copa-peru/noticias/copa-peru-2026-cuando-se-juega-la-fecha-4-de-la-etapa-nacional-y-que-partidos-se-disputaran-602627,Gabriel Rey,copa-peru
"Sport River lo ganaba por 3-1, pero El Inca de Chao lo remontó sobre la hora en la Etapa Nacional de la Copa Perú 2026",Sport River vs. El Inca de Chao: EN VIVO por la Etapa Nacional de la Copa Perú 2026,Deportivo El Inca de Chao consiguió un agónico triunfo por 4-3 ante Sport River en la jornada 3 de la Etapa Nacional de la Copa Perú 2026.,"El Inca de ChaoySport Riverprotagonizaron uno de los duelos más emocionantes de la jornada 3 de la Etapa Nacional de laCopa Perú 2026en el Estadio César Acuña Peralta. El cuadro representante de la provincia de Virú lo perdía por 3-1 en la primera parte, pero consiguió una sorprendente remontada por 3-4 para llevarse los tres puntos.",11,2,Deportivo El Inca de Chao consiguió un agónico triunfo por 4-3 ante Sport River en la jornada 3 de la Etapa Nacional de la Copa Perú 2026. | Fecha 3 | Etapa Nacional | Copa Perú,True,3,"Sport River, El Inca de Chao, Copa Perú",3,1,Copa Perú 2026,Copa Perú 2026 | Etapa Nacional | Copa Perú 2026,433,2450,https://cdn.futbolperuano.com/sdi/2026/09/27/sport-river-vs-el-inca-de-chao-en-vivo-por-la-etapa-nacional-de-la-copa-peru-2026-1359015.jpg,1200,,,https://www.futbolperuano.com/copa-peru/noticias/sport-river-vs-el-inca-de-chao-en-vivo-por-la-etapa-nacional-de-la-copa-peru-2026-602362,Gabriel Iberico,copa-peru
Alianza Lima mueve sus piezas en el arco mientras Alejandro Duarte recibe cuestionamientos por sus últimas actuaciones en el Clausura,Alianza Lima: Alejandro Duarte y la competencia que crece en el arco durante la mini pretemporada de Pablo Guede,"Pablo Guede cuenta con nuevas alternativas para el arco de Alianza Lima, mientras Fabrisio Mesías gana respaldo entre los hinchas ‘Blanquiazules’.","El rendimiento deAlejandro Duartecon camiseta deAlianza Limalas últimas semanas viene siendo duramente cuestionado, pues algunos errores puntuales delarqueronacional le han costado puntos al cuadro ‘íntimo’. Sin embargo, en las últimas horas se han presentado algunas opciones en el arco ‘Grone’ que podría poner en aprietos al popular ‘Alejo’.",5,1,"Pablo Guede cuenta con nuevas alternativas para el arco de Alianza Lima, mientras Fabrisio Mesías gana respaldo entre los hinchas ‘Blanquiazules’.",True,3,"Alianza Lima, Liga 1 del Fútbol Peruano, Alejandro Duarte",2,1,Alianza Lima,Alianza Lima | Liga 1 2026,271,1684,https://cdn.futbolperuano.com/sdi/2026/09/27/alianza-lima-alejandro-duarte-y-la-competencia-que-crece-en-el-arco-durante-la-mini-pretemporada-de-pablo-guede-1359021.jpg,1200,El arco ‘Blanquiazul’ presenta nuevas alternativas durante el receso y la competencia aumenta. Foto: Facebook Alianza Lima,,https://www.futbolperuano.com/liga-1/noticias/alianza-lima-alejandro-duarte-y-la-competencia-que-crece-en-el-arco-durante-la-mini-pretemporada-de-pablo-guede-602611,Gabriel Rey,liga-1
Cachorro no tuvo piedad y goleó a su clásico rival para seguir escalando en la Etapa Nacional de la Copa Perú 2026,Cachorro vs. Cruz de Chalpón: EN VIVO por la Etapa Nacional de la Copa Perú,Deportivo Cachorro se queda con el clásico tras golear por 3-0 a Cruz de Chalpón en la jornada 3 de la Etapa Nacional de la Copa Perú 2026.,"Deportivo Cachorroconsiguió una abultada victoria por 3-0 ante su clásico rivalCruz de Chalpónen el Estadio Francisco Mendoza por la jornada 3 de la Etapa Nacional de laCopa Perú 2026. Con este resultado, el cuadro de Motupe consigue escalar momentáneamente hasta la tercera casilla con 7 puntos.",6,2,Deportivo Cachorro se queda con el clásico tras golear por 3-0 a Cruz de Chalpón en la jornada 3 de la Etapa Nacional de la Copa Perú 2026. | Fecha 3 | Etapa Nacional | Copa Perú,True,3,"Cachorro de Motupe, Cruz de Chalpón, Copa Perú",3,1,Copa Perú 2026,Copa Perú 2026 | Etapa Nacional | Copa Perú 2026,279,1613,https://cdn.futbolperuano.com/sdi/2026/09/27/cachorro-vs-cruz-de-chalpon-en-vivo-por-la-etapa-nacional-de-la-copa-peru-1359035.jpg,1200,Cachorro golea por 3-0 a Cruz de Chalpón. Foto: CCD Cachorro Oficial,,https://www.futbolperuano.com/copa-peru/noticias/cachorro-vs-cruz-de-chalpon-en-vivo-por-la-etapa-nacional-de-la-copa-peru-602409,Gabriel Iberico,copa-peru
Liga Femenina: Resultados y tabla de posiciones de la Fecha 11 del Torneo Clausura 2026,Resultados y tabla de posiciones de Fecha 11 del Torneo Clausura de Liga Femenina 2026,Los clasificados a la siguiente ronda se confirmarán en esta fecha 11 del Torneo Clausura de la Liga Femenina 2026.,"¡Llega a su fin! Con gran expectativa, se espera por la última jornada(fecha 11)del Torneo Clausura de laLiga Femenina 2026, la misma que terminará por confirmar a los equipos que avanzarán de ronda en busca del título nacional al final de la temporada.",6,2,Los clasificados a la siguiente ronda se confirmarán en esta fecha 11 del Torneo Clausura de la Liga Femenina 2026. | Resultados de la fecha 11 del Torneo Clausura de la Liga Femenina 2026,True,3,"Liga Femenina, Torneo Clausura, Fútbol Femenino",2,1,Liga Femenina 2026,Liga Femenina 2026 | Torneo Clausura,279,1641,https://cdn.futbolperuano.com/sdi/2026/09/25/resultados-y-tabla-de-posiciones-de-fecha-11-del-torneo-clausura-de-liga-femenina-2026-1358653.jpg,1200,Alianza Lima lidera el Torneo Clausura Femenino 20026. Foto: Facebook Liga Femenina Apuesta Total,,https://www.futbolperuano.com/futbol-femenino/liga-femenina/resultados-y-tabla-de-posiciones-de-fecha-11-del-torneo-clausura-de-liga-femenina-2026-602208,Jorge Cruzalegui,futbol-femenino
Selección Peruana: ¿Cuándo y contra quién jugará la 'Bicolor' en su segundo amistoso de septiembre?,Selección Peruana: ¿Cuándo y contra quién jugará en segundo amistoso de septiembre?,La Selección Peruana se alista para su segundo amistoso internacional del mes de septiembre que disputará en New Jersey.,"¡A levantarse! LaSelección Peruanatuvo un complicado comienzo en su gira por los Estados Unidos luego de caer goleado, precisamente, ante el país local. Sin embargo, el plantel de la 'Bicolor' no tendrá tiempo para lamentos, pues deberá alistarse para lo que serásu segundo amistoso internacional.",8,2,La Selección Peruana se alista para su segundo amistoso internacional del mes de septiembre que disputará en New Jersey. | Listos para su segunda prueba,False,3,"Selección Peruana, Amistoso, Selección de México",2,1,Selección Peruana,Selección Peruana | Liga 1 de Perú,379,2238,https://cdn.futbolperuano.com/sdi/2026/09/27/seleccion-peruana-cuando-y-contra-quien-jugara-en-segundo-amistoso-de-septiembre-1358984.jpg,1200,Perú se alista para segundo amistoso de septiembre 2026. Foto: FPF,,https://www.futbolperuano.com/seleccion/noticias/seleccion-peruana-cuando-y-contra-quien-jugara-en-segundo-amistoso-de-septiembre-602574,Jorge Cruzalegui,seleccion
Histórico: Maryory Sánchez se convierte en la primera peruana en ganar la Liga de Colombia,Histórico: Maryory Sánchez se convierte en la primera peruana en ganar la Liga de Colombia,Maryory Sánchez fue una de las figuras de Deportivo Cali para consagrarse como campeonas del fútbol femenino en Colombia.,"Perúacaba de conseguir una nueva alegría en el exterior.Deportivo Calise consagró campeón de la Liga Femenina de Colombia tras superar a Independiente Santa Fe por un marcador global de 7-4, y en el plantel campeón estuvoMaryory Sánchez, quien fue titular en el partido decisivo disputado en el estadio Palmaseca.",10,1,Maryory Sánchez fue una de las figuras de Deportivo Cali para consagrarse como campeonas del fútbol femenino en Colombia.,False,3,"Maryory Sánchez, Deportivo Cali, Peruanos en el Exterior",2,1,Maryory Sánchez,Maryory Sánchez | Maryory Sánchez,402,2501,https://cdn.futbolperuano.com/sdi/2026/09/27/historico-maryory-sanchez-se-convierte-en-la-primera-peruana-en-ganar-la-liga-de-colombia-1359003.jpg,1200,Maryory Sánchez es campeona con Deportivo CAli. Foto: Deportivo Cali Femenino,,https://www.futbolperuano.com/peruanos-en-el-exterior/noticias/historico-maryory-sanchez-se-convierte-en-la-primera-peruana-en-ganar-la-liga-de-colombia-602592,Gabriel Iberico,peruanos-en-el-exterior
Fuerte de local: Deportivo Ucrania se tumba a Ecosem y mantiene su buena racha en la Liga 3,Deportivo Ucrania vs. Ecosem Pasco: EN VIVO por la Liga 3,"En Nueva Cajamarca, Deportivo Ucrania venció por 1-0 a Ecosem de Pasco en el marco de la decimoséptima jornada de la Liga 3 2026.",Deportivo Ucraniaconsiguió una importante victoria tras superar por 1-0 aEcosem de Pascoen el Estadio IPD de Nueva Cajamarca por la jornada 17 de la Fase Regional de laLiga 3 2026. El ‘Vendaval Verde’ sigue sin conocer de derrota en casa en lo que va de la temporada y sigue sumando en su camino por conseguir la clasificación.,9,1,"En Nueva Cajamarca, Deportivo Ucrania venció por 1-0 a Ecosem de Pasco en el marco de la decimoséptima jornada de la Liga 3 2026.",False,3,"Deportivo Ucrania, Ecosem Pasco, Liga 3",3,1,Liga 3 2026,Liga 3 2026 | Fase Regional | Liga 3 2026,424,2479,https://cdn.futbolperuano.com/sdi/2026/09/27/deportivo-ucrania-vs-ecosem-pasco-en-vivo-por-la-liga-3-1359027.jpg,1200,Deportivo Ucrania 1-0 Ecosem. Foto: Captura,,https://www.futbolperuano.com/liga-3/noticias/deportivo-ucrania-vs-ecosem-pasco-en-vivo-por-la-liga-3-602379,Gabriel Iberico,liga-3
Piero Magallanes habló tras su debut con la Selección Peruana: “El DT me dijo que estaba bien”,Piero Magallanes habló tras su debut con la Selección Peruana,Piero Magallanes fue una de las sorpresas en el once titular de Mano Menezes en la derrota por 4-1 ante Estados Unidos.,"LaSelección Peruanafirmó una actuación decepcionante en su primer amistoso en la fecha FIFA, sin embargo, el encuentro ante Estados Unidos dejó también una experiencia especial para uno de los jóvenes convocados por Mano Menezes.Piero Magallanestuvo la oportunidad de estrenarse con la ‘Bicolor’ y fue titular en el duelo disputado en Orlando.",9,1,Piero Magallanes fue una de las sorpresas en el once titular de Mano Menezes en la derrota por 4-1 ante Estados Unidos.,False,3,"Selección Peruana, Perú, Piero Magallanes",2,1,Selección Peruana,Selección Peruana | Perú,364,2387,https://cdn.futbolperuano.com/sdi/2026/09/27/piero-magallanes-hablo-tras-su-debut-con-la-seleccion-peruana-1358993.jpg,1200,Piero Magallanes. Foto: FPF,,https://www.futbolperuano.com/seleccion/noticias/piero-magallanes-hablo-tras-su-debut-con-la-seleccion-peruana-602582,Gabriel Iberico,seleccion
Liga Femenina 2026: UNSAAC y Defensores del Ilucán pierden la categoría,Liga Femenina 2026: UNSAAC y Defensores del Ilucán pierden la categoría,UNSAAC y Defensores del Ilucán son los dos clubes que descendieron en la Liga Femenina 2026 tras el cierre del Torneo Clausura.,"LaFase RegulardelTorneo Clausurade laLiga Femenina 2026llegó a su final y dejó definida la lucha por el título, pero también a los equipos que deberán despedirse de la máxima categoría. Mientras algunos clubes todavía mantienen la ilusión de conquistar el segundo torneo corto del año, otros cerraron una campaña que terminó con el descenso.",10,1,UNSAAC y Defensores del Ilucán son los dos clubes que descendieron en la Liga Femenina 2026 tras el cierre del Torneo Clausura.,False,4,"Liga Femenina, UNSAAC, Defensores del Ilucán, Fútbol Femenino",2,1,Torneo Clausura,Torneo Clausura | Liga Femenina 2026,424,2827,https://cdn.futbolperuano.com/sdi/2026/09/27/liga-femenina-2026-unsaac-y-defensores-del-ilucan-pierden-la-categoria-1358960.jpg,1200,UNSAAC y Defensores del Ilucán pierden la categoría. Foto: Liga Femenina Apuesta Total,,https://www.futbolperuano.com/futbol-femenino/liga-femenina/liga-femenina-2026-unsaac-y-defensores-del-ilucan-pierden-la-categoria-602535,Gabriel Iberico,futbol-femenino
Mano Menezes apunta al polémico penal tras la goleada de Estados Unidos a Perú: “A partir de ahí nos desorganizamos”,Mano Menezes apunta al polémico penal tras la goleada de Estados Unidos a Perú,Mano Menezes reveló que el polémico penal fue el detonante para que la Selección Peruana cayera goleada por 4-1 ante Estados Unidos.,"LaSelección Peruanaterminó golpeada después de su presentación en Orlando. La ‘Bicolor’ cayó 4-1 ante Estados Unidos y, tras conseguir equilibrar el encuentro durante buena parte del primer tiempo, terminó perdiendo el control en el complemento, especialmente luego de una polémica decisión arbitral que derivó en el segundo tanto norteamericano.",13,1,Mano Menezes reveló que el polémico penal fue el detonante para que la Selección Peruana cayera goleada por 4-1 ante Estados Unidos.,False,3,"Mano Menezes, Selección Peruana, Estados Unidos",2,1,Selección Peruana,Selección Peruana | Mano Menezes,520,3438,https://cdn.futbolperuano.com/sdi/2026/09/27/mano-menezes-apunta-al-polemico-penal-tras-la-goleada-de-estados-unidos-a-peru-1358963.jpg,1200,Mano Menezes. Foto: FPF,,https://www.futbolperuano.com/seleccion/noticias/mano-menezes-apunta-al-polemico-penal-tras-la-goleada-de-estados-unidos-a-peru-602540,Gabriel Iberico,seleccion
Alianza Lima venció por 3-1 a Boca Juniors en la segunda fecha de la 'Noche Blanquiazul Vóley 2026',Alianza Lima vs Boca Juniors en vivo online por fecha 2 de Noche Blanquiazul Vóley 2026,Alianza Lima venció a Boca Juniors en el Polideportivo Luisa Fuentes por la fecha 2 de la 'Noche Blanquiazul Vóley 2026'.,"Alianza Limavolvió a celebrar en la ‘Noche Blanquiazul de Vóley’ 2026. Las dirigidas por Alejandro Schneider derrotaron 3-1 en sets a Boca Juniors en el Polideportivo de Villa El Salvador, por la segunda jornada del torneo, y consiguieron su segundo triunfo consecutivo en el certamen.",8,1,Alianza Lima venció a Boca Juniors en el Polideportivo Luisa Fuentes por la fecha 2 de la 'Noche Blanquiazul Vóley 2026'.,True,3,"Alianza Lima, Boca Juniors, Noche Blanquiazul Vóley",3,1,Alianza Lima,Alianza Lima | Liga Peruana de Vóley 2026-27 | tetracampeonato nacional,330,2053,https://cdn.futbolperuano.com/sdi/2026/09/26/alianza-lima-vs-boca-juniors-en-vivo-online-por-fecha-2-de-noche-blanquiazul-voley-2026-1358878.jpg,1200,,,https://www.futbolperuano.com/liga-voley/alianza-lima-vs-boca-juniors-en-vivo-online-por-fecha-2-de-noche-blanquiazul-voley-2026-602448,Jorge Cruzalegui,liga-voley
Equipo completo: Atlético Atenea presentó su plantel oficial para la Liga Peruana de Vóley 2026-27,Atlético Atenea presentó plantel oficial para Liga Peruana de Vóley 2026-27,Atlético Atenea enfrentó a la Selección Sub 19 en la presentación de su equipo previo al inicio de la Liga Peruana de Vóley 2026-27.,"¡Objetivo claro! Al igual que otros equipos nacionales, elClub Atlético Atenearealizó la presentación oficial de su renovado plantel con el que participará y buscará ser protagonista de la nueva temporada de laLiga Peruana de Vóley 2026-27.",7,2,Atlético Atenea enfrentó a la Selección Sub 19 en la presentación de su equipo previo al inicio de la Liga Peruana de Vóley 2026-27. | Plantel oficial de Atlético Atenea - Liga Peruana de Vóley 2026-27,True,3,"Atlético Atenea, Liga Peruana de Vóley, Vóley",2,1,Liga Peruana de Vóley 2026-27,Liga Peruana de Vóley 2026-27 | pasada temporada,320,1929,https://cdn.futbolperuano.com/sdi/2026/09/27/atletico-atenea-presento-plantel-oficial-para-liga-peruana-de-voley-2026-27-1359008.jpg,1200,Atlético Atenea en un partido de la Liga Peruana de Vóley. Foto: Facebook Club Atlético Atenea,,https://www.futbolperuano.com/liga-voley/atletico-atenea-presento-plantel-oficial-para-liga-peruana-de-voley-2026-27-602596,Jorge Cruzalegui,liga-voley
Emotivo gesto: Juan Pablo II prepara camiseta especial por la visita del papa León XIV al Perú,Juan Pablo II prepara camiseta especial por la visita del papa León XIV al Perú,Juan Pablo II se alista para un emotivo gesto por la visita del papa León XIV al Perú. Realizarán una camiseta conmemorativa en honor al Padre Santo.,"Juan Pablo IIquiere aprovechar una ocasión especial para reforzar la identidad que acompaña al club desde sus orígenes. La institución prepara una camiseta de edición limitada relacionada con la llegada delpapa León XIVal Perú, una propuesta que busca convertirse en un recuerdo de su visita y, al mismo tiempo, contar parte de la historia del equipo.",9,1,Juan Pablo II se alista para un emotivo gesto por la visita del papa León XIV al Perú. Realizarán una camiseta conmemorativa en honor al Padre Santo.,False,3,"Juan Pablo II, Papa León XIV, Liga 1 del Fútbol Peruano",2,1,Juan Pablo II,Juan Pablo II | papa León XIV,409,2574,https://cdn.futbolperuano.com/sdi/2026/09/27/juan-pablo-ii-prepara-camiseta-especial-por-la-visita-del-papa-leon-xiv-al-peru-1358965.jpg,1200,Juan Pablo II lucirá camiseta en honor al papa León XIV. Foto: Juan Pablo II College Chongoyape.jpg,,https://www.futbolperuano.com/liga-1/noticias/juan-pablo-ii-prepara-camiseta-especial-por-la-visita-del-papa-leon-xiv-al-peru-602550,Gabriel Iberico,liga-1
¡Remontada y clasificación! Carlos Mannucci volteó el partido ante Yanapuma y sigue en carrera por el título del Torneo Clausura,Carlos Mannucci remontó ante Yanapuma y clasificó al hexagonal final del Torneo Clausura de la Liga Femenina 2026,"Carlos Mannucci remontó ante Yanapuma y aseguró su clasificación al hexagonal final del Clausura, tras una gran reacción en la segunda mitad.","Carlos Mannuccilogró una valiosa victoria sobreYanapumaen laúltima jornadade laFase RegulardelTorneo Clausurade laLiga Femenina 2026, logrando así su boleto al hexagonal final de la competición, donde seguirá soñando con la posibilidad de consagrarse campeonas de la segunda mitad de la temporada y así formar los ‘Playoff’ ante Universitario de Deportes.",5,2,"Carlos Mannucci remontó ante Yanapuma y aseguró su clasificación al hexagonal final del Clausura, tras una gran reacción en la segunda mitad. | Resultados de la fecha 11 del Torneo Clausura de la Liga Femenina 2026",True,3,"Carlos Mannucci, Liga Femenina, Torneo Clausura",2,1,Liga Femenina 2026,Liga Femenina 2026 | Carlos Mannucci,287,1765,https://cdn.futbolperuano.com/sdi/2026/09/26/carlos-mannucci-remonto-ante-yanapuma-y-clasifico-al-hexagonal-final-del-torneo-clausura-de-la-liga-femenina-2026-1358947.jpg,1200,Carlos Mannucci volvió a mostrar carácter cuando más lo necesitaba. Foto: Facebook Carlos Mannucci,,https://www.futbolperuano.com/futbol-femenino/liga-femenina/carlos-mannucci-remonto-ante-yanapuma-y-clasifico-al-hexagonal-final-del-torneo-clausura-de-la-liga-femenina-2026-602522,Gabriel Rey,futbol-femenino
Universitario golea a UNSAAC y sella su pase a las semifinales del Torneo Clausura de la Liga Femenina,Universitario golea a UNSAAC y sella su pase a las semifinales del Torneo Clausura femenino,Universitario de Deportes goleó por 5-2 en su visita a UNSAAC y consigue un boleto hacia las semifinales del Torneo Clausura femenino.,"Universitario de Deportescerró su participación en elTorneo Clausurade laLiga Femenina 2026con una contundente victoria. Las ‘cremas’ derrotaron 5-2 aUNSAACen la última jornada y aseguraron el segundo lugar de la clasificación, resultado que les permitió avanzar directamente a las semifinales.",10,1,Universitario de Deportes goleó por 5-2 en su visita a UNSAAC y consigue un boleto hacia las semifinales del Torneo Clausura femenino.,False,3,"Universitario de Deportes, UNSAAC, Liga Femenina",2,1,Torneo Clausura,Torneo Clausura | Liga Femenina 2026,367,2393,https://cdn.futbolperuano.com/sdi/2026/09/26/universitario-golea-a-unsaac-y-sella-su-pase-a-las-semifinales-del-torneo-clausura-femenino-1358952.jpg,1200,Universitario golea a UNSAAC. Foto: @FutFemeninoU,,https://www.futbolperuano.com/futbol-femenino/liga-femenina/universitario-golea-a-unsaac-y-sella-su-pase-a-las-semifinales-del-torneo-clausura-femenino-602527,Gabriel Iberico,futbol-femenino
Se revela la razón por la que Jairo Concha todavía no renueva su vínculo con Universitario,Se revela la razón por la que Jairo Concha todavía no renueva su vínculo con Universitario,"Jairo Concha finaliza su vínculo con Universitario a finales del 2026 y hasta la fecha, no ha firmado su renovación, ¿Deja tienda crema?","Universitario de Deportesatraviesa semanas importantes pensando en la continuidad de algunos integrantes de su plantel. Mientras la dirigencia analiza el futuro deHéctor Cúperen el banquillo, también hay preocupación por la continuidad de una de sus principales figuras,Jairo Concha, quien todavía no ha firmado una renovación con el cuadro crema.",9,1,"Jairo Concha finaliza su vínculo con Universitario a finales del 2026 y hasta la fecha, no ha firmado su renovación, ¿Deja tienda crema?",False,3,"Jairo Concha, Universitario de Deportes, Liga 1 del Fútbol Peruano",2,1,Universitario de Deportes,Universitario de Deportes | Jairo Concha,362,2358,https://cdn.futbolperuano.com/sdi/2026/09/27/se-revela-la-razon-por-la-que-jairo-concha-todavia-no-renueva-su-vinculo-con-universitario-1358957.jpg,1200,Jairo Concha. Foto: Club Universitario de Deportes,,https://www.futbolperuano.com/liga-1/noticias/se-revela-la-razon-por-la-que-jairo-concha-todavia-no-renueva-su-vinculo-con-universitario-602532,Gabriel Iberico,liga-1
"Atención, Perú: México sí tiene su recambio y estas son sus joyas a tener en cuenta","Atención, Perú: México sí tiene su recambio y estas son sus joyas a tener en cuenta",Perú se alista para su segundo amistoso ante una México que apostado por una nueva camada de futbolistas pensando en el futuro.,"LaSelección Peruanaya dejó atrás su estreno ante Estados Unidos y ahora concentra toda su atención en el siguiente desafío de la gira por Norteamérica. La ‘Bicolor’ enfrentará aMéxicoeste martes 29 de septiembre en el Sports Illustrated Stadium de Nueva Jersey, donde tendrá al frente a un equipo que viene mostrando una renovación importante en su plantel.",11,1,Perú se alista para su segundo amistoso ante una México que apostado por una nueva camada de futbolistas pensando en el futuro.,False,3,"Perú, Selección Peruana, México",2,1,Selección Peruana,Selección Peruana | Perú,468,3034,https://cdn.futbolperuano.com/sdi/2026/09/27/atencion-peru-mexico-si-tiene-su-recambio-y-estas-son-sus-joyas-a-tener-en-cuenta-1359012.jpg,1200,Las joyas mexicanas que enfrentarán a Perú. Foto: FPF / @miseleccionmx,,https://www.futbolperuano.com/seleccion/noticias/atencion-peru-mexico-si-tiene-su-recambio-y-estas-son-sus-joyas-a-tener-en-cuenta-602600,Gabriel Iberico,seleccion
César Cueto habló con Bryan Reyna tras su reclamo por pocas oportunidades en Universitario de Deportes,Bryan Reyna recibió consejo de César Cueto tras expresar su molestia en Universitario de Deportes,César Cueto reveló la conversación que tuvo con Bryan Reyna tras sus reclamos por las pocas oportunidades en Universitario.,"Las declaraciones deBryan Reynasobre las pocas oportunidades que viene teniendo enUniversitariosiguen generando comentarios. Esta vez, quien se refirió al momento que atraviesa el atacante fue nada menos queCésar Cueto, dos veces mundialista con la Selección Peruana, quien reveló que tuvo una conversación con el futbolista y le dio algunos consejos.",9,1,César Cueto reveló la conversación que tuvo con Bryan Reyna tras sus reclamos por las pocas oportunidades en Universitario.,False,3,"Universitario de Deportes, César Cueto, Bryan Reyna",2,1,Bryan Reyna,Bryan Reyna | Universitario,417,2465,https://cdn.futbolperuano.com/sdi/2026/09/26/bryan-reyna-recibio-consejo-de-cesar-cueto-tras-expresar-su-molestia-en-universitario-de-deportes-1358936.jpg,1200,César Cueto reveló que conversó con Bryan Reyna. Foto: Twitter Universitario de Deportes,,https://www.futbolperuano.com/liga-1/noticias/bryan-reyna-recibio-consejo-de-cesar-cueto-tras-expresar-su-molestia-en-universitario-de-deportes-602513,Joaquín Vásquez,liga-1
Estados Unidos golea a Perú y sigue el saldo negativo en la era de Mano Menezes,Estados Unidos vs. Perú: EN VIVO por amistoso internacional,Estados Unidos goleó por 4-1 a Perú en Orlando y ya es la tercera derrota de la ‘Bicolor’ en la era de Mano Menezes.,"LaSelección Peruanasufrió una dura derrota en su visita aEstados Unidos. La ‘Bicolor’ perdió 4-1 ante el conjunto norteamericano en el Inter&Co Stadium de Orlando, en primer amistoso de la fecha FIFA, y volvió a dejar dudas luego de un encuentro que logró equilibrar durante buena parte del primer tiempo.",18,1,Estados Unidos goleó por 4-1 a Perú en Orlando y ya es la tercera derrota de la ‘Bicolor’ en la era de Mano Menezes.,False,3,"Selección Peruana, Perú, Estados Unidos",3,1,Selección Peruana,Selección Peruana | Selección Peruana | Perú,780,4970,https://cdn.futbolperuano.com/sdi/2026/09/26/estados-unidos-vs-peru-en-vivo-por-amistoso-internacional-1358944.jpg,1200,Perú no pudo ante Estados Unidos. Foto: FPF,,https://www.futbolperuano.com/seleccion/noticias/estados-unidos-vs-peru-en-vivo-por-amistoso-internacional-602002,Gabriel Iberico,seleccion
Liga Femenina 2026: los seis equipos que clasificaron al Hexagonal Final y las llaves que afrontarán por el título del Clausura,Liga Femenina 2026: conoce a los seis clasificados al Hexagonal Final y cómo quedaron las llaves del Torneo Clausura,El Clausura de la Liga Femenina ya tiene a sus seis clasificados al Hexagonal Final. Conoce los cruces y el camino hacia el título.,ElTorneo Clausurade laLiga Femenina 2026ya conoce a sus seis equipos clasificados alHexagonal Finalen donde estas escuadras lucharán por el segundo trofeo de la temporada. En esta nota te contaremos cuáles son los6 equipos clasificadosy las llaves en las que se medirán en esta recta final del campeonato.,5,2,El Clausura de la Liga Femenina ya tiene a sus seis clasificados al Hexagonal Final. Conoce los cruces y el camino hacia el título. | Resultados de la fecha 11 del Torneo Clausura de la Liga Femenina 2026,True,3,"Liga Femenina, Torneo Clausura, Fútbol Femenino",2,1,Liga Femenina 2026,Liga Femenina 2026 | Torneo Clausura,289,1793,https://cdn.futbolperuano.com/sdi/2026/09/27/liga-femenina-2026-conoce-a-los-seis-clasificados-al-hexagonal-final-y-como-quedaron-las-llaves-del-torneo-clausura-1358956.jpg,1200,El Hexagonal Final ya está listo y promete grandes cruces en la definición del Clausura. Foto: Facebook Liga Femenina,,https://www.futbolperuano.com/futbol-femenino/liga-femenina/liga-femenina-2026-conoce-a-los-seis-clasificados-al-hexagonal-final-y-como-quedaron-las-llaves-del-torneo-clausura-602531,Gabriel Rey,futbol-femenino
Viargoca FC consiguió una importante victoria ante Virgen de las Nieves por la Etapa Nacional de la Copa Perú,Viargoca FC vs. Virgen de las Nieves en vivo online por la Etapa Nacional Copa Perú 2026,Viargoca FC derrotó a Virgen de las Nieves por la fecha 3 de la Copa Perú y consiguió tres puntos importantes en la Etapa Nacional.,"Viargoca FCderrotó 2-0 aVirgen de las Nievespor la fecha 3 de laEtapa Nacional de la Copa Perú 2026. La primera polémica del partido llegó apenas a los 8 minutos, cuando Viargoca FC tuvo la oportunidad de ponerse en ventaja desde el punto de penal. Jeampier Valdivia fue el encargado de ejecutar la pena máxima, pero su remate fue atajado por el arquero Escalante, quien evitó el primer tanto del conjunto local.",13,2,Viargoca FC derrotó a Virgen de las Nieves por la fecha 3 de la Copa Perú y consiguió tres puntos importantes en la Etapa Nacional. | Fecha 3 | Etapa Nacional | Copa Perú,True,3,"Copa Perú, Viargoca FC, Virgen de las Nieves",3,1,Etapa Nacional de la Copa Perú 2026,Etapa Nacional de la Copa Perú 2026 | Etapa Nacional de la Copa Perú 2026 | Viargoca FC,491,2969,https://cdn.futbolperuano.com/sdi/2026/09/26/viargoca-fc-vs-virgen-de-las-nieves-en-vivo-online-por-la-etapa-nacional-copa-peru-2026-1358938.jpg,1200,Viargoca FC derrotó a Virgen de las Nieves. Foto: Facebook Viargoca FC,,https://www.futbolperuano.com/copa-peru/noticias/viargoca-fc-vs-virgen-de-las-nieves-en-vivo-online-por-la-etapa-nacional-copa-peru-2026-602302,Joaquín Vásquez,copa-peru
Gianluca Lapadula aparece con un cabezazo y Perú iguala ante Estados Unidos en Orlando,Gianluca Lapadula aparece con un cabezazo y Perú iguala ante Estados Unidos en Orlando,Gianluca Lapadula fue el encargado de poner el empate por 1-1 entre la Selección Peruana y Estados Unidos en Orlando.,LaSelección Peruanareaccionó rápidamente anteEstados Unidosen el Inter&Co Stadium y encontró el empate en un momento importante del partido gracias aGianluca Lapadula. El conjunto dirigido porMano Menezesmejoró después de un inicio complicado y logró recuperar la posesión para instalarse cerca del área norteamericana.,5,2,Gianluca Lapadula fue el encargado de poner el empate por 1-1 entre la Selección Peruana y Estados Unidos en Orlando. | Alineaciones de la Selección Peruana y Estados Unidos,True,3,"Gianluca Lapadula, Selección Peruana, Estados Unidos",2,1,Selección Peruana,Selección Peruana | Gianluca Lapadula,179,1214,https://cdn.futbolperuano.com/sdi/2026/09/26/gianluca-lapadula-aparece-con-un-cabezazo-y-peru-iguala-ante-estados-unidos-en-orlando-1358933.jpg,1200,Gianluca Lapadula marcó el primero de Perú. Foto: EFE,,https://www.futbolperuano.com/seleccion/noticias/gianluca-lapadula-aparece-con-un-cabezazo-y-peru-iguala-ante-estados-unidos-en-orlando-602511,Gabriel Iberico,seleccion
¿Vuelve a abrir la puerta? Diego Kochen revela su cariño y conexión con el Perú pese a jugar por Estados Unidos,Diego Kochen revela su cariño y conexión con el Perú pese a jugar por Estados Unidos,"Diego Kochen, portero de Estados Unidos, habló sobre su conexión con el Perú y la ilusión de enfrentar al país de su madre.",El amistoso entre laSelección PeruanayEstados Unidostendrá un ingrediente especial por la presencia deDiego Kochen. El arquero de 20 años podría hacer su debut con la selección absoluta estadounidense y hacerlo justamente frente al país con el que mantiene un vínculo familiar muy cercano.,12,1,"Diego Kochen, portero de Estados Unidos, habló sobre su conexión con el Perú y la ilusión de enfrentar al país de su madre.",False,4,"Diego Kochen, Selección Peruana, Perú, Estados Unidos",2,1,Selección Peruana,Selección Peruana | Diego Kochen,425,2782,https://cdn.futbolperuano.com/sdi/2026/09/26/diego-kochen-revela-su-carino-y-conexion-con-el-peru-pese-a-jugar-por-estados-unidos-1358931.jpg,1200,Diego Kochen. Foto: FPF / Captura,,https://www.futbolperuano.com/seleccion/noticias/diego-kochen-revela-su-carino-y-conexion-con-el-peru-pese-a-jugar-por-estados-unidos-602509,Gabriel Iberico,seleccion
La Selección Peruana presentará novedades ante Estados Unidos: Wilder Cartagena y Gianluca Lapadula volverían al once titular,Selección Peruana vs. Estados Unidos: este sería el once de Mano Menezes para el amistoso,"La Selección Peruana tendría varias novedades ante Estados Unidos, incluyendo los regresos de Wilder Cartagena y Gianluca Lapadula.","LaSelección Peruanade Mano Menezes poco a poco va tomando forma en lo que respecta a laalineación principal. El estratega brasileño ya tiene los conceptos bastante claros con respecto a algunos jugadores de experiencia, pero ante estados Unidos buscará alinear otras piezas que le permitan seguir sacando conclusiones con respecto al once inicialista.",4,2,"La Selección Peruana tendría varias novedades ante Estados Unidos, incluyendo los regresos de Wilder Cartagena y Gianluca Lapadula. | Alineaciones de la Selección Peruana y Estados Unidos",True,3,"Selección Peruana, Mano Menezes, Estados Unidos",2,1,Selección Peruana,Selección Peruana | Mano Menezes,243,1555,https://cdn.futbolperuano.com/sdi/2026/09/26/seleccion-peruana-vs-estados-unidos-este-seria-el-once-de-mano-menezes-para-el-amistoso-1358899.jpg,1200,Perú enfrentará a Estados Unidos y Mano Menezes tendría varias novedades en su equipo. Foto: Facebook Selección Peruana,,https://www.futbolperuano.com/seleccion/noticias/seleccion-peruana-vs-estados-unidos-este-seria-el-once-de-mano-menezes-para-el-amistoso-602471,Gabriel Rey,seleccion
¿Descartado? Diego Kochen debutó con Estados Unidos en duelo frente a la Selección Peruana,Diego Kochen debutó con Estados Unidos ante la Selección Peruana en amistoso FIFA,Diego Kochen tuvo sus primeros minutos con la selección absoluta de Estados Unidos en el amistoso ante Perú.,"Diego Kochendebutó oficialmente con la selección de Estados Unidos. El arquero ingresó en el inicio del segundo tiempo del amistoso frente a laSelección Peruana, disputado en el Inter&Co Stadium de Orlando, luego de que Mauricio Pochettino decidiera reemplazar a Matt Freese.",13,3,Diego Kochen tuvo sus primeros minutos con la selección absoluta de Estados Unidos en el amistoso ante Perú. | Kochen debutó ante la Selección Peruana | Diego Kochen y su vínculo especial con Perú,False,3,"Diego Kochen, Selección de Estados Unidos, Selección Peruana",2,1,Diego Kochen,Diego Kochen | Selección Peruana,463,2907,https://cdn.futbolperuano.com/sdi/2026/09/26/diego-kochen-debuto-con-estados-unidos-ante-la-seleccion-peruana-en-amistoso-fifa-1358949.jpg,1200,Diego Kochen sumó sus primeros minutos con Estados Unidos ante Perú. Foto: Twitter Difusión,,https://www.futbolperuano.com/seleccion/noticias/diego-kochen-debuto-con-estados-unidos-ante-la-seleccion-peruana-en-amistoso-fifa-602523,Joaquín Vásquez,seleccion
Bastante parejo: La Selección Peruana y su historial de enfrentamientos ante el combinado de México,Selección Peruana: historial de enfrentamientos ante México,La Selección Peruana y México volverán a verse las caras en un nuevo amistoso internacional por la fecha FIFA de septiembre.,"¡Rivalidad pareja! Aunque el presente de laSelección Peruanaes distinto al deMéxicoactualmente, lo cierto es que, en los duelos entre ambos, la rivalidad marcha bastante más pareja de lo que cualquier hincha podría imaginar.",8,2,La Selección Peruana y México volverán a verse las caras en un nuevo amistoso internacional por la fecha FIFA de septiembre. | ¿Cómo marcha el historial entre Perú y México?,True,3,"Selección Peruana, Selección de México, Amistoso",2,1,Selección Peruana,Selección Peruana | Estados Unidos,349,2078,https://cdn.futbolperuano.com/sdi/2026/09/27/seleccion-peruana-historial-de-enfrentamientos-ante-mexico-1359001.jpg,1200,"Plantel de Perú (septiembre, 2026). Foto: FPF",,https://www.futbolperuano.com/seleccion/noticias/seleccion-peruana-historial-de-enfrentamientos-ante-mexico-602589,Jorge Cruzalegui,seleccion
Marco Saravia disputó todo el partido en la victoria de Atlético Progreso sobre Racing de Montevideo por la octava fecha del Clausura uruguayo,"Marco Saravia volvió a ser titular en Atlético Progreso, que ganó y escaló en el Clausura uruguayo","Marco Saravia disputó los 90 minutos en el triunfo de Atlético Progreso sobre Racing, sumando su segundo triunfo consecutivo en el Clausura.","A pesar de que muchas ligas han entrado en receso por la Fecha FIFA, el fútbol uruguayo no conoce de descanso, motivo por el cuálAtlético ProgresodeMarco Saraviarecibió a Racing Montevideo por la fecha 8 del Torneo Clausura de laPrimera División del fútbol uruguayo, donde el equipo del defensor nacional logró imponerse por2-0.",4,2,"Marco Saravia disputó los 90 minutos en el triunfo de Atlético Progreso sobre Racing, sumando su segundo triunfo consecutivo en el Clausura. | Peruanos en el exterior (2026)",True,3,"Marco Saravia, Peruanos en el Exterior, Perú",2,1,Marco Saravia,Marco Saravia | Tabla de Posiciones,193,1181,https://cdn.futbolperuano.com/sdi/2026/09/26/marco-saravia-volvio-a-ser-titular-en-atletico-progreso-que-gano-y-escalo-en-el-clausura-uruguayo-1358918.jpg,1200,Marco Saravia sigue consolidándose en el fútbol uruguayo tras completar otro partido. Foto: Facebook Atlético Progreso,,https://www.futbolperuano.com/peruanos-en-el-exterior/noticias/marco-saravia-volvio-a-ser-titular-en-atletico-progreso-que-gano-y-escalo-en-el-clausura-uruguayo-602493,Gabriel Rey,peruanos-en-el-exterior
Jhilmar Lora volvió a quedarse en el banco y sigue sin tener continuidad en Grêmio Novorizontino,Jhimar Lora volvió a ser suplente en Novorizontino y no tuvo minutos en la Serie B de Brasil,Jhilmar Lora atraviesa una situación particular en Brasil con Novorizontino.,"Jhimar Loracontinúa sin tener participación conGrêmio Novorizontino. El lateral peruano volvió a quedarse en el banco de suplentes y no ingresó en el empate 0-0 ante São Bernardo, por la trigésima jornada de la Serie B de Brasil.",6,2,Jhilmar Lora atraviesa una situación particular en Brasil con Novorizontino. | Peruanos en el exterior (2026),True,3,"Jhilmar Lora, Peruanos en el Exterior, Brasil",2,1,Jhimar Lora,Jhimar Lora | Grêmio Novorizontino,194,1226,https://cdn.futbolperuano.com/sdi/2026/09/26/jhimar-lora-volvio-a-ser-suplente-en-novorizontino-y-no-tuvo-minutos-en-la-serie-b-de-brasil-1358930.jpg,1200,Jhimar Lora. Foto: Twitter Grêmio Novorizontino,,https://www.futbolperuano.com/peruanos-en-el-exterior/noticias/jhimar-lora-volvio-a-ser-suplente-en-novorizontino-y-no-tuvo-minutos-en-la-serie-b-de-brasil-602508,Joaquín Vásquez,peruanos-en-el-exterior
Nolberto Solano sufrió duro golpe con Pakistán: cayó ante Tailandia en su debut por la Copa ASEAN,Nolberto Solano debutó con Pakistán en la Copa ASEAN y recibió goleada 4-0 ante Tailandia,"Nolberto Solano sufrió un duro golpe en su debut con Pakistán en la Copa ASEAN, tras caer goleado 4-0 ante Tailandia.","Nolberto Solanotuvo un complicado estreno en laCopa ASEAN de la FIFA.La Selección de Pakistán no pudo ante Tailandia y terminó cayendo por un contundente 4-0, en el primer partido del equipo dirigido por el entrenador peruano en el certamen internacional.",13,1,"Nolberto Solano sufrió un duro golpe en su debut con Pakistán en la Copa ASEAN, tras caer goleado 4-0 ante Tailandia.",False,3,"Nolberto Solano, Pakistán, FIFA",1,1,Nolberto Solano,Nolberto Solano,433,2696,https://cdn.futbolperuano.com/sdi/2026/09/26/nolberto-solano-debuto-con-pakistan-en-la-copa-asean-y-recibio-goleada-4-0-ante-tailandia-1358920.jpg,1200,Nolberto Solano. Foto: Twitter  Pakistan Football Federation,,https://www.futbolperuano.com/futbol-internacional/nolberto-solano-debuto-con-pakistan-en-la-copa-asean-y-recibio-goleada-4-0-ante-tailandia-602496,Joaquín Vásquez,futbol-internacional
"Programación de HOY, domingo 27 de septiembre de 2026: Horarios del fútbol en vivo por televisión en el Perú","Programación de HOY, domingo 27 de septiembre de 2026: Horarios del fútbol en vivo por televisión en el Perú",Este domingo 27 de septiembre llega con una gran cartelera de partidos que podrás ver en vivo por todo el Perú en TV. Sigue la programación aquí.,"Este domingo 27 de septiembre alístate para una gran jornada de partidos, los cuales podrás disfrutar por TV en todos los rincones del Perú. La jornada empieza desde muy temprano con duelos de alto calibre para el inicio de la semana. Puedes ver laPROGRAMACIÓN COMPLETA AQUÍ.",10,1,Este domingo 27 de septiembre llega con una gran cartelera de partidos que podrás ver en vivo por todo el Perú en TV. Sigue la programación aquí.,False,3,"Programación, Fútbol por TV, Liga de Naciones",2,1,PROGRAMACIÓN COMPLETA AQUÍ.,PROGRAMACIÓN COMPLETA AQUÍ. | UEFA Nations League A 2026/2027,426,2504,https://cdn.futbolperuano.com/sdi/2026/09/26/programacion-de-hoy-domingo-27-de-septiembre-de-2026-horarios-del-futbol-en-vivo-por-television-en-el-peru-1358917.jpg,1200,Partidos del domingo 27 de septiembre. Foto: Copa Caliente de la Liga,,https://www.futbolperuano.com/partidos-por-tv/noticias/programacion-de-hoy-domingo-27-de-septiembre-de-2026-horarios-del-futbol-en-vivo-por-television-en-el-peru-602491,Gabriel Iberico,partidos-por-tv
Héctor Cúper estaría cerca de dejar de ser el técnico de Universitario: “Panorama muy complicado”,Héctor Cúper estaría cerca de dejar de ser el técnico de Universitario,"A pesar del respaldo de la administración, en las últimas horas el panorama cambió para Héctor Cúper y estaría próximo a dejar Universitario.","La derrota deUniversitario de Deportesante Deportivo Garcilaso por 4-0 en Cusco no solo significó la pérdida del primer lugar delTorneo Clausura 2026. El contundente resultado también volvió a poner bajo análisis la continuidad deHéctor Cúper, cuyo futuro en el banquillo crema ahora estaría más cerca de definirse durante los próximos días.",9,1,"A pesar del respaldo de la administración, en las últimas horas el panorama cambió para Héctor Cúper y estaría próximo a dejar Universitario.",False,3,"Héctor Cúper, Universitario de Deportes, Liga 1 del Fútbol Peruano",2,1,Universitario de Deportes,Universitario de Deportes | Torneo Clausura 2026,399,2537,https://cdn.futbolperuano.com/sdi/2026/09/26/hector-cuper-estaria-cerca-de-dejar-de-ser-el-tecnico-de-universitario-1358921.jpg,1200,Héctor Cúper. Foto: Club Universitario de Deportes,,https://www.futbolperuano.com/liga-1/noticias/hector-cuper-estaria-cerca-de-dejar-de-ser-el-tecnico-de-universitario-602497,Gabriel Iberico,liga-1
¿Se va Héctor Cúper? Diego Rebagliati lanzó inesperada advertencia sobre el futuro del DT de Universitario de Deportes,Diego Rebagliati reveló qué podría pasar con Héctor Cúper en Universitario de Deportes,Diego Rebagliati revela el escenario que podría definir la continuidad del entrenador argentino en el cuadro crema.,"La goleada por 4-0 ante Deportivo Garcilaso no solo dejó golpeado aUniversitario de Deportes, sino que también volvió a poner en el centro de la discusión el futuro deHéctor Cúper. Aunque el técnico argentino fue respaldado recientemente por la administración crema, una nueva declaración deDiego Rebagliativolvió a encender las alarmas alrededor del banquillo merengue.",10,3,Diego Rebagliati revela el escenario que podría definir la continuidad del entrenador argentino en el cuadro crema. | ¿El partido contra Melgar puede definir el futuro de Cúper? | ¿Cuándo vuelve a jugar Universitario?,False,3,"Universitario de Deportes, Héctor Cúper, Diego Rebagliati",2,1,Universitario de Deportes,Universitario de Deportes | Melgar,405,2592,https://cdn.futbolperuano.com/sdi/2026/09/26/diego-rebagliati-revelo-que-podria-pasar-con-hector-cuper-en-universitario-de-deportes-1358882.jpg,1200,Diego Rebagliati reveló qué puede pasar con Héctor Cúper. Foto: Facebook Universitario de Deportes,,https://www.futbolperuano.com/liga-1/noticias/diego-rebagliati-revelo-que-podria-pasar-con-hector-cuper-en-universitario-de-deportes-602452,Joaquín Vásquez,liga-1
Líder nato: Pedro Gallese se refirió a su 'nuevo rol' dentro del plantel de la Selección Peruana,Pedro Gallese se refirió a su nuevo rol dentro de la Selección Peruana,El guardameta Pedro Gallese se perfila como titular en la Selección Peruana para enfrentar a Estados Unidos en Orlando.,"¡Con la mirada al futuro! Más allá de los próximos amistosos de laSelección Peruanapara septiembre y octubre del presente año, el experimentado porteroPedro Gallesese refirió a lo que será su 'nuevo rol' dentro del plantel de la 'Bicolor' de cara a las próximas Eliminatorias Sudamericanas.",10,1,El guardameta Pedro Gallese se perfila como titular en la Selección Peruana para enfrentar a Estados Unidos en Orlando.,False,3,"Pedro Gallese, Selección Peruana, Perú",2,1,Selección Peruana,Selección Peruana | Pedro Gallese,445,2658,https://cdn.futbolperuano.com/sdi/2026/09/26/pedro-gallese-se-refirio-a-su-nuevo-rol-dentro-de-la-seleccion-peruana-1358881.jpg,1200,Pedro Gallese entrenado con la Selección Peruana. Foto: FPF,,https://www.futbolperuano.com/seleccion/noticias/pedro-gallese-se-refirio-a-su-nuevo-rol-dentro-de-la-seleccion-peruana-602451,Jorge Cruzalegui,seleccion
Ayacucho FC vence a Unión Minas y toma la cima de su grupo en la segunda fase de la Liga 2 2026,Ayacucho FC vs Unión Minas en vivo online por Grupo Campeonato de Liga 2 2026,Ayacucho FC recibió a Unión Minas en el Estadio Las Américas por la fecha 1 del Grupo de Campeonato de la Liga 2 2026.,"¡Gran arranque! Con un solitario gol de Sergio Barboza,Ayacucho FCse impuso como local (1-0) en el Estadio Las Américas alUnión Minas de Pascopor laprimera fechadel Grupo de Campeonato 'A' de laLiga 2 2026.",12,1,Ayacucho FC recibió a Unión Minas en el Estadio Las Américas por la fecha 1 del Grupo de Campeonato de la Liga 2 2026.,False,3,"Ayacucho FC, Unión Minas, Liga 2",3,1,Liga 2 2026,Liga 2 2026 | Liga 2 2026 | la primera fase,596,3339,https://cdn.futbolperuano.com/sdi/2026/09/26/ayacucho-fc-vs-union-minas-en-vivo-online-por-grupo-campeonato-de-liga-2-2026-1358906.jpg,1200,Ayacucho FC se impuso a Unión Minas por la Liga 2 2026. Foto: Facebook Liga2Caliente.pe,,https://www.futbolperuano.com/liga-2/noticias/ayacucho-fc-vs-union-minas-en-vivo-online-por-grupo-campeonato-de-liga-2-2026-602222,Jorge Cruzalegui,liga-2
A horas del partido: Mano Menezes confirmó una baja de Perú para el duelo ante Estados Unidos,Mano Menezes confirmó una baja de Perú para duelo ante Estados Unidos,"La selección de Perú, de la mano del técnico Mano Menezes, afrontará 4 amistosos internacionales comenzando por Estados Unidos.","¡Se perderá el primer duelo! A menos de un día de la primera prueba internacional de septiembre ante Estados Unidos, el técnico brasileñoMano Menezesconfirmó que laselección de Perúno podrá contar con uno de sus jugadores más experimentados debido a molestias físicas.",9,1,"La selección de Perú, de la mano del técnico Mano Menezes, afrontará 4 amistosos internacionales comenzando por Estados Unidos.",False,3,"Mano Menezes, Selección Peruana, Selección de Estados Unidos",2,1,selección de Perú,selección de Perú | André Carrillo,420,2527,https://cdn.futbolperuano.com/sdi/2026/09/26/mano-menezes-confirmo-una-baja-de-peru-para-duelo-ante-estados-unidos-1358875.jpg,1200,Mano Menezes dirige un entrenamiento de Perú. Foto: FPF,,https://www.futbolperuano.com/seleccion/noticias/mano-menezes-confirmo-una-baja-de-peru-para-duelo-ante-estados-unidos-602445,Jorge Cruzalegui,seleccion
El ex Alianza Lima que ahora comparte vestuario con Lionel Messi en el Inter Miami,Tomás Costa ex Alianza Lima ahora es parte del comando técnico del Inter Miami,"Un jugador con pasado en Alianza Lima, ahora integra el Inter Miami de Lionel Messi.","Un exjugador deAlianza Limavolvió a ser noticia tras aparecer en el nuevo comando técnico delInter Miami, club donde militanLionel Messi y Luis Suárez. Se trata deTomás Costa, volante argentino que defendió la camiseta blanquiazul durante las temporadas 2018 y 2019.",11,3,"Un jugador con pasado en Alianza Lima, ahora integra el Inter Miami de Lionel Messi. | Tomás Costa y su paso por Alianza Lima | ¿Cuándo se retiró Tomás Costa?",False,4,"Alianza Lima, Inter Miami, Tomás Costa, Liga 1 del Fútbol Peruano",2,1,Alianza Lima,Alianza Lima | Inter Miami,392,2527,https://cdn.futbolperuano.com/sdi/2026/09/26/tomas-costa-ex-alianza-lima-ahora-es-parte-del-comando-tecnico-del-inter-miami-1358888.jpg,1200,Ex Alianza Lima tiene nuevo desafío y estará cerca de Lionel Messi. Foto: Facebook Alianza Lima,,https://www.futbolperuano.com/liga-1/noticias/tomas-costa-ex-alianza-lima-ahora-es-parte-del-comando-tecnico-del-inter-miami-602460,Joaquín Vásquez,liga-1
Nixon Perea recordó su apuesta por Bassco Soyer en Alianza Lima tras su convocatoria a la Selección Peruana,El colombiano Nixon Perea recordó cómo hizo debutar a Bassco Soyer en Alianza Lima,"Nixon Perea recordó cuando hizo debutar a Bassco Soyer en Alianza Lima con 16 años, tras su convocatoria a la 'Bicolor'.","Nixon Pereasorprendió al recordar el día en que decidió darle la oportunidad aBassco SoyerenAlianza Lima.El técnico colombiano compartió una fotografía junto al actual futbolista del Gil Vicente de Portugal y destacó que fue él quien lo hizo debutar con apenas 16 años y 9 meses. A través de sus redes sociales, el exentrenador interino blanquiazul celebró que el joven mediocampista haya sido convocado a la selección peruana absoluta.",9,1,"Nixon Perea recordó cuando hizo debutar a Bassco Soyer en Alianza Lima con 16 años, tras su convocatoria a la 'Bicolor'.",False,4,"Selección Peruana, Alianza Lima, Bassco Soyer, Nixon Perea",2,1,Alianza Lima,Alianza Lima | Selección Peruana,356,2248,https://cdn.futbolperuano.com/sdi/2026/09/26/el-colombiano-nixon-perea-recordo-como-hizo-debutar-a-bassco-soyer-en-alianza-lima-1358904.jpg,1200,Nixon Perea sacó a relucir el pasado de Bassco Soyer. Foto: Twitter Alianza Lima,,https://www.futbolperuano.com/seleccion/noticias/el-colombiano-nixon-perea-recordo-como-hizo-debutar-a-bassco-soyer-en-alianza-lima-602475,Joaquín Vásquez,seleccion
"La fiesta fue completa para Alianza Lima: presentación oficial, nuevas contrataciones y un contundente triunfo sobre CAV Esquimo en el Polideportivo ‘Lucha Fuentes’",Alianza Lima brilló en la ‘Noche Blanquiazul’ y venció 3-0 a CAV Esquimo en la presentación de su equipo de vóley,Alianza Lima presentó a su equipo de vóley femenino para la temporada 2026-27 y celebró con un triunfo ante CAV Esquimo de España.,"El Polideportivo ‘Lucha Fuentes’ vivió una verdadera fiesta en lo que fue la ‘Noche Blanquiazul’ del equipo devóley femeninodeAlianza Lima, quienes redondearon una noche memorable al vencer por 3-0 aCAV Esquimo de Españaen lo que fue la presentación oficial del equipo ‘Blanquiazul’ para latemporada 2026-27.",5,2,Alianza Lima presentó a su equipo de vóley femenino para la temporada 2026-27 y celebró con un triunfo ante CAV Esquimo de España. | Resultados de la Noche Blanquiazul Vóley,True,3,"Alianza Lima, Noche Blanquiazul, Vóley",2,1,Noche Blanquiazul,Noche Blanquiazul | Alianza Lima,237,1531,https://cdn.futbolperuano.com/sdi/2026/09/26/alianza-lima-brillo-en-la-noche-blanquiazul-y-vencio-3-0-a-cav-esquimo-en-la-presentacion-de-su-equipo-de-voley-1358864.jpg,1200,Alianza Lima ya presentó a su nuevo plantel y dejó buenas sensaciones ante CAV Esquimo. Foto: Facebook Alianza Lima Vóley,,https://www.futbolperuano.com/liga-voley/alianza-lima-brillo-en-la-noche-blanquiazul-y-vencio-3-0-a-cav-esquimo-en-la-presentacion-de-su-equipo-de-voley-602426,Gabriel Rey,liga-voley
Carlos Mannucci comenzó con el pie derecho la pelea por el ascenso tras golear a San Martín y quedar como líder con 5 puntos,Carlos Mannucci vs. San Martín en vivo online por la fecha 1 del Grupo de Campeonato C de la Liga 2 2026,Carlos Mannucci goleó por 7-0 a San Martín con un triplete de Miguel Ángel Murillo y arrancó como líder del Grupo C con cinco puntos.,"Miguel Ángel Murillose lució con triplete en la goleada por7-0deCarlos Mannuccisobre la Universidad San Martin por laFecha 1delGrupo de Campeonato Cde laLiga 2 2026, en donde el cuadro trujillano se consolidó como el líder de su grupo con 5 unidades tras la bonificación recibida al ser el mejor segundo de la Fase Regular.",8,1,Carlos Mannucci goleó por 7-0 a San Martín con un triplete de Miguel Ángel Murillo y arrancó como líder del Grupo C con cinco puntos.,True,3,"Carlos Mannucci, San Martín, Liga 2",2,1,Liga 2 2026,Liga 2 2026 | Liga 1,457,2602,https://cdn.futbolperuano.com/sdi/2026/09/26/carlos-mannucci-vs-san-martin-en-vivo-online-por-la-fecha-1-del-grupo-de-campeonato-c-de-la-liga-2-2026-1358866.jpg,1200,Miguel Ángel Murillo tuvo una noche soñada y lideró a Mannucci en la goleada a San Martín. Foto: Facebook Liga 2,,https://www.futbolperuano.com/liga-2/noticias/carlos-mannucci-vs-san-martin-en-vivo-online-por-la-fecha-1-del-grupo-de-campeonato-c-de-la-liga-2-2026-602173,Gabriel Rey,liga-2
Universitario de Deportes ya busca reemplazo para Álvaro Barco y tendría claro el perfil de su próximo director deportivo,Universitario de Deportes busca nuevo director deportivo y apunta a contratar un extranjero para la temporada 2027,La administración de Universitario ya analiza perfiles para su próximo director deportivo y tendría decidido que sea un profesional extranjero.,"Universitario de Deportesya piensa en lo que será la próxima temporada de laLiga 1, por lo que se encuentra en la búsqueda de un nuevodirector deportivo, puesto que quedó vacante tras la salida deÁlvaro Barcohace ya varias semanas. Bajo esa línea, el equipo ‘Merengue’ estaría analizando la contratación de un elemento del exterior.",4,1,La administración de Universitario ya analiza perfiles para su próximo director deportivo y tendría decidido que sea un profesional extranjero.,True,3,"Universitario de Deportes, Liga 1 del Fútbol Peruano, Torneo Clausura",2,1,Liga 1,Liga 1 | Universitario de Deportes,268,1670,https://cdn.futbolperuano.com/sdi/2026/09/26/universitario-de-deportes-busca-nuevo-director-deportivo-y-apunta-a-contratar-un-extranjero-para-la-temporada-2027-1358861.jpg,1200,La U ya piensa en el 2027 y trabaja en la elección de su próximo director deportivo. Foto: Facebook Universitario,,https://www.futbolperuano.com/liga-1/noticias/universitario-de-deportes-busca-nuevo-director-deportivo-y-apunta-a-contratar-un-extranjero-para-la-temporada-2027-602418,Gabriel Rey,liga-1
Futsal Pro 2026: Resultados y tablas de posiciones de la fecha 3 de la Fase Regular,Futsal Pro 2026: Resultados y tablas de posiciones de la fecha 3 de la Fase Regular,"Este martes 22 de septiembre se dará inicio a la fecha 3 de la Fase Regular de la Futsal Pro 2026, la cual culminará el jueves 24.","Este martes 22 de septiembre se dará inicio a lafecha 3de laFase RegulardelFutsal Pro 2026en el Complejo Deportivo Ollantaytambo de Ate, jornada que se podrá ver en exclusiva por las pantallas del canal de YouTube de la Bicolor +, tanto este martes 22 de septiembre como el jueves 24.",4,2,"Este martes 22 de septiembre se dará inicio a la fecha 3 de la Fase Regular de la Futsal Pro 2026, la cual culminará el jueves 24. | Equipos campeones de la Primera División de Futsal de Perú",True,3,"Futsal Pro, Futsal, Panta Walon",2,1,Futsal Pro 2026,Futsal Pro 2026 | Tabla de Posiciones,194,1165,https://cdn.futbolperuano.com/sdi/2026/09/23/futsal-pro-2026-resultados-y-tablas-de-posiciones-de-la-fecha-3-de-la-fase-regular-1358309.jpg,1200,Todo ha quedado listo para lo que serán los partidos de la fecha 3 de la Fase Regular de la Futsal Pro 2026. Foto: Facebook Panta Walon,,https://www.futbolperuano.com/futsal/futsal-pro-2026-resultados-y-tablas-de-posiciones-de-la-fecha-3-de-la-fase-regular-601829,Gabriel Rey,futsal
"Perú no pudo conseguir el bronce en los Juegos Suramericanos Santa Fe 2026, pero terminó su participación con una destacada resistencia ante Colombia",Perú terminó cuarto en vóley masculino de los Juegos Suramericanos Santa Fe 2026 tras caer ante Colombia,"Perú cayó 3-0 ante Colombia por el bronce y terminó cuarto en Santa Fe 2026, tras competir hasta el final en los tres sets del partido.","LaSelección Peruana de Vóley Masculinoencabezada porEduardo Romay, se fue de losJuegos Suramericanos Santa Fe 2026con el cuarto lugar y la frente en alto tras caer por 0-3 frente a la Selección Colombia en la definición por el tercer lugar de la categoría.",4,2,"Perú cayó 3-0 ante Colombia por el bronce y terminó cuarto en Santa Fe 2026, tras competir hasta el final en los tres sets del partido. | Resultados del Vóley Masculino en los Juegos Suramericanos Santa Fe 2026",True,3,"Perú, Juegos Suramericanos, Vóley",2,1,Juegos Suramericanos Santa Fe 2026,Juegos Suramericanos Santa Fe 2026 | Perú,217,1253,https://cdn.futbolperuano.com/sdi/2026/09/25/peru-termino-cuarto-en-voley-masculino-de-los-juegos-suramericanos-santa-fe-2026-tras-caer-ante-colombia-1358818.jpg,1200,Perú se despidió de Santa Fe 2026 tras disputar el bronce ante Colombia. Foto: Facebook Federación Peruana de Vóley,,https://www.futbolperuano.com/liga-voley/peru-termino-cuarto-en-voley-masculino-de-los-juegos-suramericanos-santa-fe-2026-tras-caer-ante-colombia-602374,Gabriel Rey,liga-voley
Bélgica amarga el reestreno de Roberto Mancini en el banquillo de Italia,Italia vs Bélgica en vivo online por fecha 1 de UEFA Nations League 2026-27,Italia recibió este viernes a Bélgica en un encuentro correspondiente al Grupo A de la UEFA Nations League 2026-27.,"¡Triunfazo de los Diablos Rojos!Bélgicaderrotó2-0aItaliaen un encuentro correspondiente a la primera fecha del Grupo A de la Liga A de laUEFA Nations League 2026-27. De esta manera,Mark van Bommeldebutó con éxito en el banquillo belga, mientras queRoberto Mancinitropezó en su reestreno en el banco italiano.",10,2,Italia recibió este viernes a Bélgica en un encuentro correspondiente al Grupo A de la UEFA Nations League 2026-27. | PREVIA,False,3,"Selección de Italia, Selección de Bélgica, UEFA Nations League",4,1,UEFA Nations League 2026-27,UEFA Nations League 2026-27 | UEFA Nations League 2026-27 | UEFA Nations League 2026-27 | último Mundial,547,3247,https://cdn.futbolperuano.com/sdi/2026/09/25/italia-vs-belgica-en-vivo-online-por-fecha-1-de-uefa-nations-league-2026-27-1358809.jpg,1200,Bélgica amarga el reestreno de Roberto Mancini. Foto: EFE,,https://www.futbolperuano.com/futbol-internacional/uefa-nations-league/italia-vs-belgica-en-vivo-online-por-fecha-1-de-uefa-nations-league-2026-27-602231,Jorge Cruzalegui,futbol-internacional
No se sacan diferencias: ADA Jaén y Llacuabamba se reparten los puntos en el inicio de la Fase Final de la Liga 2,ADA Jaén vs. Deportivo Llacuabamba: EN VIVO por la Liga 2,ADA Jaén y Deportivo Llacuabamba igualaron sin goles en la fecha 1 de la Fase Final de la Liga 2 en el Estadio Víctor Montoya Segura.,"ADA JaényDeportivo Llacuabambano pudieron sacarse ventaja y terminaron igualando 0-0 por la primera jornada del Grupo Campeonato B de laLiga 2. El encuentro se disputó este viernes en el Estadio Víctor Montoya Segura de Jaén, donde ambos equipos buscaban comenzar con el pie derecho esta nueva etapa del torneo.",8,1,ADA Jaén y Deportivo Llacuabamba igualaron sin goles en la fecha 1 de la Fase Final de la Liga 2 en el Estadio Víctor Montoya Segura.,True,3,"ADA de Jaén, Deportivo Llacuabamba, Liga 2",3,1,Liga 2,Liga 2 | Fase Final | Liga 2,361,2149,https://cdn.futbolperuano.com/sdi/2026/09/25/ada-jaen-vs-deportivo-llacuabamba-en-vivo-por-la-liga-2-1358836.jpg,1200,ADA Jaén igualó sin goles ante Llacuabamba. Foto: Club Deportivo Llacuabamba,,https://www.futbolperuano.com/liga-2/noticias/ada-jaen-vs-deportivo-llacuabamba-en-vivo-por-la-liga-2-601992,Gabriel Iberico,liga-2
Sport Huancayo inició con el pie derecho el Grupo de Campeonato B tras imponerse a Comerciantes FC como visitante y quedar en lo más alto,Comerciantes FC vs. Sport Huancayo en vivo online por la fecha 1 del Grupo de Campeonato B de la Liga 2 2026,Sport Huancayo dio el primer golpe en la lucha por avanzar a la siguiente instancia tras superar a Comerciantes FC fuera de casa.,Sport Huancayose impuso por la mínima diferencia aComerciantes FCen condición de visitante por la primera fecha delGrupo de Campeonato Bde laLiga 2. El equipo de la ‘Ciudad Incontrastable’ culminará la jornada como líder de su grupo y empieza a ilusionarse con la clasificación a la siguiente instancia.,8,1,Sport Huancayo dio el primer golpe en la lucha por avanzar a la siguiente instancia tras superar a Comerciantes FC fuera de casa.,True,3,"Liga 2, Comerciantes FC, Sport Huancayo",2,1,Liga 2,Liga 2 | Tabla de Posiciones,425,2415,https://cdn.futbolperuano.com/sdi/2026/09/25/comerciantes-fc-vs-sport-huancayo-en-vivo-online-por-la-fecha-1-del-grupo-de-campeonato-b-de-la-liga-2-2026-1358848.jpg,1200,Sport Huancayo comenzó con triunfo el Grupo B y se instala en lo más alto. Foto: Facebook Liga 2,,https://www.futbolperuano.com/liga-2/noticias/comerciantes-fc-vs-sport-huancayo-en-vivo-online-por-la-fecha-1-del-grupo-de-campeonato-b-de-la-liga-2-2026-602162,Gabriel Rey,liga-2
D’Alessandro Montenegro reapareció en Alianza Lima y será parte de la mini pretemporada en Cieneguilla,D’Alessandro Montenegro reapareció en Alianza Lima y entrenará en Cineguilla,Alianza Lima se prepara para el reinicio de la Liga 1 2026 con una mini pretemporada.,Alianza Limainició una nueva etapa de trabajos pensando en el tramo final del Torneo Clausura 2026 y presentó una novedad que no pasó desapercibida.D’Alessandro Montenegroreapareció en los entrenamientos del primer equipo y será parte de la mini pretemporada que el cuadro blanquiazul realizará en Cieneguilla.,10,2,Alianza Lima se prepara para el reinicio de la Liga 1 2026 con una mini pretemporada. | ¿Qué pasó con el caso de D’Alessandro Montenegro?,False,3,"Alianza Lima, Liga 1 del Fútbol Peruano, Liga 1",2,1,Alianza Lima,Alianza Lima | Pablo Guede,424,2741,https://cdn.futbolperuano.com/sdi/2026/09/25/dalessandro-montenegro-reaparecio-en-alianza-lima-y-entrenara-en-cineguilla-1358779.jpg,1200,Alianza Lima. Foto: Twitter Liga 1,,https://www.futbolperuano.com/liga-1/noticias/dalessandro-montenegro-reaparecio-en-alianza-lima-y-entrenara-en-cineguilla-602347,Joaquín Vásquez,liga-1
Selección Peruana: los futbolistas con mayor valor de mercado en la convocatoria de Mano Menezes,Selección Peruana: los futbolistas con mayor valor de mercado en la convocatoria de Mano Menezes,La Selección Peruana de Mano Menezes se alista para los cuatro amistosos en la fecha FIFA de septiembre y octubre,"LaSelección Peruanacontinúa avanzando en su proceso bajo la dirección técnica deMano Menezesy afrontará una serie de amistosos internacionales  ante Estados Unidos, México, Canadá y Colombia, que servirán para seguir evaluando al plantel con miras al próximo proceso clasificatorio al Mundial 2030.",9,1,La Selección Peruana de Mano Menezes se alista para los cuatro amistosos en la fecha FIFA de septiembre y octubre,False,5,"Selección Peruana, Mano Menezes, Erick Noriega, Marcos López, Oliver Sonne",2,1,Selección Peruana,Selección Peruana | Mano Menezes,389,2432,https://cdn.futbolperuano.com/sdi/2026/09/25/seleccion-peruana-los-futbolistas-con-mayor-valor-de-mercado-en-la-convocatoria-de-mano-menezes-1358772.jpg,1200,"Erick Noriega, el futbolista más valioso de la convocatoria. Foto: FPF",,https://www.futbolperuano.com/seleccion/noticias/seleccion-peruana-los-futbolistas-con-mayor-valor-de-mercado-en-la-convocatoria-de-mano-menezes-602329,Gabriel Iberico,seleccion
Fixture del Sudamericano de Voleibol Femenino Sub 19 con Perú como protagonista,Fixture del Sudamericano de Voleibol Femenino Sub 19,"Perú dirá presente en el Campeonato Sudamericano de Voleibol Femenino Sub 19, que se jugará del 5 al 12 de octubre.","Argentina, Brasil, Bolivia, Chile, Ecuador,Perú, Uruguay y Venezuela (anfitrión) disputarán elCampeonato Sudamericano de Voleibol Femenino Sub 19, que se jugará del 5 al 12 de octubre en el Gimnasio Pedro Elías Belisario Aponte de Maracaibo y otorgará tres boletos alCampeonato Mundial de Voleibol Femenino Sub 19.",4,2,"Perú dirá presente en el Campeonato Sudamericano de Voleibol Femenino Sub 19, que se jugará del 5 al 12 de octubre. | Canal de transmisión",True,3,"Sudamericano de Vóleibol Femenino Sub 19, Perú, Vóley",2,1,Perú,Perú | Campeonato Sudamericano de Voleibol Femenino Sub 19,197,1407,https://cdn.futbolperuano.com/sdi/2026/09/24/fixture-del-sudamericano-de-voleibol-femenino-sub-19-1358609.jpg,1200,Sudamericano de Voleibol Femenino Sub 19. Foto: Instagram Federación Venezolana de Voleibol,,https://www.futbolperuano.com/liga-voley/fixture-del-sudamericano-de-voleibol-femenino-sub-19-602164,Stewart Luya,liga-voley
Perú y sus convocadas para el Sudamericano de Voleibol Femenino Sub 19,Perú y sus convocadas para el Sudamericano de Voleibol Femenino Sub 19,"Perú dirá presente en el Campeonato Sudamericano de Voleibol Femenino Sub 19, que se jugará del 5 al 12 de octubre.","LaFederación Peruana de Voleibol(FPV) dio a conocer la lista de convocadas dePerúpara elCampeonato Sudamericano de Voleibol Femenino Sub 19, que se jugará del 5 al 12 de octubre en el Gimnasio Pedro Elías Belisario Aponte de Maracaibo y otorgará tres boletos al Campeonato Mundial de Voleibol Femenino Sub 19.",4,2,"Perú dirá presente en el Campeonato Sudamericano de Voleibol Femenino Sub 19, que se jugará del 5 al 12 de octubre. | Fixture del Sudamericano de Voleibol Femenino Sub 19",True,3,"Perú, Sudamericano de Vóleibol Femenino Sub 19, Vóley",2,1,Perú,Perú | Campeonato Sudamericano de Voleibol Femenino Sub 19,200,1369,https://cdn.futbolperuano.com/sdi/2026/09/25/peru-y-sus-convocadas-para-el-sudamericano-de-voleibol-femenino-sub-19-1358770.jpg,1200,Perú y sus convocadas para el Sudamericano Sub 19. Foto: Volleyball World,,https://www.futbolperuano.com/liga-voley/peru-y-sus-convocadas-para-el-sudamericano-de-voleibol-femenino-sub-19-602335,Stewart Luya,liga-voley
"Francia inicia con el pie derecho en la era de Zinedine Zidane, pero se preocupa por Kylian Mbappé",Turquía vs. Francia: EN VIVO por la UEFA Nations League,"Francia venció por 1-0 en su visita a Turquía con gol de Kylian Mbappé, quien salió lesionado tras su anotación.","Franciainició con triunfo la nueva etapa deZinedine Zidanecomo entrenador de la selección. El conjunto francés derrotó 1-0 aTurquíacomo visitante por laUEFA Nations League 2026/2027, en un partido intenso que terminó dejando una preocupación mayor por el estado físico deKylian Mbappé.",17,1,"Francia venció por 1-0 en su visita a Turquía con gol de Kylian Mbappé, quien salió lesionado tras su anotación.",False,3,"Turquía, Francia, Liga de Naciones",3,1,UEFA Nations League 2026/2027,UEFA Nations League 2026/2027 | UEFA Nations League 2026/2027 | SEGUIR EL MINUTO A MINUTO DEL ENCUENTRO AQUÍ.,686,4386,https://cdn.futbolperuano.com/sdi/2026/09/25/turquia-vs-francia-en-vivo-por-la-uefa-nations-league-1358810.jpg,1200,Francia venció por 1-0 a Turquía. Foto: EFE,,https://www.futbolperuano.com/futbol-internacional/uefa-nations-league/turquia-vs-francia-en-vivo-por-la-uefa-nations-league-601978,Gabriel Iberico,futbol-internacional
Paolo Guerrero avanza en su recuperación y ya se conoce cuándo podría volver con Alianza Lima,Paolo Guerrero avanza en su recuperación y ya tendría fecha de regreso en Liga 1,Paolo Guerrero avanza de forma positiva en su recuperación y Alianza Lima ya maneja un plazo estimado para regreso.,"Paolo Guerrerocontinúa avanzando en su recuperación y enAlianza Limaya manejan un posible plazo para volver a verlo en las canchas. El delantero blanquiazul se perdió los últimos tres partidos delTorneo Clausurapor una lesión muscular, pero durante el receso viene realizando trabajos específicos con el objetivo de acelerar su recuperación.",10,1,Paolo Guerrero avanza de forma positiva en su recuperación y Alianza Lima ya maneja un plazo estimado para regreso.,False,3,"Alianza Lima, Paolo Guerrero, Liga 1 del Fútbol Peruano",2,1,Alianza Lima,Alianza Lima | Torneo Clausura,377,2476,https://cdn.futbolperuano.com/sdi/2026/09/25/paolo-guerrero-avanza-en-su-recuperacion-y-ya-tendria-fecha-de-regreso-1358765.jpg,1200,Paolo Guerrero avanza positivamente en su recuperación. Foto: Twitter Liga 1,,https://www.futbolperuano.com/liga-1/noticias/paolo-guerrero-avanza-en-su-recuperacion-y-ya-tendria-fecha-de-regreso-en-liga-1-602332,Joaquín Vásquez,liga-1
El gran momento de Eryc Castillo despertó interés en México y dos equipos de la Liga MX ya habrían preguntado por su situación.,Eryc Castillo despierta interés de dos clubes de la Liga MX y Alianza Lima ya conoce la propuesta,Una de las principales figuras de Alianza Lima despertó interés en México y el club deberá evaluar una posible oferta Eryc Castillo.,"Alianza Limase viene preparando en Cieneguilla de forma intensa para lo que será la reanudación delTorneo Clausurade laLiga 1, donde está obligado a sumar la mayor cantidad de puntos para no perder las esperanzas de quedarse con el título nacional sin la necesidad de disputar los ‘Playoff’; sin embargo, una noticia no ha caído nada bien en tienda ‘Blanquiazul’.",4,1,Una de las principales figuras de Alianza Lima despertó interés en México y el club deberá evaluar una posible oferta Eryc Castillo.,True,3,"Alianza Lima, Eryc Castillo, Liga 1 del Fútbol Peruano",2,1,Alianza Lima,Alianza Lima | Eryc Castillo,246,1466,https://cdn.futbolperuano.com/sdi/2026/09/25/eryc-castillo-despierta-interes-de-dos-clubes-de-la-liga-mx-y-alianza-lima-ya-conoce-la-propuesta-1358856.jpg,1200,Una figura de Alianza Lima despertó interés de dos clubes mexicanos. Foto: Facebook Alianza Lima,,https://www.futbolperuano.com/liga-1/noticias/eryc-castillo-despierta-interes-de-dos-clubes-de-la-liga-mx-y-alianza-lima-ya-conoce-la-propuesta-602412,Gabriel Rey,liga-1
Deportivo Binacional dejó escapar el triunfo ante la Academia Cantolao por la fecha 1 del Grupo de Descenso B de la Liga 2,Deportivo Binacional vs. Academia Cantolao en vivo por la Liga 2,Deportivo Binacional igualó ante la Academia Cantolao en el Guillermo Briceño por el Grupo de Descenso de la Liga 2.,"Deportivo Binacionaly Academia Cantolao igualaron 2-2por la primera jornada de la Fase Final de la Liga 2 2026, en elGrupo de Descenso B. El partido tuvo un desenlace inesperado, ya que el ‘Delfín’ encontró el empate en el último suspiro con un cabezazo de su propio arquero.",15,1,Deportivo Binacional igualó ante la Academia Cantolao en el Guillermo Briceño por el Grupo de Descenso de la Liga 2.,True,3,"Binacional, Cantolao, Liga 2",3,1,Deportivo Binacional,Deportivo Binacional | Deportivo Binacional | Fase Final de la Liga 2 2026,567,3412,https://cdn.futbolperuano.com/sdi/2026/09/25/deportivo-binacional-vs-academia-cantolao-en-vivo-por-la-liga-2-1358799.jpg,1200,Cantolao salvó el empate ante Deportivo Binacional en Liga 2. Foto: Twitter Liga 2,,https://www.futbolperuano.com/liga-2/noticias/deportivo-binacional-vs-academia-cantolao-en-vivo-por-la-liga-2-602083,Joaquín Vásquez,liga-2
Perú le arrebata promesa a Chile: convoca a defensor que acaba de debutar en primera,Perú le arrebata promesa a Chile: convoca a defensor que acaba de debutar en primera,Perú ya piensa en el futuro y ha convocado a una de las grandes promesas del fútbol chileno. El defensa ya entrena en Videna.,"LaSelección Peruana Sub 20continúa buscando nuevos talentos para fortalecer el recambio generacional y ya incorporó una novedad que llega desde el fútbol chileno. El comando técnico deThiago Kosloskiviene evaluando distintas alternativas durante un nuevo microciclo y entre ellas aparece un defensor que nació en Chile, pero cuenta con raíces peruanas.",11,1,Perú ya piensa en el futuro y ha convocado a una de las grandes promesas del fútbol chileno. El defensa ya entrena en Videna.,False,3,"Selección Peruana, Perú, Matías Bordón",2,1,Selección Peruana Sub 20,Selección Peruana Sub 20 | Matías Bordón,477,3009,https://cdn.futbolperuano.com/sdi/2026/09/25/peru-le-arrebata-promesa-a-chile-convoca-a-defensor-que-acaba-de-debutar-en-primera-1358762.jpg,1200,"Matías Bordón, convocado a la Selección Peruana. Foto: FPF / Elconce",,https://www.futbolperuano.com/seleccion/noticias/peru-le-arrebata-promesa-a-chile-convoca-a-defensor-que-acaba-de-debutar-en-primera-602330,Gabriel Iberico,seleccion
No habrá descenso a la Copa Perú 2027: Carlos Stein vuelve a la Liga 3,Carlos Stein vuelve a la Liga 3 y se descarta su descenso a la Copa Perú,La Liga Nacional de Fútbol Aficionado (LINFA) reprogramó los partidos de Carlos Stein en la Fase Regional de la Liga 3.,"¡Confirmado! LaLiga Nacional de Fútbol Aficionado(LINFA) dejó sin efecto el descenso deCarlos Steina laCopa Perú 2027y reprogramó sus cuatro partidos correspondientes a las fechas 13, 15, 16 y 17 de la Fase Regional de laLiga 3.",8,2,La Liga Nacional de Fútbol Aficionado (LINFA) reprogramó los partidos de Carlos Stein en la Fase Regional de la Liga 3. | Reprogramación,True,3,"Carlos Stein, Liga 3, Copa Perú",2,1,Carlos Stein,Carlos Stein | Liga 3,337,2228,https://cdn.futbolperuano.com/sdi/2026/09/25/carlos-stein-vuelve-a-la-liga-3-y-se-descarta-su-descenso-a-la-copa-peru-1358805.jpg,1200,Carlos Stein vuelve a la Liga 3. Foto: Facebook AFC. Carlos Stein - Ac. Cristo Rey - Negritos,,https://www.futbolperuano.com/liga-3/noticias/carlos-stein-vuelve-a-la-liga-3-y-se-descarta-su-descenso-a-la-copa-peru-602361,Stewart Luya,liga-3
Selección peruana: ¿Qué futbolista nació en Estados Unidos y jugó por Perú?,¿Qué futbolista nació en Estados Unidos y jugó por Perú?,La selección peruana visita este sábado a su similar de Estados Unidos en un amistoso internacional por fecha FIFA.,"PerúyEstados Unidosse verán las caras este sábado en un amistoso internacional porfecha FIFA. El duelo entre la Bicolor y los Yankees se llevará a cabo en el Interco Stadium de Orlando, Florida, desde las 15:30 horas (20:30 GMT) y será transmitido a través de América TV y América tvGO.",6,2,La selección peruana visita este sábado a su similar de Estados Unidos en un amistoso internacional por fecha FIFA. | Amistoso de lujo,False,3,"Selección Peruana, Estados Unidos, Perú",2,1,Perú,Perú | Estados Unidos,400,2884,https://cdn.futbolperuano.com/sdi/2026/09/25/que-futbolista-nacio-en-estados-unidos-y-jugo-por-peru-1358756.jpg,1200,Perú visita este sábado a Estados Unidos. Foto: Facebook Selección Peruana - FPF,,https://www.futbolperuano.com/seleccion/noticias/que-futbolista-nacio-en-estados-unidos-y-jugo-por-peru-602318,Stewart Luya,seleccion
Liga 1: Comisión Disciplinaria sanciona drásticamente a UTC de Cajamarca,Liga 1: Comisión Disciplinaria sanciona drásticamente a UTC,UTC de Cajamarca se prepara para recibir a Sporting Cristal en un encuentro correspondiente a la undécima jornada del Torneo Clausura.,LaComisión Disciplinariasancionó aUTC de Cajamarcapor haber infringido el artículo 16 delReglamento Único Disciplinario de la Federación Peruana de Fútboldurante su partido ante Comerciantes Unidos en el Estadio Héroes de San Ramón el pasado 22 de agosto.,9,2,UTC de Cajamarca se prepara para recibir a Sporting Cristal en un encuentro correspondiente a la undécima jornada del Torneo Clausura. | Resolución,False,3,"UTC, Cajamarca, Liga 1",2,1,UTC de Cajamarca,UTC de Cajamarca | UTC de Cajamarca,449,2836,https://cdn.futbolperuano.com/sdi/2026/09/25/liga-1-comision-disciplinaria-sanciona-drasticamente-a-utc-1358749.jpg,1200,Comisión Disciplinaria sanciona drásticamente a UTC. Foto: Facebook UTC Página Oficial,,https://www.futbolperuano.com/liga-1/noticias/liga-1-comision-disciplinaria-sanciona-drasticamente-a-utc-602311,Stewart Luya,liga-1
Copa Perú: Bella Esperanza se refuerza con un exvolante de Alianza Lima para la Etapa Nacional,Copa Perú: Bella Esperanza se refuerza con un exvolante de Alianza Lima,Bella Esperanza recibirá este domingo a Arsenal Lawn Tennis por la tercera fecha de la Etapa Nacional de la Copa Perú.,"ElClub Deportivo Bella Esperanza, vencedor de la Liga Distrital de Cerro Azul, ganador de la Liga Provincial de Cañete y campeón de la Liga Departamental de Lima, se reforzó con un exvolante deAlianza Limapara encarar lo que resta de la Etapa Nacional de laCopa Perú.",4,2,Bella Esperanza recibirá este domingo a Arsenal Lawn Tennis por la tercera fecha de la Etapa Nacional de la Copa Perú. | Fecha 3 de la Etapa Nacional de la Copa Perú,True,3,"Copa Perú, Bella Esperanza, Alianza Lima",2,1,Club Deportivo Bella Esperanza,Club Deportivo Bella Esperanza | Copa Perú,193,1156,https://cdn.futbolperuano.com/sdi/2026/09/25/copa-peru-bella-esperanza-se-refuerza-con-un-exvolante-de-alianza-lima-1358712.jpg,1200,Bella Esperanza se refuerza con un exvolante de Alianza Lima. Foto: Facebook Club Deportivo Bella Esperanza,,https://www.futbolperuano.com/copa-peru/noticias/copa-peru-bella-esperanza-se-refuerza-con-un-exvolante-de-alianza-lima-602277,Stewart Luya,copa-peru
El regreso de los ‘eurocausas’: Francesco Andrealli y Franco Giambavicchio vuelven a la Selección Peruana,Francesco Andrealli y Franco Giambavicchio han sido convocados a la Selección Peruana,"Francesco Andrealli y Franco Giambavicchio, jugados del Como 1907 y Juventus respectivamente, vuelve a ponerse la Bicolor.","LaSelección Peruana Sub 20ya empieza a definir sus próximos movimientos pensando en elSudamericanode la categoría de 2027. Tras su participación en losJuegos ODESUR, la ‘Bicolor’ prepara una nueva etapa de trabajo que incluirá dos amistosos frente a Ecuador y que tendrá como una de sus novedades la presencia de jóvenes talentos que militan en Europa.",11,1,"Francesco Andrealli y Franco Giambavicchio, jugados del Como 1907 y Juventus respectivamente, vuelve a ponerse la Bicolor.",False,5,"Francesco Andrealli, Franco Giambavicchio, Selección Peruana, Selección Peruana Sub 20, Matías Bordón",3,1,Selección Peruana Sub 20,Selección Peruana Sub 20 | Francesco Andrealli | Franco Giambavicchio,506,3312,https://cdn.futbolperuano.com/sdi/2026/09/22/francesco-andrealli-y-franco-giambavicchio-han-sido-convocados-a-la-seleccion-peruana-1358305.jpg,1200,Francesco Andrealli y Franco Giambavicchio. Foto: FPF,,https://www.futbolperuano.com/seleccion/noticias/francesco-andrealli-y-franco-giambavicchio-han-sido-convocados-a-la-seleccion-peruana-601824,Gabriel Iberico,seleccion
José Gálvez suma un nuevo refuerzo para disputar el Campeonato Nacional Tradición Copera,José Gálvez suma un nuevo refuerzo para disputar Tradición Copera,"José Gálvez fue ubicado en el Grupo D del Campeonato Nacional Tradición Copera, que inicia el sábado 24 de octubre.","El históricoJosé Gálvez, 16 veces campeón de la Liga Distrital de Chimbote, 12 veces ganador de la Liga Provincial del Santa y 16 veces vencedor de la Liga Departamental de Áncash, sumó un nuevo refuerzo para disputar elCampeonato Nacional Tradición Copera, que se jugará del sábado 24 de octubre de 2026 al domingo 28 de febrero de 2027.",5,2,"José Gálvez fue ubicado en el Grupo D del Campeonato Nacional Tradición Copera, que inicia el sábado 24 de octubre. | Calendario de Tradición Copera",True,3,"José Gálvez, Tradición Copera, Fútbol Peruano",2,1,José Gálvez,José Gálvez | Campeonato Nacional Tradición Copera,285,1766,https://cdn.futbolperuano.com/sdi/2026/09/25/jose-galvez-suma-un-nuevo-refuerzo-para-disputar-tradicion-copera-1358738.jpg,1200,José Gálvez de Chimbote suma un nuevo refuerzo. Foto: Facebook Club José Gálvez FBC - Página Oficial,,https://www.futbolperuano.com/tradicion-copera/jose-galvez-suma-un-nuevo-refuerzo-para-disputar-tradicion-copera-602301,Stewart Luya,tradicion-copera
"Mauricio Pochettino, DT de Estados Unidos, se rinde ante la Selección Peruana: ""Tiene muy clara las ideas y a lo que juegan""","Mauricio Pochettino, DT de Estados Unidos, se rinde ante la Selección Peruana",Mauricio Pochettino habló con respecto a lo que será el Estados Unidos vs. Perú de este sábado 26 de septiembre.,"LaSelección Peruanaafrontará este sábado un nuevo desafío en el inicio de su gira por Norteamérica. La ‘Bicolor’ se medirá conEstados Unidosen un amistoso internacional y, en la antesala del encuentro, el técnico del cuadro norteamericano,Mauricio Pochettino, analizó las características del equipo dirigido porMano Menezes.",8,1,Mauricio Pochettino habló con respecto a lo que será el Estados Unidos vs. Perú de este sábado 26 de septiembre.,False,3,"Mauricio Pochettino, Estados Unidos, Selección Peruana",2,1,Selección Peruana,Selección Peruana | Mano Menezes,361,2340,https://cdn.futbolperuano.com/sdi/2026/09/25/mauricio-pochettino-dt-de-estados-unidos-se-rinde-ante-la-seleccion-peruana-1358751.jpg,1200,Mauricio Pochettino. Foto: FPF / @USMNT,,https://www.futbolperuano.com/seleccion/noticias/mauricio-pochettino-dt-de-estados-unidos-se-rinde-ante-la-seleccion-peruana-602313,Gabriel Iberico,seleccion
"Antoine Griezmann sorprendió al contar que usaba a Jefferson Farfán, exjugador de la Selección Peruana en la Play",La confesión de Griezmann sobre Jefferson Farfán y sus ganas de conocer el Perú,"Antoine Griezmann habló de Jefferson Farfán, contó que lo utilizaba en la Play y destacó a Wilder Cartagena, su compañero en Orlando City.","Antoine Griezmannsorprendió al hablar de Perú y revelar el vínculo que tiene con dos futbolistas de laSelección Peruana.El delantero de Orlando City conversó con la periodista Vanessa Almenara y, además de destacar a su compañeroWilder Cartagena, confesó que conoce aJefferson Farfány hasta recordó que lo tuvo en su equipo en un videojuego.",10,1,"Antoine Griezmann habló de Jefferson Farfán, contó que lo utilizaba en la Play y destacó a Wilder Cartagena, su compañero en Orlando City.",False,4,"Antoine Griezmann, Selección Peruana, Jefferson Farfán, Wilder Cartagena",2,1,Selección Peruana,Selección Peruana | Wilder Cartagena,390,2365,https://cdn.futbolperuano.com/sdi/2026/09/25/la-confesion-de-griezmann-sobre-jefferson-farfan-y-sus-ganas-de-conocer-el-peru-1358754.jpg,1200,Antoine Griezmann habló de Jefferson Farfán. Foto: Twitter Selección Peruana,,https://www.futbolperuano.com/seleccion/noticias/la-confesion-de-griezmann-sobre-jefferson-farfan-y-sus-ganas-de-conocer-el-peru-602316,Joaquín Vásquez,seleccion
La sorpresa que prepara Mano Menezes en la Selección Peruana para enfrentar a Estados Unidos,Piero Magallanes sorprende y podría ser titular con Perú ante Estados Unidos,Mano Menezes prepara una gran novedad en el posible once de Perú para enfrentar a Estados Unidos por la fecha FIFA,"Mano Menezesprepara una sorpresa en laSelección Peruanapara el amistoso anteEstados Unidos.A pocas horas del encuentro, el técnico brasileño continúa realizando pruebas durante los entrenamientos y una de las novedades que viene tomando fuerza podría cambiar lo que muchos esperaban para el primer partido de esta fecha FIFA.",11,1,Mano Menezes prepara una gran novedad en el posible once de Perú para enfrentar a Estados Unidos por la fecha FIFA,False,3,"Selección Peruana, Selección de Estados Unidos, Amistoso",2,1,Mano Menezes,Mano Menezes | Selección Peruana,388,2525,https://cdn.futbolperuano.com/sdi/2026/09/25/piero-magallanes-sorprende-y-podria-ser-titular-con-peru-ante-estados-unidos-1358706.jpg,1200,La gran sorpresa del posible once de Mano Menezes. Foto: Twitter Selección Peruana,,https://www.futbolperuano.com/seleccion/noticias/piero-magallanes-sorprende-y-podria-ser-titular-con-peru-ante-estados-unidos-602270,Joaquín Vásquez,seleccion
Perú venció Chile y se quedó con la medalla de bronce en los Juegos Suramericanos Santa Fe 2026,Perú vs. Chile en vivo online por la medalla de bronce de los Juegos Suramericanos 2026,Perú derrotó a Chile en el Marcelo Bielsa y se quedó con el tercer lugar de los Juegos Suramericanos Santa Fe 2026.,"¡Perú se subió al podio! LaSelección Peruana Sub-20derrotó2-1 aChileen el Estadio Marcelo Bielsa y consiguió la medalla de bronce en losJuegos Suramericanos Santa Fe 2026. De esta manera, el equipo nacional cerró su participación en el torneo con una importante presea.",18,2,Perú derrotó a Chile en el Marcelo Bielsa y se quedó con el tercer lugar de los Juegos Suramericanos Santa Fe 2026. | Perú busca cerrar el torneo con una medalla,False,3,"Perú, Chile, Juegos Suramericanos",3,1,Juegos Suramericanos Santa Fe 2026,Juegos Suramericanos Santa Fe 2026 | Perú | Juegos Suramericanos Santa Fe 2026,697,4211,https://cdn.futbolperuano.com/sdi/2026/09/25/peru-vs-chile-en-vivo-online-por-la-medalla-de-bronce-de-los-juegos-suramericanos-2026-1358717.jpg,1200,La 'Bicolor' venció a Chile y ganó el bronce en Santa Fe 2026. Foto: Youtube ODESUR,,https://www.futbolperuano.com/futbol-de-menores/peru-vs-chile-en-vivo-online-por-la-medalla-de-bronce-de-los-juegos-suramericanos-2026-602113,Joaquín Vásquez,futbol-de-menores
Selección Peruana: su posible once para el amistoso ante Estados Unidos en Orlando,Selección Peruana: su posible once para enfrentar a Estados Unidos,"La Selección Peruana, del técnico Mano Menezes, se alista para su primer amistoso internacional frente a Estados Unidos.","¿Equipo definido? Luego de algunos días de entrenamiento en territorio norteamericano, el técnico Mano Menezes va armando la oncena titular de laSelección Peruanaque comenzará susamistosos internacionalesenfrentando aEstados Unidos.",7,1,"La Selección Peruana, del técnico Mano Menezes, se alista para su primer amistoso internacional frente a Estados Unidos.",True,3,"Selección Peruana, Selección de Estados Unidos, Amistoso",2,1,Selección Peruana,Selección Peruana | Liga 1,286,1829,https://cdn.futbolperuano.com/sdi/2026/09/25/seleccion-peruana-su-posible-once-para-enfrentar-a-estados-unidos-1358657.jpg,1200,Gianluca Lapadula entrenando con la 'Bicolor'. Foto: FPF,,https://www.futbolperuano.com/seleccion/noticias/seleccion-peruana-su-posible-once-para-enfrentar-a-estados-unidos-602213,Jorge Cruzalegui,seleccion
Selección Peruana: ¿Qué radios relatarán en vivo el amistoso internacional ante Estatos Unidos en Orlando?,Selección Peruana: ¿Qué radios relatarán amistoso ante Estados Unidos en Orlando?,"La Selección Peruana comenzará su gira internacional enfrentando a Estados Unidos en la ciudad de Orlando, Florida.",¡Comienza la gira! LaSelección Peruanadisputará su primer partido amistoso de la fecha FIFA de septiembreante el combinado de Estados Unidos. Un duelo en el que Mano Menezes continuará su búsqueda por ampliar el universo de jugadores de cara al Mundial 2030.,5,1,"La Selección Peruana comenzará su gira internacional enfrentando a Estados Unidos en la ciudad de Orlando, Florida.",True,3,"Selección Peruana, Selección de Estados Unidos, Amistoso",2,1,Selección Peruana,Selección Peruana | último Mundial 2026,253,1551,https://cdn.futbolperuano.com/sdi/2026/09/24/seleccion-peruana-que-radios-relataran-amistoso-ante-estados-unidos-en-orlando-1358629.jpg,1200,Erick Noriega y Diego Romero en Estados Unidos. Foto: FPF,,https://www.futbolperuano.com/seleccion/noticias/seleccion-peruana-que-radios-relataran-amistoso-ante-estados-unidos-en-orlando-602186,Jorge Cruzalegui,seleccion
"Partidos de Hoy, viernes 25 de septiembre del 2026: Horarios del fútbol en vivo por televisión en el Perú",Programación de partidos por TV del viernes 25 de septiembre del 2026,"El viernes 25 de septiembre estará cargado de mucho fútbol en el mundo, y sabrás dónde verlo en la parrilla de fútbol por TV.","El fútbol no se detiene y este viernes 25 de septiembre de 2026 lo podremos disfrutar más que nunca, pues aunque varias de las ligas a lo largo del mundo comienzan a detenerse, las selecciones empiezan a jugar sus amistosos internacionales; por ello, te traemos los duelos más esperados por los hinchas. Recuerda que puedes ver la programación deFútbol por TVcompleta en Futbolperuano.com.",6,2,"El viernes 25 de septiembre estará cargado de mucho fútbol en el mundo, y sabrás dónde verlo en la parrilla de fútbol por TV. | Continúa el fútbol en la Segunda de Perú",False,3,"Fútbol por TV, Fútbol, Liga 1",2,1,Fútbol por TV,Fútbol por TV | Fútbol por TV,378,2175,https://cdn.futbolperuano.com/sdi/2026/09/24/programacion-de-partidos-por-tv-del-viernes-25-de-septiembre-del-2026-1358599.jpg,1200,Fútbol por TV: viernes 25 de septiembre de 2026. Foto: EFE,,https://www.futbolperuano.com/partidos-por-tv/noticias/programacion-de-partidos-por-tv-del-viernes-25-de-septiembre-del-2026-602159,Jorge Cruzalegui,partidos-por-tv
Alianza Lima vs Palestino: ¿Qué canal transmitirá en vivo el amistoso internacional en el Estadio de Matute?,Alianza Lima vs Palestino: canal que transmitirá amistoso internacional en Matute,Las escuadras de Alianza Lima y Palestino de Chile medirán fuerzas en un amistoso internacional aprovechando la fecha FIFA.,"¡Gran noticia! Los hinchas deAlianza Limaque no puedan asistir al partido antePalestino de Chiletendrán distintas maneras de conocer todos los por menores delamistoso internacional, y es que se confirmó el canal que se encargará de la transmisión.",8,1,Las escuadras de Alianza Lima y Palestino de Chile medirán fuerzas en un amistoso internacional aprovechando la fecha FIFA.,False,3,"Alianza Lima, palestino, Amistoso",2,1,Alianza Lima,Alianza Lima | Liga 1 2026,365,2122,https://cdn.futbolperuano.com/sdi/2026/09/24/alianza-lima-vs-palestino-canal-que-transmitira-amistoso-internacional-en-matute-1358617.jpg,1200,Alianza Lima recibirá a Palestino en Matute. Foto: Facebook Club Alianza Lima,,https://www.futbolperuano.com/liga-1/noticias/alianza-lima-vs-palestino-canal-que-transmitira-amistoso-internacional-en-matute-602174,Jorge Cruzalegui,liga-1
Matías Di Benedetto respondió a los rumores sobre Héctor Cúper en Universitario de Deportes: “Estamos con el profe”,Matías Di Benedetto fue claro sobre Cúper y la interna de Universitario de Deportes,Matías Di Benedetto fue consultado sobre la situación de Héctor Cúper en Universitario y respondió ante los rumores.,"¿Hay problemas entre los jugadores deUniversitarioy Héctor Cúper? La contundente derrota por 4-0 anteDeportivo Garcilasoen Cusco generó todo tipo de comentarios alrededor del cuadro crema, especialmente por la relación entre el plantel y el entrenador argentino. Ante este escenario,Matías Di Benedettosalió al frente y respondió a los rumores.",11,2,Matías Di Benedetto fue consultado sobre la situación de Héctor Cúper en Universitario y respondió ante los rumores. | ¿Cómo le va a Héctor Cúper en Universitario?,False,3,"Universitario de Deportes, Matías Di Benedetto, Héctor Cúper",2,1,Universitario,Universitario | Torneo Clausura 2026,386,2543,https://cdn.futbolperuano.com/sdi/2026/09/25/matias-di-benedetto-fue-claro-sobre-cuper-y-la-interna-de-universitario-de-deportes-1358695.jpg,1200,Matías Di Benedetto sobre la relación con Héctor Cúper. Foto: Twitter Universitario de Deportes,,https://www.futbolperuano.com/liga-1/noticias/matias-di-benedetto-fue-claro-sobre-cuper-y-la-interna-de-universitario-de-deportes-602261,Joaquín Vásquez,liga-1
Copa Federación 2026: ¿quiénes jugarán la Fase Nacional? Partidos y programación del 26 y 27 de septiembre,Copa Federación quiénes jugarán la Fase Nacional y programación del 26 y 27 de septiembre,Conoce los equipos clasificados a la Fase Nacional de la Copa Federación y la programación de los partidos para este 26 y 27 de septiembre.,"La Copa Federación 2026 está al rojo vivo, con la activación de la Fase Nacional de las categoríasSub 13ySub 17de la Federación Oro, así como de los electrizantes partidos que se vienen desarrollando por las liguillas por el título y permanencia, como laLiguilla Copa Federación Oro-Plata.",92,10,Conoce los equipos clasificados a la Fase Nacional de la Copa Federación y la programación de los partidos para este 26 y 27 de septiembre. | Etapa Nacional Copa Federación Oro | Copa Federación Oro – Torneo Juvenil – Fecha 04 | Copa Federación Oro-Plata - Fecha 03 | Copa Plata A – Liguilla Permanencia - Fecha 03 | Copa Plata B - Liguilla de Ascenso - Fecha 03 | Copa Plata Promocional - Ascenso - Fecha 05 | Copa Plata Promocional - Permanencia - Fecha 05 | Copa Desarrollo Oro – Torneo Clausura - Fecha 04 - Sub 12 (2014) | Copa Desarrollo Plata – Torneo Clausura - Fecha 04 - Sub 12 (2014),True,3,"Copa Federación, Universitario de Deportes, Alianza Lima",4,1,Sub 13,Sub 13 | Sub 17 | Liguilla Copa Federación Oro-Plata | Copa Desarrollo,1040,7020,https://cdn.futbolperuano.com/sdi/2026/09/24/copa-federacion-quienes-jugaran-la-fase-nacional-y-programacion-del-26-y-27-de-septiembre-1358632.jpg,1200,Copa Federación: conoce los partidos del 26 y 27 de septiembre. Foto: Facebook Escuela Deportiva Municipal de Ventanilla,,https://www.futbolperuano.com/futbol-de-menores/copa-federacion/copa-federacion-quienes-jugaran-la-fase-nacional-y-programacion-del-26-y-27-de-septiembre-602187,Enrique Giles,futbol-de-menores
Perú eliminado por Argentina en semifinales del vóley masculino de los Juegos Suramericanos Santa Fe 2026,Perú eliminado por Argentina en semifinales del vóley masculino de Juegos Suramericanos Santa Fe 2026,El equipo de Vóley masculino de Perú tropezó ante Argentina y se despidió de los Juegos Suramericanos Santa Fe 2026.,¡Irán por el bronce! Laselección de Perúdejó ver algunos errores frente al combinado deArgentinay cayó (3-0) en las semifinales del vóley masculino en losJuegos Suramericanos Santa Fe 2026. La 'Bicolor' tendrá que luchar por el bronce frente a Colombia.,8,2,El equipo de Vóley masculino de Perú tropezó ante Argentina y se despidió de los Juegos Suramericanos Santa Fe 2026. | El camino de Perú en la fase de grupo del Vóley masculino de los Juegos Suramericanos 2026,False,3,"Juegos Suramericanos, Perú, Argentina",2,1,Juegos Suramericanos Santa Fe 2026,Juegos Suramericanos Santa Fe 2026 | segundo lugar del Grupo B,352,2202,https://cdn.futbolperuano.com/sdi/2026/09/24/peru-eliminado-por-argentina-en-semifinales-del-voley-masculino-de-juegos-suramericanos-santa-fe-2026-1358640.jpg,1200,El plantel de vóley de Perú cayó ante Argentina en ODESUR 2026. Foto: Facebook FPV: Federación Peruana de Vóleibol 2,,https://www.futbolperuano.com/liga-voley/peru-eliminado-por-argentina-en-semifinales-del-voley-masculino-de-juegos-suramericanos-santa-fe-2026-602198,Jorge Cruzalegui,liga-voley
‘Drogba’ Carrillo sorprendió al revelar cuánto recibió del incentivo en 2008 por salvar a Alianza Lima,Juan Drogba Carrillo revelo el incentivo de alianza lima en 2008 para salvar descenso,Juan ‘Drogba’ Carrillo recordó el partido de 2008 ante Atlético Minero y reveló cuánto dinero recibió tras el incentivo relacionado con Alianza Lima.,Un gol en el minuto 97 cambió la historia y ahoraJuan ‘Drogba’ Carrillocontó lo que ocurrió detrás de aquella jugada que terminó salvando aAlianza Limadel descenso en 2008. El exfutbolista deSport Áncashrecordó el partido ante Atlético Minero y reveló que el cuadro ancashino recibió un incentivo económico de los blanquiazules para buscar la victoria.,9,2,Juan ‘Drogba’ Carrillo recordó el partido de 2008 ante Atlético Minero y reveló cuánto dinero recibió tras el incentivo relacionado con Alianza Lima. | El dinero que recibió Sport Áncash,False,3,"Alianza Lima, Fútbol Peruano, Sport Áncash",1,1,Alianza Lima,Alianza Lima,398,2381,https://cdn.futbolperuano.com/sdi/2026/09/25/juan-drogba-carrillo-revelo-el-incentivo-de-alianza-lima-en-2008-para-salvar-descenso-1358723.jpg,1200,Juan ‘Drogba’ Carrillo reveló el monto que recibió por salvar a Alianza Lima. Foto: Twitter Alianza Lima,,https://www.futbolperuano.com/liga-1/noticias/juan-drogba-carrillo-revelo-el-incentivo-de-alianza-lima-en-2008-para-salvar-descenso-602286,Joaquín Vásquez,liga-1
Portugal arrancó la Liga de Naciones con una victoria ajustada sobre Gales y dejó a Cristiano Ronaldo cerca de marcar en su estreno,Portugal vs. Gales en vivo online por la fecha 1 del Grupo D de la Liga de Naciones,Portugal inició la Liga de Naciones con un sufrido triunfo ante Gales. Joao Félix marcó el único tanto y Cristiano Ronaldo tuvo un gol anulado.,"LaPortugaldeCristiano Ronaldoinició laLiga de Nacionescon un sufridotriunfoanteGalesen la primera jornada delGrupo D. El único tanto del partido fue anotado porJoão Félixa los 22 minutos del encuentro, mientras que Cristiano Ronaldo también pudo anotar, pero el tanto fue anulado por posición adelantada.",7,1,Portugal inició la Liga de Naciones con un sufrido triunfo ante Gales. Joao Félix marcó el único tanto y Cristiano Ronaldo tuvo un gol anulado.,True,3,"Portugal, Liga de Naciones, Cristiano Ronaldo",3,1,Liga de Naciones,Liga de Naciones | Disney + Premium | Liga de Naciones,352,2147,https://cdn.futbolperuano.com/sdi/2026/09/24/portugal-vs-gales-en-vivo-online-por-la-fecha-1-del-grupo-d-de-la-liga-de-naciones-1358600.jpg,1200,Portugal comenzó la Liga de Naciones con una victoria trabajada ante Gales. Foto: EFE,,https://www.futbolperuano.com/futbol-internacional/uefa-nations-league/portugal-vs-gales-en-vivo-online-por-la-fecha-1-del-grupo-d-de-la-liga-de-naciones-601847,Gabriel Rey,futbol-internacional
"Jairo Vélez, goleador de la era Mano Menezes, reveló lo que busca la Selección Peruana en sus próximos partidos",Jairo Vélez habló sobre los amistosos de la Selección Peruana en esta fecha FIFA,Jairo Vélez habló sobre su presente con Perú y destacó el trabajo del equipo de cara a los amistosos.,Jairo Vélezatraviesa un momento especial con laSelección Peruana. El mediocampista de Alianza Lima habló sobre los trabajos que viene realizando el equipo de cara a sus próximos amistosos y destacó la importancia de contar con más días de preparación bajo las órdenes de Mano Menezes.,12,1,Jairo Vélez habló sobre su presente con Perú y destacó el trabajo del equipo de cara a los amistosos.,False,3,"Selección Peruana, Jairo Vélez, Perú",2,1,Jairo Vélez,Jairo Vélez | Selección Peruana,378,2336,https://cdn.futbolperuano.com/sdi/2026/09/24/jairo-velez-hablo-sobre-los-amistosos-de-la-seleccion-peruana-en-esta-fecha-fifa-1358581.jpg,1200,Jairo Vélez. Foto: Twitter Selección Peruana,,https://www.futbolperuano.com/seleccion/noticias/jairo-velez-hablo-sobre-los-amistosos-de-la-seleccion-peruana-en-esta-fecha-fifa-602132,Joaquín Vásquez,seleccion
"Alianza Lima: prensa española, expectante por la Noche Blanquiazul Vóley","Prensa española, expectante por la Noche Blanquiazul Vóley","Alianza Lima, Boca Juniors, CAV Esquimo y EC Pinheiros disputarán la Noche Blanquiazul Vóley en el Polideportivo Luisa Estela Fuentes Quijandría.","LaNoche Blanquiazul Vóleyno solo ha despertado el interés de la prensa nacional, sino también internacional, más precisamente de la española, que remarcó la presencia delCAV Esquimo(Fundación Cajasol) y se mostró expectante del cuadrangular amistoso que se disputará enLimadel viernes 25 al domingo 27 de septiembre.",6,2,"Alianza Lima, Boca Juniors, CAV Esquimo y EC Pinheiros disputarán la Noche Blanquiazul Vóley en el Polideportivo Luisa Estela Fuentes Quijandría. | Visita histórica",False,3,"Alianza Lima, Noche Blanquiazul Vóley, Vóley",2,1,Noche Blanquiazul Vóley,Noche Blanquiazul Vóley | Alianza Lima,430,2819,https://cdn.futbolperuano.com/sdi/2026/09/24/prensa-espanola-expectante-por-la-noche-blanquiazul-voley-1358597.jpg,1200,"Prensa española, expectante por la Noche Blanquiazul. Foto: Facebook Alianza Lima Vóley",,https://www.futbolperuano.com/liga-voley/prensa-espanola-expectante-por-la-noche-blanquiazul-voley-602150,Stewart Luya,liga-voley
Cultural Sachapuyos busca recuperarse en la Copa Perú 2026 con su nuevo entrenador,Nuevo entrenador para Cultural Saxchapuyos en la Copa Perú 2026,Cultural Sachapuyos apostó por un nuevo entrenador luego de no haber podido ganar en lo que va de la Etapa Nacional de la Copa Perú 2026.,"Tras un mal inicio en la Etapa Nacional de laCopa Perú 2026,el clubCultural Sachapuyostomó la drástica decisión de cambiar de entrenador con miras a la tercera fecha del torneo, en la que le tocará afrontar el derbi de Chachapoyas ante Juan Pablo II.",7,2,Cultural Sachapuyos apostó por un nuevo entrenador luego de no haber podido ganar en lo que va de la Etapa Nacional de la Copa Perú 2026. | El nuevo entrenador de Cultural Sachapuyos para la Etapa Nacional de la Copa Perú 2026,False,2,"Cultural Sachapuyos, Copa Perú",2,1,Copa Perú 2026,Copa Perú 2026 | Cultural Sachapuyos,334,1978,https://cdn.futbolperuano.com/sdi/2026/09/24/nuevo-entrenador-para-cultural-saxchapuyos-en-la-copa-peru-2026-1358580.jpg,1200,Cultural Sachapuyos en la Etapa Nacional de la Copa Perú 2026. Foto: Facebook Cultural Sachapuyos,,https://www.futbolperuano.com/copa-peru/noticias/nuevo-entrenador-para-cultural-saxchapuyos-en-la-copa-peru-2026-602128,Robert Luna,copa-peru
Mano Menezes suma una pieza inesperada a la Selección Peruana y tiene pasado en el Arsenal de Inglaterra,"Mano Menezes suma a un ex Arsena, especialista en rendimiento a la Selección Peruana",La nueva apuesta de Mano Menezes: especialista que trabajó en Arsenal ya apoya a la Selección Peruana.,Mano Menezessigue sumando herramientas para fortalecer el trabajo de laSelección Peruanay ahora cuenta con un profesional que tuvo experiencia en elArsenalde Inglaterra. El integrante se incorpora al comando técnico durante las fechas FIFA y tiene como principal función realizar un seguimiento especializado al estado físico de los futbolistas de la ‘Bicolor’.,10,1,La nueva apuesta de Mano Menezes: especialista que trabajó en Arsenal ya apoya a la Selección Peruana.,False,4,"Selección Peruana, Mano Menezes, Perú, Arsenal",2,1,Mano Menezes,Mano Menezes | Selección Peruana,399,2705,https://cdn.futbolperuano.com/sdi/2026/09/24/mano-menezes-suma-a-un-ex-arsena-especialista-en-rendimiento-a-la-seleccion-peruana-1358553.jpg,1200,Mano Menezes. Foto: Twitter Selección Peruana,,https://www.futbolperuano.com/seleccion/noticias/mano-menezes-suma-a-un-ex-arsena-especialista-en-rendimiento-a-la-seleccion-peruana-602097,Joaquín Vásquez,seleccion
Pedro García salió en defensa de Christian Cueva y aseguró que Mano Menezes debe trabajar personalmente para recuperar al volante,Pedro García defiende a Christian Cueva y le pide a Mano Menezes trabajar en su recuperación,"Pedro García defendió a Christian Cueva y pidió a Mano Menezes trabajar personalmente en su recuperación, destacando su actualidad en Sport Boys.","A falta de pocos días para el encuentro amistoso entre laSelección Peruanay Estados Unidos por la Fecha FIFA, el periodistaPedro Garcíasalió en defensa deChristian Cueva, uno de los grandes ausentes de esta convocatoria, y aseguró queMano Menezes, entrenador de la Selección Peruana, debe encargarse directamente y personalmente de recuperar al popular ‘Aladino’.",5,1,"Pedro García defendió a Christian Cueva y pidió a Mano Menezes trabajar personalmente en su recuperación, destacando su actualidad en Sport Boys.",True,3,"Christian Cueva, Selección Peruana, Pedro García",2,1,Selección Peruana,Selección Peruana | Christian Cueva,265,1619,https://cdn.futbolperuano.com/sdi/2026/09/24/pedro-garcia-defiende-a-christian-cueva-y-le-pide-a-mano-menezes-trabajar-en-su-recuperacion-1358637.jpg,1200,Pedro García defendió a Christian Cueva tras quedar fuera de la convocatoria. Foto: Youtube Captura: Doble Punta,,https://www.futbolperuano.com/seleccion/noticias/pedro-garcia-defiende-a-christian-cueva-y-le-pide-a-mano-menezes-trabajar-en-su-recuperacion-602194,Gabriel Rey,seleccion
Pronóstico: Alianza Lima vs CAV Esquimo por la Noche Blanquiazul Vóley 2026,Alianza Lima vs CAV Esquimo EN VIVO por la Noche Blanquiazul Vóley,Alianza Lima y CAV Esquimo se verán las caras este viernes por la jornada inaugural de la Noche Blanquiazul Vóley 2026.,¡Partidazo en Villa El Salvador!Alianza LimayCAV Esquimose verán las caras este viernes por la jornada inaugural de laNoche Blanquiazul Vóley. El duelo entre peruanas y españolas se llevará a cabo en el Polideportivo Luisa Estela Fuentes Quijandría desde las 17:45 horas (22:45 GMT) y será transmitido a través de América TV.,6,2,Alianza Lima y CAV Esquimo se verán las caras este viernes por la jornada inaugural de la Noche Blanquiazul Vóley 2026. | Convocadas,True,3,"Alianza Lima, Noche Blanquiazul Vóley, Vóley",2,1,Alianza Lima,Alianza Lima | Noche Blanquiazul Vóley,344,2349,https://cdn.futbolperuano.com/sdi/2026/09/24/alianza-lima-vs-cav-esquimo-en-vivo-por-la-noche-blanquiazul-voley-1358579.jpg,1200,Alianza Lima vs CAV Esquimo. Foto: Facebook Alianza Lima Vóley / Club Voleibol Esquimo,,https://www.futbolperuano.com/liga-voley/alianza-lima-vs-cav-esquimo-en-vivo-por-la-noche-blanquiazul-voley-602131,Stewart Luya,liga-voley
Se confirmó la sede del Campeonato Sudamericano de Voleibol Femenino Sub 19 de 2026,Se confirmó la sede del Campeonato Sudamericano de Voleibol Femenino Sub 19,"Perú dirá presente en el Campeonato Sudamericano de Voleibol Femenino Sub 19, que se jugará del 5 al 12 de octubre.","La Confederación Sudamericana de Voleibol (CSV) designó a Venezuela como sede delCampeonato Sudamericano de Voleibol Femenino Sub 19, que se jugará del 5 al 12 de octubre y otorgará tres boletos alCampeonato Mundial de Voleibol Femenino Sub 19.",8,2,"Perú dirá presente en el Campeonato Sudamericano de Voleibol Femenino Sub 19, que se jugará del 5 al 12 de octubre. | Perú U19",False,3,"Sudamericano de Vóleibol Femenino Sub 19, Perú, Vóley",2,1,Campeonato Sudamericano de Voleibol Femenino Sub 19,Campeonato Sudamericano de Voleibol Femenino Sub 19 | Perú,370,2476,https://cdn.futbolperuano.com/sdi/2026/09/24/se-confirmo-la-sede-del-campeonato-sudamericano-de-voleibol-femenino-sub-19-1358562.jpg,1200,Se confirmó la sede del Sudamericano de Voleibol Sub 19. Foto: Twitter @FPVPE,,https://www.futbolperuano.com/liga-voley/se-confirmo-la-sede-del-campeonato-sudamericano-de-voleibol-femenino-sub-19-602106,Stewart Luya,liga-voley
Los Chankas recibieron una importante noticia fuera de las canchas con la entrega de una renovada tribuna que cambiará su estadio,Los Chankas ya cuentan con nueva tribuna sur: conoce las novedades que tendrá el renovado Estadio Los Chankas,"Los Chankas recibieron la nueva tribuna sur de su estadio, una obra que aumentará el aforo y tendrá espacios para la formación deportiva.","En medio de la complicada situación que atraviesanLos Chankasen esta segunda mitad del 2026, el cuadro andahuaylino recibió una buena noticia; y es que en las últimas horas fueron informados que se culminaron las obras de latribuna surdelEstadio Los Chankasy la misma ya queinauguraday entregada.",5,2,"Los Chankas recibieron la nueva tribuna sur de su estadio, una obra que aumentará el aforo y tendrá espacios para la formación deportiva. | El complicado presente de Los Chankas en la Liga 1 2026",True,3,"Los Chankas, Liga 1 del Fútbol Peruano, Estadios de Perú",2,1,Los Chankas,Los Chankas | Liga 1,312,1941,https://cdn.futbolperuano.com/sdi/2026/09/24/los-chankas-ya-cuentan-con-nueva-tribuna-sur-conoce-las-novedades-que-tendra-el-renovado-estadio-los-chankas-1358584.jpg,1200,Los Chankas ya cuentan con una nueva tribuna que ampliará el aforo de su estadio. Foto: Facebook Gobierno Regional de Apurímac,,https://www.futbolperuano.com/liga-1/noticias/los-chankas-ya-cuentan-con-nueva-tribuna-sur-conoce-las-novedades-que-tendra-el-renovado-estadio-los-chankas-602136,Gabriel Rey,liga-1
Los Chankas de Andahuaylas pierden jugador clave en el tramo final del Torneo Clausura,Figura de Los Chankas deja el equipo en el tramo final del Torneo Clausura,Los Chankas de Andahuaylas deberán afrontar la recta final del Torneo Clausura sin la presencia de uno de sus jugadores clave.,"A la mala racha de resultados que vienen atravesandoLos Chankasen el Torneo Clausura, se le sumará el hecho de sufrir una sensible baja para todo lo que resta del campeonato. El equipo andahuaylino perdió a uno de sus jugadores más regulares de la temporada.",8,2,Los Chankas de Andahuaylas deberán afrontar la recta final del Torneo Clausura sin la presencia de uno de sus jugadores clave. | ¿Qué jugador dejó Los Chankas en pleno Torneo Clausura?,False,2,"Los Chankas, Liga 1 del Fútbol Peruano",2,1,Los Chankas,Los Chankas | Torneo Clausura,354,2141,https://cdn.futbolperuano.com/sdi/2026/09/24/figura-de-los-chankas-deja-el-equipo-en-el-tramo-final-del-torneo-clausura-1358535.jpg,1200,Ayrthon Quintna con la camiseta de Los Chankas. Foto: Facebook,,https://www.futbolperuano.com/liga-1/noticias/figura-de-los-chankas-deja-el-equipo-en-el-tramo-final-del-torneo-clausura-602077,Robert Luna,liga-1
¡Oro para Perú! Diego Elías se consagró campeón de squash en los Juegos Suramericanos Santa Fe 2026,Diego Elías volvió a celebrar Perú y conquistó el oro squash masculino de Juegos Suramericanos 2026,Diego Elías volvió a poner a Perú en lo más alto tras conquistar el oro en squash masculino individual en Santa Fe 2026.,Diego Elíasvolvió a dejar el nombre del Perú en lo más alto. El destacado squashista nacional se consagró campeón de losJuegos Suramericanos Santa Fe 2026tras imponerse al colombiano Matías Knudsen en la final de singles masculino y quedarse con la medalla de oro.,9,1,Diego Elías volvió a poner a Perú en lo más alto tras conquistar el oro en squash masculino individual en Santa Fe 2026.,True,4,"Diego Elías, Squash, Juegos Suramericanos, Perú",2,1,Diego Elías,Diego Elías | Juegos Suramericanos Santa Fe 2026,317,1993,https://cdn.futbolperuano.com/sdi/2026/09/24/diego-elias-volvio-a-celebrar-peru-y-conquisto-el-oro-squash-masculino-de-juegos-suramericanos-2026-1358511.jpg,1200,Diego Elías ganó el oro para Perú en los Juegos Suramericanos. Foto: Andina,,https://www.futbolperuano.com/mas-deportes/noticias/diego-elias-volvio-a-celebrar-peru-y-conquisto-el-oro-squash-masculino-de-juegos-suramericanos-2026-602056,Joaquín Vásquez,mas-deportes
Ricardo Gareca contó la historia detrás del interés de Boca Juniors por dos jugadores peruanos,Ricardo Gareca contó la vez que lo llamaron desde Boca Juniors por dos jugadores peruanos,Ricardo Gareca reveló que Boca Juniors llegó a consultarle por dos jugadores peruanos y contó detalles de aquella conversación.,"Ricardo Garecavolvió a hablar de su vínculo conBoca Juniorsy sorprendió al revelar el motivo por el queJuan Román Riquelmellegó a comunicarse con él. El entrenador argentino, recordado en Perú por haber llevado a la Selección Peruana al Mundial de Rusia 2018, contó que el entonces mandamás del cuadro ‘Xeneize’ buscó conocer más detalles sobre dos futbolistas de la ‘Bicolor’.",12,3,Ricardo Gareca reveló que Boca Juniors llegó a consultarle por dos jugadores peruanos y contó detalles de aquella conversación. | ¿Por qué Riquelme llamó a Ricardo Gareca? | Carlos Zambrano sí terminó jugando en Boca Juniors,False,4,"Ricardo Gareca, Boca Juniors, Carlos Zambrano, Christian Cueva",2,1,Ricardo Gareca,Ricardo Gareca | Christian Cueva,420,2747,https://cdn.futbolperuano.com/sdi/2026/09/24/ricardo-gareca-conto-la-vez-que-lo-llamaron-desde-boca-juniors-por-dos-jugadores-peruanos-1358508.jpg,1200,La revelación de Ricardo Gareca sobre Boca Juniors y dos jugadores peruanos. Foto: Twitter Selección Peruana,,https://www.futbolperuano.com/seleccion/noticias/ricardo-gareca-conto-la-vez-que-lo-llamaron-desde-boca-juniors-por-dos-jugadores-peruanos-602054,Joaquín Vásquez,seleccion
Gianluca Lapadula podría ser titular ante Estados Unidos y formar dupla con Álex Valera en la Selección Peruana,Gianluca Lapadula podría ser titular en el duelo entre Perú vs.Estados Unidos,Gianluca Lapadula volvió a la Selección Peruana tras más de un año de ausencia y podría meterse en el once de Mano Menezes.,Gianluca Lapadulavolvió a laSelección Peruanadespués de más de un año y su buen momento con Universitario podría darle una oportunidad desde el arranque anteEstados Unidos.El delantero crema atraviesa una buena etapa en el Torneo Clausura y ahora aparece como una de las alternativas que podría utilizar Mano Menezes para el primer amistoso de la fecha FIFA.,10,1,Gianluca Lapadula volvió a la Selección Peruana tras más de un año de ausencia y podría meterse en el once de Mano Menezes.,False,3,"Selección Peruana, Gianluca Lapadula, Perú",2,1,Gianluca Lapadula,Gianluca Lapadula | Selección Peruana,378,2400,https://cdn.futbolperuano.com/sdi/2026/09/24/gianluca-lapadula-podria-ser-titular-en-el-duelo-entre-peru-vsestados-unidos-1358504.jpg,1200,Gianluca Lapadula podría ser titular ante Estados Unidos. Foto: Twitter Selección Peruana,,https://www.futbolperuano.com/seleccion/noticias/gianluca-lapadula-podria-ser-titular-en-el-duelo-entre-peru-vsestados-unidos-602048,Joaquín Vásquez,seleccion
Piero Magallanes y la emoción de su primera convocatoria con la Selección Peruana: “Espero dejar el apellido bien”,La confesión de Piero Magallanes que sorprendió en la Selección Peruana,Piero Magallanes fue convocado a la Selección Peruana y espera tener la oportunidad de sumar minutos.,Piero Magallanesvive uno de los momentos más importantes de su carrera. El delantero deSport Huancayorecibió su primera convocatoria a laSelección Peruanay no ocultó la emoción que le generó recibir el llamado para integrar el equipo nacional.,12,1,Piero Magallanes fue convocado a la Selección Peruana y espera tener la oportunidad de sumar minutos.,False,3,"Selección Peruana, Perú, Amistoso",2,1,Piero Magallanes,Piero Magallanes | Selección Peruana,403,2589,https://cdn.futbolperuano.com/sdi/2026/09/24/la-confesion-de-piero-magallanes-que-sorprendio-en-la-seleccion-peruana-1358505.jpg,1200,Piero Magallanes en la Selección Peruana. Foto: Twitter Selección Peruana,,https://www.futbolperuano.com/seleccion/noticias/la-confesion-de-piero-magallanes-que-sorprendio-en-la-seleccion-peruana-602049,Joaquín Vásquez,seleccion
Copa Perú: Deportivo Caysa presentó a su nuevo director técnico para la Etapa Nacional,Copa Perú: Deportivo Caysa presentó a su nuevo director técnico,Deportivo Caysa visitará este domingo al Atlético Torino en un encuentro correspondiente a la tercera fecha de la Etapa Nacional de la Copa Perú.,"ElDeportivo Caysa-campeón de la Liga Distrital de Chulucanas, tercer preclasificado de la Liga Provincial de Morropón y subcampeón de la Liga Departamental de Piura- presentó a su nuevo director técnico para encarar lo que resta de la Etapa Nacional de laCopa Perú 2026.",4,2,Deportivo Caysa visitará este domingo al Atlético Torino en un encuentro correspondiente a la tercera fecha de la Etapa Nacional de la Copa Perú. | Fecha 3 de la Etapa Nacional de la Copa Perú,True,3,"Deportivo Caysa, Copa Perú, Fútbol Peruano",2,1,Deportivo Caysa,Deportivo Caysa | Copa Perú 2026,197,1246,https://cdn.futbolperuano.com/sdi/2026/09/24/copa-peru-deportivo-caysa-presento-a-su-nuevo-director-tecnico-1358537.jpg,1200,Deportivo Caysa presentó a su nuevo director técnico. Foto: Facebook Club Deportivo Caysa De Yapatera,,https://www.futbolperuano.com/copa-peru/noticias/copa-peru-deportivo-caysa-presento-a-su-nuevo-director-tecnico-602082,Stewart Luya,copa-peru
Christian Cueva soltó inesperada confesión y reveló por qué pensó en retirarse del fútbol,Christian Cueva contó que estuvo a punto de dejar el fútbol en la temporada 2024,Christian Cueva atraviesa un buen momento con Sport Boys y habló sobre una etapa importante de su carrera.,"Christian Cuevasorprendió al revelar que estuvo cerca de dejar el fútbol profesional. El volante peruano contó que en 2024 llegó a pensar seriamente en retirarse y ponerle punto final a su carrera, en medio de un momento complicado tanto a nivel personal como deportivo.",10,1,Christian Cueva atraviesa un buen momento con Sport Boys y habló sobre una etapa importante de su carrera.,False,3,"Christian Cueva, Sport Boys, Liga 1 del Fútbol Peruano",2,1,Christian Cueva,Christian Cueva | Sport Boys,375,2264,https://cdn.futbolperuano.com/sdi/2026/09/24/christian-cueva-conto-que-estuvo-a-punto-de-dejar-el-futbol-en-la-temporada-2024-1358501.jpg,1200,Christian Cueva reveló que pensó retirarse. Foto: Twitter Copa Caliente,,https://www.futbolperuano.com/liga-1/noticias/christian-cueva-conto-que-estuvo-a-punto-de-dejar-el-futbol-en-la-temporada-2024-602046,Joaquín Vásquez,liga-1
Deportivo Binacional planifica su pretemporada para jugar la Liga 1 del 2027,Binacional planifica pretemporada para jugar la Liga 1 del 2027,"Pese a estar jugando actualmente la Liga 2, en Deportivo Binacional se encuentran seguros de volver a jugar la Liga 1 en el 2027.","Pese a que deportivamente,Binacionaltiene completamente cerrado el camino que lo lleve de regreso a laLiga 1, en el club juliaqueño existe la absoluta seguridad de que en el 2027 volverán a militar en la máxima categoría.",8,2,"Pese a estar jugando actualmente la Liga 2, en Deportivo Binacional se encuentran seguros de volver a jugar la Liga 1 en el 2027. | Binacional ya piensa en sus trabajos para la Liga 1",False,3,"Binacional, Liga 1 del Fútbol Peruano, Liga 2",2,1,Liga 1,Liga 1 | Liga 2,366,2179,https://cdn.futbolperuano.com/sdi/2026/09/24/binacional-planifica-pretemporada-para-jugar-la-liga-1-del-2027-1358526.jpg,1200,Binacional celebrando en la Liga 2. Foto: Facebook Club Binacional,,https://www.futbolperuano.com/liga-2/noticias/binacional-planifica-pretemporada-para-jugar-la-liga-1-del-2027-602064,Robert Luna,liga-2
León de Huánuco y sus jugadores para afrontar el torneo Tradición Copera,Los jugadores de León de Huánuco para Tradición Copera,León de Huánuco pretende armar un plantel competitivo para su debut en el nuevo torneo de ascenso Tradición Copera.,"Con el inicio del torneoTradición Coperaa la 'vuelta de la esquina', la mayoría de sus equipos participantes viene apurando el armado de sus respectivas plantillas. Uno de estos cuadros es el tradicionalLeón de Huánuco, que es uno de los llamados a ser animador del certamen.",10,2,León de Huánuco pretende armar un plantel competitivo para su debut en el nuevo torneo de ascenso Tradición Copera. | ¿Con qué jugadores afrontará León de Huánuco el torneo Tradición Copera?,False,2,"León de Huánuco, Tradición Copera",2,1,Tradición Copera,Tradición Copera | León de Huánuco,413,2456,https://cdn.futbolperuano.com/sdi/2026/09/24/los-jugadores-de-leon-de-huanuco-para-tradicion-copera-1358540.jpg,1200,Plantilla de León de Huánuco para Tradición Copera. Foto: Facebook Afición Deportiva,,https://www.futbolperuano.com/tradicion-copera/los-jugadores-de-leon-de-huanuco-para-tradicion-copera-602080,Robert Luna,tradicion-copera
Santiago Ormeño vuelve al gol tras dos años: anotó en la derrota de Montevideo Wanderers,Santiago Ormeño vuelve al gol tras dos años: anotó en la derrota de Montevideo Wanderers,Santiago Ormeño rompe su sequía goleadora tras marcar en la derrota de Montevideo Wanderers por 1-3 ante Sportivo Cerrito.,"Montevideo Wanderersno pudo conseguir la victoria ante Club Sportivo Cerrito por la tercera fecha de la Copa Uruguay, pero el encuentro tuvo un momento especial paraSantiago Ormeño. El delantero peruano volvió a marcar después de un largo periodo sin convertir y fue protagonista del empate parcial de su equipo.",10,1,Santiago Ormeño rompe su sequía goleadora tras marcar en la derrota de Montevideo Wanderers por 1-3 ante Sportivo Cerrito.,False,3,"Santiago Ormeño, Montevideo Wanderers, Peruanos en el Exterior",2,1,Montevideo Wanderers,Montevideo Wanderers | Santiago Ormeño,365,2370,https://cdn.futbolperuano.com/sdi/2026/09/24/santiago-ormeno-vuelve-al-gol-tras-dos-anos-anoto-en-la-derrota-de-montevideo-wanderers-1358494.jpg,1200,Santiago Ormeño. Foto: @Santorme,,https://www.futbolperuano.com/peruanos-en-el-exterior/noticias/santiago-ormeno-vuelve-al-gol-tras-dos-anos-anoto-en-la-derrota-de-montevideo-wanderers-602035,Gabriel Iberico,peruanos-en-el-exterior
Liga 2: Unión Minas emite un contundente comunicado en respuesta a Santos FC,Unión Minas emite un contundente comunicado en respuesta a Santos FC,Unión Minas visitará a Ayacucho FC en el Estadio Las Américas por la primera fecha del Grupo Campeonato A de la Liga 2.,"A través de un comunicado,Unión Minasrespondió a las acusaciones delSantos FCy afirmó que no mantiene deuda alguna con los integrantes de su plantel profesional (futbolistas, comando técnico y personal administrativo). Además, el 'Rodillo Minero' dio detalles de la salida de Jesús Álvarez y le pidió a la 'Máquina Azul' revisar con detenimiento el Reglamento de laLiga 2.",9,2,Unión Minas visitará a Ayacucho FC en el Estadio Las Américas por la primera fecha del Grupo Campeonato A de la Liga 2. | Comunicado de Unión Minas,False,3,"Unión Minas, Liga 2, Santos FC",2,1,Unión Minas,Unión Minas | Liga 2,508,3304,https://cdn.futbolperuano.com/sdi/2026/09/24/union-minas-emite-un-contundente-comunicado-en-respuesta-a-santos-fc-1358547.jpg,1200,Unión Minas emite un contundente comunicado. Foto: Facebook Unión Minas Centromin Pasco,,https://www.futbolperuano.com/liga-2/noticias/union-minas-emite-un-contundente-comunicado-en-respuesta-a-santos-fc-602093,Stewart Luya,liga-2
"Universitario toma drástica medida con Bryan Reyna tras polémicas declaraciones: ""Va a pasar factura""",Universitario: la medida que tomará con Bryan Reyna tras sus polémicas declaraciones,Bryan Reyna arremetió contra Héctor Cúper ante su falta de minutos en Universitario luego de la caída por 4-0 ante Deportivo Garcilaso en Cusco.,Universitario de Deportesatraviesa días de tensión luego de la derrota ante Deportivo Garcilaso y las declaraciones deBryan Reynasobre su situación dentro del equipo. El atacante expresó públicamente su malestar por la falta de oportunidades y cuestionó que incluso haya quedado fuera de las convocatorias durante lo que va delTorneo Clausura 2026.,8,1,Bryan Reyna arremetió contra Héctor Cúper ante su falta de minutos en Universitario luego de la caída por 4-0 ante Deportivo Garcilaso en Cusco.,False,3,"Universitario de Deportes, Bryan Reyna, Liga 1 del Fútbol Peruano",2,1,Universitario de Deportes,Universitario de Deportes | Torneo Clausura 2026,463,2922,https://cdn.futbolperuano.com/sdi/2026/09/24/universitario-la-medida-que-tomara-con-bryan-reyna-tras-sus-polemicas-declaraciones-1358488.jpg,1200,Bryan Reyna. Foto: Club Universitario de Deportes,,https://www.futbolperuano.com/liga-1/noticias/universitario-la-medida-que-tomara-con-bryan-reyna-tras-sus-polemicas-declaraciones-602020,Gabriel Iberico,liga-1
Con doblete de Narváez: ADT se impuso a Cienciano y alcanzó su primera victoria en el Torneo Clausura 2026,ADT vs.Cienciano en vivo online por la fecha 9 del Torneo Clausura de la Liga 1 2026,ADT vs. Cienciano se enfrentaron este miércoles 23 de septiembre por el duelo pendiente de la fecha 9 del Torneo Clausura en Tarma.,"¡La primera celebración! Con una gran actuación de John Narváez,ADT de Tarmase impuso aCiencianoen el Estadio Unión en su partido pendiente por la novena fecha y alcanzó su primera victoria en el Torneo Clausura de laLiga 1 2026.",16,2,ADT vs. Cienciano se enfrentaron este miércoles 23 de septiembre por el duelo pendiente de la fecha 9 del Torneo Clausura en Tarma. | PREVIA,False,4,"ADT de Tarma, Cienciano, Liga 1 del Fútbol Peruano, Liga 1",3,1,Liga 1 2026,Liga 1 2026 | ADT de Tarma | Cienciano,725,4299,https://cdn.futbolperuano.com/sdi/2026/09/23/adt-vscienciano-en-vivo-online-por-la-fecha-9-del-torneo-clausura-de-la-liga-1-2026-1358455.jpg,1200,ADT de Tarma derrotó a Cienciano por el Clausura 2026. Foto: Facebook Liga1 Te Apuesto,,https://www.futbolperuano.com/liga-1/noticias/adt-vscienciano-en-vivo-online-por-la-fecha-9-del-torneo-clausura-de-la-liga-1-2026-601611,Joaquín Vásquez,liga-1
Perú es clave: Piero Guaylupo rompe récord histórico y se gana su contrato con la UFC,Perú es clave: Piero Guaylupo rompe récord histórico y se gana su contrato con la UFC,"Perú tiene a un nuevo peleador en la promotora más importante de las MMA, Piero Guaylupo hizo historia en el octógono.","El nombre dePiero Guaylupoya quedó registrado en la historia de las artes marciales mixtas. El peleador peruano consiguió un contrato con laUFCdespués de vencer al inglés Callum Connor por decisión unánime en elDana White’s Contender Series, pero su victoria tuvo un ingrediente adicional: junto a su rival protagonizó un combate que superó una histórica marca de golpes significativos en la compañía.",12,1,"Perú tiene a un nuevo peleador en la promotora más importante de las MMA, Piero Guaylupo hizo historia en el octógono.",False,3,"Perú, UFC, MMA",2,1,Piero Guaylupo,Piero Guaylupo | UFC,522,3317,https://cdn.futbolperuano.com/sdi/2026/09/24/peru-es-clave-piero-guaylupo-rompe-record-historico-y-se-gana-su-contrato-con-la-ufc-1358492.jpg,1200,Piero Guaylupo. Foto: UFC,,https://www.futbolperuano.com/mas-deportes/noticias/peru-es-clave-piero-guaylupo-rompe-record-historico-y-se-gana-su-contrato-con-la-ufc-602024,Gabriel Iberico,mas-deportes
Deportivo Municipal ya tiene entrenador para disputar el torneo Tradición Copera 2026,Deportivo Municipal ya tiene entrenador para disputar el torneo Tradición Copera,"Deportivo Municipal fue ubicado en el Grupo B del Campeonato Nacional Tradición Copera, que inicia el sábado 24 de octubre.","El históricoDeportivo Municipal, cuatro veces campeón de la Primera División del Perú, comenzó a palpitar elCampeonato Nacional Tradición Copera—que se jugará del sábado 24 de octubre de 2026 al domingo 28 de febrero de 2027— y llegó a un acuerdo con un experimentado director técnico.",5,2,"Deportivo Municipal fue ubicado en el Grupo B del Campeonato Nacional Tradición Copera, que inicia el sábado 24 de octubre. | Calendario de Tradición Copera",True,3,"Deportivo Municipal, Tradición Copera, Fútbol Peruano",2,1,Deportivo Municipal,Deportivo Municipal | Campeonato Nacional Tradición Copera,268,1698,https://cdn.futbolperuano.com/sdi/2026/09/25/deportivo-municipal-ya-tiene-entrenador-para-disputar-el-torneo-tradicion-copera-1358727.jpg,1200,Deportivo Municipal confirma a su nuevo entrenador. Foto: Facebook Club Deportivo Municipal?,,https://www.futbolperuano.com/tradicion-copera/deportivo-municipal-ya-tiene-entrenador-para-disputar-el-torneo-tradicion-copera-602288,Stewart Luya,tradicion-copera
La Selección Peruana pierde a dos titulares por lesión para enfrentar a Estados Unidos,La Selección Peruana pierde a dos titulares por lesión para enfrentar a Estados Unidos,La Selección Peruana no podrá contar con dos futbolistas importantes para el amistoso ante Estados Unidos este sábado 26 de septiembre.,"LaSelección Peruanaultima detalles para su estreno en la gira por Norteamérica, pero el técnicoMano Menezesrecibió dos noticias que complican sus planes para el primer amistoso.André Carrillo y Oliver Sonneno vienen trabajando con normalidad y todo apunta a que quedarán fuera del partido contraEstados Unidos.",7,1,La Selección Peruana no podrá contar con dos futbolistas importantes para el amistoso ante Estados Unidos este sábado 26 de septiembre.,True,3,"Selección Peruana, Estados Unidos, Perú",2,1,Selección Peruana,Selección Peruana | Selección Peruana,393,2442,https://cdn.futbolperuano.com/sdi/2026/09/23/la-seleccion-peruana-pierde-a-dos-titulares-por-lesion-para-enfrentar-a-estados-unidos-1358473.jpg,1200,Perú sufre dos bajas para enfrentar a Estados Unidos. Foto: FPF,,https://www.futbolperuano.com/seleccion/noticias/la-seleccion-peruana-pierde-a-dos-titulares-por-lesion-para-enfrentar-a-estados-unidos-602007,Gabriel Iberico,seleccion
Liga 1: Así se movió la Tabla Acumulada tras el partido pendiente de ADT de Tarma ante Cienciano,La tabla acumulada de la Liga 1 2026 tras el partido pendiente de ADT ante Cienciano,Cienciano visitó al ADT de Tarma por la fecha 9 (pendiente) del Torneo Clausura y escaló en la Tabla Acumulada de la Liga 1 2026.,"¡Cambios en la tabla! Este miércoles 23 de septiembre se disputó el partido pendiente de la fecha 9 delTorneo Clausura 2026entre las escuadras de ADT de Tarma y Cienciano. Así, con el resultado conseguido por el 'Vendaval Celeste' en condición de local, se modificó ligeramente laTabla Acumuladade la Liga 1.",8,1,Cienciano visitó al ADT de Tarma por la fecha 9 (pendiente) del Torneo Clausura y escaló en la Tabla Acumulada de la Liga 1 2026.,False,3,"Liga 1, Cienciano, ADT de Tarma",2,1,Torneo Clausura 2026,Torneo Clausura 2026 | Tabla Acumulada,400,2309,https://cdn.futbolperuano.com/sdi/2026/09/23/la-tabla-acumulada-de-la-liga-1-2026-tras-el-partido-pendiente-de-adt-ante-cienciano-1358449.jpg,1200,La tabla acumulada de la Liga 1 2026. Foto: Facebook Liga1 Te Apuesto,,https://www.futbolperuano.com/liga-1/noticias/la-tabla-acumulada-de-la-liga-1-2026-tras-el-partido-pendiente-de-adt-ante-cienciano-601982,Jorge Cruzalegui,liga-1
Liga 1: Comisión Disciplinaria sanciona drásticamente a FC Cajamarca,Liga 1: Comisión Disciplinaria sanciona a FC Cajamarca,FC Cajamarca se ubica en el decimoquinto lugar de la tabla acumulada de la Liga 1 con 26 puntos (siete triunfos y seis empates).,"LaComisión Disciplinariade la Liga de Fútbol Profesional Peruana sancionó aFC Cajamarcacon una multa de1,5 UITpor la infracción al acápite 55.1 del artículo 55 del Reglamento de laLiga 1durante su partido anteAtlético Grau, disputado en el Estadio Héroes de San Ramón el pasado 21 de agosto de 2026.",8,2,FC Cajamarca se ubica en el decimoquinto lugar de la tabla acumulada de la Liga 1 con 26 puntos (siete triunfos y seis empates). | Resolución,False,3,"FC Cajamarca, Liga 1, Fútbol Peruano",2,1,FC Cajamarca,FC Cajamarca | Liga 1,424,2761,https://cdn.futbolperuano.com/sdi/2026/09/23/liga-1-comision-disciplinaria-sanciona-a-fc-cajamarca-1358462.jpg,1200,Comisión Disciplinaria sanciona a FC Cajamarca. Foto: Facebook Futbol CLUB Cajamarca,,https://www.futbolperuano.com/liga-1/noticias/liga-1-comision-disciplinaria-sanciona-a-fc-cajamarca-601994,Stewart Luya,liga-1
Resultados de Perú en los Juegos Suramericanos Santa Fe 2026: fútbol masculino,Resultados de Perú en los Juegos Suramericanos Santa Fe 2026,"Perú fue ubicado en el Grupo A de los Juegos Suramericanos Santa Fe 2026, que se desarrollan del 12 al 26 de septiembre.","¡Arranca el fútbol masculino en ODESUR! Argentina, Chile, Colombia, Panamá, Paraguay,Perú, Uruguay y Venezuela quedaron listos para debutar en losJuegos Suramericanos Santa Fe 2026, que se desarrollan en Argentina del 12 al 26 de septiembre.",3,2,"Perú fue ubicado en el Grupo A de los Juegos Suramericanos Santa Fe 2026, que se desarrollan del 12 al 26 de septiembre. | Fixture del Fútbol Masculino",True,3,"Perú, Juegos Suramericanos, Fútbol",2,1,Perú,Perú | Juegos Suramericanos Santa Fe 2026,153,1143,https://cdn.futbolperuano.com/sdi/2026/09/15/resultados-de-peru-en-los-juegos-suramericanos-santa-fe-2026-1357337.jpg,1200,Perú disputará los Juegos Suramericanos Santa Fe 2026. Foto: Facebook @SeleccionPeru,,https://www.futbolperuano.com/futbol-de-menores/resultados-de-peru-en-los-juegos-suramericanos-santa-fe-2026-600735,Stewart Luya,futbol-de-menores
Alianza Lima vs Boca Juniors: FOX Sports transmitirá la Noche Blanquiazul Vóley 2026,Alianza Lima: FOX Sports transmitirá la Noche Blanquiazul Vóley 2026,"Alianza Lima, Boca Juniors (Argentina), CAV Esquimo (España) y EC Pinheiros (Brasil) se verán las caras en la Noche Blanquiazul Vóley 2026.","Alianza Lima, Boca Juniors (Argentina), CAV Esquimo (España) y EC Pinheiros (Brasil) se darán cita en laNoche Blanquiazul Vóley 2026, cuadrangular amistoso que se disputará en el Polideportivo Luisa Estela Fuentes Quijandría del viernes 25 al domingo 27 de septiembre.",6,2,"Alianza Lima, Boca Juniors (Argentina), CAV Esquimo (España) y EC Pinheiros (Brasil) se verán las caras en la Noche Blanquiazul Vóley 2026. | Programación de la Noche Blanquiazul Vóley",True,3,"Alianza Lima, Boca Juniors, Noche Blanquiazul Vóley",2,1,Alianza Lima,Alianza Lima | Noche Blanquiazul Vóley 2026,275,2098,https://cdn.futbolperuano.com/sdi/2026/09/23/alianza-lima-fox-sports-transmitira-la-noche-blanquiazul-voley-2026-1358442.jpg,1200,FOX Sports transmitirá la Noche Blanquiazul Vóley. Foto: Facebook Alianza Lima Vóley / FOX Sports,,https://www.futbolperuano.com/liga-voley/alianza-lima-fox-sports-transmitira-la-noche-blanquiazul-voley-2026-601975,Stewart Luya,liga-voley
Defensor Lima y su estrategia para armar su plantel con miras a Tradición Copera,Defensor Lima y su estrategia para armarse para Tradición Copera,Defensor Lima es uno de los 25 equipos que se darán cita en la primera edición del nuevo torneo de Tradición Copera.,"Uno de los históricos de nuestro balompié,Defensor Lima, se hará presente en el nuevo torneo de ascensoTradición Copera, que le puede brindar la oportunidad de ascender a la próxima Liga 3 y así volver a pertenecer al fútbol profesional.",8,2,Defensor Lima es uno de los 25 equipos que se darán cita en la primera edición del nuevo torneo de Tradición Copera. | ¿Cómo se armará Defensor Lima para afrontar el torneo Tradición Copera?,False,2,"Defensor Lima, Tradición Copera",2,1,Tradición Copera,Tradición Copera | Defensor Lima,365,2141,https://cdn.futbolperuano.com/sdi/2026/09/23/defensor-lima-y-su-estrategia-para-armarse-para-tradicion-copera-1358431.jpg,1200,Defensor Lima. Foto: Facebook,,https://www.futbolperuano.com/tradicion-copera/defensor-lima-y-su-estrategia-para-armarse-para-tradicion-copera-601960,Robert Luna,tradicion-copera
Liga 3: Juventus de Huamachuco descendió a la Copa Perú 2027 tras una temporada para el olvido,Liga 3: Juventus de Huamachuco descendió a la Copa Perú 2027,"Juventus de Huamachuco suma tres triunfos, dos empates y nueve derrotas en el Grupo A de la Fase Regional de la Liga 3.","La Fase Regional de laLiga 3entró en su recta final y, de momento, son seis -de ocho- los equipos descendidos a laCopa Perú. Uno de ellos esJuventus de Huamachuco, que inició la temporada con grandes expectativas, pero no fue acompañado por los resultados.",5,2,"Juventus de Huamachuco suma tres triunfos, dos empates y nueve derrotas en el Grupo A de la Fase Regional de la Liga 3. | PROGRAMACIÓN DE LA FECHA 17 - LIGA 3",True,3,"Juventus de Huamachuco, Liga 3, Copa Perú",2,1,Liga 3,Liga 3 | Copa Perú,217,1320,https://cdn.futbolperuano.com/sdi/2026/09/23/liga-3-juventus-de-huamachuco-descendio-a-la-copa-peru-2027-1358417.jpg,1200,Juventus de Huamachuco descendió a la Copa Perú. Foto: Facebook Juventus FC Huamachuco / @aldryck_medina,,https://www.futbolperuano.com/liga-3/noticias/liga-3-juventus-de-huamachuco-descendio-a-la-copa-peru-2027-601951,Stewart Luya,liga-3
"Programación de HOY, jueves 24 de septiembre de 2026: Horarios del fútbol en vivo por televisión en el Perú","Programación de HOY, jueves 24 de septiembre de 2026: Horarios del fútbol en vivo por televisión en el Perú",Este jueves 2 de septiembre llega con una gran cartelera de partidos que podrás ver en vivo por todo el Perú en TV. Sigue la programación aquí.,"Este jueves 24 de septiembre alístate para una gran jornada de partidos, los cuales podrás disfrutar por TV en todos los rincones del Perú. La jornada empieza desde muy temprano con duelos de alto calibre para el inicio de la semana. Puedes ver laPROGRAMACIÓN COMPLETA AQUÍ.",8,1,Este jueves 2 de septiembre llega con una gran cartelera de partidos que podrás ver en vivo por todo el Perú en TV. Sigue la programación aquí.,False,3,"Programación, Fútbol por TV, Liga de Naciones",2,1,PROGRAMACIÓN COMPLETA AQUÍ.,PROGRAMACIÓN COMPLETA AQUÍ. | UEFA Nations League 2026/27,374,2187,https://cdn.futbolperuano.com/sdi/2026/09/23/programacion-de-hoy-jueves-24-de-septiembre-de-2026-horarios-del-futbol-en-vivo-por-television-en-el-peru-1358436.jpg,1200,Partidos del jueves 24 de septiembre. Foto: Difusión ,,https://www.futbolperuano.com/partidos-por-tv/noticias/programacion-de-hoy-jueves-24-de-septiembre-de-2026-horarios-del-futbol-en-vivo-por-television-en-el-peru-601970,Gabriel Iberico,partidos-por-tv
"Liga 3: DT de ASA FC debutó, ganó y se marchó sorpresivamente a un equipo de la Copa Perú","Liga 3: DT de ASA FC debutó, ganó y se marchó sorpresivamente",Amigos Siempre Amigos Fútbol Club (ASA FC) atraviesa un buen momento en la Fase Regional de la Liga 3 (Tercera División del Perú).,"Guillermo Estevesprotagonizó uno de los hechos más insólitos del fútbol peruano en lo que va de la temporada 2026. El DT, que hace unos días debutó en el banquillo delASA FCen laLiga 3, fue presentado este miércoles como nuevo director técnico delAtlético Nacional de Iquitos, equipo que disputa la Etapa Nacional de laCopa Perú.",4,2,Amigos Siempre Amigos Fútbol Club (ASA FC) atraviesa un buen momento en la Fase Regional de la Liga 3 (Tercera División del Perú). | PROGRAMACIÓN DE LA FECHA 17 - LIGA 3,True,3,"ASA FC, Liga 3, Copa Perú",2,1,Guillermo Esteves,Guillermo Esteves | Liga 3,255,1547,https://cdn.futbolperuano.com/sdi/2026/09/23/liga-3-dt-de-asa-fc-debuto-gano-y-se-marcho-sorpresivamente-1358404.jpg,1200,"DT de ASA FC debutó, ganó y se marchó sorpresivamente. Foto: Facebook ASA F. C.",,https://www.futbolperuano.com/liga-3/noticias/liga-3-dt-de-asa-fc-debuto-gano-y-se-marcho-sorpresivamente-601933,Stewart Luya,liga-3
Alianza Lima: Los precios de las entradas para el amistoso ante Palestino en el Estadio de Matute,Alianza Lima: precios de entradas para amistoso ante Palestino,Alianza Lima pactó un amistoso internacional frente a Palestino de Chile en el Estadio Alejandro Villanueva de La Victoria.,"¡A tomar nota! LaLiga 1se vio obligada a paralizarse debido a las próximas fechas FIFA de septiembre y octubre; sin embargo, algunos clubes de medio local, comoAlianza Lima, aprovecharán los días libres para ponerse a prueba internacionalmente.",8,1,Alianza Lima pactó un amistoso internacional frente a Palestino de Chile en el Estadio Alejandro Villanueva de La Victoria.,False,3,"Alianza Lima, palestino, Amistoso",2,1,Liga 1,Liga 1 | Alianza Lima,367,2117,https://cdn.futbolperuano.com/sdi/2026/09/23/alianza-lima-precios-de-entradas-para-amistoso-ante-palestino-1358421.jpg,1200,Federico Girotti en un partido en la Liga 1 2026. Foto: Facebook Club Alianza Lima,,https://www.futbolperuano.com/liga-1/noticias/alianza-lima-precios-de-entradas-para-amistoso-ante-palestino-601954,Jorge Cruzalegui,liga-1
Programación de la fecha 17 de la Fase Regional de la Liga 3: sin Unión Santo Domingo ni ASA FC,Programación de la fecha 17 de la Fase Regional de la Liga 3,La penúltima fecha de la Fase Regional de la Liga 3 no contará con la participación de Unión Santo Domingo ni de ASA FC.,"La Liga Nacional de Fútbol Aficionado (LINFA) dio a conocer la programación de la penúltima jornada de la Fase Regional de laLiga 3, la cual se disputará del viernes 25 al lunes 28 de septiembre en distintas partes del país.",3,2,La penúltima fecha de la Fase Regional de la Liga 3 no contará con la participación de Unión Santo Domingo ni de ASA FC. | PROGRAMACIÓN DE LA FECHA 17 - LIGA 3,True,3,"Liga 3, Unión Santo Domingo, ASA FC",2,1,Liga 3,Liga 3 | Liga 3,131,854,https://cdn.futbolperuano.com/sdi/2026/09/23/programacion-de-la-fecha-17-de-la-fase-regional-de-la-liga-3-1358434.jpg,1200,Programación de la fecha 17 de la Liga 3. Foto: Facebook Club Unión Santo Domingo,,https://www.futbolperuano.com/liga-3/noticias/programacion-de-la-fecha-17-de-la-fase-regional-de-la-liga-3-601966,Stewart Luya,liga-3
Perú cayó ante Argentina con un gol sobre el final y se despidió de la lucha por el oro en los Juegos Suramericanos,Perú vs Argentina EN VIVO por los Juegos Suramericanos,Perú perdióante Argentina en las semifinales de los Juegos Suramericanos 2026 y quedó fuera de la gran final tras un gol al minuto 89.,"Perúno pudo anteArgentinay perdió 1-0 en las semifinales de losJuegos Suramericanos 2026. La ‘Bicolor’ disputó un intenso encuentro en el Estadio Marcelo Bielsa y, cuando parecía que el partido se encaminaba al tiempo suplementario, un gol sobre el final terminó inclinando la balanza a favor de la ‘Albiceleste’.",16,2,Perú perdióante Argentina en las semifinales de los Juegos Suramericanos 2026 y quedó fuera de la gran final tras un gol al minuto 89. | Planteles,False,3,"Perú, Argentina, Juegos Suramericanos",3,1,Juegos Suramericanos 2026,Juegos Suramericanos 2026 | Perú | Juegos Suramericanos Santa Fe 2026,696,4633,https://cdn.futbolperuano.com/sdi/2026/09/23/peru-vs-argentina-en-vivo-por-los-juegos-suramericanos-1358406.jpg,1200,Perú cayó ante Argentina con un gol sobre el final. Foto: Twitter Selección Peruana,,https://www.futbolperuano.com/futbol-de-menores/peru-vs-argentina-en-vivo-por-los-juegos-suramericanos-601636,Stewart Luya,futbol-de-menores
Liga 1: Alianza Lima alista el regreso de un jugador para el tramo final del Torneo Clausura,Nicolás Díaz vuelve a Lima y se suma a los entrenamientos de Alianza Lima,Alianza Lima prepara el regreso de una pieza importante para el tramo final del Torneo Clausura.,Alianza Limarecibió una buena noticia durante el receso por fecha FIFA.Nicolás Díazllegará este jueves a Lima luego de pasar los últimos días en Chile junto a su familia y continuará con los trabajos del cuadro blanquiazul en Cieneguilla.,11,1,Alianza Lima prepara el regreso de una pieza importante para el tramo final del Torneo Clausura.,False,3,"Alianza Lima, Nicolás Díaz, Liga 1 del Fútbol Peruano",2,1,Alianza Lima,Alianza Lima | Torneo Clausura,420,2631,https://cdn.futbolperuano.com/sdi/2026/09/23/nicolas-diaz-vuelve-a-lima-y-se-suma-a-los-entrenamientos-de-alianza-lima-1358400.jpg,1200,Alianza Lima. Foto: Twitter Liga 1,,https://www.futbolperuano.com/liga-1/noticias/nicolas-diaz-vuelve-a-lima-y-se-suma-a-los-entrenamientos-de-alianza-lima-601930,Joaquín Vásquez,liga-1
¿Preocupación? La Selección Peruana y su historial de enfrentamientos ante Estados Unidos,Selección Peruana: historial de enfrentamientos ante Estados Unidos,La Selección Peruana afrontará un nuevo reto internacional cuando visite a Estados Unidos por la fecha FIFA de septiembre.,"Distinto camino es el que han recorrido laSelección Peruanay la deEstados Unidosen el último tiempo, pues mientras una no pudo clasificarse al último Mundial, la otra hizo un papel destacado en el mencionado certamen. Por ello, su próximo amistoso parece ser una prueba necesaria para la 'Bicolor'.",8,1,La Selección Peruana afrontará un nuevo reto internacional cuando visite a Estados Unidos por la fecha FIFA de septiembre.,False,3,"Selección Peruana, Selección de Estados Unidos, Amistoso",2,1,Selección Peruana,Selección Peruana | Selección Peruana,385,2297,https://cdn.futbolperuano.com/sdi/2026/09/23/seleccion-peruana-historial-de-enfrentamientos-ante-estados-unidos-1358408.jpg,1200,Oslimg Mora y Alex Valera entrenando con Perú. Foto: FPF,,https://www.futbolperuano.com/seleccion/noticias/seleccion-peruana-historial-de-enfrentamientos-ante-estados-unidos-601940,Jorge Cruzalegui,seleccion
¿Se acabó la novela? Diego Kochen le cierra la puerta a la Selección Peruana y reafirma su deseo por representar a Estados Unidos,Diego Kochen le cierra la puerta a la Selección Peruana,"Diego Kochen rompe su silencio y revela su deseo de consolidarse en Estados Unidos, cerrándole la puerta a la Selección Peruana.","El encuentro entre laSelección PeruanayEstados Unidostendrá un ingrediente especial por la presencia deDiego Kochen. El arquero, nacido en territorio estadounidense e hijo madre peruana, estará del otro lado en un encuentro que podría marcar su debut con la escuadra de 'Las Barras y las Estrellas', la cual parece haber decidido defender de forma definitiva.",11,1,"Diego Kochen rompe su silencio y revela su deseo de consolidarse en Estados Unidos, cerrándole la puerta a la Selección Peruana.",False,3,"Diego Kochen, Selección Peruana, Estados Unidos",2,1,Selección Peruana,Selección Peruana | Diego Kochen,427,2899,https://cdn.futbolperuano.com/sdi/2026/09/24/diego-kochen-le-cierra-la-puerta-a-la-seleccion-peruana-1358487.jpg,1200,Diego Kochen. Foto: FPF / USNMT,,https://www.futbolperuano.com/seleccion/noticias/diego-kochen-le-cierra-la-puerta-a-la-seleccion-peruana-602019,Gabriel Iberico,seleccion
Incertidumbre en Universitario: Jairo Concha aún no responde por su renovación de cara a la próxima temporada,Universitario espera una respuesta de Jairo Concha que puede cambiar sus planes para 2027,"Jairo Concha recibió una propuesta de renovación de Universitario, pero todavía no responde y su futuro en el club continúa sin definirse.","Jairo Conchatodavía no define si continuará enUniversitario de Deportespara la próxima temporada. El volante recibió una propuesta de renovación por parte de la institución hace aproximadamente tres semanas, pero hasta el momento no ha dado una respuesta sobre la oferta que tiene sobre la mesa.",11,1,"Jairo Concha recibió una propuesta de renovación de Universitario, pero todavía no responde y su futuro en el club continúa sin definirse.",False,3,"Universitario de Deportes, Jairo Concha, Liga 1 del Fútbol Peruano",2,1,Jairo Concha,Jairo Concha | Universitario de Deportes,404,2492,https://cdn.futbolperuano.com/sdi/2026/09/23/universitario-espera-una-respuesta-de-jairo-concha-que-puede-cambiar-sus-planes-para-2027-1358432.jpg,1200,Jairo Concha y una decisión pendiente que mantiene expectante a Universitario. Foto: Twitter Universitario de Deportes,,https://www.futbolperuano.com/liga-1/noticias/universitario-espera-una-respuesta-de-jairo-concha-que-puede-cambiar-sus-planes-para-2027-601944,Joaquín Vásquez,liga-1
Selección Peruana: ¿Qué canal transmitirá en vivo los amistosos de septiembre y octubre de 2026?,Selección Peruana: canal que transmitirán los amistosos de septiembre y octubre,Se confirmó el canal que transmitirá en vivo los amistosos de la Selección Peruana para las fechas FIFA de septiembre y octubre.,"¡Para no perdérselo! De la mano del técnico brasileño Mano Menezes, laSelección Peruanacontinuará con su preparación de cara a lo que serán las próximas eliminatorias sudamericanas rumbo al Mundial 2030. Por ello,la 'Bicolor' pacto 4 amistosos, los mismos que serán transmitidosen señal abierta.",8,1,Se confirmó el canal que transmitirá en vivo los amistosos de la Selección Peruana para las fechas FIFA de septiembre y octubre.,False,3,"Selección Peruana, Amistoso, Perú",2,1,Selección Peruana,Selección Peruana | competir oficialmente,385,2288,https://cdn.futbolperuano.com/sdi/2026/09/23/seleccion-peruana-canal-que-transmitiran-los-amistosos-de-septiembre-y-octubre-1358397.jpg,1200,Gianluca Lapadula y André Carrillo con la 'Bicolor'. Foto: FPF,,https://www.futbolperuano.com/seleccion/noticias/seleccion-peruana-canal-que-transmitiran-los-amistosos-de-septiembre-y-octubre-601927,Jorge Cruzalegui,seleccion
Copa Perú 2026: futbolista con pasado en la Liga 1 refuerza a Sport River,Copa Perú: futbolista con pasado en la Liga 1 refuerza a Sport River,Sport River recibirá este domingo a Deportivo El Inca en un encuentro correspondiente a la tercera jornada de la Etapa Nacional de la Copa Perú.,"Sport River, ganador de la Liga Distrital de Florencia de Mora, subcampeón de la Liga Provincial de Trujillo y campeón de la Liga Departamental de La Libertad, sorprendió a sus hinchas y presentó a su nuevo refuerzo para encarar lo que resta de laEtapa Nacionalde laCopa Perú.",5,2,Sport River recibirá este domingo a Deportivo El Inca en un encuentro correspondiente a la tercera jornada de la Etapa Nacional de la Copa Perú. | Fecha 3 de la Etapa Nacional de la Copa Perú,True,3,"Copa Perú, Sport River, Fútbol Peruano",2,1,Sport River,Sport River | Copa Perú,270,1520,https://cdn.futbolperuano.com/sdi/2026/09/23/copa-peru-futbolista-con-pasado-en-la-liga-1-refuerza-a-sport-river-1358376.jpg,1200,Futbolista con pasado en la Liga 1 refuerza a Sport River. Foto: Facebook FC Sport River,,https://www.futbolperuano.com/copa-peru/noticias/copa-peru-futbolista-con-pasado-en-la-liga-1-refuerza-a-sport-river-601903,Stewart Luya,copa-peru
Hansell Riojas contó cómo ayudaba al ‘Cuti’ Romero antes de que llegara a la Selección Argentina,Hansell Riojas compartió con el ‘Cuti’ Romero y contó un detalle de sus inicios en Belgrano,Hansell Riojas habló sobre su etapa en Belgrano y recordó cómo fue compartir vestuario con el ‘Cuti’ Romero.,"Mucho antes de convertirse en una de las figuras de la Selección Argentina,Cristian ‘Cuti’ Romerotuvo que atravesar sus primeros desafíos en el fútbol profesional. Uno de los futbolistas que compartió aquella etapa con el defensor fue el peruanoHansell Riojas, quien coincidió con él durante su paso porBelgrano de Córdobay ahora recordó detalles de aquellos años.",11,1,Hansell Riojas habló sobre su etapa en Belgrano y recordó cómo fue compartir vestuario con el ‘Cuti’ Romero.,False,3,"Hansell Riojas, Cristian Romero, Belgrano",2,1,Hansell Riojas,Hansell Riojas | Sport Boys,483,3051,https://cdn.futbolperuano.com/sdi/2026/09/23/hansell-riojas-compartio-con-el-cuti-romero-y-conto-un-detalle-de-sus-inicios-en-belgrano-1358349.jpg,1200,Hansell Riojas reveló un detalle del ‘Cuti’ Romero. Foto: Twitter Sport Boys,,https://www.futbolperuano.com/liga-1/noticias/hansell-riojas-compartio-con-el-cuti-romero-y-conto-un-detalle-de-sus-inicios-en-belgrano-601878,Joaquín Vásquez,liga-1
Atlético Nacional de Iquitos eligió su nuevo técnico para lo que resta de la Etapa Nacional de la Copa Perú 2026,Atlético Nacional de Iquitos tiene nuevo técnico para lo que resta de la Etapa Nacional de Copa Perú 2026,La dirigencia de Atlético Nacional de Iquitos encontró a su nuevo entrenador para afrontar la Etapa Nacional de la Copa Perú 2026.,"¡Nueva historia! Luego de algunos días de incertidumbre y en medio de su participación en la Etapa Nacional; finalmente, la dirigencia deAtlético Nacional de Iquitoshalló asu nuevo técnico, el mismo que comandará al equipo en lo que resta por jugarse de laCopa Perú 2026.",8,2,La dirigencia de Atlético Nacional de Iquitos encontró a su nuevo entrenador para afrontar la Etapa Nacional de la Copa Perú 2026. | ¿Qué se conoce sobre el nuevo técnico de ANI?,False,3,"Atlético Nacional de Iquitos, Copa Perú, Fútbol",2,1,Copa Perú 2026,Copa Perú 2026 | Liga 1,386,2282,https://cdn.futbolperuano.com/sdi/2026/09/23/atletico-nacional-de-iquitos-tiene-nuevo-tecnico-para-lo-que-resta-de-la-etapa-nacional-de-copa-peru-2026-1358358.jpg,1200,Plantel de ANI en la Copa Perú 2026. Foto: Facebook Atlético Nacional de Iquitos,,https://www.futbolperuano.com/copa-peru/noticias/atletico-nacional-de-iquitos-tiene-nuevo-tecnico-para-lo-que-resta-de-la-etapa-nacional-de-copa-peru-2026-601886,Jorge Cruzalegui,copa-peru
Copa Perú 2026: ¿Cuándo juega Atlético Torino ante Deportivo Caysa por la fecha 3 de la Etapa Nacional?,Copa Perú: ¿Cuándo juega Atlético Torino ante Deportivo Caysa por la Etapa Nacional?,Atlético Torino recibirá a Deportivo Caysa en el Estadio Campeonísimo por la fecha 3 de la Etapa Nacional de la Copa Perú 2026.,"¿Revancha a la vista? Las escuadras deAtlético TorinoyDeportivo Caysavolverán a verse las caras, aunque esta vez no será por la final departamental de Piura, sino por la tercera fecha de la Etapa Nacional de laCopa Perú 2026.",8,1,Atlético Torino recibirá a Deportivo Caysa en el Estadio Campeonísimo por la fecha 3 de la Etapa Nacional de la Copa Perú 2026.,False,3,"Atlético Torino, Deportivo Caysa, Copa Perú",2,1,Copa Perú 2026,Copa Perú 2026 | la tabla de posiciones,391,2277,https://cdn.futbolperuano.com/sdi/2026/09/23/copa-peru-cuando-juega-atletico-torino-ante-deportivo-caysa-por-la-etapa-nacional-1358368.jpg,1200,Atlético Torino recibirá a Deportivo Caysa en Talara. Foto: Facebook Club Atlético Torino,,https://www.futbolperuano.com/copa-peru/noticias/copa-peru-cuando-juega-atletico-torino-ante-deportivo-caysa-por-la-etapa-nacional-601896,Jorge Cruzalegui,copa-peru
Domingo Dianderas vs Bad Boys: Fecha y hora de la fecha 3 de la Etapa Nacional de la Copa Perú 2026,Domingo Dianderas vs Bad Boys: fecha y hora por Etapa Nacional de Copa Perú 2026,Domingo Dianderas se enfrentará a Bad Boys en la localidad de Chincha por la fecha 3 de la Etapa Nacional de la Copa Perú 2026.,¡Apunta a la cima! El sorpresivoDomingo Dianderassaldrá en busca de un nuevo triunfo que lo reafirme en lo más alto de la Etapa Nacional de laCopa Perú 2026cuando enfrente a un rival que conoce a la perfección comoBad Boys.,6,2,Domingo Dianderas se enfrentará a Bad Boys en la localidad de Chincha por la fecha 3 de la Etapa Nacional de la Copa Perú 2026. | ¿Qué otros partidos fueron programados de la fecha 3 de la Etapa Nacional?,True,3,"Domingo Dianderas, Bad Boys, Copa Perú",2,1,Copa Perú 2026,Copa Perú 2026 | Etapa Nacional,280,1636,https://cdn.futbolperuano.com/sdi/2026/09/23/domingo-dianderas-vs-bad-boys-fecha-y-hora-por-etapa-nacional-de-copa-peru-2026-1358382.jpg,1200,Domingo Dianderas vuelve a enfrentar a Bad Boys. Foto: Facebook Domingo Dianderas FC,,https://www.futbolperuano.com/copa-peru/noticias/domingo-dianderas-vs-bad-boys-fecha-y-hora-por-etapa-nacional-de-copa-peru-2026-601909,Jorge Cruzalegui,copa-peru
Copa Perú 2026: Domingo Dianderas ya luce nueva piel y sorprende firmando con popular marca peruana,Domingo Dianderas sorprendió y firmó con Walon para la Etapa Nacional de la Copa Perú,Domingo Dianderas sorprendió en plena Etapa Nacional de la Copa Perú y firmó un importante acuerdo.,"Domingo Dianderascontinúa dando pasos importantes dentro y fuera de la cancha. El tradicional club de Chincha, que en los últimos años ganó notoriedad por el proyecto liderado porJorge Luna, acaba de sumar una novedad que también apunta a fortalecer su imagen institucional.",9,1,Domingo Dianderas sorprendió en plena Etapa Nacional de la Copa Perú y firmó un importante acuerdo.,False,3,"Domingo Dianderas, Copa Perú, Jorge Luna",2,1,Domingo Dianderas,Domingo Dianderas | Etapa Nacional de la Copa Perú 2026,408,2480,https://cdn.futbolperuano.com/sdi/2026/09/23/domingo-dianderas-sorprendio-y-firmo-con-walon-para-la-etapa-nacional-de-la-copa-peru-1358395.jpg,1200,Domingo Dianderas firmó con popular marca. Foto: Instagram Domingo Dianderas,,https://www.futbolperuano.com/copa-peru/noticias/domingo-dianderas-sorprendio-y-firmo-con-walon-para-la-etapa-nacional-de-la-copa-peru-601919,Joaquín Vásquez,copa-peru
"Histórico estadio peruano, en el que se jugó la Primera División hasta la década de los 90, podría ser remodelado y recuperado","Prometen recuperar histórico estadio peruano, sede Liga 1 década de los 90","Un estadio, que es de los más antiguos e histórico del Perú, podría ser remodelado y recuperado en los próximos meses.","El Perú tiene una lista importante deestadiosque son considerados históricos; sin embargo, no todos han podido mantenerse a lo largo del tiempo, por lo que, conforme pasaron los años, fueron quedando en el olvido e incluso en el abandono.",8,2,"Un estadio, que es de los más antiguos e histórico del Perú, podría ser remodelado y recuperado en los próximos meses. | El histórico estadio peruano, que fue sede de la Primera División, que puede ser recuperado",False,3,"Estadios de Perú, Callao, Fútbol Peruano",2,1,estadios,estadios | Sport Boys,354,2134,https://cdn.futbolperuano.com/sdi/2026/09/23/prometen-recuperar-historico-estadio-peruano-sede-liga-1-decada-de-los-90-1358375.jpg,1200,Estadio Telmo Carbajo del Callao. Foto: Facebook,,https://www.futbolperuano.com/peru/mas-del-futbol-peruano/prometen-recuperar-historico-estadio-peruano-sede-liga-1-decada-de-los-90-601897,Robert Luna,peru
León de Huánuco suma refuerzos extranjeros para su debut en Tradición Copera,Refuerzos extranjeros de León de Huánuco para Tradición Copera,El club León de Huánuco se sigue armando para afrontar de la mejor manera el nuevo torneo de ascenso Tradición Copera.,"Luego de varios meses de inactividad, por haber optado en no participar de la Copa Perú 2026, el clubLeón de Huánucose viene alistando para sus regresos a las canchas, que será nada menos que en el torneo deTradición Copera.",9,2,El club León de Huánuco se sigue armando para afrontar de la mejor manera el nuevo torneo de ascenso Tradición Copera. | Los refuerzos extranjeros de León de Huánuco para Tradición Copera,False,2,"León de Huánuco, Tradición Copera",2,1,Tradición Copera,Tradición Copera | León de Huánuco,383,2237,https://cdn.futbolperuano.com/sdi/2026/09/23/refuerzos-extranjeros-de-leon-de-huanuco-para-tradicion-copera-1358398.jpg,1200,Refuerzos de León de Huánuco para Tradición Copera. Foto: Facebook Club León de Huánuco,,https://www.futbolperuano.com/tradicion-copera/refuerzos-extranjeros-de-leon-de-huanuco-para-tradicion-copera-601928,Robert Luna,tradicion-copera
Copa Perú: Deportivo El Inca presentó a su nuevo refuerzo para la Etapa Nacional,Copa Perú: Deportivo El Inca presentó a su nuevo refuerzo,Deportivo El Inca visitará a Sport River en un encuentro correspondiente a la tercera jornada de la Etapa Nacional de la Copa Perú.,"Deportivo El Inca, ganador de la Liga Distrital de Chao, campeón de la Liga Provincial de Virú y subcampeón de la Liga Departamental de La Libertad, le dio la bienvenida a su nuevo refuerzo para disputar lo que resta de laEtapa Nacionalde laCopa Perú.",6,2,Deportivo El Inca visitará a Sport River en un encuentro correspondiente a la tercera jornada de la Etapa Nacional de la Copa Perú. | Fecha 3 de la Etapa Nacional de la Copa Perú,True,3,"Deportivo El Inca, Copa Perú, Fútbol Peruano",2,1,Deportivo El Inca,Deportivo El Inca | Copa Perú,273,1603,https://cdn.futbolperuano.com/sdi/2026/09/23/copa-peru-deportivo-el-inca-presento-a-su-nuevo-refuerzo-1358381.jpg,1200,Deportivo El Inca presentó a su nuevo refuerzo. Foto: Facebook Club Deportivo El Inca Oficial,,https://www.futbolperuano.com/copa-peru/noticias/copa-peru-deportivo-el-inca-presento-a-su-nuevo-refuerzo-601908,Stewart Luya,copa-peru
Revelan qué piensa Héctor Cúper sobre Bryan Reyna y sus polémicas declaraciones tras la derrota de Universitario,Héctor Cúper y su postura tras las polémicas declaraciones de Bryan Reyna que sacudieron a Universitario de Deportes,"Tras las polémicas declaraciones de Bryan Reyna, Gustavo Peralta reveló detalles sobre la postura de Héctor Cúper en Universitario.","Luego de la abultada derrota a manos de Deportivo Garcilaso, la situación enUniversitario de Deporteses bastante incierta, más aún luego de las duras y polémicas declaraciones deBryan Reyna, quien cuestionó las pocas oportunidades que viene teniendo en el cuadro ‘Crema’, más aún tras la llegada deHéctor Cúper.",6,1,"Tras las polémicas declaraciones de Bryan Reyna, Gustavo Peralta reveló detalles sobre la postura de Héctor Cúper en Universitario.",False,3,"Universitario de Deportes, Héctor Cúper, Bryan Reyna",2,1,Universitario de Deportes,Universitario de Deportes | Héctor Cúper,410,2326,https://cdn.futbolperuano.com/sdi/2026/09/23/hector-cuper-y-su-postura-tras-las-polemicas-declaraciones-de-bryan-reyna-que-sacudieron-a-universitario-de-deportes-1358314.jpg,1200,Revelan qué pensaría Héctor Cúper sobre las declaraciones de Bryan Reyna. Foto: Facebook Universitario de Deportes,,https://www.futbolperuano.com/liga-1/noticias/hector-cuper-y-su-postura-tras-las-polemicas-declaraciones-de-bryan-reyna-que-sacudieron-a-universitario-de-deportes-601833,Gabriel Rey,liga-1
Atlético Evza va por más en la Copa Perú y aseguró a un futbolista que viene con pasado reciente en la Liga 1,Atlético Evza aseguró a Anthony Cubas para la Etapa Nacional de la Copa Perú 2026,Atlético Evza sorprendió en plena Etapa Nacional de la Copa Perú y sumó un refuerzo con pasado reciente en la Liga 1.,"Atlético Evzacontinúa reforzando su plantel mientras disputa laEtapa Nacional de la Copa Perú 2026. El conjunto huanuqueño anunció la incorporación deAnthony Cubas, extremo derecho que llega procedente de ADT de Tarma y ADA Jaén, equipos que compiten en la Liga 1 y Liga 2.",7,2,Atlético Evza sorprendió en plena Etapa Nacional de la Copa Perú y sumó un refuerzo con pasado reciente en la Liga 1. | ¿Cuando juega el Atlético Evza en Copa Perú?,False,3,"Atlético EVZA, Copa Perú, Liga 1 del Fútbol Peruano",2,1,Atlético Evza,Atlético Evza | Etapa Nacional de la Copa Perú 2026,365,2233,https://cdn.futbolperuano.com/sdi/2026/09/23/atletico-evza-aseguro-a-anthony-cubas-para-la-etapa-nacional-de-la-copa-peru-2026-1358342.jpg,1200,Atlético Evza sorprendió con un nuevo fichaje para la Copa Perú. Foto: Facebook Club Atlético Evza,,https://www.futbolperuano.com/copa-peru/noticias/atletico-evza-aseguro-a-anthony-cubas-para-la-etapa-nacional-de-la-copa-peru-2026-601868,Joaquín Vásquez,copa-peru
Copa Perú: Deportivo Caysa se quedó sin entrenador para la Etapa Nacional,Copa Perú: Deportivo Caysa se quedó sin entrenador,Deportivo Caysa visitará al Atlético Torino en un encuentro correspondiente a la tercera jornada de la Etapa Nacional de la Copa Perú.,"ElDeportivo Caysa, campeón de la Liga Distrital de Chulucanas, tercer preclasificado de la Liga Provincial de Morropón y subcampeón de la Liga Departamental de Piura, se quedó sin entrenador para lo que resta de laEtapa Nacionalde laCopa Perú.",5,2,Deportivo Caysa visitará al Atlético Torino en un encuentro correspondiente a la tercera jornada de la Etapa Nacional de la Copa Perú. | Fecha 3 de la Etapa Nacional de la Copa Perú,True,3,"Deportivo Caysa, Copa Perú, Fútbol Peruano",2,1,Deportivo Caysa,Deportivo Caysa | Copa Perú,220,1348,https://cdn.futbolperuano.com/sdi/2026/09/23/copa-peru-deportivo-caysa-se-quedo-sin-entrenador-1358392.jpg,1200,Deportivo Caysa se quedó sin entrenador. Foto: Facebook Club Deportivo Caysa De Yapatera,,https://www.futbolperuano.com/copa-peru/noticias/copa-peru-deportivo-caysa-se-quedo-sin-entrenador-601920,Stewart Luya,copa-peru
Marco Huamán sorprendió con mensaje a Mano Menezes antes de los amistosos de la Selección Peruana,Marco Huamán dejó contundente mensaje a Mano Menezes antes de los amistosos de Perú,Marco Huamán habló antes del Perú vs. Estados Unidos y dejó un mensaje para Mano Menezes.,"LaSelección Peruanadebutará este sábado ante Estados Unidos por fecha FIFA, en un partido que también representará una nueva oportunidad para varios futbolistas que buscan convencer al comando técnico deMano Menezes. Uno de ellos esMarco Huamán, quien viene trabajando con el grupo y dejó claro que está listo para aprovechar cualquier oportunidad que reciba.",10,2,Marco Huamán habló antes del Perú vs. Estados Unidos y dejó un mensaje para Mano Menezes. | ¿Cómo le fue a Perú en los primeros partidos de Mano Menezes?,False,4,"Selección Peruana, Marco Huamán, Estados Unidos, Mano Menezes",2,1,Selección Peruana,Selección Peruana | Marco Huamán,391,2441,https://cdn.futbolperuano.com/sdi/2026/09/23/marco-huaman-dejo-contundente-mensaje-a-mano-menezes-antes-de-los-amistosos-de-peru-1358357.jpg,1200,Marco Huamán le dejó un mensaje a Mano Menezes. Foto: Twitter Selección Peruana,,https://www.futbolperuano.com/seleccion/noticias/marco-huaman-dejo-contundente-mensaje-a-mano-menezes-antes-de-los-amistosos-de-peru-601884,Joaquín Vásquez,seleccion
Tradición Copera: 20 grandes ausencias en la primera edición del torneo,Los 20 grandes equipos ausentes en Tradición Copera,El torneo Tradición Copera ya cuenta con los 25 equipos que competirán en su primera edición buscando el ansiado ascenso.,"Todo va quedando listo para que se juegue la primera edición del torneoTradición Copera, que contará con 25 equipos participantes, todos con un solo objetivo: lograr el ascenso al fútbol profesional.",20,3,El torneo Tradición Copera ya cuenta con los 25 equipos que competirán en su primera edición buscando el ansiado ascenso. | ¿Qué clubes quedaron fuera de la primera edición de Tradición Copera? | Los 20 ausentes de Tradición Copera,True,3,"Tradición Copera, Atlético Torino, FBC Aurora",2,1,Tradición Copera,Tradición Copera | Atlético Torino,816,4884,https://cdn.futbolperuano.com/sdi/2026/09/22/los-20-grandes-equipos-ausentes-en-tradicion-copera-1358268.jpg,1200,Atlético Torino no jugará en Tradición Copera. Foto: Facebook Club Atlético Torino,,https://www.futbolperuano.com/peru/mas-del-futbol-peruano/los-20-grandes-equipos-ausentes-en-tradicion-copera-601774,Robert Luna,peru
¿Jugadores extranjeros podrán participar del nuevo torneo Tradición Copera?,¿Se permitirá jugadores extranjeros en Tradición Copera?,"Cada vez falta menos para que se inicie el nuevo torneo de Tradición Copera, que reunirá hasta a 25 equipos participantes.","Gran expectativa viene generando el torneoTradición Copera, un nuevo certamen que otorgará la posibilidad de ascender a la Liga 3. Serán 25 los equipos que se harán presente en su primera edición.",8,3,"Cada vez falta menos para que se inicie el nuevo torneo de Tradición Copera, que reunirá hasta a 25 equipos participantes. | ¿Los equipos se podrán reforzar con jugadores extranjeros en Tradición Copera? | Los grupos de Tradición Copera",True,3,"Tradición Copera, Deportivo Municipal, León de Huánuco",2,1,Tradición Copera,Tradición Copera | Copa Perú,431,2447,https://cdn.futbolperuano.com/sdi/2026/09/23/se-permitira-jugadores-extranjeros-en-tradicion-copera-1358346.jpg,1200,"José Gálvez de Chimbote, uno de los participantes de Tradición Copera. Foto: Facebook Club José Gálvez",,https://www.futbolperuano.com/tradicion-copera/se-permitira-jugadores-extranjeros-en-tradicion-copera-601870,Robert Luna,tradicion-copera
Copa Perú 2026: Cruz de Chalpón sorprende con nuevo refuerzo para la Etapa Nacional,Cruz de Chalpón suma nuevo refuerzo para Etapa Nacional Copa Perú 2026,"Con el objetivo de seguir sumando en la Etapa Nacional de la Copa Perú 2026, el equipo de Cruz de Chalpón sumó un nuevo refuerzo.","Si bien ya se jugaron dos fechas de la Etapa Nacional de laCopa Perú 2026, los equipos aún siguen sumando refuerzos con el objetivo de llegar lo más lejos posible en el 'Torneo del Fútbol Macho'.",7,2,"Con el objetivo de seguir sumando en la Etapa Nacional de la Copa Perú 2026, el equipo de Cruz de Chalpón sumó un nuevo refuerzo. | El nuevo refuerzo de Cruz de Chalpón para la Etapa Nacional de la Copa Perú 2026",False,2,"Cruz de Chalpón, Copa Perú",2,1,Copa Perú 2026,Copa Perú 2026 | Cruz de Chalpón,332,1974,https://cdn.futbolperuano.com/sdi/2026/09/23/cruz-de-chalpon-suma-nuevo-refuerzo-para-etapa-nacional-copa-peru-2026-1358361.jpg,1200,Cruz de Chalpón en la Copa Perú 2026. Foto: Facebook Club Cruz de Chalpón,,https://www.futbolperuano.com/copa-peru/noticias/cruz-de-chalpon-suma-nuevo-refuerzo-para-etapa-nacional-copa-peru-2026-601883,Robert Luna,copa-peru
Patrick Zubczuk y su respuesta tras no aparecer en la lista de Mano Menezes para los amistosos de la Selección Peruana,Patrick Zubczuk respondió tras no ser convocado por la Selección Peruana,Patrick Zubczuk atraviesa un momento importante en su carrera y mantiene la ilusión de ser convocado.,"LaSelección Peruanaya tiene definida su agenda para la próxima gira por Norteamérica, donde disputará cuatro partidos amistosos ante Estados Unidos, México, Canadá y Colombia. Sin embargo, la convocatoria también dejó algunos nombres que quedaron fuera de la lista pese a atravesar un buen momento en la Liga 1. Uno de ellos esPatrick Zubczuk, quien habló sobre su ausencia y reconoció que le hubiese gustado recibir el llamado de la ‘Bicolor’.",11,1,Patrick Zubczuk atraviesa un momento importante en su carrera y mantiene la ilusión de ser convocado.,False,4,"Selección Peruana, Patrick Zubczuk, Deportivo Garcilaso, Liga 1 del Fútbol Peruano",2,1,Selección Peruana,Selección Peruana | Patrick Zubczuk,442,2774,https://cdn.futbolperuano.com/sdi/2026/09/23/patrick-zubczuk-respondio-tras-no-ser-convocado-por-la-seleccion-peruana-1358335.jpg,1200,Patrick Zubzuck. Foto: Twitter Deportivo Garcilaso,,https://www.futbolperuano.com/seleccion/noticias/patrick-zubczuk-respondio-tras-no-ser-convocado-por-la-seleccion-peruana-601852,Joaquín Vásquez,seleccion
Erick Noriega habló sobre su relación futbolística con Mano Menezes y confirmó dónde jugará durante los próximos amistosos de Perú,Erick Noriega confirmó la posición en la que será utilizado por Mano Menezes en la Selección Peruana,Erick Noriega señaló que conoce lo que Mano Menezes le pide como defensor y destacó el trabajo realizado durante los microciclos con Perú.,"LaSelección Peruanaya se encuentra en Estados Unidos, preparándose para los duelos amistosos ante Colombia, Canadá, USA y México, bajo las órdenes deMano Menezes, quien poco a poco va implantando su idea de juego en el plantel algo confirmado por el jugador de Gremio,Erick Noriega, quien será tomado en cuenta como defensor central y no como volante.",4,1,Erick Noriega señaló que conoce lo que Mano Menezes le pide como defensor y destacó el trabajo realizado durante los microciclos con Perú.,True,3,"Erick Noriega, Selección Peruana, Mano Menezes",2,1,Selección Peruana,Selección Peruana | Erick Noriega,289,1713,https://cdn.futbolperuano.com/sdi/2026/09/22/erick-noriega-confirmo-la-posicion-en-la-que-sera-utilizado-por-mano-menezes-en-la-seleccion-peruana-1358296.jpg,1200,Erick Noriega contó cómo viene asimilando la idea de Mano Menezes. Foto: Facebook Selección Peruana,,https://www.futbolperuano.com/seleccion/noticias/erick-noriega-confirmo-la-posicion-en-la-que-sera-utilizado-por-mano-menezes-en-la-seleccion-peruana-601814,Gabriel Rey,seleccion
Copa Perú 2026: ¿Cómo se jugarán los partidos de la fecha 3 de la Etapa Nacional del ‘Fútbol Macho’?,Copa Perú 2026: ¿Cómo se jugarán los partidos de la fecha 3 de la Etapa Nacional?,Se dio a conocer la programación oficial de lo que será la tercera jornada de la Etapa Nacional de la Copa Perú 2026.,"LaCopa Perú 2026no sabe de descanso, motivo por el cuál ya se dio a conocer la programación oficial de la tercera jornada de laEtapa Nacional, fecha que en un inicio estaba pactada para disputarse este próximo miércoles 23 y jueves 24 de septiembre, pero que finalmente se disputará entre el sábado 26 y domingo 27 del mismo mes.",3,2,Se dio a conocer la programación oficial de lo que será la tercera jornada de la Etapa Nacional de la Copa Perú 2026. | Programación de la fecha 3 de la Etapa Nacional de la Copa Perú,True,3,"Copa Perú, Perú, Domingo Dianderas",2,1,Copa Perú 2026,Copa Perú 2026 | Tabla de Posiciones,188,1028,https://cdn.futbolperuano.com/sdi/2026/09/23/copa-peru-2026-como-se-jugaran-los-partidos-de-la-fecha-3-de-la-etapa-nacional-1358320.jpg,1200,Conoce como se jugará la fecha 3 de la Etapa Nacional de la Copa Perú 2026. Foto: Facebook Domingo Dianderas,,https://www.futbolperuano.com/copa-peru/noticias/copa-peru-2026-como-se-jugaran-los-partidos-de-la-fecha-3-de-la-etapa-nacional-601841,Gabriel Rey,copa-peru
Mano Menezes rompe su silencio y explica por qué Renato Tapia sigue fuera de la Selección Peruana,Mano Menezes rompe su silencio y explica por qué Renato Tapia sigue fuera de la Selección Peruana,Mano Menezes decidió romper su silencio y reveló la razón por la cual no convocó a Renato Tapia para los partidos en Norteamérica.,"LaSelección Peruanaya trabaja en Estados Unidos con miras a sus próximos amistosos internacionales, pero una de las ausencias que continúa generando atención es la deRenato Tapia. El mediocampista de Al Wasl volvió a quedar fuera de la convocatoria deMano Menezesy no forma parte del plantel nacional desde septiembre de 2025.",10,1,Mano Menezes decidió romper su silencio y reveló la razón por la cual no convocó a Renato Tapia para los partidos en Norteamérica.,False,3,"Mano Menezes, Renato Tapia, Selección Peruana",2,1,Selección Peruana,Selección Peruana | Renato Tapia,448,2883,https://cdn.futbolperuano.com/sdi/2026/09/22/mano-menezes-rompe-su-silencio-y-explica-por-que-renato-tapia-sigue-fuera-de-la-seleccion-peruana-1358298.jpg,1200,Mano Menezes y Renato Tapia. Foto: FPF,,https://www.futbolperuano.com/seleccion/noticias/mano-menezes-rompe-su-silencio-y-explica-por-que-renato-tapia-sigue-fuera-de-la-seleccion-peruana-601815,Gabriel Iberico,seleccion
¿Cuántos equipos descenderán del Campeonato Nacional Tradición Copera 2026?,¿Cuántos equipos descenderán del Campeonato Nacional Tradición Copera?,El Campeonato Nacional Tradición Copera se jugará del sábado 24 de octubre de 2026 al domingo 28 de febrero de 2027.,La Liga Nacional de Fútbol Aficionado (LINFA) dio a conocer las Bases Específicas delCampeonato Nacional Tradición Copera-que se jugará del sábado 24 de octubre de 2026 al domingo 28 de febrero de 2027- y dio detalles sobre losascensosydescensos.,3,2,El Campeonato Nacional Tradición Copera se jugará del sábado 24 de octubre de 2026 al domingo 28 de febrero de 2027. | Bases Específicas,True,3,"Tradición Copera, Nacional, Fútbol Peruano",2,1,Campeonato Nacional Tradición Copera,Campeonato Nacional Tradición Copera | Campeonato Nacional Tradición Copera,126,822,https://cdn.futbolperuano.com/sdi/2026/09/22/cuantos-equipos-descenderan-del-campeonato-nacional-tradicion-copera-1358257.jpg,1200,Tradición Copera 2026. Foto: Facebook Club Atlético Torino,,https://www.futbolperuano.com/peru/mas-del-futbol-peruano/cuantos-equipos-descenderan-del-campeonato-nacional-tradicion-copera-601769,Stewart Luya,peru
Fabián Bustos podría volver a Universitario para afrontar la recta final del Torneo Clausura 2026?,Universitario: esto se sabe sobre el posible regreso de Fabián Bustos,"Tras caer por 4-0 en Cusco, incrementaron los cuestionamientos hacia Héctor Cúper en Universitario y el nombre de Fabián Bustos tomó fuerza.","Universitario de Deportesatraviesa un momento de incertidumbre después de la contundente derrota por 4-0 frente a Deportivo Garcilaso en Cusco. El resultado no solo hizo que los cremas cedieran la punta delTorneo Clausura 2026, sino que también generó cuestionamientos alrededor del funcionamiento del equipo dirigido porHéctor Cúper.",10,1,"Tras caer por 4-0 en Cusco, incrementaron los cuestionamientos hacia Héctor Cúper en Universitario y el nombre de Fabián Bustos tomó fuerza.",False,3,"Fabián Bustos, Universitario de Deportes, Liga 1 del Fútbol Peruano",2,1,Universitario de Deportes,Universitario de Deportes | Torneo Clausura 2026,381,2557,https://cdn.futbolperuano.com/sdi/2026/09/22/universitario-esto-se-sabe-sobre-el-posible-regreso-de-fabian-bustos-1358254.jpg,1200,Fabián Bustos. Foto: Club Universitario de Deportes,,https://www.futbolperuano.com/liga-1/noticias/universitario-esto-se-sabe-sobre-el-posible-regreso-de-fabian-bustos-601766,Gabriel Iberico,liga-1
Deportivo Garcilaso: el plan de Lisandro Greppo para aprovechar el receso y seguir en lo más alto del Torneo Clausura,Deportivo Garcilaso: el plan de Lisandro Greppo para aprovechar el receso y seguir en lo más alto del Torneo Clausura,Deportivo Garcilaso goleó por 4-0 a Universitario y recuperó la cima del Torneo Clausura antes de la para por la fecha FIFA.,"Deportivo Garcilasocerró la décima jornada delTorneo Clausura 2026con una actuación contundente que le permitió recuperar el primer lugar de la clasificación. El cuadro cusqueño derrotó 4-0 a Universitario de Deportes y alcanzó los 22 puntos, colocándose nuevamente como líder cuando todavía quedan siete fechas para definir al ganador.",8,1,Deportivo Garcilaso goleó por 4-0 a Universitario y recuperó la cima del Torneo Clausura antes de la para por la fecha FIFA.,True,3,"Deportivo Garcilaso, Liga 1 del Fútbol Peruano, Torneo Clausura",2,1,Deportivo Garcilaso,Deportivo Garcilaso | Torneo Clausura 2026,386,2469,https://cdn.futbolperuano.com/sdi/2026/09/22/deportivo-garcilaso-el-plan-de-lisandro-greppo-para-aprovechar-el-receso-y-seguir-en-lo-mas-alto-del-torneo-clausura-1358246.jpg,1200,Deportivo Garcilaso es líder del Torneo Clausura. Foto: Club Deportivo Garcilaso,,https://www.futbolperuano.com/liga-1/noticias/deportivo-garcilaso-el-plan-de-lisandro-greppo-para-aprovechar-el-receso-y-seguir-en-lo-mas-alto-del-torneo-clausura-601757,Gabriel Iberico,liga-1
Sport Boys en alerta por una de sus figuras: esperan conocer su diagnóstico para la recta final del Torneo Clausura,Sport Boys en alerta por una de sus figuras: se realizará una resonancia y esperan conocer su diagnóstico,Sport Boys podría afrontar lo que resta del Torneo Clausura 2026 con la ausencia de una de sus principales figuras del plantel.,"Sport Boysafronta la recta final delTorneo Clausura 2026con la ilusión de seguir escalando posiciones y meterse en la pelea por los objetivos de la temporada. El conjunto chalaco ocupa actualmente el octavo lugar con 18 puntos, a cuatro unidades de Deportivo Garcilaso, que lidera la clasificación, cuando todavía quedan siete jornadas por disputar.",9,1,Sport Boys podría afrontar lo que resta del Torneo Clausura 2026 con la ausencia de una de sus principales figuras del plantel.,False,3,"Sport Boys, Liga 1 del Fútbol Peruano, Nicolás da Campo",2,1,Sport Boys,Sport Boys | Torneo Clausura 2026,381,2410,https://cdn.futbolperuano.com/sdi/2026/09/22/sport-boys-en-alerta-por-una-de-sus-figuras-se-realizara-una-resonancia-y-esperan-conocer-su-diagnostico-1358279.jpg,1200,Sport Boys podría perder a figura importante. Foto: Club Sport Boys Association,,https://www.futbolperuano.com/liga-1/noticias/sport-boys-en-alerta-por-una-de-sus-figuras-se-realizara-una-resonancia-y-esperan-conocer-su-diagnostico-601798,Gabriel Iberico,liga-1
Copa Perú 2026: el imponente estadio de la selva que asombró en la Etapa Nacional,Estadio de la selva sorprende en la Etapa Nacional Copa Perú 2026,La Etapa Nacional de la Copa Perú 2026 ha permitido conocer uno de los estadios más modernos de la selva de nuestro país.,"El arranque de la presente Etapa Nacional de laCopa Perú 2026no solo ha permitido ver en acción a los aspirantes a llegar a la Liga 2, sino también conocer los distintos escenarios donde se vienen llevando a cabo los encuentros.",9,2,"La Etapa Nacional de la Copa Perú 2026 ha permitido conocer uno de los estadios más modernos de la selva de nuestro país. | De la selva, su moderno estadio que sorprende en la Copa Perú 2026",False,3,"Copa Perú, Estadios de Perú, Municipal de Atalaya",2,1,Copa Perú 2026,Copa Perú 2026 | Deportivo Municipal de Atalaya,455,2805,https://cdn.futbolperuano.com/sdi/2026/09/22/estadio-de-la-selva-sorprende-en-la-etapa-nacional-copa-peru-2026-1358249.jpg,1200,Estadio Municipal de Atalaya en la Copa Perú 2026. Foto: Facebook,,https://www.futbolperuano.com/copa-peru/noticias/estadio-de-la-selva-sorprende-en-la-etapa-nacional-copa-peru-2026-601752,Robert Luna,copa-peru
Vóley: calendario oficial de Universitario de Deportes en la temporada 2026-27,Calendario oficial de Universitario de Deportes en la temporada 2026-27,"Universitario Vóley, bajo la dirección técnica del español Francisco Hervás, continúa trabajando con la mirada puesta en la temporada 2026-27.","Universitario Vóleycontinúa trabajando con la mirada puesta en la temporada 2026-27 de laLiga Peruana de Vóley. Durante dicho curso, el equipo dirigido por el experimentado estratega español Francisco Hervás buscará romper la hegemonía de Alianza Lima, conquistar el título nacional y, de paso, conseguir una histórica clasificación al Sudamericano de Clubes.",2,2,"Universitario Vóley, bajo la dirección técnica del español Francisco Hervás, continúa trabajando con la mirada puesta en la temporada 2026-27. | Calendario de Universitario Vóley",True,3,"Universitario, Vóley, Liga Peruana de Vóley",2,1,Universitario Vóley,Universitario Vóley | Liga Peruana de Vóley,115,925,https://cdn.futbolperuano.com/sdi/2026/09/22/calendario-oficial-de-universitario-de-deportes-en-la-temporada-2026-27-1358237.jpg,1200,Universitario Vóley. Foto: Twitter Universitario Vóley,,https://www.futbolperuano.com/liga-voley/calendario-oficial-de-universitario-de-deportes-en-la-temporada-2026-27-601745,Stewart Luya,liga-voley
"Jean Ferrari y su rotunda respuesta ante la ausencia de Felipe Chávez en la Selección Peruana: ""Esto no...""",Jean Ferrari y su rotunda respuesta ante la ausencia de Felipe Chávez en la Selección Peruana,Jean Ferrari rompió su silencio y habló con respecto a la ausencia de Felipe Chávez en la ‘Bicolor’ para los amistosos en Norteamérica.,"La ausencia deFelipe Chávezen la reciente convocatoria de laSelección Peruanacontinúa generando comentarios, especialmente después de que el mediocampista tuviera participación conFC Magdeburgo. El futbolista no fue incluido porMano Menezespara los amistosos de septiembre y octubre, pese a que venía teniendo actividad en la2. Bundesliga.",8,1,Jean Ferrari rompió su silencio y habló con respecto a la ausencia de Felipe Chávez en la ‘Bicolor’ para los amistosos en Norteamérica.,False,3,"Jean Ferrari, Felipe Chávez, Selección Peruana",2,1,Felipe Chávez,Felipe Chávez | Selección Peruana,354,2362,https://cdn.futbolperuano.com/sdi/2026/09/22/jean-ferrari-y-su-rotunda-respuesta-ante-la-ausencia-de-felipe-chavez-en-la-seleccion-peruana-1358234.jpg,1200,Felipe Chávez y Jean Ferrari. Foto: 1. FC Magdeburg / FPF,,https://www.futbolperuano.com/seleccion/noticias/jean-ferrari-y-su-rotunda-respuesta-ante-la-ausencia-de-felipe-chavez-en-la-seleccion-peruana-601743,Gabriel Iberico,seleccion
Copa Perú 2026: el tradicional estadio que debutaría en la Etapa Nacional,El estadio que abriría sus puertas por primera vez en la Etapa Nacional Copa Perú 2026,La tercera fecha de la Etapa Nacional de la Copa Perú 2026 puede marcar el debut de un tradicional estadio en esta instancia del torneo.,"Tras haberse jugado las dos primeras fechas de la Etapa Nacional de laCopa Perú 2026, la tercera jornada parece ser clave no solo por los puntos que estarán en disputa en los distintos partidos que se llevarán a cabo, sino porque se puede marcar la apertura de un conocido estadio en esta instancia del certamen.",9,2,La tercera fecha de la Etapa Nacional de la Copa Perú 2026 puede marcar el debut de un tradicional estadio en esta instancia del torneo. | El conocido estadio que puede debutar en una Etapa Nacional de Copa Perú,False,4,"Copa Perú, Estadios de Perú, Cachorro de Motupe, Cruz de Chalpón",3,1,Copa Perú 2026,Copa Perú 2026 | Cachorro | Cruz de Chalpón.,515,3047,https://cdn.futbolperuano.com/sdi/2026/09/22/el-estadio-que-abriria-sus-puertas-por-primera-vez-en-la-etapa-nacional-copa-peru-2026-1358211.jpg,1200,Estadio Sebastián Vilela de Motupe. Foto: Captura TikTok,,https://www.futbolperuano.com/copa-peru/noticias/el-estadio-que-abriria-sus-puertas-por-primera-vez-en-la-etapa-nacional-copa-peru-2026-601714,Robert Luna,copa-peru
Perú no pudo con Chile en el vóley masculino de los Juegos Suramericanos Santa Fe 2026,Perú cayó ante Chile en el vóley masculino de los Juegos Suramericanos Santa Fe 2026,El equipo de vóley masculino de Perú no pudo con Chile y sufrió su primera derrota en los Juegos Suramericanos Santa Fe 2026.,"Luego de su auspicioso debut con triunfo sobre Paraguay, el equipo de Vóley masculino de Perú sufrió su primera derrota en el marco de losJuegos Suramericanos Santa Fe 2026. El sexteto nacional cayó en sets corridos ante su similar de Chile.",8,2,El equipo de vóley masculino de Perú no pudo con Chile y sufrió su primera derrota en los Juegos Suramericanos Santa Fe 2026. | ¿Cómo marcha Perú en las competencias de Vóley masculino de los Juegos Suramericanos Santa Fe 2026?,False,3,"Juegos Suramericanos, Perú, Chile",2,1,Juegos Suramericanos Santa Fe 2026,Juegos Suramericanos Santa Fe 2026 | Perú,356,2083,https://cdn.futbolperuano.com/sdi/2026/09/22/peru-cayo-ante-chile-en-el-voley-masculino-de-los-juegos-suramericanos-santa-fe-2026-1358223.jpg,1200,Equipo de Perú en el vóley masculino de los Juegos Suramericanos. Foto: Captura YouTube,,https://www.futbolperuano.com/liga-voley/peru-cayo-ante-chile-en-el-voley-masculino-de-los-juegos-suramericanos-santa-fe-2026-601726,Robert Luna,liga-voley
José Gálvez suma once refuerzos para disputar el Campeonato Nacional Tradición Copera 2026,José Gálvez suma once refuerzos para disputar el Campeonato Nacional Tradición Copera,"José Gálvez continúa reforzándose para encarar el Campeonato Nacional Tradición Copera, organizado por la Liga Nacional de Fútbol Aficionado (LINFA).","El históricoJosé Gálvezde Chimbote continúa reforzándose para encarar elCampeonato Nacional Tradición Copera, novedoso torneo organizado por la Liga Nacional de Fútbol Aficionado (LINFA), el cual iniciará el sábado 24 de octubre de 2026 y finalizará el domingo 28 de febrero de 2027.",5,2,"José Gálvez continúa reforzándose para encarar el Campeonato Nacional Tradición Copera, organizado por la Liga Nacional de Fútbol Aficionado (LINFA). | Calendario de Tradición Copera",True,3,"José Gálvez, Tradición Copera, Fútbol Peruano",2,1,José Gálvez,José Gálvez | Campeonato Nacional Tradición Copera,239,1511,https://cdn.futbolperuano.com/sdi/2026/09/22/jose-galvez-suma-once-refuerzos-para-disputar-el-campeonato-nacional-tradicion-copera-1358218.jpg,1200,José Gálvez se refuerza para disputar Tradición Copera. Foto: Facebook Club José Gálvez FBC - Página Oficial,,https://www.futbolperuano.com/peru/mas-del-futbol-peruano/jose-galvez-suma-once-refuerzos-para-disputar-el-campeonato-nacional-tradicion-copera-601724,Stewart Luya,peru
¿Cuántos ascensos otorgará el Campeonato Nacional Tradición Copera 2026?,¿Cuántos ascensos otorgará el Campeonato Nacional Tradición Copera?,El Campeonato Nacional Tradición Copera se jugará del sábado 24 de octubre de 2026 al domingo 28 de febrero de 2027.,La Liga Nacional de Fútbol Aficionado (LINFA) dio a conocer las Bases Específicas delCampeonato Nacional Tradición Copera-que se jugará del sábado 24 de octubre de 2026 al domingo 28 de febrero de 2027- y detalló los premios alcampeónysubcampeóndel novedoso torneo que reúne a los equipos más tradicionales del país.,4,2,El Campeonato Nacional Tradición Copera se jugará del sábado 24 de octubre de 2026 al domingo 28 de febrero de 2027. | Bases Específicas,True,3,"Tradición Copera, Nacional, Fútbol Peruano",2,1,Campeonato Nacional Tradición Copera,Campeonato Nacional Tradición Copera | Campeonato Nacional Tradición Copera,148,966,https://cdn.futbolperuano.com/sdi/2026/09/22/cuantos-ascensos-otorgara-el-campeonato-nacional-tradicion-copera-1358245.jpg,1200,Tradición Copera 2026. Foto: Facebook Tradición Copera,,https://www.futbolperuano.com/peru/mas-del-futbol-peruano/cuantos-ascensos-otorgara-el-campeonato-nacional-tradicion-copera-601754,Stewart Luya,peru
"Partidos de Hoy, martes 22 de septiembre del 2026: Horarios del fútbol en vivo por televisión en el Perú",Programación de partidos por TV del martes 22 de septiembre del 2026,"El martes 22 de septiembre estará cargado de mucho fútbol en el mundo, y sabrás dónde verlo en la parrilla de fútbol por TV.","El fútbol no se detiene y este martes 22 de septiembre de 2026 lo podremos disfrutar más que nunca, pues aunque varias de las ligas a lo largo del mundo comienzan a detenerse, las selecciones empiezan a jugar sus amistosos internacionales; por ello, te traemos los duelos más esperados por los hinchas. Recuerda que puedes ver la programación deFútbol por TVcompleta en Futbolperuano.com.",6,2,"El martes 22 de septiembre estará cargado de mucho fútbol en el mundo, y sabrás dónde verlo en la parrilla de fútbol por TV. | Siguen las emociones en el fútbol europeo",False,3,"Fútbol por TV, Fútbol, Champions League Femenina",2,1,Fútbol por TV,Fútbol por TV | Fútbol por TV,359,2149,https://cdn.futbolperuano.com/sdi/2026/09/21/programacion-de-partidos-por-tv-del-martes-22-de-septiembre-del-2026-1358136.jpg,1200,Programación: martes 22 de septiembre de 2026. Foto: EFE,,https://www.futbolperuano.com/partidos-por-tv/noticias/programacion-de-partidos-por-tv-del-martes-22-de-septiembre-del-2026-601627,Jorge Cruzalegui,partidos-por-tv
Selección Peruana: ¿Cuándo fue la última vez que Wilder Cartagena jugó con la camiseta de la 'Bicolor'?,Wilder Cartagena habló de su retorno luego de dos años a Selección Peruana,"El mediocampista de Orlando City, Wilder Cartagena, se mostró entusiasmado por su retorno a la Selección Peruana.","¡Esperado retorno! Una de las grandes sorpresas en la última convocatoria de laSelección Peruanaque presentó el técnico Mano Menezes fue, sin duda, el regreso del mediocampista de Orlando City,Wilder Cartagena.",8,1,"El mediocampista de Orlando City, Wilder Cartagena, se mostró entusiasmado por su retorno a la Selección Peruana.",False,3,"Wilder Cartagena, Selección Peruana, Amistoso",2,1,Selección Peruana,Selección Peruana | Wilder Cartagena,367,2180,https://cdn.futbolperuano.com/sdi/2026/09/22/wilder-cartagena-hablo-de-su-retorno-luego-de-dos-anos-a-seleccion-peruana-1358186.jpg,1200,Wilder Cartagena con la Selección Peruana. Foto: FPF,,https://www.futbolperuano.com/seleccion/noticias/wilder-cartagena-hablo-de-su-retorno-luego-de-dos-anos-a-seleccion-peruana-601686,Jorge Cruzalegui,seleccion
Alianza Lima: ¿Qué canal de transmitirá en vivo la 'Noche Blanquiazul Vóley 2026'?,Alianza Lima: el canal de transmisión de Noche Blanquiazul Vóley 2026,El plantel de Alianza Lima se alista para disputar la 'Noche Blanquiazul Vóley 2026' que se disputará en el Polideportivo Luisa Fuentes.,"Alianza Lima, actual tricampeona de laLiga Peruana de Vóley, hará su flamante presentación ante sus miles de hinchas en el Polideportivo Luisa Estela Fuentes en la llamada'Noche Blanquiazul Vóley 2026', el mismo que se podrá disfrutar en señal abierta.",7,2,El plantel de Alianza Lima se alista para disputar la 'Noche Blanquiazul Vóley 2026' que se disputará en el Polideportivo Luisa Fuentes. | Programación de la Noche Blanquiazul Vóley,True,3,"Alianza Lima, Noche Blanquiazul, Liga Peruana de Vóley",1,1,Liga Peruana de Vóley,Liga Peruana de Vóley,297,1962,https://cdn.futbolperuano.com/sdi/2026/09/22/alianza-lima-el-canal-de-transmision-de-noche-blanquiazul-voley-2026-1358180.jpg,1200,Alianza Lima se alista para la Noche Blanquiazul Vóley. Foto: Facebook Alianza Lima Vóley,,https://www.futbolperuano.com/liga-voley/alianza-lima-el-canal-de-transmision-de-noche-blanquiazul-voley-2026-601673,Jorge Cruzalegui,liga-voley
Carlos Cortijo dirigirá en el Campeonato Nacional Tradición Copera 2026,Carlos Cortijo dirigirá en el Campeonato Nacional Tradición Copera,"Carlos Cortijo dirá presente en el Campeonato Nacional Tradición Copera 2026, organizado por la Liga Nacional de Fútbol Aficionado (LINFA).","El experimentado director técnicoCarlos Cortijodirigirá a un histórico equipo del fútbol peruano en elCampeonato Nacional Tradición Copera, novedoso torneo organizado por la Liga Nacional de Fútbol Aficionado (LINFA), el cual iniciará el sábado 24 de octubre de 2026 y finalizará el domingo 28 de febrero de 2027.",5,2,"Carlos Cortijo dirá presente en el Campeonato Nacional Tradición Copera 2026, organizado por la Liga Nacional de Fútbol Aficionado (LINFA). | Calendario de Tradición Copera",True,3,"Carlos Cortijo, Tradición Copera, Fútbol Peruano",2,1,Campeonato Nacional Tradición Copera,Campeonato Nacional Tradición Copera | Campeonato Nacional Tradición Copera,242,1533,https://cdn.futbolperuano.com/sdi/2026/09/22/carlos-cortijo-dirigira-en-el-campeonato-nacional-tradicion-copera-1358209.jpg,1200,Carlos Cortijo dirigirá en el torneo Tradición Copera. Foto: Facebook DT Carlos Cortijo,,https://www.futbolperuano.com/peru/futsal/carlos-cortijo-dirigira-en-el-campeonato-nacional-tradicion-copera-601716,Stewart Luya,peru
Unión Comercio denuncia grave atentado contra sus instalaciones en Tarapoto: “Afecta a las oportunidades de cientos de niños y jóvenes”,Unión Comercio denuncia grave atentado contra sus instalaciones en Tarapoto,Unión Comercio ha denunciado un grave acontecimiento ocurrido en las instalaciones que utilizan las divisiones menores del club.,"Unión Comercioatraviesa un momento importante en su camino hacia el ascenso, pero a pocos días de iniciar la Fase Final deLiga 2recibió un duro golpe fuera de las canchas. El club denunció que parte de sus instalaciones en Tarapoto fueron afectadas por un incendio intencional que destruyó material destinado a la construcción de una nueva cancha para sus divisiones menores.",11,1,Unión Comercio ha denunciado un grave acontecimiento ocurrido en las instalaciones que utilizan las divisiones menores del club.,False,3,"Unión Comercio, Liga 2, Perú",2,1,Unión Comercio,Unión Comercio | Liga 2,608,3998,https://cdn.futbolperuano.com/sdi/2026/09/22/union-comercio-denuncia-grave-atentado-contra-sus-instalaciones-en-tarapoto-1358290.jpg,1200,Atentado a las instalaciones de Unión Comercio en Moyobamba. Foto: Unión Comercio,,https://www.futbolperuano.com/liga-2/noticias/union-comercio-denuncia-grave-atentado-contra-sus-instalaciones-en-tarapoto-601809,Gabriel Iberico,liga-2
Rainer Torres analizó el presente del Universitario de Héctor Cúper y cuestionó que el equipo todavía no encuentre una identidad bajo las órdenes del argentino,Rainer Torres cuestionó a Héctor Cúper y explicó por qué Universitario de Deportes no termina de encontrar su mejor versión,Rainer Torres cuestionó el presente de Universitario y señaló que el equipo todavía no encuentra lo que busca Héctor Cúper.,"Tras la reciente goleada sufrida a manos deDeportivo Garcilaso, se ha venido cuestionando mucho el trabajo deHéctor CúperenUniversitario de Deportes, pues muchos aseguran que no ha podido implantar su idea de juego y que su relación con el jugador es bastante distante; sin embargo, el exjugador ‘Crema’ y fundador de Embajadur Crema,Rainer Torres, fue mucho más directo con su crítica.",5,1,Rainer Torres cuestionó el presente de Universitario y señaló que el equipo todavía no encuentra lo que busca Héctor Cúper.,True,3,"Héctor Cúper, Universitario de Deportes, Rainer Torres",2,1,Universitario de Deportes,Universitario de Deportes | Héctor Cúper,333,1965,https://cdn.futbolperuano.com/sdi/2026/09/22/rainer-torres-cuestiono-a-hector-cuper-y-explico-por-que-universitario-de-deportes-no-termina-de-encontrar-su-mejor-version-1358285.jpg,1200,Rainer Torres fue contundente al analizar el funcionamiento del equipo de Héctor Cúper. Foto: Facebook Liga 1,,https://www.futbolperuano.com/liga-1/noticias/rainer-torres-cuestiono-a-hector-cuper-y-explico-por-que-universitario-de-deportes-no-termina-de-encontrar-su-mejor-version-601802,Gabriel Rey,liga-1
Alianza Lima tendría nuevo amistoso internacional ante gigante ecuatoriano durante la fecha FIFA,Alianza Lima ya tendría rival para su segundo amistoso en la fecha FIFA y sería Emelec,Alianza Lima tendría un segundo amistoso durante la fecha FIFA y enfrentaría a un gigante ecuatoriano como parte de su preparación.,"Alianza Limaya tiene confirmado un amistoso antePalestinodurante la próxima fecha FIFA, pero el cuadro blanquiazul no se quedará con un solo partido de preparación. La institución también tiene encaminado un segundo encuentro anteEmelec de Ecuador, con el objetivo de que el plantel mantenga ritmo competitivo antes del reinicio del Torneo Clausura.",9,1,Alianza Lima tendría un segundo amistoso durante la fecha FIFA y enfrentaría a un gigante ecuatoriano como parte de su preparación.,True,3,"Alianza Lima, Emelec, Liga 1 del Fútbol Peruano",2,1,Alianza Lima,Alianza Lima | Palestino,362,2381,https://cdn.futbolperuano.com/sdi/2026/09/23/alianza-lima-ya-tendria-rival-para-su-segundo-amistoso-en-la-fecha-fifa-y-seria-emelec-1358364.jpg,1200,Alianza Lima ya tendría rival para su segundo amistoso. Foto: Twitter Alianza Lima,,https://www.futbolperuano.com/liga-1/noticias/alianza-lima-ya-tendria-rival-para-su-segundo-amistoso-en-la-fecha-fifa-y-seria-emelec-601891,Joaquín Vásquez,liga-1
Así quedaron definidos los grupos del Campeonato Nacional Tradición Copera 2026,Así quedaron definidos los grupos del Campeonato Nacional Tradición Copera,"El Campeonato Nacional Tradición Copera 2026, organizado por la Liga Nacional de Fútbol Aficionado (LINFA), iniciará el 24 de octubre.","La Liga Nacional de Fútbol Aficionado (LINFA) dio a conocer la distribución de los grupos delCampeonato Nacional Tradición Copera 2026, que comenzará a disputarse la última semana de octubre (sábado 24 y domingo 25) en distintas partes del país.",2,2,"El Campeonato Nacional Tradición Copera 2026, organizado por la Liga Nacional de Fútbol Aficionado (LINFA), iniciará el 24 de octubre. | Tradición Copera 2026",True,3,"Tradición Copera, Nacional, Fútbol Peruano",2,1,Campeonato Nacional Tradición Copera 2026,Campeonato Nacional Tradición Copera 2026 | Campeonato Nacional Tradición Copera 2026,77,480,https://cdn.futbolperuano.com/sdi/2026/09/22/asi-quedaron-definidos-los-grupos-del-campeonato-nacional-tradicion-copera-1358195.jpg,1200,Tradición Copera 2026. Foto: Facebook LINFA,,https://www.futbolperuano.com/peru/mas-del-futbol-peruano/asi-quedaron-definidos-los-grupos-del-campeonato-nacional-tradicion-copera-601701,Stewart Luya,peru
Universitario sorprende con fichaje de jugador estadounidense: “¡Un refuerzo de altura!”,Universitario anuncia un fichaje de jugador estadounidense para su equipo de básquet,Universitario va con todo por ganar el Torneo Clausura 2026 y anunció el fichaje del alero estadounidense Elijah Wyche.,"Universitario de Deportescontinúa reforzando sus diferentes disciplinas y esta vez sorprendió con una incorporación para su equipo de básquet, quien viene disputando la segunda división de laLiga de Lima de Básquet 2026. La institución crema hizo oficial la llegada de un jugador procedente de Estados Unidos, quien ya tuvo la oportunidad de estrenarse con la camiseta merengue y dejó buenas sensaciones desde su primera presentación.",12,1,Universitario va con todo por ganar el Torneo Clausura 2026 y anunció el fichaje del alero estadounidense Elijah Wyche.,False,3,"Universitario de Deportes, Liga de Lima de Básquet, Básquet",2,1,Universitario de Deportes,Universitario de Deportes | Liga de Lima de Básquet 2026,458,3146,https://cdn.futbolperuano.com/sdi/2026/09/22/universitario-anuncia-un-fichaje-de-jugador-estadounidense-para-su-equipo-de-basquet-1358266.jpg,1200,Elijah Wyche es nuevo jugador de la 'U'. Foto: @UPolideportivo,,https://www.futbolperuano.com/mas-deportes/noticias/universitario-anuncia-un-fichaje-de-jugador-estadounidense-para-su-equipo-de-basquet-601782,Gabriel Iberico,mas-deportes
Calendario oficial del Club Alianza Lima Vóley en la temporada 2026-27,Calendario oficial del Club Alianza Lima Vóley para la temporada 2026-27,"El Club Alianza Lima Vóley, bajo la dirección técnica del argentino Alejandro Schneider, continúa preparándose para encarar la temporada 2026-27.","Alianza Limacontinúa preparándose para encarar la temporada 2026-27, en la cual el cuadro blanquiazul afrontará laLiga Peruana de Vóley, elMundial de Clubes de la FIVBy elSudamericano de Clubes. En ese sentido, el equipo dirigido por Alejandro Schneider disputará una serie de amistosos (Noche Blanquiazul y Noche Regatas) frente a rivales nacionales e internacionales, lo que le permitirá afinar detalles y ponerse a punto.",2,2,"El Club Alianza Lima Vóley, bajo la dirección técnica del argentino Alejandro Schneider, continúa preparándose para encarar la temporada 2026-27. | Calendario de Alianza Lima Vóley",True,3,"Alianza Lima, Vóley, Liga Peruana de Vóley",2,1,Alianza Lima,Alianza Lima | Alianza Lima,124,934,https://cdn.futbolperuano.com/sdi/2026/09/22/calendario-oficial-del-club-alianza-lima-voley-para-la-temporada-2026-27-1358232.jpg,1200,Alianza Lima Vóley. Foto: Facebook Alianza Lima Vóley,,https://www.futbolperuano.com/liga-voley/calendario-oficial-del-club-alianza-lima-voley-para-la-temporada-2026-27-601741,Stewart Luya,liga-voley
Arquero Ignacio Barrios habló sobre su debut como delantero en UTC: “No lo olvidaré nunca”,Arquero Ignacio Barrios habló sobre su debut como delantero en UTC,"Ignacio Barrios, guardameta de UTC, habló con respecto a lo que fue su debut como delantero en la derrota ante Sport Huancayo.","UTCprotagonizó una de las escenas más curiosas de la décima jornada delTorneo Clausura 2026. El cuadro cajamarquino necesitaba remontar ante Sport Huancayo, pero las limitaciones de su plantel llevaron al comando técnico a utilizar al arqueroIgnacio Barrioscomo delantero durante los últimos minutos del encuentro.",10,1,"Ignacio Barrios, guardameta de UTC, habló con respecto a lo que fue su debut como delantero en la derrota ante Sport Huancayo.",False,3,"Ignacio Barrios, UTC, Liga 1 del Fútbol Peruano",2,1,UTC,UTC | Torneo Clausura 2026,535,3316,https://cdn.futbolperuano.com/sdi/2026/09/22/arquero-ignacio-barrios-hablo-sobre-su-debut-como-delantero-en-utc-1358306.jpg,1200,Ignacio Barrios. Foto: Captura,,https://www.futbolperuano.com/liga-1/noticias/arquero-ignacio-barrios-hablo-sobre-su-debut-como-delantero-en-utc-601825,Gabriel Iberico,liga-1
"Histórico club peruano, campeón de la primera división, va por su regreso al fútbol profesional",Club campeón del fútbol peruano busca volver al futbol profesional en este 2026,"Club peruano, que figura en la lista de históricos de nuestro balompié, va con todo por su regreso al fútbol profesional.","A lo largo de la historia, el fútbol peruano ha logrado formar una larga lista de equipos históricos, algunos de ellos han sabido mantenerse en vigencia, en tanto que otros fueron desapareciendo con el paso de los años.",8,2,"Club peruano, que figura en la lista de históricos de nuestro balompié, va con todo por su regreso al fútbol profesional. | El histórico campeón peruano que busca en este 2026 su vuelta al fútbol profesional",False,2,"Tradición Copera, Defensor Lima",2,3,Defensor Lima,Defensor Lima | Tradición Copera,407,2446,https://cdn.futbolperuano.com/sdi/2026/09/22/club-campeon-del-futbol-peruano-busca-volver-al-futbol-profesional-en-este-2026-1358233.jpg,1200,Defensor Lima jugará Tradición Copera. Foto: Facebook,,https://www.futbolperuano.com/peru/mas-del-futbol-peruano/club-campeon-del-futbol-peruano-busca-volver-al-futbol-profesional-en-este-2026-601735,Robert Luna,peru
Pese a retractarse: Conmebol abre investigación contra jugador de Cienciano tras partido ante Montevideo City,Conmebol abre investigación contra jugador de Cienciano tras partido ante Montevideo City,Conmebol se pronunció luego de la seria acusación de un jugador de Cienciano contra dirigente de Montevideo City.,"El partido deCiencianofrente a Montevideo City, que culminó con la eliminación del 'Papá' de laCopa Sudamericana 2026, dejó algunas polémicas, como las explosivas declaraciones deSantiago Ariascontra la dirigencia del cuadro 'charrúa' que provocó la investigación de laConmebol.",9,1,Conmebol se pronunció luego de la seria acusación de un jugador de Cienciano contra dirigente de Montevideo City.,False,3,"Cienciano, Conmebol, Copa Sudamericana",2,1,Cienciano,Cienciano | Copa Sudamericana 2026,428,2866,https://cdn.futbolperuano.com/sdi/2026/09/22/conmebol-abre-investigacion-contra-jugador-de-cienciano-tras-partido-ante-montevideo-city-1358175.jpg,1200,Plantel de Cienciano en la Copa Sudamericana 2026. Foto: Facebook Club Cienciano,,https://www.futbolperuano.com/copa-sudamericana/noticias/conmebol-abre-investigacion-contra-jugador-de-cienciano-tras-partido-ante-montevideo-city-601669,Jorge Cruzalegui,copa-sudamericana
Liga Femenina: ¿Qué equipos luchan por el último cupo a las semifinales del Torneo Clausura 2026?,Liga Femenina: ¿qué equipos luchan por último cupo a las semifinales del Torneo Clausura 2026?,La última fecha de la etapa regular confirmará a los 2 equipos clasificados a las semifinales del Torneo Clausura de la Liga Femenina 2026.,"La gran campaña de Alianza Lima en la segunda mitad de laLiga Femenina 2026le aseguró uno de los dos boletos directos (primero y segundo lugar)hacia las semifinalesdelTorneo Clausura; sin embargo, todavía resta por conocer qué equipo tomará el último cupo para dicha instancia del certamen.",6,1,La última fecha de la etapa regular confirmará a los 2 equipos clasificados a las semifinales del Torneo Clausura de la Liga Femenina 2026.,True,3,"Liga Femenina, Torneo Clausura, Fútbol Femenino",2,1,Liga Femenina 2026,Liga Femenina 2026 | la tabla de posiciones,292,1780,https://cdn.futbolperuano.com/sdi/2026/09/21/liga-femenina-que-equipos-luchan-por-ultimo-cupo-a-las-semifinales-del-torneo-clausura-2026-1358159.jpg,1200,Se definen los clasificados en el Clausura Femenino 2026. Foto: Facebook Liga Femenina Apuesta Total?,,https://www.futbolperuano.com/futbol-femenino/liga-femenina/liga-femenina-que-equipos-luchan-por-ultimo-cupo-a-las-semifinales-del-torneo-clausura-2026-601653,Jorge Cruzalegui,futbol-femenino
Liga Peruana de Vóley: San Martín sacude el mercado de pases y se refuerza con seleccionada alemana,Liga Peruana de Vóley: San Martín se refuerza con seleccionada alemana,San Martín sorprendió a propios y extraños al anunciar la contratación de una seleccionada alemana para encarar la Liga Peruana de Vóley.,¡Refuerzo de lujo! LaUniversidad San Martínsorprendió a propios y extraños al anunciar la contratación de una seleccionada alemana para encarar laLiga Peruana de Vóley Femenino 2026-27y elCampeonato Sudamericano de Clubes de Voleibol Femenino 2027.,8,2,San Martín sorprendió a propios y extraños al anunciar la contratación de una seleccionada alemana para encarar la Liga Peruana de Vóley. | Gala Santa,False,3,"Liga Peruana de Vóley, San Martín, Vóley",2,1,Universidad San Martín,Universidad San Martín | Liga Peruana de Vóley Femenino 2026-27,389,2498,https://cdn.futbolperuano.com/sdi/2026/09/21/liga-peruana-de-voley-san-martin-se-refuerza-con-seleccionada-alemana-1358148.jpg,1200,San Martín se refuerza con seleccionada alemana. Foto: Instagram vanessa.agbortabi,,https://www.futbolperuano.com/liga-voley/liga-peruana-de-voley-san-martin-se-refuerza-con-seleccionada-alemana-601642,Stewart Luya,liga-voley
¿Se vienen sanciones en la Liga 2? La razón por la que Santos FC presentó reclamo contra Unión Minas,La razón por la que Santos FC presentó reclamo contra Unión Minas tras partido en Liga 2,La directiva de Santos FC se pronunció luego de su partido frente a Unión Minas que le costó su clasificación en la Liga 2.,¡Buscan una respuesta! La directiva deSantos FCanunció que presentaron un reclamo formal contraUnión Minaspor una supuesta falta cometida por el equipo de Pasco durante su participación en la primera etapa de laLiga 2 2026.,8,1,La directiva de Santos FC se pronunció luego de su partido frente a Unión Minas que le costó su clasificación en la Liga 2.,False,3,"Santos de Nasca, Unión Minas, Liga 2",2,1,Liga 2 2026,Liga 2 2026 | la tabla de posiciones,422,2494,https://cdn.futbolperuano.com/sdi/2026/09/21/la-razon-por-la-que-santos-fc-presento-reclamo-contra-union-minas-tras-partido-en-liga-2-1358143.jpg,1200,Santos FC emitió reclamo contra Unión Minas. Foto: Facebook Club Social Santos FC.,,https://www.futbolperuano.com/liga-2/noticias/la-razon-por-la-que-santos-fc-presento-reclamo-contra-union-minas-tras-partido-en-liga-2-601637,Jorge Cruzalegui,liga-2
Noche Blanquiazul Vóley 2026: ¿Cuándo vuelve a jugar Alianza Lima Vóley?,Noche Blanquiazul: ¿Cuándo vuelve a jugar Alianza Lima Vóley?,"Alianza Lima (Perú), Boca Juniors (Argentina), CAV Esquimo (España) y EC Pinheiros (Brasil) disputarán la Noche Blanquiazul Vóley 2026.","Alianza Lima, bajo la dirección técnica del argentino Alejandro Schneider y la capitanía de Esmeralda Sánchez, comenzó a palpitar su participación en laNoche Blanquiazul Vóley, donde presentarán a su renovado plantel de voleibolistas y enfrentarán a equipos internacionales.",6,2,"Alianza Lima (Perú), Boca Juniors (Argentina), CAV Esquimo (España) y EC Pinheiros (Brasil) disputarán la Noche Blanquiazul Vóley 2026. | Programación de la Noche Blanquiazul Vóley",True,3,"Noche Blanquiazul Vóley, Alianza Lima, Vóley",2,1,Alianza Lima,Alianza Lima | Noche Blanquiazul Vóley,308,2116,https://cdn.futbolperuano.com/sdi/2026/09/21/noche-blanquiazul-cuando-vuelve-a-jugar-alianza-lima-voley-1358121.jpg,1200,Alianza Lima se alista para la Noche Blanquiazul Vóley. Foto: Facebook Alianza Lima Vóley,,https://www.futbolperuano.com/liga-voley/noche-blanquiazul-cuando-vuelve-a-jugar-alianza-lima-voley-601609,Stewart Luya,liga-voley
Copa Brasília de Voleibol 2026: ¿Cuándo juega Universitario de Deportes?,Copa Brasília de Voleibol: ¿Cuándo juega Universitario de Deportes?,"Universitario de Deportes, Gerdau Minas, Brasília Vólei y Fluminense disputarán la Copa Brasília de Voleibol el viernes 2 y sábado 3 de octubre.","Universitario de Deportes, bajo la dirección técnica del español Francisco Hervás y la presencia de Aixa Vigil en ataque, se viene preparando para disputar laCopa Brasília de Voleibol 2026, cuadrangular amistoso donde enfrentará a rivales brasileños.",8,2,"Universitario de Deportes, Gerdau Minas, Brasília Vólei y Fluminense disputarán la Copa Brasília de Voleibol el viernes 2 y sábado 3 de octubre. | Programación de la Copa Brasília de Voleibol",False,3,"Copa Brasília de Voleibol, Universitario de Deportes, Vóley",2,1,Universitario de Deportes,Universitario de Deportes | Copa Brasília de Voleibol 2026,434,2681,https://cdn.futbolperuano.com/sdi/2026/09/21/copa-brasilia-de-voleibol-cuando-juega-universitario-de-deportes-1358127.jpg,1200,Universitario de alista para la Copa Brasília de Voleibol. Foto: Twitter @VoleyU1924,,https://www.futbolperuano.com/liga-voley/copa-brasilia-de-voleibol-cuando-juega-universitario-de-deportes-601619,Stewart Luya,liga-voley
"¿Joao Grimaldo se va de Europa? Volvió a ser convocado por Sparta Praga, pero continúa sin jugar",Joao Grimaldo y su futuro en Europa tras seguir sin minutos con Sparta Praga,Joao Grimaldo continúa sin minutos oficiales con Sparta Praga pese a volver a la convocatoria y quedó fuera de la Selección Peruana.,"La situación deJoao Grimaldoen el fútbol europeo continúa generando interrogantes. El atacante peruano volvió recientemente a aparecer en una convocatoria delSparta Praga, pero todavía no consigue sumar minutos oficiales con el primer equipo y su protagonismo sigue siendo limitado.",13,1,Joao Grimaldo continúa sin minutos oficiales con Sparta Praga pese a volver a la convocatoria y quedó fuera de la Selección Peruana.,False,4,"Joao Grimaldo, Selección Peruana, Peruanos en el Exterior, Sparta Praga",2,1,Joao Grimaldo,Joao Grimaldo | Selección Peruana,451,2882,https://cdn.futbolperuano.com/sdi/2026/09/21/joao-grimaldo-y-su-futuro-en-europa-tras-seguir-sin-minutos-con-sparta-praga-1358107.jpg,1200,Joao Grimaldo no logra recuperar protagonismo en Sparta Praga. Foto: Twitter Difusión,,https://www.futbolperuano.com/peruanos-en-el-exterior/noticias/joao-grimaldo-y-su-futuro-en-europa-tras-seguir-sin-minutos-con-sparta-praga-601591,Joaquín Vásquez,peruanos-en-el-exterior
Perú dio el golpe ante Panamá y clasificó a las semifinales de los Juegos Suramericanos 2026,Perú derrotó a Panamá y aseguró su presencia en las semifinales de los Juegos Suramericanos Santa Fe 2026,Jonathan García y Gerson Castillo marcaron para Perú en el triunfo ante Panamá que aseguró su pase a semifinales.,LaSelección Peruana Sub-20volvió a sonreír en losJuegos Suramericanos Santa Fe 2026. La ‘Bicolor’ se impuso por 2-1 antePanamáy consiguió una importante victoria que le permitió alcanzar los6puntos en el Grupo A y asegurar su clasificación a las semifinales del torneo.,11,1,Jonathan García y Gerson Castillo marcaron para Perú en el triunfo ante Panamá que aseguró su pase a semifinales.,False,4,"Perú, Juegos Suramericanos, Fútbol, Selección Peruana",2,1,Selección Peruana Sub-20,Selección Peruana Sub-20 | Juegos Suramericanos Santa Fe 2026,460,2883,https://cdn.futbolperuano.com/sdi/2026/09/21/peru-derroto-a-panama-y-aseguro-su-presencia-en-las-semifinales-de-los-juegos-suramericanos-santa-fe-2026-1358128.jpg,1200,Perú Sub-20 venció a Panamá. Foto: Youtube ODESUR,,https://www.futbolperuano.com/futbol-de-menores/peru-derroto-a-panama-y-aseguro-su-presencia-en-las-semifinales-de-los-juegos-suramericanos-santa-fe-2026-601618,Joaquín Vásquez,futbol-de-menores
Liga 3: Juan Aurich confirmó la llegada de Ricardo Gareca a Ferreñafe,Juan Aurich confirmó la llegada de Ricardo Gareca a Ferreñafe,"Juan Aurich, con la presencia de Ricardo Gareca, recibirá a Juventud Santo Domingo por la Fase Regional de la Liga 3.",Juan Aurichrecibirá este domingo a Juventud Santo Domingo en un encuentro correspondiente a la penúltima jornada de la Fase Regional de laLiga 3. Dicho juego se llevará a cabo en el Estadio Carlos Samamé Cáceres de Ferreñafe desde las 15:00 horas (20:00 GMT) y será transmitido a través de Bicolor+.,5,2,"Juan Aurich, con la presencia de Ricardo Gareca, recibirá a Juventud Santo Domingo por la Fase Regional de la Liga 3. | Invitado de lujo",True,3,"Juan Aurich, Ricardo Gareca, Liga 3",2,1,Juan Aurich,Juan Aurich | Liga 3,266,1680,https://cdn.futbolperuano.com/sdi/2026/09/22/juan-aurich-confirmo-la-llegada-de-ricardo-gareca-a-ferrenafe-1358199.jpg,1200,Juan Aurich confirmó la llegada de Ricardo Gareca. Foto: EFE,,https://www.futbolperuano.com/liga-3/noticias/juan-aurich-confirmo-la-llegada-de-ricardo-gareca-a-ferrenafe-601705,Stewart Luya,liga-3
La decisión que tomaron en el Brasileirao y puso en peligro el futuro de André Carrillo y Erick Noriega,Brasileirao tomó decisión que puso en peligro el futuro de André Carrillo y Erick Noriega,"Actualmente, solo dos jugadores peruanos (André Carrillo y Erick Noriega) se encuentran disputando el Brasileirao.","¿Futuro incierto? ElBrasileirao, el torneo más completo y difícil del continente sudamericano, sufrirá algunas modificaciones para las próximas temporadas que podría afectar el futuro de diversos jugadores extranjeros; entre ellos,André CarrilloyErick Noriega.",9,1,"Actualmente, solo dos jugadores peruanos (André Carrillo y Erick Noriega) se encuentran disputando el Brasileirao.",False,3,"Brasileirao, André Carrillo, Erick Noriega",3,1,Brasileirao,Brasileirao | André Carrillo | Erick Noriega,374,2340,https://cdn.futbolperuano.com/sdi/2026/09/22/brasileirao-tomo-decision-que-puso-en-peligro-el-futuro-de-andre-carrillo-y-erick-noriega-1358170.jpg,1200,Erick Noriega en un partido en el Brasileirao. Foto: Facebook Grêmio FBPA,,https://www.futbolperuano.com/peruanos-en-el-exterior/noticias/brasileirao-tomo-decision-que-puso-en-peligro-el-futuro-de-andre-carrillo-y-erick-noriega-601664,Jorge Cruzalegui,peruanos-en-el-exterior
Kevin Quevedo volvió a Alianza Lima y dejó contundente mensaje: “Aún no estamos muertos”,Kevin Quevedo rompió su silencio tras volver a Alianza Lima ante ADT por Liga 1,"Kevin Quevedo volvió tras cuatro meses, recibió el respaldo de los hinchas y habló sobre su regreso a Alianza Lima.","Kevin Quevedovolvió a ponerse la camiseta deAlianza Limadespués de más de cuatro meses y su regreso no pasó desapercibido. El delantero ingresó en el segundo tiempo de la victoria por 2-0 sobre ADT, recibió los aplausos de los hinchas en Matute y, tras el encuentro, dejó un mensaje que refleja lo que significó para él volver a compartir un campo de juego con sus compañeros.",11,1,"Kevin Quevedo volvió tras cuatro meses, recibió el respaldo de los hinchas y habló sobre su regreso a Alianza Lima.",False,3,"Alianza Lima, Kevin Quevedo, Liga 1",2,1,Kevin Quevedo,Kevin Quevedo | Alianza Lima,424,2614,https://cdn.futbolperuano.com/sdi/2026/09/21/kevin-quevedo-rompio-su-silencio-tras-volver-a-alianza-lima-ante-adt-por-liga-1-1358085.jpg,1200,Kevin Quevedo. Foto: Twitter Alianza Lima,,https://www.futbolperuano.com/liga-1/noticias/kevin-quevedo-rompio-su-silencio-tras-volver-a-alianza-lima-ante-adt-por-liga-1-601569,Joaquín Vásquez,liga-1
Perú venció a Paraguay por la fecha 1 del vóley masculino en los Juegos Suramericanos Santa Fe 2026,Perú vs. Paraguay por la fecha 1 del vóley masculino en vivo online por Juegos Suramericanos 2026,Perú superó a Paraguay en un partido disputado y debutó con victoria en los Juegos Suramericanos Santa Fe 2026.,LaSelección Peruana de Vóley Masculinocomenzó con el pie derecho su participación en losXIII Juegos Suramericanos Santa Fe 2026. El sexteto nacional se impuso anteParaguayen un encuentro disputado por el Grupo A y consiguió una importante victoria en su estreno.,17,1,Perú superó a Paraguay en un partido disputado y debutó con victoria en los Juegos Suramericanos Santa Fe 2026.,False,3,"Vóley, Selección Peruana de Vóley, Juegos Suramericanos",3,1,Selección Peruana de Vóley Masculino,Selección Peruana de Vóley Masculino | Selección Peruana de Vóley Masculino | XIII Juegos Suramericanos Santa Fe 2026,600,3879,https://cdn.futbolperuano.com/sdi/2026/09/21/peru-vs-paraguay-por-la-fecha-1-del-voley-masculino-en-vivo-online-por-juegos-suramericanos-2026-1358082.jpg,1200,Perú ganó ante Paraguay por la fecha 1 del vóley masculino. Foto: Youtube Odesur,,https://www.futbolperuano.com/liga-voley/peru-vs-paraguay-por-la-fecha-1-del-voley-masculino-en-vivo-online-por-juegos-suramericanos-2026-601549,Joaquín Vásquez,liga-voley
"Fecha, hora y canal del Sport Boys vs Alianza Atlético por las semifinales de la Copa de la Liga","Fecha, hora y canal del Sport Boys vs Alianza Atlético por la Copa de la Liga",Sport Boys y Alianza Atlético se verán las caras en un encuentro correspondiente a las semifinales de la Copa de la Liga.,¡Partidazo en el Callao!Sport BoysyAlianza Atléticose verán las caras este domingo en un encuentro correspondiente a la ida de las semifinales de laCopa de la Liga. El duelo entre la 'Misilera' y el 'Vendaval' se llevará a cabo en el Estadio Miguel Grau desde las 13:00 horas (18:00 GMT) y será transmitido a través deBicolor+.,6,2,Sport Boys y Alianza Atlético se verán las caras en un encuentro correspondiente a las semifinales de la Copa de la Liga. | Baja confirmada,False,3,"Sport Boys, Alianza Atlético, Copa de la Liga",2,1,Copa de la Liga,Copa de la Liga | Bicolor+,370,2336,https://cdn.futbolperuano.com/sdi/2026/09/21/fecha-hora-y-canal-del-sport-boys-vs-alianza-atletico-por-la-copa-de-la-liga-1358087.jpg,1200,Sport Boys vs Alianza Atlético. Foto: Twitter @CopadelaLigape,,https://www.futbolperuano.com/copa-de-la-liga/noticias/fecha-hora-y-canal-del-sport-boys-vs-alianza-atletico-por-la-copa-de-la-liga-601571,Stewart Luya,copa-de-la-liga
Alianza Lima tiene todo encaminado para enfrentar a un equipo chileno durante la fecha FIFA,Alianza Lima jugará un amistoso ante Palestino durante receso de Liga 1 2026,"Tras el receso de la Liga 1, Alianza Lima afrontará dos amistosos de cara a su preparación. El equipo de Guede tendrá una preparación especial.","Alianza Limaya tiene definido parte de su plan para aprovechar el próximo receso de laLiga 1y un amistoso casi confirmado.El conjunto blanquiazul tendrá varios días sin competencia oficial y el comando técnico dePablo Guedeprepara una concentración especial en Cieneguilla, además de dos partidos amistosos que servirán para mantener el ritmo competitivo.",9,1,"Tras el receso de la Liga 1, Alianza Lima afrontará dos amistosos de cara a su preparación. El equipo de Guede tendrá una preparación especial.",True,3,"Alianza Lima, Liga 1 del Fútbol Peruano, Liga 1",2,1,Alianza Lima,Alianza Lima | Liga 1,321,2125,https://cdn.futbolperuano.com/sdi/2026/09/21/alianza-lima-jugara-un-amistoso-ante-palestino-durante-receso-de-liga-1-2026-1358068.jpg,1200,Alianza Lima definió qué hará durante el próximo receso del campeonato. Foto: Twitter Alianza Lima,,https://www.futbolperuano.com/liga-1/noticias/alianza-lima-jugara-un-amistoso-ante-palestino-durante-receso-de-liga-1-2026-601553,Joaquín Vásquez,liga-1
Copa Perú 2026: Patricio Arce se luce con un doblete en la Etapa Nacional,Copa Perú: Patricio Arce se luce con un doblete en la Etapa Nacional,"El mediocentro ofensivo chalaco Patricio Arce (Callao, 1993) debutó este domingo en la Etapa Nacional de la Copa Perú 2026.","El mediocentro ofensivo chalacoPatricio Arce, quien hace unos meses salió de la cárcel después de que el Poder Judicial anulara su condena de 22 años de prisión y ordenara su liberación, se lució con un doblete en la segunda jornada de la Etapa Nacional de laCopa Perú.",4,2,"El mediocentro ofensivo chalaco Patricio Arce (Callao, 1993) debutó este domingo en la Etapa Nacional de la Copa Perú 2026. | Resultados de la fecha 2 de la Etapa Nacional - Copa Perú",True,3,"Patricio Arce, Copa Perú, Fútbol Peruano",2,1,Patricio Arce,Patricio Arce | Copa Perú,201,1165,https://cdn.futbolperuano.com/sdi/2026/09/21/copa-peru-patricio-arce-se-luce-con-un-doblete-en-la-etapa-nacional-1358101.jpg,1200,Patricio Arce se luce con un doblete en la Copa Perú. Foto: Twitter @Liga1TeApuesto,,https://www.futbolperuano.com/copa-peru/noticias/copa-peru-patricio-arce-se-luce-con-un-doblete-en-la-etapa-nacional-601587,Stewart Luya,copa-peru
Ignacio Buse hace historia y es convocado al Team Mundial de la Laver Cup 2026,Ignacio Buse fue elegido como suplente del Team Mundial para la Laver Cup 2026,El peruano Ignacio Buse fue convocado a la Laver Cup 2026 como suplente del Team Mundial y tendrá a Andre Agassi como capitán.,"Ignacio Busecontinúa dando pasos importantes en su carrera internacional. El tenista peruano fue elegido para integrar elTeam Mundial de la Laver Cup 2026, uno de los torneos más destacados del calendario ATP, que reúne durante un mismo fin de semana a figuras de Europa y del resto del mundo.",10,1,El peruano Ignacio Buse fue convocado a la Laver Cup 2026 como suplente del Team Mundial y tendrá a Andre Agassi como capitán.,False,3,"Ignacio Buse, Tenis, Perú",2,1,Ignacio Buse,Ignacio Buse | Team Mundial de la Laver Cup 2026,409,2559,https://cdn.futbolperuano.com/sdi/2026/09/21/ignacio-buse-fue-elegido-como-suplente-del-team-mundial-para-la-laver-cup-2026-1358074.jpg,1200,Ignacio Buse fue convocado a la Laver Cup 2026. Foto: Twitter Laver Cup,,https://www.futbolperuano.com/mas-deportes/tenis/ignacio-buse-fue-elegido-como-suplente-del-team-mundial-para-la-laver-cup-2026-601558,Joaquín Vásquez,mas-deportes
DT de Deportivo Garcilaso revela el lamento de Beto Da Silva tras no ser convocado a la Selección Peruana: “Estaba esperanzado”,DT de Deportivo Garcilaso revela el lamento de Beto Da Silva tras no ser convocado a la Selección Peruana,Beto Da Silva fue uno de los grandes ausentes en la convocatoria e Mano Menezes para los amistosos de Perú en la fecha FIFA de septiembre y octubre.,"Deportivo Garcilasoatraviesa uno de sus mejores momentos en elTorneo Clausuray el buen rendimiento colectivo también ha puesto a varios de sus futbolistas en el radar de laSelección Peruana. Sin embargo, la reciente convocatoria de Mano Menezes para los amistosos internacionales no tuvo a ningún futbolista del plantel del ‘Pedacito de Cielo’.",8,1,Beto Da Silva fue uno de los grandes ausentes en la convocatoria e Mano Menezes para los amistosos de Perú en la fecha FIFA de septiembre y octubre.,True,3,"Beto da Silva, Selección Peruana, Deportivo Garcilaso",2,1,Deportivo Garcilaso,Deportivo Garcilaso | Selección Peruana,349,2195,https://cdn.futbolperuano.com/sdi/2026/09/21/dt-de-deportivo-garcilaso-revela-el-lamento-de-beto-da-silva-tras-no-ser-convocado-a-la-seleccion-peruana-1358054.jpg,1200,Beto Da Silva no fue convocado a la Selección Peruana. Foto: FPF / Club Deportivo Garcilaso,,https://www.futbolperuano.com/seleccion/noticias/dt-de-deportivo-garcilaso-revela-el-lamento-de-beto-da-silva-tras-no-ser-convocado-a-la-seleccion-peruana-601538,Gabriel Iberico,seleccion
"Con Jesús Pretell, LDU Quito remontó y se mantiene en zona de Copa Sudamericana",Jesús Pretell ingresó y LDU Quito remontó ante Universidad Católica en Ecuador,"Jesús Pretell sumó minutos en el triunfo de LDU Quito ante Universidad Católica, que llegó a 49 puntos en Ecuador.",LDU Quitose hizo fuerte de local y consiguió una importante victoria por 2-1 ante Universidad Católica de Ecuador por la fecha 31 del grupo campeonato de la Liga Ecuabet 2026. El volante peruanoJesús Pretellingresó al inicio del segundo tiempo y disputó toda la etapa complementaria.,7,2,"Jesús Pretell sumó minutos en el triunfo de LDU Quito ante Universidad Católica, que llegó a 49 puntos en Ecuador. | Peruanos en el exterior (2026)",True,3,"Jesús Pretell, LDU de Quito, Peruanos en el Exterior",2,1,LDU Quito,LDU Quito | Jesús Pretell,233,1436,https://cdn.futbolperuano.com/sdi/2026/09/21/jesus-pretell-ingreso-y-ldu-quito-remonto-ante-universidad-catolica-en-ecuador-1358071.jpg,1200,Jesús Pretell ingresó en el segundo tiempo. Foto: Twitter LDU Quito,,https://www.futbolperuano.com/peruanos-en-el-exterior/noticias/jesus-pretell-ingreso-y-ldu-quito-remonto-ante-universidad-catolica-en-ecuador-601557,Joaquín Vásquez,peruanos-en-el-exterior
Copa Perú 2026: así se jugará la tercera jornada de la Etapa Nacional,Copa Perú 2026: así se jugará la tercera jornada de la Etapa Nacional,"Tras finalizar la fecha 2, todo va quedando listo para lo que será la tercera jornada de la Etapa Nacional de la Copa Perú 2026.","LaEtapa Nacionalde laCopa Perú 2026entra en una etapa decisiva luego de disputarse las dos primeras jornadas. Con varios equipos buscando consolidarse en los primeros lugares, la tercera fecha tendrá encuentros importantes en distintas regiones del país, donde cada punto puede resultar determinante para avanzar hacia la siguiente ronda y mantener vigente el objetivo de llegar al fútbol profesional.",6,1,"Tras finalizar la fecha 2, todo va quedando listo para lo que será la tercera jornada de la Etapa Nacional de la Copa Perú 2026.",True,3,"Copa Perú, Perú, Fútbol Peruano",2,1,Etapa Nacional,Etapa Nacional | Copa Perú 2026,305,1888,https://cdn.futbolperuano.com/sdi/2026/09/21/copa-peru-2026-asi-se-jugara-la-tercera-jornada-de-la-etapa-nacional-1358051.jpg,1200,Vinicunca FC lidera en la Etapa Nacional de la Copa Perú 2026. Foto: Vinicunca Futbol CLUB,,https://www.futbolperuano.com/copa-peru/noticias/copa-peru-2026-asi-se-jugara-la-tercera-jornada-de-la-etapa-nacional-601536,Gabriel Iberico,copa-peru
Matías Córdova advierte con pelearle el puesto a Pedro Gallese en la Selección Peruana: “Muchísima competencia”,Matías Córdova advierte con pelearle el puesto a Gallese en la Selección Peruana,"Matías Córdova, portero de Comerciantes Unidos, habló sobre la competencia bajo los tres palos en la Selección Peruana.","LaSelección Peruanaatraviesa una nueva etapa bajo la dirección deMano Menezesy los próximos amistosos internacionales también sirven para observar alternativas en diferentes posiciones. Una de ellas es el arco, dondePedro Gallesemantiene un lugar importante, mientrasDiego RomeroyMatías Córdovabuscan aprovechar cada oportunidad para demostrar sus condiciones.",7,1,"Matías Córdova, portero de Comerciantes Unidos, habló sobre la competencia bajo los tres palos en la Selección Peruana.",True,4,"Selección Peruana, Perú, Pedro Gallese, Diego Romero",2,1,Selección Peruana,Selección Peruana | Matías Córdova,292,1998,https://cdn.futbolperuano.com/sdi/2026/09/21/matias-cordova-advierte-con-pelearle-el-puesto-a-gallese-en-la-seleccion-peruana-1358057.jpg,1200,Matías Córdova. Foto: Club Comerciantes Unidos - Cutervo,,https://www.futbolperuano.com/seleccion/noticias/matias-cordova-advierte-con-pelearle-el-puesto-a-gallese-en-la-seleccion-peruana-601541,Gabriel Iberico,seleccion
"Rosalía Zegarra, la atleta peruana que busca destacar en circuito internacional Merrell Skyrunner World Series","Rosalía Zegarra, la atleta peruana que busca destacar en circuito internacional de running",La atleta peruana Rosalía Zegarra competirá en España en un circuito de running internacional conocido como 'Merrell Skyrunner World Series'.,"¡A dejar a Perú en lo más altodel deporte! Laatleta peruana Rosalía Zegarrabuscará dejar su huella en el circuito internacional'Merrell Skyrunner World Series', sobre todo en su próxima competición oficial que tendrá lugar en el País Vasco, España.",7,1,La atleta peruana Rosalía Zegarra competirá en España en un circuito de running internacional conocido como 'Merrell Skyrunner World Series'.,False,3,"Atletismo, Running, Polideportivo",2,1,del deporte,del deporte | para que estos atletas,362,2284,https://cdn.futbolperuano.com/sdi/2026/09/21/rosalia-zegarra-la-atleta-peruana-que-busca-destacar-en-circuito-internacional-de-running-1358154.jpg,1200,"Rosalía Zegarra, atleta peruana. Foto: CIVA Endurance Club",,https://www.futbolperuano.com/mas-deportes/noticias/rosalia-zegarra-la-atleta-peruana-que-busca-destacar-en-circuito-internacional-de-running-601648,Jorge Cruzalegui,mas-deportes
"Partidos de pretemporada de la Liga Peruana de Vóley con Alianza Lima, San Martín y Universitario como protagonistas",Partidos de pretemporada de la Liga Peruana de Vóley 2026-27,"Alianza Lima, Universidad San Martín, Universitario de Deportes y Regatas Lima animarán la Liga Peruana de Vóley Femenino 2026-27.","Alianza Lima, Universidad San Martín,Universitario de Deportes, Deportivo Géminis, Regatas Lima, Atlético Atenea, Circolo Sportivo Italiano, Deportivo Soan, Rebaza Acosta, Olva Latino, Deportivo Wanka y Perú U19 se vienen preparando arduamente para encarar la temporada 2026-27 de laLiga Peruana de Vóley.",2,2,"Alianza Lima, Universidad San Martín, Universitario de Deportes y Regatas Lima animarán la Liga Peruana de Vóley Femenino 2026-27. | Partidos de pretemporada de la Liga Peruana de Vóley",True,3,"Liga Peruana de Vóley, Alianza Lima, Universitario",2,1,Alianza Lima,Alianza Lima | Universitario de Deportes,61,418,https://cdn.futbolperuano.com/sdi/2026/09/21/partidos-de-pretemporada-de-la-liga-peruana-de-voley-2026-27-1358131.jpg,1200,Liga Peruana de Vóley. Foto: Facebook Liga Peruana de Voley Betsson,,https://www.futbolperuano.com/liga-voley/partidos-de-pretemporada-de-la-liga-peruana-de-voley-2026-27-601624,Stewart Luya,liga-voley
¡Solo pasa en la Liga 1! Portero de UTC jugó de delantero en la derrota ante Sport Huancayo,Portero de UTC jugó de delantero en la derrota ante Sport Huancayo,"Ignacio Barrios, arquero suplente de UTC, hizo su debut como delantero en la derrota ante Sport Huancayo por la fecha 10 del Torneo Clausura.","Sport Huancayoconsiguió una nueva victoria en elTorneo Clausura 2026, pero el encuentro anteUTCdejó una de las imágenes más curiosas de la jornada. El ‘Rojo Matador’ se impuso por 3-2 en el estadio IPD de Huancayo y sumó su cuarto triunfo consecutivo en el campeonato.",10,1,"Ignacio Barrios, arquero suplente de UTC, hizo su debut como delantero en la derrota ante Sport Huancayo por la fecha 10 del Torneo Clausura.",False,3,"UTC, Ignacio Barrios, Liga 1 del Fútbol Peruano",2,1,Torneo Clausura 2026,Torneo Clausura 2026 | UTC,403,2644,https://cdn.futbolperuano.com/sdi/2026/09/20/portero-de-utc-jugo-de-delantero-en-la-derrota-ante-sport-huancayo-1358042.jpg,1200,Ignacio Barrios dejó los guantes para jugar en el ataque. Foto: @fanaticospe / UTC Pagina Oficial,,https://www.futbolperuano.com/liga-1/noticias/portero-de-utc-jugo-de-delantero-en-la-derrota-ante-sport-huancayo-601519,Gabriel Iberico,liga-1
Le ganó la emoción: jugador de Bad Boys fue expulsado tras celebrar quitándose la camiseta en la Etapa Nacional de la Copa Perú,Bad Boys vs. Por la Santa FC: EN VIVO por la Etapa Nacional de la Copa Perú 2026,Bad Boys sumó su primer triunfo en la Etapa Nacional de la Copa Perú 2026 tras vencer por 3-2 a Por la Santa FC en Pisco.,"Bad Boysconsiguió su primer triunfo en laEtapa Nacionalde laCopa Perú 2026tras vencer por 3-1 aPor la Santa FCde Ayacucho en el Estadio Teobaldo Pinillos. Este encuentro nos dejó uno de los momentos más curiosos en este cierre de la jornada 2, y es que un futbolista se olvidó que estaba amonestado y terminó siendo expulsado tras quitarse la camiseta en su eufórica celebración al marcar un gol.",11,2,Bad Boys sumó su primer triunfo en la Etapa Nacional de la Copa Perú 2026 tras vencer por 3-2 a Por la Santa FC en Pisco. | Tabla y resultados de la fecha 2 de la Etapa Nacional - Copa Perú,True,3,"Bad Boys, Por la Santa FC, Copa Perú",4,1,Etapa Nacional,Etapa Nacional | Copa Perú 2026 | Etapa Nacional | Copa Perú,488,2803,https://cdn.futbolperuano.com/sdi/2026/09/21/bad-boys-vs-por-la-santa-fc-en-vivo-por-la-etapa-nacional-de-la-copa-peru-2026-1358045.jpg,1200,Bad Boys ganó por 3-2 a Por la Santa con uno menos. Foto: Captura,,https://www.futbolperuano.com/copa-peru/noticias/bad-boys-vs-por-la-santa-fc-en-vivo-por-la-etapa-nacional-de-la-copa-peru-2026-601330,Gabriel Iberico,copa-peru
Estos son los 25 equipos que disputarán el Campeonato Nacional Tradición Copera 2026,Estos son los 25 equipos que disputarán el Campeonato Nacional Tradición Copera,La Liga Nacional de Fútbol Aficionado dio a conocer la lista de equipos admitidos en el Campeonato Nacional Tradición Copera 2026.,"La Liga Nacional de Fútbol Aficionado (LINFA) dio a conocer la lista de equipos admitidos en elCampeonato Nacional Tradición Copera 2026, que comenzará a disputarse la última semana de octubre (sábado 24 y domingo 25).",10,2,La Liga Nacional de Fútbol Aficionado dio a conocer la lista de equipos admitidos en el Campeonato Nacional Tradición Copera 2026. | Equipos participantes de Tradición Copera,True,3,"Tradición Copera, Nacional, Fútbol Peruano",2,1,Campeonato Nacional Tradición Copera 2026,Campeonato Nacional Tradición Copera 2026 | Campeonato Nacional Tradición Copera 2026,342,2363,https://cdn.futbolperuano.com/sdi/2026/09/21/estos-son-los-25-equipos-que-disputaran-el-campeonato-nacional-tradicion-copera-1358111.jpg,1200,Tradición Copera 2026. Foto: Facebook Tradición Copera,,https://www.futbolperuano.com/peru/mas-del-futbol-peruano/estos-son-los-25-equipos-que-disputaran-el-campeonato-nacional-tradicion-copera-601594,Stewart Luya,peru
Copa Perú 2026: Resultados y tablas de posiciones de la fecha 2 de la Etapa Nacional,Copa Perú 2026: Resultados y tablas de posiciones de la fecha 2 de la Etapa Nacional,"Este sábado 19 de septiembre se dará inicio a la fecha 2 de la Etapa Nacional de la Copa Perú 2026, la cual culminará el domingo 20.","Tras una vibrante primera jornada, estesábado 19 de septiembrese dará inicio a lafecha 2de laEtapa Nacionalde laCopa Perú 2026, en donde los distintos equipos buscarán quedarse con el triunfo para de esa forma seguir soñando con la posibilidad de avanzar en el torneo del ‘Fútbol Macho’ y tenta la posibilidad de conseguir el ascenso a final de temporada.",3,2,"Este sábado 19 de septiembre se dará inicio a la fecha 2 de la Etapa Nacional de la Copa Perú 2026, la cual culminará el domingo 20. | Tabla y resultados de la fecha 2 de la Etapa Nacional - Copa Perú",True,3,"Copa Perú, Perú, Fútbol Peruano",2,1,Copa Perú 2026,Copa Perú 2026 | Copa Perú 2026,168,1047,https://cdn.futbolperuano.com/sdi/2026/09/18/copa-peru-2026-resultados-y-tablas-de-posiciones-de-la-fecha-2-de-la-etapa-nacional-1357776.jpg,1200,Todo ha quedado listo para lo que serán los partidos de la fecha 2 de la Etapa Nacional de la Copa Perú 2026. Foto: Facebook Arsenal Lawn Tennis,,https://www.futbolperuano.com/copa-peru/noticias/copa-peru-2026-resultados-y-tablas-de-posiciones-de-la-fecha-2-de-la-etapa-nacional-601242,Gabriel Rey,copa-peru
Héctor Cúper en la mira de Universitario de Deportes: “Los jugadores no están nada contentos”,Héctor Cúper recibe inesperado mensaje desde el plantel de Universitario de Deportes,"Tras la goleada ante Deportivo Garcilaso, Diego Rebagliati reveló la postura del plantel de Universitario sobre Héctor Cúper..","La contundente derrota deUniversitario de Deportespor 4-0 anteDeportivo Garcilasono solo dejó al equipo crema sin el liderato del Torneo Clausura, sino que también volvió a poner en el centro de la escena la continuidad deHéctor Cúper. En medio de la preocupación por el rendimiento mostrado en Cusco, una información sobre el sentir del plantel podría generar movimientos importantes durante el próximo periodo de trabajo.",10,1,"Tras la goleada ante Deportivo Garcilaso, Diego Rebagliati reveló la postura del plantel de Universitario sobre Héctor Cúper..",False,3,"Universitario de Deportes, Héctor Cúper, Liga 1 del Fútbol Peruano",2,1,Universitario de Deportes,Universitario de Deportes | Héctor Cúper,419,2731,https://cdn.futbolperuano.com/sdi/2026/09/21/hector-cuper-recibe-inesperado-mensaje-desde-el-plantel-de-universitario-de-deportes-1358116.jpg,1200,Plantel de Universitario estaría molesto con Héctor Cúper. Foto: Twitter Universitario de Deportes,,https://www.futbolperuano.com/liga-1/noticias/hector-cuper-recibe-inesperado-mensaje-desde-el-plantel-de-universitario-de-deportes-601605,Joaquín Vásquez,liga-1
Atlético Torino deja escapar el triunfo ante Juan Pablo II y pierde una oportunidad de acercarse a los primeros lugares,Juan Pablo II vs. Atlético Torino en vivo online por la fecha 2 de la Etapa Nacional de la Copa Perú 2026,"Atlético Torino empató ante Juan Pablo II de Amazonas y mantuvo su invicto, aunque dejó escapar una victoria clave sobre el final.","El míticoAtlético Torinono pudo en su visita aJuan Pablo IIde Amazonas en el Estadio Kuelap y se le escapó el triunfo sobre el final del encuentro. Si bien es cierto que los de Talara mantienen su invicto en laEtapa Nacionalde laCopa Perú, dejaron pasar una oportunidad clave para posicionarse en los primeros lugares de la Tabla de Posiciones.",8,2,"Atlético Torino empató ante Juan Pablo II de Amazonas y mantuvo su invicto, aunque dejó escapar una victoria clave sobre el final. | Programación de la fecha 2 de la Etapa Nacional - Copa Perú",True,3,"Juan Pablo II, Atlético Torino, Copa Perú",2,1,Copa Perú,Copa Perú | Atlético Torino,339,2064,https://cdn.futbolperuano.com/sdi/2026/09/20/juan-pablo-ii-vs-atletico-torino-en-vivo-online-por-la-fecha-2-de-la-etapa-nacional-de-la-copa-peru-2026-1358034.jpg,1200,Atlético Torino dejó escapar el triunfo ante Juan Pablo II de Amazonas. Foto: Youtube Captura:  Talaratv NOTICIAS,,https://www.futbolperuano.com/copa-peru/noticias/juan-pablo-ii-vs-atletico-torino-en-vivo-online-por-la-fecha-2-de-la-etapa-nacional-de-la-copa-peru-2026-601391,Gabriel Rey,copa-peru
Liga 1: resultados y tabla de posiciones de la fecha 10 del Torneo Clausura,Resultados y tabla de posiciones de la fecha 10 del Torneo Clausura,"Universitario de Deportes lidera el Torneo Clausura (Liga 1), que se jugará del viernes 18 al miércoles 30 de septiembre.","Alianza Atlético y Comerciantes Unidos serán los encargados de abrir la décima jornada delTorneo Clausura(Liga 1) este viernes en el Estadio Campeones del 36 desde las 15:00 horas (20:00 GMT). Posteriormente, un golpeadoAlianza Limarecibirá a un moribundo ADT de Tarma en el Estadio Alejandro Villanueva desde las 20:00 horas (01:00 GMT).",5,2,"Universitario de Deportes lidera el Torneo Clausura (Liga 1), que se jugará del viernes 18 al miércoles 30 de septiembre. | Resultados de la fecha 10 del Torneo Clausura - Liga 1",True,3,"Torneo Clausura, Liga 1, Fútbol Peruano",2,1,Torneo Clausura,Torneo Clausura | Universitario de Deportes,250,1479,https://cdn.futbolperuano.com/sdi/2026/09/17/resultados-y-tabla-de-posiciones-de-la-fecha-10-del-torneo-clausura-1357607.jpg,1200,Universitario lidera el Torneo Clausura. Foto: Liga de Fútbol Profesional (LFP),,https://www.futbolperuano.com/liga-1/noticias/resultados-y-tabla-de-posiciones-de-la-fecha-10-del-torneo-clausura-601043,Stewart Luya,liga-1
Liga Femenina 2026: ¿Cómo se jugarán los partidos de la fecha 11 del Torneo Clausura de la primera división femenina?,Liga Femenina 2026: ¿Cómo se jugarán los partidos de la fecha 11 del Torneo Clausura?,Se dio a conocer la programación oficial de lo que será la fecha 11 del Torneo Clausura de la Liga Femenina 2026.,"El fútbol femenino no conoce de descanso, por lo que todo ha quedado listo para lo que será lafecha 11delTorneo Clausurade laLiga Femenina 2026, la misma que se jugará entre el viernes 25 y el domingo 27 de septiembre y que será la última de laFase Regulardel Torneo Clausura, la misma que se podrá ver en todo el país por la señal del YouTube de Bicolor +.",4,1,Se dio a conocer la programación oficial de lo que será la fecha 11 del Torneo Clausura de la Liga Femenina 2026.,True,3,"Liga Femenina, Torneo Clausura, Alianza Lima",2,1,Liga Femenina 2026,Liga Femenina 2026 | Torneo Clausura,219,1292,https://cdn.futbolperuano.com/sdi/2026/09/21/liga-femenina-2026-como-se-jugaran-los-partidos-de-la-fecha-11-del-torneo-clausura-1358043.jpg,1200,Conoce como se jugará la fecha 11 del Torneo Clausura de la Liga Femenina 2026. Foto: Facebook Liga Femenina,,https://www.futbolperuano.com/futbol-femenino/liga-femenina/liga-femenina-2026-como-se-jugaran-los-partidos-de-la-fecha-11-del-torneo-clausura-601523,Gabriel Rey,futbol-femenino
Liga Femenina: Resultados y tabla de posiciones de la Fecha 10 del Torneo Clausura 2026,Resultados y tabla de posiciones de Fecha 10 del Torneo Clausura de Liga Femenina 2026,Del viernes 18 al domingo 20 de septiembre se disputarán los partidos de la fecha 10 del Torneo Clausura de la Liga Femenina 2026.,"¡Sin descanso! Con grandes partidos para el fin de semana, el fútbol vuelve a tener acción en laLiga Femeninay es que este mismo viernes 18 de septiembre se dará inicio a la fecha 10 delTorneo Clausuracon el duelo entre Melgar y Carlos Mannucci.",6,2,Del viernes 18 al domingo 20 de septiembre se disputarán los partidos de la fecha 10 del Torneo Clausura de la Liga Femenina 2026. | Resultados de la fecha 10 del Torneo Clausura de la Liga Femenina 2026,True,3,"Liga Femenina, Torneo Clausura, Fútbol Femenino",2,1,Liga Femenina,Liga Femenina | la tabla acumulada,270,1617,https://cdn.futbolperuano.com/sdi/2026/09/18/resultados-y-tabla-de-posiciones-de-fecha-10-del-torneo-clausura-de-liga-femenina-2026-1357662.jpg,1200,Alianza Lima lidera el Torneo Clausura Femenino. Foto: Facebook Liga Femenina FPF,,https://www.futbolperuano.com/futbol-femenino/liga-femenina/resultados-y-tabla-de-posiciones-de-fecha-10-del-torneo-clausura-de-liga-femenina-2026-601104,Jorge Cruzalegui,futbol-femenino
Copa Perú: El Combe FC consigue su primer triunfo en la Etapa Nacional,El Combe FC vs. Sport River: EN VIVO por la Etapa Nacional de la Copa Perú 2026,El Combe FC venció por la mínima a Sport River en Cajabamba y suma su primera victoria en la Etapa Nacional de la Copa Perú 2026.,El Combe FCtuvo una jornadas inolvidable en el Estadio Germán Contreras Jara de Cajabamba tras conseguir su primer triunfo en laEtapa Nacionalde laCopa Perú. El cuadro cajamarquino venció por 1-0 a uno de los clubes de gran renombre como elSport Riveren un partido que tuvo un final accidentado.,9,2,El Combe FC venció por la mínima a Sport River en Cajabamba y suma su primera victoria en la Etapa Nacional de la Copa Perú 2026. | Tabla y resultados de la fecha 2 de la Etapa Nacional - Copa Perú,True,3,"Combe FC, Sport River, Copa Perú",4,1,Etapa Nacional,Etapa Nacional | Copa Perú | Etapa Nacional | Copa Perú,305,1799,https://cdn.futbolperuano.com/sdi/2026/09/20/el-combe-fc-vs-sport-river-en-vivo-por-la-etapa-nacional-de-la-copa-peru-2026-1358032.jpg,1200,El Combe FC venció a Sport River. Foto: Captura,,https://www.futbolperuano.com/copa-peru/noticias/el-combe-fc-vs-sport-river-en-vivo-por-la-etapa-nacional-de-la-copa-peru-2026-601329,Gabriel Iberico,copa-peru
"Resultados y tabla de posiciones de la fecha 16 de la Liga 3, con Unión Santo Domingo como protagonista",Resultados y tabla de posiciones de la fecha 16 de la Liga 3,La decimosexta fecha de la Fase Regional de la Liga 3 (Tercera División) se jugará del viernes 18 al domingo 20 de septiembre.,"La decimosexta jornada de la Fase Regional de laLiga 3se jugará del viernes 18 al domingo 20 de septiembre y tendrá como platos fuertes los partidos de Unión Santo Domingo y ASA FC en los grupos A y C, respectivamente.",3,2,La decimosexta fecha de la Fase Regional de la Liga 3 (Tercera División) se jugará del viernes 18 al domingo 20 de septiembre. | RESULTADOS DE LA FECHA 16 - LIGA 3,True,3,"Liga 3, Unión Santo Domingo, Fútbol Peruano",2,1,Liga 3,Liga 3 | Liga 3,137,799,https://cdn.futbolperuano.com/sdi/2026/09/17/resultados-y-tabla-de-posiciones-de-la-fecha-16-de-la-liga-3-1357624.jpg,1200,Unión Santo Domingo lidera el Grupo A de la Liga 3. Foto: Facebook Club Unión Santo Domingo,,https://www.futbolperuano.com/liga-3/noticias/resultados-y-tabla-de-posiciones-de-la-fecha-16-de-la-liga-3-601067,Stewart Luya,liga-3
¿Por qué Sporting Cristal podría quedar fuera de los playoffs aunque gane el Torneo Clausura?,¿Por qué Sporting Cristal podría quedar fuera de los playoffs aunque gane el Torneo Clausura?,"Sporting Cristal atraviesa un gran momento en el Torneo Clausura 2026, donde ya se acerca a los primeros lugares de la tabla.",Sporting Cristalvolvió a meterse de lleno en la pelea por elTorneo Clausura 2026después de encadenar tres victorias consecutivas. El cuadro celeste recuperó terreno en la segunda parte de la temporada y ahora tiene como objetivo quedarse con el campeonato corto para mantener sus posibilidades de luchar por el título nacional.,8,1,"Sporting Cristal atraviesa un gran momento en el Torneo Clausura 2026, donde ya se acerca a los primeros lugares de la tabla.",False,3,"Sporting Cristal, Liga 1 del Fútbol Peruano, Roberto Mosquera",2,1,Sporting Cristal,Sporting Cristal | Torneo Clausura 2026,352,2284,https://cdn.futbolperuano.com/sdi/2026/09/21/por-que-sporting-cristal-podria-quedar-fuera-de-los-playoffs-aunque-gane-el-torneo-clausura-1358044.jpg,1200,Sporting Cristal se mete en la pelea por el Torneo Clausura. Foto: Club Sporting Cristal,,https://www.futbolperuano.com/liga-1/noticias/por-que-sporting-cristal-podria-quedar-fuera-de-los-playoffs-aunque-gane-el-torneo-clausura-601524,Gabriel Iberico,liga-1
"La Liga 1 tendrá un breve receso por los amistosos de Perú, pero ya existe fecha para el esperado regreso del Torneo Clausura",Liga 1 2026: conoce cuándo se reanudará el Torneo Clausura y cuáles serán los partidos de la Fecha 11,La Liga 1 tendrá una pausa durante las próximas semanas y ya está definido el momento en que los 18 equipos volverán a competir.,"La primera división del fútbol peruano sufriría un breve receso durante las próximas semanas debido a los encuentros amistosos que disputará laSelección Peruanaante USA, México, Canadá y Colombia; sin embargo, ya se conoce lafecha exactadel reinicio delTorneo Clausurade laLiga 1 2026, por lo que aquí te contamos cuando se disputará lafecha 11del Clausura.",5,1,La Liga 1 tendrá una pausa durante las próximas semanas y ya está definido el momento en que los 18 equipos volverán a competir.,True,3,"Liga 1 del Fútbol Peruano, Torneo Clausura, Perú",2,1,Liga 1 2026,Liga 1 2026 | Torneo Clausura,281,1694,https://cdn.futbolperuano.com/sdi/2026/09/20/liga-1-2026-conoce-cuando-se-reanudara-el-torneo-clausura-y-cuales-seran-los-partidos-de-la-fecha-11-1358019.jpg,1200,Conoce cuándo volverá la Liga 1. Foto: Facebook Liga 1,,https://www.futbolperuano.com/liga-1/noticias/liga-1-2026-conoce-cuando-se-reanudara-el-torneo-clausura-y-cuales-seran-los-partidos-de-la-fecha-11-601505,Gabriel Rey,liga-1
Alianza Lima derrota a Sporting Cristal y conserva invicto en el Torneo Clausura de la Liga Femenina 2026,Alianza Lima derrota a Sporting Cristal y conserva invicto en Torneo Clausura de Liga Femenina 2026,Alianza Lima visitó a Sporting Cristal en el Estadio de La Florida por la fecha 10 del Torneo Clausura de la Liga Femenina 2026.,"¡No sabe de derrotas!Alianza Limareafirmó su gran momento en laLiga Femenina 2026, luego de vencer por 2-0 aSporting Cristalen el Estadio de La Florida y conservar su invicto tras nueve fechas disputadas en el Torneo Clausura.",6,2,Alianza Lima visitó a Sporting Cristal en el Estadio de La Florida por la fecha 10 del Torneo Clausura de la Liga Femenina 2026. | Así se jugó la fecha 10 del Torneo Clausura de la Liga Femenina 2026,True,3,"Alianza Lima, Sporting Cristal, Liga Femenina",1,1,Liga Femenina 2026,Liga Femenina 2026,291,1712,https://cdn.futbolperuano.com/sdi/2026/09/20/alianza-lima-derrota-a-sporting-cristal-y-conserva-invicto-en-torneo-clausura-de-liga-femenina-2026-1358038.jpg,1200,Alianza Lima venció a Sporting Cristal (2026). Foto: Facebook Alianza Lima Femenino,,https://www.futbolperuano.com/futbol-femenino/liga-femenina/alianza-lima-derrota-a-sporting-cristal-y-conserva-invicto-en-torneo-clausura-de-liga-femenina-2026-601515,Jorge Cruzalegui,futbol-femenino
Cultural Volante se impone a Juan Aurich y se ilusiona con una clasificación a la siguiente ronda de la Liga 3 2026,Cultural Volante vs Juan Aurich en vivo online por fecha 16 de Liga 3 2026,Cultural Volante midió fuerzas ante Juan Aurich en el Estadio Municipal El Frutillo por la fecha 16 de la Liga 3 2026.,"¡Quiere la clasificación! Con un solitario gol de Rony Santa Cruz,Cultural Volantederrotó (1-0) aJuan Aurichen el Estadio Municipal El Frutillo por la fecha 16 de la Fase Regional de laLiga 3 2026.",9,2,Cultural Volante midió fuerzas ante Juan Aurich en el Estadio Municipal El Frutillo por la fecha 16 de la Liga 3 2026. | PREVIA,True,3,"Cultural Volante, Juan Aurich, Liga 3",3,1,Liga 3 2026,Liga 3 2026 | Liga 3 2026 | la tabla del grupo,431,2472,https://cdn.futbolperuano.com/sdi/2026/09/20/cultural-volante-vs-juan-aurich-en-vivo-online-por-fecha-16-de-liga-3-2026-1358033.jpg,1200,Cultural Volante venció a Juan Aurich. Foto: Facebook Club Deportivo Volante,,https://www.futbolperuano.com/liga-3/noticias/cultural-volante-vs-juan-aurich-en-vivo-online-por-fecha-16-de-liga-3-2026-601382,Jorge Cruzalegui,liga-3
Ecosem Pasco apabulló a Nuevo San Cristóbal por la Fase Regional de la Liga 3 2026,Ecosem Pasco vs Nuevo San Cristóbal en vivo online por fecha 16 de Liga 3 2026,Ecosem Pasco recibió a Nuevo San Cristóbal en el Estadio La Amistad de Colquijirca por la fecha 16 de la Liga 3 2026.,¡Gran momento!Ecosem Pascose hizo sentir en condición de local en el Estadio La Amistad de Colquijirca y se impuso por un contundente 5-1 al clubNuevo San Cristóbalpor la fecha 16 de la Fase Regional de laLiga 3 2026.,11,2,Ecosem Pasco recibió a Nuevo San Cristóbal en el Estadio La Amistad de Colquijirca por la fecha 16 de la Liga 3 2026. | PREVIA,True,3,"Ecosem Pasco, Nuevo San Cristóbal, Liga 3",3,1,Liga 3 2026,Liga 3 2026 | Liga 3 2026 | primer lugar en el certamen,519,2923,https://cdn.futbolperuano.com/sdi/2026/09/20/ecosem-pasco-vs-nuevo-san-cristobal-en-vivo-online-por-fecha-16-de-liga-3-2026-1358027.jpg,1200,Ecosem Pasco celebra en la Liga 3 2026. Foto: Facebook C.Deportivo Ecosem Pasco,,https://www.futbolperuano.com/liga-3/noticias/ecosem-pasco-vs-nuevo-san-cristobal-en-vivo-online-por-fecha-16-de-liga-3-2026-601370,Jorge Cruzalegui,liga-3
Copa Perú: Domingo Dianderas sumó su segundo triunfo al hilo en la Etapa Nacional,Estrella Roja vs. Domingo Dianderas: EN VIVO por la Etapa Nacional de la Copa Perú 2026,Domingo Dianderas venció por la mínima diferencia a Estrella Roja en el Callao y sigue firme en la Etapa Nacional.,Domingo Dianderascontinúa a paso firme en laEtapa Nacionalde laCopa Perú. El cuadro chinchano venció por la mínima diferencia aEstrella Rojaen el Estadio Miguel Grau del Callao y sumó su segundo triunfo consecutivo para mantener vivo el sueño de llegar al fútbol profesional.,8,2,Domingo Dianderas venció por la mínima diferencia a Estrella Roja en el Callao y sigue firme en la Etapa Nacional. | Tabla y resultados de la fecha 2 de la Etapa Nacional - Copa Perú,True,3,"Estrella Roja, Domingo Dianderas, Copa Perú",4,1,Etapa Nacional,Etapa Nacional | Copa Perú | Etapa Nacional | Copa Perú,304,1786,https://cdn.futbolperuano.com/sdi/2026/09/20/estrella-roja-vs-domingo-dianderas-en-vivo-por-la-etapa-nacional-de-la-copa-peru-2026-1358028.jpg,1200,Domingo Dianderas venció a Estrella Roja en el Callao. Foto: Domingo Dianderas FC?,,https://www.futbolperuano.com/copa-peru/noticias/estrella-roja-vs-domingo-dianderas-en-vivo-por-la-etapa-nacional-de-la-copa-peru-2026-601328,Gabriel Iberico,copa-peru
Fabio Agurto sufrió una dura lesión durante la victoria de Juan Pablo II ante Deportivo Moquegua por la Liga 1,Juan Pablo II vs. Deportivo Moquegua en vivo online por la fecha 10 del Torneo Clausura de la Liga 1 2026,"Juan Pablo II goleó al Deportivo Moquegua por el Clausura, pero Fabio Agurto preocupó tras sufrir una dura lesión en la rodilla.","Juan Pablo IIsumó una importante goleada anteDeportivo Moqueguapor la fecha 10 delTorneo Clausurade laLiga 1 2026; sin embargo, no todo es felicidad en tienda ‘papal’, pues el defensor Fabio Agurto tuvo que dejar el campo de juego antes del final de la primera parte por una dura lesión en la rodilla y dejó el recinto deportivo en ambulancia.",12,2,"Juan Pablo II goleó al Deportivo Moquegua por el Clausura, pero Fabio Agurto preocupó tras sufrir una dura lesión en la rodilla. | Programación de la fecha 10 del Torneo Clausura - Liga 1",True,3,"Juan Pablo II, Deportivo Moquegua, Liga 1 del Fútbol Peruano",2,1,Liga 1 2026,Liga 1 2026 | Tabla Acumulada,604,3529,https://cdn.futbolperuano.com/sdi/2026/09/20/juan-pablo-ii-vs-deportivo-moquegua-en-vivo-online-por-la-fecha-10-del-torneo-clausura-de-la-liga-1-2026-1358031.jpg,1200,Fabio Agurto encendió las alarmas tras lesionarse la rodilla. Foto: Twitter Captura: L1 MAX,,https://www.futbolperuano.com/liga-1/noticias/juan-pablo-ii-vs-deportivo-moquegua-en-vivo-online-por-la-fecha-10-del-torneo-clausura-de-la-liga-1-2026-601404,Gabriel Rey,liga-1
"Fecha, hora y canal del ADT de Tarma vs Sporting Cristal por las semifinales de la Copa de la Liga","Fecha, hora y canal del ADT de Tarma vs Sporting Cristal por la Copa de la Liga",ADT de Tarma y Sporting Cristal se verán las caras en un encuentro correspondiente a las semifinales de la Copa de la Liga.,¡Partidazo en la Perla de los Andes!ADT de TarmaySporting Cristalse verán las caras este domingo en un encuentro correspondiente a la ida de las semifinales de laCopa de la Liga. El duelo entre equipos celestes se llevará a cabo en el Estadio Unión Tarma desde las 15:15 horas (20:15 GMT) y será transmitido a través deBicolor+.,6,2,ADT de Tarma y Sporting Cristal se verán las caras en un encuentro correspondiente a las semifinales de la Copa de la Liga. | Bajas confirmadas,False,3,"ADT de Tarma, Sporting Cristal, Copa de la Liga",2,1,Copa de la Liga,Copa de la Liga | Bicolor+,405,2573,https://cdn.futbolperuano.com/sdi/2026/09/21/fecha-hora-y-canal-del-adt-de-tarma-vs-sporting-cristal-por-la-copa-de-la-liga-1358093.jpg,1200,ADT de Tarma vs Sporting Cristal. Foto: Twitter @CopadelaLigape,,https://www.futbolperuano.com/copa-de-la-liga/noticias/fecha-hora-y-canal-del-adt-de-tarma-vs-sporting-cristal-por-la-copa-de-la-liga-601579,Stewart Luya,copa-de-la-liga
¿Perú podría sufrir una nueva baja? André Carrillo enciende las alarmas antes de la fecha FIFA,Selección Peruana: André Carrillo enciende las alarmas antes de la fecha FIFA,"Tras la baja confirmada de Fabio Gruber, la Selección Peruana también podría perder a André Carrillo para la fecha FIFA.","LaSelección Peruanapodría sumar un nuevo inconveniente antes de iniciar su serie de amistosos internacionales. El equipo dirigido por Mano Menezes ya conoció la baja confirmada de Fabio Gruber y ahora permanece atento a la situación deAndré Carrillo, quien presentó una molestia física en Brasil.",7,1,"Tras la baja confirmada de Fabio Gruber, la Selección Peruana también podría perder a André Carrillo para la fecha FIFA.",True,3,"Selección Peruana, André Carrillo, Perú",2,1,Selección Peruana,Selección Peruana | André Carrillo,288,1993,https://cdn.futbolperuano.com/sdi/2026/09/20/seleccion-peruana-andre-carrillo-enciende-las-alarmas-antes-de-la-fecha-fifa-1358040.jpg,1200,André Carrillo enciende las alarmas en Perú. Foto: FPF,,https://www.futbolperuano.com/seleccion/noticias/seleccion-peruana-andre-carrillo-enciende-las-alarmas-antes-de-la-fecha-fifa-601517,Gabriel Iberico,seleccion
"Franco Velazco y su fuerte mensaje tras dura derrota de Universitario ante Deportivo Garcilaso: ""No hay margen...""",Franco Velazco y su fuerte mensaje tras dura derrota de Universitario ante Deportivo Garcilaso,"Franco Velazco, administrador de Universitario, habló sobre la dura caída ante Deportivo Garcilaso por 4-0 en Cusco.","Universitario de Deportesrecibió un duro golpe en su lucha por elTorneo Clausura 2026. El cuadro crema cayó 4-0 anteDeportivo Garcilasoen el Estadio Inca Garcilaso de la Vega y, como consecuencia, perdió el primer lugar de la tabla frente a un rival directo por el título.",12,1,"Franco Velazco, administrador de Universitario, habló sobre la dura caída ante Deportivo Garcilaso por 4-0 en Cusco.",False,3,"Franco Velazco, Universitario de Deportes, Liga 1 del Fútbol Peruano",2,1,Universitario de Deportes,Universitario de Deportes | Torneo Clausura 2026,507,3182,https://cdn.futbolperuano.com/sdi/2026/09/20/franco-velazco-y-su-fuerte-mensaje-tras-dura-derrota-de-universitario-ante-deportivo-garcilaso-1358024.jpg,1200,Franco Velazco. Foto: Club Universitario de Deportes,,https://www.futbolperuano.com/liga-1/noticias/franco-velazco-y-su-fuerte-mensaje-tras-dura-derrota-de-universitario-ante-deportivo-garcilaso-601508,Gabriel Iberico,liga-1
"Programación de HOY, lunes 21 de septiembre de 2026: Horarios del fútbol en vivo por televisión en el Perú","Programación de HOY, lunes 21 de septiembre de 2026: Horarios del fútbol en vivo por televisión en el Perú",Este lunes 21 de septiembre llega con una gran cartelera de partidos que podrás ver en vivo por todo el Perú en TV. Sigue la programación aquí.,"Este lunes 21 de septiembre alístate para una gran jornada de partidos, los cuales podrás disfrutar por TV en todos los rincones del Perú. La jornada empieza desde muy temprano con duelos de alto calibre para el inicio de la semana. Puedes ver laPROGRAMACIÓN COMPLETA AQUÍ.",7,1,Este lunes 21 de septiembre llega con una gran cartelera de partidos que podrás ver en vivo por todo el Perú en TV. Sigue la programación aquí.,False,3,"Programación, Fútbol por TV, Juegos Suramericanos",2,1,PROGRAMACIÓN COMPLETA AQUÍ.,PROGRAMACIÓN COMPLETA AQUÍ. | Juegos Suramericanos,343,2106,https://cdn.futbolperuano.com/sdi/2026/09/20/programacion-de-hoy-lunes-21-de-septiembre-de-2026-horarios-del-futbol-en-vivo-por-television-en-el-peru-1358013.jpg,1200,Partidos del lunes 21 de septiembre. Foto: EFE,,https://www.futbolperuano.com/partidos-por-tv/noticias/programacion-de-hoy-lunes-21-de-septiembre-de-2026-horarios-del-futbol-en-vivo-por-television-en-el-peru-601498,Gabriel Iberico,partidos-por-tv
Debut complicado: Juan Reynoso perdió en su primer partido como nuevo técnico de Club Necaxa en la Liga MX,Juan Reynoso perdió en su debut como nuevo técnico de Club Necaxa en la Liga MX,"Club Necaxa, del técnico peruano Juan Reynoso, fue superado en su visita a San Luis por la novena fecha de la Liga MX.","¡No encuentra el camino!Juan Reynosodirigió su primer partido como técnico deClub Necaxay, lamentablemente para sus intereses, cosechó una dolorosa derrota (3-1) en condición de visitante frente a San Luis en el Estadio Libertad Financiera por la novena fecha de laLiga MX.",8,1,"Club Necaxa, del técnico peruano Juan Reynoso, fue superado en su visita a San Luis por la novena fecha de la Liga MX.",False,3,"Juan Reynoso, Necaxa, Liga MX",2,1,Liga MX,Liga MX | Melgar,391,2254,https://cdn.futbolperuano.com/sdi/2026/09/20/juan-reynoso-perdio-en-su-debut-como-nuevo-tecnico-de-club-necaxa-en-la-liga-mx-1358016.jpg,1200,Juan Reynoso dirigió en su regreso a la Liga MX. Foto: Facebook Club Necaxa,,https://www.futbolperuano.com/peruanos-en-el-exterior/noticias/juan-reynoso-perdio-en-su-debut-como-nuevo-tecnico-de-club-necaxa-en-la-liga-mx-601501,Jorge Cruzalegui,peruanos-en-el-exterior
Sport Huancayo consigue su cuarta victoria al hilo y acecha a Deportivo Garcilaso,Sport Huancayo vs UTC EN VIVO por el Torneo Clausura,Sport Huancayo recibió este domingo a UTC de Cajamarca en un encuentro correspondiente a la décima jornada del Torneo Clausura.,¡Triunfazo del Rojo Matador en la Ciudad Incontrastable!Sport Huancayoconfirmó su buen momento en la temporada y este domingo cosechó su cuarta victoria al hilo tras derrotar por3-2aUTC de Cajamarcaen un encuentro correspondiente a la décima jornada delTorneo Clausura.,9,3,Sport Huancayo recibió este domingo a UTC de Cajamarca en un encuentro correspondiente a la décima jornada del Torneo Clausura. | PREVIA | Fecha 10 del Torneo Clausura,True,3,"Sport Huancayo, UTC, Torneo Clausura",4,1,Torneo Clausura,Torneo Clausura | acumulado de la Liga 1 | Torneo Clausura | L1 MAX,545,3392,https://cdn.futbolperuano.com/sdi/2026/09/20/sport-huancayo-vs-utc-en-vivo-por-el-torneo-clausura-1358007.jpg,1200,Sport Huancayo consigue su cuarta victoria al hilo. Foto: Facebook Liga1 Te Apuesto,,https://www.futbolperuano.com/liga-1/noticias/sport-huancayo-vs-utc-en-vivo-por-el-torneo-clausura-601278,Stewart Luya,liga-1
Alianza Lima no se rinde en el Clausura: Pablo Guede aprovechará el receso para realizar una mini pretemporada con concentración y doble turno,El plan de Pablo Guede en Alianza Lima para aprovechar el receso de 20 días y llegar con más fuerza al tramo decisivo del Clausura,"Alianza Lima aprovechará el receso de 20 días para realizar una mini pretemporada con concentración, doble turno y posibles amistosos.","Tras su reciente victoria ante ADT en condición de local,Alianza Limano pierde las esperanzas de seguir escalando posiciones en elTorneo Clausuray de esa forma consagrarse ganador del torneo y alzar el título de laLiga 1 2026sin necesidad de disputar final alguna; por tal motivo,Pablo Guedeya tiene un plan trazado para el receso por la Fecha FIFA.",4,1,"Alianza Lima aprovechará el receso de 20 días para realizar una mini pretemporada con concentración, doble turno y posibles amistosos.",True,4,"Alianza Lima, Pablo Guede, Torneo Clausura, Liga 1 del Fútbol Peruano",2,1,Alianza Lima,Alianza Lima | Pablo Guede,203,1270,https://cdn.futbolperuano.com/sdi/2026/09/20/el-plan-de-pablo-guede-en-alianza-lima-para-aprovechar-el-receso-de-20-dias-y-llegar-con-mas-fuerza-al-tramo-decisivo-del-clausura-1358002.jpg,1200,Alianza Lima tendrá una mini pretemporada durante el receso de la Liga 1. Foto: Facebook Liga 1,,https://www.futbolperuano.com/liga-1/noticias/el-plan-de-pablo-guede-en-alianza-lima-para-aprovechar-el-receso-de-20-dias-y-llegar-con-mas-fuerza-al-tramo-decisivo-del-clausura-601488,Gabriel Rey,liga-1
Copa Perú: Sport Áncash derrota a Atlético EVZA y consigue su primera victoria en la Etapa Nacional,Sport Áncash vs Atlético EVZA EN VIVO por la Copa Perú,Sport Áncash recibió a Atlético EVZA en un encuentro correspondiente a la segunda fecha de la Etapa Nacional de la Copa Perú.,¡Triunfazo!Sport Áncash(subcampeón de la Liga Departamental de Áncash) dejó atrás la derrota ante Sport River y este domingo derrotó1-0aAtlético EVZA(campeón de la Liga Departamental de Huánuco) en un encuentro correspondiente a la segunda fecha de laEtapa Nacionalde laCopa Perú.,9,2,Sport Áncash recibió a Atlético EVZA en un encuentro correspondiente a la segunda fecha de la Etapa Nacional de la Copa Perú. | Previa,False,3,"Sport Áncash, Atlético EVZA, Copa Perú",4,1,Etapa Nacional,Etapa Nacional | Copa Perú | Copa Perú | Futbolperuano.com,491,3025,https://cdn.futbolperuano.com/sdi/2026/09/18/sport-ancash-vs-atletico-evza-en-vivo-por-la-copa-peru-1357800.jpg,1200,Sport Áncash consigue su primera victoria en la Etapa Nacional. Foto: Facebook Bitácora Noticias,,https://www.futbolperuano.com/copa-peru/noticias/sport-ancash-vs-atletico-evza-en-vivo-por-la-copa-peru-601266,Stewart Luya,copa-peru
¿Mensaje para Cúper? Bryan Reyna mostró su enojo por no ser considerado en Universitario de Deportes,Bryan Reyna mostró su enojo por no ser considerado en Universitario de Deportes,"Universitario de Deportes, con Bryan Reyna en los minutos finales, cayó goleado por Deportivo Garcilaso en el Cusco.","¿Queja pública?Universitario de Deportessufrió una dura derrota ante Deportivo Garcilaso, pero esa no fue la única 'sorpresa' de la noche en el Cusco, sino también las explosivas declaraciones deldelantero Bryan Reynasobre el técnico 'crema' Héctor Cúper.",9,1,"Universitario de Deportes, con Bryan Reyna en los minutos finales, cayó goleado por Deportivo Garcilaso en el Cusco.",False,3,"Bryan Reyna, Universitario de Deportes, Liga 1",2,1,Universitario de Deportes,Universitario de Deportes | Liga 1 2026,420,2484,https://cdn.futbolperuano.com/sdi/2026/09/20/bryan-reyna-mostro-su-enojo-por-no-ser-considerado-en-universitario-de-deportes-1357973.jpg,1200,Bryan Reyna habló sobre el técnico Héctor Cúper. Foto: Facebook Club Universitario de Deportes,,https://www.futbolperuano.com/liga-1/noticias/bryan-reyna-mostro-su-enojo-por-no-ser-considerado-en-universitario-de-deportes-601457,Jorge Cruzalegui,liga-1
Erick Noriega fue amonestado en el empate entre Gremio y Palmeiras en el Brasileirão,Erick Noriega fue amonestado en el empate entre Gremio y Palmeiras,"El Gremio, con el polifuncional Erick Noriega, recibió este domingo a Palmeiras por la vigésima octava jornada del Brasileiráo.","El polifuncionalErick Noriega, recientemente convocado a laSelección Peruanapara enfrentar a Estados Unidos, México, Canadá y Colombia en una serie de amistosos por fecha FIFA, fue amonestado en el duelo que sostuvieronGremioyPalmeirasen Porto Alegre.",5,2,"El Gremio, con el polifuncional Erick Noriega, recibió este domingo a Palmeiras por la vigésima octava jornada del Brasileirão. | Peruanos en el exterior (2026)",True,3,"Erick Noriega, Gremio, Brasileirao",2,1,Erick Noriega,Erick Noriega | Selección Peruana,204,1319,https://cdn.futbolperuano.com/sdi/2026/09/20/erick-noriega-fue-amonestado-en-el-empate-entre-gremio-y-palmeiras-1357985.jpg,1200,Erick Noriega fue amonestado en Brasil. Foto: Facebook Grêmio FBPA,,https://www.futbolperuano.com/peruanos-en-el-exterior/noticias/erick-noriega-fue-amonestado-en-el-empate-entre-gremio-y-palmeiras-601468,Stewart Luya,peruanos-en-el-exterior
Partidos de altura: ¿Selección Peruana podría despedir el 2026 con amistosos en Cusco y Arequipa?,Selección Peruana podría despedir el 2026 con amistosos en Cusco y Arequipa,La Selección Peruana de Mano Menezes no se cierra a la posibilidad de disputar encuentros en las ciudades de Cusco y Arequipa.,"¿La 'Bicolor' en la altura? Mientras el comando técnico y el plantel de laSelección Peruanacomienza a mentalizarse en sus próximos amistosos de los meses de septiembre y octubre, la Federación Peruana de Fútbol (FPF) viene trabajando respecto a lo que será el último tramo del 2026 y la posibilidad de nuevos partidosen el Cusco y Arequipa.",9,1,La Selección Peruana de Mano Menezes no se cierra a la posibilidad de disputar encuentros en las ciudades de Cusco y Arequipa.,False,3,"Selección Peruana, Cusco, Arequipa",2,1,Selección Peruana,Selección Peruana | Deportivo Garcilaso,437,2591,https://cdn.futbolperuano.com/sdi/2026/09/20/seleccion-peruana-podria-despedir-el-2026-con-amistosos-en-cusco-y-arequipa-1357997.jpg,1200,Perú podría jugar en Cusco y Arequipa este 2026. Foto: FPF,,https://www.futbolperuano.com/seleccion/noticias/seleccion-peruana-podria-despedir-el-2026-con-amistosos-en-cusco-y-arequipa-601481,Jorge Cruzalegui,seleccion
Jean Ferrari habló sobre Beto da Silva y explicó por qué hacer trámites con la FPF no significa estar convocado por Mano Menezes,La explicación de Jean Ferrari por la ausencia de Beto da Silva en la convocatoria de Mano Menezes para los amistosos de Perú,Beto da Silva quedó fuera de la convocatoria de Mano Menezes y Jean Ferrari explicó que el trámite previo no garantizaba su llamado.,"Sin lugar a duda,Beto da Silvaes uno de los jugadores más desequilibrantes del Torneo Clausura de laLiga 1, siendo muchas veces clave en los encuentros deDeportivo Garcilasoy uno de los principales responsables de que el ‘Pedacito de Cielo’ se ubique en la punta del torneo; sin embargo, el popular ‘Betoto’ quedó fuera de la convocatoria a laSelección PeruanadeMano Menezes, sorprendiendo a propios y extraños.",4,1,Beto da Silva quedó fuera de la convocatoria de Mano Menezes y Jean Ferrari explicó que el trámite previo no garantizaba su llamado.,True,3,"Beto da Silva, Selección Peruana, Jean Ferrari",2,1,Selección Peruana,Selección Peruana | Beto da Silva,302,1823,https://cdn.futbolperuano.com/sdi/2026/09/20/la-explicacion-de-jean-ferrari-por-la-ausencia-de-beto-da-silva-en-la-convocatoria-de-mano-menezes-para-los-amistosos-de-peru-1357991.jpg,1200,Jean Ferrari aclaró la situación de Beto Da Silva tras su ausencia en la Selección Peruana. Foto: Facebook Deportivo Garcilaso,,https://www.futbolperuano.com/seleccion/noticias/la-explicacion-de-jean-ferrari-por-la-ausencia-de-beto-da-silva-en-la-convocatoria-de-mano-menezes-para-los-amistosos-de-peru-601475,Gabriel Rey,seleccion
Huánuco tendrá dos representantes en el Campeonato Nacional Tradición Copera 2026,Huánuco tendrá dos representantes en el Campeonato Nacional Tradición Copera,La Liga Nacional de Fútbol Aficionado (LINFA) dio el visto bueno y Huánuco tendrá dos representantes en la Tradición Copera 2026.,"¡Confirmado! LaLiga Nacional de Fútbol Aficionado(LINFA) dio el visto bueno yHuánucotendrá dos representantes en elCampeonato Nacional Tradición Copera 2026, que comenzará a disputarse la última semana de octubre (sábado 24 y domingo 25).",10,2,La Liga Nacional de Fútbol Aficionado (LINFA) dio el visto bueno y Huánuco tendrá dos representantes en la Tradición Copera 2026. | OFICIO N° 411-Sec– LINFA/G.GRAL/2026,False,3,"Huánuco, Tradición Copera, Fútbol Peruano",2,1,Campeonato Nacional Tradición Copera 2026,Campeonato Nacional Tradición Copera 2026 | León de Huánuco,361,2541,https://cdn.futbolperuano.com/sdi/2026/09/20/huanuco-tendra-dos-representantes-en-el-campeonato-nacional-tradicion-copera-1357979.jpg,1200,Huánuco tendrá dos representantes en la Tradición Copera. Foto: Facebook Club Deportivo Municipal de Chacos,,https://www.futbolperuano.com/peru/mas-del-futbol-peruano/huanuco-tendra-dos-representantes-en-el-campeonato-nacional-tradicion-copera-601462,Stewart Luya,peru
Jugador de Deportivo Garcilaso cuestionó ausencia de sus compañeros en la Selección Peruana,Jugador de Deportivo Garcilaso cuestionó ausencia de compañeros en Selección Peruana,"Deportivo Garcilaso tomó la cima del Torneo Clausura 2026; sin embargo, ninguno de sus jugadores fue llamado a la Selección Peruana.","LaSelección Peruanaestá próxima a disputar 4 amistosos internacionales importantes bajo las órdenes de Mano Menezes; sin embargo, el armado de la lista de convocados ya recibió ciertas críticas por dejar de lado a jugadores deDeportivo Garcilaso, líder delTorneo Clausura 2026.",9,1,"Deportivo Garcilaso tomó la cima del Torneo Clausura 2026; sin embargo, ninguno de sus jugadores fue llamado a la Selección Peruana.",False,3,"Deportivo Garcilaso, Selección Peruana, Amistoso",2,1,Selección Peruana,Selección Peruana | Torneo Clausura 2026,393,2429,https://cdn.futbolperuano.com/sdi/2026/09/20/jugador-de-deportivo-garcilaso-cuestiono-ausencia-de-companeros-en-seleccion-peruana-1357989.jpg,1200,Plantel de Deportivo Garcilaso (2026). Foto: Facebook Club Deportivo Garcilaso,,https://www.futbolperuano.com/seleccion/noticias/jugador-de-deportivo-garcilaso-cuestiono-ausencia-de-companeros-en-seleccion-peruana-601473,Jorge Cruzalegui,seleccion
Marcos López destacó en la victoria de Copenhague que sigue líder en la Liga de Dinamarca,Marcos López destacó en la victoria de Copenhague que sigue líder en Dinamarca,"Copenhague, con el peruano Marcos López de titular, se impuso a Brondby por la novena fecha de la Superliga de Dinamarca.","¡Figura indiscutible! Con gran actuación dellateral Marcos López,Copenhaguevenció por la mínima diferencia (1-0) a Brondby en condición de visitante por la novena fecha de laSuperliga de Dinamarca(Primera División).",5,2,"Copenhague, con el peruano Marcos López de titular, se impuso a Brondby por la novena fecha de la Superliga de Dinamarca. | Peruanos en el exterior (2026)",True,3,"Marcos López, Copenhague, Superliga de Dinamarca",1,1,lateral Marcos López,lateral Marcos López,236,1328,https://cdn.futbolperuano.com/sdi/2026/09/20/marcos-lopez-destaco-en-la-victoria-de-copenhague-que-sigue-lider-en-dinamarca-1357980.jpg,1200,Marcos López festeja el triunfo sobre Brondby. Foto: Facebook F.C. København,,https://www.futbolperuano.com/peruanos-en-el-exterior/noticias/marcos-lopez-destaco-en-la-victoria-de-copenhague-que-sigue-lider-en-dinamarca-601463,Jorge Cruzalegui,peruanos-en-el-exterior
Pedro Gallese se luce en la goleada del Deportivo Cali en el Torneo Clausura de Colombia,Pedro Gallese se luce en la goleada del Deportivo Cali en Colombia,"Deportivo Cali, con Pedro Gallese, no tuvo piedad y goleó a Cúcuta Deportivo por la fecha 11 del Torneo Clausura de Colombia.","El guardametaPedro Gallese, recientemente convocado a laSelección Peruanapara enfrentar a Estados Unidos, México, Canadá y Colombia en una serie de amistosos por fecha FIFA, mantuvo su arco en cero en el triunfo delDeportivo Calien laLiga Dimayor.",6,2,"Deportivo Cali, con Pedro Gallese, no tuvo piedad y goleó a Cúcuta Deportivo por la fecha 11 del Torneo Clausura de Colombia. | Peruanos en el exterior (2026)",True,3,"Pedro Gallese, Deportivo Cali, Colombia",2,1,Pedro Gallese,Pedro Gallese | Selección Peruana,262,1679,https://cdn.futbolperuano.com/sdi/2026/09/20/pedro-gallese-se-luce-en-la-goleada-del-deportivo-cali-en-colombia-1357963.jpg,1200,Pedro Gallese se luce en la goleada del Deportivo Cali. Foto: Facebook Deportivo Cali,,https://www.futbolperuano.com/peruanos-en-el-exterior/noticias/pedro-gallese-se-luce-en-la-goleada-del-deportivo-cali-en-colombia-601448,Stewart Luya,peruanos-en-el-exterior
Octavio Espinosa de Ica disputará el Campeonato Nacional Tradición Copera 2026,Octavio Espinosa de Ica disputará el Campeonato Nacional Tradición Copera,"El Campeonato Nacional Tradición Copera 2026 reunirá a los equipos más tradicionales del fútbol peruano, como Octavio Espinosa de Ica.","LaLiga Nacional de Fútbol Aficionado(LINFA) confirmó la participación de un histórico equipo peruano en elCampeonato Nacional Tradición Copera 2026, que comenzará a disputarse la última semana de octubre (sábado 24 y domingo 25).",10,2,"El Campeonato Nacional Tradición Copera 2026 reunirá a los equipos más tradicionales del fútbol peruano, como Octavio Espinosa de Ica. | OFICIO N° 430-Sec– LINFA/G.GRAL/2026",False,3,"Octavio Espinosa, Tradición Copera, Ica",2,1,Campeonato Nacional Tradición Copera 2026,Campeonato Nacional Tradición Copera 2026 | Octavio Espinosa,359,2490,https://cdn.futbolperuano.com/sdi/2026/09/20/octavio-espinosa-de-ica-disputara-el-campeonato-nacional-tradicion-copera-1357971.jpg,1200,Octavio Espinosa. Foto: Facebook Club Octavio Espinosa de Ica,,https://www.futbolperuano.com/peru/mas-del-futbol-peruano/octavio-espinosa-de-ica-disputara-el-campeonato-nacional-tradicion-copera-601455,Stewart Luya,peru
Fabio Gruber sufrió una lesión y se perderá los amistosos de Perú en fecha FIFA,Fabio Gruber sufrió una lesión y se perderá los amistosos de Perú,"El defensa central del Mainz 05, Fabio Gruber, suma cinco partidos con Perú (Chile, Senegal, Honduras, Haití y España).","A través de un comunicado, la Federación Peruana de Fútbol (FPF) reveló que el defensa centralFabio Grubersufrió una lesión y se perderá los amistosos dePerúante Estados Unidos, México, Canadá y Colombia por fecha FIFA.",7,2,"El defensa central del Mainz 05, Fabio Gruber, suma cinco partidos con Perú (Chile, Senegal, Honduras, Haití y España). | Comunicado",True,3,"Fabio Gruber, Perú, Fecha FIFA",2,1,Fabio Gruber,Fabio Gruber | Perú,196,1279,https://cdn.futbolperuano.com/sdi/2026/09/20/fabio-gruber-sufrio-una-lesion-y-se-perdera-los-amistosos-de-peru-1357966.jpg,1200,Fabio Gruber se perderá los amistosos de Perú. Foto: FPF,,https://www.futbolperuano.com/seleccion/noticias/fabio-gruber-sufrio-una-lesion-y-se-perdera-los-amistosos-de-peru-601451,Stewart Luya,seleccion
Santiago Arias se retractó de acusación contra Montevideo City tras eliminación de Cienciano de la Copa Sudamericana,Santiago Arias se retractó de sus declaraciones tras la eliminación de Cienciano de Copa Sudamericana,"Tras la eliminación de Cienciano en la Copa Sudamericana, Santiago Arias se retractó de sus declaraciones y pidió disculpas.","Santiago Arias, futbolista deCienciano, se retractó públicamente de las declaraciones que realizó luego de la eliminación del conjunto cusqueño anteMontevideo City Torquepor los cuartos de final de la Copa Sudamericana. El jugador había afirmado que un dirigente del cuadro uruguayo habría ofrecido dinero a futbolistas de Cienciano para que se hicieran expulsar durante el partido de vuelta.",9,1,"Tras la eliminación de Cienciano en la Copa Sudamericana, Santiago Arias se retractó de sus declaraciones y pidió disculpas.",False,4,"Cienciano, Copa Sudamericana, Montevideo City, Santiago Arias",2,1,Cienciano,Cienciano | Montevideo City Torque,397,2615,https://cdn.futbolperuano.com/sdi/2026/09/20/santiago-arias-se-retracto-de-sus-declaraciones-tras-la-eliminacion-de-cienciano-de-copa-sudamericana-1357953.jpg,1200,Santiago Arias se retractó de sus declaraciones tras la eliminación de Cienciano. Foto: Twitter Cienciano,,https://www.futbolperuano.com/copa-sudamericana/noticias/santiago-arias-se-retracto-de-sus-declaraciones-tras-la-eliminacion-de-cienciano-de-copa-sudamericana-601430,Joaquín Vásquez,copa-sudamericana
"Programación de HOY, domingo 20 de septiembre de 2026: Horarios del fútbol en vivo por televisión en el Perú","Programación de HOY, domingo 20 de septiembre de 2026: Horarios del fútbol en vivo por televisión en el Perú",Este domingo 20 de septiembre llega con una gran cartelera de partidos que podrás ver en vivo por todo el Perú en TV. Sigue la programación aquí.,"El fútbol no se detiene y estedomingo 20 de septiembre de 2026lo podremos disfrutar más que nunca, pues varias de las ligas a lo largo del mundo continúan con su calendario, así como los torneos internacionales más importantes; por ello, te traemos los duelos más esperados por los hinchas. Recuerda que puedes ver la programación deFútbol por TVcompleta en Futbolperuano.com.",12,2,Este domingo 20 de septiembre llega con una gran cartelera de partidos que podrás ver en vivo por todo el Perú en TV. Sigue la programación aquí. | Partidos del domingo 13 de septiembre,False,3,"Fútbol por TV, Programación, Liga 1 del Fútbol Peruano",2,1,Fútbol por TV,Fútbol por TV | Torneo Clausura 2026,514,3153,https://cdn.futbolperuano.com/sdi/2026/09/19/programacion-de-hoy-domingo-20-de-septiembre-de-2026-horarios-del-futbol-en-vivo-por-television-en-el-peru-1357908.jpg,1200,Partidos del domingo 20 de septiembre. Foto: EFE,,https://www.futbolperuano.com/home/programacion-de-hoy-domingo-20-de-septiembre-de-2026-horarios-del-futbol-en-vivo-por-television-en-el-peru-601383,Joaquín Vásquez,home
Juan Pablo Varillas le dio el triunfo a Perú ante Paraguay y aseguró los Qualifiers de la Copa Davis,Copa Davis 2026: resultados de Perú vs. Paraguay y todos los partidos de la serie en el Jockey Club,Perú venció a Paraguay con Juan Pablo Varillas e Ignacio Buse y clasificó a los Qualifiers de la Copa Davis.,"Perúestá nuevamente en losQualifiers de la Copa Davis. El equipo nacional derrotó por 3-2 a Paraguay en el Grupo Mundial I y aseguró su clasificación a la siguiente instancia del torneo, luego de queJuan Pablo Varillasse impusiera en sets corridos ante Hernando Escurra.",19,2,Perú venció a Paraguay con Juan Pablo Varillas e Ignacio Buse y clasificó a los Qualifiers de la Copa Davis. | Ranking ATP de los jugadores peruanos que integran el equipo de la Copa Davis ante Paraguay,True,3,"Copa Davis, Ignacio Buse, Tenis",3,1,Qualifiers de la Copa Davis,Qualifiers de la Copa Davis | Copa Davis | Ignacio Buse,820,4769,https://cdn.futbolperuano.com/sdi/2026/09/20/copa-davis-2026-resultados-de-peru-vs-paraguay-y-todos-los-partidos-de-la-serie-en-el-jockey-club-1357956.jpg,1200,Juan Pablo Varillas selló el triunfo de Perú ante Paraguay. Foto: Twitter Difusión,,https://www.futbolperuano.com/mas-deportes/tenis/copa-davis-2026-resultados-de-peru-vs-paraguay-y-todos-los-partidos-de-la-serie-en-el-jockey-club-601310,Gabriel Rey,mas-deportes
¿Héctor Cúper continuará en Universitario? Esto dijo tras la goleada ante Deportivo Garcilaso por el Torneo Clausura,Universitario de Deportes perdió 4-0 y Héctor Cúper queda bajo la lupa tras la dura derrota,Héctor Cúper y su futuro en Universitario de Deportes tras el 4-0 ante Garcilaso y una derrota que golpeó al equipo crema.,"La dura derrota por 4-0 anteDeportivo Garcilasodejó al conjunto crema en el centro de la atención y abre una interrogante inevitable sobre la continuidad del entrenador argentino. El resultado no solo significó un duro golpe para la ‘U’, sino que también le hizo perder el primer lugar del Torneo Clausura 2026.",10,1,Héctor Cúper y su futuro en Universitario de Deportes tras el 4-0 ante Garcilaso y una derrota que golpeó al equipo crema.,False,3,"Universitario de Deportes, Deportivo Garcilaso, Héctor Cúper",2,1,Deportivo Garcilaso,Deportivo Garcilaso | Universitario,386,2449,https://cdn.futbolperuano.com/sdi/2026/09/20/universitario-de-deportes-perdio-4-0-y-hector-cuper-queda-bajo-la-lupa-tras-la-dura-derrota-1357951.jpg,1200,Héctor Cúper. Foto: Twitter Universitario de Deportes,,https://www.futbolperuano.com/liga-1/noticias/universitario-de-deportes-perdio-4-0-y-hector-cuper-queda-bajo-la-lupa-tras-la-dura-derrota-601429,Joaquín Vásquez,liga-1
Aplanadora celeste: Deportivo Garcilaso aplastó a Universitario y recupera la cima del Torneo Clausura 2026,Deportivo Garcilaso vs. Universitario: EN VIVO por el Torneo Clausura de la Liga 1 2026,Deportivo Garcilaso pasó por encima a Universitario en Cusco y lo goleó por 4-0 para volver a la cima del Torneo Clausura 2026.,Deportivo Garcilasoprotagonizó una de sus actuaciones más contundentes de la temporada y golpeó con fuerza aUniversitario de Deportesen Cusco. El cuadro celeste se impuso por 4-0 en un duelo entre dos candidatos directos al título delTorneo Clausuray volvió a instalarse en lo más alto de la tabla.,18,1,Deportivo Garcilaso pasó por encima a Universitario en Cusco y lo goleó por 4-0 para volver a la cima del Torneo Clausura 2026.,False,3,"Deportivo Garcilaso, Universitario de Deportes, Liga 1 del Fútbol Peruano",3,1,Torneo Clausura,Torneo Clausura | Torneo Clausura | Liga 1 2026,732,4692,https://cdn.futbolperuano.com/sdi/2026/09/19/deportivo-garcilaso-vs-universitario-en-vivo-por-el-torneo-clausura-de-la-liga-1-2026-1357940.jpg,1200,Deportivo Garcilaso golea a Universitario. Foto: Liga1 Te Apuesto,,https://www.futbolperuano.com/liga-1/noticias/deportivo-garcilaso-vs-universitario-en-vivo-por-el-torneo-clausura-de-la-liga-1-2026-601327,Gabriel Iberico,liga-1
Renato Tapia volvió a ser titular y Al-Wasl derrotó a Al-Ain por la League Cup de Emiratos Árabes Unidos,Renato Tapia fue titular y Al-Wasl venció 3-2 a Al-Ain por la League Cup,Renato Tapia fue titular y jugó en el triunfo de Al-Wasl ante Al-Ain. El volante no fue convocado por Perú para los próximos amistosos.,"Renato Tapiavolvió a sumar minutos conAl-Wasl.El mediocampista peruano fue titular y disputó 95 minutos en la victoria por 3-2 sobre Al-Ain, por la primera jornada de la League Cup de Emiratos Árabes Unidos. El conjunto del peruano comenzó su participación en el torneo con un triunfo y consiguió sus primeros tres puntos.",6,2,Renato Tapia fue titular y jugó en el triunfo de Al-Wasl ante Al-Ain. El volante no fue convocado por Perú para los próximos amistosos. | Peruanos en el exterior (2026),True,3,"Renato Tapia, Peruanos en el Exterior, Emiratos Árabes Unidos",2,1,Renato Tapia,Renato Tapia | Al-Wasl,239,1462,https://cdn.futbolperuano.com/sdi/2026/09/19/renato-tapia-fue-titular-y-al-wasl-vencio-3-2-a-al-ain-por-la-league-cup-1357930.jpg,1200,Renato Tapia vuelve a la titularidad. Foto: Twitter Al Wasl,,https://www.futbolperuano.com/peruanos-en-el-exterior/noticias/renato-tapia-fue-titular-y-al-wasl-vencio-3-2-a-al-ain-por-la-league-cup-601406,Joaquín Vásquez,peruanos-en-el-exterior
Sport Boys y Melgar repartieron puntos en la UNSA por la fecha 10 del Torneo Apertura,FBC Melgar vs. Sport Boys EN VIVO por la fecha 10 del Torneo Clausura,Jhonny Vidales y Nicolás Da Campo marcaron en el empate entre Melgar y Sport Boys por la fecha 10 de la Liga 1.,Sport Boysno pudo quedarse con los tres puntos fuera de casa y terminó igualando1-1 anteMelgarpor la fecha 10 del Torneo Apertura de laLiga 1 2026. El cuadro rosado logró reaccionar en la segunda mitad y rescató un punto en la UNSA.,13,1,Jhonny Vidales y Nicolás Da Campo marcaron en el empate entre Melgar y Sport Boys por la fecha 10 de la Liga 1.,True,3,"Melgar, Sport Boys, Liga 1 del Fútbol Peruano",4,1,Sport Boys,Sport Boys | Sport Boys | Melgar | ,516,3051,https://cdn.futbolperuano.com/sdi/2026/09/20/fbc-melgar-vs-sport-boys-en-vivo-por-la-fecha-10-del-torneo-clausura-1357954.jpg,1200,Melgar y Sport Boys repartieron puntos. Foto: Twitter Liga 1,,https://www.futbolperuano.com/liga-1/noticias/fbc-melgar-vs-sport-boys-en-vivo-por-la-fecha-10-del-torneo-clausura-601188,Joaquín Vásquez,liga-1
Michael Hoyos y su contundente mensaje tras el triunfo de Sporting Cristal: “Hemos ganado tres partidos seguidos”,Tres triunfos seguidos y un mensaje de Michael Hoyos que ilusiona a Sporting Cristal,Michael Hoyos volvió al gol con Sporting Cristal y dejó sus impresiones tras el tercer triunfo consecutivo del equipo en el Clausura.,"Michael Hoyosterminó satisfecho luego de la nueva victoria deSporting Cristaly destacó la respuesta colectiva del equipo, que atraviesa un buen momento en el Torneo Clausura tras conseguir tres triunfos consecutivos.",9,2,Michael Hoyos volvió al gol con Sporting Cristal y dejó sus impresiones tras el tercer triunfo consecutivo del equipo en el Clausura. | Calendario Sporting Cristal,True,3,"Sporting Cristal, Michael Hoyos, Liga 1 del Fútbol Peruano",2,1,Michael Hoyos,Michael Hoyos | Sporting Cristal,343,2190,https://cdn.futbolperuano.com/sdi/2026/09/20/tres-triunfos-seguidos-y-un-mensaje-de-michael-hoyos-que-ilusiona-a-sporting-cristal-1357947.jpg,1200,Michael Hoyos volvió al gol con Sporting Cristal. Foto: Twitter Sporting Cristal,,https://www.futbolperuano.com/liga-1/noticias/tres-triunfos-seguidos-y-un-mensaje-de-michael-hoyos-que-ilusiona-a-sporting-cristal-601425,Joaquín Vásquez,liga-1
La Selección Peruana cerró su participación en el noveno lugar de la Liga Evolución Femenina Sub 15,Perú cerró su participación en el noveno lugar de la Liga Evolución Femenina Sub 15,La Selección Peruana venció por 3-1 a Bolivia y conoció su puesto tras el cierre de la CONMEBOL Liga Evolución Femenina Sub 15.,"LaSelección Peruana femenina Sub-15cerró su participación en laCONMEBOL Liga Evolución Femenina 2026con una victoria. La ‘Bicolor’ derrotó 3-1 a Bolivia en el partido por el noveno puesto del certamen, que se desarrolló en la ciudad de Ypané, Paraguay.",10,1,La Selección Peruana venció por 3-1 a Bolivia y conoció su puesto tras el cierre de la CONMEBOL Liga Evolución Femenina Sub 15.,False,3,"Perú, Selección Peruana Femenina, Liga Evolución",2,1,Selección Peruana femenina Sub-15,Selección Peruana femenina Sub-15 | CONMEBOL Liga Evolución Femenina 2026,422,2636,https://cdn.futbolperuano.com/sdi/2026/09/20/peru-cerro-su-participacion-en-el-noveno-lugar-de-la-liga-evolucion-femenina-sub-15-1357942.jpg,1200,Perú quedó noveno en la Liga Evolución Femenina Sub 15. Foto: FPF,,https://www.futbolperuano.com/seleccion/noticias/peru-cerro-su-participacion-en-el-noveno-lugar-de-la-liga-evolucion-femenina-sub-15-601415,Gabriel Iberico,seleccion
¡Oro para Perú! Ángelo Caro se consagró campeón de los Juegos Suramericanos Santa Fe 2026,Ángelo Caro consiguió oro para Perú en Juegos Suramericanos 2026 y campeón Skateboarding,Perú suma otra medalla de oro: Ángelo Caro se consagró campeón de Skateboarding Street en los Juegos Suramericanos 2026,"Perú volvió a celebrar en lo más alto del podio.Ángelo Caroconquistó la medalla de oro en la prueba masculina de Skateboarding Street de losXIII Juegos Suramericanos Santa Fe 2026, luego de finalizar la competencia con un destacado registro de 260.01 puntos.",9,1,Perú suma otra medalla de oro: Ángelo Caro se consagró campeón de Skateboarding Street en los Juegos Suramericanos 2026,False,3,"Angelo Caro, Juegos Suramericanos, Perú",2,1,Ángelo Caro,Ángelo Caro | XIII Juegos Suramericanos Santa Fe 2026,397,2599,https://cdn.futbolperuano.com/sdi/2026/09/19/angelo-caro-consiguio-oro-para-peru-en-juegos-suramericanos-2026-y-campeon-skateboarding-1357937.jpg,1200,Ángelo Caro hizo historia para Perú y conquistó la medalla de oro. Foto: Twitter Panam Sports,,https://www.futbolperuano.com/mas-deportes/noticias/angelo-caro-consiguio-oro-para-peru-en-juegos-suramericanos-2026-y-campeon-skateboarding-601411,Joaquín Vásquez,mas-deportes
Triunfo contundente de Universitario ante FC Killas: el equipo crema sumó tres puntos clave y sigue buscando las semifinales,Universitario de Deportes mantiene su gran momento y derrota a FC Killas para seguir en la pelea por la clasificación directa,Universitario goleó a FC Killas y sumó tres puntos clave para mantenerse como escolta de Alianza Lima en el Torneo Clausura.,"Universitario de Deportessigue con los buenos resultados en elTorneo Clausurade laLiga Femeninay consiguió una contundente goleada anteFC Killaspor4-0. El cuadro ‘Merengue’ sumó tres puntos vitales en la Tabla de Posiciones y se mantiene como escolta de Alianza Lima, buscando la clasificación directa a las semifinales.",4,2,Universitario goleó a FC Killas y sumó tres puntos clave para mantenerse como escolta de Alianza Lima en el Torneo Clausura. | Programación de la fecha 10 del Torneo Clausura de la Liga Femenina 2026,True,3,"Universitario de Deportes, FC Killas, Liga Femenina",1,1,Liga Femenina,Liga Femenina,207,1286,https://cdn.futbolperuano.com/sdi/2026/09/19/universitario-de-deportes-mantiene-su-gran-momento-y-derrota-a-fc-killas-para-seguir-en-la-pelea-por-la-clasificacion-directa-1357933.jpg,1200,Universitario sigue con paso firme en el Clausura. Foto: Facebook Liga Femenina,,https://www.futbolperuano.com/futbol-femenino/liga-femenina/universitario-de-deportes-mantiene-su-gran-momento-y-derrota-a-fc-killas-para-seguir-en-la-pelea-por-la-clasificacion-directa-601408,Gabriel Rey,futbol-femenino
"Resultados de la Brasil Cup con Alianza Lima, Fluminense, Gerdau Minas y Osasco como protagonistas","Resultados de la Brasil Cup con Alianza Lima, Fluminense, Gerdau Minas y Osasco","Alianza Lima, Fluminense, Gerdau Minas y Osasco Sáo Cristóváo Saúde tendrán acción este viernes 18 y sábado 19 en la Brasil Cup.","Alianza Lima, que se viene preparando para encarar la Noche Blanquiazul 2026, la Liga Peruana de Vóley 2026-27, el Mundial de Clubes 2026 y el Campeonato Sudamericano de Clubes 2027, quedó listo para debutar en laBrasil Cup, cuadrangular amistoso que se jugará el viernes 18 (semifinales) y el sábado 19 (finales) en la Arena Guilherme Paraense (Mangueirinho) de Belém, y que también tendrá como protagonistas aFluminense,Gerdau MinasyOsasco São Cristóvão Saúde.",1,2,"Alianza Lima, Fluminense, Gerdau Minas y Osasco São Cristóvão Saúde tendrán acción este viernes 18 y sábado 19 en la Brasil Cup. | Resultados de la Brasil Cup",True,3,"Brasil Cup de Vóley Femenino, Alianza Lima, Fluminense",2,1,Alianza Lima,Alianza Lima | Brasil Cup,70,462,https://cdn.futbolperuano.com/sdi/2026/09/16/resultados-de-la-brasil-cup-con-alianza-lima-fluminense-gerdau-minas-y-osasco-1357487.jpg,1200,Brasil Cup 2026. Foto: Facebook Alianza Lima Vóley,,https://www.futbolperuano.com/liga-voley/resultados-de-la-brasil-cup-con-alianza-lima-fluminense-gerdau-minas-y-osasco-600906,Stewart Luya,liga-voley
Adrián Ugarriza celebró con Hapoel Beer Sheva en Israel antes de unirse a la Selección Peruana,Adrián Ugarriza Hapoel Beer Sheva gano antes jugar con Selección Peruana,Adrián Ugarriza fue titular en el triunfo 1-0 de Hapoel Beer Sheva ante Kiryat Shmona y ahora se unirá a la Selección Peruana.,"Adrián Ugarrizavolvió a celebrar conHapoel Beer Sheva. El delantero peruano fue titular y disputó 57 minutos en la victoria por 1-0 sobre Kiryat Shmona, por la quinta jornada de la liga de Israel. El atacante se reencontró además con su exequipo en un partido que terminó con el segundo triunfo consecutivo de su actual club en el campeonato.",9,1,Adrián Ugarriza fue titular en el triunfo 1-0 de Hapoel Beer Sheva ante Kiryat Shmona y ahora se unirá a la Selección Peruana.,False,3,"Adrián Ugarriza, Selección Peruana, Peruanos en el Exterior",2,1,Adrián Ugarriza,Adrián Ugarriza | Hapoel Beer Sheva,380,2316,https://cdn.futbolperuano.com/sdi/2026/09/19/adrian-ugarriza-hapoel-beer-sheva-gano-antes-jugar-con-seleccion-peruana-1357926.jpg,1200,Adrián Ugarriza. Foto: Facebook Hapoel Beer Sheva,,https://www.futbolperuano.com/peruanos-en-el-exterior/noticias/adrian-ugarriza-hapoel-beer-sheva-gano-antes-jugar-con-seleccion-peruana-601402,Joaquín Vásquez,peruanos-en-el-exterior
Sporting Cristal encontró una victoria que puede ser clave para sus aspiraciones de temporada y se mantiene en carrera por los ‘Playoff’,Sporting Cristal vs. Atlético Grau en vivo online por la fecha 10 del Torneo Clausura de la Liga 1 2026,Sporting Cristal consiguió una victoria importante como local y mantiene la ilusión de meterse en la pelea por disputar los ‘Playoff’.,"Sporting Cristallogró un triunfo clave anteAtlético Grauen condición de local y sigue soñando con la posibilidad de disputar los ‘Playoff’ a final de temporada. Si bien es cierto que el equipo dirigido porRoberto Mosqueraaún está muy lejos de la zona de clasificación a un torneo internacional, este resultado lo acerca al objetivo.",8,2,Sporting Cristal consiguió una victoria importante como local y mantiene la ilusión de meterse en la pelea por disputar los ‘Playoff’. | Programación de la fecha 10 del Torneo Clausura - Liga 1,True,3,"Sporting Cristal, Atlético Grau, Liga 1 del Fútbol Peruano",3,1,Sporting Cristal,Sporting Cristal | Liga 1 2026 | Tabla Acumulada,374,2254,https://cdn.futbolperuano.com/sdi/2026/09/19/sporting-cristal-vs-atletico-grau-en-vivo-online-por-la-fecha-10-del-torneo-clausura-de-la-liga-1-2026-1357935.jpg,1200,Sporting Cristal ganó ante Atlético Grau. Foto: Facebook Liga 1,,https://www.futbolperuano.com/liga-1/noticias/sporting-cristal-vs-atletico-grau-en-vivo-online-por-la-fecha-10-del-torneo-clausura-de-la-liga-1-2026-601315,Gabriel Rey,liga-1
Flamengo FBC se impuso a Club UNSAAC y regresó al triunfo en el Torneo Clausura de la Liga Femenina 2026,Flamengo FBC se impuso a Club UNSAAC y regresó al triunfo en Liga Femenina 2026,El cuadro del Flamengo FBC se hizo sentir en el estadio IPD de Huancayo frente al Club UNSAAC por la Liga Femenina 2026.,"¡Celebra el 'Rojinegro'! Con un solitario gol de Rubelys Perea,Flamengo FBClogró imponerse por la mínima diferencia (1-0) alClub UNSAACen el Estadio IPD Huancayo por la décima fecha del Torneo Clausura de laLiga Femenina 2026.",6,2,El cuadro del Flamengo FBC se hizo sentir en el estadio IPD de Huancayo frente al Club UNSAAC por la Liga Femenina 2026. | Partidos de la fecha 10 del Torneo Clausura de la Liga Femenina 2026,True,3,"Flamengo FBC, Liga Femenina, Torneo Clausura",2,1,Liga Femenina 2026,Liga Femenina 2026 | la tabla acumulada,271,1590,https://cdn.futbolperuano.com/sdi/2026/09/19/flamengo-fbc-se-impuso-a-club-unsaac-y-regreso-al-triunfo-en-liga-femenina-2026-1357921.jpg,1200,Flamengo FBC venció a Club UNSAAC. Foto: Facebook Liga Femenina Apuesta Total?,,https://www.futbolperuano.com/futbol-femenino/liga-femenina/flamengo-fbc-se-impuso-a-club-unsaac-y-regreso-al-triunfo-en-liga-femenina-2026-601396,Jorge Cruzalegui,futbol-femenino
Wilder Cartagena no la pasó bien con el Orlando City en la Major League Soccer (MLS),Wilder Cartagena no la pasó bien con el Orlando City en la MLS,"Orlando City, sin Wilder Cartagena, no pudo en su visita al New England Revolution por la Conferencia Este de la Major League Soccer.","El centrocampistaWilder Cartagena, recientemente convocado a la Selección Peruana para enfrentar a Estados Unidos, México, Canadá y Colombia en una serie de amistosos por fecha FIFA, no sumó minutos en la derrota delOrlando Cityen la Major League Soccer (MLS).",6,2,"Orlando City, sin Wilder Cartagena, no pudo en su visita al New England Revolution por la Conferencia Este de la Major League Soccer. | Peruanos en el exterior (2026)",True,3,"Wilder Cartagena, Orlando City, MLS",2,1,Wilder Cartagena,Wilder Cartagena | MLS,243,1494,https://cdn.futbolperuano.com/sdi/2026/09/20/wilder-cartagena-no-la-paso-bien-con-el-orlando-city-en-la-mls-1357965.jpg,1200,Wilder Cartagena no la pasó bien con el Orlando City. Foto: Facebook Orlando City Soccer Club,,https://www.futbolperuano.com/peruanos-en-el-exterior/noticias/wilder-cartagena-no-la-paso-bien-con-el-orlando-city-en-la-mls-601450,Stewart Luya,peruanos-en-el-exterior
¿Buenas noticias para Perú? Canadá no convocó a su máxima estrella para el amistoso ante la Bicolor,Buenas noticias para Perú: Canadá no convocó a su máxima estrella para el amistoso ante la Bicolor,"Canadá no podrá contar con su principal figura para la fecha FIFA de septiembre y octubre, en donde se medirá ante Perú.","Canadáya tiene definida la nómina que utilizará durante la próxima fecha FIFA, en la que tendrá como uno de sus rivales aPerú. El conjunto norteamericano afrontará una serie de amistosos internacionales frente a la ‘Bicolor’, Chile y Estados Unidos, aunque lo hará con una ausencia importante.",8,3,"Canadá no podrá contar con su principal figura para la fecha FIFA de septiembre y octubre, en donde se medirá ante Perú. | Davies no estará ante Perú | Los convocados de Canadá para enfrentar a Perú",True,3,"Perú, Canadá, Selección Peruana",2,1,Canadá,Canadá | Perú,324,2181,https://cdn.futbolperuano.com/sdi/2026/09/19/buenas-noticias-para-peru-canada-no-convoco-a-su-maxima-estrella-para-el-amistoso-ante-la-bicolor-1357932.jpg,1200,Canadá se alista para jugar ante Perú. Foto: FPF / Canada Soccer,,https://www.futbolperuano.com/seleccion/noticias/buenas-noticias-para-peru-canada-no-convoco-a-su-maxima-estrella-para-el-amistoso-ante-la-bicolor-601407,Gabriel Iberico,seleccion
Alianza Universidad sorprende con refuerzo extranjero para buscar el ascenso a la Liga 1,Alianza Universidad anunció el regreso de Omar Vásquez para la Fase Final de la Liga 2,Alianza Universidad anunció un nuevo refuerzo de experiencia para afrontar la Fase Final de la Liga 2 y buscar el ansiado ascenso a la Liga 1.,"Alianza Universidad de Huánucoya se prepara para afrontar la nueva etapa de laLiga 2y, con el objetivo de conseguir el ascenso a la Liga 1, anunció la incorporación de un experimentado futbolista colombiano. El conjunto huanuqueño busca llegar fortalecido a la Fase Final del Torneo de Ascenso.",6,1,Alianza Universidad anunció un nuevo refuerzo de experiencia para afrontar la Fase Final de la Liga 2 y buscar el ansiado ascenso a la Liga 1.,True,3,"Alianza Universidad, Liga 2, Fútbol Peruano",2,1,Alianza Universidad de Huánuco,Alianza Universidad de Huánuco | Liga 2,248,1486,https://cdn.futbolperuano.com/sdi/2026/09/19/alianza-universidad-anuncio-el-regreso-de-omar-vasquez-para-la-fase-final-de-la-liga-2-1357934.jpg,1200,Nuevo refuerzo para Alianza Universidad en la Liga 2. Foto: Facebook CSDC Alianza Universidad de Huánuco,,https://www.futbolperuano.com/liga-2/noticias/alianza-universidad-anuncio-el-regreso-de-omar-vasquez-para-la-fase-final-de-la-liga-2-601409,Joaquín Vásquez,liga-2
Sin sus estrellas: Colombia presenta grandes ausencias para medirse ante la Selección Peruana,Sin sus estrellas: Colombia presenta grandes ausencias para medirse ante la Selección Peruana,"Con James Rodriguez retirado y sin Luis Díaz, la convocatoria de Colombia para la fecha FIFA de septiembre y octubre, donde enfrentará a Perú.",LaSelección Colombiaya tiene definida la nómina que utilizará en sus próximos amistosos internacionales y llegará al duelo contraPerúcon dos ausencias de peso. El conjunto dirigido porNéstor Lorenzoafrontará una nueva fecha FIFA con varios cambios respecto al plantel que participó en el último Mundial.,7,3,"Con James Rodriguez retirado y sin Luis Díaz, la convocatoria de Colombia para la fecha FIFA de septiembre y octubre, donde enfrentará a Perú. | Néstor Lorenzo apuesta por nuevos nombres | Lista de convocados de Colombia para enfrentar a Perú",True,3,"Perú, Colombia, Selección Peruana",2,1,Perú,Perú | Perú,272,1833,https://cdn.futbolperuano.com/sdi/2026/09/19/sin-sus-estrellas-colombia-presenta-grandes-ausencias-para-medirse-ante-la-seleccion-peruana-1357938.jpg,1200,Colombia será uno de los rivales de Perú. Foto: FPF Selección Colombia - FCFSeleccionCol,,https://www.futbolperuano.com/seleccion/noticias/sin-sus-estrellas-colombia-presenta-grandes-ausencias-para-medirse-ante-la-seleccion-peruana-601412,Gabriel Iberico,seleccion
Alianza Lima cayó ante Fluminense y terminó en el cuarto lugar de la Brasil Cup 2026,Alianza Lima cayó ante Fluminense y terminó en el cuarto lugar de la Brasil Cup 2026,Alianza Lima cayó por 1-3 frente a Fluminense y cerró su participación en el Brasil Cup 2026 en el cuarto lugar.,"Alianza Limano pudo cerrar con una victoria su participación en laBrasil Cup. El conjunto blanquiazul perdió por 3-1 frente aFluminenseen el encuentro por el tercer lugar del certamen y terminó fuera del podio en una jornada en la que comenzó imponiéndose, pero no logró sostener la ventaja.",10,1,Alianza Lima cayó por 1-3 frente a Fluminense y cerró su participación en el Brasil Cup 2026 en el cuarto lugar.,False,3,"Alianza Lima, Brasil Cup de Vóley Femenino, Fluminense",2,1,Alianza Lima,Alianza Lima | Brasil Cup,389,2593,https://cdn.futbolperuano.com/sdi/2026/09/19/alianza-lima-cayo-ante-fluminense-y-termino-en-el-cuarto-lugar-de-la-brasil-cup-2026-1357927.jpg,1200,Alianza Lima cayó ante Fluminense. Foto: Alianza Lima Vóley,,https://www.futbolperuano.com/liga-voley/alianza-lima-cayo-ante-fluminense-y-termino-en-el-cuarto-lugar-de-la-brasil-cup-2026-601403,Gabriel Iberico,liga-voley
Atención Perú: México ya tiene a sus elegidos para el inicio de la era ‘Rafa’ Márquez frente a la Bicolor,Atención Perú: México ya tiene a sus elegidos para enfrentar a la Bicolor,"México, bajo el mando de Rafael Márquez, anunció su lista de convocados para la fecha FIFA de septiembre y octubre, donde enfrentará a Perú.","Perúse prepara para una nueva serie de amistosos internacionales y uno de los rivales que tendrá en esta fecha FIFA seráMéxico. El conjunto dirigido por Mano Menezes se enfrentará al ‘Tri’ como parte de una gira que también contempla encuentros ante Estados Unidos, Canadá y Colombia.",7,3,"México, bajo el mando de Rafael Márquez, anunció su lista de convocados para la fecha FIFA de septiembre y octubre, donde enfrentará a Perú. | Una nueva era en la ‘Tri’ | Los convocados de México para enfrentar a Perú",True,3,"Selección Peruana, México, Perú",2,1,Perú,Perú | Perú,277,1887,https://cdn.futbolperuano.com/sdi/2026/09/19/atencion-peru-mexico-ya-tiene-a-sus-elegidos-para-enfrentar-a-la-bicolor-1357920.jpg,1200,México se alista para jugar contra Perú. Foto: FPF / @miseleccionmx,,https://www.futbolperuano.com/seleccion/noticias/atencion-peru-mexico-ya-tiene-a-sus-elegidos-para-enfrentar-a-la-bicolor-601397,Gabriel Iberico,seleccion
¡Respaldo total! Pablo Guede se acercó a Alejandro Duarte tras el partido ante ADT y destacó al arquero luego de una semana complicada,Pablo Guede respalda a Alejandro Duarte tras su error en el clásico y destaca su reacción ante ADT,Pablo Guede respaldó a Alejandro Duarte tras el partido ante ADT y destacó el trabajo del arquero luego de una semana marcada por las críticas.,"Luego de una difícil semana tras cometer un error clave en el clásico ante Universitario,Pablo Guedele devolvió la confianza aAlejandro Duarteen el duelo ante ADT por la fecha 10 delTorneo Clausurade laLiga 1 2026. Tras el final del encuentro, el estratega argentino se acercó al portero nacional, mientras este declaraba a la prensa, y elogió su trabajo.",5,3,Pablo Guede respaldó a Alejandro Duarte tras el partido ante ADT y destacó el trabajo del arquero luego de una semana marcada por las críticas. | El respaldo de Pablo Guede a Alejandro Duarte | Programación de la fecha 10 del Torneo Clausura - Liga 1,True,3,"Pablo Guede, Alejandro Duarte, Alianza Lima",2,1,Liga 1 2026,Liga 1 2026 | Alianza Lima,311,1794,https://cdn.futbolperuano.com/sdi/2026/09/19/pablo-guede-respalda-a-alejandro-duarte-tras-su-error-en-el-clasico-y-destaca-su-reaccion-ante-adt-1357897.jpg,1200,Pablo Guede respaldó a Alejandro Duarte tras el partido ante ADT. Foto: Youtube Captura: Movistar Deportes,,https://www.futbolperuano.com/liga-1/noticias/pablo-guede-respalda-a-alejandro-duarte-tras-su-error-en-el-clasico-y-destaca-su-reaccion-ante-adt-601367,Gabriel Rey,liga-1
"Sergio Peña jugó los 90 minutos, pero OFK Beograd volvió a caer y encadena cuatro partidos sin ganar en Serbia",Sergio Peña fue titular y disputó todo el partido en la derrota de OFK Beograd,"Sergio Peña jugó los 90 minutos, pero OFK Beograd cayó 5-3 ante Radnicki 1923 y sumó su cuarto partido consecutivo sin ganar.","Sergio Peñadisputó los 90 minutos, pero no pudo evitar una nueva derrota delOFK Beograd. El conjunto del mediocampista peruano cayó 5-3 ante Radnicki 1923 por la décima jornada de la Superliga de Serbia y prolongó su complicado momento en el campeonato.",9,1,"Sergio Peña jugó los 90 minutos, pero OFK Beograd cayó 5-3 ante Radnicki 1923 y sumó su cuarto partido consecutivo sin ganar.",False,3,"Sergio Peña, Peruanos en el Exterior, Serbia",2,1,Sergio Peña,Sergio Peña | OFK Beograd,385,2299,https://cdn.futbolperuano.com/sdi/2026/09/19/sergio-pena-fue-titular-y-disputo-todo-el-partido-en-la-derrota-de-ofk-beograd-1357919.jpg,1200,Sergio Peña. Foto: Instagram OFK Beograd,,https://www.futbolperuano.com/peruanos-en-el-exterior/noticias/sergio-pena-fue-titular-y-disputo-todo-el-partido-en-la-derrota-de-ofk-beograd-601395,Joaquín Vásquez,peruanos-en-el-exterior
Oslimg Mora recibió una nueva oportunidad en la Selección Peruana y aseguró que atraviesa un momento de mayor madurez en su carrera,Oslimg Mora vuelve a la Selección Peruana y explicó cómo su nueva posición fue clave para su convocatoria,Oslimg Mora habló de su regreso a la Selección Peruana y aseguró que su nueva posición en Sport Boys fue clave para recibir la convocatoria.,"El pasado jueves 17 de septiembre se dio a conocer laconvocatoriade laSelección Peruanapara los duelos ante México, USA, Canadá y Colombia, una nómina que cuenta con algunas novedades, tal y como es el llamado del volante deSport Boys,Oslimg Mora, quien no pudo ocultar su emoción por vestir los colores patrios.",4,1,Oslimg Mora habló de su regreso a la Selección Peruana y aseguró que su nueva posición en Sport Boys fue clave para recibir la convocatoria.,True,3,"Oslimg Mora, Selección Peruana, Sport Boys",2,1,Selección Peruana,Selección Peruana | Oslimg Mora,232,1330,https://cdn.futbolperuano.com/sdi/2026/09/19/oslimg-mora-vuelve-a-la-seleccion-peruana-y-explico-como-su-nueva-posicion-fue-clave-para-su-convocatoria-1357901.jpg,1200,Oslimg Mora vuelve a la Selección Peruana y explicó que su nueva posición fue determinante. Foto: Facebook Sport Boys,,https://www.futbolperuano.com/seleccion/noticias/oslimg-mora-vuelve-a-la-seleccion-peruana-y-explico-como-su-nueva-posicion-fue-clave-para-su-convocatoria-601376,Gabriel Rey,seleccion
Cusco FC suma de visita frente a FC Cajamarca y no renuncia al Torneo Clausura 2026,FC Cajamarca vs Cusco FC en vivo online por fecha 10 del Torneo Clausura de Liga 1 2026,FC Cajamarca recibió a Cusco FC en el Estadio Héroes de San Ramón por la décima fecha del Torneo Clausura 2026.,"¡Sigue en la parte alta! Con goles de Iván Colman y Facundo Callejo,Cusco FCderrotó por 2-1 aFC Cajamarcaen condición de visitante en el Estadio Héroes de San Ramón por la décima fecha del Torneo Clausura de laLiga 1 2026.",13,2,FC Cajamarca recibió a Cusco FC en el Estadio Héroes de San Ramón por la décima fecha del Torneo Clausura 2026. | PREVIA,False,3,"FC Cajamarca, Cusco FC, Liga 1",4,1,Liga 1 2026,Liga 1 2026 | FC Cajamarca | Cusco FC | Liga 1 2026,594,3351,https://cdn.futbolperuano.com/sdi/2026/09/19/fc-cajamarca-vs-cusco-fc-en-vivo-online-por-fecha-10-del-torneo-clausura-de-liga-1-2026-1357911.jpg,1200,Cusco FC sorprendió de visita a FC Cajamarca. Foto: Facebook Liga1 Te Apuesto,,https://www.futbolperuano.com/liga-1/noticias/fc-cajamarca-vs-cusco-fc-en-vivo-online-por-fecha-10-del-torneo-clausura-de-liga-1-2026-601121,Jorge Cruzalegui,liga-1
Pablo Guede confirma tres preocupantes bajas en Alianza Lima: “Está roto”,Pablo Guede confirma tres preocupantes bajas en Alianza Lima: “Está roto”,Pablo Guede preocupó a todos los hinchas de Alianza Lima al confirmar las duras lesiones de tres figuras del plantel.,"Alianza Limavolvió a celebrar después de varias jornadas sin ganar, pero el triunfo por 2-0 sobre ADT de Tarma dejó también una preocupación de cara a lo que viene. El equipo blanquiazul aprovechó la última jornada antes del parón por fecha FIFA para recuperar confianza, aunquePablo Guedeconfirmó que tres integrantes de su plantel atraviesan problemas físicos.",9,1,Pablo Guede preocupó a todos los hinchas de Alianza Lima al confirmar las duras lesiones de tres figuras del plantel.,False,3,"Pablo Guede, Alianza Lima, Liga 1 del Fútbol Peruano",2,1,Alianza Lima,Alianza Lima | Pablo Guede,392,2520,https://cdn.futbolperuano.com/sdi/2026/09/19/pablo-guede-confirma-tres-preocupantes-bajas-en-alianza-lima-esta-roto-1357906.jpg,1200,Pablo Guede revela tres bajas en Alianza Lima. Foto: Captura / Liga1 Te Apuesto,,https://www.futbolperuano.com/liga-1/noticias/pablo-guede-confirma-tres-preocupantes-bajas-en-alianza-lima-esta-roto-601381,Gabriel Iberico,liga-1
Con raíces peruanas: los convocados de Estados Unidos para medirse ante la Bicolor,Con raíces peruanas: los convocados de Estados Unidos para medirse ante la Bicolor,Estados Unidos anunció una sorpresiva lista de convocados con varios juveniles para enfrentarse en amistoso a la Selección Peruana.,"Perúse prepara para afrontar una serie de amistosos internacionales y uno de sus primeros desafíos será medirse conEstados Unidos. El combinado norteamericano, dirigido por Mauricio Pochettino, presentó una convocatoria con varias novedades de cara al nuevo proceso rumbo al Mundial 2030.",8,2,Estados Unidos anunció una sorpresiva lista de convocados con varios juveniles para enfrentarse en amistoso a la Selección Peruana. | Convocados de Estados Unidos para enfrentar a Perú,True,3,"Estados Unidos, Selección Peruana, Diego Kochen",2,1,Perú,Perú | Diego Kochen,308,2043,https://cdn.futbolperuano.com/sdi/2026/09/19/con-raices-peruanas-los-convocados-de-estados-unidos-para-medirse-ante-la-bicolor-1357914.jpg,1200,Estados Unidos será rival de Perú. Foto: FPF / U.S. Soccer,,https://www.futbolperuano.com/seleccion/noticias/con-raices-peruanas-los-convocados-de-estados-unidos-para-medirse-ante-la-bicolor-601390,Gabriel Iberico,seleccion
"De mal en peor: Burnley, de Oliver Sonne, se mantiene en el fondo de la tabla de la Championship",Oliver Sonne y Burnley continúan en el fondo de la Championship,"Burnley, con el peruano Oliver Sonne, se dejó empatar por Derby en la fecha 8 de la Championship (Segunda de Inglaterra).","¡Para el olvido!Burnley, delperuano Oliver Sonne, atraviesa de uno de sus momentos más complicados en el ascenso y es que luego de ocho partidos disputados en laChampionship 2026-27sigue sin conocer de victorias en la temporada.",6,2,"Burnley, con el peruano Oliver Sonne, se dejó empatar por Derby en la fecha 8 de la Championship (Segunda de Inglaterra). | Peruanos en el exterior (2026)",True,3,"Oliver Sonne, Burnley, Championship",2,1,peruano Oliver Sonne,peruano Oliver Sonne | Championship 2026-27,270,1548,https://cdn.futbolperuano.com/sdi/2026/09/19/oliver-sonne-y-burnley-continuan-en-el-fondo-de-la-championship-1357895.jpg,1200,Oliver Sonne entrenándose con Burnley. Foto: Facebook Burnley Football Club,,https://www.futbolperuano.com/peruanos-en-el-exterior/noticias/oliver-sonne-y-burnley-continuan-en-el-fondo-de-la-championship-601364,Jorge Cruzalegui,peruanos-en-el-exterior
"Programación de HOY, domingo 13 de septiembre de 2026: Horarios del fútbol en vivo por televisión en el Perú","Programación de HOY, domingo 13 de septiembre de 2026: Horarios del fútbol en vivo por televisión en el Perú",Este domingo 13 de septiembre llega con una gran cartelera de partidos que podrás ver en vivo por todo el Perú en TV. Sigue la programación aquí.,"Este domingo 13 de septiembre alístate para una gran jornada de partidos, los cuales podrás disfrutar por TV en todos los rincones del Perú. La jornada empieza desde muy temprano con duelos de alto calibre para el inicio de la semana. Puedes ver laPROGRAMACIÓN COMPLETA AQUÍ.",9,1,Este domingo 13 de septiembre llega con una gran cartelera de partidos que podrás ver en vivo por todo el Perú en TV. Sigue la programación aquí.,False,3,"Fútbol por TV, Programación, Liga 1 del Fútbol Peruano",2,1,PROGRAMACIÓN COMPLETA AQUÍ.,PROGRAMACIÓN COMPLETA AQUÍ. | Torneo Clausura,390,2312,https://cdn.futbolperuano.com/sdi/2026/09/13/programacion-de-hoy-domingo-13-de-septiembre-de-2026-horarios-del-futbol-en-vivo-por-television-en-el-peru-1357029.jpg,1200,Partidos del domingo 13 de septiembre. Foto: Twitter Liga 1,,https://www.futbolperuano.com/home/noticias/programacion-de-hoy-domingo-13-de-septiembre-de-2026-horarios-del-futbol-en-vivo-por-television-en-el-peru-600345,Joaquín Vásquez,home
Universitario: Los horarios de sus partidos en la fase de grupos de la Copa Libertadores Femenina 2026,Horarios de Universitario en la fase de grupos de Copa Libertadores Femenina 2026,"Universitario de Deportes enfrentará a Palmeiras, Belgrano e Independiente del Valle en la Copa Libertadores Femenina 2026.","¡A tomar nota! Aunque todavía restan algunas semanas antes del inicio de laCopa Libertadores Femenina 2026, es innegable que muchos hinchas 'cremas' ya viven con emoción, lo que será la participación deUniversitario de Deportesen la mencionada competencia de la Conmebol.",8,2,"Universitario de Deportes enfrentará a Palmeiras, Belgrano e Independiente del Valle en la Copa Libertadores Femenina 2026. | ¿Cómo le fue a la 'U' en otras ediciones?",False,3,"Universitario de Deportes, Copa Libertadores Femenina, Fútbol Femenino",2,1,Copa Libertadores Femenina 2026,Copa Libertadores Femenina 2026 | Universitario de Deportes,411,2547,https://cdn.futbolperuano.com/sdi/2026/09/19/horarios-de-universitario-en-la-fase-de-grupos-de-copa-libertadores-femenina-2026-1357885.jpg,1200,Universitario jugará la Copa Libertadores Femenina 2026. Foto: Facebook Fútbol Femenino - Club Universitario de Deportes,,https://www.futbolperuano.com/futbol-femenino/horarios-de-universitario-en-la-fase-de-grupos-de-copa-libertadores-femenina-2026-601353,Jorge Cruzalegui,futbol-femenino
Aclaró las dudas: Pablo Guede explicó el regreso de Kevin Quevedo al primer equipo de Alianza Lima,Pablo Guede explicó la presencia de Kevin Quevedo en primer equipo de Alianza Lima,"Pablo Guede se refirió al delantero nacional Kevin Quevedo, quien volvió a defender la camiseta de Alianza Lima.","¿Un nuevo comienzo? La victoria deAlianza Limaante ADT de Tarma en Matute dejó algunas sorpresas de por medio, como el regreso al primer equipo del delanteroKevin Quevedo, quien hizo su debut en el Torneo Clausura de laLiga 1 2026.",10,1,"Pablo Guede se refirió al delantero nacional Kevin Quevedo, quien volvió a defender la camiseta de Alianza Lima.",False,3,"Pablo Guede, Kevin Quevedo, Alianza Lima",2,1,Alianza Lima,Alianza Lima | Liga 1 2026,453,2634,https://cdn.futbolperuano.com/sdi/2026/09/19/pablo-guede-explico-la-presencia-de-kevin-quevedo-en-primer-equipo-de-alianza-lima-1357879.jpg,1200,Kevin Quevedo volvió al primer equipo 'blanquiazul'. Foto: Facebook Club Alianza Lima,,https://www.futbolperuano.com/liga-1/noticias/pablo-guede-explico-la-presencia-de-kevin-quevedo-en-primer-equipo-de-alianza-lima-601348,Jorge Cruzalegui,liga-1
Probables alineaciones del Deportivo Garcilaso vs. Universitario por la fecha 10 del Torneo Clausura de la Liga 1 2026,Probables alineaciones del Deportivo Garcilaso vs. Universitario por la fecha 10 del Torneo Clausura de la Liga 1 2026,Deportivo Garcilaso vs. Universitario se enfrentan en el Garcilaso de la Vega por la fecha 10 del Torneo Clausura de la Liga 1 2026.,"Deportivo GarcilasoyUniversitario de Deportesse miden este sábado 19 de septiembre en el Estadio Inca Garcilaso de la Vega por lafecha 10delTorneo Clausurade laLiga 1 2026en un duelo donde se podría empezar a definir el torneo; por tal motivo, tanto Cúper como Greppo buscarán alinear a sus mejores hombres.",4,2,Deportivo Garcilaso vs. Universitario se enfrentan en el Garcilaso de la Vega por la fecha 10 del Torneo Clausura de la Liga 1 2026. | Programación de la fecha 10 del Torneo Clausura - Liga 1,True,3,"Deportivo Garcilaso, Universitario de Deportes, Liga 1 del Fútbol Peruano",2,1,Liga 1 2026,Liga 1 2026 | Alianza Lima,204,1153,https://cdn.futbolperuano.com/sdi/2026/09/19/probables-alineaciones-del-deportivo-garcilaso-vs-universitario-por-la-fecha-10-del-torneo-clausura-de-la-liga-1-2026-1357892.jpg,1200,Así formarían Deportivo Garcilaso vs. Universitario. Foto: Facebook Liga 1,,https://www.futbolperuano.com/liga-1/noticias/probables-alineaciones-del-deportivo-garcilaso-vs-universitario-por-la-fecha-10-del-torneo-clausura-de-la-liga-1-2026-601361,Gabriel Rey,liga-1
Quiere seguir peleando: Alianza Lima vuelve a la senda del triunfo en el Torneo Clausura 2026,Alianza Lima vs ADT de Tarma EN VIVO por el Torneo Clausura,Alianza Lima venció por 2-0 a ADT en Matute y vuelve al triunfo luego de cuatro jornadas en el Torneo Clausura 2026.,Alianza Limavolvió a celebrar en elTorneo Clausura. El conjunto blanquiazul se impuso por 2-0 anteADTen Matute y dejó atrás una racha de cuatro jornadas sin ganar. El triunfo llegó después del golpe sufrido en el clásico frente a Universitario y le permitió recuperar algo de confianza en el campeonato.,12,2,Alianza Lima venció por 2-0 a ADT en Matute y vuelve al triunfo luego de cuatro jornadas en el Torneo Clausura 2026. | Posibles alineaciones,True,3,"Alianza Lima, ADT de Tarma, Torneo Clausura",3,1,Torneo Clausura,Torneo Clausura | Torneo Clausura | L1 MAX,636,4041,https://cdn.futbolperuano.com/sdi/2026/09/19/alianza-lima-vs-adt-de-tarma-en-vivo-por-el-torneo-clausura-1357865.jpg,1200,Alianza Lima venció por 2-0 a ADT. Foto: Liga1 Te Apuesto,,https://www.futbolperuano.com/liga-1/noticias/alianza-lima-vs-adt-de-tarma-en-vivo-por-el-torneo-clausura-601023,Stewart Luya,liga-1
"Victoria ajustada: Mainz, con el peruano Fabio Gruber, volvió a celebrar en la Bundesliga","Con el defensor Fabio Gruber, Mainz volvió al triunfo en la Bundesliga","Con Fabio Gruber como titular, Mainz se impuso frente al Borussia Monchengladbach por la fecha 4 de la Bundesliga.","¡Puntos claves!Mainz, que contó con elperuano Fabio Grubercomo titular, consiguió una ajustada victoria (3-4) en su visita a Borussia Monchengladbach en el Borussia-Park por la cuarta fecha de laBundesliga 2026-27.",9,1,"Con Fabio Gruber como titular, Mainz se impuso frente al Borussia Monchengladbach por la fecha 4 de la Bundesliga.",False,3,"Fabio Gruber, Mainz, Bundesliga",2,1,peruano Fabio Gruber,peruano Fabio Gruber | Bundesliga 2026-27,417,2390,https://cdn.futbolperuano.com/sdi/2026/09/19/con-el-defensor-fabio-gruber-mainz-volvio-al-triunfo-en-la-bundesliga-1357890.jpg,1200,Fabio Gruber celebra con sus compañeros de Mainz. Foto: Facebook 1. FSV Mainz 05,,https://www.futbolperuano.com/peruanos-en-el-exterior/noticias/con-el-defensor-fabio-gruber-mainz-volvio-al-triunfo-en-la-bundesliga-601358,Jorge Cruzalegui,peruanos-en-el-exterior
Pablo Guede lo relegó del plantel de Alianza Lima y ahora es figura de la Selección Peruana,Pablo Guede lo relegó del plantel de Alianza Lima y ahora es figura de la Selección Peruana,Perdió terreno en Alianza Lima por Pablo Guede y ahora es capitán y una de las principales figuras en la Selección Peruana.,"Alianza Limaatraviesa una etapa complicada en elTorneo Clausura 2026, alejado de los primeros lugares y con la obligación de recuperar terreno en las próximas jornadas. En medio de este panorama, una situación particular llama la atención, uno de sus jóvenes futbolistas no viene teniendo oportunidades con el primer equipo, pero sí es protagonista con laSelección Peruana Sub-20.",10,1,Perdió terreno en Alianza Lima por Pablo Guede y ahora es capitán y una de las principales figuras en la Selección Peruana.,False,4,"Pablo Guede, Alianza Lima, Piero Cari, Selección Peruana Sub 20",2,1,Alianza Lima,Alianza Lima | Torneo Clausura 2026,420,2665,https://cdn.futbolperuano.com/sdi/2026/09/19/pablo-guede-lo-relego-del-plantel-de-alianza-lima-y-ahora-es-figura-de-la-seleccion-peruana-1357864.jpg,1200,Pablo Guede y Piero Cari. Foto: Liga 1 / Team Perú,,https://www.futbolperuano.com/seleccion/noticias/pablo-guede-lo-relego-del-plantel-de-alianza-lima-y-ahora-es-figura-de-la-seleccion-peruana-601323,Gabriel Iberico,seleccion
Mano Menezes revela si Renato Tapia podría volver a la Selección Peruana tras ser excluido en la reciente convocatoria,Mano Menezes revela si Renato Tapia podría volver a la Selección Peruana,Mano Menezes habló con respecto al futuro del mediocampista de Al Wasl en la Selección Peruana tras excluirlo de los amistosos de la fecha FIFA.,"Renato Tapiano fue incluido en la última convocatoria de laSelección Peruana, pero su ausencia no significa que haya quedado fuera de los planes deMano Menezes. El estratega brasileño habló sobre el futuro del mediocampista y dejó abierta la posibilidad de que vuelva a ser considerado para los próximos compromisos de la ‘Bicolor’.",9,2,Mano Menezes habló con respecto al futuro del mediocampista de Al Wasl en la Selección Peruana tras excluirlo de los amistosos de la fecha FIFA. | Lista de convocados,True,3,"Mano Menezes, Renato Tapia, Selección Peruana",2,1,Renato Tapia,Renato Tapia | Selección Peruana,365,2389,https://cdn.futbolperuano.com/sdi/2026/09/19/mano-menezes-revela-si-renato-tapia-podria-volver-a-la-seleccion-peruana-1357857.jpg,1200,Renato Tapia y Mano Menezes. Foto: FPF,,https://www.futbolperuano.com/seleccion/noticias/mano-menezes-revela-si-renato-tapia-podria-volver-a-la-seleccion-peruana-601317,Gabriel Iberico,seleccion
¡El ‘Churre’ volvió a sonreír! Alianza Atlético remontó ante Comerciantes Unidos y se reencontró con el triunfo en el Torneo Clausura,Alianza Atlético vs Comerciantes Unidos EN VIVO por el Torneo Clausura,Alianza Atlético logró darle vuelta al marcador frente a Comerciantes Unidos y volvió a sumar una victoria en el Torneo Clausura de la Liga 1.,"Alianza Atléticose reencontró con el triunfo en elTorneo Clausurade laLiga 1 2026tras darle la vuelta al resultado aComerciantes Unidos. El cuadro ‘Churre’ inició perdiendo el partido, pero en el inicio de la segunda mitad consiguió el tanto del triunfo en un duelo donde Comerciantes Unidos se quedó con un hombre menos antes del final de la primera mitad.",13,2,Alianza Atlético logró darle vuelta al marcador frente a Comerciantes Unidos y volvió a sumar una victoria en el Torneo Clausura de la Liga 1. | Sin público,False,3,"Alianza Atlético, Comerciantes Unidos, Torneo Clausura",3,1,Liga 1 2026,Liga 1 2026 | Torneo Clausura | L1 MAX,693,4380,https://cdn.futbolperuano.com/sdi/2026/09/18/alianza-atletico-vs-comerciantes-unidos-en-vivo-por-el-torneo-clausura-1357816.jpg,1200,Alianza Atlético se reencontró con el triunfo tras remontar ante Comerciantes Unidos. Foto: Facebook Liga 1,,https://www.futbolperuano.com/liga-1/noticias/alianza-atletico-vs-comerciantes-unidos-en-vivo-por-el-torneo-clausura-601037,Stewart Luya,liga-1
Alianza Lima no pudo ante Gerdau Minas y peleará por el tercer lugar en el Brasil Cup de Vóley 2026,Alianza Lima vs Gerdau Minas EN VIVO por la Brasil Cup 2026,Alianza Lima cayó por 1-3 ante Gerdau Minas por las semifinales de la Brasil Cup 2026 y ahora se alista para pelear por el tercer lugar.,"Alianza Limacayó 3-1 anteGerdau Minasen las semifinales de laBrasil Cup 2026, en un encuentro disputado en el Arena Guilherme Paraense, conocido como Mangueirinho, en Belém. El duelo representó el primer partido oficial de pretemporada para el equipo dirigido por Alejandro Schneider, que continúa preparándose para la Liga Peruana de Vóley y el Mundial de Clubes.",10,2,Alianza Lima cayó por 1-3 ante Gerdau Minas por las semifinales de la Brasil Cup 2026 y ahora se alista para pelear por el tercer lugar. | Fixture de la Brasil Cup 2026,True,3,"Alianza Lima, Brasil Cup de Vóley Femenino, Gerdau Minas",3,1,Brasil Cup 2026,Brasil Cup 2026 | Alianza Lima | Brasil Cup 2026,545,3660,https://cdn.futbolperuano.com/sdi/2026/09/19/alianza-lima-vs-gerdau-minas-en-vivo-por-la-brasil-cup-2026-1357848.jpg,1200,Alianza Lima 1-3 Gerdau Minas. Foto: Alianza Lima Vóley,,https://www.futbolperuano.com/liga-voley/alianza-lima-vs-gerdau-minas-en-vivo-por-la-brasil-cup-2026-600855,Stewart Luya,liga-voley
Perú derrota a Chile y vuelve a meterse en la pelea por la clasificación en los Juegos Suramericanos Santa Fe 2026,Perú se recuperó en los Juegos Suramericanos Santa Fe 2026 y derrotó a un Chile que había comenzado con victoria en el Grupo A,Perú se recuperó en los Juegos Suramericanos Santa Fe 2026 tras superar a Chile y sumó una victoria que lo acerca a la pelea por la clasificación.,"LaSelección Peruanalogró recuperarse en losJuegos Suramericanos Sante Fe 2026al superar al combinado chileno por2-0. La ‘Bicolor’ supo imponerse ante un combinado chileno que había iniciado con triunfo en la primera fecha y empieza a escalar en elGrupo A, grupo que tiene a sus 4 integrantes igualados con 3 puntos, soñando con la clasificación a la siguiente etapa.",4,2,Perú se recuperó en los Juegos Suramericanos Santa Fe 2026 tras superar a Chile y sumó una victoria que lo acerca a la pelea por la clasificación. | Fixture del Fútbol Masculino en los Juegos Suramericanos,True,3,"Juegos Suramericanos, Selección Peruana, Perú",2,1,Juegos Suramericanos Sante Fe 2026,Juegos Suramericanos Sante Fe 2026 | Selección Peruana,233,1393,https://cdn.futbolperuano.com/sdi/2026/09/18/peru-se-recupero-en-los-juegos-suramericanos-santa-fe-2026-y-derroto-a-un-chile-que-habia-comenzado-con-victoria-en-el-grupo-a-1357783.jpg,1200,Perú derrotó a Chile y consiguió su primer triunfo en Santa Fe 2026. Foto: Youtube Captura - ODESUR,,https://www.futbolperuano.com/futbol-de-menores/peru-se-recupero-en-los-juegos-suramericanos-santa-fe-2026-y-derroto-a-un-chile-que-habia-comenzado-con-victoria-en-el-grupo-a-601251,Gabriel Rey,futbol-de-menores
¡Tradición Copera suma otro histórico! Sport Áncash fue seleccionado por la LINFA y se une a los clubes que disputarán la primera edición del torneo,"Tradición Copera 2026 suma a Sport Áncash, histórico club que buscará un lugar en la Liga 3",Sport Áncash fue seleccionado por la LINFA para disputar Tradición Copera 2026 y se suma a los históricos que estarán en la primera edición del torneo.,"Poco a poco se van sumando los equipos que serán parte de la primera edición deTradición Copera2026. En las últimas horas, se pudo conocer que el mítico Sport Áncash, quienes se encuentran disputando laEtapa Nacionalde laCopa Perú, se suma a los otros 13 equipos ya seleccionados por laLiga Nacional de Fútbol Aficionado(LINFA).",3,2,Sport Áncash fue seleccionado por la LINFA para disputar Tradición Copera 2026 y se suma a los históricos que estarán en la primera edición del torneo. | Equipos confirmados en Tradición Copera 2026,True,3,"Sport Áncash, Tradición Copera, Copa Perú",2,1,Tradición Copera,Tradición Copera | Sport Áncash,206,1201,https://cdn.futbolperuano.com/sdi/2026/09/18/tradicion-copera-2026-suma-a-sport-ancash-historico-club-que-buscara-un-lugar-en-la-liga-3-1357821.jpg,1200,Sport Áncash ya forma parte de Tradición Copera 2026. Foto: Facebook Bitácora Noticias,,https://www.futbolperuano.com/peru/mas-del-futbol-peruano/tradicion-copera-2026-suma-a-sport-ancash-historico-club-que-buscara-un-lugar-en-la-liga-3-601288,Gabriel Rey,peru
¿Felipe Chávez realmente está lesionado? Jugó con Magdeburgo y crece la duda por su ausencia en la Selección Peruana,Felipe Chávez jugó con Magdeburgo y crece la duda por su ausencia en la Selección Peruana,"Pese a que se informó que su ausencia en la Bicolor se debe a una lesión, Felipe Chávez acaba de sumar minutos en Magdeburgo.","Felipe Chávezvolvió a quedar fuera de una convocatoria de laSelección Peruanapara los próximos amistosos internacionales, pero su situación generó dudas luego de que se conociera que sí tuvo participación con elFC Magdeburgo. El volante peruano no apareció en la lista anunciada por Mano Menezes para los compromisos de la ‘Bicolor’ y una de las versiones apuntó a una supuesta lesión.",10,1,"Pese a que se informó que su ausencia en la Bicolor se debe a una lesión, Felipe Chávez acaba de sumar minutos en Magdeburgo.",False,3,"Felipe Chávez, Selección Peruana, Peruanos en el Exterior",2,1,Felipe Chávez,Felipe Chávez | Selección Peruana,468,3103,https://cdn.futbolperuano.com/sdi/2026/09/18/felipe-chavez-jugo-con-magdeburgo-y-crece-la-duda-por-su-ausencia-en-la-seleccion-peruana-1357813.jpg,1200,Felipe Chávez. Foto: FPF / 1. FC Magdeburg,,https://www.futbolperuano.com/seleccion/noticias/felipe-chavez-jugo-con-magdeburgo-y-crece-la-duda-por-su-ausencia-en-la-seleccion-peruana-601280,Gabriel Iberico,seleccion
Selección Peruanas: joyas peruanas que han sido convocados por otros seleccionados para esta fecha FIFA,Selección Peruanas: joyas peruanas que han sido convocados por otros seleccionados para esta fecha FIFA,Distintos países se le han adelantado a la Bicolor con la convocatoria de joyas de raíces peruanas para esta fecha FIFA.,La fechaFIFAvolvió a poner en evidencia una situación que genera atención dentro de laFederación Peruana de Fútbol (FPF). Varias joyas con raíces peruanas fueron considerados por distintas selecciones. Algunos de ellos ya habían sido seguidos por la ‘Bicolor’ y aparecen dentro del radar pensando en los próximos procesos de menores.,10,1,Distintos países se le han adelantado a la Bicolor con la convocatoria de joyas de raíces peruanas para esta fecha FIFA.,False,4,"Selección Peruana, Alberto Velásquez, Matteo Pérez Vinlof, Diego Kochen",5,1,Federación Peruana de Fútbol (FPF),Federación Peruana de Fútbol (FPF) | Alberto Velásquez | Matteo Pérez Vinlöf | Diego Kochen | Christian Vigil,479,3076,https://cdn.futbolperuano.com/sdi/2026/09/18/seleccion-peruanas-joyas-peruanas-que-han-sido-convocados-por-otros-seleccionados-para-esta-fecha-fifa-1357840.jpg,1200,Joyas peruanas convocadas a otras selecciones. Foto: FPF / Difusión,,https://www.futbolperuano.com/seleccion/noticias/seleccion-peruanas-joyas-peruanas-que-han-sido-convocados-por-otros-seleccionados-para-esta-fecha-fifa-601302,Gabriel Iberico,seleccion
Liga 3: ASA FC sorprendió a sus hinchas y presentó a su nuevo director técnico,Liga 3: ASA FC presentó a su nuevo director técnico,Amigos Siempre Amigos Fútbol Club (ASA FC) visitará este domingo a Ucayali FC por la Fase Regional de la Liga 3.,"Amigos Siempre Amigos Fútbol Club(ASA FC), que atraviesa un buen momento en elGrupo Cy se ha convertido en uno de los grandes candidatos para quedarse con el título de laLiga 3, sorprendió a sus hinchas y presentó a su nuevo director técnico.",5,2,Amigos Siempre Amigos Fútbol Club (ASA FC) visitará este domingo a Ucayali FC por la Fase Regional de la Liga 3. | RESULTADOS DE LA FECHA 16 - LIGA 3,True,3,"Liga 3, ASA FC, Fútbol Peruano",2,1,Grupo C,Grupo C | Liga 3,220,1311,https://cdn.futbolperuano.com/sdi/2026/09/18/liga-3-asa-fc-presento-a-su-nuevo-director-tecnico-1357824.jpg,1200,ASA FC presentó a su nuevo director técnico. Foto: Facebook ASA F. C.,,https://www.futbolperuano.com/liga-3/noticias/liga-3-asa-fc-presento-a-su-nuevo-director-tecnico-601290,Stewart Luya,liga-3
"Diego Kochen, portero de raíces peruanas, fue convocado por Estados Unidos y podría enfrentarse a la Bicolor","Diego Kochen, portero de raíces peruanas, fue convocado por Estados Unidos y podría enfrentarse a la Bicolor",El guardameta Diego Kochen recibió el llamado de Mauricio Pochettino y podría debutar en Estados Unidos ante la Selección Peruana.,"Diego Kochenrecibió una noticia importante en su joven carrera al ser convocado por primera vez a la selección absoluta de Estados Unidos. El arquero, de raíces peruanas, fue incluido en la lista de 28 futbolistas elegidos para los próximos amistosos internacionales y tendrá la oportunidad de trabajar bajo las órdenes de Mauricio Pochettino.",9,1,El guardameta Diego Kochen recibió el llamado de Mauricio Pochettino y podría debutar en Estados Unidos ante la Selección Peruana.,False,3,"Diego Kochen, Selección Peruana, Estados Unidos",2,1,Diego Kochen,Diego Kochen | Selección Peruana,435,2816,https://cdn.futbolperuano.com/sdi/2026/09/18/diego-kochen-portero-de-raices-peruanas-fue-convocado-por-estados-unidos-y-podria-enfrentarse-a-la-bicolor-1357823.jpg,1200,"Diego Kochen, de raíces peruanas, convocado por Estados Unidos. Foto: FPF / US Soccer",,https://www.futbolperuano.com/seleccion/noticias/diego-kochen-portero-de-raices-peruanas-fue-convocado-por-estados-unidos-y-podria-enfrentarse-a-la-bicolor-601291,Gabriel Iberico,seleccion
Liga Femenina 2026: Melgar consiguió un importante triunfo ante Carlos Mannucci por el Torneo Clausura,Melgar se impuso 2-1 Carlos Mannucci por fecha 10 Torneo Clausura Liga Femenina 2026,Melgar se impuso por la décima jornada de la Liga Femenina y sumó tres puntos que lo mantienen en la pelea por los primeros lugares.,"Melgarconsiguió una importante victoria por 2-1 anteCarlos A. Mannuccipor la décima jornada del Torneo Clausura de laLiga Femenina. El encuentro se disputó en el CAR de Arequipa, donde el cuadro local logró remontar el marcador y quedarse con tres puntos que le permiten mantenerse en los primeros lugares de la clasificación.",7,2,Melgar se impuso por la décima jornada de la Liga Femenina y sumó tres puntos que lo mantienen en la pelea por los primeros lugares. | Fecha 10 del Torneo Clausura de la Liga Femenina 2026,True,3,"Melgar, Carlos Mannucci, Liga Femenina",2,1,Melgar,Melgar | Liga Femenina,307,1857,https://cdn.futbolperuano.com/sdi/2026/09/18/melgar-se-impuso-2-1-carlos-mannucci-por-fecha-10-torneo-clausura-liga-femenina-2026-1357779.jpg,1200,Melgar venció 2-1 a Carlos Mannucci. Foto: Twitter Liga Femenina,,https://www.futbolperuano.com/futbol-femenino/liga-femenina/melgar-se-impuso-2-1-carlos-mannucci-por-fecha-10-torneo-clausura-liga-femenina-2026-601247,Joaquín Vásquez,futbol-femenino
"Programación de HOY, sábado 19 de septiembre de 2026: Horarios del fútbol en vivo por televisión en el Perú","Programación de HOY, sábado 19 de septiembre de 2026: Horarios del fútbol en vivo por televisión en el Perú",Este sábado 19 de septiembre llega con una gran cartelera de partidos que podrás ver en vivo por todo el Perú en TV. Sigue la programación aquí.,"Este sábado 19 de septiembre alístate para una gran jornada de partidos, los cuales podrás disfrutar por TV en todos los rincones del Perú. La jornada empieza desde muy temprano con duelos de alto calibre para el inicio de la semana. Puedes ver laPROGRAMACIÓN COMPLETA AQUÍ.",10,1,Este sábado 19 de septiembre llega con una gran cartelera de partidos que podrás ver en vivo por todo el Perú en TV. Sigue la programación aquí.,False,3,"Fútbol por TV, Programación, Liga 1 del Fútbol Peruano",2,1,PROGRAMACIÓN COMPLETA AQUÍ.,PROGRAMACIÓN COMPLETA AQUÍ. | Liga 1,378,2271,https://cdn.futbolperuano.com/sdi/2026/09/18/programacion-de-hoy-sabado-19-de-septiembre-de-2026-horarios-del-futbol-en-vivo-por-television-en-el-peru-1357795.jpg,1200,Partidos del sábado 19 de septiembre. Foto: Liga1 Te Apuesto?,,https://www.futbolperuano.com/partidos-por-tv/noticias/programacion-de-hoy-sabado-19-de-septiembre-de-2026-horarios-del-futbol-en-vivo-por-television-en-el-peru-601263,Gabriel Iberico,partidos-por-tv
Alianza Lima vs. ADT: Alineaciones por la fecha 10 del Torneo Clausura de la Liga 1,Alianza Lima vs. ADT: Alineaciones por la fecha 10 del Torneo Clausura de la Liga 1,Alianza Lima y ADT alistan sus mejores hombres para el duelo por la fecha 10 del Torneo Clausura de la Liga 1 2026.,"Este viernes 18 de septiembre se dará inicio a la fecha 10 delTorneo Clausurade laLiga 1 2026, una jornada en dondeAlianza Limaespera reencontrarse con el triunfo cuando se enfrente aADT, motivo por el cual Pablo Guede buscará alinear a sus mejores hombres ante el equipo dirigido por el ‘Chino’ Rivera.",4,3,Alianza Lima y ADT alistan sus mejores hombres para el duelo por la fecha 10 del Torneo Clausura de la Liga 1 2026. | Alineaciones del Alianza Lima vs. ADT | Programación de la fecha 10 del Torneo Clausura - Liga 1,True,3,"Alianza Lima, ADT de Tarma, Liga 1 del Fútbol Peruano",2,1,Liga 1 2026,Liga 1 2026 | Kevin Quevedo,222,1289,https://cdn.futbolperuano.com/sdi/2026/09/18/alianza-lima-vs-adt-alineaciones-por-la-fecha-10-del-torneo-clausura-de-la-liga-1-1357749.jpg,1200,Alianza Lima y ADT definen sus alineaciones para el duelo por la fecha 10 del Torneo Clausura de la Liga 1. Foto: Facebook Liga 1,,https://www.futbolperuano.com/liga-1/noticias/alianza-lima-vs-adt-alineaciones-por-la-fecha-10-del-torneo-clausura-de-la-liga-1-601217,Gabriel Rey,liga-1
"Wilder Cartagena tras volver a la Selección Peruana: ""Es muy especial este llamado”",Wilder Cartagena reveló lo que significa volver a la Selección Peruana para los amistosos,Wilder Cartagena habló tras volver a la Selección Peruana y contó lo especial que es este llamado después de su largo proceso de recuperación,"Wilder Cartagenavuelve a laSelección Peruana.El mediocampista de Orlando City fue incluido porMano Menezesen la convocatoria de 26 futbolistas para los próximos amistosos internacionales de la 'Bicolor', protagonizando uno de los regresos más esperados de la nueva lista.",10,1,Wilder Cartagena habló tras volver a la Selección Peruana y contó lo especial que es este llamado después de su largo proceso de recuperación,False,3,"Wilder Cartagena, Selección Peruana, Mano Menezes",2,1,Selección Peruana,Selección Peruana | Wilder Cartagena,423,2519,https://cdn.futbolperuano.com/sdi/2026/09/18/wilder-cartagena-revelo-lo-que-significa-volver-a-la-seleccion-peruana-para-los-amistosos-1357724.jpg,1200,Wilder Cartagena. Foto: Twitter Selección Peruana,,https://www.futbolperuano.com/seleccion/noticias/wilder-cartagena-revelo-lo-que-significa-volver-a-la-seleccion-peruana-para-los-amistosos-601183,Joaquín Vásquez,seleccion
Liga 1: Kevin Quevedo rompe su larga ausencia y vuelve a la convocatoria para el duelo entre Alianza Lima vs. ADT,Kevin Quevedo vuelve a ser convocado Alianza Lima vs. ADT por la Liga 1,Kevin Quevedo vuelve a ser convocado por Alianza Lima tras nueve fechas y podría reaparecer ante ADT por el Torneo Clausura 2026.,"Alianza Limatendrá una novedad importante para su próximo compromiso en el Torneo Clausura.Kevin Quevedovolverá a integrar la convocatoria del cuadro blanquiazul para el partido frente aADT, correspondiente a la décima jornada del campeonato. De esta manera, Quevedo tendrá la posibilidad de volver a sumar minutos con Alianza Lima en el encuentro programado para este viernes 18 de septiembre en el Estadio Alejandro Villanueva.",9,1,Kevin Quevedo vuelve a ser convocado por Alianza Lima tras nueve fechas y podría reaparecer ante ADT por el Torneo Clausura 2026.,False,4,"Alianza Lima, Kevin Quevedo, Liga 1 del Fútbol Peruano, ADT de Tarma",2,1,Alianza Lima,Alianza Lima | ADT,365,2300,https://cdn.futbolperuano.com/sdi/2026/09/18/kevin-quevedo-vuelve-a-ser-convocado-alianza-lima-vs-adt-por-la-liga-1-1357702.jpg,1200,Kevin Quevedo. Foto: Twitter Alianza Lima,,https://www.futbolperuano.com/liga-1/noticias/kevin-quevedo-vuelve-a-ser-convocado-alianza-lima-vs-adt-por-la-liga-1-601158,Joaquín Vásquez,liga-1
Las 3 novedades de Universitario de Deportes para el duelo ante Deportivo Garcilaso por el Torneo Clausura,Universitario de Deportes y los jugadores que vuelven a convocatoria Deportivo Garcilaso,Universitario de Deportes se medirá ante Deportivo Garcilaso y sorprendió con tres nombres en su lista de convocados.,"Universitario de Deportesya tiene novedades importantes para afrontar su próximo partido por el Torneo Clausura 2026. El cuadro crema visitará aDeportivo Garcilasopor la fecha 10 y lo hará con algunas sorpresas en su lista de convocados, entre ellas la presencia deBryan Reyna, quien aparece por primera vez en una convocatoria durante esta etapa del campeonato.",11,1,Universitario de Deportes se medirá ante Deportivo Garcilaso y sorprendió con tres nombres en su lista de convocados.,True,3,"Universitario de Deportes, Deportivo Garcilaso, Liga 1 del Fútbol Peruano",2,1,Universitario de Deportes,Universitario de Deportes | Deportivo Garcilaso,416,2669,https://cdn.futbolperuano.com/sdi/2026/09/18/universitario-de-deportes-y-los-jugadores-que-vuelven-a-convocatoria-deportivo-garcilaso-1357715.jpg,1200,Universitario vs Deportivo Garcilaso con 3 novedades en la lista de convocados. Foto: Twitter Universitario de Deportes,,https://www.futbolperuano.com/liga-1/noticias/universitario-de-deportes-y-los-jugadores-que-vuelven-a-convocatoria-deportivo-garcilaso-601171,Joaquín Vásquez,liga-1
Futsal Pro 2026: Resultados y tablas de posiciones de la fecha 2 de la Primera Etapa,Resultados y tablas de posiciones de fecha 2 de Primera Etapa de Futsal Pro 2026,"Con cinco equipos en la parte alta de la tabla, así se jugarán los partidos de la fecha 2 de la Primera Etapa del Futsal Pro 2026.","El torneo delFutsal Pro 2026continúa su rumbo y esta semana, martes 15 y jueves 17 de septiembre, se llevará a cabola segunda fecha de la Primera Etapadel mencionado torneo. Precisamente, todos los encuentros se jugarán en el Complejo Deportivo Ollantaytambo de Ate y serán transmitidos por la señal de la 'Bicolor+' en YouTube.",6,3,"Con cinco equipos en la parte alta de la tabla, así se jugarán los partidos de la fecha 2 de la Primera Etapa del Futsal Pro 2026. | Resultados de la Fecha 2 del Torneo de Futsal Pro 2026 | Equipos campeones de la Primera División de Futsal de Perú",True,3,"Futsal Pro, Futsal, Panta Walon",2,1,Futsal Pro 2026,Futsal Pro 2026 | de la tabla de posiciones,290,1686,https://cdn.futbolperuano.com/sdi/2026/09/16/resultados-y-tablas-de-posiciones-de-fecha-2-de-primera-etapa-de-futsal-pro-2026-1357352.jpg,1200,Futsal Pro 2026: se jugará la segunda fecha del torneo. Foto: Facebook Futsal Pro - FPF,,https://www.futbolperuano.com/futsal/resultados-y-tablas-de-posiciones-de-fecha-2-de-primera-etapa-de-futsal-pro-2026-600752,Jorge Cruzalegui,futsal
"Partidos de Hoy, viernes 18 de septiembre del 2026: Horarios del fútbol en vivo por televisión en el Perú",Programación de partidos por TV del viernes 18 de septiembre del 2026,"El viernes 18 de septiembre estará cargado de mucho fútbol en el mundo, y sabrás dónde verlo en la parrilla de fútbol por TV.","El fútbol no se detiene y este viernes 18 de septiembre de 2026 lo podremos disfrutar más que nunca, pues varias de las ligas a lo largo del mundo comienzan a reiniciarse, así como los torneos internacionales más importantes; por ello, te traemos los duelos más esperados por los hinchas. Recuerda que puedes ver la programación deFútbol por TVcompleta en Futbolperuano.com.",6,2,"El viernes 18 de septiembre estará cargado de mucho fútbol en el mundo, y sabrás dónde verlo en la parrilla de fútbol por TV. | Siguen las emociones en el fútbol peruano",False,3,"Fútbol por TV, Fútbol, Liga 1",2,1,Fútbol por TV,Fútbol por TV | Fútbol por TV,371,2159,https://cdn.futbolperuano.com/sdi/2026/09/17/programacion-de-partidos-por-tv-del-viernes-18-de-septiembre-del-2026-1357615.jpg,1200,Fútbol por TV: viernes 18 de septiembre de 2026. Foto: EFE,,https://www.futbolperuano.com/partidos-por-tv/noticias/programacion-de-partidos-por-tv-del-viernes-18-de-septiembre-del-2026-601057,Jorge Cruzalegui,partidos-por-tv
"Copa Libertadores 2026: Resultados de los cuartos de final (VUELTA), con André Carrillo y Jesús Pretell",Resultados de los cuartos de final de vuelta de la Copa Libertadores 2026,"Con presencia peruana en las llaves, así se jugarán los partidos de vuelta de los cuartos de final de la Copa Libertadores 2026.","¡Presencia peruana! Los mediocampistasAndré CarrilloyJesús Pretelltendrán una semana decisiva en el ámbito internacional junto con sus equipos, Corinthians y LDU de Quito, pues disputaránla vuelta de los cuartos de finalde laCopa Libertadores 2026.",5,3,"Con presencia peruana en las llaves, así se jugarán los partidos de vuelta de los cuartos de final de la Copa Libertadores 2026. | Resultados de cuartos de final (VUELTA) - Copa Libertadores 2026 | Resultados de los cuartos de final (IDA)",True,3,"André Carrillo, Jesús Pretell, Copa Libertadores",3,1,Copa Libertadores 2026,Copa Libertadores 2026 | Jesús Pretell | André Carrillo,217,1317,https://cdn.futbolperuano.com/sdi/2026/09/15/resultados-de-los-cuartos-de-final-de-vuelta-de-la-copa-libertadores-2026-1357338.jpg,1200,Copa Libertadores 2026: cuartos de final (vuelta). Foto: EFE,,https://www.futbolperuano.com/copa-libertadores/noticias/resultados-de-los-cuartos-de-final-de-vuelta-de-la-copa-libertadores-2026-600737,Jorge Cruzalegui,copa-libertadores
"Montevideo City Torque se burló de Cienciano tras eliminarlo de Copa Sudamericana: ""El papá de América""",Montevideo city se-burlo de cienciano tras eliminarlo de copa sudamericana,Cienciano perdió 3-0 ante Montevideo City Torque y quedó eliminado de la Copa Sudamericana. El club uruguayo luego se burló del equipo cusqueño.,Ciencianono pudo sostener la ventaja de dos goles que había conseguido en Cusco y terminó eliminado de laCopa Sudamericana 2026. El conjunto cusqueño cayó 3-0 anteMontevideo City Torqueen el Estadio Centenario y quedó fuera del torneo con un marcador global de 3-2.,8,1,Cienciano perdió 3-0 ante Montevideo City Torque y quedó eliminado de la Copa Sudamericana. El club uruguayo luego se burló del equipo cusqueño.,False,3,"Cienciano, Montevideo City, Copa Sudamericana",2,1,Cienciano,Cienciano | Copa Sudamericana 2026,379,2444,https://cdn.futbolperuano.com/sdi/2026/09/18/montevideo-city-se-burlo-de-cienciano-tras-eliminarlo-de-copa-sudamericana-1357696.jpg,1200,La burla tras la eliminación del 'Papá'. Foto: Twitter Cienciano,,https://www.futbolperuano.com/copa-sudamericana/noticias/montevideo-city-se-burlo-de-cienciano-tras-eliminarlo-de-copa-sudamericana-601152,Joaquín Vásquez,copa-sudamericana
Sporting Cristal vs. Alianza Lima ya tiene estadio confirmado para la fecha 14 del Torneo Clausura,Sporting Cristal eligió el estadio Alberto Gallardo recibir a Alianza Lima por Liga 1,"Sporting Cristal recibirá a Alianza Lima por la fecha 14 del Clausura 2026, en un partido que tendrá solo hinchada local.","El duelo entreSporting CristalyAlianza Limaya tiene escenario definido. El partido, correspondiente a la fecha 14 del Torneo Clausura 2026, se disputará el próximo 27 de septiembre en elestadio Alberto Gallardo, luego de que desde el cuadro rimense confirmaran que este será finalmente el recinto elegido para recibir al conjunto blanquiazul.",8,1,"Sporting Cristal recibirá a Alianza Lima por la fecha 14 del Clausura 2026, en un partido que tendrá solo hinchada local.",False,3,"Sporting Cristal, Liga 1 del Fútbol Peruano, Alianza Lima",2,1,Sporting Cristal,Sporting Cristal | Alianza Lima,362,2354,https://cdn.futbolperuano.com/sdi/2026/09/18/sporting-cristal-eligio-el-estadio-alberto-gallardo-recibir-a-alianza-lima-por-liga-1-1357709.jpg,1200,Alianza Lima ya tiene estadio confirmado para visitar a Sporting Cristal. Foto: Twitter Liga 1,,https://www.futbolperuano.com/liga-1/noticias/sporting-cristal-eligio-el-estadio-alberto-gallardo-recibir-a-alianza-lima-por-liga-1-601165,Joaquín Vásquez,liga-1
"Deportivo Garcilaso vs Universitario: fecha, hora y canal del partido de la fecha 10 del Torneo Clausura 2026","Deportivo Garcilaso vs Universitario: fecha, hora y canal por fecha 10 del Torneo Clausura 2026",Deportivo Garcilaso y Universitario de Deportes se verán las caras en el Estadio Inca Garcilaso de la Vega del Cusco.,"¡Partido clave en el Cusco! Las escuadras deDeportivo GarcilasoyUniversitario de Deportesprotagonizarán el choque más esperado de la décima fecha delTorneo Clausura 2026, pues pondrá frente a frente al segundo y primero del certamen, respectivamente.",6,1,Deportivo Garcilaso y Universitario de Deportes se verán las caras en el Estadio Inca Garcilaso de la Vega del Cusco.,True,3,"Deportivo Garcilaso, Universitario de Deportes, Liga 1",3,1,Torneo Clausura 2026,Torneo Clausura 2026 | Deportivo Garcilaso | Universitario de Deportes,289,1666,https://cdn.futbolperuano.com/sdi/2026/09/17/deportivo-garcilaso-vs-universitario-fecha-hora-y-canal-por-fecha-10-del-torneo-clausura-2026-1357650.jpg,1200,Deportivo Garcilaso recibirá a Universitario en el Cusco. Foto: Facebook Club Deportivo Garcilaso,,https://www.futbolperuano.com/liga-1/noticias/deportivo-garcilaso-vs-universitario-fecha-hora-y-canal-por-fecha-10-del-torneo-clausura-2026-601092,Jorge Cruzalegui,liga-1
Copa Sudamericana 2026: Resultados de los partidos de los cuartos de final (VUELTA) del torneo de Conmebol,Los resultados de la vuelta de cuartos de final de Copa Sudamericana 2026,"Con Cienciano presente en el torneo, así se jugará la vuelta de los cuartos de final de la Copa Sudamericana 2026.","¡Se definen los clasificados! Luego de una semana de espera, este martes 16 se comenzarán a confirmar los equipos que pasarán de rondaen estos cuartos de finalde laCopa Sudamericana 2026, dondeCiencianoquedó como el único representante peruano.",5,3,"Con Cienciano presente en el torneo, así se jugará la vuelta de los cuartos de final de la Copa Sudamericana 2026. | Resultados de los cuartos de final (VUELTA) - Copa Sudamericana 2026 | Resultados de los cuartos de final (IDA)",True,3,"Copa Sudamericana, Cienciano, Boca Juniors",2,1,Copa Sudamericana 2026,Copa Sudamericana 2026 | Cienciano,219,1302,https://cdn.futbolperuano.com/sdi/2026/09/15/los-resultados-de-la-vuelta-de-cuartos-de-final-de-copa-sudamericana-2026-1357329.jpg,1200,Cienciano se alista para la vuelta de cuartos de final. Foto: EFE,,https://www.futbolperuano.com/copa-sudamericana/noticias/los-resultados-de-la-vuelta-de-cuartos-de-final-de-copa-sudamericana-2026-600729,Jorge Cruzalegui,copa-sudamericana
Selección Peruana: Mano Menezes presentó su lista de convocados para los amistosos,Mano Menezes presentó la lista de convocados de Perú para sus próximos amistosos,"La Selección Peruana afrontará amistosos ante Estados Unidos, México, Canadá y Colombia bajo la dirección de Mano Menezes.","LaSelección Peruanaya se prepara para afrontar una nueva gira internacional bajo la dirección técnica deMano Menezes, quien ya dio a conocer al plantel que representará a la ‘Bicolor’ en sus próximos compromisos. El entrenador brasileño tendrá nuevamente la oportunidad de evaluar a sus futbolistas y ampliar sus opciones de cara al proceso rumbo al Mundial 2030.",8,4,"La Selección Peruana afrontará amistosos ante Estados Unidos, México, Canadá y Colombia bajo la dirección de Mano Menezes. | ¿Cómo le fue a Perú en los primeros partidos de Mano Menezes? | Amistosos a la vista | Lista de convocados",True,4,"Selección Peruana, Perú, Amistoso, Mano Menezes",2,1,Selección Peruana,Selección Peruana | Mano Menezes,310,2024,https://cdn.futbolperuano.com/sdi/2026/09/17/mano-menezes-presento-la-lista-de-convocados-de-peru-para-sus-proximos-amistosos-1357568.jpg,1200,Lista de convocados de la Selección Peruana. Foto: Twitter Selección Peruana,,https://www.futbolperuano.com/seleccion/noticias/mano-menezes-presento-la-lista-de-convocados-de-peru-para-sus-proximos-amistosos-600997,Joaquín Vásquez,seleccion
Sporting Cristal presentó su nueva camiseta Special Edition 2026 inspirada en los años 70,Sporting Cristal sorprendió con su nueva camiseta de colección inspirada en la década de los 70,"Sporting Cristal presentó junto a Puma su nueva camiseta, edición limitada inspirada en el histórico diseño de los años 70.","Sporting Cristalvuelve a mirar hacia una de las épocas más importantes de su historia. El cuadro celeste, junto a PUMA, presentó oficialmente laSpecial Edition 2026, una camiseta de colección y edición limitada que recupera con mayor fidelidad el diseño utilizado por el club a inicios de los años 70.",10,1,"Sporting Cristal presentó junto a Puma su nueva camiseta, edición limitada inspirada en el histórico diseño de los años 70.",False,3,"Sporting Cristal, Puma, Liga 1 del Fútbol Peruano",2,1,Sporting Cristal,Sporting Cristal | PUMA,405,2589,https://cdn.futbolperuano.com/sdi/2026/09/17/sporting-cristal-sorprendio-con-su-nueva-camiseta-de-coleccion-inspirada-en-la-decada-de-los-70-1357584.jpg,1200,Sporting Cristal presentó su nueva camiseta. Foto: Twitter Sporting Cristal,,https://www.futbolperuano.com/liga-1/noticias/sporting-cristal-sorprendio-con-su-nueva-camiseta-de-coleccion-inspirada-en-la-decada-de-los-70-601016,Joaquín Vásquez,liga-1
Liga Femenina 2026: confirman que serán tres los equipos que descenderán esta temporada,Liga Femenina: confirman tres descensos y cambia el panorama a dos fechas del final,La Liga Femenina entra en su recta final y una decisión genera sorpresa a dos fechas del cierre de campeonato.,"A falta de solo dos fechas para el final de laLiga Femenina 2026, la Liga de Fútbol Profesional Peruana (LFPP) confirmó una modificación importante en la pelea por la permanencia:serán tres los clubes que perderán la categoríaal término de la temporada.",9,3,La Liga Femenina entra en su recta final y una decisión genera sorpresa a dos fechas del cierre de campeonato. | ¿Por qué serán tres los equipos que desciendan? | Varios equipos quedan comprometidos por la permanencia,False,3,"Liga Femenina, Liga Femenina de Fútbol, Fútbol Femenino",2,1,Liga Femenina 2026,Liga Femenina 2026 | Flamengo,354,2204,https://cdn.futbolperuano.com/sdi/2026/09/17/liga-femenina-confirman-tres-descensos-y-cambia-el-panorama-a-dos-fechas-del-final-1357599.jpg,1200,Importante decisión de la LFPP cambia el panorama de la Liga Femenina. Foto: Twitter Liga Femenina,,https://www.futbolperuano.com/futbol-femenino/liga-femenina/liga-femenina-confirman-tres-descensos-y-cambia-el-panorama-a-dos-fechas-del-final-600980,Joaquín Vásquez,futbol-femenino
Selección Peruana: Las principales ausencias en la convocatoria del técnico Manos Menezes,Selección Peruana: principales ausencias en convocatoria de Manos Menezes,Mano Menezes eligió a los jugadores con los que disputará los próximos 4 amistosos de la Selección Peruana. ¿Quiénes quedaron fuera?,"¡Hasta otra oportunidad! El técnicoMano Menezesconfirmó la lista de convocados de laSelección Peruanacon la que afrontarálos próximos cuatro amistososinternacionales. Sin embargo, así como sorprendió con algunos nombres, también llamó la atención la ausencia de otros.",9,2,Mano Menezes eligió a los jugadores con los que disputará los próximos 4 amistosos de la Selección Peruana. ¿Quiénes quedaron fuera? | Los próximos amistosos de la 'Bicolor',False,3,"Selección Peruana, Mano Menezes, Renato Tapia",2,1,Selección Peruana,Selección Peruana | Felipe Chávez,413,2543,https://cdn.futbolperuano.com/sdi/2026/09/17/seleccion-peruana-principales-ausencias-en-convocatoria-de-manos-menezes-1357630.jpg,1200,Joao Grimaldo con la Selección Peruana. Foto: FPF,,https://www.futbolperuano.com/seleccion/noticias/seleccion-peruana-principales-ausencias-en-convocatoria-de-manos-menezes-601072,Jorge Cruzalegui,seleccion
Un histórico equipo de Lima se suma al Campeonato Nacional Tradición Copera 2026,Un histórico equipo de Lima se suma a Tradición Copera 2026,La Liga Nacional de Fútbol Aficionado aceptó la participación de un histórico equipo de Lima en Tradición Copera 2026.,"LaLiga Nacional de Fútbol Aficionado(LINFA) le dio el visto bueno y aceptó la participación de un histórico equipo limeño en elCampeonato Nacional Tradición Copera 2026, que iniciará la última semana de octubre (sábado 24 y domingo 25).",4,2,La Liga Nacional de Fútbol Aficionado aceptó la participación de un histórico equipo de Lima en Tradición Copera 2026. | Equipos clasificados a Tradición Copera,True,3,"Tradición Copera, Lima, Fútbol Peruano",2,1,Campeonato Nacional Tradición Copera 2026,Campeonato Nacional Tradición Copera 2026 | Campeonato Nacional Tradición Copera 2026,139,927,https://cdn.futbolperuano.com/sdi/2026/09/17/un-historico-equipo-de-lima-se-suma-a-tradicion-copera-2026-1357583.jpg,1200,Un histórico de Lima se suma a Tradición Copera. Foto: Facebook Club Regatas Lima - Fútbol,,https://www.futbolperuano.com/peru/mas-del-futbol-peruano/un-historico-equipo-de-lima-se-suma-a-tradicion-copera-2026-601015,Stewart Luya,peru
Perú vuelve a los mundiales: Selección Peruana confirmada en el Mundial Sub-15 de la FIFA,Selección Peruana jugará en el Mundial Sub-15 de Azerbaiyán y su fixture completo,"Perú regresa a los mundiales y ya conoce a sus rivales, fechas y horarios para disputar el torneo en Azerbaiyán.","LaSelección Peruana Sub-15tiene una nueva cita internacional. Perú figura entre las selecciones confirmadas para disputar laCopa Mundial y Festival Sub-15 de la FIFA 2026, torneo que se desarrollará en Azerbaiyán y que tendrá su primera edición en la historia.",12,1,"Perú regresa a los mundiales y ya conoce a sus rivales, fechas y horarios para disputar el torneo en Azerbaiyán.",True,4,"Selección Peruana Sub 15, FIFA, Selección Peruana, Fútbol de Menores",2,1,Selección Peruana Sub-15,Selección Peruana Sub-15 | Copa Mundial y Festival Sub-15 de la FIFA 2026,470,3021,https://cdn.futbolperuano.com/sdi/2026/09/18/seleccion-peruana-jugara-en-el-mundial-sub-15-de-azerbaiyan-y-su-fixture-completo-1357691.jpg,1200,Selección Peruana vuelve a los mundiales y ya tiene fixture completo. Foto: Twitter Selección Peruana,,https://www.futbolperuano.com/futbol-de-menores/seleccion-peruana-jugara-en-el-mundial-sub-15-de-azerbaiyan-y-su-fixture-completo-601147,Joaquín Vásquez,futbol-de-menores
Horacio Melgarejo tras eliminación de Cienciano en Copa Sudamericana: “Nos vamos con la frente bien alta”,Cienciano quedó eliminado y Horacio Melgarejo dejó contundente mensaje,Cienciano perdió 3-0 ante Montevideo City Torque y quedó sin chances de acceder a las semifinales de la Copa Sudamericana.,Ciencianoquedó eliminado de laCopa Sudamericana 2026luego de caer 3-0 ante Montevideo City Torque en el partido de vuelta de los cuartos de final. El resultado revirtió la ventaja conseguida por el conjunto cusqueño en la ida y dejó el marcador global en 3-2 a favor del cuadro uruguayo.,6,1,Cienciano perdió 3-0 ante Montevideo City Torque y quedó sin chances de acceder a las semifinales de la Copa Sudamericana.,True,3,"Cienciano, Montevideo City, Copa Sudamericana",2,1,Cienciano,Cienciano | Copa Sudamericana 2026,295,1820,https://cdn.futbolperuano.com/sdi/2026/09/18/cienciano-quedo-eliminado-y-horacio-melgarejo-dejo-contundente-mensaje-1357692.jpg,1200,"Horacio Melgarejo, entrenador de Cienciano. Foto: Twitter",,https://www.futbolperuano.com/copa-sudamericana/noticias/cienciano-quedo-eliminado-y-horacio-melgarejo-dejo-contundente-mensaje-601142,Joaquín Vásquez,copa-sudamericana
"Tras ser convocado por Palestina, Emilio Saba sorprendió al hablar de la posibilidad de representar a la Selección Peruana",La respuesta de Emilio Saba sobre Perú tras su nueva convocatoria con Palestina,Emilio Saba respondió sobre la Selección Peruana y Palestina tras ser consultado por su futuro internacional.,"Emilio Sabaatraviesa un buen momento conSport Boysy sus actuaciones le han permitido volver a ser considerado por la selección de Palestina. El lateral derecho recibió una nueva convocatoria para disputar una serie de partidos amistosos, situación que también vuelve a poner sobre la mesa la posibilidad de que en el futuro pueda defender la camiseta de la Selección Peruana.",8,1,Emilio Saba respondió sobre la Selección Peruana y Palestina tras ser consultado por su futuro internacional.,True,4,"Liga 1 del Fútbol Peruano, Sport Boys, Peruanos en el Exterior, Emilio Saba",2,1,Emilio Saba,Emilio Saba | Sport Boys,346,2184,https://cdn.futbolperuano.com/sdi/2026/09/17/la-respuesta-de-emilio-saba-sobre-peru-tras-su-nueva-convocatoria-con-palestina-1357545.jpg,1200,Emilio Saba. Foto: Twitter Sport Boys,,https://www.futbolperuano.com/liga-1/noticias/la-respuesta-de-emilio-saba-sobre-peru-tras-su-nueva-convocatoria-con-palestina-600973,Joaquín Vásquez,liga-1
"Programación de partidos de hoy, jueves 17 de septiembre: Horarios del fútbol en vivo por televisión en el Perú",Programación de partidos por TV del jueves 17 de septiembre,El jueves 17 de septiembre estará lleno de emociones y esta es la programación de partidos que podrás disfrutar por televisión en el Perú.,"La semana sigue su curso, y junto a ella la mejorprogramación de partidosde futbol de todo el mundo. En lo que respecta a la rama femenina se viene disputado laLiga Evolución de la CONMEBOL, así como laSub 20 de Futsaly elMundial Femenino Sub 20.",4,2,El jueves 17 de septiembre estará lleno de emociones y esta es la programación de partidos que podrás disfrutar por televisión en el Perú. | Programación de partidos del jueves 17 de septiembre en el fútbol peruano,True,3,"Fútbol por TV, Cienciano, Copa Sudamericana",2,1,programación de partidos,programación de partidos | AQUÍ,191,1153,https://cdn.futbolperuano.com/sdi/2026/09/17/programacion-de-partidos-por-tv-del-jueves-17-de-septiembre-1357524.jpg,1200,Programación de partidos que podrás disfrutar el jueves 17 de septiembre en el Perú. Foto: EFE,,https://www.futbolperuano.com/partidos-por-tv/noticias/programacion-de-partidos-por-tv-del-jueves-17-de-septiembre-600948,Gabriel Rey,partidos-por-tv
Mano Menezes convocó a dos jugadores de Comerciantes Unidos para amistosos de la Selección Peruana,Rodrigo Vilca y Matías Córdova fueron convocados por Selección Peruana para los amistosos,Dos futbolistas de Comerciantes Unidos fueron convocados por Mano Menezes para los próximos amistosos de la fecha FIFA.,"LaSelección Peruanacontará con dos novedades deComerciantes Unidospara sus próximos compromisos internacionales.Rodrigo VilcayMatías Córdovafueron convocados por Mano Menezes, según informó el periodista Gustavo Peralta durante la previa de la presentación de la lista oficial del técnico brasileño.",9,1,Dos futbolistas de Comerciantes Unidos fueron convocados por Mano Menezes para los próximos amistosos de la fecha FIFA.,True,3,"Selección Peruana, Rodrigo Vilca, Comerciantes Unidos",2,1,Selección Peruana,Selección Peruana | Comerciantes Unidos,348,2251,https://cdn.futbolperuano.com/sdi/2026/09/17/rodrigo-vilca-y-matias-cordova-fueron-convocados-por-seleccion-peruana-para-los-amistosos-1357571.jpg,1200,Amistosos de la Selecciín Peruana. Foto: Twitter Liga 1,,https://www.futbolperuano.com/seleccion/noticias/rodrigo-vilca-y-matias-cordova-fueron-convocados-por-seleccion-peruana-para-los-amistosos-601002,Joaquín Vásquez,seleccion
"Yordy Reyna volvió a ser titular, pero Rodina Moscú no pudo ganar ante Rubin Kazan",Yordy Reyna y Rodina Moscú empataron y siguen cerca de la zona de descenso,Rodina Moscú dejó escapar la victoria ante Rubin Kazan y Yordy Reyna volvió a ser titular antes de salir en el segundo tiempo.,"Rodina Moscúno pudo hacerse fuerte en casa y empató 1-1 ante Rubin Kazan por la novena jornada de la Premier League de Rusia 2026/27. El peruanoYordy Reynavolvió a ser titular, pero fue sustituido durante el segundo tiempo, mientras su equipo continúa complicado en los últimos lugares de la clasificación.",6,1,Rodina Moscú dejó escapar la victoria ante Rubin Kazan y Yordy Reyna volvió a ser titular antes de salir en el segundo tiempo.,True,3,"Yordy Reyna, Peruanos en el Exterior, Rusia",2,1,Rodina Moscú,Rodina Moscú | Yordy Reyna,274,1611,https://cdn.futbolperuano.com/sdi/2026/09/17/yordy-reyna-y-rodina-moscu-empataron-y-siguen-cerca-de-la-zona-de-descenso-1357535.jpg,1200,Yordy Reyna sumó minutos con Rodina Moscú. Foto: Twitter Rodina Moscow,,https://www.futbolperuano.com/peruanos-en-el-exterior/noticias/yordy-reyna-y-rodina-moscu-empataron-y-siguen-cerca-de-la-zona-de-descenso-600964,Joaquín Vásquez,peruanos-en-el-exterior
¡Atención! Liga 1 confirmó a los futbolistas suspendidos para la fecha 10 del Torneo Clausura 2026,Liga 1 confirmó a los jugadores suspendidos para la fecha 10 del Clausura,La Liga de Fútbol Profesional dio a conocer el boletín de sanciones y confirmó los jugadores que se perderán la fecha 10 de la Liga 1 2026.,"Lafecha 10 del Torneo Clausura 2026 de laLiga 1está a punto de comenzar y varios equipos tendrán que afrontar sus respectivos compromisos con ausencias importantes. La nueva jornada se disputará entre el viernes 18 y el domingo 20 de septiembre, con diferentes clubes obligados a modificar sus planes debido a suspensiones.",10,1,La Liga de Fútbol Profesional dio a conocer el boletín de sanciones y confirmó los jugadores que se perderán la fecha 10 de la Liga 1 2026.,True,5,"Liga 1 del Fútbol Peruano, Liga 1, Alianza Atlético, Comerciantes Unidos, UTC",2,1,Liga 1,Liga 1 | Alianza Atlético,310,1980,https://cdn.futbolperuano.com/sdi/2026/09/18/liga-1-confirmo-a-los-jugadores-suspendidos-para-la-fecha-10-del-clausura-1357706.jpg,1200,La Liga 1 sancionó a cinco jugadores que no podrán jugar en la fecha 10. Foto: Twitter Liga 1,,https://www.futbolperuano.com/liga-1/noticias/liga-1-confirmo-a-los-jugadores-suspendidos-para-la-fecha-10-del-clausura-601162,Joaquín Vásquez,liga-1
Wilder Cartagena ingresó en la derrota de Orlando City y quedó eliminado de la US Open Cup,Wilder Cartagena jugó el segundo tiempo y Orlando City quedó fuera de la US Open Cup,"Wilder Cartagena volvió a tener acción con Orlando City, que perdió ante Columbus Crew y quedó eliminado de la US Open Cup.","Orlando Cityquedó eliminado de laUS Open Cup 2026luego de perder 2-1 ante Columbus Crew por las semifinales del torneo. El peruanoWilder Cartagenaingresó en el inicio del segundo tiempo y disputó el complemento, pero no pudo evitar la eliminación de su equipo.",6,1,"Wilder Cartagena volvió a tener acción con Orlando City, que perdió ante Columbus Crew y quedó eliminado de la US Open Cup.",True,4,"Wilder Cartagena, Orlando City, US Open, Peruanos en el Exterior",2,1,Orlando City,Orlando City | Wilder Cartagena,281,1693,https://cdn.futbolperuano.com/sdi/2026/09/17/wilder-cartagena-jugo-el-segundo-tiempo-y-orlando-city-quedo-fuera-de-la-us-open-cup-1357532.jpg,1200,Wilder Cartagena tuvo minutos en la semifinal de la US Open Cup. Foto: Twitter Orlando City,,https://www.futbolperuano.com/peruanos-en-el-exterior/noticias/wilder-cartagena-jugo-el-segundo-tiempo-y-orlando-city-quedo-fuera-de-la-us-open-cup-600961,Joaquín Vásquez,peruanos-en-el-exterior
Erick Noriega no tuvo su mejor partido con Gremio y fue sustituido en la derrota ante Botafogo por el Brasileirao,Erick Noriega no pudo evitar una nueva derrota de Gremio y salió sustituido tras un complicado partido ante Botafogo,Erick Noriega fue titular y disputó 78 minutos en la nueva derrota de Gremio ante Botafogo por el Brasileirao.,Erick Noriegano pudo evitar la derrota deGremioante Botafogo por el Brasileirao en un duelo pendiente por la fecha 27 de la máxima división delfútbol brasileño. El volante nacional vivió uno de sus peores partidos con camiseta del ‘Tricolor’ y fue sustituido a los 78 minutos del encuentro.,4,2,Erick Noriega fue titular y disputó 78 minutos en la nueva derrota de Gremio ante Botafogo por el Brasileirao. | Peruanos en el exterior (2026),True,3,"Erick Noriega, Peruanos en el Exterior, Gremio",2,1,Erick Noriega,Erick Noriega | Selección Peruana,226,1322,https://cdn.futbolperuano.com/sdi/2026/09/17/erick-noriega-no-pudo-evitar-una-nueva-derrota-de-gremio-y-salio-sustituido-tras-un-complicado-partido-ante-botafogo-1357513.jpg,1200,"Erick Noriega fue titular con Gremio, pero no pudo evitar una nueva derrota en el Brasileirao. Foto: Facebook Gremio",,https://www.futbolperuano.com/peruanos-en-el-exterior/noticias/erick-noriega-no-pudo-evitar-una-nueva-derrota-de-gremio-y-salio-sustituido-tras-un-complicado-partido-ante-botafogo-600932,Gabriel Rey,peruanos-en-el-exterior
Universitario de Deportes sufre inesperada baja antes de enfrentar a Deportivo Garcilaso por el Torneo Clausura,Matías Di Benedetto se pierde el duelo de Universitario ante Deportivo Garcilaso por Liga 1,Universitario de Deportes sufre una sensible baja antes de enfrentar a Deportivo Garcilaso por el Torneo Clausura.,"Universitario de Deportesrecibió una noticia que genera preocupación a pocos días de un partido importante por el Torneo Clausura. El cuadro crema no podrá contar con uno de sus habituales titulares para enfrentar aDeportivo Garcilaso, debido a un inconveniente físico que le impidió entrenar con normalidad.",7,3,Universitario de Deportes sufre una sensible baja antes de enfrentar a Deportivo Garcilaso por el Torneo Clausura. | ¿Quién reemplazará a Matías Di Benedetto? | Programación de la fecha 10 del Torneo Clausura – Liga 1 2026,True,4,"Universitario de Deportes, Deportivo Garcilaso, Matías Di Benedetto, Liga 1 del Fútbol Peruano",2,1,Universitario de Deportes,Universitario de Deportes | Deportivo Garcilaso,284,1825,https://cdn.futbolperuano.com/sdi/2026/09/17/matias-di-benedetto-se-pierde-el-duelo-de-universitario-ante-deportivo-garcilaso-por-liga-1-1357537.jpg,1200,Universitario tendrá que afrontar un importante partido con una baja sensible. Foto: Twitter Liga 1,,https://www.futbolperuano.com/liga-1/noticias/matias-di-benedetto-se-pierde-el-duelo-de-universitario-ante-deportivo-garcilaso-por-liga-1-600965,Joaquín Vásquez,liga-1
"Selección Peruana: ¿Quién es Piero Magallanes, el delantero de Sport Huancayo convocado a la 'Bicolor'?","¿Quién es Piero Magallanes, el delantero de Sport Huancayo convocado a la Selección Peruana?",El delantero Piero Magallanes fue una de las grandes sorpresas en la reciente convocatoria de la Selección Peruana.,"¿Continúa la renovación? Como en toda nueva convocatoria en laSelección Peruana, la de este jueves 17 realizada por eltécnico Mano Menezesdejó alguna que otra 'sorpresa' de por medio, como la del jovenatacante nacional Piero Magallanes.",9,2,El delantero Piero Magallanes fue una de las grandes sorpresas en la reciente convocatoria de la Selección Peruana. | La carrera y presente del delantero,False,3,"Selección Peruana, Perú, Sport Huancayo",2,1,Selección Peruana,Selección Peruana | Liga 1,384,2238,https://cdn.futbolperuano.com/sdi/2026/09/17/quien-es-piero-magallanes-el-delantero-de-sport-huancayo-convocado-a-la-seleccion-peruana-1357641.jpg,1200,Piero Magallanes con el 'Rojo Matador' en la Liga 1. Foto: Facebook Sport Huancayo Página Oficial,,https://www.futbolperuano.com/seleccion/noticias/quien-es-piero-magallanes-el-delantero-de-sport-huancayo-convocado-a-la-seleccion-peruana-601083,Jorge Cruzalegui,seleccion
Vóley: Alianza Lima presentó a su refuerzo olímpico para la temporada 2026-27,Alianza Lima presentó a su refuerzo olímpico para la temporada 2026-27,Alianza Lima sorprendió a sus hinchas y presentó a su nuevo refuerzo olímpico para encarar la Liga Peruana de Vóley 2026-27.,"Alianza Limasorprendió a sus hinchas y presentó a su nuevo refuerzo olímpico para encarar laLiga Peruana de Vóley Femenino 2026-27, elCampeonato Mundial Femenino de Clubes de la FIVB de 2026y elCampeonato Sudamericano de Clubes de Voleibol Femenino 2027.",9,2,Alianza Lima sorprendió a sus hinchas y presentó a su nuevo refuerzo olímpico para encarar la Liga Peruana de Vóley 2026-27. | Brasil Cup,False,3,"Alianza Lima, Vóley, Juegos Olímpicos",2,1,Alianza Lima,Alianza Lima | Alianza Lima,405,2833,https://cdn.futbolperuano.com/sdi/2026/09/17/alianza-lima-presento-a-su-refuerzo-olimpico-para-la-temporada-2026-27-1357648.jpg,1200,Alianza Lima presentó a su refuerzo olímpico. Foto: Twitter @AlianzaLimaVB,,https://www.futbolperuano.com/liga-voley/alianza-lima-presento-a-su-refuerzo-olimpico-para-la-temporada-2026-27-601089,Stewart Luya,liga-voley
"Se acabó el sueño: LDU llevó a Palmeiras hasta los penales, pero el 'Verdao' fue más y sigue con vida en la Copa Libertadores",LDU de Quito vs Palmeiras EN VIVO por la Copa Libertadores,"LDU igualó la serie tras vencer por 3-2 a Palmeiras, pero el gigante brasileño accedió a las semifinales de la Libertadores por la vía los penales.","LDU de QuitoyPalmeirasprotagonizaron una vibrante definición en los cuartos de final de laCopa Libertadores. En el Estadio Rodrigo Paz Delgado, el conjunto ecuatoriano se impuso 3-2 y consiguió igualar la serie luego del 1-0 sufrido en Brasil. Sin embargo, todo se resolvió en la tanda de penales, donde el ‘Verdao’ volvió a demostrar su jerarquía para conseguir el pase a las semifinales.",11,2,"LDU igualó la serie tras vencer por 3-2 a Palmeiras, pero el gigante brasileño accedió a las semifinales de la Libertadores por la vía los penales. | Posibles alineaciones",True,3,"LDU de Quito, Palmeiras, Jesús Pretell",3,1,Copa Libertadores,Copa Libertadores | Jesús Pretell | Copa Libertadores,674,4225,https://cdn.futbolperuano.com/sdi/2026/09/17/ldu-de-quito-vs-palmeiras-en-vivo-por-la-copa-libertadores-1357503.jpg,1200,Palmeiras clasifica a las semifinales de la Copa Libertadores. Foto: EFE,,https://www.futbolperuano.com/copa-libertadores/noticias/ldu-de-quito-vs-palmeiras-en-vivo-por-la-copa-libertadores-600730,Stewart Luya,copa-libertadores
Perú vs. Paraguay por Copa Davis: ¿Qué canal transmitirá los partidos de la serie por el Grupo Mundial 1?,Perú vs. Paraguay por Copa Davis: canal de TV y plataforma que transmitirán la serie por el Grupo Mundial 1,La serie entre Perú y Paraguay por el Grupo Mundial 1 de la Copa Davis ya tiene canal y horarios confirmados.,"Todo ha quedado listo para lo que será el duelo entre los seleccionados dePerúyParaguayentre el viernes 18 y sábado 19 de septiembre en elJockey Clubdel Perú por elGrupo Mundial 1de laCopa Davis, llave que otorgará al ganador el pase a los Qualifiers del 2027. ¿Qué canal estará encargado de la transmisión?",5,2,La serie entre Perú y Paraguay por el Grupo Mundial 1 de la Copa Davis ya tiene canal y horarios confirmados. | Ranking ATP de los jugadores peruanos que integran el equipo de la Copa Davis ante Paraguay,True,3,"Copa Davis, Ignacio Buse, Juan Pablo Varillas",2,1,Copa Davis,Copa Davis | Ignacio Buse,299,1774,https://cdn.futbolperuano.com/sdi/2026/09/17/peru-vs-paraguay-por-copa-davis-canal-de-tv-y-plataforma-que-transmitiran-la-serie-por-el-grupo-mundial-1-1357504.jpg,1200,"¿Quieres ver el Perú vs. Paraguay por Copa Davis? Conoce el canal, plataforma y horarios de la serie. Foto: Andina Editora Perú",,https://www.futbolperuano.com/mas-deportes/tenis/peru-vs-paraguay-por-copa-davis-canal-de-tv-y-plataforma-que-transmitiran-la-serie-por-el-grupo-mundial-1-600923,Gabriel Rey,mas-deportes
Copa Perú: días y horarios confirmados de la fecha 2 de la Etapa Nacional,Copa Perú: fechas y horarios confirmados de la fecha 2 de la Etapa Nacional,La Liga Nacional de Fútbol Aficionado dio a conocer la programación oficial de la segunda jornada de la Etapa Nacional de la Copa Perú.,"La Liga Nacional de Fútbol Aficionado (LINFA) dio a conocer la programación oficial de la segunda jornada de laEtapa Nacionalde laCopa Perú 2026, que se jugará este fin de semana (sábado 19 y domingo 20 de septiembre) en la costa, sierra y selva del país.",2,2,La Liga Nacional de Fútbol Aficionado dio a conocer la programación oficial de la segunda jornada de la Etapa Nacional de la Copa Perú. | Fecha 2 de la Etapa Nacional - Copa Perú,True,3,"Copa Perú, Nacional, Fútbol Peruano",2,1,Copa Perú 2026,Copa Perú 2026 | Copa Perú,94,579,https://cdn.futbolperuano.com/sdi/2026/09/16/copa-peru-fechas-y-horarios-confirmados-de-la-fecha-2-de-la-etapa-nacional-1357474.jpg,1200,Copa Perú 2026. Foto: Facebook COPA PERÚ VAOPE 2026,,https://www.futbolperuano.com/copa-peru/noticias/copa-peru-fechas-y-horarios-confirmados-de-la-fecha-2-de-la-etapa-nacional-600894,Stewart Luya,copa-peru
“Me tatuaría el escudo”: Gustavo Peralta revela qué hará si Sport Boys sale campeón,Gustavo Peralta promete tatuarse el escudo de Sport Boys si el equipo sale campeón,Gustavo Peralta sorprendió al revelar que se tatuaría el escudo de Sport Boys si la ‘Misilera’ sale campeón.,"El buen momento deSport Boys del Callaomantiene ilusionado a todos los hinchas de la ‘Misilera’. El equipo ‘Rosado’ viene firme en elTorneo Clausurade laLiga 1 2026y en la Copa de la Liga, por lo que se ha postulado como uno de los equipos favoritos de muchos para conseguir el Clausura y pelear por el título nacional ante Alianza Lima.",5,1,Gustavo Peralta sorprendió al revelar que se tatuaría el escudo de Sport Boys si la ‘Misilera’ sale campeón.,True,3,"Sport Boys, Liga 1 del Fútbol Peruano, Copa de la Liga",2,1,Liga 1 2026,Liga 1 2026 | Sport Boys,252,1509,https://cdn.futbolperuano.com/sdi/2026/09/16/gustavo-peralta-promete-tatuarse-el-escudo-de-sport-boys-si-el-equipo-sale-campeon-1357489.jpg,1200,Gustavo Peralta volvió a hablar de su hinchaje por Sport Boys y sorprendió con una inesperada promesa. Foto: Twitter Captura - L1 MAX,,https://www.futbolperuano.com/liga-1/noticias/gustavo-peralta-promete-tatuarse-el-escudo-de-sport-boys-si-el-equipo-sale-campeon-600907,Gabriel Rey,liga-1
"Renato Tapia quedaría fuera de la próxima convocatoria de Perú: ""Alguien le dijo que no se haga ilusiones""",Renato Tapia no estará en la convocatoria de Perú,Se reveló si Renato Tapia estará en la lista de convocados de Mano Menezes para los amistosos de septiembre y octubre.,"Renato Tapiavolvería a quedar fuera de los planes de laSelección Peruanapara los próximos amistosos internacionales. A pocas semanas de que la ‘bicolor’ retome su actividad, el técnicoMano Menezesprepara la convocatoria para los encuentros que disputará frente a Estados Unidos, México, Canadá y Colombia en Norteamérica.",7,1,Se reveló si Renato Tapia estará en la lista de convocados de Mano Menezes para los amistosos de septiembre y octubre.,False,3,"Renato Tapia, Selección Peruana, Mano Menezes",2,1,Renato Tapia,Renato Tapia | Selección Peruana,404,2497,https://cdn.futbolperuano.com/sdi/2026/09/16/renato-tapia-no-estara-en-la-convocatoria-de-peru-1357491.jpg,1200,Renato Tapia. Foto: FPF,,https://www.futbolperuano.com/seleccion/noticias/renato-tapia-no-estara-en-la-convocatoria-de-peru-600909,Gabriel Iberico,seleccion
Cambios drásticos en la Liga 1: se revelaron los árbitros que dejarán de ser FIFA para el 2027,Liga 1: se revelaron los árbitros que dejarán de ser FIFA para el 2027,Se revelaron los árbitros que perderán su insignia FIFA en el 2027 tras sus constantes polémicas en la Liga 1.,"LaLiga 1 2026viene dejando al arbitraje en el centro de la discusión. Las decisiones tomadas durante distintas jornadas, incluso con la presencia del VAR, han generado cuestionamientos hacia los jueces y colocado bajo presión a laComisión Nacional de Árbitros (CONAR). En medio de este escenario, ya empiezan a conocerse los posibles cambios que se producirían para el próximo año.",8,1,Se revelaron los árbitros que perderán su insignia FIFA en el 2027 tras sus constantes polémicas en la Liga 1.,False,3,"Liga 1 del Fútbol Peruano, CONAR, Fútbol Peruano",2,1,Liga 1 2026,Liga 1 2026 | Comisión Nacional de Árbitros (CONAR),367,2473,https://cdn.futbolperuano.com/sdi/2026/09/16/liga-1-se-revelaron-los-arbitros-que-dejaran-de-ser-fifa-para-el-2027-1357447.jpg,1200,Los árbitros que perderán su insignia FIFA en el 2027. Foto: CONAR,,https://www.futbolperuano.com/liga-1/noticias/liga-1-se-revelaron-los-arbitros-que-dejaran-de-ser-fifa-para-el-2027-600859,Gabriel Iberico,liga-1
Tras su blooper en el clásico: Alianza Lima define lo que pasará con el futuro de Alejandro Duarte,Alianza Lima define lo que pasará con el futuro de Alejandro Duarte,Alianza Lima ya sabe lo que hará con el futuro del guardameta tras su grosero error en la derrota ante Universitario en el clásico.,"Alianza Limaya tomó una decisión respecto al futuro inmediato deAlejandro Duarte. El arquero fue uno de los protagonistas del error que terminó definiendo el clásico frente a Universitario de Deportes, pero el comando técnico blanquiazul no contempla enviarlo al banco de suplentes para el próximo compromiso delTorneo Clausura 2026.",9,1,Alianza Lima ya sabe lo que hará con el futuro del guardameta tras su grosero error en la derrota ante Universitario en el clásico.,False,3,"Alianza Lima, Alejandro Duarte, Liga 1 del Fútbol Peruano",2,1,Alianza Lima,Alianza Lima | Torneo Clausura 2026,405,2596,https://cdn.futbolperuano.com/sdi/2026/09/16/alianza-lima-define-lo-que-pasara-con-el-futuro-de-alejandro-duarte-1357484.jpg,1200,Alejandro Duarte. Foto: Liga1 Te Apuesto,,https://www.futbolperuano.com/liga-1/noticias/alianza-lima-define-lo-que-pasara-con-el-futuro-de-alejandro-duarte-600902,Gabriel Iberico,liga-1
Cienciano cayó ante Montevideo City y quedó eliminado de los cuartos de final de la Copa Sudamericana 2026,Montevideo City vs Cienciano en vivo online por vuelta de cuartos de final de Copa Sudamericana 2026,Cienciano visitó a Montevideo City en el Estadio Centenario por los cuartos (VUELTA) de la Copa Sudamericana 2026.,"¡Terminó el sueño! Con un tanto sobre el final del partido,Montevideo Citygoleó 3-0 aCienciano(marcador global 3-2) por la vuelta de los cuartos de final de laCopa Sudamericana 2026y se despido de la competencia internacional.",10,3,Cienciano visitó a Montevideo City en el Estadio Centenario por los cuartos (VUELTA) de la Copa Sudamericana 2026. | PREVIA | Resultados de los cuartos de final (VUELTA) - Copa Sudamericana 2026,True,3,"Cienciano, Montevideo City, Copa Sudamericana",3,1,Copa Sudamericana 2026,Copa Sudamericana 2026 | Cienciano | Copa Sudamericana 2026,475,2806,https://cdn.futbolperuano.com/sdi/2026/09/18/montevideo-city-vs-cienciano-en-vivo-online-por-vuelta-de-cuartos-de-final-de-copa-sudamericana-2026-1357668.jpg,1200,Cienciano se despidió de la Copa Sudamericana 2026. Foto: EFE,,https://www.futbolperuano.com/copa-sudamericana/noticias/montevideo-city-vs-cienciano-en-vivo-online-por-vuelta-de-cuartos-de-final-de-copa-sudamericana-2026-600770,Jorge Cruzalegui,copa-sudamericana
Tradición Copera sigue tomando forma y ya tiene a su undécimo integrante: Venus de Huacho se suma al torneo creado por la LINFA,Tradición Copera suma a su decimoprimer equipo y el histórico Venus de Huacho se une a la lucha por la Liga 3 2027,"La LINFA aprobó la participación de Venus de Huacho en Tradición Copera, donde buscará avanzar hacia la Liga 3 2027.","Cada vez falta menos para el inicio de laprimera edicióndel torneoTradición Copera, competencia creada por la Liga Nacional de Fútbol Aficionado (LINFA) y que reunirá a los equipos más tradicionales del fútbol peruano, quienes lucharán por un lugar en la Liga 3 2027.",4,2,"La LINFA aprobó la participación de Venus de Huacho en Tradición Copera, donde buscará avanzar hacia la Liga 3 2027. | Los otros 10 equipos confirmado en Tradición Copera 2026",True,3,"Tradición Copera, Copa Perú, Liga 3",2,1,Tradición Copera,Tradición Copera | Copa Perú,175,1044,https://cdn.futbolperuano.com/sdi/2026/09/17/tradicion-copera-suma-a-su-decimoprimer-equipo-y-el-historico-venus-de-huacho-se-une-a-la-lucha-por-la-liga-3-2027-1357516.jpg,1200,Tradición Copera sumó su undécimo integrante. Foto: Facebook Tradición Copera,,https://www.futbolperuano.com/peru/mas-del-futbol-peruano/tradicion-copera-suma-a-su-decimoprimer-equipo-y-el-historico-venus-de-huacho-se-une-a-la-lucha-por-la-liga-3-2027-600936,Gabriel Rey,peru
Liga 1: se conocieron las fechas de semifinales y final para definir al campeón del 2026,Liga 1: se conocieron las fechas de semifinales y final para definir al campeón del 2026,La Liga 1 entra en su etapa más decisiva y ya se conocieron cuando se jugarán las etapas para definir al campeón de la temporada.,"LaLiga 1 2026entra en su etapa decisiva y la pelea por el título nacional comienza a tomar forma. ElTorneo Clausurase encuentra en su recta final y más de seis equipos todavía mantienen posibilidades de luchar por el campeonato. Universitario de Deportes lidera actualmente con 20 puntos, seguido muy de cerca por Deportivo Garcilaso, que suma una unidad menos.",12,1,La Liga 1 entra en su etapa más decisiva y ya se conocieron cuando se jugarán las etapas para definir al campeón de la temporada.,False,3,"Liga 1 del Fútbol Peruano, Perú, Fútbol Peruano",2,1,Liga 1 2026,Liga 1 2026 | Torneo Clausura,613,3798,https://cdn.futbolperuano.com/sdi/2026/09/16/liga-1-se-conocieron-las-fechas-de-semifinales-y-final-para-definir-al-campeon-del-2026-1357462.jpg,1200,Se confirman las fechas de semifinales y final de la Liga 1 2026. Foto: Liga1 Te Apuesto,,https://www.futbolperuano.com/liga-1/noticias/liga-1-se-conocieron-las-fechas-de-semifinales-y-final-para-definir-al-campeon-del-2026-600877,Gabriel Iberico,liga-1
Arequipa tendrá presencia en el Campeonato Nacional Tradición Copera 2026: Sportivo Huracán,Arequipa tendrá presencia en el Campeonato Nacional Tradición Copera 2026,La Liga Nacional de Fútbol Aficionado confirmó la presencia de un histórico de Arequipa en el Campeonato Nacional Tradición Copera 2026.,"El históricoSportivo Huracán-campeón de la Copa Perú 1973, 16 veces ganador de la Liga Distrital de Arequipa, 10 veces vencedor de la Liga Provincial de Arequipa y 12 veces triunfador de la Liga Departamental de Arequipa- fue admitido por la Liga Nacional de Fútbol Aficionado (LINFA) y participará en elCampeonato Nacional Tradición Copera 2026.",10,2,La Liga Nacional de Fútbol Aficionado confirmó la presencia de un histórico de Arequipa en el Campeonato Nacional Tradición Copera 2026. | OFICIO N° 408-Sec– LINFA/G.GRAL/2026,False,3,"Arequipa, Tradición Copera, Fútbol Peruano",2,1,Campeonato Nacional Tradición Copera 2026,Campeonato Nacional Tradición Copera 2026 | Tradición Copera 2026,360,2502,https://cdn.futbolperuano.com/sdi/2026/09/17/arequipa-tendra-presencia-en-el-campeonato-nacional-tradicion-copera-2026-1357570.jpg,1200,Arequipa tendrá presencia en Tradición Copera 2026. Foto: Facebook Club Sportivo Huracán,,https://www.futbolperuano.com/peru/mas-del-futbol-peruano/arequipa-tendra-presencia-en-el-campeonato-nacional-tradicion-copera-2026-601001,Stewart Luya,peru
Kevin Becerra revela cómo Cienciano buscará sellar su clasificación y reconoce importante baja de cara a la revancha,Kevin Becerra revela la clave de Cienciano para buscar la clasificación ante Montevideo City por la Copa Sudamericana,Kevin Becerra habló sobre el decisivo duelo ante Montevideo City y destacó la estrategia que Cienciano aplicó en Cusco.,"Este próximo jueves 17 de septiembre,Ciencianodel Cusco se medirá aMontevideo Cityde Uruguay en un duelo en el que los cusqueños quieren hacer historia alclasificarsenuevamente a lassemifinalesde laCopa Sudamericana; ilusión que no solo tienen los hinchas del ‘Papá’, sino también el plantel de jugadores.",4,3,Kevin Becerra habló sobre el decisivo duelo ante Montevideo City y destacó la estrategia que Cienciano aplicó en Cusco. | Programación de los cuartos de final (VUELTA) - Copa Sudamericana 2026 | Resultados de los cuartos de final (IDA),True,3,"Cienciano, Copa Sudamericana, Horacio Melgarejo",2,1,Copa Sudamericana,Copa Sudamericana | Cienciano,231,1451,https://cdn.futbolperuano.com/sdi/2026/09/16/kevin-becerra-revela-la-clave-de-cienciano-para-buscar-la-clasificacion-ante-montevideo-city-por-la-copa-sudamericana-1357475.jpg,1200,Kevin Becerra habló antes de la revancha ante Montevideo City. Foto: Facebook Cienciano,,https://www.futbolperuano.com/copa-sudamericana/noticias/kevin-becerra-revela-la-clave-de-cienciano-para-buscar-la-clasificacion-ante-montevideo-city-por-la-copa-sudamericana-600895,Gabriel Rey,copa-sudamericana
"Marco Saravia volvió a ser titular, pero Progreso quedó eliminado de la Copa Uruguay",Marco Saravia volvió al once titular y Progreso terminó eliminado de la Copa Uruguay,"Marco Saravia volvió al once de Progreso tras dos partidos como suplente, pero su equipo quedó eliminado de la Copa Uruguay.","Progresoquedó eliminado de laCopa AUF Uruguay 2026luego de caer por 1-0 ante Nacional en la tercera y última jornada del Grupo 5. El peruanoMarco Saraviavolvió al equipo titular y disputó todo el primer tiempo, aunque fue reemplazado durante el entretiempo.",6,2,"Marco Saravia volvió al once de Progreso tras dos partidos como suplente, pero su equipo quedó eliminado de la Copa Uruguay. | Peruanos en el exterior (2026)",True,4,"Progreso, Marco Saravia, Uruguay, Peruanos en el Exterior",2,1,Progreso,Progreso | Marco Saravia,240,1488,https://cdn.futbolperuano.com/sdi/2026/09/17/marco-saravia-volvio-al-once-titular-y-progreso-termino-eliminado-de-la-copa-uruguay-1357534.jpg,1200,Marco Saravia regresó al once titular de Progreso. Foto: Twitter Club Progreso,,https://www.futbolperuano.com/peruanos-en-el-exterior/noticias/marco-saravia-volvio-al-once-titular-y-progreso-termino-eliminado-de-la-copa-uruguay-600962,Joaquín Vásquez,peruanos-en-el-exterior
Joao Grimaldo sigue sin debutar esta temporada: volvió al banco en el triunfo del Sparta Praga en la Europa League,Joao Grimaldo volvió al banco en el triunfo del Sparta Praga en la Europa League,Joao Grimaldo permaneció en el banco de suplentes en el triunfo de Sparta Praga por 1-4 en su visita al Ararat-Armenia.,Joao Grimaldocontinúa sin encontrar espacio en elSparta Praga. El futbolista peruano volvió a quedar fuera del terreno de juego en el inicio de laUEFA Europa Leaguey extendió una racha sin minutos oficiales que ya genera atención sobre su situación en el fútbol de República Checa.,9,1,Joao Grimaldo permaneció en el banco de suplentes en el triunfo de Sparta Praga por 1-4 en su visita al Ararat-Armenia.,False,4,"Joao Grimaldo, Sparta Praga, Europa League, Peruanos en el Exterior",2,1,Joao Grimaldo,Joao Grimaldo | Sparta Praga,370,2407,https://cdn.futbolperuano.com/sdi/2026/09/17/joao-grimaldo-volvio-al-banco-en-el-triunfo-del-sparta-praga-en-la-europa-league-1357507.jpg,1200,Joao Grimaldo. Foto: AC Sparta Praha,,https://www.futbolperuano.com/peruanos-en-el-exterior/noticias/joao-grimaldo-volvio-al-banco-en-el-triunfo-del-sparta-praga-en-la-europa-league-600924,Gabriel Iberico,peruanos-en-el-exterior
Corinthians de André Carrillo no pudo hacerse fuerte en casa y quedó eliminado de la Copa Libertadores tras recibir un agónico golpe de Estudiantes,Corinthians de André Carrillo vs. Estudiantes de La Plata en vivo online por la vuelta de los cuartos de final de la Libertadores 2026,Corinthians de André Carrillo no pudo hacerse fuerte en casa y quedó eliminado de la Copa Libertadores tras un agónico gol de Estudiantes.,"ElCorinthiansdeAndré Carrillorecibió aEstudiantes de La Platapor la vuelta de loscuartos de finalde laCopa Libertadores 2027. El equipo del volante nacional no supo hacerse fuerte en casa y terminó cayendo por la mínima diferencia, siendo eliminado del certamen continental con un agónico tanto deAlexis Castro.",8,2,Corinthians de André Carrillo no pudo hacerse fuerte en casa y quedó eliminado de la Copa Libertadores tras un agónico gol de Estudiantes. | Programación de los cuartos de final de la Libertadores 2026,True,3,"Corinthians, André Carrillo, Copa Libertadores",2,1,Copa Libertadores 2027,Copa Libertadores 2027 | André Carrillo,455,2716,https://cdn.futbolperuano.com/sdi/2026/09/17/corinthians-de-andre-carrillo-vs-estudiantes-de-la-plata-en-vivo-online-por-la-vuelta-de-los-cuartos-de-final-de-la-libertadores-2026-1357519.jpg,1200,Corinthians de André Carrillo se quedó fuera de la Copa Libertadores tras caer en casa ante Estudiantes. Foto: EFE,,https://www.futbolperuano.com/copa-libertadores/noticias/corinthians-de-andre-carrillo-vs-estudiantes-de-la-plata-en-vivo-online-por-la-vuelta-de-los-cuartos-de-final-de-la-libertadores-2026-600679,Gabriel Rey,copa-libertadores
¡Insólito! Marca que fue patrocinador de Alianza Lima se burla del club: “Matute mi jato”,Marca que fue patrocinador de Alianza Lima se burla del club,"Bitel ha generado polémica tras burlarse de Alianza Lima, a quien patrocinó el año pasado, tras perder ante Universitario en el clásico.","La victoria deUniversitario de DeportessobreAlianza Limapor 2-1 en Matute no solo dejó repercusiones dentro de la cancha. Tras el clásico correspondiente a la fecha 9 delTorneo Clausura 2026, una conocida empresa de telecomunicaciones generó controversia en redes sociales al publicar mensajes que fueron interpretados como burlas hacia el conjunto blanquiazul.",8,1,"Bitel ha generado polémica tras burlarse de Alianza Lima, a quien patrocinó el año pasado, tras perder ante Universitario en el clásico.",False,3,"Alianza Lima, Universitario de Deportes, Liga 1 del Fútbol Peruano",2,1,Universitario de Deportes,Universitario de Deportes | Alianza Lima,402,2600,https://cdn.futbolperuano.com/sdi/2026/09/16/marca-que-fue-patrocinador-de-alianza-lima-se-burla-del-club-1357470.jpg,1200,Bitel se burla de Alianza Lima. Foto: Bitel / Liga1 Te Apuesto,,https://www.futbolperuano.com/liga-1/noticias/marca-que-fue-patrocinador-de-alianza-lima-se-burla-del-club-600890,Gabriel Iberico,liga-1
Aixa Vigil deja un contundente mensaje tras la participación de Perú en el Campeonato Sudamericano,Aixa Vigil deja un contundente mensaje tras la participación de Perú en el Sudamericano,Aixa Vigil se convirtió en la máxima anotadora de Perú en el Campeonato Sudamericano de Voleibol Femenino de 2026.,"Perúcerró su participación en elCampeonato Sudamericano de Voleibol Femenino de 2026ubicado en el quinto lugar, por lo que se quedó sin el boleto al Campeonato Mundial de Voleibol Femenino de 2027 y a los Juegos Olímpicos de Los Ángeles 2028.",6,2,Aixa Vigil se convirtió en la máxima anotadora de Perú en el Campeonato Sudamericano de Voleibol Femenino de 2026. | Resultados de Perú,True,3,"Aixa Vigil, Perú, Campeonato Sudamericano de Voleibol Femenino",2,1,Perú,Perú | Campeonato Sudamericano de Voleibol Femenino de 2026,254,1590,https://cdn.futbolperuano.com/sdi/2026/09/16/aixa-vigil-deja-un-contundente-mensaje-tras-la-participacion-de-peru-en-el-sudamericano-1357455.jpg,1200,Aixa Vigil. Foto: Facebook FPV: Federación Peruana de Vóleibol 2,,https://www.futbolperuano.com/liga-voley/aixa-vigil-deja-un-contundente-mensaje-tras-la-participacion-de-peru-en-el-sudamericano-600870,Stewart Luya,liga-voley
Sin duelo de peruanos: Adrián Ugarriza y Matteo Pérez Vinlöf vieron desde el banco el empate en Europa League,Adrián Ugarriza y Matteo Pérez Vinlóf vieron desde el banco el empate en Europa League,Los peruanos Adrián Ugarriza y Matteo Pérez Vinlóf fueron suplentes en el empate sin goles entre Hapoel Beer Sheva y Dinamo Zagreb.,"La expectativa por un posible duelo entre futbolistas vinculados con Perú tendrá que esperar.Adrián UgarrizayMatteo Pérez Vinlöf Vinlöfno sumaron minutos en el estreno delHapoel Beer ShevayDinamo Zagreben la fase liga de laUEFA Europa League, luego de permanecer como suplentes durante todo el encuentro disputado en el Superbet Arena de Bucarest.",10,1,Los peruanos Adrián Ugarriza y Matteo Pérez Vinlöf fueron suplentes en el empate sin goles entre Hapoel Beer Sheva y Dinamo Zagreb.,False,4,"Adrián Ugarriza, Matteo Pérez Vinlof, Peruanos en el Exterior, Europa League",2,1,Adrián Ugarriza,Adrián Ugarriza | Matteo Pérez Vinlöf Vinlöf,419,2746,https://cdn.futbolperuano.com/sdi/2026/09/16/adrian-ugarriza-y-matteo-perez-vinlof-vieron-desde-el-banco-el-empate-en-europa-league-1357498.jpg,1200,Adrián Ugarriza y Matteo Pérez Vinlöf. Foto: Hapoel Beer Sheva / GNK Dinamo Zagreb,,https://www.futbolperuano.com/peruanos-en-el-exterior/noticias/adrian-ugarriza-y-matteo-perez-vinlof-vieron-desde-el-banco-el-empate-en-europa-league-600918,Gabriel Iberico,peruanos-en-el-exterior
"Sport Boys recibe buena noticia: podrá usar a Llontop, Saba y Erustes ante Melgar por el Torneo Clausura",Sport Boys solucionó el problema y podrá usar a tres jugadores ante Melgar,Sport Boys recibió una importante noticia antes de visitar a Melgar en Arequipa por la fecha 10 del Torneo Clausura 2026.,"Sport Boysrecibió una importante noticia de cara a su próximo partido por elTorneo Clausura 2026.El técnico Carlos Desio podrá contar conMathías Llontop, Emilio Saba y Pablo Erustespara enfrentar a FBC Melgar este fin de semana, luego de que el club chalaco cumpliera con el pago establecido para utilizar a los futbolistas ante su equipo de origen.",9,1,Sport Boys recibió una importante noticia antes de visitar a Melgar en Arequipa por la fecha 10 del Torneo Clausura 2026.,True,3,"Sport Boys, Melgar, Liga 1 del Fútbol Peruano",2,1,Sport Boys,Sport Boys | Torneo Clausura 2026,357,2235,https://cdn.futbolperuano.com/sdi/2026/09/16/sport-boys-soluciono-el-problema-y-podra-usar-a-tres-jugadores-ante-melgar-1357452.jpg,1200,Sport Boys tomó una importante medida antes de su visita a Melgar. Foto: Twitter Sport Boys,,https://www.futbolperuano.com/liga-1/noticias/sport-boys-soluciono-el-problema-y-podra-usar-a-tres-jugadores-ante-melgar-600862,Joaquín Vásquez,liga-1
Liga Peruana de Vóley: San Martín confirmó a su rival para la Gala Santa,Universidad San Martín confirmó a su rival para la Gala Santa,"La Universidad San Martín, con el argentino Martín Ambrosini en el banco, comenzó a palpitar el inicio de la Liga Peruana de Vóley.","LaUniversidad San Martíncomenzó a palpitar el inicio de laLiga Peruana de Vóley Femenino 2026-27, que esta temporada contará con la presencia de Perú (U17 y U19). En ese sentido, la USMP confirmó a su rival en laGala Santa, donde presentarán a su renovado plantel de voleibolistas.",5,2,"La Universidad San Martín, con el argentino Martín Ambrosini en el banco, comenzó a palpitar el inicio de la Liga Peruana de Vóley. | Así le fue a San Martín en la Liga Peruana de Vóley 25/26",True,3,"San Martín, Liga Peruana de Vóley, Vóley",2,1,Universidad San Martín,Universidad San Martín | Liga Peruana de Vóley Femenino 2026-27,227,1374,https://cdn.futbolperuano.com/sdi/2026/09/16/universidad-san-martin-confirmo-a-su-rival-para-la-gala-santa-1357464.jpg,1200,San Martín confirmó a su rival para la Gala Santa. Foto: Facebook USMP Vóley Club,,https://www.futbolperuano.com/liga-voley/universidad-san-martin-confirmo-a-su-rival-para-la-gala-santa-600880,Stewart Luya,liga-voley
"¿Cuándo inicia el Campeonato Nacional Tradición Copera 2026, organizado por la LINFA?",¿Cuándo inicia el Campeonato Nacional Tradición Copera 2026?,La Liga Nacional de Fútbol Aficionado (LINFA) confirmó la fecha de inicio del Campeonato Nacional Tradición Copera 2026.,"La Liga Nacional de Fútbol Aficionado (LINFA) confirmó la fecha de inicio delCampeonato Nacional Tradición Copera 2026, novedoso torneo que reunirá a los equipos más tradicionales del país en busca del ascenso a la Tercera División, también conocida comoLiga 3.",2,2,La Liga Nacional de Fútbol Aficionado (LINFA) confirmó la fecha de inicio del Campeonato Nacional Tradición Copera 2026. | REQUISITOS DE TRADICIÓN COPERA,True,3,"Tradición Copera, Nacional, Fútbol Peruano",2,1,Campeonato Nacional Tradición Copera 2026,Campeonato Nacional Tradición Copera 2026 | Liga 3,82,523,https://cdn.futbolperuano.com/sdi/2026/09/17/cuando-inicia-el-campeonato-nacional-tradicion-copera-2026-1357575.jpg,1200,Campeonato Nacional Tradición Copera 2026. Foto: Facebook LINFA,,https://www.futbolperuano.com/peru/mas-del-futbol-peruano/cuando-inicia-el-campeonato-nacional-tradicion-copera-2026-601008,Stewart Luya,peru
Cenaida Uribe desmiente a Gino Vegas tras la clasificación de Alianza Lima al Mundial de Clubes,Alianza Lima: Cenaida Uribe desmiente a Gino Vegas,"Las declaraciones del presidente de la Federación Peruana de Voleibol, Gino Vegas, fueron desmentidas por la jefa de equipo de Alianza Lima.","Alianza Limarecibió una wild card y aseguró su presencia en elCampeonato Mundial de Clubes Femenino de la FIVB, que se jugará en el Gimnasio Polideportivo Wlamir Marques de São Paulo del 8 al 13 de diciembre.",4,2,"Las declaraciones del presidente de la Federación Peruana de Voleibol, Gino Vegas, fueron desmentidas por la jefa de equipo de Alianza Lima. | Fixture del Mundial de Clubes",True,3,"Alianza Lima, Gino Vegas, Cenaida Uribe",2,1,Alianza Lima,Alianza Lima | Campeonato Mundial de Clubes Femenino de la FIVB,216,1259,https://cdn.futbolperuano.com/sdi/2026/09/16/alianza-lima-cenaida-uribe-desmiente-a-gino-vegas-1357414.jpg,1200,Cenaida Uribe arremete y desmiente a Gino Vegas. Foto: Facebook Alianza Lima Vóley,,https://www.futbolperuano.com/liga-voley/alianza-lima-cenaida-uribe-desmiente-a-gino-vegas-600821,Stewart Luya,liga-voley
Alianza Atlético vs. Comerciantes Unidos se jugará a puertas cerradas por decisión de la Liga 1,Alianza Atlético vs. Comerciantes Unidos se jugará a puertas cerradas por la fecha 10 del Torneo Clausura,Alianza Atlético vs. Comerciantes Unidos afrontará una importante modificación este viernes 18 de septiembre por el Torneo Clausura.,"LaLiga de Fútbol Profesional Peruana (LFPP)confirmó una importante modificación para el partido entreAlianza Atléticoy Comerciantes Unidos, correspondiente a la fecha 10 del Torneo Clausura 2026. El encuentro se disputará sin público en las tribunas, como medida de seguridad tras los hechos ocurridos en el estadio La Matanza durante la jornada anterior.",9,1,Alianza Atlético vs. Comerciantes Unidos afrontará una importante modificación este viernes 18 de septiembre por el Torneo Clausura.,True,3,"Alianza Atlético, Comerciantes Unidos, Liga 1 del Fútbol Peruano",2,1,Liga de Fútbol Profesional Peruana (LFPP),Liga de Fútbol Profesional Peruana (LFPP) | Alianza Atlético,326,2141,https://cdn.futbolperuano.com/sdi/2026/09/16/alianza-atletico-vs-comerciantes-unidos-se-jugara-a-puertas-cerradas-por-la-fecha-10-del-torneo-clausura-1357412.jpg,1200,Liga 1 toma importante decisión para el Alianza Atlético vs. Comerciantes Unidos. Foto: Twitter Liga 1,,https://www.futbolperuano.com/liga-1/noticias/alianza-atletico-vs-comerciantes-unidos-se-jugara-a-puertas-cerradas-por-la-fecha-10-del-torneo-clausura-600820,Joaquín Vásquez,liga-1
ADA Jaén mueve sus fichas y anuncia dos refuerzos para la segunda fase de la Liga 2,ADA Jaén se refuerza con Mauricio Matzuda y Juan Tuesta para la segunda fase de Liga 2,ADA Jaén mueve sus fichas antes del comienzo la segunda fase de la Liga 2 con el objetivo de llegar a la máxima división del fútbol peruano.,"ADA Jaénya piensa en la segunda fase de laLiga 2 2026y comenzó a reforzar su plantel con el objetivo de luchar por el ascenso a la máxima categoría del fútbol peruano. El conjunto cajamarquino anunció las incorporaciones deMauricio Matzuda y Juan Tuesta, quienes llegan para fortalecer el equipo dirigido por el colombiano Jhon Jairo Bodmer.",7,1,ADA Jaén mueve sus fichas antes del comienzo la segunda fase de la Liga 2 con el objetivo de llegar a la máxima división del fútbol peruano.,True,3,"ADA de Jaén, Liga 2, Mauricio Matzuda",2,1,ADA Jaén,ADA Jaén | Liga 2 2026,316,1949,https://cdn.futbolperuano.com/sdi/2026/09/16/ada-jaen-se-refuerza-con-mauricio-matzuda-y-juan-tuesta-para-la-segunda-fase-de-liga-2-1357439.jpg,1200,ADA Jaén se refuerza para la segunda fase de la Liga 2. Foto: Instagram Ada Jaén,,https://www.futbolperuano.com/liga-2/noticias/ada-jaen-se-refuerza-con-mauricio-matzuda-y-juan-tuesta-para-la-segunda-fase-de-liga-2-600841,Joaquín Vásquez,liga-2
Víctor Guzmán sumó minutos con Sporting Lisboa en la Liga Next Gen U23 de Portugal,Víctor Guzmán volvió a tener minutos con Sporting CP y el equipo sigue líder en Portugal,Víctor Guzmán ingresó en el segundo tiempo y Sporting Lisboa rescató un empate para mantenerse líder en Portugal.,"Sporting Lisboaempató 2-2 ante Académico Viseu por la fecha 6 de la Liga Next Gen U23 2026/27, en un encuentro que contó con participación peruana.Víctor Guzmán, futbolista nacido en 2006, ingresó en el segundo tiempo y volvió a sumar minutos con el conjunto lisboeta.",4,2,Víctor Guzmán ingresó en el segundo tiempo y Sporting Lisboa rescató un empate para mantenerse líder en Portugal. | Peruanos en el exterior (2026),True,3,"Víctor Guzmán, Sporting Lisboa, Peruanos en el Exterior",2,1,Sporting Lisboa,Sporting Lisboa | Víctor Guzmán,172,1031,https://cdn.futbolperuano.com/sdi/2026/09/16/victor-guzman-volvio-a-tener-minutos-con-sporting-cp-y-el-equipo-sigue-lider-en-portugal-1357419.jpg,1200,Víctor Guzmán volvió a sumar minutos con Sporting Lisboa. Foto: Twitter,,https://www.futbolperuano.com/peruanos-en-el-exterior/noticias/victor-guzman-volvio-a-tener-minutos-con-sporting-cp-y-el-equipo-sigue-lider-en-portugal-600827,Joaquín Vásquez,peruanos-en-el-exterior
Matteo Pérez Vinlöf se aleja de la Selección Peruana y vuelve a ser convocado por Suecia Sub-21,Matteo Pérez Vinlóf fue convocado por Suecia y situación con Selección Peruana cambia,Matteo Pérez Vinlóf vuelve a ser llamado por Suecia Sub-21 y se aleja de una posible llegada a la Selección Peruana.,"Matteo Pérez Vinlöfvuelve a aparecer en los planes de una selección nacional. El lateral izquierdo delDinamo Zagrebfue convocado porSuecia Sub-21para afrontar los últimos compromisos de las Eliminatorias rumbo a la Eurocopa de la categoría, una situación que vuelve a poner su futuro internacional en el centro de la atención y lo aleja, por ahora, de la posibilidad de vestir la camiseta de laSelección Peruana.",10,1,Matteo Pérez Vinlöf vuelve a ser llamado por Suecia Sub-21 y se aleja de una posible llegada a la Selección Peruana.,False,4,"Matteo Pérez Vinlof, Dinamo Zagreb, Selección Peruana, Suecia",2,1,Matteo Pérez Vinlöf,Matteo Pérez Vinlöf | Selección Peruana,452,2859,https://cdn.futbolperuano.com/sdi/2026/09/16/matteo-perez-vinlof-fue-convocado-por-suecia-y-situacion-con-seleccion-peruana-cambia-1357426.jpg,1200,Suecia volvió a convocar a Matteo Pérez Vinlöf. Foto: Twitter Dinamo Zagreb,,https://www.futbolperuano.com/peruanos-en-el-exterior/noticias/matteo-perez-vinlof-fue-convocado-por-suecia-y-situacion-con-seleccion-peruana-cambia-600834,Joaquín Vásquez,peruanos-en-el-exterior
Los ‘eurocausas’ que quedaron fuera de la Selección Peruana y que pudieron reforzar la Sub-20 en los Juegos ODESUR 2026,Los ‘eurocausas’ que quedaron fuera de Perú y que pudieron reforzar la Sub-20 en ODESUR,Figuras como Felipe Chávez o Francesco Andrealli sorprendieron con su ausencia en la convocatoria de la Selección Peruana Sub 20 para los Juegos ODESUR.,"LaSelección Peruana Sub 20tuvo un inicio para el olvido en losXIII Juegos Suramericanos ODESUR 2026. El equipo dirigido por Thiago Kosloski perdió 2-0 frente a Colombia en la primera jornada del Grupo A, en un partido disputado en el Estadio Marcelo Bielsa. El resultado dejó al combinado nacional obligado a reaccionar en sus siguientes presentaciones.",12,1,Figuras como Felipe Chávez o Francesco Andrealli sorprendieron con su ausencia en la convocatoria de la Selección Peruana Sub 20 para los Juegos ODESUR.,False,5,"Juegos Odesur, Felipe Chávez, Francesco Andrealli, Philipp Eisele, Selección Peruana Sub 20",2,1,Selección Peruana Sub 20,Selección Peruana Sub 20 | XIII Juegos Suramericanos ODESUR 2026,552,3856,https://cdn.futbolperuano.com/sdi/2026/09/16/los-eurocausas-que-quedaron-fuera-de-peru-y-que-pudieron-reforzar-la-sub-20-en-odesur-1357435.jpg,1200,"Phillipp Eisele, Francesco Andrealli y Felipe Chávez son algunas de las sensibles bajas de Perú Sub 20. Foto: FPF",,https://www.futbolperuano.com/seleccion/noticias/los-eurocausas-que-quedaron-fuera-de-peru-y-que-pudieron-reforzar-la-sub-20-en-odesur-600845,Gabriel Iberico,seleccion
Copa de Croacia: Alfonso Barco convirtió su primer gol en el fútbol europeo,Alfonso Barco convirtió su primer gol en el fútbol europeo,"El Rijeka, con Alfonso Barco, no tuvo piedad y este miércoles goleó al NK Vrbovec por los dieciseisavos de final de la Copa de Croacia.","ElRijeka, conAlfonso Barco, no tuvo piedad y este miércoles goleó6-0alNK Vrbovecen un encuentro correspondiente a los dieciseisavos de final de laCopa de Croacia. El centrocampista peruano arrancó de titular y convirtió su primer gol en el fútbol europeo.",6,2,"El Rijeka, con Alfonso Barco, no tuvo piedad y este miércoles goleó al NK Vrbovec por los dieciseisavos de final de la Copa de Croacia. | Peruanos en el exterior (2026)",True,3,"Alfonso Barco, Croacia, Peruanos en el Exterior",2,1,Alfonso Barco,Alfonso Barco | Alfonso Barco,267,1569,https://cdn.futbolperuano.com/sdi/2026/09/16/alfonso-barco-convirtio-su-primer-gol-en-el-futbol-europeo-1357420.jpg,1200,Alfonso Barco convirtió su primer gol en Croacia. Foto: Captura de MaxSport1,,https://www.futbolperuano.com/peruanos-en-el-exterior/noticias/alfonso-barco-convirtio-su-primer-gol-en-el-futbol-europeo-600828,Stewart Luya,peruanos-en-el-exterior
La Copa Perú se jugará en el Estadio Municipal de Oxapampa: Academia de Fútbol Pepe vs Bella Esperanza,La Copa Perú se jugará en el Estadio Municipal de Oxapampa,La Academia de Fútbol Pepe recibirá este domingo a Bella Esperanza por la segunda fecha de la Etapa Nacional de la Copa Perú.,"LaAcademia de Fútbol Pepe, campeona de la Liga Provincial de Oxapampa y subcampeona de la Liga Departamental de Pasco, recibirá este domingo 20 de septiembre aBella Esperanzaen un encuentro correspondiente a la segunda jornada de laEtapa Nacionalde laCopa Perú.",5,2,La Academia de Fútbol Pepe recibirá este domingo a Bella Esperanza por la segunda fecha de la Etapa Nacional de la Copa Perú. | Fecha 2 de la Etapa Nacional – Copa Perú,True,3,"Copa Perú, Oxapampa, Bella Esperanza",2,1,Copa Perú,Copa Perú | Futbolperuano.com,209,1452,https://cdn.futbolperuano.com/sdi/2026/09/16/la-copa-peru-se-jugara-en-el-estadio-municipal-de-oxapampa-1357408.jpg,1200,Estadio Municipal de Oxapampa. Foto: Facebook Municipalidad Provincial de Oxapampa,,https://www.futbolperuano.com/copa-peru/noticias/la-copa-peru-se-jugara-en-el-estadio-municipal-de-oxapampa-600814,Stewart Luya,copa-peru
¿Se pierde un jugador? Alberto Velásquez fue convocado por Finlandia Sub-19 y podría alejarse de Perú,Alberto Velásquez fue convocado por Finlandia Sub-19 y la Selección Peruana está atento a su futuro,Alberto Velásquez fue convocado por Finlandia Sub-19 y su futuro con la Selección Peruana vuelve a generar expectativa.,"Alberto Velásquezfue convocado porFinlandia Sub-19para afrontar los próximos compromisos internacionales de la categoría, situación que genera expectativa en Perú debido a que meses atrás ya había sido considerado por la ‘Bicolor’ Sub-20.",9,1,Alberto Velásquez fue convocado por Finlandia Sub-19 y su futuro con la Selección Peruana vuelve a generar expectativa.,False,3,"Alberto Velásquez, Selección Peruana, Peruanos en el Exterior",2,1,Alberto Velásquez,Alberto Velásquez | Selección Peruana Sub-20,418,2764,https://cdn.futbolperuano.com/sdi/2026/09/16/alberto-velasquez-fue-convocado-por-finlandia-sub-19-y-la-seleccion-peruana-esta-atento-a-su-futuro-1357384.jpg,1200,Alberto Velásquez fue incluido en la convocatoria de Finlandia Sub-19. Foto: Twitter Selección Peruana,,https://www.futbolperuano.com/peruanos-en-el-exterior/noticias/alberto-velasquez-fue-convocado-por-finlandia-sub-19-y-la-seleccion-peruana-esta-atento-a-su-futuro-600792,Joaquín Vásquez,peruanos-en-el-exterior
Pedro Aquino dejó Alianza Lima y afronta duro golpe que lo alejará del fútbol por todo el 2026,Duro golpe para Pedro Aquino: salió de Alianza Lima y estará fuera del fútbol varios meses,Pedro Aquino recibió una dura noticia tras dejar Alianza Lima y ahora afronta un proceso de recuperación por todo el 2026.,"Pedro Aquinoatraviesa un complicado momento en su carrera. El volante peruano salió deAlianza Limamediados de la temporada y fue sometido a una intervención quirúrgica en la rodilla derecha. Tendrá un periodo estimado de recuperación de entre cuatro y seis meses, por lo que su regreso a las canchas podría darse recién en los primeros meses de 2027.",9,1,Pedro Aquino recibió una dura noticia tras dejar Alianza Lima y ahora afronta un proceso de recuperación por todo el 2026.,False,3,"Pedro Aquino, Alianza Lima, Liga 1 del Fútbol Peruano",2,1,Pedro Aquino,Pedro Aquino | Alianza Lima,369,2339,https://cdn.futbolperuano.com/sdi/2026/09/16/duro-golpe-para-pedro-aquino-salio-de-alianza-lima-y-estara-fuera-del-futbol-varios-meses-1357379.jpg,1200,Pedro Aquino. Foto: Twitter Selección Peruana,,https://www.futbolperuano.com/liga-1/noticias/duro-golpe-para-pedro-aquino-salio-de-alianza-lima-y-estara-fuera-del-futbol-varios-meses-600787,Joaquín Vásquez,liga-1
¿Por qué Guillermo Viscarra dejó Alianza Lima? Revelan fuerte motivo y señalan a Pablo Guede,La verdad de la salida de Guillermo Viscarra de Alianza Lima que incluye a Pablo Guede,Guillermo Viscarra continúa sin equipo y ahora se conoció una nueva versión sobre su salida de Alianza Lima a mediados de temporada.,"Guillermo ViscarradejóAlianza Limaantes del inicio delTorneo Clausuray, meses después, salió a la luz una versión que cambia por completo la historia de su salida. El arquero boliviano no tendría pensado abandonar La Victoria, pero una situación dentro del vestuario habría terminado modificando su futuro.",9,1,Guillermo Viscarra continúa sin equipo y ahora se conoció una nueva versión sobre su salida de Alianza Lima a mediados de temporada.,False,4,"Guillermo Viscarra, Pablo Guede, Alianza Lima, Liga 1 del Fútbol Peruano",2,1,Alianza Lima,Alianza Lima | Pablo Guede,365,2277,https://cdn.futbolperuano.com/sdi/2026/09/16/la-verdad-de-la-salida-de-guillermo-viscarra-de-alianza-lima-que-incluye-a-pablo-guede-1357390.jpg,1200,Revelan un inesperado detalle sobre la salida de Viscarra de Alianza Lima. Foto: Twitter Alianza Lima,,https://www.futbolperuano.com/liga-1/noticias/la-verdad-de-la-salida-de-guillermo-viscarra-de-alianza-lima-que-incluye-a-pablo-guede-600796,Joaquín Vásquez,liga-1
"Partidos de Hoy, miércoles 16 de septiembre del 2026: Horarios del fútbol en vivo por televisión en el Perú",Programación de partidos por TV del miércoles 16 de septiembre del 2026,"El miércoles 16 de septiembre estará cargado de mucho fútbol en el mundo, y sabrás dónde verlo en la parrilla de fútbol por TV.","El fútbol no se detiene y este miércoles 16 de septiembre de 2026 lo podremos disfrutar más que nunca, pues varias de las ligas a lo largo del mundo comienzan a reiniciarse, así como los torneos internacionales más importantes; por ello, te traemos los duelos más esperados por los hinchas. Recuerda que puedes ver la programación deFútbol por TVcompleta en Futbolperuano.com.",6,2,"El miércoles 16 de septiembre estará cargado de mucho fútbol en el mundo, y sabrás dónde verlo en la parrilla de fútbol por TV. | Los peruanos en torneos internacionales",False,3,"Fútbol por TV, Fútbol, Peruanos en el Exterior",2,1,Fútbol por TV,Fútbol por TV | Fútbol por TV,370,2114,https://cdn.futbolperuano.com/sdi/2026/09/15/programacion-de-partidos-por-tv-del-miercoles-16-de-septiembre-del-2026-1357319.jpg,1200,Fútbol por TV: miércoles 16 de septiembre de 2026. Foto: EFE,,https://www.futbolperuano.com/partidos-por-tv/noticias/programacion-de-partidos-por-tv-del-miercoles-16-de-septiembre-del-2026-600715,Jorge Cruzalegui,partidos-por-tv
Miguel Grau vs Vinicunca FC: fecha y hora del partido por la fecha 2 de la Etapa Nacional de la Copa Perú 2026,Fecha y hora del Miguel Grau vs Vinicunca FC por fecha 2 de Etapa Nacional de Copa Perú 2026,El conjunto de Miguel Grau recibirá a Vinicunca FC de Cusco en el Complejo El Olivo de Abancay por la Copa Perú 2026.,¡Partidazo! El tradicional cuadro deMiguel Grau de Abancaybuscará su primer triunfo en la Etapa Nacional de laCopa Perú 2026cuando enfrente al combativo conjunto deVinicunca FC de Cuscoen esta segunda fecha del certamen.,6,1,El conjunto de Miguel Grau recibirá a Vinicunca FC de Cusco en el Complejo El Olivo de Abancay por la Copa Perú 2026.,True,3,"Miguel Grau de Abancay, Vinicunca FC, Copa Perú",2,1,Copa Perú 2026,Copa Perú 2026 | para tomar la cima del torneo,270,1592,https://cdn.futbolperuano.com/sdi/2026/09/16/fecha-y-hora-del-miguel-grau-vs-vinicunca-fc-por-fecha-2-de-etapa-nacional-de-copa-peru-2026-1357357.jpg,1200,Miguel Grau recibirá a Vinicunca FC. Foto: Facebook Club Miguel Grau de Deportes Abancay - 2026,,https://www.futbolperuano.com/copa-peru/noticias/fecha-y-hora-del-miguel-grau-vs-vinicunca-fc-por-fecha-2-de-etapa-nacional-de-copa-peru-2026-600756,Jorge Cruzalegui,copa-peru
En busca del título: Regatas Lima suma dos nuevos refuerzos para la Liga Peruana de Vóley 2026-27,Regatas Lima suma dos nuevos refuerzos para Liga Peruana de Vóley 2026-27,La directiva de Regatas Lima continúa con el armado de su nuevo plantel de cara a la Liga Peruana de Vóley 2026-27.,"¡Busca su revancha! Si hay un equipo que no ha podido volver a lo más alto de laLiga Peruana de Vóleyen el último tiempo, esa es la escuadra deRegatas Lima. Por ello, la directiva chorrillana no ha dudado en armar un plantel competitivo para afrontar latemporada 2026-27.",9,2,La directiva de Regatas Lima continúa con el armado de su nuevo plantel de cara a la Liga Peruana de Vóley 2026-27. | ¿Qué otros fichajes se sumaron?,False,3,"Regatas Lima, Liga Peruana de Vóley, Vóley",2,1,Liga Peruana de Vóley,Liga Peruana de Vóley | fue Marina Scherer,374,2224,https://cdn.futbolperuano.com/sdi/2026/09/16/regatas-lima-suma-dos-nuevos-refuerzos-para-liga-peruana-de-voley-2026-27-1357362.jpg,1200,Regatas Lima se refuerza para el 2026-27. Foto: Facebook Liga Peruana de Voley Betsson,,https://www.futbolperuano.com/liga-voley/regatas-lima-suma-dos-nuevos-refuerzos-para-liga-peruana-de-voley-2026-27-600760,Jorge Cruzalegui,liga-voley
La Selección Peruana Sub-20 cayó ante Colombia en su debut en los Juegos Suramericanos ODESUR 2026,La Selección Peruana Sub-20 debutó derrota Colombia Juegos Suramericanos ODESUR 2026,La Selección Peruana Sub-20 perdió ante Colombia en su estreno en los ODESUR 2026 y ya piensa en sus próximos partidos.,"LaSelección Peruana Sub-20no pudo iniciar con el pie derecho su participación en losXIII Juegos Suramericanos ODESUR Santa Fe 2026. La ‘Bicolor’ perdió 2-0 ante Colombia por la primera fecha del Grupo A, en un encuentro disputado en elEstadio Marcelo Bielsa.",11,1,La Selección Peruana Sub-20 perdió ante Colombia en su estreno en los ODESUR 2026 y ya piensa en sus próximos partidos.,False,3,"Selección Peruana Sub 20, Juegos Suramericanos, Perú",2,1,Selección Peruana Sub-20,Selección Peruana Sub-20 | XIII Juegos Suramericanos ODESUR Santa Fe 2026,477,2899,https://cdn.futbolperuano.com/sdi/2026/09/16/la-seleccion-peruana-sub-20-debuto-derrota-colombia-juegos-suramericanos-odesur-2026-1357402.jpg,1200,Perú Sub-20 tropezó ante Colombia en los ODESUR 2026. Foto: Instagram Selección Colombia,,https://www.futbolperuano.com/futbol-de-menores/la-seleccion-peruana-sub-20-debuto-derrota-colombia-juegos-suramericanos-odesur-2026-600808,Joaquín Vásquez,futbol-de-menores
"Resultados y tabla de posiciones de la fecha 15 de la Liga 3, con Unión Santo Domingo y Alianza Lima como protagonistas",Resultados y tabla de posiciones de la fecha 15 de la Liga 3,La decimoquinta jornada de la Fase Regional de la Liga 3 (Tercera División) se jugará del viernes 11 al martes 15 de septiembre.,"La Liga Nacional de Fútbol Aficionado dio a conocer la programación de la decimoquinta jornada de la Fase Regional de laLiga 3, que se jugará del viernes 11 al martes 15 de septiembre y tendrá como protagonistas a Unión Santo Domingo, Alianza Lima, ASA FC y Melgar.",3,2,La decimoquinta jornada de la Fase Regional de la Liga 3 (Tercera División) se jugará del viernes 11 al martes 15 de septiembre. | RESULTADOS DE LA FECHA 15 - LIGA 3,True,3,"Liga 3, Alianza Lima, Unión Santo Domingo",2,1,Liga 3,Liga 3 | Unión Santo Domingo,144,815,https://cdn.futbolperuano.com/sdi/2026/09/10/resultados-y-tabla-de-posiciones-de-la-fecha-15-de-la-liga-3-1356611.jpg,1200,Liga 3. Foto: Twitter @linfa_fpf,,https://www.futbolperuano.com/liga-3/noticias/resultados-y-tabla-de-posiciones-de-la-fecha-15-de-la-liga-3-599915,Stewart Luya,liga-3
Liga 3: UDA emite contundente comunicado tras el 1-9 sufrido ante Deportivo Ucrania,UDA emite contundente comunicado tras el 1-9 sufrido ante Deportivo Ucrania,Unión Deportivo Ascensión (UDA) recibirá este domingo a Municipal de Pangoa por la fecha 16 de la Fase Regional de la Liga 3.,"Unión Deportivo Ascensión(UDA) emitió un contundente comunicado y se disculpó con su hinchada tras la goleada (1-9) sufrida anteDeportivo Ucraniaen el Estadio IPD de Nueva Cajamarca, en un encuentro correspondiente a la decimoquinta jornada de la Fase Regional de laLiga 3.",13,2,Unión Deportivo Ascensión (UDA) recibirá este domingo a Municipal de Pangoa por la fecha 16 de la Fase Regional de la Liga 3. | Comunicado de UDA,True,3,"UDA, Liga 3, Deportivo Ucrania",2,1,Unión Deportivo Ascensión,Unión Deportivo Ascensión | Liga 3,358,2260,https://cdn.futbolperuano.com/sdi/2026/09/15/uda-emite-contundente-comunicado-tras-el-1-9-sufrido-ante-deportivo-ucrania-1357317.jpg,1200,UDA se pronuncia tras el 1-9 sufrido en Nueva Cajamarca. Foto: Facebook Uda Huancavelica,,https://www.futbolperuano.com/liga-3/noticias/uda-emite-contundente-comunicado-tras-el-1-9-sufrido-ante-deportivo-ucrania-600714,Stewart Luya,liga-3
Alianza Lima Vóley: ¿Qué canal transmitirá en vivo la Brasil Cup 2026?,Alianza Lima: ¿Qué canal transmitirá en vivo la Brasil Cup 2026?,"Alianza Lima Vóley, Gerdau Minas, Fluminense y Osasco Sáo Cristóváo Saúde disputarán la Brasil Cup 2026 en la ciudad de Belém.","Alianza Lima, Gerdau Minas, Fluminense y Osasco São Cristóvão Saúde disputarán laBrasil Cup, cuadrangular amistoso que se jugará el viernes 18 (semifinales) y el sábado 19 (tercer puesto y final) de septiembre en la Arena Guilherme Paraense (Mangueirinho) de Belém.",5,2,"Alianza Lima Vóley, Gerdau Minas, Fluminense y Osasco São Cristóvão Saúde disputarán la Brasil Cup 2026 en la ciudad de Belém. | Fixture de la Brasil Cup",True,3,"Alianza Lima, Vóley, Brasil",2,1,Alianza Lima,Alianza Lima | Brasil Cup,281,2013,https://cdn.futbolperuano.com/sdi/2026/09/15/alianza-lima-que-canal-transmitira-en-vivo-la-brasil-cup-2026-1357311.jpg,1200,Alianza Lima disputará la Brasil Cup 2026. Foto: Facebook Alianza Lima Vóley?,,https://www.futbolperuano.com/liga-voley/alianza-lima-que-canal-transmitira-en-vivo-la-brasil-cup-2026-600706,Stewart Luya,liga-voley
Programación de la fecha 16 de la Fase Regional de la Liga 3 con Unión Santo Domingo y ASA FC como protagonistas,Programación de la fecha 16 de la Fase Regional de la Liga 3,La decimosexta jornada de la Fase Regional de la Liga 3 (Tercera División) se jugará del viernes 18 al domingo 20 de septiembre.,"La Liga Nacional de Fútbol Aficionado dio a conocer la programación de la decimosexta jornada de la Fase Regional de laLiga 3(Tercera División del Perú), que se jugará del viernes 18 al domingo 20 de septiembre y tendrá como protagonistas a Unión Santo Domingo y ASA FC.",3,2,La decimosexta jornada de la Fase Regional de la Liga 3 (Tercera División) se jugará del viernes 18 al domingo 20 de septiembre. | PROGRAMACIÓN DE LA FECHA 16 - LIGA 3,True,3,"Liga 3, Unión Santo Domingo, ASA FC",2,1,Liga 3,Liga 3 | Liga 3,178,1023,https://cdn.futbolperuano.com/sdi/2026/09/15/programacion-de-la-fecha-16-de-la-fase-regional-de-la-liga-3-1357300.jpg,1200,Unión Santo Domingo lidera el Grupo A. Foto: Facebook Club Unión Santo Domingo,,https://www.futbolperuano.com/liga-3/noticias/programacion-de-la-fecha-16-de-la-fase-regional-de-la-liga-3-600692,Stewart Luya,liga-3
Selección Peruana: La 'Bicolor' confirmó horarios de sus cuatros amistosos internacionales de septiembre y octubre,Selección Peruana confirmó cuatro amistosos internacionales para septiembre y octubre,"La Selección Peruana, bajo el mando de Mano Menezes, disputará cuatro amistosos entre septiembre y octubre próximo.","¡Se ponen a prueba! Finalmente, luego de algunos días de incertidumbre, la Federación Peruana de Fútbol (FPF)confirmó los horariosde los próximoscuatro amistosos internacionalesque disputará laSelección Peruanaen los meses de septiembre y octubre.",7,2,"La Selección Peruana, bajo el mando de Mano Menezes, disputará cuatro amistosos entre septiembre y octubre próximo. | Amistosos Internacionales 2026",True,3,"Selección Peruana, Perú, Amistoso",2,1,Selección Peruana,Selección Peruana | Liga 1,308,1908,https://cdn.futbolperuano.com/sdi/2026/09/15/seleccion-peruana-confirmo-cuatro-amistosos-internacionales-para-septiembre-y-octubre-1357348.jpg,1200,Perú confirmó horarios de sus 4 amistosos. Foto: Facebook Selección Peruana - FPF,,https://www.futbolperuano.com/seleccion/noticias/seleccion-peruana-confirmo-cuatro-amistosos-internacionales-para-septiembre-y-octubre-600746,Jorge Cruzalegui,seleccion
Fase Final de la Liga 2: Unión Minas vuelve al Estadio Daniel Alcides Carrión,Liga 2: Unión Minas vuelve al Estadio Daniel Alcides Carrión,"Unión Minas, clasificado a la Fase Final de la Liga 2 con un punto de bonificación, confirmó su regreso al Estadio Daniel Alcides Carrión.","Unión Minas, clasificado a la Fase Final de laLiga 2con un punto de bonificación, confirmó su regreso alEstadio Daniel Alcides Carrión, ubicado a 4380 metros sobre el nivel del mar y considerado el recinto deportivo situado a mayor altitud del mundo.",5,2,"Unión Minas, clasificado a la Fase Final de la Liga 2 con un punto de bonificación, confirmó su regreso al Estadio Daniel Alcides Carrión. | Resultados de Unión Minas en la Fase Regional",True,3,"Unión Minas, Liga 2, Segunda División",2,1,Unión Minas,Unión Minas | Liga 2,252,1534,https://cdn.futbolperuano.com/sdi/2026/09/15/liga-2-union-minas-vuelve-al-estadio-daniel-alcides-carrion-1357289.jpg,1200,Unión Minas vuelve al Estadio Daniel Alcides Carrión. Foto: Facebook Gigante Deportivo 90,,https://www.futbolperuano.com/liga-2/noticias/liga-2-union-minas-vuelve-al-estadio-daniel-alcides-carrion-600677,Stewart Luya,liga-2
“Mi carrera no la tiene nadie”: Mister Peet responde a sus detractores y presume de su recorrido en el fútbol internacional,Mister Peet arremete contra sus críticos y asegura que ningún narrador peruano puede comparar su carrera con la suya,"Mister Peet respondió a sus críticos y defendió su trayectoria como narrador, destacando su paso por importantes cadenas internacionales.","Para nadie es una sorpresa decir quePeter Arévalo, mejor conocido en el mundo digital comoMister Peet, es uno de los narradores más mediáticos del fútbol peruano. Su reconocido hinchaje porAlianza Limaha generado que muchos detractores critiquen su trabajo, sobre todo en los últimos días luego del clásico delfútbol peruano.",4,1,"Mister Peet respondió a sus críticos y defendió su trayectoria como narrador, destacando su paso por importantes cadenas internacionales.",True,3,"Peter Arévalo, Alianza Lima, Liga 1 del Fútbol Peruano",2,1,Peter Arévalo,Peter Arévalo | Alianza Lima,316,1794,https://cdn.futbolperuano.com/sdi/2026/09/15/mister-peet-arremete-contra-sus-criticos-y-asegura-que-ningun-narrador-peruano-puede-comparar-su-carrera-con-la-suya-1357303.jpg,1200,Mister Peet volvió a responder a sus detractores. Foto: Youtube Captura: A Presión,,https://www.futbolperuano.com/liga-1/noticias/mister-peet-arremete-contra-sus-criticos-y-asegura-que-ningun-narrador-peruano-puede-comparar-su-carrera-con-la-suya-600696,Gabriel Rey,liga-1
Liga 2 2026: ¿Cómo se jugarán los partidos de la fecha 1 de la Fase Final de la Segunda División?,Liga 2 2026: ¿Cómo se jugarán los partidos de la fecha 1 de la Fase Final?,Se dio a conocer la programación oficial de lo que será la primera jornada de la Fase Final de la Liga 2 2026.,"Tras el final de laFase Regularde laLiga 2, todo ha quedado listo para lo que será el inicio de laFase FinaldelTorneo de Ascenso, motivo por el cuál este martes 15 de septiembre se dio a conocer laprogramaciónde laprimera jornadade esta nueva etapa, donde 12 equipos se encuentran luchando por el ascenso, mientras otros 5 pelean por la permanencia.",4,1,Se dio a conocer la programación oficial de lo que será la primera jornada de la Fase Final de la Liga 2 2026.,True,3,"Liga 2, Unión Comercio, Comerciantes FC",2,1,Fase Regular,Fase Regular | Liga 2,226,1292,https://cdn.futbolperuano.com/sdi/2026/09/15/liga-2-2026-como-se-jugaran-los-partidos-de-la-fecha-1-de-la-fase-final-1357281.jpg,1200,Conoce como se jugará la fecha 1 de la Fase Final de la Liga 2 2026. Foto: Facebook Liga 2,,https://www.futbolperuano.com/liga-2/noticias/liga-2-2026-como-se-jugaran-los-partidos-de-la-fecha-1-de-la-fase-final-600668,Gabriel Rey,liga-2
Pedro García sorprende al defender a Alejandro Duarte y asegura que sentarlo ante ADT sería prácticamente retirarlo del fútbol,Pedro García defiende a Alejandro Duarte tras el clásico y lanza contundente advertencia a Pablo Guede en Alianza Lima,Pedro García defendió a Alejandro Duarte tras el clásico y aseguró que Pablo Guede debe mantener su confianza en el portero.,"Alejandro Duarteviene siendo duramente criticado tras el último clásico, pues muchos aseguran que cometió ungrave erroren el segundo gol de Universitario, y que este se sumaría a un importante número de errores del portero ‘Grone’ que le estarían costando varios puntos en elTorneo Clausurade laLiga 1 2026.",6,2,Pedro García defendió a Alejandro Duarte tras el clásico y aseguró que Pablo Guede debe mantener su confianza en el portero. | Los hinchas de Alianza Lima perdieron la paciencia con Alejandro Duarte,False,3,"Pedro García, Alianza Lima, Alejandro Duarte",2,1,grave error,grave error | Alejandro Duarte,356,2131,https://cdn.futbolperuano.com/sdi/2026/09/15/pedro-garcia-defiende-a-alejandro-duarte-tras-el-clasico-y-lanza-contundente-advertencia-a-pablo-guede-en-alianza-lima-1357313.jpg,1200,Pedro García defendió a Alejandro Duarte tras las críticas por el clásico. Foto: Facebook Alianza Lima,,https://www.futbolperuano.com/liga-1/noticias/pedro-garcia-defiende-a-alejandro-duarte-tras-el-clasico-y-lanza-contundente-advertencia-a-pablo-guede-en-alianza-lima-600708,Gabriel Rey,liga-1
"Lisandro Greppo, DT de Deportivo Garcilaso, envía fuerte advertencia a Universitario: ""Mucha confianza""","Lisandro Greppo, DT de Deportivo Garcilaso, envía fuerte advertencia a Universitario",El técnico de Deportivo Garcilaso calentó la previa al duelo clave ante Universitario en Cusco por la fecha 10 del Torneo Clausura 2026.,Deportivo Garcilasono quiere que la derrota ante Sport Boys marque un punto de quiebre en su campaña delTorneo Clausura 2026. El conjunto cusqueño continúa como uno de los principales protagonistas de la competencia y ahora tiene por delante un desafío que podría definir el rumbo del campeonato al recibir aUniversitario de Deportesen el estadio Inca Garcilaso de la Vega.,8,1,El técnico de Deportivo Garcilaso calentó la previa al duelo clave ante Universitario en Cusco por la fecha 10 del Torneo Clausura 2026.,False,3,"Deportivo Garcilaso, Universitario de Deportes, Liga 1 del Fútbol Peruano",2,1,Deportivo Garcilaso,Deportivo Garcilaso | Torneo Clausura 2026,370,2330,https://cdn.futbolperuano.com/sdi/2026/09/15/lisandro-greppo-dt-de-deportivo-garcilaso-envia-fuerte-advertencia-a-universitario-1357223.jpg,1200,Lisandro Greppo. Foto: Club Deportivo Garcilaso,,https://www.futbolperuano.com/liga-1/noticias/lisandro-greppo-dt-de-deportivo-garcilaso-envia-fuerte-advertencia-a-universitario-600601,Gabriel Iberico,liga-1
Nuevo desafío: Necaxa anuncia oficialmente la llegada de Juan Reynoso al banquillo,Nuevo desafío: Necaxa anuncia oficialmente la llegada de Juan Reynoso,El conjunto mexicano anunció oficialmente la llegada de Juan Reynoso al banquillo y buscará salir del complicado momento en la Liga MX.,"Juan Reynosoya tiene nuevo desafío en los banquillos. El técnico peruano fue anunciado oficialmente como nuevo entrenador deNecaxa, equipo que atraviesa un complicado momento en el Torneo Apertura 2026. De esta manera, el ‘Ajedrecista’ vuelve a laLiga MX, campeonato que conoce muy bien y donde buscará recuperar el protagonismo que tuvo en anteriores etapas de su carrera.",12,1,El conjunto mexicano anunció oficialmente la llegada de Juan Reynoso al banquillo y buscará salir del complicado momento en la Liga MX.,False,3,"Juan Reynoso, Necaxa, Peruanos en el Exterior",2,1,Juan Reynoso,Juan Reynoso | Liga MX,528,3566,https://cdn.futbolperuano.com/sdi/2026/09/14/nuevo-desafio-necaxa-anuncia-oficialmente-la-llegada-de-juan-reynoso-1357211.jpg,1200,Juan Reynoso. Foto: @ClubNecaxa,,https://www.futbolperuano.com/peruanos-en-el-exterior/noticias/nuevo-desafio-necaxa-anuncia-oficialmente-la-llegada-de-juan-reynoso-600586,Gabriel Iberico,peruanos-en-el-exterior
Universitario rompe su silencio y desmiente comunicado de Alianza Lima: “Absolutamente falso”,Universitario rompe su silencio y desmiente comunicado de Alianza Lima,"Adrián Gilabert, asesor legal de Universitario, desmintió el comunicado emitido por Alianza Lima tras supuesto maltrato en Matute.","La disputa entreUniversitario de DeportesyAlianza Limacontinúa después del clásico disputado en Matute. Luego de que el conjunto blanquiazul emitiera un comunicado para responder a los reclamos de la institución crema por el trato recibido durante su visita, desde Ate salieron al frente para rechazar categóricamente varios de los argumentos expuestos por el cuadro victoriano.",11,1,"Adrián Gilabert, asesor legal de Universitario, desmintió el comunicado emitido por Alianza Lima tras supuesto maltrato en Matute.",False,3,"Universitario de Deportes, Alianza Lima, Liga 1 del Fútbol Peruano",2,1,Universitario de Deportes,Universitario de Deportes | Alianza Lima,548,3642,https://cdn.futbolperuano.com/sdi/2026/09/15/universitario-rompe-su-silencio-y-desmiente-comunicado-de-alianza-lima-1357220.jpg,1200,Universitario venció por 2-1 a Alianza Lima en Matute. Foto: Liga1 Te Apuesto,,https://www.futbolperuano.com/liga-1/noticias/universitario-rompe-su-silencio-y-desmiente-comunicado-de-alianza-lima-600596,Gabriel Iberico,liga-1
Horacio Melgarejo prepara a Cienciano para una noche histórica y recordó la enorme responsabilidad que tiene el equipo cusqueño,Cienciano va por una noche histórica ante Montevideo City y Horacio Melgarejo dejó claro qué espera de su equipo en la Sudamericana,Horacio Melgarejo habló antes del duelo ante Montevideo City y aseguró que Cienciano buscará dejar al Perú en lo más alto.,"Ciencianose encuentra a tan solo 90 minutos de volver a hacer historia a nivel continental y asegurar su pase a lassemifinalesde laCopa Sudamericanaante Montevideo City; sin embargo, el cuadro cusqueño, encabezado porHoracio Melgarejo, recordó que no será una tarea nada sencilla, pero que dejarán el nombre del Perú en alto.",5,2,Horacio Melgarejo habló antes del duelo ante Montevideo City y aseguró que Cienciano buscará dejar al Perú en lo más alto. | Programación de los cuartos de final (VUELTA) - Copa Sudamericana 2026,True,3,"Horacio Melgarejo, Cienciano, Copa Sudamericana",2,1,Copa Sudamericana,Copa Sudamericana | Cienciano,303,1799,https://cdn.futbolperuano.com/sdi/2026/09/15/cienciano-va-por-una-noche-historica-ante-montevideo-city-y-horacio-melgarejo-dejo-claro-que-espera-de-su-equipo-en-la-sudamericana-1357255.jpg,1200,Horacio Melgarejo habló antes del duelo ante Montevideo City. Foto: Facebook Cienciano,,https://www.futbolperuano.com/copa-sudamericana/noticias/cienciano-va-por-una-noche-historica-ante-montevideo-city-y-horacio-melgarejo-dejo-claro-que-espera-de-su-equipo-en-la-sudamericana-600643,Gabriel Rey,copa-sudamericana
Universitario recibe respaldo judicial y consigue que quede sin efecto la medida cautelar que había generado preocupación en el club,Universitario recibe una gran noticia: Corte Superior deja sin efecto medida cautelar que favorecía a Gremco,La Corte Superior declaró fundada la oposición de Universitario y dejó sin efecto la medida cautelar solicitada por Gremco en agosto.,"Las buenas noticias siguen llegando aUniversitario de Deportes, y es que este martes 15 de septiembre el administrador del equipo ‘Merengue’,Franco Velazco, se dirigió a los hinchas de la ‘U’ para informar sobre una de las noticias más esperadas de las últimas semanas.",5,1,La Corte Superior declaró fundada la oposición de Universitario y dejó sin efecto la medida cautelar solicitada por Gremco en agosto.,True,3,"Universitario de Deportes, Franco Velazco, Liga 1 del Fútbol Peruano",2,1,Universitario de Deportes,Universitario de Deportes | Franco Velazco,229,1534,https://cdn.futbolperuano.com/sdi/2026/09/15/universitario-recibe-una-gran-noticia-corte-superior-deja-sin-efecto-medida-cautelar-que-favorecia-a-gremco-1357275.jpg,1200,Buenas noticias para la ‘U’: la Corte Superior dejó sin efecto la medida cautelar. Foto: Facebook Universitario,,https://www.futbolperuano.com/liga-1/noticias/universitario-recibe-una-gran-noticia-corte-superior-deja-sin-efecto-medida-cautelar-que-favorecia-a-gremco-600662,Gabriel Rey,liga-1
"Juan Carlos Bazalar regresa a Los Chankas, donde tendrá la misión de recuperar al equipo y devolverlo a la pelea por objetivos importantes",Juan Carlos Bazalar regresa a Los Chankas tras la salida de Walter Paolella para intentar recuperar al equipo en la Liga 1,"Tras un complicado inicio del Clausura, Los Chankas vuelven a confiar en Juan Carlos Bazalar, quien consiguió el ascenso del club.","Tras el complicado inicio deLos Chankasen elTorneo Clausura, donde han ganado tan solo 2 de los 9 partidos disputados, igualando uno y perdiendo los 6 restantes, el equipo de Andahuaylas hizo oficial lasalidadel entrenadorWalter Paolellay ya tiene listo a su reemplazante, un viejo conocido de la casa.",4,2,"Tras un complicado inicio del Clausura, Los Chankas vuelven a confiar en Juan Carlos Bazalar, quien consiguió el ascenso del club. | Equipos en los que ha dirigido Juan Carlos Bazalar",True,4,"Los Chankas, Torneo Clausura, Juan Carlos Bazalar, Liga 1 del Fútbol Peruano",2,1,Los Chankas,Los Chankas | Tabla Acumulada,271,1521,https://cdn.futbolperuano.com/sdi/2026/09/15/juan-carlos-bazalar-regresa-a-los-chankas-tras-la-salida-de-walter-paolella-para-intentar-recuperar-al-equipo-en-la-liga-1-1357246.jpg,1200,Juan Carlos Bazalar vuelve a Los Chankas. Foto: Facebook Los Chankas CYC,,https://www.futbolperuano.com/liga-1/noticias/juan-carlos-bazalar-regresa-a-los-chankas-tras-la-salida-de-walter-paolella-para-intentar-recuperar-al-equipo-en-la-liga-1-600632,Gabriel Rey,liga-1
Deportivo Garcilaso espera un lleno total ante Universitario en un duelo que podría cambiar la pelea por el título del Torneo Clausura,Deportivo Garcilaso vs. Universitario: precios y venta de entradas para el duelo que puede definir la lucha por el Clausura,Deportivo Garcilaso recibirá a Universitario en un duelo clave por la punta del Clausura y ya comenzó la venta de entradas para el partido.,"ElTorneo Clausurade laLiga 1 2026está de infarto, la punta de la Tabla de Posiciones ha sido tomada porUniversitario de Deportes, peroDeportivo Garcilasosigue de cerca al cuadro ‘Merengue’ con tan solo un punto de distancia, motivo por el cuál el duelo de ambas escuadras pactado para estesábado 19 de septiembrepodría marcar un antes y después en la lucha por el título del Clausura, por lo que el cuadro cusqueño ya puso a la venta las entradas para el importante partido.",4,1,Deportivo Garcilaso recibirá a Universitario en un duelo clave por la punta del Clausura y ya comenzó la venta de entradas para el partido.,True,3,"Deportivo Garcilaso, Universitario de Deportes, Liga 1 del Fútbol Peruano",2,1,Deportivo Garcilaso,Deportivo Garcilaso | Universitario de Deportes,272,1516,https://cdn.futbolperuano.com/sdi/2026/09/15/deportivo-garcilaso-vs-universitario-precios-y-venta-de-entradas-para-el-duelo-que-puede-definir-la-lucha-por-el-clausura-1357263.jpg,1200,Deportivo Garcilaso espera un lleno total ante Universitario. Foto: Facebook Liga 1,,https://www.futbolperuano.com/liga-1/noticias/deportivo-garcilaso-vs-universitario-precios-y-venta-de-entradas-para-el-duelo-que-puede-definir-la-lucha-por-el-clausura-600650,Gabriel Rey,liga-1
Copa Perú: Bad Boys se quedó sin entrenador tras el arranque de la Etapa Nacional,Bad Boys se quedó sin entrenador tras el arranque de la Etapa Nacional,Bad Boys recibirá este fin de semana a Por la Santa FC por la segunda fecha de la Etapa Nacional de la Copa Perú.,"ElClub Deportivo Bad Boys, subcampeón de la Liga Departamental de Ica, sorprendió a propios y extraños al anunciar la partida de su director técnico tras la caída en la jornada inaugural de la Etapa Nacional de laCopa Perú.",5,2,Bad Boys recibirá este fin de semana a Por la Santa FC por la segunda fecha de la Etapa Nacional de la Copa Perú. | Fecha 2 de la Etapa Nacional – Copa Perú,True,3,"Bad Boys, Copa Perú, Ica",2,1,Club Deportivo Bad Boys,Club Deportivo Bad Boys | Copa Perú,234,1425,https://cdn.futbolperuano.com/sdi/2026/09/15/bad-boys-se-quedo-sin-entrenador-tras-el-arranque-de-la-etapa-nacional-1357277.jpg,1200,Bad Boys se quedó sin entrenador. Foto: Facebook FÚTBOL DE CHINCHA,,https://www.futbolperuano.com/copa-peru/noticias/bad-boys-se-quedo-sin-entrenador-tras-el-arranque-de-la-etapa-nacional-600665,Stewart Luya,copa-peru
¿Se pierde el resto de la temporada? Preocupación en Cienciano tras confirmarse la gravedad de la lesión de Alejandro Hohberg,¿Se pierde el resto de la temporada? Se confirma la gravedad de la lesión de Alejandro Hohberg,¡Problemas en el 'Papá' !Se confirmó la lesión de Alejandro Hohberg y Cienciano perderá a su figura por un tiempo prolongado.,"Ciencianoafronta una semana determinante en laCopa Sudamericana. El conjunto cusqueño viajará a Uruguay con la ventaja de 2-0 obtenida ante Montevideo City Torque en el duelo de ida de los cuartos de final, pero mientras prepara la revancha también recibió información importante sobre la lesión deAlejandro Hohberg, uno de sus principales referentes ofensivos.",8,1,¡Problemas en el 'Papá' !Se confirmó la lesión de Alejandro Hohberg y Cienciano perderá a su figura por un tiempo prolongado.,False,3,"Cienciano, Alejandro Hohberg, Liga 1 del Fútbol Peruano",2,1,Cienciano,Cienciano | Copa Sudamericana,398,2642,https://cdn.futbolperuano.com/sdi/2026/09/14/se-pierde-el-resto-de-la-temporada-se-confirma-la-gravedad-de-la-lesion-de-alejandro-hohberg-1357205.jpg,1200,Alejandro Hohberg. Foto: Club Cienciano,,https://www.futbolperuano.com/copa-sudamericana/noticias/se-pierde-el-resto-de-la-temporada-se-confirma-la-gravedad-de-la-lesion-de-alejandro-hohberg-600581,Gabriel Iberico,copa-sudamericana
"Corinthians no levanta cabeza: sin André Carrillo, cayó ante Flamengo y sumó su quinta derrota consecutiva",André Carrillo no jugó y Corinthians sufrió una nueva derrota ante Flamengo en el Brasileirao,"Sin André Carrillo, Corinthians sufrió una nueva derrota ante Flamengo y sumó su quinta caída consecutiva en el Brasileirao.","Corinthianssigue sin encontrar el rumbo en el Brasileirao. SinAndré Carrillo, el ‘Timao’ perdió en los minutos finales ante Flamengo y encadenó su quinta derrota consecutiva, una racha que lo aleja de los puestos de clasificación a torneos internacionales.",7,3,"Sin André Carrillo, Corinthians sufrió una nueva derrota ante Flamengo y sumó su quinta caída consecutiva en el Brasileirao. | Corinthians cambia de chip y piensa en la Libertadores | Peruanos en el exterior (2026)",True,3,"André Carrillo, Corinthians, Peruanos en el Exterior",2,1,Corinthians,Corinthians | André Carrillo,252,1574,https://cdn.futbolperuano.com/sdi/2026/09/14/andre-carrillo-no-jugo-y-corinthians-sufrio-una-nueva-derrota-ante-flamengo-en-el-brasileirao-1357165.jpg,1200,El ‘Timao’ atraviesa un complicado momento en el Brasileirao. Foto: Twitter Corinthians,,https://www.futbolperuano.com/peruanos-en-el-exterior/noticias/andre-carrillo-no-jugo-y-corinthians-sufrio-una-nueva-derrota-ante-flamengo-en-el-brasileirao-600533,Joaquín Vásquez,peruanos-en-el-exterior
Gol y asistencia de Bassco Soyer en el triunfo del Gil Vicente en la Liga Next Gen,Gol y asistencia de Bassco Soyer en el triunfo del Gil Vicente,"El Gil Vicente, con el mediocentro ofensivo peruano Bassco Soyer, rompió su mala racha y derrotó al Portimonense por la Liga Next Gen.","ElGil Vicente, conBassco Soyer, rompió su mala racha y este martes derrotó2-0alPortimonenseen un encuentro correspondiente a la sexta jornada de laLiga Next Gen. El mediocentro ofensivo peruano anotó un gol y brindó una asistencia, lo que le permitió convertirse en la figura del partido.",5,2,"El Gil Vicente, con el mediocentro ofensivo peruano Bassco Soyer, rompió su mala racha y derrotó al Portimonense por la Liga Next Gen. | Peruanos en el exterior (2026)",True,3,"Bassco Soyer, Gil Vicente, Peruanos en el Exterior",2,1,Bassco Soyer,Bassco Soyer | Bassco Soyer,255,1554,https://cdn.futbolperuano.com/sdi/2026/09/15/gol-y-asistencia-de-bassco-soyer-en-el-triunfo-del-gil-vicente-1357285.jpg,1200,Gol y asistencia de Bassco Soyer en Portugal. Foto: Twitter Gil Vicente,,https://www.futbolperuano.com/peruanos-en-el-exterior/noticias/gol-y-asistencia-de-bassco-soyer-en-el-triunfo-del-gil-vicente-600672,Stewart Luya,peruanos-en-el-exterior
El primero de la temporada: Jean Pierre Rhyner anotó con Vizela en la Segunda División de Portugal,Jean Pierre Rhyner anotó su primer gol con Vizela en la Segunda de Portugal,"Vizela, con Jean Pierre Rhyner de titular, rescató empate en su visita a Porto por la fecha 6 de la Segunda División de Portugal.",¡Primera celebración! Elperuano Jean Pierre Rhynerreafirmó su buen momento con la camiseta deVizelaal anotar su primer gol de la temporada en el empate (2-2) de su equipo como visitante frente aPortopor la sexta fecha de laSegunda División de Portugal.,10,1,"Vizela, con Jean Pierre Rhyner de titular, rescató empate en su visita a Porto por la fecha 6 de la Segunda División de Portugal.",False,3,"Jean Pierre Rhyner, Portugal, Peruanos en el Exterior",2,1,peruano Jean Pierre Rhyner,peruano Jean Pierre Rhyner | Jean Pierre Rhyner,458,2619,https://cdn.futbolperuano.com/sdi/2026/09/14/jean-pierre-rhyner-anoto-su-primer-gol-con-vizela-en-la-segunda-de-portugal-1357175.jpg,1200,Jean Pierre Rhyner celebra su primer gol con Vizela. Foto: Facebook Futebol Clube de Vizela,,https://www.futbolperuano.com/peruanos-en-el-exterior/noticias/jean-pierre-rhyner-anoto-su-primer-gol-con-vizela-en-la-segunda-de-portugal-600544,Jorge Cruzalegui,peruanos-en-el-exterior
"Programación de HOY, martes 15 de septiembre de 2026: Horarios del fútbol en vivo por televisión en el Perú","Programación de HOY, martes 15 de septiembre de 2026: Horarios del fútbol en vivo por televisión en el Perú",Este martes 15 de septiembre llega con una gran cartelera de partidos que podrás ver en vivo por todo el Perú en TV. Sigue la programación aquí.,"Este martes 15de septiembre alístate para una gran jornada de partidos, los cuales podrás disfrutar por TV en todos los rincones del Perú. La jornada empieza desde muy temprano con duelos de alto calibre para el inicio de la semana. Puedes ver laPROGRAMACIÓN COMPLETA AQUÍ.",11,1,Este martes 15 de septiembre llega con una gran cartelera de partidos que podrás ver en vivo por todo el Perú en TV. Sigue la programación aquí.,False,4,"Fútbol por TV, Programación, Copa Libertadores, Copa Sudamericana",2,1,PROGRAMACIÓN COMPLETA AQUÍ.,PROGRAMACIÓN COMPLETA AQUÍ. | Disney+ Premium,428,2494,https://cdn.futbolperuano.com/sdi/2026/09/14/programacion-de-hoy-martes-15-de-septiembre-de-2026-horarios-del-futbol-en-vivo-por-television-en-el-peru-1357185.jpg,1200,Partidos del martes 15 de septiembre. Foto: EFE,,https://www.futbolperuano.com/partidos-por-tv/noticias/programacion-de-hoy-martes-15-de-septiembre-de-2026-horarios-del-futbol-en-vivo-por-television-en-el-peru-600559,Gabriel Iberico,partidos-por-tv
Complicado debut: Renato Tapia presente en la derrota de Al Wasl en la Champions League de Asia,Renato Tapia cayó con Al Wasl en su debut en la Champions League de Asia,"Al Wasl, del peruano Renato Tapia, fue superado por Al Qadsiah en la fecha 1 de la Champions League de Asia 2026-27.","¡No pudo sumar! Con elvolante peruanoRenato Tapiaen los minutos finales,Al Waslsufrió una dura derrota (1-2) en su primer partido en laChampions League de Asia 2026-27frente al conjunto deAl Qadsiahde Arabia Saudita.",6,2,"Al Wasl, del peruano Renato Tapia, fue superado por Al Qadsiah en la fecha 1 de la Champions League de Asia 2026-27. | Peruanos en el exterior (2026)",True,3,"Renato Tapia, Emiratos Árabes Unidos, Champions League de Asia",1,1,Renato Tapia,Renato Tapia,280,1625,https://cdn.futbolperuano.com/sdi/2026/09/14/renato-tapia-cayo-con-al-wasl-en-su-debut-en-la-champions-league-de-asia-1357191.jpg,1200,Renato Tapia entrenándose con su equipo. Foto: Facebook Al Wasl SC,,https://www.futbolperuano.com/peruanos-en-el-exterior/noticias/renato-tapia-cayo-con-al-wasl-en-su-debut-en-la-champions-league-de-asia-600565,Jorge Cruzalegui,peruanos-en-el-exterior
Liga Femenina: Así se jugarán los partidos de la décima fecha del Torneo Clausura 2026,Programación de la fecha 10 del Torneo Clausura de la Liga Femenina 2026,"Con Alianza Lima como líder, así se programaron los partidos de la fecha 10 del Torneo Clausura de la Liga Femenina 2026.","¡Continúan las emociones! Al igual que el resto de campeonatos domésticos, laLiga Femenina 2026no se detiene por nada y este próximo fin de semana se podrá disfrutar de los partidos dela décima fechadelTorneo Clausura.",6,2,"Con Alianza Lima como líder, así se programaron los partidos de la fecha 10 del Torneo Clausura de la Liga Femenina 2026. | Programación de la fecha 10 del Torneo Clausura - Liga Femenina 2026",True,3,"Liga Femenina, Torneo Clausura, Alianza Lima",2,1,Liga Femenina 2026,Liga Femenina 2026 | esta segunda etapa,271,1604,https://cdn.futbolperuano.com/sdi/2026/09/14/programacion-de-la-fecha-10-del-torneo-clausura-de-la-liga-femenina-2026-1357181.jpg,1200,Alianza Lima lidera el Torneo Clausura Femenino 2026. Foto: Facebook Liga Femenina Apuesta Total?,,https://www.futbolperuano.com/futbol-femenino/liga-femenina/programacion-de-la-fecha-10-del-torneo-clausura-de-la-liga-femenina-2026-600555,Jorge Cruzalegui,futbol-femenino
"‘Flaco’ Granda exige el regreso de Kevin Quevedo tras derrota de Alianza Lima en el clásico: ""¿Qué tiene que hacer?",‘Flaco’ Granda exige el regreso de Kevin Quevedo tras derrota de Alianza Lima en el clásico,El periodista pidió el regreso de Kevin Quevedo luego de la derrota de Alianza Lima por 1-2 ante Universitario por la fecha 9 del Torneo Clausura.,"Alianza Limaatraviesa un momento complicado luego de caer 2-1 anteUniversitario de Deportesen el clásico disputado en Matute. El cuadro blanquiazul logró mantenerse con vida durante gran parte del encuentro, pero un error en la última jugada terminó condenándolo a una derrota que complica sus aspiraciones en elTorneo Clausura 2026.",9,1,El periodista pidió el regreso de Kevin Quevedo luego de la derrota de Alianza Lima por 1-2 ante Universitario por la fecha 9 del Torneo Clausura.,False,3,"Giancarlo Granda, Kevin Quevedo, Alianza Lima",2,1,Alianza Lima,Alianza Lima | Torneo Clausura 2026,406,2674,https://cdn.futbolperuano.com/sdi/2026/09/15/flaco-granda-exige-el-regreso-de-kevin-quevedo-tras-derrota-de-alianza-lima-en-el-clasico-1357229.jpg,1200,Giancarlo Granda y Kevin Quevedo. Foto: Captura / Club Alianza Lima,,https://www.futbolperuano.com/liga-1/noticias/flaco-granda-exige-el-regreso-de-kevin-quevedo-tras-derrota-de-alianza-lima-en-el-clasico-600605,Gabriel Iberico,liga-1
Christian Cueva sorprende con su mensaje en Sport Boys: “El objetivo es campeonar”,Christian Cueva prende la ilusión en Sport Boys y revela qué quieren conseguir esta temporada,Christian Cueva habló de Sport Boys y aseguró que el equipo tiene un claro objetivo para esta temporada: luchar por el campeonato.,Christian Cuevahabló sobre su presente enSport Boysy dejó claro que el objetivo del cuadro chalaco es pelear por el título. El volante destacó el trabajo colectivo que viene realizando el equipo y aseguró que mantienen la ilusión de luchar por el campeonato en el Torneo Clausura.,10,1,Christian Cueva habló de Sport Boys y aseguró que el equipo tiene un claro objetivo para esta temporada: luchar por el campeonato.,False,3,"Sport Boys, Christian Cueva, Liga 1 del Fútbol Peruano",2,1,Christian Cueva,Christian Cueva | Sport Boys,447,2564,https://cdn.futbolperuano.com/sdi/2026/09/14/christian-cueva-prende-la-ilusion-en-sport-boys-y-revela-que-quieren-conseguir-esta-temporada-1357160.jpg,1200,Christian Cueva ilusiona a los hinchas de Sport Boys. Foto: Twitter Sport Boys,,https://www.futbolperuano.com/liga-1/noticias/christian-cueva-prende-la-ilusion-en-sport-boys-y-revela-que-quieren-conseguir-esta-temporada-600530,Joaquín Vásquez,liga-1
Kazuyoshi Shimabuku presente en la victoria de Albirex Niigata que lidera el ascenso en Japón,"Albirex Niigata, con Kazuyoshi Shimabuku, lidera el ascenso en Japón","Con presencia del peruano Kazuyoshi Shimabuku, Albirex Niigata consiguió un merecido triunfo ante Yamagata en la J2 League.","¡En la cima! Con elperuano Kazuyoshi Shimabukutodo el partido,Albirex Niigatalogró imponerse por la mínima diferencia (1-0) y como local a Yamagata por la sexta fecha de laJ2 League(Segunda División de Japón).",8,1,"Con presencia del peruano Kazuyoshi Shimabuku, Albirex Niigata consiguió un merecido triunfo ante Yamagata en la J2 League.",False,3,"Kazuyoshi Shimabuku, Peruanos en el Exterior, J2 League",2,1,peruano Kazuyoshi Shimabuku,"peruano Kazuyoshi Shimabuku | Kazuyoshi Shimabuku,",376,2190,https://cdn.futbolperuano.com/sdi/2026/09/14/albirex-niigata-con-kazuyoshi-shimabuku-lidera-el-ascenso-en-japon-1357153.jpg,1200,Kazuyoshi Shimabuku en el ascenso japonés. Foto: Facebook Albirex Niigata,,https://www.futbolperuano.com/peruanos-en-el-exterior/noticias/albirex-niigata-con-kazuyoshi-shimabuku-lidera-el-ascenso-en-japon-600517,Jorge Cruzalegui,peruanos-en-el-exterior
¿Qué pasó? Figura de Sport Boys pudo llegar a Alianza Lima a inicios de año y competir con Guillermo Viscarra,Diego Melián pudo llegar a Alianza Lima antes que Alejandro Duarte y hoy brilla en Sport Boys,"Alianza Lima tuvo otra opción para reforzar su plantel a inicios de año, aunque finalmente eligió otro camino en la Liga 1.","Alianza Limaperdió el clásico ante Universitario de Deportes y, tras el resultado, las críticas volvieron a centrarse enAlejandro Duartepor su participación en la jugada que terminó definiendo el partido. En medio de los cuestionamientos al arquero blanquiazul, salió a la luz una información que genera sorpresa: el club íntimo pudo fichar aDiego Meliána inicios de la temporada 2026, pero finalmente la operación no se concretó.",10,2,"Alianza Lima tuvo otra opción para reforzar su plantel a inicios de año, aunque finalmente eligió otro camino en la Liga 1. | La actualidad de Alejandro Duarte",False,4,"Alianza Lima, Alejandro Duarte, Liga 1 del Fútbol Peruano, Diego Melián",2,1,Alianza Lima,Alianza Lima | Alejandro Duarte,469,3016,https://cdn.futbolperuano.com/sdi/2026/09/14/diego-melian-pudo-llegar-a-alianza-lima-antes-que-alejandro-duarte-y-hoy-brilla-en-sport-boys-1357145.jpg,1200,Alianza Lima tuvo en la mira a figura de Sport Boys. Foto: Twitter Liga 1,,https://www.futbolperuano.com/liga-1/noticias/diego-melian-pudo-llegar-a-alianza-lima-antes-que-alejandro-duarte-y-hoy-brilla-en-sport-boys-600509,Joaquín Vásquez,liga-1
Joao Grimaldo volvió a jugar tras quedar fuera de las últimas convocatorias de Sparta Praga,Joao Grimaldo reapareció y disputó 71 minutos en la goleada del filial de Sparta Praga,"Tras varias semanas sin actividad, Joao Grimaldo volvió a jugar con el filial de Sparta Praga y sumó 71 minutos.","Joao Grimaldovolvió a las canchas en República Checa y sorprendió al aparecer como titular con el filial delSparta Praga.El peruano disputó 71 minutos ante Bohemians 1905 B, en un partido que terminó con una contundente goleada por 4-1. Su regreso se produce justo cuando se acerca una nueva fecha FIFA y vuelve a estar en juego una posible convocatoria a la selección peruana.",10,1,"Tras varias semanas sin actividad, Joao Grimaldo volvió a jugar con el filial de Sparta Praga y sumó 71 minutos.",False,3,"Joao Grimaldo, Sparta Praga, Peruanos en el Exterior",2,1,Joao Grimaldo,Joao Grimaldo | Sparta Praga,456,2808,https://cdn.futbolperuano.com/sdi/2026/09/14/joao-grimaldo-reaparecio-y-disputo-71-minutos-en-la-goleada-del-filial-de-sparta-praga-1357149.jpg,1200,Joao Grimaldo volvió a tener minutos en Europa. Foto: Twitter Sparta Praga,,https://www.futbolperuano.com/peruanos-en-el-exterior/noticias/joao-grimaldo-reaparecio-y-disputo-71-minutos-en-la-goleada-del-filial-de-sparta-praga-600513,Joaquín Vásquez,peruanos-en-el-exterior
Alianza Lima y su contundente respuesta a la denuncia de Universitario tras el clásico en Matute,Alianza Lima y su contundente respuesta a la denuncia de Universitario tras el clásico en Matute,Alianza Lima respondió a la denuncia presentada por Universitario tras supuestos maltratos a su delegación en Matute.,"El clásico entreAlianza LimayUniversitario de Deportesterminó con triunfo crema por 2-1, pero la rivalidad entre ambos clubes continúa después del pitazo final. El encuentro disputado el último sábado en el Estadio Alejandro Villanueva dejó una nueva controversia fuera del terreno de juego debido a la denuncia presentada por la institución de Ate.",9,1,Alianza Lima respondió a la denuncia presentada por Universitario tras supuestos maltratos a su delegación en Matute.,False,3,"Alianza Lima, Universitario de Deportes, Liga 1 del Fútbol Peruano",2,1,Alianza Lima,Alianza Lima | Universitario de Deportes,423,2866,https://cdn.futbolperuano.com/sdi/2026/09/14/alianza-lima-y-su-contundente-respuesta-a-la-denuncia-de-universitario-tras-el-clasico-en-matute-1357189.jpg,1200,Alianza Lima responde a la denuncia de Universitario. Foto: Liga1 Te Apuesto,,https://www.futbolperuano.com/liga-1/noticias/alianza-lima-y-su-contundente-respuesta-a-la-denuncia-de-universitario-tras-el-clasico-en-matute-600563,Gabriel Iberico,liga-1
¿Podrá solucionarlo? Sport Boys y el motivo por el que podría tener 4 bajas claves ante Melgar,Sport Boys y el motivo por el que podría tener 4 bajas ante Melgar,Sport Boys tendrá que visitar a Melgar en el Estadio Monumental de la UNSA por la fecha 10 del Torneo Clausura 2026.,"¡Problemas a la vista! Luego de su importante victoria frente al Deportivo Garcilaso, la escuadra deSport Boysse metió de lleno en la lucha por elTorneo Clausura 2026. Sin embargo, a días de su próximo duelo anteMelgar, la directiva 'rosada' afronta un nuevo inconveniente.",7,2,Sport Boys tendrá que visitar a Melgar en el Estadio Monumental de la UNSA por la fecha 10 del Torneo Clausura 2026. | ¿Pero qué fue lo que ocurrió?,True,3,"Sport Boys, Melgar, Liga 1",2,1,Sport Boys,Sport Boys | Torneo Clausura 2026,319,1954,https://cdn.futbolperuano.com/sdi/2026/09/14/sport-boys-y-el-motivo-por-el-que-podria-tener-4-bajas-ante-melgar-1357162.jpg,1200,Sport Boys podría presentar bajas ante Melgar. Foto: Facebook Club Sport Boys Association?,,https://www.futbolperuano.com/liga-1/noticias/sport-boys-y-el-motivo-por-el-que-podria-tener-4-bajas-ante-melgar-600531,Jorge Cruzalegui,liga-1
Copa de la Liga 2026: Se confirmó la fecha y los horarios de los partidos de las semifinales (IDA) del torneo,Fecha y horarios de la ida de semifinales de Copa de la Liga 2026,"Sport Boys, Alianza Atlético, Sporting Cristal y ADT de Tarma disputarán las semifinales (IDA) de la Copa de la Liga 2026.","¡Listos para la competencia! En medio del desarrollo de la Liga 1, cuatro equipos se alistan a la par de lo queserán las semifinalesde laCopa de la Liga 2026, torneo que se empezó a disputar esta temporada con equipos de la Primera y Segunda División.",9,1,"Sport Boys, Alianza Atlético, Sporting Cristal y ADT de Tarma disputarán las semifinales (IDA) de la Copa de la Liga 2026.",False,3,"Copa de la Liga, Sport Boys, Sporting Cristal",2,1,Copa de la Liga 2026,Copa de la Liga 2026 | Liga 1,428,2452,https://cdn.futbolperuano.com/sdi/2026/09/14/fecha-y-horarios-de-la-ida-de-semifinales-de-copa-de-la-liga-2026-1357199.jpg,1200,4 equipos listos para las 'semis' de la Copa de la Liga. Foto: Facebook Copa Caliente de la Liga,,https://www.futbolperuano.com/copa-de-la-liga/noticias/fecha-y-horarios-de-la-ida-de-semifinales-de-copa-de-la-liga-2026-600573,Jorge Cruzalegui,copa-de-la-liga
"Franco Velazco detalla el maltrato que recibió la delegación de Universitario en Matute: ""Estuve encerrado tres horas""",Franco Velazco detalla el maltrato que recibió la delegación de Universitario en Matute,"Franco Velazco, administrador de Universitario, reveló que permaneció tres horas encerrado en el camerino tras victoria en Matute.","El clásico entreUniversitario de DeportesyAlianza Limano terminó con el pitazo final en Matute. Aunque el conjunto crema consiguió imponerse por 2-1 y tomar el liderato del Torneo Clausura, la jornada quedó envuelta en una fuerte controversia por el trato que, según la institución merengue, recibió su delegación durante su permanencia en el estadio Alejandro Villanueva.",11,1,"Franco Velazco, administrador de Universitario, reveló que permaneció tres horas encerrado en el camerino tras victoria en Matute.",False,3,"Franco Velazco, Universitario de Deportes, Alianza Lima",2,1,Universitario de Deportes,Universitario de Deportes | Alianza Lima,693,4434,https://cdn.futbolperuano.com/sdi/2026/09/14/franco-velazco-detalla-el-maltrato-que-recibio-la-delegacion-de-universitario-en-matute-1357196.jpg,1200,Franco Velazco. Foto: Captura,,https://www.futbolperuano.com/liga-1/noticias/franco-velazco-detalla-el-maltrato-que-recibio-la-delegacion-de-universitario-en-matute-600570,Gabriel Iberico,liga-1
Universitario de Deportes: se confirmaron sus rivales para la Copa Libertadores Femenina 2026,Universitario de Deportes: sus rivales para Copa Libertadores Femenina 2026,Universitario de Deportes representará al Perú en la presente edición de la Copa Libertadores Femenina que se disputará en Ecuador.,"¡Los rivales a vencer! Este lunes 14 de septiembre, laConmebolrealizó el esperado sorteo de laCopa Libertadores Femenina 2026que se llevará a cabo en Ecuador y que tendrá a Universitario de Deportes como el representante peruano de esta edición.",9,1,Universitario de Deportes representará al Perú en la presente edición de la Copa Libertadores Femenina que se disputará en Ecuador.,False,3,"Universitario de Deportes, Copa Libertadores Femenina, Fútbol Femenino",2,1,Copa Libertadores Femenina 2026,Copa Libertadores Femenina 2026 | Universitario de Deportes,397,2617,https://cdn.futbolperuano.com/sdi/2026/09/14/universitario-de-deportes-sus-rivales-para-copa-libertadores-femenina-2026-1357142.jpg,1200,Plantel femenino de Universitario (2026). Foto: Facebook Fútbol Femenino - Club Universitario de Deportes,,https://www.futbolperuano.com/futbol-femenino/universitario-de-deportes-sus-rivales-para-copa-libertadores-femenina-2026-600507,Jorge Cruzalegui,futbol-femenino
La Selección Peruana Sub-20 definió su lista de convocados para los Juegos ODESUR 2026,La selección peruana Sub-20 y la lista de convocados para los Juegos ODESUR 2026,"La Selección Peruana Sub-20 definió su lista para los ODESUR 2026, con Piero Cari como la principal novedad entre los convocados.","LaSelección Peruana Sub-20ya tiene definida la lista de convocados que representará al país en los XIII Juegos Suramericanos ODESUR Santa Fe 2026, competencia que se desarrollará en Argentina y que reunirá a jóvenes talentos de distintos países de la región.",9,3,"La Selección Peruana Sub-20 definió su lista para los ODESUR 2026, con Piero Cari como la principal novedad entre los convocados. | ¿Cuándo y dónde se jugarán los Juegos Suramericanos 2026? | ¿Cuál es el grupo de Perú Sub-20?",False,3,"Selección Peruana Sub 20, Selección Peruana, Juegos Odesur",2,1,Selección Peruana Sub-20,Selección Peruana Sub-20 | ODESUR 2026,360,2383,https://cdn.futbolperuano.com/sdi/2026/09/14/la-seleccion-peruana-sub-20-y-la-lista-de-convocados-para-los-juegos-odesur-2026-1357124.jpg,1200,La Selección Peruana Sub-20 definió a sus convocados para los ODESUR 2026. Foto: Twitter Selección Peruana,,https://www.futbolperuano.com/seleccion/noticias/la-seleccion-peruana-sub-20-y-la-lista-de-convocados-para-los-juegos-odesur-2026-600487,Joaquín Vásquez,seleccion
Con triunfo incluido: Sebastián Gonzales Zela volvió a sumar minutos con Inter Toronto en Canadá,Sebastián Gonzales Zela volvió a sumar minutos con Inter Toronto en Canadá,"Inter Toronto, con el peruano Sebastián Gonzales Zela, sumó tres puntos claves frente a Vancouver FC en la Liga de Canadá.","¡Cortó su mala racha! Luego de dos partidos sin ser tomado en cuenta,Sebastián Gonzales Zelavolvió a sumar minutos conInter Toronto, que este fin de semana derrotó por 3-1 aVancouver FCen una nueva jornada de laPremier League de Canadá.",9,1,"Inter Toronto, con el peruano Sebastián Gonzales Zela, sumó tres puntos claves frente a Vancouver FC en la Liga de Canadá.",False,3,"Sebastián Gonzales Zela, Premier League de Canadá, Peruanos en el Exterior",2,1,Sebastián Gonzales Zela,Sebastián Gonzales Zela | Premier League de Canadá,423,2429,https://cdn.futbolperuano.com/sdi/2026/09/14/sebastian-gonzales-zela-volvio-a-sumar-minutos-con-inter-toronto-en-canada-1357136.jpg,1200,Inter Toronto celebra victoria ante Vancouver FC. Foto: Facebook Inter Toronto Football Club,,https://www.futbolperuano.com/peruanos-en-el-exterior/noticias/sebastian-gonzales-zela-volvio-a-sumar-minutos-con-inter-toronto-en-canada-600498,Jorge Cruzalegui,peruanos-en-el-exterior
Adrián Ugarriza se consolida en Hapoel Beer Sheva y ahora va por su debut en Europa League,Adrián Ugarriza fue titular y Hapoel Beer Sheva consiguió importante triunfo en Israel,Adrián Ugarriza fue titular y jugó los 90 minutos en el triunfo 2-0 de Hapoel Beer Sheva ante Petah Tikva por la liga de Israel.,"Por segunda jornada consecutiva,Adrián Ugarrizafue titular conHapoel Beer Shevaen la liga de Israel. El delantero peruano disputó los 90 minutos en la victoria de su equipo por 2-0 como visitante ante Petah Tikva, resultado que le permitió al conjunto israelí escalar posiciones en la tabla.",5,2,Adrián Ugarriza fue titular y jugó los 90 minutos en el triunfo 2-0 de Hapoel Beer Sheva ante Petah Tikva por la liga de Israel. | Peruanos en el exterior (2026),True,3,"Adrián Ugarriza, Peruanos en el Exterior, Israel",2,1,Adrián Ugarriza,Adrián Ugarriza | Hapoel Beer Sheva,230,1432,https://cdn.futbolperuano.com/sdi/2026/09/14/adrian-ugarriza-fue-titular-y-hapoel-beer-sheva-consiguio-importante-triunfo-en-israel-1357126.jpg,1200,Adrián Ugarriza encadenó otra titularidad. Foto: Twitter Hapoel Beer Sheva,,https://www.futbolperuano.com/peruanos-en-el-exterior/noticias/adrian-ugarriza-fue-titular-y-hapoel-beer-sheva-consiguio-importante-triunfo-en-israel-600488,Joaquín Vásquez,peruanos-en-el-exterior
"Renato Espinosa fue titular, pero Corvinul Hunedoara cayó ante Universitatea Craiova en Rumania",Renato Espinosa no pudo evitar la derrota de Corvinul ante Universitatea Craiova,Renato Espinosa volvió a ser titular con Corvinul y disputó 66 minutos en la derrota por 1-0 ante Universitatea Craiova en Rumania.,"Corvinul Hunedoara no pudo sumar en su visita a Universitatea Craiova y cayó por la mínima diferencia (1-0), en un encuentro correspondiente a la novena jornada de laSuperliga de Rumania. El delantero peruanoRenato Espinosafue titular y permaneció en el terreno de juego durante 66 minutos.",5,1,Renato Espinosa volvió a ser titular con Corvinul y disputó 66 minutos en la derrota por 1-0 ante Universitatea Craiova en Rumania.,True,3,"Renato Espinosa, Peruanos en el Exterior, Rumania",2,1,Superliga de Rumania,Superliga de Rumania | Renato Espinosa,229,1441,https://cdn.futbolperuano.com/sdi/2026/09/14/renato-espinosa-no-pudo-evitar-la-derrota-de-corvinul-ante-universitatea-craiova-1357132.jpg,1200,Renato Espinosa. Foto: Instagram Corvinul Hunedoara,,https://www.futbolperuano.com/peruanos-en-el-exterior/noticias/renato-espinosa-no-pudo-evitar-la-derrota-de-corvinul-ante-universitatea-craiova-600494,Joaquín Vásquez,peruanos-en-el-exterior
Marco Saravia no pudo celebrar: Progreso cayó ante Cerro en la liga uruguaya,Marco Saravia estuvo en el banco y Progreso cayó 3-1 ante Cerro por la liga uruguaya,Marco Saravia fue suplente en la derrota de Progreso ante Cerro por el Clausura uruguayo y el equipo aurirrojo no pudo seguir escalando en la tabla.,"Progresono pudo prolongar su buen momento en la liga uruguaya. ConMarco Saraviaen el banco de suplentes, el elenco aurirrojo perdió 3-1 ante Cerro en condición de local por el Torneo Clausura Uruguayo y dejó escapar una importante oportunidad para seguir recuperando terreno en la tabla de posiciones.",6,2,Marco Saravia fue suplente en la derrota de Progreso ante Cerro por el Clausura uruguayo y el equipo aurirrojo no pudo seguir escalando en la tabla. | Peruanos en el exterior (2026),True,3,"Marco Saravia, Peruanos en el Exterior, Progreso",2,1,Progreso,Progreso | Marco Saravia,230,1410,https://cdn.futbolperuano.com/sdi/2026/09/14/marco-saravia-estuvo-en-el-banco-y-progreso-cayo-3-1-ante-cerro-por-la-liga-uruguaya-1357119.jpg,1200,Marco Saravia. Foto: Twitter Club Atlético Progreso - Sitio Oficial,,https://www.futbolperuano.com/peruanos-en-el-exterior/noticias/marco-saravia-estuvo-en-el-banco-y-progreso-cayo-3-1-ante-cerro-por-la-liga-uruguaya-600481,Joaquín Vásquez,peruanos-en-el-exterior
¡Mucha fuerza ‘Pirata’! Hernán Barcos recibió sentido mensaje de Alianza Lima tras el fallecimiento de su madre,Alianza Lima se solidarizó con Hernán Barcos tras el fallecimiento de su madre,Hernán Barcos atraviesa un duro momento tras el fallecimiento de su madre y recibió un sentido mensaje de Alianza Lima.,"Hernán Barcosatraviesa un difícil momento personal tras el fallecimiento de su madre, Mafalda Bessone, noticia que se conoció horas antes del partido entreSporting Cristaly CD Moquegua por el Torneo Clausura. El delantero argentino confirmó la triste noticia a través de sus redes sociales y recibió numerosas muestras de apoyo, entre ellas la de su exclub Alianza Lima, que no dudó en dedicarle un sentido mensaje al ‘Pirata’.",8,1,Hernán Barcos atraviesa un duro momento tras el fallecimiento de su madre y recibió un sentido mensaje de Alianza Lima.,False,4,"Hernán Barcos, Alianza Lima, Sporting Cristal, Liga 1 del Fútbol Peruano",2,1,Sporting Cristal,Sporting Cristal | Alianza Lima,423,2643,https://cdn.futbolperuano.com/sdi/2026/09/14/alianza-lima-se-solidarizo-con-hernan-barcos-tras-el-fallecimiento-de-su-madre-1357137.jpg,1200,Hernán Barcos. Foto: Twitter Liga 1,,https://www.futbolperuano.com/liga-1/noticias/alianza-lima-se-solidarizo-con-hernan-barcos-tras-el-fallecimiento-de-su-madre-600499,Joaquín Vásquez,liga-1
Copa Perú: así se disputará la segunda jornada de la Etapa Nacional 2026,Copa Perú: así se disputará la segunda jornada de la Etapa Nacional,"Tras una primera jornada de candela, todo va quedando listo para la fecha 2 de la Etapa Nacional de la Copa Perú 2026.","LaEtapa Nacionalde laCopa Perúya dejó sus primeras sorpresas y los 50 equipos participantes se preparan para afrontar la segunda jornada. Luego de una fecha inicial con resultados contundentes, varios clubes buscarán repetir sus actuaciones, mientras otros tendrán la obligación de recuperarse para no perder terreno en la lucha por avanzar.",6,1,"Tras una primera jornada de candela, todo va quedando listo para la fecha 2 de la Etapa Nacional de la Copa Perú 2026.",True,3,"Copa Perú, Perú, Fútbol Peruano",2,1,Etapa Nacional,Etapa Nacional | Copa Perú,302,1907,https://cdn.futbolperuano.com/sdi/2026/09/14/copa-peru-asi-se-disputara-la-segunda-jornada-de-la-etapa-nacional-1357100.jpg,1200,Todo va quedando listo para la fecha 2 de la Etapa Nacional. Foto: COPA PERÚ VAOPE 2026,,https://www.futbolperuano.com/copa-peru/noticias/copa-peru-asi-se-disputara-la-segunda-jornada-de-la-etapa-nacional-600458,Gabriel Iberico,copa-peru
Universitario hace grave denuncia en contra de Alianza Lima tras su victoria en Matute: “Una vergüenza”,Universitario hace grave denuncia en contra de Alianza Lima tras su victoria en Matute,Universitario de Deportes no quedó conforme con ganar el clásico en Matute y anuncia grave denuncia en contra de Alianza Lima.,"Universitario de Deportescelebró una victoria agónica sobre Alianza Lima en el clásico del fútbol peruano. El conjunto crema se impuso por 2-1 en el Estadio Alejandro Villanueva por la novena fecha delTorneo Clausura 2026, gracias a un gol de Lisandro Alzugaray en la última jugada del encuentro.",9,1,Universitario de Deportes no quedó conforme con ganar el clásico en Matute y anuncia grave denuncia en contra de Alianza Lima.,False,3,"Universitario de Deportes, Alianza Lima, Liga 1 del Fútbol Peruano",2,1,Universitario de Deportes,Universitario de Deportes | Torneo Clausura 2026,390,2580,https://cdn.futbolperuano.com/sdi/2026/09/14/universitario-hace-grave-denuncia-en-contra-de-alianza-lima-tras-su-victoria-en-matute-1357097.jpg,1200,Universitario denuncia a Alianza Lima. Foto: Liga1 Te Apuesto,,https://www.futbolperuano.com/liga-1/noticias/universitario-hace-grave-denuncia-en-contra-de-alianza-lima-tras-su-victoria-en-matute-600455,Gabriel Iberico,liga-1
Con el pie derecho: Domingo Dianderas no tuvo piedad y goleó en su debut en la Etapa Nacional de la Copa Perú 2026,Domingo Dianderas vs. Heraldos Negros: EN VIVO por la Etapa Nacional de la Copa Perú 2026,Domingo Dianderas goleó por 4-0 a Heraldos Negros en Chincha en su debut en la Etapa Nacional de la Copa Perú 2026.,"Domingo Dianderasinició de la mejor forma en laEtapa Nacionalde laCopa Perútras golear por 4-0 aCSD Heraldos Negrosde Huancavelica en el Estadio Félix Castillo Tardio de Chincha, cerrando así la primera jornada de esta tan ansiada etapa del ‘fútbol macho’.",11,2,Domingo Dianderas goleó por 4-0 a Heraldos Negros en Chincha en su debut en la Etapa Nacional de la Copa Perú 2026. | Fecha 1 de la Etapa Nacional - Copa Perú,True,3,"Domingo Dianderas, Heraldos Negros, Copa Perú",3,1,Copa Perú,Copa Perú | Etapa Nacional | Copa Perú,407,2478,https://cdn.futbolperuano.com/sdi/2026/09/14/domingo-dianderas-vs-heraldos-negros-en-vivo-por-la-etapa-nacional-de-la-copa-peru-2026-1357098.jpg,1200,Domingo Dianderas goleó por 4-0 a Heraldos Negros. Foto: Domingo Dianderas FC,,https://www.futbolperuano.com/copa-peru/noticias/domingo-dianderas-vs-heraldos-negros-en-vivo-por-la-etapa-nacional-de-la-copa-peru-2026-600258,Gabriel Iberico,copa-peru
Dura baja: Cienciano no contará con una de sus principales figuras para la vuelta ante Montevideo City por la Copa Sudamericana,Cienciano pierde a su máxima figura para enfrentar a Montevideo City,Cienciano ha recibido un duro golpe tras confirmarse que su principal figura no estará presente en el duelo de vuelta ante Montevideo City.,"Ciencianoconsiguió una importante ventaja en el duelo de ida por los cuartos de final de laCopa Sudamericana, pero la celebración quedó rápidamente empañada por una preocupación que afecta directamente a su plantel. El conjunto cusqueño tendrá que afrontar la revancha en Uruguay con una sensible ausencia que podría modificar sus planes para el decisivo encuentro.",9,1,Cienciano ha recibido un duro golpe tras confirmarse que su principal figura no estará presente en el duelo de vuelta ante Montevideo City.,False,4,"Cienciano, Montevideo City, Copa Sudamericana, Alejandro Hohberg",2,1,Cienciano,Cienciano | Copa Sudamericana,390,2574,https://cdn.futbolperuano.com/sdi/2026/09/14/cienciano-pierde-a-su-maxima-figura-para-enfrentar-a-montevideo-city-1357107.jpg,1200,Figura de Cienciano enciende las alarmas en Cusco. Foto: Club Cienciano,,https://www.futbolperuano.com/copa-sudamericana/noticias/cienciano-pierde-a-su-maxima-figura-para-enfrentar-a-montevideo-city-600470,Gabriel Iberico,copa-sudamericana
Pedro Gallese deslumbra en Colombia y recibe elogios tras atajada que le dio el triunfo a Deportivo Cali: “El mejor de todos”,Pedro Gallese y una atajada clave para el triunfo de Deportivo Cali,Pedro Gallese se lució con una atajada clave en el triunfo de Deportivo Cali por 1-2 en su visita a Once Caldas en el Torneo Clausura colombiano.,"Pedro Gallesevolvió a ser protagonista en el fútbol colombiano y fue determinante para queDeportivo Caliconsiguiera una importante victoria por 1-2 frente a Once Caldas. El conjunto verdiblanco se impuso en el Estadio Palogrande de Manizales por la décima jornada del Torneo Clausura de la Primera A, en un encuentro donde el arquero peruano respondió cuando su equipo más lo necesitaba.",10,1,Pedro Gallese se lució con una atajada clave en el triunfo de Deportivo Cali por 1-2 en su visita a Once Caldas en el Torneo Clausura colombiano.,False,3,"Pedro Gallese, Deportivo Cali, Peruanos en el Exterior",2,1,Pedro Gallese,Pedro Gallese | Deportivo Cali,421,2765,https://cdn.futbolperuano.com/sdi/2026/09/14/pedro-gallese-y-una-atajada-clave-para-el-triunfo-de-deportivo-cali-1357108.jpg,1200,Pedro Gallese. Foto: Deportivo Cali,,https://www.futbolperuano.com/peruanos-en-el-exterior/noticias/pedro-gallese-y-una-atajada-clave-para-el-triunfo-de-deportivo-cali-600472,Gabriel Iberico,peruanos-en-el-exterior
Liga 1: Así se jugarán los partidos de la décima fecha del Torneo Clausura 2026,Liga 1: Así se jugarán los partidos de la décima fecha del Torneo Clausura 2026,"La décima jornada del Torneo Clausura de la Liga 1 2026 enfrentará a los dos líderes, Universitario y Deportivo Garcilaso en Cusco.","La décima fecha delTorneo Clausura 2026de laLiga 1promete partidos importantes en la lucha por los primeros lugares y en la búsqueda de puntos para escalar posiciones. La jornada se disputará desde este viernes 18 hasta el domingo 20 de septiembre, con varios encuentros que podrían generar movimientos en la cima de la tabla, donde actualmente se ubica Universitario.",5,1,"La décima jornada del Torneo Clausura de la Liga 1 2026 enfrentará a los dos líderes, Universitario y Deportivo Garcilaso en Cusco.",True,4,"Liga 1 del Fútbol Peruano, Torneo Clausura, Universitario de Deportes, Deportivo Garcilaso",2,1,Torneo Clausura 2026,Torneo Clausura 2026 | Liga 1,243,1460,https://cdn.futbolperuano.com/sdi/2026/09/13/liga-1-asi-se-jugaran-los-partidos-de-la-decima-fecha-del-torneo-clausura-2026-1357094.jpg,1200,Universitario visita a Garcilaso y Melgar recibe a Boys en esta fecha 10. Foto: Liga1 Te Apuesto,,https://www.futbolperuano.com/liga-1/noticias/liga-1-asi-se-jugaran-los-partidos-de-la-decima-fecha-del-torneo-clausura-2026-600453,Gabriel Iberico,liga-1
Copa Perú: resultados y tabla de posiciones de la fecha 1 de la Etapa Nacional,Copa Perú: resultados y posiciones de la fecha 1 de la Etapa Nacional,La primera fecha de la Etapa Nacional de la Copa Perú 2026 se jugará este fin de semana (sábado 12 y domingo 13).,"LaLiga Nacional de Fútbol Aficionado (LINFA)dio a conocer la programación de la primera fecha de laEtapa Nacionalde laCopa Perú, que se jugará el sábado 12 y el domingo 13 de septiembre en distintas partes del país.",2,2,La primera fecha de la Etapa Nacional de la Copa Perú 2026 se jugará este fin de semana (sábado 12 y domingo 13). | Fecha 1 de la Etapa Nacional - Copa Perú,True,3,"Copa Perú, Perú, Fútbol Peruano",2,1,Etapa Nacional,Etapa Nacional | Copa Perú,58,319,https://cdn.futbolperuano.com/sdi/2026/09/09/copa-peru-resultados-y-posiciones-de-la-fecha-1-de-la-etapa-nacional-1356458.jpg,1200,Copa Perú. Foto: Facebook COPA PERÚ VAOPE 2026,,https://www.futbolperuano.com/copa-peru/noticias/copa-peru-resultados-y-posiciones-de-la-fecha-1-de-la-etapa-nacional-599750,Stewart Luya,copa-peru
Universitario de Deportes no tuvo piedad y consiguió un triunfo que lo mantiene firme en la lucha por las semifinales,Universitario de Deportes goleó y sigue en carrera por la clasificación directa a las semifinales del Torneo Clausura,Universitario de Deportes superó a Flamengo FBC y sumó una nueva victoria que le permite seguir luchando por las semifinales del Clausura.,Universitario de Deporteslogró este domingo 13 de septiembre un importante triunfo anteFlamengo FBCy se mantiene en la lucha por laclasificación directaa lassemifinalesdelTorneo Clausurade laLiga Femenina. Las ‘Merengues’ se impusieron con un contundente 5-0 ante el elenco huancaíno jugando en condición de local.,4,2,Universitario de Deportes superó a Flamengo FBC y sumó una nueva victoria que le permite seguir luchando por las semifinales del Clausura. | Resultados y tablas de posiciones de la fecha 9 del Torneo Clausura - Liga Femenina 2026,True,3,"Universitario de Deportes, Liga Femenina, Torneo Clausura",1,1,Liga Femenina,Liga Femenina,255,1501,https://cdn.futbolperuano.com/sdi/2026/09/13/universitario-de-deportes-goleo-y-sigue-en-carrera-por-la-clasificacion-directa-a-las-semifinales-del-torneo-clausura-1357088.jpg,1200,Universitario de Deportes goleó a Flamengo FBC. Foto: Facebook Liga Femenina,,https://www.futbolperuano.com/futbol-femenino/liga-femenina/universitario-de-deportes-goleo-y-sigue-en-carrera-por-la-clasificacion-directa-a-las-semifinales-del-torneo-clausura-600445,Gabriel Rey,futbol-femenino
"Mr. Peet dispara contra Alejandro Duarte tras grosero blooper que le dio la victoria a Universitario en Matute: ""Otra vez""",Mr. Peet despotricó contra Alejandro Duarte tras grosero blooper que le dio la victoria a Universitario,El periodista deportivo arremetió en contra de Alejandro Duarte tras su grosero error para la victoria de Universitario ante Alianza Lima en Matute.,"Universitario de Deportesconsiguió un triunfo agónico por 2-1 sobre Alianza Lima en el clásico del fútbol peruano. El encuentro, correspondiente a la novena fecha delTorneo Clausura 2026, terminó definiéndose en la última jugada gracias a Lisandro Alzugaray, quien aprovechó un grosero error defensivo de los blanquiazules.",7,1,El periodista deportivo arremetió en contra de Alejandro Duarte tras su grosero error para la victoria de Universitario ante Alianza Lima en Matute.,False,4,"Peter Arévalo, Alejandro Duarte, Alianza Lima, Universitario de Deportes",2,1,Universitario de Deportes,Universitario de Deportes | Torneo Clausura 2026,371,2277,https://cdn.futbolperuano.com/sdi/2026/09/14/mr-peet-despotrico-contra-alejandro-duarte-tras-grosero-blooper-que-le-dio-la-victoria-a-universitario-1357102.jpg,1200,Mr. Peet apunta contra Alejandro Duarte. Foto: Liga1 Te Apuesto / Captura,,https://www.futbolperuano.com/liga-1/noticias/mr-peet-despotrico-contra-alejandro-duarte-tras-grosero-blooper-que-le-dio-la-victoria-a-universitario-600462,Gabriel Iberico,liga-1
ADA Jaén logra agónica clasificación a la Fase Final y deja a la UCV fuera de la pelea por el ascenso en la Liga 2,ADA Jaén vs. Unión Comercio en vivo online por la fecha 18 de la Fase Regional de la Liga 2 2026,ADA Jaén venció al líder Unión Comercio y logró desplazar a la UCV para quedarse con el último boleto a la Fase Final de la Liga 2.,"ADA de Jaénlogró una agónica clasificación a laFase Finalde laLiga 2 2026luego de vencer en condición de local al líderUnión Comercio, quien clasificó como líder del Grupo 1 a pesar de la derrota. El cuadro de Jaén logró desplazar a laUCVdel sexto lugar y sigue soñando con elascenso.",7,4,ADA Jaén venció al líder Unión Comercio y logró desplazar a la UCV para quedarse con el último boleto a la Fase Final de la Liga 2. | Programación de la fecha 18 de la Fase Regional de la Liga 2 2026 | Grupo 1 | Grupo 2,True,3,"Liga 2, ADA de Jaén, Unión Comercio",3,1,Liga 2 2026,Liga 2 2026 | ADA Jaén | Unión Comercio,381,2172,https://cdn.futbolperuano.com/sdi/2026/09/13/ada-jaen-vs-union-comercio-en-vivo-online-por-la-fecha-18-de-la-fase-regional-de-la-liga-2-2026-1357084.jpg,1200,ADA de Jaén dio el golpe en la última jornada y consiguió el último boleto a la Fase Final de la Liga 2. Foto: Facebook Liga 2,,https://www.futbolperuano.com/liga-2/noticias/ada-jaen-vs-union-comercio-en-vivo-online-por-la-fecha-18-de-la-fase-regional-de-la-liga-2-2026-600329,Gabriel Rey,liga-2
Así se jugará la Fase Final de la Liga 2 2026: conoce los grupos por el ascenso y la permanencia,La Liga 2 2026 ya tiene sus grupos para la Fase Final: así se definirá el ascenso y la permanencia,"Con el cierre de la Fase Regular, la Liga 2 ya conoce los grupos que afrontarán la definición por el ascenso y la lucha por salvarse.","Este domingo 13 de septiembre se dio por culminada laFase Regularde laLiga 2 2026, motivo por el cual ya se conoce como se disputará laFase Finalde la competición, tanto en lo que respecta a los grupos por elascensocomo a los dos grupos que lucharán por la permanencia en la segunda división del fútbol nacional.",5,4,"Con el cierre de la Fase Regular, la Liga 2 ya conoce los grupos que afrontarán la definición por el ascenso y la lucha por salvarse. | Resultados de la fecha 18 de la Fase Regional de la Liga 2 2026 | Grupo 1 | Grupo 2",True,3,"Liga 2, Unión Comercio, Comerciantes FC",2,1,Liga 2 2026,Liga 2 2026 | Fase Final,317,1762,https://cdn.futbolperuano.com/sdi/2026/09/13/la-liga-2-2026-ya-tiene-sus-grupos-para-la-fase-final-asi-se-definira-el-ascenso-y-la-permanencia-1357092.jpg,1200,Ya están definidos los grupos de la Fase Final de la Liga 2. Foto: Facebook Liga 2,,https://www.futbolperuano.com/liga-2/noticias/la-liga-2-2026-ya-tiene-sus-grupos-para-la-fase-final-asi-se-definira-el-ascenso-y-la-permanencia-600448,Gabriel Rey,liga-2
Liga 1: Así marcha la Tabla Acumulada luego de jugarse la fecha 9 del Torneo Clausura 2026,Liga 1: Así marcha la Tabla Acumulada luego de jugarse la fecha 9 del Torneo Clausura 2026,"Luego de disputarse la novena fecha del Torneo Clausura 2026, así se mueve también la Tabla Acumulada de la Liga 1.","La novena jornada delTorneo Clausura 2026llegó a su final este domingo 13 de septiembre y dejó importantes movimientos en laTabla Acumuladade laLiga 1. Mientras los principales clubes continúan peleando por los primeros lugares y la clasificación a torneos internacionales, otros equipos miran con preocupación la parte baja de la clasificación.",9,2,"Luego de disputarse la novena fecha del Torneo Clausura 2026, así se mueve también la Tabla Acumulada de la Liga 1. | La Tabla Acumulada de la Liga 1 2026",False,4,"Liga 1 del Fútbol Peruano, Torneo Clausura, Universitario de Deportes, Alianza Lima",2,1,Torneo Clausura 2026,Torneo Clausura 2026 | Liga 1,435,2720,https://cdn.futbolperuano.com/sdi/2026/09/13/liga-1-asi-marcha-la-tabla-acumulada-luego-de-jugarse-la-fecha-9-del-torneo-clausura-2026-1357090.jpg,1200,Universitario se acerca a Alianza Lima en la Tabla Acumulada. Foto: Liga1 Te Apuesto,,https://www.futbolperuano.com/liga-1/noticias/liga-1-asi-marcha-la-tabla-acumulada-luego-de-jugarse-la-fecha-9-del-torneo-clausura-2026-600446,Gabriel Iberico,liga-1
Liga 2: San Martín no pudo cerrar la mejor manera su participación en la Fase Regional y dejó puntos en el camino ante Cantolao,San Martín vs. Cantolao: EN VIVO por la Liga 2,San Martín fue sorprendido por la Academia Cantolao y quedaron igualados por 2-2 en el cierre de la Fase Regional de la Liga 2 2026.,"LaUniversidad San Martínno pudo mantener su ventaja y cerró con un empate su participación en laFase Regionalde laLiga 2 2026.Cantolaolo igualó sobre la hora por 2-2 en el Estadio de la USMP y pese a que no seguirá en la carrera por el ascenso, llegará con buenos ánimos a la pelea por mantenerse en la categoría.",9,4,San Martín fue sorprendido por la Academia Cantolao y quedaron igualados por 2-2 en el cierre de la Fase Regional de la Liga 2 2026. | Programación de la fecha 18 de la Fase Regional de la Liga 2 2026 | Grupo 1 | Grupo 2,True,3,"San Martín, Cantolao, Liga 2",3,1,Liga 2 2026,Liga 2 2026 | Fase Regional | Liga 2 2026,449,2487,https://cdn.futbolperuano.com/sdi/2026/09/13/san-martin-vs-cantolao-en-vivo-por-la-liga-2-1357086.jpg,1200,San Martín igualó por 2-2 ante Cantolao. Foto: Liga2Caliente.pe,,https://www.futbolperuano.com/liga-2/noticias/san-martin-vs-cantolao-en-vivo-por-la-liga-2-600254,Gabriel Iberico,liga-2
Liga 1: resultados y tabla de posiciones de la fecha 9 del Torneo Clausura,Torneo Clausura: resultados y tabla de posiciones de la fecha 9,El clásico entre Alianza Lima y Universitario será el plato fuerte de la novena fecha del Torneo Clausura de la Liga 1.,"La novena fecha delTorneo Clausurade la Liga 1 se jugará del 11 al 13 de septiembre y tendrá como plato fuerte el clásico entreAlianza Lima y Universitario de Deportes, que se disputará este sábado en el Estadio Alejandro Villanueva desde las 20:00 horas (01:00 GMT) y será transmitido a través de L1 MAX (DirecTV, Claro TV, Movistar TV, Win, MiFibra y Cable Visión Perú).",5,2,El clásico entre Alianza Lima y Universitario será el plato fuerte de la novena fecha del Torneo Clausura de la Liga 1. | Resultados de la fecha 9 del Torneo Clausura (Liga 1),True,3,"Liga 1, Torneo Clausura, Fútbol Peruano",2,1,Torneo Clausura,Torneo Clausura | Alianza Lima y Universitario de Deportes,261,1540,https://cdn.futbolperuano.com/sdi/2026/09/10/torneo-clausura-resultados-y-tabla-de-posiciones-de-la-fecha-9-1356669.jpg,1200,Alianza Lima recibe a Universitario en Matute. Foto: Facebook Liga1 Te Apuesto,,https://www.futbolperuano.com/liga-1/noticias/torneo-clausura-resultados-y-tabla-de-posiciones-de-la-fecha-9-599985,Stewart Luya,liga-1
Liga 2 2026: Resultados y tablas de posiciones de la fecha 18 de la Fase Regional,Liga 2 2026: Resultados y tablas de posiciones de la fecha 18 de la Fase Regional,"Este sábado 12 de septiembre se dará inicio a la fecha 18 de la Fase Regional de la Liga 2 2026, la cual culminará el domingo 13.","LaLiga 2 2026se vive al rojo vivo, y estesábado 12 de septiembrese dará inicio a los encuentros de laúltima fechade laFase Regionaldel torneo de ascenso, jornada en donde gran parte de los partidos deberán jugarse en simultáneo, pues se terminarán de definir a los clasificados a la siguiente instancia.",4,4,"Este sábado 12 de septiembre se dará inicio a la fecha 18 de la Fase Regional de la Liga 2 2026, la cual culminará el domingo 13. | Programación de la fecha 18 de la Fase Regional de la Liga 2 2026 | Grupo 1 | Grupo 2",True,3,"Liga 2, Comerciantes FC, Unión Comercio",2,1,Liga 2 2026,Liga 2 2026 | siguiente etapa,263,1505,https://cdn.futbolperuano.com/sdi/2026/09/11/liga-2-2026-resultados-y-tablas-de-posiciones-de-la-fecha-18-de-la-fase-regional-1356834.jpg,1200,Todo ha quedado listo para lo que serán los partidos de la fecha 18 de la Fase Regional de la Liga 2 2026. Foto: Facebook Liga 2,,https://www.futbolperuano.com/liga-2/noticias/liga-2-2026-resultados-y-tablas-de-posiciones-de-la-fecha-18-de-la-fase-regional-600175,Gabriel Rey,liga-2
Una vez más: Juan Reynoso será nuevo entrenador del Necaxa de la Liga MX,Juan Reynoso será nuevo entrenador del Necaxa de la Liga MX,Juan Reynoso volverá a dirigir en el fútbol mexicano tras llegar a un acuerdo con el Necaxa hasta la temporada 2027.,"Juan Reynosotendrá una nueva oportunidad para recuperar protagonismo en el fútbol mexicano. El entrenador peruano fue elegido como nuevo director técnico deNecaxay volverá a dirigir en laLiga MX, competencia que conoce bien luego de haber alcanzado uno de los títulos más importantes de su carrera con Cruz Azul.",11,1,Juan Reynoso volverá a dirigir en el fútbol mexicano tras llegar a un acuerdo con el Necaxa hasta la temporada 2027.,False,4,"Juan Reynoso, Necaxa, Liga MX, Peruanos en el Exterior",2,1,Juan Reynoso,Juan Reynoso | Liga MX,477,3099,https://cdn.futbolperuano.com/sdi/2026/09/13/juan-reynoso-sera-nuevo-entrenador-del-necaxa-de-la-liga-mx-1357082.jpg,1200,Juan Reynoso. Foto: Necaxa / FBC Melgar,,https://www.futbolperuano.com/peruanos-en-el-exterior/noticias/juan-reynoso-sera-nuevo-entrenador-del-necaxa-de-la-liga-mx-600442,Gabriel Iberico,peruanos-en-el-exterior
Sporting Cristal vence a Carlos Mannucci y se mantiene por la senda del triunfo en Liga Femenina 2026,Sporting Cristal vence a Carlos Mannucci y se mantiene por senda del triunfo en Liga Femenina 2026,Sporting Cristal sorprende a Carlos Mannucci en Trujillo por la fecha 9 del Torneo Clausura de la Liga Femenina 2026.,"¡Tres al hilo! El plantel deSporting Cristalreafirmó su gran momento en laLiga Femenina 2026, luego de imponerse por 2-1 aCarlos Mannuccien el Estadio Municipal de Huanchaco por la novena fecha del Torneo Clausura.",9,1,Sporting Cristal sorprende a Carlos Mannucci en Trujillo por la fecha 9 del Torneo Clausura de la Liga Femenina 2026.,False,3,"Sporting Cristal, Carlos Mannucci, Liga Femenina",2,1,Liga Femenina 2026,Liga Femenina 2026 | tabla acumulada,443,2526,https://cdn.futbolperuano.com/sdi/2026/09/13/sporting-cristal-vence-a-carlos-mannucci-y-se-mantiene-por-senda-del-triunfo-en-liga-femenina-2026-1357070.jpg,1200,Sporting Cristal venció a Carlos Mannucci. Foto: Facebook Club Sporting Cristal Femenino,,https://www.futbolperuano.com/futbol-femenino/liga-femenina/sporting-cristal-vence-a-carlos-mannucci-y-se-mantiene-por-senda-del-triunfo-en-liga-femenina-2026-600434,Jorge Cruzalegui,futbol-femenino
Deportivo Llacuabamba no levanta cabeza y afrontará la Fase Final de la Liga 2 con una preocupante racha sin triunfos,Deportivo Llacuabamba vs. Pirata FC en vivo online por la fecha 18 de la Fase Regional de la Liga 2 2026,"Deportivo Llacuabamba igualó ante Pirata FC y cerró la Fase Regular con cuatro partidos sin ganar, quedando tercero de su grupo.",Deportivo Llacuabambapreocupa a su hinchada tras sumar un cuarto partido consecutivo sin victorias en laFase Regularde laLiga 2 2026. En esta ocasión el ‘Llacua’ igualó en casa antePirata FCy se quedó con el tercer lugar del Grupo 2 y se ubicará en el Grupo B de laFase Finaldel torneo de ascenso.,7,4,"Deportivo Llacuabamba igualó ante Pirata FC y cerró la Fase Regular con cuatro partidos sin ganar, quedando tercero de su grupo. | Programación de la fecha 18 de la Fase Regional de la Liga 2 2026 | Grupo 1 | Grupo 2",True,3,"Liga 2, Deportivo Llacuabamba, Pirata FC",3,1,Liga 2 2026,Liga 2 2026 | Pirata FC | Deportivo LLacuabamba,379,2141,https://cdn.futbolperuano.com/sdi/2026/09/13/deportivo-llacuabamba-vs-pirata-fc-en-vivo-online-por-la-fecha-18-de-la-fase-regional-de-la-liga-2-2026-1357069.jpg,1200,Llacuabamba no pudo cerrar la Fase Regular con un triunfo. Foto: Facebook Liga 2,,https://www.futbolperuano.com/liga-2/noticias/deportivo-llacuabamba-vs-pirata-fc-en-vivo-online-por-la-fecha-18-de-la-fase-regional-de-la-liga-2-2026-600327,Gabriel Rey,liga-2
El clásico es 'Albo': Atlético Grau remontó y se mete en la pelea por el Torneo Clausura 2026,Atlético Grau vs. Alianza Atlético: EN VIVO por el Torneo Clausura 2026,Atlético Grau se queda con el clásico de Piura tras vencer por 3-1 a Alianza Atlético en el cierre de la jornada 9 del Torneo Clausura 2026.,"Este domingo 13 de septiembre,Atlético GrauyAlianza Atléticode Sullana se ven las caras en el marco de la novena jornada delTorneo Clausurade laLiga 1 2026El encuentro que se jugará en el Estadio Ambrosio Maco Arroyo está programado para las 15:15 horas (hora peruana) y será transmitido en vivo mediante la señal de L1 MAX. Además, podrásSEGUIR EL MINUTO A MINUTO DEL ENCUENTRO AQUÍ.",8,2,Atlético Grau se queda con el clásico de Piura tras vencer por 3-1 a Alianza Atlético en el cierre de la jornada 9 del Torneo Clausura 2026. | Programación de la Fecha 9 del Torneo Clausura - Liga 1 2026,True,3,"Atlético Grau, Alianza Atlético, Liga 1 del Fútbol Peruano",2,1,Torneo Clausura,Torneo Clausura | Liga 1 2026,405,2562,https://cdn.futbolperuano.com/sdi/2026/09/13/atletico-grau-vs-alianza-atletico-en-vivo-por-el-torneo-clausura-2026-1357087.jpg,1200,Atlético Grau venció por 3-1 a Alianza Atlético. Foto: Liga1 Te Apuesto,,https://www.futbolperuano.com/liga-1/noticias/atletico-grau-vs-alianza-atletico-en-vivo-por-el-torneo-clausura-2026-600259,Gabriel Iberico,liga-1
¡La Liga Peruana de Vóley cambia! La próxima temporada tendrá una nueva fórmula para definir el descenso y estrenará el video challenge desde la primera fecha,"Liga Peruana de Vóley 2026-27 tendrá nuevo sistema de descenso y contará con video challenge desde la primera jornada, anunció Gino Vegas",La Liga Peruana de Vóley 2026-27 tendrá un nuevo sistema para definir el descenso y contará con video challenge desde la primera jornada.,"Cada vez falta menos para el inicio de latemporada 2026-27de laLiga Peruana de Vóley, por lo que desde la FPV ya vienen ultimando detalles de lo que será esta próxima edición de la división de oro del vóley nacional, pues la inclusión del equipo Perú no es la única novedad queGino Vegas, presidente de la FPV, anunció.",4,2,La Liga Peruana de Vóley 2026-27 tendrá un nuevo sistema para definir el descenso y contará con video challenge desde la primera jornada. | Definiciones de la Liga Peruana de Vóley,True,3,"Liga Peruana de Vóley, Vóley, Voleibol",2,1,Liga Peruana de Vóley,Liga Peruana de Vóley | Vóley,263,1516,https://cdn.futbolperuano.com/sdi/2026/09/13/liga-peruana-de-voley-2026-27-tendra-nuevo-sistema-de-descenso-y-contara-con-video-challenge-desde-la-primera-jornada-anuncio-gino-vegas-1357065.jpg,1200,La Liga Peruana de Vóley tendrá un nuevo sistema de descenso y contará con video challenge. Foto: Facebook Liga Peruana de Vóley,,https://www.futbolperuano.com/liga-voley/liga-peruana-de-voley-2026-27-tendra-nuevo-sistema-de-descenso-y-contara-con-video-challenge-desde-la-primera-jornada-anuncio-gino-vegas-600429,Gabriel Rey,liga-voley
Nuevo destino: La voleibolista Ángela Leyva aclaró su futuro tras ser anunciada en importante club de Grecia,Ángela Leyva aclaró su futuro tras ser anunciada en importante club de Grecia,La voleibolista nacional Ángela Leyva continuará su carrera en el extranjero luego de ser confirmada en un importante club de Grecia.,"¡Decisión tomada! Luego de los numerosos rumores sobre su futuro profesional en las últimas semanas, finalmente se confirmó que el destino de lavoleibolista peruana Ángela Leyvaestará en unimportante club de Grecia.",8,1,La voleibolista nacional Ángela Leyva continuará su carrera en el extranjero luego de ser confirmada en un importante club de Grecia.,False,3,"Ángela Leyva, AEK Atenas, Vóley",2,1,voleibolista peruana Ángela Leyva,voleibolista peruana Ángela Leyva | Liga Peruana de Vóley,361,2215,https://cdn.futbolperuano.com/sdi/2026/09/13/angela-leyva-aclaro-su-futuro-tras-ser-anunciada-en-importante-club-de-grecia-1357059.jpg,1200,Ángela Leyva tiene nuevo equipo en Grecia. Foto: Facebook AEK Athletic Club,,https://www.futbolperuano.com/liga-voley/angela-leyva-aclaro-su-futuro-tras-ser-anunciada-en-importante-club-de-grecia-600419,Jorge Cruzalegui,liga-voley
"Programación de HOY, lunes 14 de septiembre de 2026: Horarios del fútbol en vivo por televisión en el Perú","Programación de HOY, lunes 14 de septiembre de 2026: Horarios del fútbol en vivo por televisión en el Perú",Este sábado 12 de septiembre llega con una gran cartelera de partidos que podrás ver en vivo por todo el Perú en TV. Sigue la programación aquí.,"Este lunes 14 de septiembre alístate para una gran jornada de partidos, los cuales podrás disfrutar por TV en todos los rincones del Perú. La jornada empieza desde muy temprano con duelos de alto calibre para el inicio de la semana. Puedes ver laPROGRAMACIÓN COMPLETA AQUÍ.",6,1,Este sábado 12 de septiembre llega con una gran cartelera de partidos que podrás ver en vivo por todo el Perú en TV. Sigue la programación aquí.,False,3,"Programación, Fútbol por TV, Futsal",2,1,PROGRAMACIÓN COMPLETA AQUÍ.,PROGRAMACIÓN COMPLETA AQUÍ. | CONMEBOL Sub 20 Futsal Femenina 2026,323,2005,https://cdn.futbolperuano.com/sdi/2026/09/13/programacion-de-hoy-lunes-14-de-septiembre-de-2026-horarios-del-futbol-en-vivo-por-television-en-el-peru-1357080.jpg,1200,Partidos del lunes 14 de septiembre. Foto: EFE,,https://www.futbolperuano.com/partidos-por-tv/noticias/programacion-de-hoy-lunes-14-de-septiembre-de-2026-horarios-del-futbol-en-vivo-por-television-en-el-peru-600440,Gabriel Iberico,partidos-por-tv
Con gol de Cueva: Sport Boys derrotó a Deportivo Garcilaso y se acerca a la cima del Torneo Clausura 2026,Sport Boys vs Deportivo Garcilaso en vivo online por fecha 9 del Torneo Clausura de Liga 1 2026,Sport Boys y Deportivo Garcilaso se vieron las caras en el Estadio Miguel Grau por la fecha 9 del Torneo Clausura de la Liga 1 2026.,"¡Celebra el Puerto! Con un solitario gol de Christian Cueva de penal,Sport Boysderrotó por la mínima diferencia (1-0) aDeportivo Garcilasoen el Estadio Miguel Grau del Callao por la novena fecha del Torneo Clausura de laLiga 1 2026.",11,2,Sport Boys y Deportivo Garcilaso se vieron las caras en el Estadio Miguel Grau por la fecha 9 del Torneo Clausura de la Liga 1 2026. | PREVIA,False,3,"Sport Boys, Deportivo Garcilaso, Liga 1",3,1,Liga 1 2026,Liga 1 2026 | Liga 1 2026 | Torneo Apertura,531,3018,https://cdn.futbolperuano.com/sdi/2026/09/13/sport-boys-vs-deportivo-garcilaso-en-vivo-online-por-fecha-9-del-torneo-clausura-de-liga-1-2026-1357068.jpg,1200,Christian Cueva anotó frente a Deportivo Garcilaso. Foto: Facebook Liga 1,,https://www.futbolperuano.com/liga-1/noticias/sport-boys-vs-deportivo-garcilaso-en-vivo-online-por-fecha-9-del-torneo-clausura-de-liga-1-2026-600348,Jorge Cruzalegui,liga-1
"Resultados y tabla de posiciones del Campeonato Sudamericano de Voleibol Femenino, con Perú como protagonista",Resultados y tabla de posiciones del Sudamericano de Voleibol Femenino,"Argentina, Brasil, Chile, Colombia, Perú y Venezuela disputarán el Campeonato Sudamericano de Voleibol Femenino del 8 al 13 de septiembre.","Argentina, Brasil (anfitrión), Chile, Colombia,Perúy Venezuela quedaron listos para disputar elCampeonato Sudamericano de Voleibol Femenino, que se celebrará en el Gimnasio Maracanãzinho (Río de Janeiro) del 8 al 13 de septiembre y otorgará un boleto a los Juegos Olímpicos de Los Ángeles 2028 y tres al Campeonato Mundial de Voleibol Femenino de 2027.",3,2,"Argentina, Brasil, Chile, Colombia, Perú y Venezuela disputarán el Campeonato Sudamericano de Voleibol Femenino del 8 al 13 de septiembre. | Programación del Sudamericano de Voleibol Femenino",True,3,"Campeonato Sudamericano de Voleibol Femenino, Perú, Vóley",2,1,Perú,Perú | Campeonato Sudamericano de Voleibol Femenino,176,1214,https://cdn.futbolperuano.com/sdi/2026/09/06/resultados-y-tabla-de-posiciones-del-sudamericano-de-voleibol-femenino-1356040.jpg,1200,Campeonato Sudamericano de Voleibol Femenino. Foto: Facebook FPV - Federación Peruana de Voleibol,,https://www.futbolperuano.com/liga-voley/resultados-y-tabla-de-posiciones-del-sudamericano-de-voleibol-femenino-599293,Stewart Luya,liga-voley
Atlético Torino venció a UD Chulucanas y debutó con triunfo en la Etapa Nacional de la Copa Perú 2026,Atlético Torino vs UD Chulucanas en vivo online por Etapa Nacional de Copa Perú 2026,Atlético Torino recibió al UD Chulucanas en el Estadio Campeonísimo de Talara por la Etapa Nacional de la Copa Perú 2026.,"¡Por todo lo alto! El cuadro deAtlético Torinosufrió más de la cuenta, pero terminó consiguiendo una victoria clave por la mínima diferencia (1-0) frente alUD Chulucanasen el Estadio Campeonísimo de Talara en el arranque de laEtapa Nacionalde laCopa Perú 2026.",11,2,Atlético Torino recibió al UD Chulucanas en el Estadio Campeonísimo de Talara por la Etapa Nacional de la Copa Perú 2026. | PREVIA,False,3,"Atlético Torino, Copa Perú, Unión Deportivo Chulucanas",3,1,Copa Perú 2026,Copa Perú 2026 | Copa Perú 2026 | Copa Perú,537,3157,https://cdn.futbolperuano.com/sdi/2026/09/13/atletico-torino-vs-ud-chulucanas-en-vivo-online-por-etapa-nacional-de-copa-peru-2026-1357077.jpg,1200,Torino sumó sus primeros puntos en la Etapa Nacional. Foto: Facebook Club Atlético Torino,,https://www.futbolperuano.com/copa-peru/noticias/atletico-torino-vs-ud-chulucanas-en-vivo-online-por-etapa-nacional-de-copa-peru-2026-600325,Jorge Cruzalegui,copa-peru
¡ Sergio Peña vuelve al gol! El volante peruano marcó con OFK Beograd y atraviesa un gran momento que podría acercarlo nuevamente a la Selección Peruana,Sergio Peña vuelve a marcar en Serbia y se acerca a la Selección Peruana pese a derrota del OFK Beograd ante Radnicki,"Sergio Peña volvió a marcar con OFK Beograd y mantiene un buen nivel en Serbia, rendimiento que podría acercarlo a la próxima convocatoria de Perú.","Sergio Peñaatraviesa un gran momento con la camiseta delOFK Beogradde la Superliga de Serbia. En esta ocasión, el talentoso volante nacional se reencontró con elgol; sin embargo, no pudo evitar la derrota de su equipo ante el Radnicki, quedándose en el décimo lugar de la Tabla de Posiciones con 10 unidades.",4,2,"Sergio Peña volvió a marcar con OFK Beograd y mantiene un buen nivel en Serbia, rendimiento que podría acercarlo a la próxima convocatoria de Perú. | Peruanos en el exterior (2026)",True,3,"Sergio Peña, Peruanos en el Exterior, Selección Peruana",2,1,Sergio Peña,Sergio Peña | Selección Peruana,228,1289,https://cdn.futbolperuano.com/sdi/2026/09/13/sergio-pena-vuelve-a-marcar-en-serbia-y-se-acerca-a-la-seleccion-peruana-pese-a-derrota-del-ofk-beograd-ante-radnicki-1357049.jpg,1200,Sergio Peña atraviesa un gran momento en Serbia. Foto: Facebook Zvanicna prezentacija OFK Beograd,,https://www.futbolperuano.com/peruanos-en-el-exterior/noticias/sergio-pena-vuelve-a-marcar-en-serbia-y-se-acerca-a-la-seleccion-peruana-pese-a-derrota-del-ofk-beograd-ante-radnicki-600410,Gabriel Rey,peruanos-en-el-exterior
Sporting Cristal se mete en la pelea por el Torneo Clausura tras superar a Deportivo Moquegua,Deportivo Moquegua vs. Sporting Cristal en vivo online por el Torneo Clausura de la Liga 1,CD Moquegua y Sporting Cristal jugaron este sábado 12 de septiembre en el Estadio 25 de Noviembre por la fecha 9 del Torneo Clausura 2026.,"¡No baja los brazos! Con goles de Santiago González y Miguel Araujo,Sporting Cristalsorprendió (2-1) en su visita alDeportivo Moqueguaen el Estadio 25 de Noviembre por la novena fecha del Torneo Clausura de laLiga 1 2026.",12,3,CD Moquegua y Sporting Cristal jugaron este sábado 12 de septiembre en el Estadio 25 de Noviembre por la fecha 9 del Torneo Clausura 2026. | PREVIA | Programación de la Fecha 9 del Torneo Clausura - Liga 1 2026,True,4,"Deportivo Moquegua, Sporting Cristal, Liga 1 del Fútbol Peruano, Liga 1",3,1,Liga 1 2026,Liga 1 2026 | Sporting Cristal | Deportivo Moquegua,574,3399,https://cdn.futbolperuano.com/sdi/2026/09/13/deportivo-moquegua-vs-sporting-cristal-en-vivo-online-por-el-torneo-clausura-de-la-liga-1-1357045.jpg,1200,Plantel de Sporting Cristal celebra en Moquegua. Foto: Facebook Club Sporting Cristal,,https://www.futbolperuano.com/liga-1/noticias/deportivo-moquegua-vs-sporting-cristal-en-vivo-online-por-el-torneo-clausura-de-la-liga-1-600130,Joaquín Vásquez,liga-1
Con Wilder Cartagena: Orlando City llegó a los cinco partidos consecutivos sin caer en la MLS,Con Wilder Cartagena: Orlando City llegó a cinco partidos consecutivos sin caer en MLS,"Orlando City, que contó con el peruano Wilder Cartagena, se impuso a Toronto FC como local por la Major League Soccer (MLS).","¡Alargan la racha!Orlando City, que contó todo el segundo tiempo conWilder Cartagena, logró imponerse (3-0) a Toronto FC en el Inter&Co Stadium y alcanzó los cinco partidos consecutivos sin conocer derrotas en laMajor League Soccer(MLS).",8,1,"Orlando City, que contó con el peruano Wilder Cartagena, se impuso a Toronto FC como local por la Major League Soccer (MLS).",False,3,"Wilder Cartagena, Orlando City, MLS",2,1,Wilder Cartagena,Wilder Cartagena | Major League Soccer,373,2176,https://cdn.futbolperuano.com/sdi/2026/09/13/con-wilder-cartagena-orlando-city-llego-a-cinco-partidos-consecutivos-sin-caer-en-mls-1357043.jpg,1200,"Wilder Cartagena, mediocampista peruano en la MLS. Foto: Facebook Orlando City Soccer Club",,https://www.futbolperuano.com/peruanos-en-el-exterior/noticias/con-wilder-cartagena-orlando-city-llego-a-cinco-partidos-consecutivos-sin-caer-en-mls-600405,Jorge Cruzalegui,peruanos-en-el-exterior
"A la siguiente ronda: LDU de Quito, de Jesús Pretell, clasificó al Grupo de Campeonato de la Liga Pro","LDU de Quito, de Jesús Pretell, clasificó al Grupo de Campeonato de la Liga Pro",Jesús Pretell fue tomado en cuenta en el duelo de LDU de Quito frente al Deportivo Cuenca por la Liga Pro de Ecuador.,"¡Mentalizados en el título! Con la presencia delmediocampista Jesús Pretell,LDU de Quitoigualó a uno (1-1) como local frente al Deportivo Cuenca en la última fecha de la etapa regular de laLiga Pro 2026y confirmó su clasificación alGrupo de Campeonato.",6,2,Jesús Pretell fue tomado en cuenta en el duelo de LDU de Quito frente al Deportivo Cuenca por la Liga Pro de Ecuador. | Peruanos en el exterior (2026),True,3,"Jesús Pretell, LDU de Quito, Liga Pro",2,1,mediocampista Jesús Pretell,mediocampista Jesús Pretell | Liga Pro 2026,287,1643,https://cdn.futbolperuano.com/sdi/2026/09/13/ldu-de-quito-de-jesus-pretell-clasifico-al-grupo-de-campeonato-de-la-liga-pro-1357044.jpg,1200,LDU de Quito sigue firme en la temporada 2026. Foto: Facebook Liga Deportiva Universitaria,,https://www.futbolperuano.com/peruanos-en-el-exterior/noticias/ldu-de-quito-de-jesus-pretell-clasifico-al-grupo-de-campeonato-de-la-liga-pro-600406,Jorge Cruzalegui,peruanos-en-el-exterior
Liga Femenina: Resultados y tabla de posiciones de la Fecha 9 del Torneo Clausura 2026,Resultados y tabla de posiciones de Fecha 9 del Torneo Clausura de Liga Femenina 2026,"Con Alianza Lima como única líder, así quedó la programación de la fecha 9 del Torneo Clausura de la Liga Femenina 2026.","¡Apuntan al líder! Este fin de semana habrá grandes encuentros en laLiga Femeninay es que los equipos participantes buscarán sacar provecho del descanso que tomará Alianza Lima, líder delTorneo Clausura 2026, en esta novena fecha del certamen para acortar distancia en el puntaje.",6,2,"Con Alianza Lima como única líder, así quedó la programación de la fecha 9 del Torneo Clausura de la Liga Femenina 2026. | Resultados y tablas de posiciones de la fecha 9 del Torneo Clausura - Liga Femenina 2026",True,3,"Liga Femenina, Torneo Clausura, Fútbol Femenino",2,1,Liga Femenina,Liga Femenina | tabla acumulada,281,1699,https://cdn.futbolperuano.com/sdi/2026/09/10/resultados-y-tabla-de-posiciones-de-fecha-9-del-torneo-clausura-de-liga-femenina-2026-1356683.jpg,1200,Sporting Cristal marcha segunda en el Torneo Femenino. Foto: Facebook Liga Femenina Apuesta Total?,,https://www.futbolperuano.com/futbol-femenino/liga-femenina/resultados-y-tabla-de-posiciones-de-fecha-9-del-torneo-clausura-de-liga-femenina-2026-599998,Jorge Cruzalegui,futbol-femenino
"Tradición Copera comienza a tomar forma con 10 clubes confirmados, entre ellos varios históricos que buscarán recuperar su lugar en el fútbol profesional peruano",Tradición Copera: estos son los primeros 10 equipos que buscarán un lugar en la Liga 3 2027 y podrían volver al circuito profesional del fútbol peruano,"Diez equipos ya fueron confirmados para la Tradición Copera, torneo que les permitirá competir por un lugar en la Liga 3 2027.","Este domingo 13 de septiembre se dieron a conocer los nombres de los primeros 10 equipos que competirán por un lugar en laLiga 3 2027en la denominadaTradición Copera. Este torneo reunirá a los equipos másemblemáticosdelfútbol peruano, quienes tendrán la oportunidad dereinsertarseen el circuito profesional del balompié nacional.",3,2,"Diez equipos ya fueron confirmados para la Tradición Copera, torneo que les permitirá competir por un lugar en la Liga 3 2027. | Los primeros 10 equipos confirmado en Tradición Copera 2026",True,5,"Tradición Copera, Perú, León de Huánuco, Domingo Dianderas, Coronel Bolognesi",2,1,Tradición Copera,Tradición Copera | Liga 3,150,959,https://cdn.futbolperuano.com/sdi/2026/09/13/tradicion-copera-estos-son-los-primeros-10-equipos-que-buscaran-un-lugar-en-la-liga-3-2027-y-podrian-volver-al-circuito-profesional-del-futbol-peruano-1357056.jpg,1200,Ya son 10 los equipos confirmados en Tradición Copera. Foto: Facebook Tradición Copera,,https://www.futbolperuano.com/peru/mas-del-futbol-peruano/tradicion-copera-estos-son-los-primeros-10-equipos-que-buscaran-un-lugar-en-la-liga-3-2027-y-podrian-volver-al-circuito-profesional-del-futbol-peruano-600420,Gabriel Rey,peru
¿Confianza plena? Pablo Guede contundente sobre el momento de Alejandro Duarte en Alianza Lima,Pablo Guede contundente sobre mal momento de Alejandro Duarte en Alianza Lima,Pablo Guede fue consultado sobre el presente del guardameta Alejandro Duarte luego de la caída de Alianza Lima en el clásico.,"¿Confianza intacta? El plantel deAlianza Limavolvió a dejar dudas en elTorneo Clausura 2026luego de su caída ante Universitario de Deportes en el Estadio Alejandro Villanueva. Pero algunos nombres, como el deAlejandro Duarte, fueron señalados directamente por la hinchada 'blanquiazul'.",10,1,Pablo Guede fue consultado sobre el presente del guardameta Alejandro Duarte luego de la caída de Alianza Lima en el clásico.,False,3,"Pablo Guede, Alejandro Duarte, Alianza Lima",2,1,Alianza Lima,Alianza Lima | Torneo Clausura 2026,426,2613,https://cdn.futbolperuano.com/sdi/2026/09/13/pablo-guede-contundente-sobre-mal-momento-de-alejandro-duarte-en-alianza-lima-1357037.jpg,1200,Alejandro Duarte en un entrenamiento con Alianza. Foto: Facebook Club Alianza Lima,,https://www.futbolperuano.com/liga-1/noticias/pablo-guede-contundente-sobre-mal-momento-de-alejandro-duarte-en-alianza-lima-600400,Jorge Cruzalegui,liga-1
Tiago Cantoro vuelve a marcar en Italia y ya suma dos goles en sus primeros partidos,Tiago Cantoro volvió a marcar en Italia con Vigor Lamezia en la Serie D de Italia,"Tiago Cantoro volvió a marcar con Vigor Lamezia en Italia y ya suma dos goles en dos partidos, confirmando su gran inicio en Europa.","Tiago Cantorocontinúa dejando buenas sensaciones en sus primeros partidos en el fútbol italiano. El delantero peruano fue titular conVigor Lamezia Calcio 1919y volvió a marcar, esta vez en el empate 2-2 anteNuova Igea Virtus, por una nueva jornada de la Serie D.",4,2,"Tiago Cantoro volvió a marcar con Vigor Lamezia en Italia y ya suma dos goles en dos partidos, confirmando su gran inicio en Europa. | Peruanos en el exterior (2026)",True,3,"Tiago Cantoro, Peruanos en el Exterior, Italia",2,1,Tiago Cantoro,Tiago Cantoro | Vigor Lamezia Calcio 1919,176,1065,https://cdn.futbolperuano.com/sdi/2026/09/12/tiago-cantoro-volvio-a-marcar-en-italia-con-vigor-lamezia-en-la-serie-d-de-italia-1357003.jpg,1200,Tiago Cantoro marca por segundo partido consecutivo. Foto: Instagram Vigor Lamezia,,https://www.futbolperuano.com/peruanos-en-el-exterior/noticias/tiago-cantoro-volvio-a-marcar-en-italia-con-vigor-lamezia-en-la-serie-d-de-italia-600351,Joaquín Vásquez,peruanos-en-el-exterior
Universitario de Deportes venció a Alianza Lima en Matute y se quedó con el clásico de la Liga 1,Alianza Lima vs. Universitario en vivo online por el Torneo Clausura de la Liga 1,"Universitario venció 2-1 a Alianza Lima en el clásico por el Torneo Clausura 2026, con goles de Alex Valera y Lisandro Alzugaray.","Universitario de Deportesse quedó con el clásico del fútbol peruano tras vencer 2-1 aAlianza Limaen el Estadio Alejandro Villanueva. Cuando todo parecía encaminado al empate, el cuadro crema encontró la victoria en la última jugada del partido gracias a Lisandro Alzugaray, quien aprovechó un tremendo error de la defensa blanquiazul.",15,1,"Universitario venció 2-1 a Alianza Lima en el clásico por el Torneo Clausura 2026, con goles de Alex Valera y Lisandro Alzugaray.",False,4,"Alianza Lima, Universitario de Deportes, Liga 1 del Fútbol Peruano, Liga 1",3,1,Universitario de Deportes,Universitario de Deportes | Alianza Lima | Universitario,664,4099,https://cdn.futbolperuano.com/sdi/2026/09/13/alianza-lima-vs-universitario-en-vivo-online-por-el-torneo-clausura-de-la-liga-1-1357028.jpg,1200,Universitario golpeó en Matute y venció 2-1 a Alianza Lima. Foto: Twitter Liga 1,,https://www.futbolperuano.com/liga-1/noticias/alianza-lima-vs-universitario-en-vivo-online-por-el-torneo-clausura-de-la-liga-1-599956,Joaquín Vásquez,liga-1
Liga 1: Árbitros del Perú repudian agresión contra Jesús Cartagena tras partido entre UTC y Juan Pablo II,ANDADP exige sanciones tras agresión al árbitro Jesús Cartagena partido UTC vs. Juan Pablo II en la Liga 1,La Asociación Nacional de Árbitros del Perú condenó los actos de violencia contra Jesús Cartagena y exigió sanciones en la Liga 1,"LaAsociación Nacional de Árbitros del Perú (ANDADP)emitió un contundente comunicado tras los hechos de violencia registrados durante el partido entreUTC de Cajamarcay Juan Pablo II, correspondiente a la Liga 1, donde el árbitro principalJesús Cartagenafue víctima de actos de violencia y agresión. El gremio expresó su indignación y exigió que se determinen responsabilidades.",10,2,La Asociación Nacional de Árbitros del Perú condenó los actos de violencia contra Jesús Cartagena y exigió sanciones en la Liga 1 | ANDADP exige investigar y sancionar a los responsables,False,3,"UTC, FC Cajamarca, Liga 1 del Fútbol Peruano",2,1,UTC de Cajamarca,UTC de Cajamarca | Liga 1,400,2674,https://cdn.futbolperuano.com/sdi/2026/09/13/andadp-exige-sanciones-tras-agresion-al-arbitro-jesus-cartagena-partido-utc-vs-juan-pablo-ii-en-la-liga-1-1357025.jpg,1200,ANDADP condena actos de violencia contra Jesús Cartagena durante partido de Liga 1. Foto: Twitter Liga 1,,https://www.futbolperuano.com/liga-1/noticias/andadp-exige-sanciones-tras-agresion-al-arbitro-jesus-cartagena-partido-utc-vs-juan-pablo-ii-en-la-liga-1-600365,Joaquín Vásquez,liga-1
"Mea culpa: Héctor Cúper, técnico de Universitario, se mostró autocrítico pese al triunfo ante Alianza Lima",Universitario: Héctor Cúper autocrítico pese al triunfo sobre Alianza Lima,Héctor Cúper analizó el partido de Universitario de Deportes ante Alianza Lima que se disputó en el Estadio Alejandro Villanueva.,"¡Con calma!Universitario de Deportesconsiguió tres puntos claves frente a Alianza Lima en Matute, no solo porque quedó en la cima de la tabla de posiciones, sino también porque dejó casi sin opciones al cuadro 'blanquiazul' en elTorneo Clausura 2026.",8,1,Héctor Cúper analizó el partido de Universitario de Deportes ante Alianza Lima que se disputó en el Estadio Alejandro Villanueva.,False,3,"Héctor Cúper, Universitario de Deportes, Alianza Lima",2,1,Universitario de Deportes,Universitario de Deportes | Torneo Clausura 2026,371,2241,https://cdn.futbolperuano.com/sdi/2026/09/13/universitario-hector-cuper-autocritico-pese-al-triunfo-sobre-alianza-lima-1357042.jpg,1200,Técnico Héctor Cúper (2026). Foto: Facebook Club Universitario de Deportes,,https://www.futbolperuano.com/liga-1/noticias/universitario-hector-cuper-autocritico-pese-al-triunfo-sobre-alianza-lima-600404,Jorge Cruzalegui,liga-1
Alex Valera apareció y marcó el 1-0 de Universitario de Deportes ante Alianza Lima por el Torneo Clausura,Alex Valera aprovecha la asistencia de Lapadula y marca el 1-0 ante Alianza Lima,"Alex Valera marcó el 1-0 de Universitario ante Alianza Lima en el clásico disputado en Matute, tras asistencia de Gianluca Lapadula.","Universitario de Deportesencontró el primer gol del clásico anteAlianza Lima.Alex Valeraapareció a los 17 minutos del primer tiempo para poner el 1-0 en el Estadio Alejandro Villanueva, luego de una gran acción de Gianluca Lapadula en el contragolpe crema.",12,1,"Alex Valera marcó el 1-0 de Universitario ante Alianza Lima en el clásico disputado en Matute, tras asistencia de Gianluca Lapadula.",False,4,"Alianza Lima, Universitario de Deportes, Alex Valera, Liga 1 del Fútbol Peruano",2,1,Universitario de Deportes,Universitario de Deportes | Alianza Lima,460,2917,https://cdn.futbolperuano.com/sdi/2026/09/13/alex-valera-aprovecha-la-asistencia-de-lapadula-y-marca-el-1-0-ante-alianza-lima-1357021.jpg,1200,Alex Valera aparece y adelanta a Universitario en Matute. Foto: Twitter Difusión,,https://www.futbolperuano.com/liga-1/noticias/alex-valera-aprovecha-la-asistencia-de-lapadula-y-marca-el-1-0-ante-alianza-lima-600372,Joaquín Vásquez,liga-1
El ‘Puma’ Carranza no está presente en Matute para el clásico entre Alianza Lima y Universitario de Deportes,El ‘Puma’ Carranza no llegó a Matute para el clásico entre Alianza Lima y Universitario,Sorpresa en la previa del clásico: el ‘Puma’ Carranza no está en Matute para acompañar a Universitario ante Alianza Lima.,"Universitario de Deportesafrontará este sábado 12 de septiembre una nueva edición del clásico del fútbol peruano anteAlianza Lima. El encuentro, correspondiente a la fecha 9 del Torneo Clausura 2026, se jugará desde las 8:00 p. m. en el Estadio Alejandro Villanueva y tendrá transmisión por L1 MAX.",7,2,Sorpresa en la previa del clásico: el ‘Puma’ Carranza no está en Matute para acompañar a Universitario ante Alianza Lima. | Programación de la Fecha 9 del Torneo Clausura - Liga 1 2026,True,4,"Universitario de Deportes, José Carranza, Liga 1 del Fútbol Peruano, Alianza Lima",2,1,Universitario de Deportes,Universitario de Deportes | Alianza Lima,355,2290,https://cdn.futbolperuano.com/sdi/2026/09/12/el-puma-carranza-no-llego-a-matute-para-el-clasico-entre-alianza-lima-y-universitario-1357010.jpg,1200,La llamativa ausencia del ‘Puma’ Carranza en Matute para el clásico. Foto: Twitter Universitario de Deportes,,https://www.futbolperuano.com/liga-1/noticias/el-puma-carranza-no-llego-a-matute-para-el-clasico-entre-alianza-lima-y-universitario-600357,Joaquín Vásquez,liga-1
Federico Girotti desperdició una clara ocasión de gol para Alianza Lima ante Universitario de Deportes,Federico Girotti tuvo la primera gran chance de Alianza Lima y falló ante Universitario,"Federico Girotti tuvo una clara ocasión para adelantar a Alianza Lima ante Universitario, pero su remate se fue por encima del arco en Matute.","Alianza Limaestuvo muy cerca de encontrar el primer gol del clásico anteUniversitario de Deportesa los 11 minutos del primer tiempo, peroFederico Girottino consiguió aprovechar una clara oportunidad frente al arco de Universitario. El delantero argentino recibió un preciso centro desde el sector derecho y quedó en una posición inmejorable para definir.",7,2,"Federico Girotti tuvo una clara ocasión para adelantar a Alianza Lima ante Universitario, pero su remate se fue por encima del arco en Matute. | Alineaciones oficiales",False,4,"Federico Girotti, Alianza Lima, Universitario de Deportes, Liga 1 del Fútbol Peruano",2,1,Alianza Lima,Alianza Lima | Universitario de Deportes,212,1510,https://cdn.futbolperuano.com/sdi/2026/09/13/federico-girotti-tuvo-la-primera-gran-chance-de-alianza-lima-y-fallo-ante-universitario-1357024.jpg,1200,Federico Girotti recibió un gran centro y falló el primero de Alianza Lima. Foto: Twitter Difusión,,https://www.futbolperuano.com/liga-1/noticias/federico-girotti-tuvo-la-primera-gran-chance-de-alianza-lima-y-fallo-ante-universitario-600379,Joaquín Vásquez,liga-1
"Ignacio Buse, hincha de Universitario, sorprende antes del clásico: “Quiero que gane Alianza”",Ignacio Buse sorprende al referirse sobre Alianza Lima,"Ignacio Buse, hincha confeso de Universitario, sorprendió al dejar polémico comentario sobre Alianza Lima a horas del clásico.","Alianza LimayUniversitario de Deportesse encuentran listos para protagonizar una nueva edición del clásico del fútbol peruano. El esperado enfrentamiento se disputará este sábado 12 de septiembre por la novena fecha delTorneo Clausura 2026y tendrá como escenario el Estadio Alejandro Villanueva, donde ambos buscarán quedarse con un triunfo importante.",8,1,"Ignacio Buse, hincha confeso de Universitario, sorprendió al dejar polémico comentario sobre Alianza Lima a horas del clásico.",True,4,"Ignacio Buse, Alianza Lima, Universitario de Deportes, Liga 1 del Fútbol Peruano",2,1,Alianza Lima,Alianza Lima | Universitario de Deportes,328,2182,https://cdn.futbolperuano.com/sdi/2026/09/13/ignacio-buse-sorprende-al-referirse-sobre-alianza-lima-1357015.jpg,1200,Ignacio Buse. Foto: Andina Club Alianza Lima / Club Universitario de Deportes,,https://www.futbolperuano.com/liga-1/noticias/ignacio-buse-sorprende-al-referirse-sobre-alianza-lima-600362,Gabriel Iberico,liga-1
Alianza Lima vs. Universitario de Deportes: conoce las alineaciones confirmadas del clásico por el Torneo Clausura,Alianza Lima vs. Universitario: ya están confirmadas las alineaciones para el clásico,"Alianza Lima y Universitario ya tienen sus alineaciones confirmadas para el clásico en Matute, con una sorpresa en el once blanquiazul.","Todo quedó listo para una nueva edición del clásico del fútbol peruano.Alianza LimayUniversitario de Deportesya confirmaron sus alineaciones titulares para el duelo de este sábado 12 de septiembre, que se disputará desde las 8:00 p. m. en el Estadio Alejandro Villanueva, por la fecha 9 del Torneo Clausura 2026.",11,3,"Alianza Lima y Universitario ya tienen sus alineaciones confirmadas para el clásico en Matute, con una sorpresa en el once blanquiazul. | Alineaciones oficiales | ¿Quién ganó más clásicos en Matute?",False,3,"Alianza Lima, Universitario de Deportes, Liga 1 del Fútbol Peruano",2,1,Alianza Lima,Alianza Lima | Universitario de Deportes,382,2507,https://cdn.futbolperuano.com/sdi/2026/09/13/alianza-lima-vs-universitario-ya-estan-confirmadas-las-alineaciones-para-el-clasico-1357016.jpg,1200,Así formarán Alianza Lima y Universitario. Foto: Twitter Liga 1,,https://www.futbolperuano.com/liga-1/noticias/alianza-lima-vs-universitario-ya-estan-confirmadas-las-alineaciones-para-el-clasico-600363,Joaquín Vásquez,liga-1
¡No perdonó! Universitario de Deportes derrotó a Amazon Callao y sigue firme en la Liga 3,Universitario vs Amazon Callao EN VIVO por la Liga 3,Universitario de Deportes y Amazon Callao se verán las caras este sábado por la decimoquinta jornada de la Fase Regional de la Liga 3.,"Universitario de Deportesconsiguió una importante victoria en laFase Regional de la Liga 3. El conjunto crema derrotó por 3-0 a Amazon Callao por la decimoquinta fecha del torneo, en un encuentro disputado en el Campo 1 de Campo Mar, y continúa sumando puntos en el Grupo B.",13,2,Universitario de Deportes y Amazon Callao se verán las caras este sábado por la decimoquinta jornada de la Fase Regional de la Liga 3. | PROGRAMACIÓN DEL GRUPO B - LIGA 3,True,3,"Universitario de Deportes, Amazon Callao, Liga 3",4,1,Fase Regional de la Liga 3,Fase Regional de la Liga 3 | Liga 3 | Bicolor+ | SIGUE EL MARCADOR EN VIVO AQUÍ,605,3792,https://cdn.futbolperuano.com/sdi/2026/09/12/universitario-vs-amazon-callao-en-vivo-por-la-liga-3-1356994.jpg,1200,Universitario se impuso ante Amazon Callao en Liga 3. Foto: Instagram Universitario de Deportes,,https://www.futbolperuano.com/liga-3/noticias/universitario-vs-amazon-callao-en-vivo-por-la-liga-3-600290,Stewart Luya,liga-3
"Yordy Reyna fue titular, pero Rodina Moscú volvió a perder y cayó en zona de descenso","ordy Reyna jugó los 90 minutos, pero Rodina Moscú sigue en zona de descenso",Yordy Reyna y Rodina Moscú sumaron su sexta derrota consecutiva en Rusia y ahora se encuentran en zona de descenso.,"Rodina Moscúno encuentra el camino para salir de su complicado momento en la Premier League rusa. ConYordy Reynacomo titular, el conjunto capitalino cayó 2-1 ante Kr. Sovetov por la octava jornada del campeonato y sumó su sexta derrota consecutiva, resultado que lo mantiene en una situación preocupante en la tabla.",9,3,Yordy Reyna y Rodina Moscú sumaron su sexta derrota consecutiva en Rusia y ahora se encuentran en zona de descenso. | Yordy Reyna disputó todo el partido | Próximos partidos de Rodina Moscú,True,3,"Yordy Reyna, Peruanos en el Exterior, Rusia",2,1,Rodina Moscú,Rodina Moscú | Yordy Reyna,338,2045,https://cdn.futbolperuano.com/sdi/2026/09/12/ordy-reyna-jugo-los-90-minutos-pero-rodina-moscu-sigue-en-zona-de-descenso-1356990.jpg,1200,Yordy Reyna. Foto: Instagram Rodina Moscow,,https://www.futbolperuano.com/peruanos-en-el-exterior/noticias/ordy-reyna-jugo-los-90-minutos-pero-rodina-moscu-sigue-en-zona-de-descenso-600339,Joaquín Vásquez,peruanos-en-el-exterior
¡Se le escapó! Bentín Tacna Heroica igualó ante Estudiantil CNI y perdió la oportunidad de tomar el liderato del Grupo 2 de la Liga 3 2026,Estudiantil CNI vs. Bentín Tacna Heroica en vivo online por la fecha 18 de la Fase Regional de la Liga 2 2026,"Bentín Tacna Heroica empató ante Estudiantil CNI y alcanzó los 26 puntos, pero quedó segundo del Grupo 2 por diferencia de goles.","Bentín Tacna Heroicano pudo pasar del empate en su visita aEstudiantil CNIy perdió la oportunidad de quedar líder del Grupo 2 de laLiga 2 2026. El cuadro tacneño alcanzó los 26 puntos, pero la diferencia de goles no jugó a su favor. Por otro lado, Estudiantil CNI deberá luchar por la permanencia.",8,4,"Bentín Tacna Heroica empató ante Estudiantil CNI y alcanzó los 26 puntos, pero quedó segundo del Grupo 2 por diferencia de goles. | Programación de la fecha 18 de la Fase Regional de la Liga 2 2026 | Grupo 1 | Grupo 2",True,3,"Estudiantil CNI, Bentín Tacna Heroica, Liga 2",3,1,Liga 2 2026,Liga 2 2026 | Bentín Tacna Heroica | Estudiantil CNI,394,2261,https://cdn.futbolperuano.com/sdi/2026/09/12/estudiantil-cni-vs-bentin-tacna-heroica-en-vivo-online-por-la-fecha-18-de-la-fase-regional-de-la-liga-2-2026-1356996.jpg,1200,Bentín Tacna Heroica dejó escapar una gran oportunidad ante Estudiantil CNI. Foto: Facebook Liga 2,,https://www.futbolperuano.com/liga-2/noticias/estudiantil-cni-vs-bentin-tacna-heroica-en-vivo-online-por-la-fecha-18-de-la-fase-regional-de-la-liga-2-2026-600249,Gabriel Rey,liga-2
Copa Perú: Cultural Sachapuyos y El Combe le dieron inicio a la Etapa Nacional con un empate en Chachapoyas,Cultural Sachapuyos vs. Combe FC: EN VIVO por la Etapa Nacional de la Copa Perú,Cultural Sachapuyos y El Combe FC igualaron por 1-1 en el inicio de la Etapa Nacional de la Copa Perú 2026 en el Estadio Kuelap.,La tan esperadaEtapa Nacionalde laCopa Perúse dio inicio este sábado 12 de septiembre en el Estadio Kuelap de Chachapoyas con el empate entreCultural Sachapuyospor 1-1 anteEl Combe FC.,9,2,Cultural Sachapuyos y El Combe FC igualaron por 1-1 en el inicio de la Etapa Nacional de la Copa Perú 2026 en el Estadio Kuelap. | Fecha 1 de la Etapa Nacional - Copa Perú,True,3,"Cultural Sachapuyos, Combe FC, Copa Perú",4,1,Etapa Nacional,Etapa Nacional | Copa Perú | Etapa Nacional | Copa Perú,299,1834,https://cdn.futbolperuano.com/sdi/2026/09/12/cultural-sachapuyos-vs-combe-fc-en-vivo-por-la-etapa-nacional-de-la-copa-peru-1356999.jpg,1200,Cultural Sachapuyos 1-1 El Combe. Foto: Club Social Deportivo Cultural Sachapuyos,,https://www.futbolperuano.com/copa-peru/noticias/cultural-sachapuyos-vs-combe-fc-en-vivo-por-la-etapa-nacional-de-la-copa-peru-600247,Gabriel Iberico,copa-peru
Los Chankas sorprenden tras la salida de Walter Paolella y anuncian nueva baja en la Liga 1 2026,Los Chankas anuncian salida de André Vasquez tras mal momento en la Liga 1,Los Chankas atraviesan semanas complicadas y una nueva decisión vuelve a poner al club bajo los reflectores de la Liga 1.,"Las salidas continúan enLos Chankas CYC. El conjunto de Andahuaylas atraviesa un complicado momento en el Torneo Clausura 2026 y, luego de confirmar la salida del entrenador argentino Walter Paolella, el club anunció una nueva baja dentro de su plantel profesional.",8,2,Los Chankas atraviesan semanas complicadas y una nueva decisión vuelve a poner al club bajo los reflectores de la Liga 1. | ¿Qué pasa con Ayrthon Quintana?,False,3,"Los Chankas, Liga 1 del Fútbol Peruano, Liga 1",2,1,Los Chankas CYC,Los Chankas CYC | Ayrthon Quintana,381,2370,https://cdn.futbolperuano.com/sdi/2026/09/12/los-chankas-anuncian-salida-de-andre-vasquez-tras-mal-momento-en-la-liga-1-1356983.jpg,1200,Los Chankas anuncian nueva salida. Foto: Twitter Liga 1,,https://www.futbolperuano.com/liga-1/noticias/los-chankas-anuncian-salida-de-andre-vasquez-tras-mal-momento-en-la-liga-1-600334,Joaquín Vásquez,liga-1
Alianza Lima vs. Universitario: ¿Cuáles son los clásicos más recordados en Matute?,Alianza Lima vs. Universitario: los clásicos más recordados en Matute,"A horas del Alianza Lima vs. Universitario, recordaremos los clásicos más importantes que se han disputado en el Estadio Alejandro Villanueva.","El Estadio Alejandro Villanueva volverá a convertirse en el escenario de una nueva edición del clásico del fútbol peruano. Este sábado 12 de septiembre,Alianza Limarecibirá aUniversitario de Deportespor la novena jornada del Torneo Clausura 2026, en un duelo que tendrá un ingrediente especial: los blanquiazules buscarán volver a derrotar a su eterno rival en Matute después de ocho años.",12,1,"A horas del Alianza Lima vs. Universitario, recordaremos los clásicos más importantes que se han disputado en el Estadio Alejandro Villanueva.",False,3,"Alianza Lima, Universitario de Deportes, Liga 1 del Fútbol Peruano",2,1,Alianza Lima,Alianza Lima | Universitario de Deportes,600,3845,https://cdn.futbolperuano.com/sdi/2026/09/12/alianza-lima-vs-universitario-los-clasicos-mas-recordados-en-matute-1356984.jpg,1200,Los clásicos más recordados en Matute. Foto: Club Universitario de Deportes,,https://www.futbolperuano.com/liga-1/noticias/alianza-lima-vs-universitario-los-clasicos-mas-recordados-en-matute-600335,Gabriel Iberico,liga-1
Alianza Universidad igualó con Binacional y logró su clasificación a la segunda fase de la Liga 2 2026,Binacional vs. Alianza Universidad: EN VIVO por la Liga 2,Deportivo Binacional recibió a Alianza Universidad en Juliaca en el marco de la última jornada de la Fase Regional de la Liga 2 2026.,"¡Primer objetivo alcanzado! Luego de rescatar un merecido empate sin goles (0-0) en el Estadio Nuevo Guillermo Rosamedina de Juliaca frente aDeportivo Binacional, el cuadro deAlianza Universidadde Huánuco aseguró un lugar en la segunda fase de laLiga 2 2026.",9,5,Deportivo Binacional recibió a Alianza Universidad en Juliaca en el marco de la última jornada de la Fase Regional de la Liga 2 2026. | PREVIA | Programación de la fecha 18 de la Fase Regional de la Liga 2 2026 | Grupo 1 | Grupo 2,True,3,"Binacional, Alianza Universidad, Liga 2",3,1,Liga 2 2026,Liga 2 2026 | Fase Regional | Liga 2 2026.,425,2528,https://cdn.futbolperuano.com/sdi/2026/09/12/binacional-vs-alianza-universidad-en-vivo-por-la-liga-2-1356976.jpg,1200,Alianza UDH igualó con Binacional. Foto: Facebook Liga2Caliente.pe,,https://www.futbolperuano.com/liga-2/noticias/binacional-vs-alianza-universidad-en-vivo-por-la-liga-2-600248,Gabriel Iberico,liga-2
Dos al hilo: El peruano Erick Noriega volvió a tropezar con Gremio en el Brasileirao 2026,Erick Noriega volvió a tropezar con Gremio en el Brasileirao 2026,"La escuadra de Gremio, con Erick Noriega de titular, fue superado por Vasco de Gama en la fecha 27 del Brasileirao.",¡Se empieza a hundir!Erick Noriegafue titular y jugó todo el partido en la segunda derrota consecutiva deGremio de Porto Alegreen elBrasileirao. El 'Tricolor' fue superado (1-2) como local este fin de semana porVasco da Gama.,5,2,"La escuadra de Gremio, con Erick Noriega de titular, fue superado por Vasco de Gama en la fecha 27 del Brasileirao. | Peruanos en el exterior (2026)",True,3,"Erick Noriega, Gremio, Brasileirao",2,1,Erick Noriega,Erick Noriega | Brasileirao,273,1596,https://cdn.futbolperuano.com/sdi/2026/09/12/erick-noriega-volvio-a-tropezar-con-gremio-en-el-brasileirao-2026-1356992.jpg,1200,Erick Noriega entrenándose con Gremio de Porto Alegre. Foto: Facebook Grêmio FBPA,,https://www.futbolperuano.com/peruanos-en-el-exterior/noticias/erick-noriega-volvio-a-tropezar-con-gremio-en-el-brasileirao-2026-600343,Jorge Cruzalegui,peruanos-en-el-exterior
Colombia sepulta las esperanzas de Perú en el Sudamericano de Vóley y clasifica al Mundial 2027 tras dejar a la ‘Bicolor’ fuera de la pelea,Colombia vs. Perú en vivo online por la fecha 4 del Sudamericano de Voleibol Femenino,Perú volvió a caer en el Sudamericano de Vóley y quedó fuera de la lucha por el Mundial 2027 tras la victoria de Colombia.,"LaSelección Colombiade Vóley Femenino enterró las esperanzas de la ‘Bicolor’ en elSudamericano de Voleibol Femeninoy el equipo deAntonio Rizolaquedó fuera de la lucha por la clasificación a la próxima copa del mundo al alcanzar su cuarta derrota consecutiva. Las ‘Cafeteras’ se impusieron por3-0con parciales de25-15, 25-19 y 25-20, clasificando así alMundial 2027de Voleibol Femenino.",6,2,Perú volvió a caer en el Sudamericano de Vóley y quedó fuera de la lucha por el Mundial 2027 tras la victoria de Colombia. | Programación del Sudamericano de Voleibol Femenino,True,3,"Selección Peruana de Vóley, Campeonato Sudamericano de Voleibol Femenino, Perú",2,1,Sudamericano de Voleibol Femenino,Sudamericano de Voleibol Femenino | Perú,345,2051,https://cdn.futbolperuano.com/sdi/2026/09/12/colombia-vs-peru-en-vivo-online-por-la-fecha-4-del-sudamericano-de-voleibol-femenino-1356986.jpg,1200,¡Duro golpe! Perú cayó ante Colombia y quedó fuera de la lucha por el Mundial 2027. Foto: voleysur.org,,https://www.futbolperuano.com/liga-voley/colombia-vs-peru-en-vivo-online-por-la-fecha-4-del-sudamericano-de-voleibol-femenino-600236,Gabriel Rey,liga-voley
Dinamo Zagreb perdió ante Osijek con Matteo Pérez Vinlof como titular en Croacia,Dinamo Zagreb perdió ante Osijek con Matteo Pérez Vinlof como titular,Matteo Pérez Vinlof volvió a ser titular con Dinamo Zagreb tras no ser convocado en Copa Croacia y disputó los 90 minutos ante Osijek.,"Dinamo Zagrebno pudo aprovechar la jornada 7 de la liga croata y sufrió una nueva derrota en el campeonato. ConMatteo Pérez Vinlofcomo titular, el conjunto capitalino cayó por 4-2 ante Osijek, resultado que le impidió acercarse al primer lugar de la tabla.",9,2,Matteo Pérez Vinlof volvió a ser titular con Dinamo Zagreb tras no ser convocado en Copa Croacia y disputó los 90 minutos ante Osijek. | Matteo Pérez Vinlof disputó todo el partido,False,3,"Matteo Pérez Vinlof, Dinamo Zagreb, Peruanos en el Exterior",2,1,Dinamo Zagreb,Dinamo Zagreb | Matteo Pérez Vinlof,368,2263,https://cdn.futbolperuano.com/sdi/2026/09/12/dinamo-zagreb-perdio-ante-osijek-con-matteo-perez-vinlof-como-titular-1356985.jpg,1200,Matteo Pérez Vinlof fue titular y su equipo volvió a caer. Foto: Twitter Dinamo Zagreb,,https://www.futbolperuano.com/peruanos-en-el-exterior/noticias/dinamo-zagreb-perdio-ante-osijek-con-matteo-perez-vinlof-como-titular-600336,Joaquín Vásquez,peruanos-en-el-exterior
UTC explota contra la FPF tras polémica derrota ante Juan Pablo II: “Es un chiste. Gracias Lozano”,UTC explota contra la FPF tras polémica derrota ante Juan Pablo II,"UTC sufrió una polémica derrota ante Juan Pablo II y apuntó directamente contra el presidente de la FPF, Agustín Lozano.","UTCatraviesa uno de los momentos más complicados de su temporada en laLiga 1 2026y la derrota ante Juan Pablo II terminó aumentando la tensión. El ‘Gavilán’ cayó 2-1 en el Estadio Héroes de San Ramón, en un partido que acabó suspendido luego de que directivos locales ingresaran al terreno de juego para reclamar contra el árbitro.",7,1,"UTC sufrió una polémica derrota ante Juan Pablo II y apuntó directamente contra el presidente de la FPF, Agustín Lozano.",False,4,"UTC, Agustín Lozano, Liga 1 del Fútbol Peruano, Juan Pablo II",2,1,UTC,UTC | Liga 1 2026,359,2261,https://cdn.futbolperuano.com/sdi/2026/09/13/utc-explota-contra-la-fpf-tras-polemica-derrota-ante-juan-pablo-ii-1357017.jpg,1200,UTC arremete contra la FPF. Foto: UTC Pagina Oficial,,https://www.futbolperuano.com/liga-1/noticias/utc-explota-contra-la-fpf-tras-polemica-derrota-ante-juan-pablo-ii-600364,Gabriel Iberico,liga-1
Alianza Lima vs. Universitario: ¿Quién es el máximo goleador en la historia de los clásicos?,Alianza Lima vs. Universitario: ¿Quién es el máximo goleador en la historia de los clásicos?,"A pocas horas del Alianza Lima vs Universitario, recordaremos a los máximos artilleros en la historia del clásico del fútbol peruano.","Alianza LimayUniversitario de Deportesse preparan para disputar una nueva edición del clásico del fútbol peruano. Ambos equipos se enfrentarán este sábado 12 de septiembre por la novena fecha delTorneo Clausura 2026, en un partido que volverá a paralizar a los aficionados y que tendrá como escenario el Estadio Alejandro Villanueva.",8,1,"A pocas horas del Alianza Lima vs Universitario, recordaremos a los máximos artilleros en la historia del clásico del fútbol peruano.",False,3,"Alianza Lima, Universitario de Deportes, Liga 1 del Fútbol Peruano",2,1,Alianza Lima,Alianza Lima | Universitario de Deportes,363,2365,https://cdn.futbolperuano.com/sdi/2026/09/12/alianza-lima-vs-universitario-quien-es-el-maximo-goleador-en-la-historia-de-los-clasicos-1356972.jpg,1200,Alianza Lima enfrenta a Universitario en Matute. Foto: Liga1 Te Apuesto,,https://www.futbolperuano.com/liga-1/noticias/alianza-lima-vs-universitario-quien-es-el-maximo-goleador-en-la-historia-de-los-clasicos-600326,Gabriel Iberico,liga-1
"Jesús Barco revela la razón por la que decidió rechazar importante oferta de Alianza Lima: ""Agradecimiento""",Jesús Barco revela la razón por la que decidió rechazar importante oferta de Alianza Lima,"Jesús Barco, exjugador de Universitario, reveló que Alianza lima intentó ficharlo y la razón por la cual no aceptó la oferta.","MientrasAlianza LimayUniversitario de Deportesse preparan para protagonizar un nuevo clásico del fútbol peruano, una historia relacionada con ambos equipos volvió a tomar protagonismo.Jesús Barco, exjugador del cuadro crema, recordó una particular experiencia de sus primeros años como futbolista y reveló que tuvo la posibilidad de llegar a Matute, aunque finalmente decidió rechazar la propuesta.",8,1,"Jesús Barco, exjugador de Universitario, reveló que Alianza lima intentó ficharlo y la razón por la cual no aceptó la oferta.",False,4,"Jesús Barco, Alianza Lima, Universitario de Deportes, Liga 1 del Fútbol Peruano",2,1,Alianza Lima,Alianza Lima | Universitario de Deportes,420,2665,https://cdn.futbolperuano.com/sdi/2026/09/12/jesus-barco-revela-la-razon-por-la-que-decidio-rechazar-importante-oferta-de-alianza-lima-1357007.jpg,1200,Jesús Barco. Foto: Club Alianza Lima / Club Universitario de Deportes,,https://www.futbolperuano.com/liga-1/noticias/jesus-barco-revela-la-razon-por-la-que-decidio-rechazar-importante-oferta-de-alianza-lima-600354,Gabriel Iberico,liga-1
Sport Huancayo II cerró de la mejor manera la Fase Regional y aseguró su lugar en la lucha por el campeonato en la Liga 2,Ayacucho FC vs Sport Huancayo EN VIVO por la Liga 2,Sport Huancayo II se hizo fuerte de visitante y venció por 2-0 a Ayacucho FC en el cierre de la Fase Regional de la Liga 2 2026.,"Sport Huancayo IIconsiguió cerrar de la mejor forma su participación en la Fase Regional de laLiga 2tras vencer por 2-0 en su visita aAyacucho FCen el Estadio Las Américas. De esta forma, el ‘Rojo Matador’ aseguró su boleto a la fase de campeonato del ascenso peruano.",11,2,Sport Huancayo II se hizo fuerte de visitante y venció por 2-0 a Ayacucho FC en el cierre de la Fase Regional de la Liga 2 2026. | Resultados de la fecha 18,True,3,"Ayacucho FC, Sport Huancayo, Liga 2",3,1,Liga 2,Liga 2 | Liga 2 | Bicolor+,528,3238,https://cdn.futbolperuano.com/sdi/2026/09/12/ayacucho-fc-vs-sport-huancayo-en-vivo-por-la-liga-2-1356977.jpg,1200,Ayacucho FC 0-2 Sport Huancayo II. Foto: Liga2Caliente.pe,,https://www.futbolperuano.com/liga-2/noticias/ayacucho-fc-vs-sport-huancayo-en-vivo-por-la-liga-2-600201,Stewart Luya,liga-2
No va más: Los Chankas anuncian la salida de Walter Paolella tras complicada situación en el Torneo Clausura,Los Chankas: Walter Paolella deja el cargo de DT,"Los resultados adversos en el Torneo Clausura 2026, obligaron a Los Chankas a destituir al técnico argentino Walter Paolella.","Los Chankasatraviesan uno de sus momentos más complicados de la temporada en elTorneo Clausura 2026. El conjunto de Andahuaylas acumuló cinco derrotas consecutivas, siendo la más reciente el 1-2 frente a FC Cajamarca en condición de local, resultado que terminó agravando su panorama en la segunda parte del campeonato.",10,1,"Los resultados adversos en el Torneo Clausura 2026, obligaron a Los Chankas a destituir al técnico argentino Walter Paolella.",False,3,"Los Chankas, Liga 1 del Fútbol Peruano, Torneo Clausura",2,1,Los Chankas,Los Chankas | Torneo Clausura 2026,435,2862,https://cdn.futbolperuano.com/sdi/2026/09/12/los-chankas-walter-paolella-deja-el-cargo-de-dt-1356965.jpg,1200,Walter Paolella deja Los Chankas. Foto: Los Chankas - CYC,,https://www.futbolperuano.com/liga-1/noticias/los-chankas-walter-paolella-deja-el-cargo-de-dt-600320,Gabriel Iberico,liga-1
¿Quién será el árbitro del Montevideo City vs Cienciano por la Copa Sudamericana?,¿Quién será el árbitro del Montevideo City vs Cienciano en Uruguay?,Cienciano visitará a Montevideo City en un encuentro correspondiente a la vuelta de los cuartos de final de la Copa Sudamericana.,LaComisión de Árbitrosde la Confederación Sudamericana de Fútbol (Conmebol) designó al réferi argentinoMaximiliano Ramírezcomo el encargado de impartir justicia en el duelo que sostendránCiencianoyMontevideo City Torqueen Uruguay.,7,2,Cienciano visitará a Montevideo City en un encuentro correspondiente a la vuelta de los cuartos de final de la Copa Sudamericana. | Vuelta,False,3,"Montevideo City, Cienciano, Copa Sudamericana",2,1,Cienciano,Cienciano | Montevideo City Torque,385,2586,https://cdn.futbolperuano.com/sdi/2026/09/12/quien-sera-el-arbitro-del-montevideo-city-vs-cienciano-en-uruguay-1356966.jpg,1200,Cienciano visitará a Montevideo City. Foto: EFE,,https://www.futbolperuano.com/copa-sudamericana/noticias/quien-sera-el-arbitro-del-montevideo-city-vs-cienciano-en-uruguay-600322,Stewart Luya,copa-sudamericana
Liga Peruana de Vóley: Se confirmó al nuevo equipo que participará en la temporada 2026-27,Nuevo equipo confirmado para la Liga Peruana de Vóley 2026-27,"Finalmente, se confirmaron los 12 los clubes para la Liga Peruana de Vóley 2026-27. ¿Qué equipo de Perú se suma a la competencia?","¡Todo definido! Lo que hasta hace algunas semanas era una total incertidumbre para los hinchas. Finalmente, terminó de esclarecerse este fin de semana y es que se confirmó el nuevo equipo que pasará a formar parte de laLiga Peruana de Vóleyen estatemporada 2026-27.",10,1,"Finalmente, se confirmaron los 12 los clubes para la Liga Peruana de Vóley 2026-27. ¿Qué equipo de Perú se suma a la competencia?",False,3,"Liga Peruana de Vóley, Vóley, Perú",2,1,Liga Peruana de Vóley,Liga Peruana de Vóley | descenso en el campeonato,479,2728,https://cdn.futbolperuano.com/sdi/2026/09/12/nuevo-equipo-confirmado-para-la-liga-peruana-de-voley-2026-27-1356964.jpg,1200,Perú formará parte de la Liga de Vóley 2026-27. Foto: Facebook Liga Peruana de Voley Betsson,,https://www.futbolperuano.com/liga-voley/nuevo-equipo-confirmado-para-la-liga-peruana-de-voley-2026-27-600316,Jorge Cruzalegui,liga-voley
FC Cajamarca derrota a Los Chankas en Andahuaylas y se aleja del descenso,Los Chankas vs FC Cajamarca EN VIVO por el Torneo Clausura,FC Cajamarca visitó este sábado a Los Chankas en un encuentro correspondiente a la novena jornada del Torneo Clausura.,"¡Triunfazo!FC Cajamarcaderrotó2-1aLos Chankasen un encuentro correspondiente a la novena jornada delTorneo Clausura. De esta manera, los cajamarquinos se alejaron del descenso, mientras que los andahuaylinos acrecentaron su mal momento en la temporada y cosecharon su quinta derrota consecutiva.",10,2,FC Cajamarca visitó este sábado a Los Chankas en un encuentro correspondiente a la novena jornada del Torneo Clausura. | PREVIA,False,3,"Los Chankas, FC Cajamarca, Torneo Clausura",4,1,Torneo Clausura,Torneo Clausura | tabla acumulada de la Liga 1 | Torneo Clausura | L1 MAX,558,3619,https://cdn.futbolperuano.com/sdi/2026/09/12/los-chankas-vs-fc-cajamarca-en-vivo-por-el-torneo-clausura-1356957.jpg,1200,FC Cajamarca gana y se aleja del descenso. Foto: Facebook Liga1 Te Apuesto,,https://www.futbolperuano.com/liga-1/noticias/los-chankas-vs-fc-cajamarca-en-vivo-por-el-torneo-clausura-600190,Stewart Luya,liga-1
Unión Minas acabó con la ilusión de Santos FC y avanzó a la segunda ronda de la Liga 2 2026,Unión Minas vs. Santos FC: EN VIVO por la Liga 2,Unión Minas enfrentó a Santos de Nasca en un duelo clave por la última jornada de la Fase Final de la Liga 2 2026.,"¡Triunfo clave!Unión Minasse impuso con solvencia por 2-0 aSantos FCen el Estadio Máximo Arellano y no solo accedió a la Fase Final de laLiga 2 2026, sino que además mandó al cuadro de Nasca al grupo de descenso en el campeonato.",9,5,Unión Minas enfrentó a Santos de Nasca en un duelo clave por la última jornada de la Fase Final de la Liga 2 2026. | PREVIA | Programación de la fecha 18 de la Fase Regional de la Liga 2 2026 | Grupo 1 | Grupo 2,True,3,"Unión Minas, Santos FC, Liga 2",3,1,Liga 2 2026,Liga 2 2026 | Fase Regional | Liga 2 2026,437,2503,https://cdn.futbolperuano.com/sdi/2026/09/12/union-minas-vs-santos-fc-en-vivo-por-la-liga-2-1356979.jpg,1200,Unión Minas se impuso a Santos FC. Foto: Facebook Unión Minas,,https://www.futbolperuano.com/liga-2/noticias/union-minas-vs-santos-fc-en-vivo-por-la-liga-2-600252,Gabriel Iberico,liga-2
¡Fuerte mensaje! CONAR reaccionó a la agresión contra Jesús Cartagena y pidió a los órganos competentes tomar medidas para evitar nuevos episodios,¡CONAR rompe su silencio! Comisión de Árbitros condenó la agresión contra Jesús Cartagena durante el partido entre UTC y Juan Pablo II en Cajamarca,CONAR condenó la agresión sufrida por Jesús Cartagena durante el UTC vs. Juan Pablo II y pidió medidas para evitar nuevos actos de violencia.,"El pasado viernes 11 de septiembre, el árbitroJesús Cartagenafueagredidoen el estadio Héroes de San Ramón por lafecha 9delTorneo Clausurade laLiga 1 2026durante el duelo entre UTC y Juan Pablo II. Esta grave situación ha generado que la Comisión Nacional de Árbitros emita un contundente comunicado condenando dichos actos.",6,3,CONAR condenó la agresión sufrida por Jesús Cartagena durante el UTC vs. Juan Pablo II y pidió medidas para evitar nuevos actos de violencia. | Comunicado de la CONAR con respecto a los incidentes ocurridos en Cajamarca | Programación de la Fecha 9 del Torneo Clausura - Liga 1 2026,True,3,"CONAR, Liga 1 del Fútbol Peruano, UTC",2,1,Liga 1 2026,Liga 1 2026 | UTC,316,1961,https://cdn.futbolperuano.com/sdi/2026/09/12/conar-rompe-su-silencio-comision-de-arbitros-condeno-la-agresion-contra-jesus-cartagena-durante-el-partido-entre-utc-y-juan-pablo-ii-en-cajamarca-1356962.jpg,1200,CONAR se pronunció tras la agresión a Jesús Cartagena. Foto: Youtube Captura - Liga 1,,https://www.futbolperuano.com/liga-1/noticias/conar-rompe-su-silencio-comision-de-arbitros-condeno-la-agresion-contra-jesus-cartagena-durante-el-partido-entre-utc-y-juan-pablo-ii-en-cajamarca-600317,Gabriel Rey,liga-1
"FC Magdeburgo, con Felipe Chávez, volvió al triunfo en la Segunda División de Alemania",Felipe Chávez presente en victoria de FC Magdeburgo en Segunda División de Alemania,"FC Magdeburgo, con el peruano Felipe Chávez, se impuso a Kaiserslautern por la fecha 5 de la Segunda División de Alemania.","¡Sigue sumando minutos! Con la presencia delperuano Felipe Chávezdesde los 73 minutos,FC Magdeburgogoleó como local por un contundente 3-0 a Kaiserslautern en la quinta fecha de laBundesliga 2(Segunda División de Alemania).",9,1,"FC Magdeburgo, con el peruano Felipe Chávez, se impuso a Kaiserslautern por la fecha 5 de la Segunda División de Alemania.",False,3,"Felipe Chávez, Alemania, Peruanos en el Exterior",2,1,peruano Felipe Chávez,peruano Felipe Chávez | Bundesliga 2,422,2496,https://cdn.futbolperuano.com/sdi/2026/09/12/felipe-chavez-presente-en-victoria-de-fc-magdeburgo-en-segunda-division-de-alemania-1356948.jpg,1200,Felipe Chávez en la Bundesliga 2 (cuarta fecha). Foto: Facebook 1. FC Magdeburg,,https://www.futbolperuano.com/peruanos-en-el-exterior/noticias/felipe-chavez-presente-en-victoria-de-fc-magdeburgo-en-segunda-division-de-alemania-600297,Jorge Cruzalegui,peruanos-en-el-exterior
Alianza Lima vs. Universitario: ¿Quién es el jugador que más clásicos ha disputado?,Alianza Lima vs. Universitario: el jugador que más clásicos disputó,Alianza Lima se alista para enfrentarse ante Universitario de Deportes en una nueva edición del clásico del fútbol peruano.,"Alianza LimayUniversitario de Deportesvolverán a encontrarse este sábado 12 de septiembre en el Estadio Alejandro Villanueva, escenario que albergará una nueva edición del clásico del fútbol peruano por la novena jornada del Torneo Clausura 2026. El cuadro blanquiazul será local y tendrá como principal objetivo acabar con una extensa racha sin derrotar a su eterno rival en Matute, la última vez fue en el 2018.",7,1,Alianza Lima se alista para enfrentarse ante Universitario de Deportes en una nueva edición del clásico del fútbol peruano.,False,3,"Alianza Lima, Universitario de Deportes, Liga 1 del Fútbol Peruano",2,1,Alianza Lima,Alianza Lima | Universitario de Deportes,356,2393,https://cdn.futbolperuano.com/sdi/2026/09/12/alianza-lima-vs-universitario-el-jugador-que-mas-clasicos-disputo-1356989.jpg,1200,Alianza Lima enfrenta a Universitario en Matute. Foto: Liga1 Te Apuesto,,https://www.futbolperuano.com/liga-1/noticias/alianza-lima-vs-universitario-el-jugador-que-mas-clasicos-disputo-600340,Gabriel Iberico,liga-1
"Mainz, con Fabio Gruber como titular, sufrió su primera derrota en la Bundesliga 2026-27","Mainz, con Fabio Gruber como titular, sufrió su primera derrota en la Bundesliga","El Mainz, con Fabio Gruber, no pudo en condición de local ante el Eintracht Frankfurt por la tercera jornada de la Bundesliga.","ElMainz, conFabio Gruber, no pudo en condición de local ante elEintracht Frankfurty cayó1-3en un encuentro correspondiente a la tercera jornada de laBundesliga. El defensa peruano disputó los 90 minutos y tuvo un partido discreto.",5,2,"El Mainz, con Fabio Gruber, no pudo en condición de local ante el Eintracht Frankfurt por la tercera jornada de la Bundesliga. | Peruanos en el exterior (2026)",True,3,"Fabio Gruber, Mainz, Bundesliga",2,1,Fabio Gruber,Fabio Gruber | Bundesliga,219,1349,https://cdn.futbolperuano.com/sdi/2026/09/12/mainz-con-fabio-gruber-como-titular-sufrio-su-primera-derrota-en-la-bundesliga-1356954.jpg,1200,Fabio Gruber. Foto: Facebook 1. FSV Mainz 05?,,https://www.futbolperuano.com/peruanos-en-el-exterior/noticias/mainz-con-fabio-gruber-como-titular-sufrio-su-primera-derrota-en-la-bundesliga-600304,Stewart Luya,peruanos-en-el-exterior
"Héctor Cúper afrontará su primer clásico en Matute, pero no será su primera vez ante Alianza Lima: el argentino ya vivió una particular historia en 1996",Héctor Cúper vuelve a Matute para enfrentar a Alianza Lima 30 años después de dirigir a Lanús en la goleada del cuadro argentino por el aniversario íntimo,"Héctor Cúper volverá a Matute para enfrentar a Alianza Lima, 30 años después de su primera visita al estadio como técnico de Lanús.","Este sábado 12 de septiembreUniversitario de Deportesvisitará aAlianza Limaen el Estadio Alejandro Villanueva en elclásico del fútbol peruanopor laFecha 9delTorneo Clausurade laLiga 1 2026, encuentro que significará la primera visita de Héctor Cuper a ‘Matute’ como DT ‘Crema’; sin embargo, esta no será la primera vez que el argento dirija a un equipo ante los ‘Grones’ en dicho estadio.",4,4,"Héctor Cúper volverá a Matute para enfrentar a Alianza Lima, 30 años después de su primera visita al estadio como técnico de Lanús. | Los números de Héctor Cúper en Universitario de Deportes en la Liga 1 2026 | Posibles alineaciones del Alianza Lima vs. Universitario | Programación de la Fecha 9 del Torneo Clausura - Liga 1 2026",True,3,"Héctor Cúper, Universitario de Deportes, Alianza Lima",2,1,Liga 1 2026,Liga 1 2026 | Héctor Cúper,215,1282,https://cdn.futbolperuano.com/sdi/2026/09/12/hector-cuper-vuelve-a-matute-para-enfrentar-a-alianza-lima-30-anos-despues-de-dirigir-a-lanus-en-la-goleada-del-cuadro-argentino-por-el-aniversario-intimo-1356952.jpg,1200,Héctor Cúper ya enfrentó a Alianza Lima en Matute. Foto: Facebook Universitario,,https://www.futbolperuano.com/liga-1/noticias/hector-cuper-vuelve-a-matute-para-enfrentar-a-alianza-lima-30-anos-despues-de-dirigir-a-lanus-en-la-goleada-del-cuadro-argentino-por-el-aniversario-intimo-600301,Gabriel Rey,liga-1
"Sigue sin celebrar: Burnley, con Oliver Sonne, alarga su mal momento en la Championship 2026-27","Burnley, con Oliver Sonne, alarga su mal momento en la Championship 2026-27",El peruano Oliver Sonne fue parte de la derrota de Burnley ante Swansea por la séptima fecha de la Championship 2026-27.,"¡Terrible momento!Burnley, que volvió a contar con elperuano Oliver Sonnecomo titular, fue superado (1-3) en su visita a Swansea por la séptima fecha de laChampionship 2026-27. Con este tropiezo, el equipo del peruano alcanzó siete partidos sin poder ganar en el ascenso inglés.",6,2,El peruano Oliver Sonne fue parte de la derrota de Burnley ante Swansea por la séptima fecha de la Championship 2026-27. | Peruanos en el exterior (2026),True,3,"Oliver Sonne, Burnley, Championship",2,1,peruano Oliver Sonne,peruano Oliver Sonne | Championship 2026-27,292,1690,https://cdn.futbolperuano.com/sdi/2026/09/12/burnley-con-oliver-sonne-alarga-su-mal-momento-en-la-championship-2026-27-1356953.jpg,1200,Foto referencial de Burnley (agosto 2026). Foto: Facebook Burnley Football Club,,https://www.futbolperuano.com/peruanos-en-el-exterior/noticias/burnley-con-oliver-sonne-alarga-su-mal-momento-en-la-championship-2026-27-600302,Jorge Cruzalegui,peruanos-en-el-exterior
Carlos Stein confirma su permanencia en la Liga 3 y este domingo recibirá al Deportivo Lute,Carlos Stein confirma su permanencia en la Liga 3 2026,Carlos Stein (Liga 3) apeló la durísima sanción de la Comisión Disciplinaria de la Liga Nacional de Fútbol Aficionado.,"A través de un comunicado,Carlos Steinreveló que apeló laResolución N.° 013-LINFA-CD-2026de la Comisión Disciplinaria de la Liga Nacional de Fútbol Aficionado y este domingo recibirá con total normalidad alDeportivo Luteen el Estadio Wilberto Herrera Carlín desde las 13:00 horas (18:00 GMT), en un encuentro correspondiente a la decimoquinta jornada de la Fase Regional de laLiga 3.",12,2,Carlos Stein (Liga 3) apeló la durísima sanción de la Comisión Disciplinaria de la Liga Nacional de Fútbol Aficionado. | Comunicado de Carlos Stein,True,3,"Carlos Stein, Liga 3, Deportivo Lute",2,1,Carlos Stein,Carlos Stein | Liga 3,612,3920,https://cdn.futbolperuano.com/sdi/2026/09/12/carlos-stein-confirma-su-permanencia-en-la-liga-3-2026-1356967.jpg,1200,Carlos Stein recibirá al Deportivo Lute. Foto: Facebook AFC. Carlos Stein - Ac. Cristo Rey - Negritos,,https://www.futbolperuano.com/liga-3/noticias/carlos-stein-confirma-su-permanencia-en-la-liga-3-2026-600323,Stewart Luya,liga-3
Sport Huancayo vence a Comerciantes Unidos y se mete en la pelea por el Torneo Clausura,Comerciantes Unidos vs Sport Huancayo EN VIVO por el Torneo Clausura,Sport Huancayo visitó este sábado a Comerciantes Unidos en un encuentro correspondiente a la novena fecha del Torneo Clausura.,"¡Triunfazo!Sport Huancayoderrotó por la mínima diferencia aComerciantes Unidosen un encuentro correspondiente a la novena fecha delTorneo Clausura. De esta manera, el 'Rojo Matador' cosechó su tercera victoria consecutiva, mientras que las 'Águilas Cutervinas' volvieron a tropezar en el campeonato.",9,2,Sport Huancayo visitó este sábado a Comerciantes Unidos en un encuentro correspondiente a la novena fecha del Torneo Clausura. | PREVIA,False,3,"Comerciantes Unidos, Sport Huancayo, Torneo Clausura",4,1,Torneo Clausura,Torneo Clausura | Torneo Clausura | Torneo Clausura | L1 MAX,502,3290,https://cdn.futbolperuano.com/sdi/2026/09/12/comerciantes-unidos-vs-sport-huancayo-en-vivo-por-el-torneo-clausura-1356978.jpg,1200,Sport Huancayo se mete en la pelea por el Torneo Clausura. Foto: Facebook Sport Huancayo Página Oficial,,https://www.futbolperuano.com/liga-1/noticias/comerciantes-unidos-vs-sport-huancayo-en-vivo-por-el-torneo-clausura-600197,Stewart Luya,liga-1
Melgar sorprendió a Cusco FC y escala posiciones en el Torneo Clausura 2026,Cusco FC vs. Melgar: EN VIVO por el Torneo Clausura de la Liga 1,FBC Melgar venció por 1-0 en su visita a Cusco FC en el inicio de la jornada 9 del Torneo Clausura de la Liga 1 2026.,"FBC Melgardio un golpe importante en la lucha por elTorneo Clausuraal imponerse por 1-0 sobreCusco FCen condición de visitante. El cuadro arequipeño consiguió una victoria ajustada, pero valiosa, que le permitió sumar tres puntos y escalar hasta las 17 unidades, dejando a su rival con 15 puntos.",14,2,FBC Melgar venció por 1-0 en su visita a Cusco FC en el inicio de la jornada 9 del Torneo Clausura de la Liga 1 2026. | Programación de la Fecha 9 del Torneo Clausura - Liga 1 2026,True,3,"Cusco FC, Melgar, Liga 1 del Fútbol Peruano",4,1,, | Torneo Clausura | Torneo Clausura | Liga 1 2026,694,4193,https://cdn.futbolperuano.com/sdi/2026/09/12/cusco-fc-vs-melgar-en-vivo-por-el-torneo-clausura-de-la-liga-1-1356921.jpg,1200,Melgar se impone ante Cusco FC. Foto: Liga1 Te Apuesto,,https://www.futbolperuano.com/liga-1/noticias/cusco-fc-vs-melgar-en-vivo-por-el-torneo-clausura-de-la-liga-1-599855,Gabriel Iberico,liga-1
Santos FC expresó su preocupación antes de enfrentar a Unión Minas luego de un viaje de más de 27 horas que afectó el descanso de sus jugadores,"Santos FC pidió reprogramar su partido ante Unión Minas tras realizar un viaje de más de 27 horas, pero la LFPP decidió mantener el horario establecido","Santos FC pidió reprogramar su partido ante Unión Minas tras un viaje de más de 27 horas, pero la LFPP decidió mantener el horario.","Santos FCyUnión Minasse deberán enfrentar este sábado 12 de septiembre desde las13:00 hora peruana(18:00 GMT) por lafecha 18de laFase Regionalde laLiga 2 2026; sin embargo, el cuadro nasqueño pidió la reprogramación del mismo debido al largo viaje que tuvieron que realizar para llegar a la localidad de Tapuc, Pasco.",6,5,"Santos FC pidió reprogramar su partido ante Unión Minas tras un viaje de más de 27 horas, pero la LFPP decidió mantener el horario. | Comunicado de Santos FC de Nasca sobre duelo ante Unión Minas | Programación de la fecha 18 de la Fase Regional de la Liga 2 2026 | Grupo 1 | Grupo 2",True,3,"Santos FC, Liga 2, Unión Minas",2,1,Liga 2 2026,Liga 2 2026 | Santos FC,249,1550,https://cdn.futbolperuano.com/sdi/2026/09/12/santos-fc-pidio-reprogramar-su-partido-ante-union-minas-tras-realizar-un-viaje-de-mas-de-27-horas-pero-la-lfpp-decidio-mantener-el-horario-establecido-1356955.jpg,1200,Santos FC viajó más de 27 horas y pidió reprogramar su partido ante Unión Minas. Foto: Facebook Liga 2,,https://www.futbolperuano.com/liga-2/noticias/santos-fc-pidio-reprogramar-su-partido-ante-union-minas-tras-realizar-un-viaje-de-mas-de-27-horas-pero-la-lfpp-decidio-mantener-el-horario-establecido-600307,Gabriel Rey,liga-2
Carlos Stein se niega a dejar de participar en la Liga 3 tras su descenso a la Copa Perú,Carlos Stein se niega a dejar de participar en la Liga 3 2026,La Comisión Disciplinaria de la Liga Nacional de Fútbol Aficionado sancionó duramente a Carlos Stein y lo descalificó de la Liga 3.,"A través de un comunicado,Carlos Stein, club que recibió una fuerte sanción de la Comisión Disciplinaria de la Liga Nacional de Fútbol Aficionado y fue descendido a laCopa Perú 2027, reveló que presentará un recurso de apelación y se niega a dejar de participar en laLiga 3.",13,2,La Comisión Disciplinaria de la Liga Nacional de Fútbol Aficionado sancionó duramente a Carlos Stein y lo descalificó de la Liga 3. | Comunicado,True,3,"Carlos Stein, Liga 3, Copa Perú",2,1,Carlos Stein,Carlos Stein | Liga 3,719,4545,https://cdn.futbolperuano.com/sdi/2026/09/12/carlos-stein-se-niega-a-dejar-de-participar-en-la-liga-3-2026-1356946.jpg,1200,Carlos Stein se niega a dejar de participar en la Liga 3. Foto: Facebook AFC. Carlos Stein - Ac. Cristo Rey - Negritos,,https://www.futbolperuano.com/liga-3/noticias/carlos-stein-se-niega-a-dejar-de-participar-en-la-liga-3-2026-600296,Stewart Luya,liga-3
Sport Boys alista un gran cambio para el centenario: nueva marca deportiva los vestirá en el 2027,Sport Boys alista un gran cambio en su camiseta para el centenario,"Sport Boys renovará su vínculo con Marathon de cara a su centenario en el 2027, pero ya no será Astro la marca de la indumentaria.","Sport Boysatraviesa uno de sus mejores momentos en elTorneo Clausura 2026y mantiene la ilusión de pelear por los primeros lugares. El buen rendimiento del conjunto chalaco ha despertado entusiasmo entre sus hinchas, especialmente porque la institución ya comienza a mirar hacia una temporada muy especial: la de su centenario.",10,1,"Sport Boys renovará su vínculo con Marathon de cara a su centenario en el 2027, pero ya no será Astro la marca de la indumentaria.",False,3,"Sport Boys, Marathon, Liga 1 del Fútbol Peruano",2,1,Sport Boys,Sport Boys | Torneo Clausura 2026,399,2583,https://cdn.futbolperuano.com/sdi/2026/09/12/sport-boys-alista-un-gran-cambio-en-su-camiseta-para-el-centenario-1356902.jpg,1200,Sport Boys. Foto: Club Sport Boys Association,,https://www.futbolperuano.com/liga-1/noticias/sport-boys-alista-un-gran-cambio-en-su-camiseta-para-el-centenario-600243,Gabriel Iberico,liga-1
Liga 1: ¿Cuándo se jugará el partido entre Deportivo Moquegua y Sporting Cristal?,¿Cuándo se jugará el partido entre Deportivo Moquegua y Sporting Cristal?,Deportivo Moquegua y Sporting Cristal se verán las caras en un encuentro correspondiente a la novena fecha del Torneo Clausura 2026.,"A través de un comunicado, laLiga de Fútbol Profesional Peruanainformó que, debido a factores climatológicos que impidieron el arribo del plantel deSporting Cristala la ciudad de Tacna para hacer la conexión terrestre a Moquegua, el partido anteDeportivo Moqueguafue reprogramado para este domingo 13 desde las 10:00 horas (15:00 GMT) en el Estadio 25 de Noviembre.",9,2,Deportivo Moquegua y Sporting Cristal se verán las caras en un encuentro correspondiente a la novena fecha del Torneo Clausura 2026. | Comunicado,False,3,"Deportivo Moquegua, Sporting Cristal, Liga 1",2,1,Sporting Cristal,Sporting Cristal | Deportivo Moquegua,393,2673,https://cdn.futbolperuano.com/sdi/2026/09/12/cuando-se-jugara-el-partido-entre-deportivo-moquegua-y-sporting-cristal-1356937.jpg,1200,Deportivo Moquegua recibe a Sporting Cristal. Foto: Liga de Fútbol Profesional (LFP),,https://www.futbolperuano.com/liga-1/noticias/cuando-se-jugara-el-partido-entre-deportivo-moquegua-y-sporting-cristal-600286,Stewart Luya,liga-1
¡Escándalo en Cajamarca! El partido entre UTC y Juan Pablo II terminó suspendido luego de una agresión contra el árbitro Cartagena,UTC vs Juan Pablo II EN VIVO por el Torneo Clausura,"Juan Pablo II complicó todavía más a UTC tras lograr un agónico triunfo en Cajamarca, en un partido que terminó suspendido por una agresión.",Juan Pablo IIlogró un agónico triunfo anteUTCen condición de visitante en un duelo que en los minutos finales tuvo que sersuspendidodebido a una agresión en contra del árbitro Cartagena luego de la segunda expulsión de UTC en el encuentro. De esta forma los cajamarquinos siguen complicando su permanencia en laLiga 1.,11,2,"Juan Pablo II complicó todavía más a UTC tras lograr un agónico triunfo en Cajamarca, en un partido que terminó suspendido por una agresión. | Posibles convocados",False,3,"UTC, Juan Pablo II, Liga 1",3,1,Liga 1.,Liga 1. | Torneo Clausura | L1 MAX,650,3967,https://cdn.futbolperuano.com/sdi/2026/09/11/utc-vs-juan-pablo-ii-en-vivo-por-el-torneo-clausura-1356883.jpg,1200,Juan Pablo II ganó en Cajamarca y el duelo ante UTC tuvo que ser suspendido tras una agresión al árbitro. Foto: Facebook Liga 1,,https://www.futbolperuano.com/liga-1/noticias/utc-vs-juan-pablo-ii-en-vivo-por-el-torneo-clausura-599970,Stewart Luya,liga-1
José Carvallo calienta la previa al clásico y recuerda la final del 2023: “En Matute perdí poco”,José Carvallo y su picante mensaje en la previa al clásico,"José Carvallo, exportero de Universitario, recordó sus enfrentamientos ante Alianza Lima, especialmente la final del 2023 en Matute.","A pocos días de una nueva edición del clásico del fútbol peruano,José Carvallorecordó sus principales experiencias enfrentando aAlianza Limadurante su etapa como arquero deUniversitario de Deportes. El exguardameta crema repasó sus antecedentes contra el cuadro blanquiazul y dejó una particular declaración sobre sus resultados jugando en el estadio Alejandro Villanueva.",8,1,"José Carvallo, exportero de Universitario, recordó sus enfrentamientos ante Alianza Lima, especialmente la final del 2023 en Matute.",False,4,"José Carvallo, Universitario de Deportes, Alianza Lima, Liga 1 del Fútbol Peruano",2,1,Alianza Lima,Alianza Lima | Universitario de Deportes,402,2514,https://cdn.futbolperuano.com/sdi/2026/09/11/jose-carvallo-y-su-picante-mensaje-en-la-previa-al-clasico-1356882.jpg,1200,José Carvallo habló sobre el clásico. Foto: @josecarvallo86,,https://www.futbolperuano.com/liga-1/noticias/jose-carvallo-y-su-picante-mensaje-en-la-previa-al-clasico-600224,Gabriel Iberico,liga-1
¡Golpe durísimo! Carlos Stein fue descendido a la Copa Perú y recibió una fuerte sanción tras no disputar su partido ante Juventud Santo Domingo,LINFA sanciona a Carlos Stein con descenso automático y lo deja fuera de la Liga 3 durante tres temporadas tras el caso ante Juventud Santo Domingo,"La LINFA sancionó a Carlos Stein tras el caso ante Juventud Santo Domingo y decretó su descenso automático, además de impedirle volver a Liga 3.","Tras varias semanas de incertidumbre, laLiga Nacional de Fútbol Aficionado(LINFA) finalmente se pronunció con respecto al duelo entreCarlos SteinyJuventud Santo Domingo, encuentro que no llegó a disputarse al no contar con las garantías mínimas de seguridad exigidas para desarrollar los duelos de laLiga 3 2026.",14,2,"La LINFA sancionó a Carlos Stein tras el caso ante Juventud Santo Domingo y decretó su descenso automático, además de impedirle volver a Liga 3. | Resolución de la LINFA",False,3,"Liga 3, Carlos Stein, Copa Perú",2,1,Liga 3 2026,Liga 3 2026 | Copa Perú,754,4767,https://cdn.futbolperuano.com/sdi/2026/09/11/linfa-sanciona-a-carlos-stein-con-descenso-automatico-y-lo-deja-fuera-de-la-liga-3-durante-tres-temporadas-tras-el-caso-ante-juventud-santo-domingo-1356857.jpg,1200,Carlos Stein fue descendido y quedó impedido de regresar a Liga 3 durante las próximas tres temporadas. Foto: Facebook Carlos Stein,,https://www.futbolperuano.com/liga-3/noticias/linfa-sanciona-a-carlos-stein-con-descenso-automatico-y-lo-deja-fuera-de-la-liga-3-durante-tres-temporadas-tras-el-caso-ante-juventud-santo-domingo-600199,Gabriel Rey,liga-3
DT de Montevideo City Torque habló tras caer ante Cienciano: “La llave está abierta”,Marcelo Méndez y su mensaje tras el 2-0 de Cienciano por la Copa Sudamericana,"Cienciano derrotó 2-0 a Montevideo City , pero el técnico Marcelo Méndez dejó claro que su equipo buscará revertir la serie.","Montevideo City Torqueno pudo conseguir el resultado que esperaba en Cusco y terminó cayendo 2-0 anteCiencianopor el partido de ida de los cuartos de final de laCopa Sudamericana. Sin embargo, pese a la derrota y a la ventaja conseguida por el conjunto imperial, el entrenador del cuadro uruguayo,Marcelo Méndez, dejó claro que su equipo todavía confía en darle vuelta a la serie en el partido de vuelta.",10,2,"Cienciano derrotó 2-0 a Montevideo City , pero el técnico Marcelo Méndez dejó claro que su equipo buscará revertir la serie. | Marcelo Méndez no se resigna tras el 2-0 de Cienciano",False,3,"Cienciano, Montevideo City, Copa Sudamericana",3,1,Cienciano,Cienciano |  | Copa Sudamericana,367,2269,https://cdn.futbolperuano.com/sdi/2026/09/11/marcelo-mendez-y-su-mensaje-tras-el-2-0-de-cienciano-por-la-copa-sudamericana-1356820.jpg,1200,"Tras el 2-0 de Cienciano, DT de Montevideo City avisa que lo buscarán en Uruguay. Foto: Twitter Montevideo City Torque",,https://www.futbolperuano.com/copa-sudamericana/noticias/marcelo-mendez-y-su-mensaje-tras-el-2-0-de-cienciano-por-la-copa-sudamericana-600158,Joaquín Vásquez,copa-sudamericana
"Programación de HOY, sábado 12 de septiembre de 2026: Horarios del fútbol en vivo por televisión en el Perú","Programación de HOY, sábado 12 de septiembre de 2026: Horarios del fútbol en vivo por televisión en el Perú",Este sábado 12 de septiembre llega con una gran cartelera de partidos que podrás ver en vivo por todo el Perú en TV. Sigue la programación aquí.,"Este sábado 12 de septiembre alístate para una gran jornada de partidos, los cuales podrás disfrutar por TV en todos los rincones del Perú. La jornada empieza desde muy temprano con duelos de alto calibre para el inicio de la semana. Puedes ver laPROGRAMACIÓN COMPLETA AQUÍ.",9,1,Este sábado 12 de septiembre llega con una gran cartelera de partidos que podrás ver en vivo por todo el Perú en TV. Sigue la programación aquí.,False,3,"Fútbol por TV, Programación, Liga 1 del Fútbol Peruano",2,1,PROGRAMACIÓN COMPLETA AQUÍ.,PROGRAMACIÓN COMPLETA AQUÍ. | Torneo Clausura,408,2455,https://cdn.futbolperuano.com/sdi/2026/09/11/programacion-de-hoy-sabado-12-de-septiembre-de-2026-horarios-del-futbol-en-vivo-por-television-en-el-peru-1356861.jpg,1200,Partidos del sábado 12 de septiembre. Foto: Liga1 Te Apuesto,,https://www.futbolperuano.com/partidos-por-tv/noticias/programacion-de-hoy-sabado-12-de-septiembre-de-2026-horarios-del-futbol-en-vivo-por-television-en-el-peru-600207,Gabriel Iberico,partidos-por-tv
Marcos López sigue fuera: Copenhague ganó y se mantiene líder en Dinamarca,Marcos López continúa recuperándose de su lesión y Copenhague volvió a ganar,"Marcos López volvió a quedar fuera por lesión, mientras Copenhague venció 2-0 a AC Horsens y se mantiene como líder del Grupo A con 21 puntos.","Marcos Lópezvolvió a quedar fuera de la convocatoria delCopenhague, que enfrentó aAC Horsenspor una nueva jornada de la Superliga Danesa. El lateral peruano no fue considerado por el comando técnico debido a que continúa recuperándose de una lesión que le impide estar disponible para el equipo.",3,2,"Marcos López volvió a quedar fuera por lesión, mientras Copenhague venció 2-0 a AC Horsens y se mantiene como líder del Grupo A con 21 puntos. | Peruanos en el exterior (2026)",True,3,"Marcos López, Copenhague, Peruanos en el Exterior",2,1,Marcos López,Marcos López | Copenhague,143,887,https://cdn.futbolperuano.com/sdi/2026/09/11/marcos-lopez-continua-recuperandose-de-su-lesion-y-copenhague-volvio-a-ganar-1356838.jpg,1200,Marcos López. Foto: Twitter FC Kobenhavn,,https://www.futbolperuano.com/peruanos-en-el-exterior/noticias/marcos-lopez-continua-recuperandose-de-su-lesion-y-copenhague-volvio-a-ganar-600178,Joaquín Vásquez,peruanos-en-el-exterior
Alianza Lima vs. Universitario: Posibles alineaciones para el clásico del fútbol peruano en la fecha 9 del Torneo Clausura de la Liga 1,Alianza Lima vs. Universitario: Posibles alineaciones para el clásico del fútbol peruano en la fecha 9 del Torneo Clausura de la Liga 1,Alianza Lima y Universitario alistan sus mejores hombres para el clásico del fútbol peruano por la fecha 9 del Torneo Clausura.,"A falta de pocas horas para el inicio delclásico del fútbol peruanoentreAlianza LimayUniversitario de Deportespor la fecha 9 delTorneo Clausurade laLiga 1 2026, ambas escuadras vienen afinando detalles en lo que respecta a su once inicial, donde buscarán alinear a sus mejores hombres para quedarse con los 3 puntos.",4,3,Alianza Lima y Universitario alistan sus mejores hombres para el clásico del fútbol peruano por la fecha 9 del Torneo Clausura. | Posibles alineaciones del Alianza Lima vs. Universitario | Programación de la Fecha 9 del Torneo Clausura - Liga 1 2026,True,3,"Alianza Lima, Universitario de Deportes, Liga 1 del Fútbol Peruano",2,1,clásico del fútbol peruano,clásico del fútbol peruano | Liga 1 2026,220,1327,https://cdn.futbolperuano.com/sdi/2026/09/11/alianza-lima-vs-universitario-posibles-alineaciones-para-el-clasico-del-futbol-peruano-en-la-fecha-9-del-torneo-clausura-de-la-liga-1-1356870.jpg,1200,Alianza Lima y Universitario van definiendo sus alineaciones para el clásico del fútbol peruano. Foto: Facebook Liga 1,,https://www.futbolperuano.com/liga-1/noticias/alianza-lima-vs-universitario-posibles-alineaciones-para-el-clasico-del-futbol-peruano-en-la-fecha-9-del-torneo-clausura-de-la-liga-1-600213,Gabriel Rey,liga-1
"'Puma' Carranza y su polémico sentir sobre regresar a Matute para el clásico: ""Me hace...""",'Puma' Carranza y su polémico sentir sobre regresar a Matute para el clásico,José Luis Carranza será parte de la delegación de Universitario para visitar a Alianza Lima en Matute por la fecha 9 del Torneo Clausura 2026.,"Alianza LimayUniversitario de Deportesvolverán a protagonizar una nueva edición del clásico del fútbol peruano este sábado 12 de septiembre. El encuentro, correspondiente a la fecha 9 delTorneo Clausura 2026, se disputará en el Estadio Alejandro Villanueva desde las 8:00 p. m. y será transmitido en vivo por L1 MAX.",9,1,José Luis Carranza será parte de la delegación de Universitario para visitar a Alianza Lima en Matute por la fecha 9 del Torneo Clausura 2026.,False,4,"José Luis Carranza, Universitario de Deportes, Alianza Lima, Liga 1 del Fútbol Peruano",2,1,Universitario de Deportes,Universitario de Deportes | Torneo Clausura 2026,382,2426,https://cdn.futbolperuano.com/sdi/2026/09/11/puma-carranza-y-su-polemico-sentir-sobre-regresar-a-matute-para-el-clasico-1356891.jpg,1200,José Luis 'Puma' Carranza. Foto: Difusión ,,https://www.futbolperuano.com/liga-1/noticias/puma-carranza-y-su-polemico-sentir-sobre-regresar-a-matute-para-el-clasico-600234,Gabriel Iberico,liga-1
Jorge Espejo tendrá su primera experiencia internacional como entrenador tras ser anunciado por Jaguares de Chiapas de la segunda división del fútbol mexicano,Jorge Espejo da el salto al fútbol internacional tras su paso por Sport Boys y es anunciado como nuevo entrenador de Jaguares de Chiapas en México,Jorge Espejo fue anunciado como nuevo entrenador de Jaguares de Chiapas y tendrá su primera experiencia internacional al mando de un club.,"Tras su último paso como gerente deportivo deSport Boys,Jorge Espejofue anunciado este viernes 11 de septiembre como nuevo entrenador delJaguares de Chiapasde lasegunda divisióndelfútbol mexicano, convirtiéndose en uno de los pocos entrenadores peruanos en actividad que militan en el futbol internacional.",4,2,Jorge Espejo fue anunciado como nuevo entrenador de Jaguares de Chiapas y tendrá su primera experiencia internacional al mando de un club. | Peruanos en el exterior (2026),True,3,"Peruanos en el Exterior, Jorge Espejo, Perú",2,1,Jorge Espejo,Jorge Espejo | Martín Dall’Orso,220,1423,https://cdn.futbolperuano.com/sdi/2026/09/11/jorge-espejo-da-el-salto-al-futbol-internacional-tras-su-paso-por-sport-boys-y-es-anunciado-como-nuevo-entrenador-de-jaguares-de-chiapas-en-mexico-1356810.jpg,1200,El fútbol internacional le abre las puertas a Jorge Espejo. Foto: Facebook Jaguares de Chiapas,,https://www.futbolperuano.com/peruanos-en-el-exterior/noticias/jorge-espejo-da-el-salto-al-futbol-internacional-tras-su-paso-por-sport-boys-y-es-anunciado-como-nuevo-entrenador-de-jaguares-de-chiapas-en-mexico-600144,Gabriel Rey,peruanos-en-el-exterior
"Partidos de Hoy, viernes 11 de septiembre del 2026: Horarios del fútbol en vivo por televisión en el Perú",Programación de partidos por TV del viernes 11 de septiembre del 2026,"El viernes 11 de septiembre estará cargado de mucho fútbol en el mundo, y sabrás dónde verlo en la parrilla de fútbol por TV.","El fútbol no se detiene y este viernes 11 de septiembre de 2026 lo podremos disfrutar más que nunca, pues varias de las ligas a lo largo del mundo comienzan a reiniciarse, así como los torneos internacionales más importantes; por ello, te traemos los duelos más esperados por los hinchas. Recuerda que puedes ver la programación deFútbol por TVcompleta en Futbolperuano.com.",6,2,"El viernes 11 de septiembre estará cargado de mucho fútbol en el mundo, y sabrás dónde verlo en la parrilla de fútbol por TV. | Sigue la competencia en el Perú",False,3,"Fútbol por TV, Fútbol, Liga 1",2,1,Fútbol por TV,Fútbol por TV | Fútbol por TV,378,2181,https://cdn.futbolperuano.com/sdi/2026/09/10/programacion-de-partidos-por-tv-del-viernes-11-de-septiembre-del-2026-1356668.jpg,1200,Fútbol por TV: viernes 11 de septiembre de 2026. Foto: EFE,,https://www.futbolperuano.com/partidos-por-tv/noticias/programacion-de-partidos-por-tv-del-viernes-11-de-septiembre-del-2026-599984,Jorge Cruzalegui,partidos-por-tv
¿Kevin Quevedo vuelve para el clásico? Alianza Lima evalúa convocarlo ante Universitario,Kevin Quevedo podría ser la novedad de Alianza Lima para el clásico ante Universitario,Kevin Quevedo podría protagonizar una inesperada novedad en Alianza Lima antes del clásico ante Universitario de Deportes.,"Alianza LimayUniversitario de Deportesse preparan para protagonizar una nueva edición del clásico del fútbol peruano. El esperado encuentro se disputará este sábado 12 de septiembre por la fecha 9 delTorneo Clausura 2026y tendrá como escenario el estadio Alejandro Villanueva. En la previa, una de las principales interrogantes en tienda blanquiazul tiene como protagonista aKevin Quevedo.",10,1,Kevin Quevedo podría protagonizar una inesperada novedad en Alianza Lima antes del clásico ante Universitario de Deportes.,False,4,"Alianza Lima, Kevin Quevedo, Universitario de Deportes, Liga 1",2,1,Alianza Lima,Alianza Lima | Kevin Quevedo,416,2649,https://cdn.futbolperuano.com/sdi/2026/09/11/kevin-quevedo-podria-ser-la-novedad-de-alianza-lima-para-el-clasico-ante-universitario-1356755.jpg,1200,Kevin Quevedo podría ser la gran novedad de Alianza Lima. Foto: Twitter Alianza Lima,,https://www.futbolperuano.com/liga-1/noticias/kevin-quevedo-podria-ser-la-novedad-de-alianza-lima-para-el-clasico-ante-universitario-600086,Joaquín Vásquez,liga-1
Futsal Pro 2026: Resultados y tablas de posiciones de la fecha 1 de la Primera Etapa,Futsal Pro 2026: Resultados y tablas de posiciones de la fecha 1 de la Primera Etapa,"Este martes 8 de septiembre se dará inicio a la fecha 1 de la Primera Etapa del Futsal Pro 2026, fecha que culminará el jueves 10 de septiembre.","Tras varios meses de espera, estemartes 8 de septiembrevuelve la máxima división delfutsal peruano. El Torneo deFutsal Pro 2026contará con la participación de un total de 10 equipos, los cuales se medirán en la modalidad de todos contra todos; torneo que tiene como fecha final el 3 de diciembre y que se podrá ver en exclusiva por las pantallas de Bicolor +.",3,3,"Este martes 8 de septiembre se dará inicio a la fecha 1 de la Primera Etapa del Futsal Pro 2026, fecha que culminará el jueves 10 de septiembre. | Resultados de la Fecha 1 del Torneo de Futsal Pro 2026 | Equipos campeones de la Primera División de Futsal de Perú",True,3,"Futsal Pro, Futsal, Perú",2,1,Futsal Pro 2026,Futsal Pro 2026 | Futsal Pro 2026,192,1149,https://cdn.futbolperuano.com/sdi/2026/09/08/futsal-pro-2026-resultados-y-tablas-de-posiciones-de-la-fecha-1-de-la-primera-etapa-1356290.jpg,1200,Todo ha quedado listo para lo que serán los partidos de la fecha 1 de la Primera Etapa del Futsal Pro 2026. Foto: Facebook Futsal Pro 2026,,https://www.futbolperuano.com/futsal/futsal-pro-2026-resultados-y-tablas-de-posiciones-de-la-fecha-1-de-la-primera-etapa-599570,Gabriel Rey,futsal
Carlos Garcés lanza contundente mensaje tras vencer a Montevideo City Torque: “La llave sigue abierta”,Carlos Garcés respondió tras sacar ventaja ante Montevideo City en la Copa Sudamericana,Carlos Garcés habló tras el triunfo 2-0 de Cienciano ante Montevideo City Torque y dejó un claro mensaje antes de la revancha en Uruguay.,"Ciencianodio un importante paso en los cuartos de final de laCopa Sudamericana, peroCarlos Garcéstiene claro que todavía no hay nada definido. El delantero ecuatoriano habló luego del triunfo por 2-0 anteMontevideo City Torquey puso paños fríos a la ilusión que generó la ventaja conseguida en el Cusco.",11,1,Carlos Garcés habló tras el triunfo 2-0 de Cienciano ante Montevideo City Torque y dejó un claro mensaje antes de la revancha en Uruguay.,False,3,"Cienciano, Carlos Garcés, Copa Sudamericana",2,1,Cienciano,Cienciano | Copa Sudamericana,430,2680,https://cdn.futbolperuano.com/sdi/2026/09/11/carlos-garces-respondio-tras-sacar-ventaja-ante-montevideo-city-en-la-copa-sudamericana-1356747.jpg,1200,Carlos Garcés respondió tras el 2-0 ante Montevideo City. Foto: Twitter Club Cienciano,,https://www.futbolperuano.com/copa-sudamericana/noticias/carlos-garces-respondio-tras-sacar-ventaja-ante-montevideo-city-en-la-copa-sudamericana-600079,Joaquín Vásquez,copa-sudamericana
Héctor Cúper ya lo decidió: Universitario tendrá cuatro bajas ante Alianza Lima,Universitario y sus cuatro sensibles bajas confirmadas para el clásico ante Alianza Lima,Universitario se prepara para un clásico de alto voltaje ante Alianza Lima y Héctor Cúper ya tomó importantes decisiones pensando en el duelo en Matute.,"Universitario de Deportesya tiene prácticamente todo listo para afrontar uno de los partidos más importantes de la fecha 9 del Torneo Clausura 2026. Los cremas visitarán aAlianza Limaeste sábado en Matute y, a poco del esperado clásico,Héctor Cúperya habría tomado decisiones importantes sobre su lista de convocados.",9,1,Universitario se prepara para un clásico de alto voltaje ante Alianza Lima y Héctor Cúper ya tomó importantes decisiones pensando en el duelo en Matute.,False,3,"Universitario de Deportes, Alianza Lima, Liga 1 del Fútbol Peruano",2,1,Universitario de Deportes,Universitario de Deportes | Alianza Lima,387,2536,https://cdn.futbolperuano.com/sdi/2026/09/11/universitario-y-sus-cuatro-sensibles-bajas-confirmadas-para-el-clasico-ante-alianza-lima-1356763.jpg,1200,Plantel de Universitario de Deportes. Foto: Twitter Club Universitario de Deportes,,https://www.futbolperuano.com/liga-1/noticias/universitario-y-sus-cuatro-sensibles-bajas-confirmadas-para-el-clasico-ante-alianza-lima-600095,Joaquín Vásquez,liga-1
Alejandro Hohberg enciende las alarmas en Cienciano tras salir lesionado en el duelo ante Montevideo City por Copa Sudamericana,Alejandro Hohberg salió lesionado y preocupa su presencia ante Montevideo City Torque,Alejandro Hohberg salió con bota ortopédica tras el triunfo de Cienciano y su presencia ante Montevideo City en Uruguay genera dudas.,"La clasificación a las semifinales de laCopa Sudamericanaquedó un poco más cerca paraCiencianoluego de vencer 2-0 aMontevideo City Torqueen el Cusco. Sin embargo, la celebración no fue completa para el conjunto imperial, que terminó el partido con una preocupación que podría convertirse en un problema de cara a la revancha en Uruguay.",9,2,Alejandro Hohberg salió con bota ortopédica tras el triunfo de Cienciano y su presencia ante Montevideo City en Uruguay genera dudas. | ¿Qué lesión tendría Alejandro Hohberg?,False,4,"Cienciano, Copa Sudamericana, Montevideo City, Alejandro Hohberg",2,1,Copa Sudamericana,Copa Sudamericana | Cienciano,424,2687,https://cdn.futbolperuano.com/sdi/2026/09/11/alejandro-hohberg-salio-lesionado-y-preocupa-su-presencia-ante-montevideo-city-torque-1356780.jpg,1200,Alejandro Hohberg salió lesionado tras el 2-0 y preocupa en Cienciano. Foto: Twitter Club Cienciano,,https://www.futbolperuano.com/copa-sudamericana/noticias/alejandro-hohberg-salio-lesionado-y-preocupa-su-presencia-ante-montevideo-city-torque-600116,Joaquín Vásquez,copa-sudamericana
Con Pedro Gallese: Deportivo Cali sumó cuatro fechas consecutivas sin ganar en la Liga Colombiana 2026,"Con Pedro Gallese, Deportivo Cali sumó cuatro fechas sin ganar en la Liga Colombiana 2026","Deportivo Cali, del portero Pedro Gallese, no pudo celebrar frente a Millonarios por la fecha 5 de la Liga Colombiana 2026.","¡No levanta! Con elperuano Pedro Gallesecomo titular,Deportivo Calino pasó del empate a uno (1-1) en su visita aMillonariosen el Estadio El Campín por la quinta fecha de laLiga Colombiana 2026. La escuadra 'verde' sumó cuatro partidos consecutivos sin poder ganar en el torneo doméstico.",5,2,"Deportivo Cali, del portero Pedro Gallese, no pudo celebrar frente a Millonarios por la fecha 5 de la Liga Colombiana 2026. | Peruanos en el exterior (2026)",True,3,"Pedro Gallese, Deportivo Cali, Liga Colombiana",1,1,peruano Pedro Gallese,peruano Pedro Gallese,250,1454,https://cdn.futbolperuano.com/sdi/2026/09/11/con-pedro-gallese-deportivo-cali-sumo-cuatro-fechas-sin-ganar-en-la-liga-colombiana-2026-1356728.jpg,1200,"Pedro Gallese, peruano en el fútbol colombiano. Foto: Facebook Deportivo Cali",,https://www.futbolperuano.com/peruanos-en-el-exterior/noticias/con-pedro-gallese-deportivo-cali-sumo-cuatro-fechas-sin-ganar-en-la-liga-colombiana-2026-600048,Jorge Cruzalegui,peruanos-en-el-exterior
¿No renovará? Universitario decide el futuro de Bryan Reyna tras quedar fuera de la convocatoria para el clásico,Universitario decide el futuro de Bryan Reyna tras quedar fuera de la convocatoria para el clásico,Bryan Reyna no ha sumado ni un solo minuto con Universitario en este Torneo Clausura y vuelve a quedar fuera de la convocatoria para el clásico.,"Universitario de Deportesse encuentra enfocado en llegar de la mejor manera al clásico frente a Alianza Lima por la fecha 9 delTorneo Clausura 2026. Mientras el plantel dirigido por Héctor Cúper ultima detalles para el importante encuentro, la situación deBryan Reynavolvió a generar atención luego de confirmarse que tampoco será considerado para este compromiso.",9,1,Bryan Reyna no ha sumado ni un solo minuto con Universitario en este Torneo Clausura y vuelve a quedar fuera de la convocatoria para el clásico.,False,3,"Universitario de Deportes, Bryan Reyna, Liga 1 del Fútbol Peruano",2,1,Universitario de Deportes,Universitario de Deportes | Torneo Clausura 2026,367,2346,https://cdn.futbolperuano.com/sdi/2026/09/11/universitario-decide-el-futuro-de-bryan-reyna-tras-quedar-fuera-de-la-convocatoria-para-el-clasico-1356867.jpg,1200,Bryan Reyna. Foto:  Club Universitario de Deportes,,https://www.futbolperuano.com/liga-1/noticias/universitario-decide-el-futuro-de-bryan-reyna-tras-quedar-fuera-de-la-convocatoria-para-el-clasico-600211,Gabriel Iberico,liga-1
Cienciano: ¿Cuándo vuelve a enfrentar a Montevideo City por los cuartos de final de la Copa Sudamericana 2026?,Cienciano: cuándo vuelve a enfrentar a Montevideo City por Copa Sudamericana 2026,Cienciano sacó ventaja en la ida y definirá los cuartos de final de la Copa Sudamericana 2026 en Uruguay frente a Montevideo City.,"¡En busca del objetivo! El plantel deCiencianologró una victoria importante en la ida de los cuartos de final de laCopa Sudamericana 2026; sin embargo, todavía no puede confiarse, pues le resta por jugar otros 90 minutos frente aMontevideo Cityen territorio uruguayo.",6,2,Cienciano sacó ventaja en la ida y definirá los cuartos de final de la Copa Sudamericana 2026 en Uruguay frente a Montevideo City. | Programación de los cuartos de final (VUELTA) - Copa Sudamericana 2026,True,3,"Cienciano, Montevideo City, Copa Sudamericana",2,1,Cienciano,Cienciano | Copa Sudamericana 2026,289,1712,https://cdn.futbolperuano.com/sdi/2026/09/11/cienciano-cuando-vuelve-a-enfrentar-a-montevideo-city-por-copa-sudamericana-2026-1356725.jpg,1200,Cienciano viajará a Uruguay por la Sudamericana 2026. Foto: Facebook Club Cienciano,,https://www.futbolperuano.com/copa-sudamericana/noticias/cienciano-cuando-vuelve-a-enfrentar-a-montevideo-city-por-copa-sudamericana-2026-600042,Jorge Cruzalegui,copa-sudamericana
Con Cienciano: Los resultados de los cuartos de final (IDA) de la Copa Sudamericana 2026,Con Cienciano: resultados de cuartos de final de Copa Sudamericana 2026,"Cienciano, el único representante peruano, quedó listo para la ida de los cuartos de final de la Copa Sudamericana 2026.","¡Continúa la ilusión! Esta semana estará cargada de fútbol internacional y no solo por el retorno de la Champions League y la Libertadores, sino también por la llegada de los partidos dela ida de los cuartos de finalde laCopa Sudamericana 2026, torneo en el que todavía sigue en carreraCienciano del Cusco.",5,2,"Cienciano, el único representante peruano, quedó listo para la ida de los cuartos de final de la Copa Sudamericana 2026. | Resultados de los cuartos de final (IDA) - Copa Sudamericana 2026",True,3,"Cienciano, Copa Sudamericana, Boca Juniors",2,1,Copa Sudamericana 2026,Copa Sudamericana 2026 | Copa Sudamericana,295,1708,https://cdn.futbolperuano.com/sdi/2026/09/07/con-cienciano-resultados-de-cuartos-de-final-de-copa-sudamericana-2026-1356155.jpg,1200,Cienciano quedó listo para los cuartos de la Sudamericana. Foto: Facebook Club Cienciano,,https://www.futbolperuano.com/copa-sudamericana/noticias/con-cienciano-resultados-de-cuartos-de-final-de-copa-sudamericana-2026-599412,Jorge Cruzalegui,copa-sudamericana
Remece el mercado: Alianza Lima sorprende al fichar opuesta europea para la Liga Peruana de Vóley 2026-27,Alianza Lima sorprende al fichar opuesta europea para Liga Peruana de Vóley 2026-27,La directiva de Alianza Lima continúa sumando nuevos elementos en el plantel para afrontar la Liga Peruana de Vóley 2026-27.,"¡Nueva 'íntima'!Alianza Limabusca ser, por cuarto año consecutivo, la principal protagonista de laLiga Peruana de Vóley; por ello, la directiva del club no ha escatimado esfuerzos en el armado de su nuevo plantel y, recientemente, confirmó la llegada de una experimentada jugadora europea.",8,1,La directiva de Alianza Lima continúa sumando nuevos elementos en el plantel para afrontar la Liga Peruana de Vóley 2026-27.,False,3,"Alianza Lima, Liga Peruana de Vóley, Vóley",2,1,Liga Peruana de Vóley,Liga Peruana de Vóley | Alianza Lima,364,2223,https://cdn.futbolperuano.com/sdi/2026/09/11/alianza-lima-sorprende-al-fichar-opuesta-europea-para-liga-peruana-de-voley-2026-27-1356716.jpg,1200,Alianza Lima sigue reforzando su plantel de vóley. Foto: Facebook Alianza Lima Vóley?,,https://www.futbolperuano.com/liga-voley/alianza-lima-sorprende-al-fichar-opuesta-europea-para-liga-peruana-de-voley-2026-27-600030,Jorge Cruzalegui,liga-voley
Cienciano se hizo fuerte ante Montevideo City y se acerca a las semifinales de la Copa Sudamericana 2026,Cienciano vs Montevideo City EN VIVO por la Copa Sudamericana,Cienciano y Montevideo City se dieron cita en el Estadio Inca Garcilaso de la Vega por los cuartos de final de la Copa Sudamericana.,¡Resultado clave!Ciencianovolvió a sacar provecho de su condición de local en el Cusco y se impuso por 2-0 aMontevideo Cityen el Estadio Inca Garcilaso de la Vega en la ida de los cuartos de final de laCopa Sudamericana 2026.,14,3,Cienciano y Montevideo City se dieron cita en el Estadio Inca Garcilaso de la Vega por los cuartos de final de la Copa Sudamericana. | PREVIA | Posibles convocados,False,3,"Cienciano, Montevideo City, Copa Sudamericana",4,1,Cienciano,Cienciano | Copa Sudamericana 2026 | Copa Sudamericana | Horacio Melgarejo,719,4579,https://cdn.futbolperuano.com/sdi/2026/09/11/cienciano-vs-montevideo-city-en-vivo-por-la-copa-sudamericana-1356723.jpg,1200,Cienciano sacó ventaja frente a Montevideo City. Foto: Facebook Club Cienciano,,https://www.futbolperuano.com/copa-sudamericana/noticias/cienciano-vs-montevideo-city-en-vivo-por-la-copa-sudamericana-599827,Stewart Luya,copa-sudamericana
"Atlético Andahuaylas cayó ante Melgar, que escala posiciones en la Liga Femenina 2026",Melgar goleó 5-1 a Atlético Andahuaylas por la fecha 9 del Clausura de la Liga Femenina,Melgar goleó a Atlético Andahuaylas por la fecha 9 del Clausura de la Liga Femenina y sumó tres puntos que lo mantienen en la pelea.,Melgarconsiguió una contundente victoria este viernes anteAtlético Andahuaylaspor la novena fecha del Torneo Clausura de laLiga Femenina. El conjunto arequipeño se impuso por 5-1 en el Estadio Los Chankas y sumó tres puntos importantes que le permitieron escalar hasta el segundo lugar de la tabla.,10,2,Melgar goleó a Atlético Andahuaylas por la fecha 9 del Clausura de la Liga Femenina y sumó tres puntos que lo mantienen en la pelea. | Raquel Bilcape fue la gran figura de Melgar,False,3,"Melgar, Atlético Andahuaylas, Liga Femenina",2,1,Melgar,Melgar | Liga Femenina,439,2716,https://cdn.futbolperuano.com/sdi/2026/09/11/melgar-goleo-5-1-a-atletico-andahuaylas-por-la-fecha-9-del-clausura-de-la-liga-femenina-1356843.jpg,1200,Melgar goleó y dejó a Atlético Andahuaylas fuera de los primeros lugares. Foto: Twitter Liga Femenina,,https://www.futbolperuano.com/futbol-femenino/liga-femenina/melgar-goleo-5-1-a-atletico-andahuaylas-por-la-fecha-9-del-clausura-de-la-liga-femenina-600184,Joaquín Vásquez,futbol-femenino
Larga racha: ¿Cuándo fue la última vez que Alianza Lima venció a Universitario de Deportes en Matute?,Alianza Lima y la úlima vez que venció a Universitario de Deportes en Matute,Alianza Lima y Universitario de Deportes protagonizarán un nuevo clásico en la fecha 9 del Torneo Clausura de la Liga 1 2026.,¿Romperá la racha? Las escuadras deAlianza LimayUniversitario de Deportesprotagonizarán el partido más importante de laLiga 1cuando se vean las caras este fin de semana por la novena fecha del Torneo Clausura 2026.,8,1,Alianza Lima y Universitario de Deportes protagonizarán un nuevo clásico en la fecha 9 del Torneo Clausura de la Liga 1 2026.,False,3,"Alianza Lima, Universitario de Deportes, Liga 1",3,1,Liga 1,Liga 1 | Alianza Lima | Universitario de Deportes,358,2150,https://cdn.futbolperuano.com/sdi/2026/09/10/alianza-lima-y-la-ulima-vez-que-vencio-a-universitario-de-deportes-en-matute-1356698.jpg,1200,Alianza Lima recibe a Universitario en Matute. Foto: Facebook Liga1 Te Apuesto,,https://www.futbolperuano.com/liga-1/noticias/alianza-lima-y-la-ulima-vez-que-vencio-a-universitario-de-deportes-en-matute-600013,Jorge Cruzalegui,liga-1
Perú cae ante Venezuela en el Campeonato Sudamericano de Voleibol Femenino y se aleja del Mundial,Venezuela vs. Perú en vivo online por la fecha 3 del Sudamericano de Voleibol Femenino,Perú no pudo ante Venezuela en un encuentro correspondiente a la tercera fecha del Campeonato Sudamericano de Voleibol Femenino 2026.,"¡Caída 1-3!Perúno pudo anteVenezuelay cosechó su tercera derrota consecutiva en elCampeonato Sudamericano de Voleibol Femenino. De esta manera, el sexteto nacional se quedó sin chances de clasificar a losJuegos Olímpicos de Los Ángeles 2028y prácticamente se despidió delMundial 2027.",8,2,Perú no pudo ante Venezuela en un encuentro correspondiente a la tercera fecha del Campeonato Sudamericano de Voleibol Femenino 2026. | PREVIA,False,3,"Selección Peruana, Sudamericano de Vóley Femenino, Perú",4,1,Perú,Perú | Campeonato Sudamericano de Voleibol Femenino | Selección Peruana de Vóley Femenino | Sudamericano de Voleibol Femenino,428,2681,https://cdn.futbolperuano.com/sdi/2026/09/10/venezuela-vs-peru-en-vivo-online-por-la-fecha-3-del-sudamericano-de-voleibol-femenino-1356671.jpg,1200,Perú cae y se aleja del Mundial. Foto: Facebook Confederación Sudamericana de Voleibol,,https://www.futbolperuano.com/liga-voley/venezuela-vs-peru-en-vivo-online-por-la-fecha-3-del-sudamericano-de-voleibol-femenino-599858,Gabriel Rey,liga-voley
Presencia peruana: Francesco Andrealli debutó en la UEFA Youth League 2026-27,Francesco Andrealli debutó en la UEFA Youth League 2026-27,"El Como, con Francesco Andrealli como titular y capitán, debutó en la Fase de Liga de la UEFA Youth League 2026-27.","ElComo, conFrancesco Andreallicomo titular y capitán, debutó en la Fase de Liga de laUEFA Youth League 2026-27con un empate (1-1) ante elRB Leipzig. De esta manera, el centrocampista peruano debutó en la competición y escribió un nuevo capítulo en su carrera futbolística.",5,2,"El Como, con Francesco Andrealli como titular y capitán, debutó en la Fase de Liga de la UEFA Youth League 2026-27. | Peruanos en el exterior (2026)",True,3,"Francesco Andrealli, UEFA, Como 1907",2,1,Francesco Andrealli,Francesco Andrealli | UEFA Youth League 2026-27,219,1315,https://cdn.futbolperuano.com/sdi/2026/09/10/francesco-andrealli-debuto-en-la-uefa-youth-league-2026-27-1356628.jpg,1200,Francesco Andrealli debutó en la UEFA Youth League. Foto: Facebook Como 1907,,https://www.futbolperuano.com/peruanos-en-el-exterior/noticias/francesco-andrealli-debuto-en-la-uefa-youth-league-2026-27-599936,Stewart Luya,peruanos-en-el-exterior
Sport River se sigue reforzando para la Etapa Nacional de la Copa Perú 2026,Sport River se sigue reforzando para la Etapa Nacional de la Copa Perú,Sport River recibirá este domingo a Sport Áncash FC por la primera fecha de la Etapa Nacional de la Copa Perú 2026.,"FC Sport River, subcampeón de la Liga Provincial de Trujillo y campeón de la Liga Departamental de La Libertad, continúa reforzándose para encarar laEtapa Nacionalde laCopa Perú, que inicia este fin de semana (sábado 12 y domingo 13) con una gran cantidad de partidos.",5,2,Sport River recibirá este domingo a Sport Áncash FC por la primera fecha de la Etapa Nacional de la Copa Perú 2026. | Fecha 1 de la Etapa Nacional - Copa Perú,True,3,"Sport River, Copa Perú, La Libertad",2,1,FC Sport River,FC Sport River | Copa Perú,256,1587,https://cdn.futbolperuano.com/sdi/2026/09/10/sport-river-se-sigue-reforzando-para-la-etapa-nacional-de-la-copa-peru-1356641.jpg,1200,Sport River se sigue reforzando para la Etapa Nacional. Foto: Facebook FC SPORT RIVER,,https://www.futbolperuano.com/copa-peru/noticias/sport-river-se-sigue-reforzando-para-la-etapa-nacional-de-la-copa-peru-599952,Stewart Luya,copa-peru
Copa Perú: Deportivo Caysa presentó a sus nuevos refuerzos para la Etapa Nacional,Copa Perú: Deportivo Caysa presentó a sus nuevos refuerzos,Deportivo Caysa visitará este domingo a Deportivo Cachorro en un encuentro correspondiente a la Etapa Nacional de la Copa Perú.,"ElClub Deportivo Caysa, tercer preclasificado de la Liga Provincial de Morropón y subcampeón de la Liga Departamental de Piura, no se detiene y continúa sumando refuerzos para encarar la Etapa Nacional de laCopa Perú.",4,2,Deportivo Caysa visitará este domingo a Deportivo Cachorro en un encuentro correspondiente a la Etapa Nacional de la Copa Perú. | Fecha 1 de la Etapa Nacional - Copa Perú,True,3,"Deportivo Caysa, Copa Perú, Piura",2,1,Club Deportivo Caysa,Club Deportivo Caysa | Copa Perú,172,1020,https://cdn.futbolperuano.com/sdi/2026/09/10/copa-peru-deportivo-caysa-presento-a-sus-nuevos-refuerzos-1356650.jpg,1200,Deportivo Caysa presentó a sus nuevos refuerzos. Foto: Facebook Club Deportivo Caysa De Yapatera,,https://www.futbolperuano.com/copa-peru/noticias/copa-peru-deportivo-caysa-presento-a-sus-nuevos-refuerzos-599962,Stewart Luya,copa-peru
Champions League 2026-27: Resultados y tabla de posiciones de la fecha 1 de la Fase Liga,Resultados y tabla de posiciones de la fecha 1 de Champions League 2026-27,Este mismo martes 08 de septiembre se dará inicio a la primera fecha de la Fase Liga de la Champions League 2026-26.,"¡Arranca la competencia! Luego de disfrutar de sus etapas previas de clasificación, finalmente este martes 08 de septiembre los hinchas comenzarán a vivir lo que será la Fecha 1 de la Fase Liga de laChampions League 2026-27, donde equipos como PSG, Real Madrid, Barcelona, Manchester City, entre otros, buscarán ser protagonistas.",4,2,Este mismo martes 08 de septiembre se dará inicio a la primera fecha de la Fase Liga de la Champions League 2026-26. | Resultados de la Fecha 1 (Fase Liga) - Champions League 2026-27,True,3,"Champions League, Real Madrid, PSG",2,1,Champions League 2026-27,Champions League 2026-27 | Champions League,199,1194,https://cdn.futbolperuano.com/sdi/2026/09/07/resultados-y-tabla-de-posiciones-de-la-fecha-1-de-champions-league-2026-27-1356143.jpg,1200,Inicia la nueva edición de la Champions 2026-27. Foto: Facebook UEFA Champions League,,https://www.futbolperuano.com/liga-de-campeones/noticias/resultados-y-tabla-de-posiciones-de-la-fecha-1-de-champions-league-2026-27-599397,Jorge Cruzalegui,liga-de-campeones
¡Oficial! Liga 1 confirmó a los futbolistas suspendidos para la fecha 9 del Torneo Clausura 2026,Liga 1 reveló la lista de suspendidos para la fecha 9 del Torneo Clausura,La Liga de Fútbol Profesional dio a conocer el boletín de sanciones y confirmó los jugadores que se perderán la fecha 9 de la Liga 1 2026.,"La fecha 9 del Torneo Clausura 2026 de laLiga 1está a punto de comenzar y varios equipos tendrán que afrontar sus respectivos partidos con bajas obligadas. La jornada se disputará entre el viernes 11 y el domingo 13 de septiembre, incluyendo el esperado clásico entreAlianza Lima y Universitario.",7,3,La Liga de Fútbol Profesional dio a conocer el boletín de sanciones y confirmó los jugadores que se perderán la fecha 9 de la Liga 1 2026. | Lista de suspendidos en la fecha 9 | Programación de la Fecha 9 del Torneo Clausura - Liga 1 2026,True,4,"Liga 1 del Fútbol Peruano, Liga 1, Sport Boys, Sport Huancayo",2,1,Liga 1,Liga 1 | Sport Boys,283,1836,https://cdn.futbolperuano.com/sdi/2026/09/10/liga-1-revelo-la-lista-de-suspendidos-para-la-fecha-9-del-torneo-clausura-1356632.jpg,1200,La Liga 1 sancionó a cinco jugadores que no podrán jugar en la fecha 9. Foto: Twitter Liga 1,,https://www.futbolperuano.com/liga-1/noticias/liga-1-revelo-la-lista-de-suspendidos-para-la-fecha-9-del-torneo-clausura-599938,Joaquín Vásquez,liga-1
Copa Perú 2026: Exjugador de Universitario de Deportes refuerza a Unión Minas de Pamputa para la Etapa Nacional,Anthony Osorio nuevo refuerzo de Unión Minas de Pamputa para Etapa Nacional de Copa Perú,Unión Minas de Pamputa se refuerza para la Etapa Nacional de la Copa Perú con un futbolista que tuvo pasado en la LIga 1.,"Unión Minas de Pamputacontinúa armando su plantel para afrontar laEtapa Nacional de la Copa Perú 2026y aseguró a un nombre con pasado en Universitario de Deportes. Se trata deAnthony Osorio, delantero de 28 años que fue anunciado como nuevo refuerzo del campeón departamental de Apurímac para buscar el ascenso al fútbol profesional.",13,1,Unión Minas de Pamputa se refuerza para la Etapa Nacional de la Copa Perú con un futbolista que tuvo pasado en la LIga 1.,False,3,"Unión Minas de Pamputa, Copa Perú, Perú",2,1,Etapa Nacional de la Copa Perú 2026,Etapa Nacional de la Copa Perú 2026 | Universitario de Deportes,382,2440,https://cdn.futbolperuano.com/sdi/2026/09/10/anthony-osorio-nuevo-refuerzo-de-union-minas-de-pamputa-para-etapa-nacional-de-copa-peru-1356619.jpg,1200,Nuevo refuerzo para la Etapa Nacional. Foto: Facebook Unión Minas de Pamputa,,https://www.futbolperuano.com/copa-peru/noticias/anthony-osorio-nuevo-refuerzo-de-union-minas-de-pamputa-para-etapa-nacional-de-copa-peru-599925,Joaquín Vásquez,copa-peru
Presentación oficial: Universitario de Deportes confirmó fecha y rival para la 'Noche de las Pumas 2026',Universitario de Deportes confirmó fecha y rival para Noche de las Pumas 2026,La directiva de Universitario de Deportes anunció la realización de la 'Noche de las Pumas' previo a la temporada 2026-27.,"¡Fiesta confirmada! Luego de conseguir un histórico tercer lugar en la pasada edición de laLiga Peruana de Vóley, la directiva deUniversitario de Deportesdecidió reforzar al equipo de cara a la nueva temporada. De hecho, el mencionado plantel será presentado de manera oficial en la denominada'Noche de las Pumas 2026'.",8,1,La directiva de Universitario de Deportes anunció la realización de la 'Noche de las Pumas' previo a la temporada 2026-27.,False,3,"Universitario de Deportes, Liga Peruana de Vóley, Vóley",2,1,Liga Peruana de Vóley,Liga Peruana de Vóley | en tercer lugar,354,2189,https://cdn.futbolperuano.com/sdi/2026/09/10/universitario-de-deportes-confirmo-fecha-y-rival-para-noche-de-las-pumas-2026-1356708.jpg,1200,Universitario anunció su 'Noche de las Pumas 2026'. Foto: Facebook Universitario Vóley,,https://www.futbolperuano.com/liga-voley/universitario-de-deportes-confirmo-fecha-y-rival-para-noche-de-las-pumas-2026-600021,Jorge Cruzalegui,liga-voley
Alianza Lima vs. Universitario: incendian mural del Señor de los Milagros horas antes del clásico,Incendian mural del Señor de los Milagros a horas del Alianza Lima vs. Universitario,Incendian el mural del Señor de los Milagros en el Caminito Íntimo a pocas horas del clásico entre Alianza Lima y Universitario.,"A pocas horas del clásico entreAlianza Limay Universitario de Deportes, un mural dedicado al Señor de los Milagros, ubicado en el denominado Caminito Íntimo, fue incendiado durante la madrugada. El hecho ocurrió después de la presentación de la nueva camiseta morada del cuadro blanquiazul, prenda que rinde homenaje al Cristo Moreno.",7,1,Incendian el mural del Señor de los Milagros en el Caminito Íntimo a pocas horas del clásico entre Alianza Lima y Universitario.,False,3,"Alianza Lima, Universitario de Deportes, Liga 1 del Fútbol Peruano",2,1,Alianza Lima,Alianza Lima | Universitario de Deportes,366,2319,https://cdn.futbolperuano.com/sdi/2026/09/11/incendian-mural-del-senor-de-los-milagros-a-horas-del-alianza-lima-vs-universitario-1356771.jpg,1200,Incendian mural del Señor de los Milagros antes del clásico. Foto: Twitter Alianza Lima,,https://www.futbolperuano.com/liga-1/noticias/incendian-mural-del-senor-de-los-milagros-a-horas-del-alianza-lima-vs-universitario-600100,Joaquín Vásquez,liga-1
Ronaldo Nazário quiere conocer a figura de Universitario y sorprendió con inesperada confesión,Ronaldo Nazário quiere conocer a Ignacio Buse y sorprendió con inesperada confesión,Ronaldo Nazário sorprendió al revelar su admiración por una figura cercana a Universitario y hasta intentó comunicarse con él para conocerlo.,"Ronaldo Nazário, una de las máximas figuras en la historia del fútbol brasileño, sorprendió con una inesperada confesión que involucra a un reconocido deportista peruano y cercano aUniversitario de Deportes. El exdelantero de la selección brasileña no solo aseguró que admira al atleta, sino que incluso habría intentado comunicarse con él para conocerlo personalmente.",9,1,Ronaldo Nazário sorprendió al revelar su admiración por una figura cercana a Universitario y hasta intentó comunicarse con él para conocerlo.,False,4,"Universitario de Deportes, Ronaldo Nazário, Ignacio Buse, Liga 1 del Fútbol Peruano",2,1,Universitario de Deportes,Universitario de Deportes | Ignacio Buse,411,2671,https://cdn.futbolperuano.com/sdi/2026/09/10/ronaldo-nazario-quiere-conocer-a-ignacio-buse-y-sorprendio-con-inesperada-confesion-1356589.jpg,1200,Ronaldo Nazário quiere conocer a figura cercana a Universitario. Foto: Twitter Universitario de Deportes,,https://www.futbolperuano.com/liga-1/noticias/ronaldo-nazario-quiere-conocer-a-ignacio-buse-y-sorprendio-con-inesperada-confesion-599893,Joaquín Vásquez,liga-1
Felipe Chávez suma minutos en Alemania: fue titular y marcó un gol con FC Magdeburg Sub-21,Felipe Chávez fue titular y marca un gol con FC Magdeburg Sub-21 en Alemania,Felipe Chávez fue titular y marcó un gol en el estreno del FC Magdeburg U21 en la Bundesliga Talent Series 2026/27.,"Felipe Chávezsigue sumando protagonismo en Alemania. El mediocampista peruano fue titular y marcó un gol en el estreno delFC Magdeburg U21en la Bundesliga Talent Series 2026/27, mostrando su importancia en el inicio de esta nueva competencia.",5,2,Felipe Chávez fue titular y marcó un gol en el estreno del FC Magdeburg U21 en la Bundesliga Talent Series 2026/27. | Peruanos en el exterior (2026),True,3,"Felipe Chávez, Peruanos en el Exterior, Alemania",2,1,Felipe Chávez,Felipe Chávez | FC Magdeburg U21,170,1054,https://cdn.futbolperuano.com/sdi/2026/09/10/felipe-chavez-fue-titular-y-marca-un-gol-con-fc-magdeburg-sub-21-en-alemania-1356579.jpg,1200,Felipe Chávez. Foto: Twitter FC Magdeburg,,https://www.futbolperuano.com/peruanos-en-el-exterior/noticias/felipe-chavez-fue-titular-y-marca-un-gol-con-fc-magdeburg-sub-21-en-alemania-599884,Joaquín Vásquez,peruanos-en-el-exterior
Franco Velasco rompe su silencio sobre el fichaje de Sekou Gassama: “La decisión no fue la correcta”,Franco Velasco revela cómo llegó Sekou Gassama a Universitario y qué cambió tras salida,Franco Velasco habló sobre la llegada de Sekou Gassama a Universitario y explicó cómo cambió el proceso de fichajes tras su salida del club.,"La etapa deSekou GassamaenUniversitario de Deportesquedó lejos de las expectativas que existían cuando el delantero llegó al club para afrontar la temporada 2026. Su bajo rendimiento provocó que su paso por la institución fuera breve y, meses después de su salida, su incorporación continúa generando comentarios entre los hinchas. Esta vez,Franco Velasco, administrador de la ‘U’, contó cómo se produjo su llegada y explicó qué papel tuvo la anterior dirección deportiva.",9,2,Franco Velasco habló sobre la llegada de Sekou Gassama a Universitario y explicó cómo cambió el proceso de fichajes tras su salida del club. | ¿Cómo le fue a Gassama en Perú?,False,4,"Universitario de Deportes, Sekou Gassama, Franco Velazco, Liga 1 del Fútbol Peruano",2,1,Universitario de Deportes,Universitario de Deportes | Franco Velasco,379,2423,https://cdn.futbolperuano.com/sdi/2026/09/10/franco-velasco-revela-como-llego-sekou-gassama-a-universitario-y-que-cambio-tras-salida-1356587.jpg,1200,Sekou Gassama. Foto: Twitter Universitaro de Deportes,,https://www.futbolperuano.com/liga-1/noticias/franco-velasco-revela-como-llego-sekou-gassama-a-universitario-y-que-cambio-tras-salida-599891,Joaquín Vásquez,liga-1
"Con Renato Tapia en el banco, Al-Wasl empató 2-2 ante Al-Ain por la Liga de Emiratos Árabes Unidos",Renato Tapia no ingresó y Al-Wasl empató 2-2 ante Al-Ain por la Liga de Emiratos,Renato Tapia sumó su segundo partido consecutivo sin jugar tras quedarse en el banco durante el empate del Al-Wasl ante Al-Ain.,"ConRenato Tapiaen el banco de suplentes,Al-Waslempató 2-2 ante Al-Ain por la quinta jornada de laLiga de Emiratos Árabes Unidos. El conjunto amarillo tuvo que remar desde atrás, logró darle vuelta al marcador en el segundo tiempo, pero no pudo sostener la ventaja y terminó cediendo dos puntos en condición de visitante.",8,1,Renato Tapia sumó su segundo partido consecutivo sin jugar tras quedarse en el banco durante el empate del Al-Wasl ante Al-Ain.,True,3,"Renato Tapia, Emiratos Árabes Unidos, Peruanos en el Exterior",2,1,Renato Tapia,Renato Tapia | Al-Wasl,332,2038,https://cdn.futbolperuano.com/sdi/2026/09/11/renato-tapia-no-ingreso-y-al-wasl-empato-2-2-ante-al-ain-por-la-liga-de-emiratos-1356745.jpg,1200,Renato Tapia. Foto: Twitter Al-Wasl,,https://www.futbolperuano.com/peruanos-en-el-exterior/noticias/renato-tapia-no-ingreso-y-al-wasl-empato-2-2-ante-al-ain-por-la-liga-de-emiratos-600076,Joaquín Vásquez,peruanos-en-el-exterior
Copa Libertadores 2026: Resultados de los cuartos de final (IDA) con los peruanos André Carrillo y Jesús Pretell,Resultados de los cuartos de final de la Copa Libertadores 2026,"Con la presencia de André Carrillo y Jesús Pretell, este martes iniciarán los cuartos de final de la Copa Libertadores 2026.","¡Etapa decisiva! Luego de algunas semanas de espera, este martes 08 de septiembre se dará inicio a los partidos de ida de los cuartos de final de laCopa Libertadores 2026, la misma que tendrá presencia peruana conAndré Carrilloen Corinthians yJesús Pretellen LDU de Quito.",6,2,"Con la presencia de André Carrillo y Jesús Pretell, este martes iniciarán los cuartos de final de la Copa Libertadores 2026. | Resultados de los cuartos de final (IDA) - Copa Libertadores 2026",True,3,"Copa Libertadores, André Carrillo, Jesús Pretell",2,1,Copa Libertadores 2026,Copa Libertadores 2026 | Copa Libertadores 2026,273,1647,https://cdn.futbolperuano.com/sdi/2026/09/07/resultados-de-los-cuartos-de-final-de-la-copa-libertadores-2026-1356150.jpg,1200,Corinthians de André Carrillo sigue en la Copa Libertadores 2026. Foto: Facebook CONMEBOL Libertadores?,,https://www.futbolperuano.com/copa-libertadores/noticias/resultados-de-los-cuartos-de-final-de-la-copa-libertadores-2026-599406,Jorge Cruzalegui,copa-libertadores
"Carlos Garcés atraviesa uno de sus mejores momentos goleadores, pero su futuro en Cienciano todavía no está definido de cara a la próxima temporada",Carlos Garcés pone en duda su continuidad en Cienciano para 2027 y revela cuál es la situación de su contrato con el cuadro cusqueño,Carlos Garcés habló sobre su futuro en Cienciano y reveló cómo se encuentra su situación contractual de cara a la temporada 2027.,"Sin lugar a dudas,Carlos Garcéses uno de los delanteros más letales que se han puesto la camiseta deCiencianoen los últimos años. El atacante ecuatoriano de 36 años ya tiene18 golesen la presente temporada, 14 porLiga 1y 4 enCopa Sudamericana, pero no ha podido asegurar su continuidad en el ‘Papá’ de cara a la temporada 2027.",3,2,Carlos Garcés habló sobre su futuro en Cienciano y reveló cómo se encuentra su situación contractual de cara a la temporada 2027. | Programación de los cuartos de final (IDA) - Copa Sudamericana 2026,True,4,"Carlos Garcés, Cienciano, Liga 1 del Fútbol Peruano, Copa Sudamericana",2,1,Cienciano,Cienciano | Copa Sudamericana 2026,168,978,https://cdn.futbolperuano.com/sdi/2026/09/10/carlos-garces-pone-en-duda-su-continuidad-en-cienciano-para-2027-y-revela-cual-es-la-situacion-de-su-contrato-con-el-cuadro-cusqueno-1356549.jpg,1200,Carlos Garcés termina contrato en noviembre y habló sobre sus opciones de continuar en Cienciano. Foto: Facebook Cienciano,,https://www.futbolperuano.com/liga-1/noticias/carlos-garces-pone-en-duda-su-continuidad-en-cienciano-para-2027-y-revela-cual-es-la-situacion-de-su-contrato-con-el-cuadro-cusqueno-599843,Gabriel Rey,liga-1
Se aleja de la clasificación: Perú no pudo ante Brasil y sigue sin poder ganar en el Campeonato Sudamericano de Vóley,Brasil vs Perú en vivo online por el Sudamericano de Voleibol Femenino 2026,Perú no pudo frente a Brasil y cayó por 3-0 en la jornada 2 del Campeonato Sudamericano de Voleibol Femenino 2026.,"Perúvolvió a quedarse con las manos vacías en elCampeonato Sudamericano de Voleibol Femenino 2026. La ‘Bicolor’ no pudo dar el golpe anteBrasily terminó perdiendo por 3-0 en el Maracanãzinho de Río de Janeiro, en un partido correspondiente a la segunda jornada del certamen.",12,2,Perú no pudo frente a Brasil y cayó por 3-0 en la jornada 2 del Campeonato Sudamericano de Voleibol Femenino 2026. | ¿A quiénes podría usar Perú para enfrentar a Brasil?,True,3,"Brasil, Perú, Campeonato Sudamericano de Voleibol Femenino",3,1,Campeonato Sudamericano de Voleibol Femenino 2026,Campeonato Sudamericano de Voleibol Femenino 2026 | Campeonato Sudamericano de Voleibol Femenino 2026 | la tabla de posiciones,563,3505,https://cdn.futbolperuano.com/sdi/2026/09/10/brasil-vs-peru-en-vivo-online-por-el-sudamericano-de-voleibol-femenino-2026-1356551.jpg,1200,Perú cae ante Brasil. Foto: PFV,,https://www.futbolperuano.com/liga-voley/brasil-vs-peru-en-vivo-online-por-el-sudamericano-de-voleibol-femenino-2026-599669,Jorge Cruzalegui,liga-voley
El Monumental de la UNA quedó habilitado y recibirá este domingo su primer encuentro de la Etapa Nacional antes de los próximos desafíos de la Selección,Estadio Monumental de la UNA recibe luz verde y ya podrá albergar partidos de la Etapa Nacional de la Copa Perú 2026 antes de recibir a la Selección Peruana,El Estadio Monumental de la UNA fue habilitado para recibir partidos de la Etapa Nacional de la Copa Perú 2026 y tendrá acción este domingo.,"El pueblo puneño recibió una gran noticia este miércoles 9 de septiembre, y es que se pudo conocer que elEstadio Monumental de la UNA, aquel donde laSelección Peruanajugaría algunos partidos de las próximasEliminatorias Sudamericanas, ha sido habilitado para albergar encuentros correspondientes a laEtapa NacionalCopa Perú 2026.",2,2,El Estadio Monumental de la UNA fue habilitado para recibir partidos de la Etapa Nacional de la Copa Perú 2026 y tendrá acción este domingo. | Fecha 1 de la Etapa Nacional - Copa Perú,True,3,"Copa Perú, Selección Peruana, Perú",2,1,Copa Perú 2026,Copa Perú 2026 | Estadio Monumental de la UNA,110,717,https://cdn.futbolperuano.com/sdi/2026/09/10/estadio-monumental-de-la-una-recibe-luz-verde-y-ya-podra-albergar-partidos-de-la-etapa-nacional-de-la-copa-peru-2026-antes-de-recibir-a-la-seleccion-peruana-1356556.jpg,1200,El Monumental de la UNA fue habilitado para la Etapa Nacional de la Copa Perú 2026. Foto: Facebook Universidad Nacional del Altiplano Puno?,,https://www.futbolperuano.com/copa-peru/noticias/estadio-monumental-de-la-una-recibe-luz-verde-y-ya-podra-albergar-partidos-de-la-etapa-nacional-de-la-copa-peru-2026-antes-de-recibir-a-la-seleccion-peruana-599850,Gabriel Rey,copa-peru
Corinthians de André Carrillo consiguió un resultado importante ante Estudiantes y ahora tendrá que definir en casa su clasificación a las semifinales de la Libertadores,Estudiantes de La Plata vs. Corinthians en vivo online por la ida de los cuartos de final de la Copa Libertadores 2026,Corinthians de André Carrillo rescató un resultado importante ante Estudiantes y ahora definirá en casa su clasificación a las semifinales.,ElCorinthiansdeAndré Carrillose midió este miércoles 9 de septiembre a Estudiantes de La Plata en condición de visitante por laidade loscuartos de finalde laLibertadores 2026. El equipo del volante nacional logró rescatar un empate y ahora deberá definir su boleto a las semifinales jugando en casa.,7,2,Corinthians de André Carrillo rescató un resultado importante ante Estudiantes y ahora definirá en casa su clasificación a las semifinales. | Programación de los cuartos de final (IDA) - Copa Libertadores 2026,True,4,"Estudiantes de la Plata, Corinthians, Copa Libertadores, André Carrillo",3,1,Libertadores 2026,Libertadores 2026 | André Carrillo | Copa Libertadores 2026,342,2056,https://cdn.futbolperuano.com/sdi/2026/09/10/estudiantes-de-la-plata-vs-corinthians-en-vivo-online-por-la-ida-de-los-cuartos-de-final-de-la-copa-libertadores-2026-1356564.jpg,1200,Corinthians de André Carrillo consiguió un resultado clave ante Estudiantes. Foto: EFE,,https://www.futbolperuano.com/copa-libertadores/noticias/estudiantes-de-la-plata-vs-corinthians-en-vivo-online-por-la-ida-de-los-cuartos-de-final-de-la-copa-libertadores-2026-599658,Gabriel Rey,copa-libertadores
El volante nacional Patricio Arce fue anunciado por Leones de Anccaca y afrontará la Etapa Nacional de la Copa Perú tras recuperar su libertad,Patricio Arce vuelve al fútbol tras recuperar su libertad y es anunciado como nuevo refuerzo de Leones de Anccaca para la Etapa Nacional de la Copa Perú 2026,Patricio Arce vuelve al fútbol tras recuperar su libertad y fue anunciado como nuevo jugador de Leones de Anccaca para la Copa Perú 2026.,"Tras pasar aproximadamente dos años en el penal de Sarita Colonia,Patricio Arcevuelve a tener una oportunidad en elfútbolnacional. Cuatro meses después de haber recuperado su libertad el volante nacional fue anunciado como nuevo jugador delC.S.D. Leones de Anccacay disputará laEtapa Nacionalde laCopa Perú 2026con el cuadro puneño.",3,2,Patricio Arce vuelve al fútbol tras recuperar su libertad y fue anunciado como nuevo jugador de Leones de Anccaca para la Copa Perú 2026. | Fecha 1 de la Etapa Nacional - Copa Perú,True,3,"Patricio Arce, Copa Perú, Perú",2,1,Patricio Arce,Patricio Arce | Copa Perú,140,928,https://cdn.futbolperuano.com/sdi/2026/09/10/patricio-arce-vuelve-al-futbol-tras-recuperar-su-libertad-y-es-anunciado-como-nuevo-refuerzo-de-leones-de-anccaca-para-la-etapa-nacional-de-la-copa-peru-2026-1356567.jpg,1200,Patricio Arce fue anunciado como nuevo jugador de Leones de Anccaca. Foto: Facebook C.S.D Leones de Anccaca-oficial,,https://www.futbolperuano.com/copa-peru/noticias/patricio-arce-vuelve-al-futbol-tras-recuperar-su-libertad-y-es-anunciado-como-nuevo-refuerzo-de-leones-de-anccaca-para-la-etapa-nacional-de-la-copa-peru-2026-599863,Gabriel Rey,copa-peru
"Andrés Mendoza no se guardó nada contra Federico Girotti y lanzó una durísima crítica al delantero argentino, quien podría reemplazar a Paolo Guerrero en el clásico",Andrés Mendoza arremetió contra Federico Girotti antes del clásico y cuestionó duramente el rendimiento del delantero de Alianza Lima en la temporada 2026,"Andrés Mendoza lanzó una durísima crítica contra Federico Girotti, quien podría reemplazar a Paolo Guerrero en el clásico ante Universitario.","A falta de pocos días para el clásico del fútbol peruano, y considerando quePaolo Guerrerono llegará por lesión,Federico Girottisigue siendo la principal carta para reemplazar al ‘Depredador’ en el ataque deAlianza Lima; sin embargo, el delantero argentino, quien llegó entre bombos y platillos para reemplazar a Hernán Barcos, no ha estado a la altura de lo que significa un club grande en el país, generando múltiples críticas.",5,2,"Andrés Mendoza lanzó una durísima crítica contra Federico Girotti, quien podría reemplazar a Paolo Guerrero en el clásico ante Universitario. | Programación de la Fecha 9 del Torneo Clausura - Liga 1 2026",True,3,"Andrés Mendoza, Federico Girotti, Alianza Lima",2,1,Alianza Lima,Alianza Lima | Federico Girotti,268,1551,https://cdn.futbolperuano.com/sdi/2026/09/09/andres-mendoza-arremetio-contra-federico-girotti-antes-del-clasico-y-cuestiono-duramente-el-rendimiento-del-delantero-de-alianza-lima-en-la-temporada-2026-1356508.jpg,1200,Andrés Mendoza arremetió contra Federico Girotti y cuestionó duramente su rendimiento. Foto: Facebook Liga 1,,https://www.futbolperuano.com/liga-1/noticias/andres-mendoza-arremetio-contra-federico-girotti-antes-del-clasico-y-cuestiono-duramente-el-rendimiento-del-delantero-de-alianza-lima-en-la-temporada-2026-599812,Gabriel Rey,liga-1
Universitario busca hacer historia ante Alianza Lima y romper un récord histórico en Matute,Universitario busca hacer historia ante Alianza Lima y romper un récord histórico en Matute,"De ganar o empatar, Universitario podría romper un histórico récord en los clásicos del fútbol peruano ante Alianza Lima.","Universitario de Deportesafrontará este sábado 12 de septiembre una nueva edición del clásico peruano frente aAlianza Lima, en un escenario que podría convertirse en histórico para el cuadro crema. El duelo, correspondiente a la novena jornada delTorneo Clausura 2026, se disputará en el estadio Alejandro Villanueva, donde los dirigidos por el conjunto estudiantil intentarán prolongar su buen momento.",8,1,"De ganar o empatar, Universitario podría romper un histórico récord en los clásicos del fútbol peruano ante Alianza Lima.",True,3,"Universitario de Deportes, Alianza Lima, Liga 1 del Fútbol Peruano",2,1,Universitario de Deportes,Universitario de Deportes | Alianza Lima,376,2594,https://cdn.futbolperuano.com/sdi/2026/09/09/universitario-busca-hacer-historia-ante-alianza-lima-y-romper-un-record-historico-en-matute-1356521.jpg,1200,Universitario visita a Alianza Lima en Matute. Foto: Liga1 Te Apuesto,,https://www.futbolperuano.com/liga-1/noticias/universitario-busca-hacer-historia-ante-alianza-lima-y-romper-un-record-historico-en-matute-599819,Gabriel Iberico,liga-1
Palmeiras se queda con el primer round: triunfo por la mínima ante LDU de Quito,Palmeiras vs LDU de Quito en vivo online con Jesús Pretell por cuartos de final de Copa Libertadores 2026,"Palmeiras recibió este miércoles a LDU de Quito, de Jesús Pretell, por la ida de los cuartos de final de la Copa Libertadores.","¡Triunfazo!Palmeirasderrotó por la mínima diferencia aLDU de Quitoen un encuentro correspondiente a la ida de los cuartos de final de laCopa Libertadores. De esta manera, el 'Verdão' quedó a un paso de las semifinales, mientras que el 'Rey de Copas' intentará dar vuelta la serie en Ecuador.",9,3,"Palmeiras recibió este miércoles a LDU de Quito, de Jesús Pretell, por la ida de los cuartos de final de la Copa Libertadores. | PREVIA | Posibles alineaciones - Copa Libertadores 2026",True,3,"LDU de Quito, Jesús Pretell, Copa Libertadores",4,1,Copa Libertadores,Copa Libertadores | Jesús Pretell | Jesús Pretell | Copa Libertadores 2026,438,2561,https://cdn.futbolperuano.com/sdi/2026/09/09/palmeiras-vs-ldu-de-quito-en-vivo-online-con-jesus-pretell-por-cuartos-de-final-de-copa-libertadores-2026-1356543.jpg,1200,Palmeiras se queda con el primer round. Foto: EFE,,https://www.futbolperuano.com/copa-libertadores/noticias/palmeiras-vs-ldu-de-quito-en-vivo-online-con-jesus-pretell-por-cuartos-de-final-de-copa-libertadores-2026-599688,Jorge Cruzalegui,copa-libertadores
Liga 1: Alianza Lima reveló la esperada camiseta blanquimorada y ya tiene nueva piel para octubre,Alianza Lima reveló la camiseta blanquimorada que lucirá en octubre de 2026,"Alianza Lima presentó oficialmente su nueva camiseta blanquimorada, una indumentaria que vuelve a rendir homenaje al Señor de los Milagros.","Alianza Limaya tiene nueva piel para una de las épocas más tradicionales del año. El conjunto blanquiazul presentó oficialmente su nueva camiseta blanquimorada para la temporada 2026, una indumentaria que vuelve a combinar la identidad del cuadro victoriano con su histórica devoción por el Señor de los Milagros.",11,1,"Alianza Lima presentó oficialmente su nueva camiseta blanquimorada, una indumentaria que vuelve a rendir homenaje al Señor de los Milagros.",False,3,"Alianza Lima, Liga 1 del Fútbol Peruano, Liga 1",2,1,Alianza Lima,Alianza Lima | Liga 1,428,2667,https://cdn.futbolperuano.com/sdi/2026/09/10/alianza-lima-revelo-la-camiseta-blanquimorada-que-lucira-en-octubre-de-2026-1356610.jpg,1200,Alianza Lima reveló su nueva blanquimorada. Foto: Twitter Alianza Lima,,https://www.futbolperuano.com/liga-1/noticias/alianza-lima-revelo-la-camiseta-blanquimorada-que-lucira-en-octubre-de-2026-599914,Joaquín Vásquez,liga-1
Liga 2: Sport Huancayo recibe tres inesperadas sanciones en la previa del partido ante Ayacucho FC,Liga 2: Sport Huancayo recibe tres inesperadas sanciones,Sport Huancayo visitará a Ayacucho FC en un encuentro correspondiente a la última fecha de la Fase Regional de la Liga 2.,"LaComisión Disciplinariade la Liga de Fútbol Profesional Peruana sancionó aSport Huancayo Bcon tres multas (0.60 UIT, 0.80 UIT y 0.60 UIT) por haber infringido los artículos 51 (acápites 51.1 y 51.3), 67 (acápites 67.1 y 67.2) y 91 (acápite 91.1) del Reglamento de laLiga 2durante sus encuentros ante Alianza Universidad y Santos FC.",12,3,Sport Huancayo visitará a Ayacucho FC en un encuentro correspondiente a la última fecha de la Fase Regional de la Liga 2. | Resolución No. 02 – Expediente L2. O-33-26 | Resolución No. 02 – Expediente L2. O-32-26,False,3,"Sport Huancayo, Liga 2, Segunda División",2,1,Sport Huancayo B,Sport Huancayo B | Liga 2,490,3041,https://cdn.futbolperuano.com/sdi/2026/09/09/liga-2-sport-huancayo-recibe-tres-inesperadas-sanciones-1356520.jpg,1200,Sport Huancayo recibe tres inesperadas sanciones. Foto: Facebook Liga2Caliente.pe,,https://www.futbolperuano.com/liga-2/noticias/liga-2-sport-huancayo-recibe-tres-inesperadas-sanciones-599818,Stewart Luya,liga-2
Alianza Lima vs. Universitario: así marcha el historial de clásicos jugados en Matute y en la historia,Alianza Lima vs. Universitario: así marcha el historial de clásicos jugados en Matute y en la historia,Alianza Lima ya se alista para recibir a Universitario de Deportes en lo que será una nueva edición del clásico del fútbol peruano.,"Alianza LimayUniversitario de Deportesvolverán a encontrarse en una nueva edición del clásico del fútbol peruano, un duelo que tendrá como escenario el estadio Alejandro Villanueva. El recinto blanquiazul ha sido protagonista de innumerables enfrentamientos entre ambos equipos y, a lo largo de los años, ha construido una estadística favorable para los locales.",7,1,Alianza Lima ya se alista para recibir a Universitario de Deportes en lo que será una nueva edición del clásico del fútbol peruano.,True,3,"Alianza Lima, Universitario de Deportes, Liga 1 del Fútbol Peruano",2,1,Alianza Lima,Alianza Lima | Universitario de Deportes,346,2343,https://cdn.futbolperuano.com/sdi/2026/09/09/alianza-lima-vs-universitario-asi-marcha-el-historial-de-clasicos-jugados-en-matute-y-en-la-historia-1356505.jpg,1200,Universitario no pierde en Matute desde el 2018. Foto: Liga1 Te Apuesto,,https://www.futbolperuano.com/liga-1/noticias/alianza-lima-vs-universitario-asi-marcha-el-historial-de-clasicos-jugados-en-matute-y-en-la-historia-599805,Gabriel Iberico,liga-1
Rodrigo “Ceja” Morales imitó a Rocky en Cusco y terminó en el piso durante la previa del Cienciano vs. Montevideo City,Rodrigo Morales terminó en el piso previa del Cienciano vs. Montevideo City Torque,"Rodrigo “Ceja” Morales imitó a Rocky durante la previa del Cienciano vs. Montevideo City Torque en Cusco, pero terminó en el piso tras un salto.","El Momento del día. La previa del duelo entreCiencianoyMontevideo City Torquepor los cuartos de final de laCopa Sudamericanadejó una divertida escena protagonizada por el periodista peruano Rodrigo “Ceja” Morales, quien quiso demostrar de una manera particular los efectos de la altura de Cusco.",9,1,"Rodrigo “Ceja” Morales imitó a Rocky durante la previa del Cienciano vs. Montevideo City Torque en Cusco, pero terminó en el piso tras un salto.",False,3,"Cienciano, Montevideo City, Copa Sudamericana",2,1,Cienciano,Cienciano | Copa Sudamericana,379,2422,https://cdn.futbolperuano.com/sdi/2026/09/10/rodrigo-morales-termino-en-el-piso-previa-del-cienciano-vs-montevideo-city-torque-1356653.jpg,1200,El divertido momento en la previa del Cienciano vs. Montevideo City. Foto: Difusión,,https://www.futbolperuano.com/copa-sudamericana/noticias/rodrigo-morales-termino-en-el-piso-previa-del-cienciano-vs-montevideo-city-torque-599961,Joaquín Vásquez,copa-sudamericana
¿Qué resultados consiguió Alianza Lima con Micke Palomino como árbitro antes del clásico?,Cómo le fue a Alianza Lima con Micke Palomino antes del clásico ante Universitario,Alianza Lima enfrenta a Universitario de Deportes por el clásico y tendrá a Micke Palomino como árbitro principal.,"Alianza LimayUniversitario de Deportesvolverán a encontrarse este sábado 12 de septiembre para disputar una nueva edición del clásico del fútbol peruano. Será el enfrentamiento número 303 entre ambos equipos y tendrá como escenario el Estadio Alejandro Villanueva, donde los dos buscarán quedarse con un triunfo importante en elTorneo Clausura 2026.",8,2,Alianza Lima enfrenta a Universitario de Deportes por el clásico y tendrá a Micke Palomino como árbitro principal. | La terna arbitral para el clásico,False,4,"Alianza Lima, Universitario de Deportes, Liga 1 del Fútbol Peruano, Liga 1",2,1,Alianza Lima,Alianza Lima | Torneo Clausura 2026,364,2318,https://cdn.futbolperuano.com/sdi/2026/09/09/como-le-fue-a-alianza-lima-con-micke-palomino-antes-del-clasico-ante-universitario-1356485.jpg,1200,Alianza Lima y Universitario se enfrentan por el clásico. Foto: Twitter Liga 1,,https://www.futbolperuano.com/liga-1/noticias/como-le-fue-a-alianza-lima-con-micke-palomino-antes-del-clasico-ante-universitario-599781,Joaquín Vásquez,liga-1
¡Inesperado! Sporting Cristal decidió ponerle fin al ciclo de Roberto Mosquera,Sporting Cristal decidió ponerle fin al ciclo de Roberto Mosquera,El periodista Julio Peña reveló que Sporting Cristal había tomado la decisión de no seguir contando con Roberto Mosquera en el banco.,"Sporting Cristalcontinúa en la pelea por alcanzar el título delTorneo Clausura 2026, aunque la irregularidad mostrada por el equipo, especialmente en condición de visitante, ha comenzado a generar preocupación dentro de la institución. Los resultados negativos lejos del Alberto Gallardo provocaron cuestionamientos hacia el trabajo deRoberto Mosquera.",6,1,El periodista Julio Peña reveló que Sporting Cristal había tomado la decisión de no seguir contando con Roberto Mosquera en el banco.,False,3,"Sporting Cristal, Roberto Mosquera, Liga 1 del Fútbol Peruano",2,1,Sporting Cristal,Sporting Cristal | Torneo Clausura 2026,377,2416,https://cdn.futbolperuano.com/sdi/2026/09/09/sporting-cristal-decidio-ponerle-fin-al-ciclo-de-roberto-mosquera-1356482.jpg,1200,Roberto Mosquera. Foto: Club Sporting Cristal,,https://www.futbolperuano.com/liga-1/noticias/sporting-cristal-decidio-ponerle-fin-al-ciclo-de-roberto-mosquera-599778,Gabriel Iberico,liga-1
No será en Piura: Universitario enfrentará a Alianza Atlético y Grau en insólito estadio,No será en Piura: Universitario enfrentará a Alianza Atlético y Grau en insólito estadio,Universitario de Deportes está obligado a sumar en todas las plazas si quiere continuar en la pelea por el Torneo Clausura 2026.,"Universitario de Deportescontinúa con la mirada puesta en elTorneo Clausura 2026. El conjunto crema sabe que necesita sumar la mayor cantidad de puntos posibles para mantenerse en la pelea por el campeonato y buscar posteriormente el tetracampeonato, por lo que cualquier factor que pueda favorecer su camino termina siendo importante.",8,1,Universitario de Deportes está obligado a sumar en todas las plazas si quiere continuar en la pelea por el Torneo Clausura 2026.,False,4,"Universitario de Deportes, Alianza Atlético, Atlético Grau, Liga 1 del Fútbol Peruano",2,1,Universitario de Deportes,Universitario de Deportes | Torneo Clausura 2026,368,2376,https://cdn.futbolperuano.com/sdi/2026/09/10/no-sera-en-piura-universitario-enfrentara-a-alianza-atletico-y-grau-en-insolito-estadio-1356554.jpg,1200,Universitario no enfrentará a Alianza Atlético ni a Grau en Piura. Foto: Club Universitario de Deportes,,https://www.futbolperuano.com/liga-1/noticias/no-sera-en-piura-universitario-enfrentara-a-alianza-atletico-y-grau-en-insolito-estadio-599849,Gabriel Iberico,liga-1
Alianza Lima y una racha histórica que parece imposible de repetir en los clásicos ante Universitario,Alianza Lima y una racha histórica que parece imposible de repetir en los clásicos ante Universitario,"A falta de muy poco para el clásico, Alianza Lima ostenta una de las rachas más increíbles frente a Universitario de Deportes.","Alianza Limarecibirá aUniversitario de Deporteseste sábado 12 de septiembre en el Estadio Alejandro Villanueva, en un clásico correspondiente a la novena jornada delTorneo Clausura 2026. El encuentro tendrá un valor especial para ambos equipos, que llegan con objetivos importantes en la recta decisiva del campeonato.",7,1,"A falta de muy poco para el clásico, Alianza Lima ostenta una de las rachas más increíbles frente a Universitario de Deportes.",True,3,"Alianza Lima, Universitario de Deportes, Liga 1 del Fútbol Peruano",2,1,Alianza Lima,Alianza Lima | Universitario de Deportes,350,2308,https://cdn.futbolperuano.com/sdi/2026/09/09/alianza-lima-y-una-racha-historica-que-parece-imposible-de-repetir-en-los-clasicos-ante-universitario-1356535.jpg,1200,Alianza Lima recibe a Universitario en Matute. Foto: Liga1 Te Apuesto,,https://www.futbolperuano.com/liga-1/noticias/alianza-lima-y-una-racha-historica-que-parece-imposible-de-repetir-en-los-clasicos-ante-universitario-599830,Gabriel Iberico,liga-1
Liga 2: Unión Comercio recibe una terrible noticia en la previa de la última fecha de la Fase Regional,Liga 2: Unión Comercio recibe una terrible noticia en el ascenso,Unión Comercio visitará a ADA de Jaén en un encuentro correspondiente a la última jornada de la Fase Regional de la Liga 2.,"Unión Comercio, ubicado en el primer lugar del Grupo 1 con 32 puntos y el boleto a la Fase Final de la Liga 2 en el bolsillo, recibió una terrible noticia en la previa de la última jornada de la Fase Regional de la Segunda División del Perú.",8,2,Unión Comercio visitará a ADA de Jaén en un encuentro correspondiente a la última jornada de la Fase Regional de la Liga 2. | Resolución,False,3,"Unión Comercio, Liga 2, Fútbol Peruano",2,1,Unión Comercio,Unión Comercio | Liga 2,397,2398,https://cdn.futbolperuano.com/sdi/2026/09/09/liga-2-union-comercio-recibe-una-terrible-noticia-en-el-ascenso-1356490.jpg,1200,Unión Comercio recibe una terrible noticia en la Liga 2. Foto: Facebook Unión Comercio,,https://www.futbolperuano.com/liga-2/noticias/liga-2-union-comercio-recibe-una-terrible-noticia-en-el-ascenso-599786,Stewart Luya,liga-2
Marina Scherer regresa a la Liga Peruana de Vóley y ficha por Regatas Lima,Marina Scherer regresa a la Liga Peruana de Vóley 2026-27,Marina Scherer decidió ponerle punto final a su travesía en el Viejo Continente y confirmó su regreso a la Liga Peruana de Vóley.,"La armadora brasileñaMarina Schererdecidió ponerle punto final a su travesía en el Viejo Continente y confirmó su regreso a laLiga Peruana de Vóleypara defender los colores deRegatas Lima, que quiere volver a tener protagonismo en el campeonato nacional.",7,2,Marina Scherer decidió ponerle punto final a su travesía en el Viejo Continente y confirmó su regreso a la Liga Peruana de Vóley. | Más fichajes,False,3,"Liga Peruana de Vóley, Regatas Lima, Vóley",2,1,Liga Peruana de Vóley,Liga Peruana de Vóley | Regatas Lima,378,2442,https://cdn.futbolperuano.com/sdi/2026/09/09/marina-scherer-regresa-a-la-liga-peruana-de-voley-2026-27-1356503.jpg,1200,Marina Scherer regresa a la Liga Peruana de Vóley. Foto: Instagram regataslimavoley,,https://www.futbolperuano.com/liga-voley/marina-scherer-regresa-a-la-liga-peruana-de-voley-2026-27-599801,Stewart Luya,liga-voley
El curioso apodo que representa a Perú y acompaña a Matteo Pérez Vinlof en Dinamo Zagreb,Matteo Pérez revela el curioso apodo que recibió en el vestuario de Dinamo Zagreb,Matteo Pérez Vinlof sorprende al revelar un detalle de su vida en Dinamo Zagreb y cuenta cómo surgió su curioso apodo.,"Matteo Pérez Vinlofha ganado un lugar en el plantel delDinamo Zagreby también un curioso apodo dentro del vestuario. El futbolista contó en una reciente entrevista conSportske Novosticómo nació el sobrenombre de “Perú”, una denominación que inicialmente no fue de su agrado, pero que terminó aceptando con el paso del tiempo.",12,1,Matteo Pérez Vinlof sorprende al revelar un detalle de su vida en Dinamo Zagreb y cuenta cómo surgió su curioso apodo.,False,3,"Matteo Pérez Vinlof, Dinamo Zagreb, Peruanos en el Exterior",2,1,Matteo Pérez Vinlof,Matteo Pérez Vinlof | Dinamo Zagreb,447,2806,https://cdn.futbolperuano.com/sdi/2026/09/09/matteo-perez-revela-el-curioso-apodo-que-recibio-en-el-vestuario-de-dinamo-zagreb-1356477.jpg,1200,Matteo Pérez y el curioso apodo que recibió en Dinamo Zagreb. Foto: Twitter Dinamo Zagreb,,https://www.futbolperuano.com/peruanos-en-el-exterior/noticias/matteo-perez-revela-el-curioso-apodo-que-recibio-en-el-vestuario-de-dinamo-zagreb-599773,Joaquín Vásquez,peruanos-en-el-exterior
"¿Cómo le fue a Universitario con Micke Palomino, árbitro del próximo clásico ante Alianza Lima?",Cómo le fue a Universitario las veces que Micke Palomino dirigió sus partidos,Micke Palomino dirigirá por primera vez un clásico entre Alianza Lima y Universitario. Conoce cómo le fue a la ‘U’ en sus dos partidos con el árbitro.,"Universitario de Deportesafrontará este sábado 12 de septiembre uno de los partidos más esperados de la temporada. El cuadro crema se medirá anteAlianza Limaen una nueva edición del clásico del fútbol peruano, un encuentro que tendrá aMicke Palominocomo encargado de impartir justicia. Para el árbitro nacional de 44 años será una jornada especial, ya que dirigirá por primera vez un enfrentamiento entre íntimos y merengues.",8,2,Micke Palomino dirigirá por primera vez un clásico entre Alianza Lima y Universitario. Conoce cómo le fue a la ‘U’ en sus dos partidos con el árbitro. | ¿Qué números tiene Micke Palomino en 2026?,False,4,"Universitario de Deportes, Liga 1 del Fútbol Peruano, Liga 1, Alianza Lima",2,1,Universitario de Deportes,Universitario de Deportes | Alianza Lima,365,2236,https://cdn.futbolperuano.com/sdi/2026/09/09/como-le-fue-a-universitario-las-veces-que-micke-palomino-dirigio-sus-partidos-1356463.jpg,1200,Micke Palomino. Foto: Twitter Liga 1,,https://www.futbolperuano.com/liga-1/noticias/como-le-fue-a-universitario-las-veces-que-micke-palomino-dirigio-sus-partidos-599757,Joaquín Vásquez,liga-1
Bassco Soyer volvió a aparecer como titular con Gil Vicente Sub-23 vs. Marítimo,Bassco Soyer volvió a ser titular con Gil Vicente vs Marítimo en Liga Next Gen U23,Bassco Soyer inició las acciones en el empate 1-1 por la quinta fecha de la Liga Next Gen U23. Matías Martínez no fue convocado.,"Con el peruanoBassco Soyercomo titular, Gil Vicente empató 1-1 ante CS Marítimo por la quinta fecha de la Liga Next Gen U23 2026/27.",4,2,Bassco Soyer inició las acciones en el empate 1-1 por la quinta fecha de la Liga Next Gen U23. Matías Martínez no fue convocado. | Peruanos en el exterior (2026),True,4,"Bassco Soyer, Matías Martínez, Gil Vicente, Peruanos en el Exterior",2,1,Bassco Soyer,Bassco Soyer | Gil Vicente,134,808,https://cdn.futbolperuano.com/sdi/2026/09/09/bassco-soyer-volvio-a-ser-titular-con-gil-vicente-vs-maritimo-en-liga-next-gen-u23-1356419.jpg,1200,Bassco Soyer en Portugal. Foto: Twitter Gil Vicente,,https://www.futbolperuano.com/peruanos-en-el-exterior/noticias/bassco-soyer-volvio-a-ser-titular-con-gil-vicente-vs-maritimo-en-liga-next-gen-u23-599713,Joaquín Vásquez,peruanos-en-el-exterior
Alianza Lima vs. Universitario: los seis jugadores que podrían protagonizar la ‘ley del ex’ en el clásico,Alianza Lima vs. Universitario: los seis jugadores que podrían protagonizar la ‘ley del ex’ en el clásico,Seis jugadores en total podrían convertirle a su exequipo en el clásico entre Alianza Lima y Universitario de Deportes por el Torneo Clausura 2026.,"Alianza LimayUniversitario de Deportesvolverán a verse las caras en una nueva edición del clásico del fútbol peruano. El esperado encuentro se disputará este sábado 12 de septiembre en el estadio Alejandro Villanueva, por la novena jornada delTorneo Clausurade laLiga 1 2026.",10,1,Seis jugadores en total podrían convertirle a su exequipo en el clásico entre Alianza Lima y Universitario de Deportes por el Torneo Clausura 2026.,False,3,"Alianza Lima, Universitario de Deportes, Liga 1 del Fútbol Peruano",2,1,Alianza Lima,Alianza Lima | Universitario de Deportes,500,3320,https://cdn.futbolperuano.com/sdi/2026/09/10/alianza-lima-vs-universitario-los-seis-jugadores-que-podrian-protagonizar-la-ley-del-ex-en-el-clasico-1356544.jpg,1200,Jairo Concha y Jairo Vélez son dos de los jugadores que enfrentarán a su exclub. Foto: Difusión ,,https://www.futbolperuano.com/liga-1/noticias/alianza-lima-vs-universitario-los-seis-jugadores-que-podrian-protagonizar-la-ley-del-ex-en-el-clasico-599840,Gabriel Iberico,liga-1
"Giancarlo Granda arremete contra los delanteros de Alianza Lima en la previa al clásico ante Universitario: “Si Eryc Castillo no hace gol, nadie lo hace”",Giancarlo Granda arremete contra los delanteros de Alianza Lima en la previa al clásico,El periodista apuntó contra la ofensiva de Alianza Lima con miras al clásico ante Universitario por la fecha 9 del Torneo Clausura 2026.,"Alianza Limase prepara para afrontar uno de los partidos más importantes delTorneo Clausura 2026, pero lo hará en medio de cuestionamientos por su irregular rendimiento. A pocos días del clásico frente aUniversitario de Deportes, el equipo dirigido por Pablo Guede genera preocupación por sus dificultades para convertir las ocasiones de gol.",10,1,El periodista apuntó contra la ofensiva de Alianza Lima con miras al clásico ante Universitario por la fecha 9 del Torneo Clausura 2026.,False,3,"Giancarlo Granda, Alianza Lima, Universitario de Deportes",2,1,Alianza Lima,Alianza Lima | Torneo Clausura 2026,484,3042,https://cdn.futbolperuano.com/sdi/2026/09/09/giancarlo-granda-arremete-contra-los-delanteros-de-alianza-lima-en-la-previa-al-clasico-1356492.jpg,1200,Giancarlo Granda. Foto: Captura / Club Alianza Lima,,https://www.futbolperuano.com/liga-1/noticias/giancarlo-granda-arremete-contra-los-delanteros-de-alianza-lima-en-la-previa-al-clasico-599792,Gabriel Iberico,liga-1
Copa Perú: subcampeón de Piura presentó a su nuevo entrenador para la Etapa Nacional,Copa Perú: subcampeón de Piura presentó a su nuevo entrenador,"El subcampeón de Piura comenzó a reforzarse para encarar la Etapa Nacional de la Copa Perú, que inicia este fin de semana.","ElClub Deportivo Caysa(Yapatera-Morropón), subcampeón de la Liga Departamental de Piura, comenzó a reforzarse para encarar laEtapa Nacionalde laCopa Perú, la cual iniciará este fin de semana (sábado 12 y domingo 13 de septiembre).",5,2,"El subcampeón de Piura comenzó a reforzarse para encarar la Etapa Nacional de la Copa Perú, que inicia este fin de semana. | Programación de la fecha 1 de la Etapa Nacional",True,3,"Copa Perú, Piura, Fútbol Peruano",2,1,Club Deportivo Caysa,Club Deportivo Caysa | Copa Perú,205,1262,https://cdn.futbolperuano.com/sdi/2026/09/09/copa-peru-subcampeon-de-piura-presento-a-su-nuevo-entrenador-1356466.jpg,1200,Subcampeón de Piura presentó a su nuevo entrenador. Foto: Facebook Club Deportivo Caysa De Yapatera,,https://www.futbolperuano.com/copa-peru/noticias/copa-peru-subcampeon-de-piura-presento-a-su-nuevo-entrenador-599760,Stewart Luya,copa-peru
Programación de la fecha 1 de la Etapa Nacional de la Copa Perú 2026,Programación de la fecha 1 de la Etapa Nacional de la Copa Perú,La Fecha 1 de la Etapa Nacional de la Copa Perú se jugará este fin de semana (sábado 12 y domingo 13 de septiembre).,"A partir de este fin de semana (sábado 12 y domingo 13), los 50 equipos clasificados a laEtapa Nacionalde laCopa Perú 2026iniciarán su andadura en la Fase 1 y buscarán el ansiado ascenso a la Liga 2 (campeón) o, en su defecto, a la Liga 3 (subcampeón).",2,2,La Fecha 1 de la Etapa Nacional de la Copa Perú se jugará este fin de semana (sábado 12 y domingo 13 de septiembre). | Fase 1 de la Etapa Nacional de la Copa Perú,True,3,"Copa Perú, Nacional, Fútbol",2,1,Copa Perú 2026,Copa Perú 2026 | Tabla Única de Posiciones,132,795,https://cdn.futbolperuano.com/sdi/2026/09/01/programacion-de-la-fecha-1-de-la-etapa-nacional-de-la-copa-peru-1355400.jpg,1200,Etapa Nacional de la Copa Perú. Foto: Facebook COPA PERÚ VAOPE 2026,,https://www.futbolperuano.com/copa-peru/noticias/programacion-de-la-fecha-1-de-la-etapa-nacional-de-la-copa-peru-598540,Stewart Luya,copa-peru
Wilder Cartagena ingresó y Orlando City afrontó un duro desafío ante Atlanta United,Wilder Cartagena ingresó en triunfo de Orlando City ante Atlanta United por la MLS,Wilder Cartagena volvió a sumar minutos con el Orlando City en un vibrante duelo por la Major League Soccer 2026.,"Orlando Cityconsiguió una importante victoria como visitante al imponerse por 3-2 anteAtlanta United, por la fecha 24 de la Conferencia Este de laMLS 2026. El volante peruanoWilder Cartagenaingresó en el segundo tiempo y sumó minutos en el triunfo de su equipo.",12,2,Wilder Cartagena volvió a sumar minutos con el Orlando City en un vibrante duelo por la Major League Soccer 2026. | Próximos partidos de Orlando City,False,3,"Wilder Cartagena, Orlando City, Peruanos en el Exterior",2,1,Orlando City,Orlando City | Wilder Cartagena,461,2763,https://cdn.futbolperuano.com/sdi/2026/09/10/wilder-cartagena-ingreso-en-triunfo-de-orlando-city-ante-atlanta-united-por-la-mls-1356577.jpg,1200,Wilder Cartagena en la MLS. Foto: Twitter Orlando City,,https://www.futbolperuano.com/peruanos-en-el-exterior/noticias/wilder-cartagena-ingreso-en-triunfo-de-orlando-city-ante-atlanta-united-por-la-mls-599882,Joaquín Vásquez,peruanos-en-el-exterior
¡Se arma el ‘Taladro’! Atlético Torino incorpora 7 refuerzos para la Etapa Nacional de la Copa Perú 2026,Atlético Torino suma siete refuerzos para afrontar la Etapa Nacional de la Copa Perú 2026,Atlético Torino suma refuerzos para la Etapa Nacional de la Copa Perú 2026 y buscará pelear por el ascenso.,"Atlético Torinoquiere volver a ser protagonista en laCopa Perúy ya tiene prácticamente armado el plantel con el que afrontará laEtapa Nacional 2026. El cuadro talareño, bicampeón de la Etapa Departamental de Piura, sumará siete refuerzos para afrontar el tramo más exigente del torneo y buscar el ansiado ascenso.",9,2,Atlético Torino suma refuerzos para la Etapa Nacional de la Copa Perú 2026 y buscará pelear por el ascenso. | Su debut en la Etapa Nacional,False,3,"Atlético Torino, Liga Departamental de Piura, Copa Perú",2,1,Atlético Torino,Atlético Torino | Copa Perú,380,2385,https://cdn.futbolperuano.com/sdi/2026/09/09/atletico-torino-suma-siete-refuerzos-para-afrontar-la-etapa-nacional-de-la-copa-peru-2026-1356437.jpg,1200,El ‘Taladro del Norte’ suma siete refuerzos para la Etapa Nacional 2026. Foto: Facebook Club Atlético Torino,,https://www.futbolperuano.com/copa-peru/noticias/atletico-torino-suma-siete-refuerzos-para-afrontar-la-etapa-nacional-de-la-copa-peru-2026-599730,Joaquín Vásquez,copa-peru
Horacio Melgarejo explicó cómo Cienciano puede aprovechar la altura ante Montevideo City y sorprendió al revelar qué hizo para cambiar su comportamiento,Horacio Melgarejo revela la principal arma de Cienciano para enfrentar a rivales internacionales antes de los cuartos de final de la Copa Sudamericana,Horacio Melgarejo explicó cómo Cienciano debe aprovechar la altura ante sus rivales y reveló el proceso que inició para controlar sus emociones.,"Ciencianodel Cusco viene realizando una gran campaña en lo que respecta a laCopa Sudamericana2026, donde este jueves deberá enfrentarse aMontevideo Cityen condición de local por la ida de los cuartos de final del certamen continental. Bajo ese contexto,Horacio Melgarejo, entrenador del ‘Papá’, reveló cual es la principal arma de su equipo ante los rivales internacionales.",4,2,Horacio Melgarejo explicó cómo Cienciano debe aprovechar la altura ante sus rivales y reveló el proceso que inició para controlar sus emociones. | Programación de los cuartos de final (IDA) - Copa Sudamericana 2026,True,3,"Horacio Melgarejo, Cienciano, Copa Sudamericana",2,1,Copa Sudamericana,Copa Sudamericana | Horacio Melgarejo,212,1290,https://cdn.futbolperuano.com/sdi/2026/09/09/horacio-melgarejo-revela-la-principal-arma-de-cienciano-para-enfrentar-a-rivales-internacionales-antes-de-los-cuartos-de-final-de-la-copa-sudamericana-1356525.jpg,1200,Horacio Melgarejo reveló cuál considera que es la principal arma de Cienciano. Foto: Facebook Cienciano,,https://www.futbolperuano.com/copa-sudamericana/noticias/horacio-melgarejo-revela-la-principal-arma-de-cienciano-para-enfrentar-a-rivales-internacionales-antes-de-los-cuartos-de-final-de-la-copa-sudamericana-599824,Gabriel Rey,copa-sudamericana
El insólito pedido del ‘Puma’ Carranza antes del clásico entre Universitario y Alianza Lima,José Luis Puma Carranza estará en Matute para el clásico entre Universitario y Alianza Lima,José Luis Carranza habría solicitado a Universitario de Deportes algo especial de cara al clásico de este sábado ante Alianza Lima.,"Cada vez falta menos para el clásico entreUniversitarioy Alianza Limay la previa ya comienza a calentarse. El duelo de este sábado en el Estadio Alejandro Villanueva será uno de los partidos más esperados de la novena fecha delTorneo Clausura 2026, pero en las últimas horas apareció un detalle que no pasó desapercibido y que tiene como protagonista a una de las máximas figuras históricas del cuadro crema.",9,3,José Luis Carranza habría solicitado a Universitario de Deportes algo especial de cara al clásico de este sábado ante Alianza Lima. | El ‘Puma’ ya sabe lo que es celebrar en Matute | ¿Cuándo es el clásico?,False,4,"Universitario de Deportes, José Carranza, Alianza Lima, Liga 1 del Fútbol Peruano",2,1,Universitario,Universitario | Alianza Lima,380,2453,https://cdn.futbolperuano.com/sdi/2026/09/09/jose-luis-puma-carranza-estara-en-matute-para-el-clasico-entre-universitario-y-alianza-lima-1356424.jpg,1200,José Luis Carranza. Foto: Twitter Universitario de Deportes,,https://www.futbolperuano.com/liga-1/noticias/jose-luis-puma-carranza-estara-en-matute-para-el-clasico-entre-universitario-y-alianza-lima-599714,Joaquín Vásquez,liga-1
Comisión Disciplinaria sanciona a ADT de Tarma y agrava su crisis en la Liga 1,Liga 1: Comisión Disciplinaria sanciona a ADT de Tarma,ADT de Tarma no atraviesa un buen momento y se ubica en el penúltimo lugar del Torneo Clausura y del Acumulado de la Liga 1.,LaComisión Disciplinariade la Liga de Fútbol Profesional Peruana sancionó aADT de Tarmacon una multa de 1 UIT por haber infringido el acápite 67.1 del artículo 67 del Reglamento de laLiga 1durante su partido ante Sport Boys el pasado 25 de julio.,8,2,ADT de Tarma no atraviesa un buen momento y se ubica en el penúltimo lugar del Torneo Clausura y del Acumulado de la Liga 1. | Resolución,False,3,"ADT de Tarma, Liga 1, Fútbol Peruano",2,1,ADT de Tarma,ADT de Tarma | Liga 1,372,2272,https://cdn.futbolperuano.com/sdi/2026/09/09/liga-1-comision-disciplinaria-sanciona-a-adt-de-tarma-1356479.jpg,1200,Comisión Disciplinaria agrava la crisis de ADT. Foto: Facebook ADT - Asociación Deportiva Tarma,,https://www.futbolperuano.com/liga-1/noticias/liga-1-comision-disciplinaria-sanciona-a-adt-de-tarma-599774,Stewart Luya,liga-1
Noche Blanquiazul Vóley 2026: Alianza Lima presentará a sus tricampeonas ante clubes internacionales,Alianza Lima presentará a sus tricampeonas en la Noche Blanquiazul Vóley 2026: fechas y rivales,"El viernes 25, sábado 26 y domingo 27 de septiembre se disputará la ‘Noche Blanquiazul’, en donde Alianza Lima presentará su plantel 2026-27.","Alianza Limavolverá a encontrarse con su hinchada en una nueva edición de laNoche Blanquiazul Vóley.El cuadro blanquiazul anunció oficialmente el regreso de uno de sus eventos más esperados y, esta vez, lo hará con una edición especial de tres días que tendrá como protagonistas a importantes equipos internacionales.",10,1,"El viernes 25, sábado 26 y domingo 27 de septiembre se disputará la ‘Noche Blanquiazul’, en donde Alianza Lima presentará su plantel 2026-27.",False,3,"Alianza Lima, Vóley, Perú",2,1,Alianza Lima,Alianza Lima | Liga Peruana de Vóley,405,2558,https://cdn.futbolperuano.com/sdi/2026/09/09/alianza-lima-presentara-a-sus-tricampeonas-en-la-noche-blanquiazul-voley-2026-fechas-y-rivales-1356444.jpg,1200,Alianza Lima presentará a sus tricampeonas en la Noche Blanquiazul Vóley 2026. Foto: Twitter Alianza Lima Vóley,,https://www.futbolperuano.com/liga-voley/alianza-lima-presentara-a-sus-tricampeonas-en-la-noche-blanquiazul-voley-2026-fechas-y-rivales-599735,Joaquín Vásquez,liga-voley
Pedro Gallese fue suplente en la eliminación de Deportivo Cali de la Copa Colombia 2026,Deportivo Cali se despidió de la Copa Colombia y Pedro Gallese fue suplente,"Pedro Gallese vivió desde el banco una jornada complicada con Deportivo Cali, que afrontó un decisivo encuentro por la Copa Colombia.","SinPedro Gallese, quien permaneció en el banco de suplentes,Deportivo Calicayó goleado por 3-0 ante Atlético Nacional en el Estadio Atanasio Girardot y quedó eliminado en los octavos de final de la Copa Colombia.",6,2,"Pedro Gallese vivió desde el banco una jornada complicada con Deportivo Cali, que afrontó un decisivo encuentro por la Copa Colombia. | Peruanos en el exterior (2026)",True,3,"Pedro Gallese, Deportivo Cali, Peruanos en el Exterior",2,1,Pedro Gallese,Pedro Gallese | Deportivo Cali,235,1502,https://cdn.futbolperuano.com/sdi/2026/09/09/deportivo-cali-se-despidio-de-la-copa-colombia-y-pedro-gallese-fue-suplente-1356417.jpg,1200,Pedro Gallese. Foto: Twitter Deportivo Cali,,https://www.futbolperuano.com/peruanos-en-el-exterior/noticias/deportivo-cali-se-despidio-de-la-copa-colombia-y-pedro-gallese-fue-suplente-599710,Joaquín Vásquez,peruanos-en-el-exterior
Poder ofensivo: Universitario ficha a seleccionada chilena para la Copa Libertadores Femenina 2026,Universitario ficha a seleccionada chilena para la Copa Libertadores Femenina 2026,Universitario de Deportes continúa anunciando refuerzos para su participación en la Copa Libertadores Femenina 2026.,¡Siguen sumando refuerzos! La directiva deUniversitario de Deportesno se toma ningún descanso de por medio en su intento por armar un plantel amplio y competitivo para disputar la próxima edición de laCopa Libertadores Femenina 2026y sumó un nuevo fichaje internacional.,8,1,Universitario de Deportes continúa anunciando refuerzos para su participación en la Copa Libertadores Femenina 2026.,False,3,"Universitario de Deportes, Copa Libertadores Femenina, Fútbol Femenino",2,1,Copa Libertadores Femenina 2026,Copa Libertadores Femenina 2026 | Universitario de Deportes,368,2327,https://cdn.futbolperuano.com/sdi/2026/09/09/universitario-ficha-a-seleccionada-chilena-para-la-copa-libertadores-femenina-2026-1356402.jpg,1200,Universitario se alista para la Copa Libertadores FEM 2026. Foto: Facebook Fútbol Femenino - Club Universitario de Deportes,,https://www.futbolperuano.com/futbol-femenino/liga-femenina/universitario-ficha-a-seleccionada-chilena-para-la-copa-libertadores-femenina-2026-599682,Jorge Cruzalegui,futbol-femenino
Sergio Peña volvió a ser titular en el empate de OFK Beograd por la Primera División de Serbia (Superliga),Sergio Peña jugó los 90 minutos en el empate de OFK Beograd ante IMT Novi Beograd,"Sergio Peña jugó todo el partido en el empate de OFK Beograd, que marcha noveno y está a dos puntos del Grupo de Campeonato.","Sergio Peñavolvió a ser titular y disputó los 90 minutos en el empate 1-1 entreOFK Beograde IMT Novi Beograd, por la octava jornada de la Primera División de Serbia (Superliga). El mediocampista peruano volvió a completar todo el compromiso y mantiene su lugar como una pieza habitual del equipo serbio.",7,2,"Sergio Peña jugó todo el partido en el empate de OFK Beograd, que marcha noveno y está a dos puntos del Grupo de Campeonato. | Peruanos en el exterior (2026)",True,3,"Sergio Peña, Serbia, Peruanos en el Exterior",2,1,Sergio Peña,Sergio Peña | OFK Beograd,266,1587,https://cdn.futbolperuano.com/sdi/2026/09/09/sergio-pena-jugo-los-90-minutos-en-el-empate-de-ofk-beograd-ante-imt-novi-beograd-1356426.jpg,1200,Sergio Peña fue titular. Foto: Instagram OFK Beograd,,https://www.futbolperuano.com/peruanos-en-el-exterior/noticias/sergio-pena-jugo-los-90-minutos-en-el-empate-de-ofk-beograd-ante-imt-novi-beograd-599718,Joaquín Vásquez,peruanos-en-el-exterior
San Martín se refuerza con excampeona de Alianza Lima para la Liga Peruana de Vóley 2026-27,San Martín se refuerza con excampeona de Alianza Lima para Liga Peruana de Vóley 2026-27,La directiva de la Universidad San Martín continúa armando el nuevo plantel para la Liga Peruana de Vóley 2026-27.,"¡Equipazo! En medio de la participación de Perú en elSudamericano de Voleibol Femenino, la directiva de laUniversidad San Martíncontinúa con el armado de su renovado plantel para afrontar laLiga Peruana de Vóley 2026-27.",6,2,La directiva de la Universidad San Martín continúa armando el nuevo plantel para la Liga Peruana de Vóley 2026-27. | ¿Quién es el nuevo fichaje de los 'albos'?,True,3,"San Martín, Alianza Lima, Liga Peruana de Vóley",2,1,Sudamericano de Voleibol Femenino,Sudamericano de Voleibol Femenino | Liga Peruana de Vóley 2026-27,233,1388,https://cdn.futbolperuano.com/sdi/2026/09/09/san-martin-se-refuerza-con-excampeona-de-alianza-lima-para-liga-peruana-de-voley-2026-27-1356394.jpg,1200,San Martín se refuerza para la temporada 2026-27. Foto: Facebook USMP Vóley Club,,https://www.futbolperuano.com/liga-voley/san-martin-se-refuerza-con-excampeona-de-alianza-lima-para-liga-peruana-de-voley-2026-27-599677,Jorge Cruzalegui,liga-voley
"Partidos de Hoy, miércoles 09 de septiembre del 2026: Horarios del fútbol en vivo por televisión en el Perú",Programación de partidos por TV del miércoles 09 de septiembre del 2026,"El miércoles 09 de septiembre estará cargado de mucho fútbol en el mundo, y sabrás dónde verlo en la parrilla de fútbol por TV.","El fútbol no se detiene y este miércoles 09 de septiembre de 2026 lo podremos disfrutar más que nunca, pues varias de las ligas a lo largo del mundo comienzan a reiniciarse, así como los torneos internacionales más importantes; por ello, te traemos los duelos más esperados por los hinchas. Recuerda que puedes ver la programación deFútbol por TVcompleta en Futbolperuano.com.",6,2,"El miércoles 09 de septiembre estará cargado de mucho fútbol en el mundo, y sabrás dónde verlo en la parrilla de fútbol por TV. | Sigue la competencia sudamericana",False,3,"Fútbol por TV, Champions League, Copa Libertadores",2,1,Fútbol por TV,Fútbol por TV | Fútbol por TV,369,2175,https://cdn.futbolperuano.com/sdi/2026/09/08/programacion-de-partidos-por-tv-del-miercoles-09-de-septiembre-del-2026-1356353.jpg,1200,Fútbol por TV: miércoles 09 de septiembre de 2026. Foto: EFE,,https://www.futbolperuano.com/partidos-por-tv/noticias/programacion-de-partidos-por-tv-del-miercoles-09-de-septiembre-del-2026-599640,Jorge Cruzalegui,partidos-por-tv
Cienciano vs Montevideo City: ¿Qué canales transmitirán los cuartos de final de la Copa Sudamericana 2026?,Cienciano vs Montevideo City: canales del partido de cuartos de final de Copa Sudamericana 2026,Cienciano recibirá a Montevideo City en el Estadio Inca Garcilaso de la Vega por los cuartos de final de la Copa Sudamericana 2026.,"¡Concentración al máximo! Luego de romper su mala racha en la liga peruana, el plantel deCiencianoquedó tranquilo y mentalizado en lo que será su próximo reto internacional frente a Montevideo City por los cuartos de final de laCopa Sudamericana 2026.",8,1,Cienciano recibirá a Montevideo City en el Estadio Inca Garcilaso de la Vega por los cuartos de final de la Copa Sudamericana 2026.,False,3,"Cienciano, Montevideo City, Copa Sudamericana",2,1,Cienciano,Cienciano | Copa Sudamericana 2026,368,2200,https://cdn.futbolperuano.com/sdi/2026/09/08/cienciano-vs-montevideo-city-canales-del-partido-de-cuartos-de-final-de-copa-sudamericana-2026-1356365.jpg,1200,Cienciano se alista para recibir a Montevideo City. Foto: Facebook Club Cienciano,,https://www.futbolperuano.com/copa-sudamericana/noticias/cienciano-vs-montevideo-city-canales-del-partido-de-cuartos-de-final-de-copa-sudamericana-2026-599649,Jorge Cruzalegui,copa-sudamericana
Cienciano: ¿Qué radios relatarán el partido ante Montevideo City por los cuartos de la Copa Sudamericana 2026?,Cienciano: radios que relatarán partido ante Montevideo City por cuartos de Copa Sudamericana 2026,Cienciano se pone a prueba frente a Montevideo City en el Cusco por los cuartos de final (IDA) de la Copa Sudamericana 2026.,"¡El sueño del 'Papá'! El plantel deCiencianocontinúa trabajando arduamente de cara a su próximo reto internacional, y es que está a nada de enfrentar aMontevideo Cityen laCopa Sudamericana 2026en estos cuartos de final del mencionado certamen de la Conmebol.",6,1,Cienciano se pone a prueba frente a Montevideo City en el Cusco por los cuartos de final (IDA) de la Copa Sudamericana 2026.,True,3,"Cienciano, Montevideo City, Copa Sudamericana",3,1,Cienciano,Cienciano | Copa Sudamericana 2026 | Copa Sudamericana,304,1794,https://cdn.futbolperuano.com/sdi/2026/09/08/cienciano-radios-que-relataran-partido-ante-montevideo-city-por-cuartos-de-copa-sudamericana-2026-1356381.jpg,1200,Cienciano se alista para recibir a Montevideo City. Foto: Facebook Club Cienciano,,https://www.futbolperuano.com/copa-sudamericana/noticias/cienciano-radios-que-relataran-partido-ante-montevideo-city-por-cuartos-de-copa-sudamericana-2026-599663,Jorge Cruzalegui,copa-sudamericana
Copa Perú: Perú San Germán disputará la Segunda División de San Martín de Porres,Copa Perú: Perú San Germán disputará la Segunda División,"Perú San Germán, que hace unos meses saltó a la fama por sus similitudes con el París Saint Germain, tendrá acción en la Copa Perú","ElPerú San Germán, que hace unos meses saltó a la fama por sus similitudes con el París Saint-Germain -equipo con el que comparte los mismos colores y las mismas siglas-, disputará el Campeonato de Segunda División de la Liga Distrital de San Martín de Porres (Copa Perú).",5,2,"Perú San Germán, que hace unos meses saltó a la fama por sus similitudes con el París Saint Germain, tendrá acción en la Copa Perú | ¿Cuándo inicia el torneo?",True,3,"Copa Perú, Segunda División, Fútbol Peruano",2,1,Perú San Germán,Perú San Germán | Copa Perú,228,1355,https://cdn.futbolperuano.com/sdi/2026/09/08/copa-peru-peru-san-german-disputara-la-segunda-division-1356324.jpg,1200,Perú San Germán disputará la Segunda División. Foto: Facebook Liga de Fútbol de San Martin de Porres,,https://www.futbolperuano.com/copa-peru/noticias/copa-peru-peru-san-german-disputara-la-segunda-division-599607,Stewart Luya,copa-peru
"Alianza Lima vs. Universitario: Micke Palomino será el encargado de dirigir el clásico, mientras que Alejandro Villanueva estará al frente del VAR",Alianza Lima vs. Universitario ya tiene árbitro para el clásico y la designación llega tras las recientes polémicas de la Liga 1,"CONAR designó a Micke Palomino como árbitro del clásico entre Alianza Lima y Universitario, mientras Alejandro Villanueva estará en el VAR.","En medio de las polémicas con respecto a las decisiones arbitrales en los partidos de laLiga 1, en especial los de la jornada 8 del Torneo Clausura de la Liga 1 2026, laCONARhizo oficial la designación delárbitroque será el encargado de dirigir el clásico del fútbol peruano entreAlianza LimayUniversitario de Deportespactado para estesábado 12 de septiembredesde las20:00 hora peruana(01:00 GMT).",4,2,"CONAR designó a Micke Palomino como árbitro del clásico entre Alianza Lima y Universitario, mientras Alejandro Villanueva estará en el VAR. | Programación de la Fecha 9 del Torneo Clausura - Liga 1 2026",True,3,"Alianza Lima, Universitario de Deportes, CONAR",2,1,Liga 1,Liga 1 | Alianza Lima,204,1317,https://cdn.futbolperuano.com/sdi/2026/09/08/alianza-lima-vs-universitario-ya-tiene-arbitro-para-el-clasico-y-la-designacion-llega-tras-las-recientes-polemicas-de-la-liga-1-1356298.jpg,1200,Micke Palomino será el árbitro del clásico entre Alianza Lima y Universitario. Foto: Facebook CONAR,,https://www.futbolperuano.com/liga-1/noticias/alianza-lima-vs-universitario-ya-tiene-arbitro-para-el-clasico-y-la-designacion-llega-tras-las-recientes-polemicas-de-la-liga-1-599578,Gabriel Rey,liga-1
Campeonato Sudamericano de Voleibol Femenino: Prensa brasileña sorprendida con el presente del voleibol peruano,Prensa brasileña sorprendida con el presente del voleibol peruano,"Perú disputará el Campeonato Sudamericano de Voleibol Femenino, que se jugará en Río de Janeiro del 8 al 13 de septiembre.","En la previa de la jornada inaugural delCampeonato Sudamericano de Voleibol Femenino, laprensa brasileñaanalizó minuciosamente el presente delvoleibol peruanoy reveló que el equipo incaico atraviesa una ""grave crisis política y financiera"" tras las bajas de Ángela Leyva, Flavia Montes, Ysabella Sánchez, Esmeralda Sánchez y Maguilaura Frías.",5,2,"Perú disputará el Campeonato Sudamericano de Voleibol Femenino, que se jugará en Río de Janeiro del 8 al 13 de septiembre. | Convocadas de Perú",True,3,"Campeonato Sudamericano de Voleibol Femenino, Perú, Brasil",2,1,Campeonato Sudamericano de Voleibol Femenino,Campeonato Sudamericano de Voleibol Femenino | voleibol peruano,285,1981,https://cdn.futbolperuano.com/sdi/2026/09/08/prensa-brasilena-sorprendida-con-el-presente-del-voleibol-peruano-1356284.jpg,1200,Perú. Foto: Facebook CSV - Confederación Sudamericana de Voleibol,,https://www.futbolperuano.com/liga-voley/prensa-brasilena-sorprendida-con-el-presente-del-voleibol-peruano-599561,Stewart Luya,liga-voley
Campeonato Sudamericano de Voleibol Femenino: Entrenador de Chile recuerda sus triunfos ante Perú y asegura que ahora su selección sabe que puede competir,Campeonato Sudamericano de Voleibol Femenino: Eduardo Guillaume destaca el crecimiento de Chile y advierte a Perú,Guillaume destacó el crecimiento de Chile y recordó sus triunfos ante Perú antes del inicio del Sudamericano de Voleibol Femenino.,"Este martes 8 de septiembre se dará inicio alCampeonato Sudamericano de Voleibol Femenino, competición que se desarrollará en Río de Janeiro y que otorgará 3 boletos al próximo mundial, así como uno a los Juegos Olímpicos de Los Ángeles 2028. Bajo dicho contexto, el entrenador de laSelección de Chile,Eduardo Guillaume, habló del crecimiento de su equipo y destacó la importancia de vencer al seleccionado dePerú.",4,2,Guillaume destacó el crecimiento de Chile y recordó sus triunfos ante Perú antes del inicio del Sudamericano de Voleibol Femenino. | Programación del Campeonato Sudamericano de Voleibol Femenino,True,3,"Campeonato Sudamericano de Voleibol Femenino, Perú, Selección Peruana de Vóley",2,1,Campeonato Sudamericano de Voleibol Femenino,Campeonato Sudamericano de Voleibol Femenino | Campeonato Sudamericano de Voleibol Femenino,243,1434,https://cdn.futbolperuano.com/sdi/2026/09/08/campeonato-sudamericano-de-voleibol-femenino-eduardo-guillaume-destaca-el-crecimiento-de-chile-y-advierte-a-peru-1356325.jpg,1200,Guillaume recordó los partidos que Chile ganó ante Perú. Foto: voleysur.org,,https://www.futbolperuano.com/liga-voley/campeonato-sudamericano-de-voleibol-femenino-eduardo-guillaume-destaca-el-crecimiento-de-chile-y-advierte-a-peru-599608,Gabriel Rey,liga-voley
Fixture de Alianza Lima en el Campeonato Mundial de Clubes Femeninos de la FIVB 2026,Fixture de Alianza Lima en el Campeonato Mundial de Clubes Femeninos de la FIVB,El Club Alianza Lima dirá presente en la decimonovena edición del Campeonato Mundial de Clubes Femeninos de la FIVB.,"La decimonovena edición delCampeonato Mundial de Clubes Femeninos de la FIVBse disputará en el Gimnasio Polideportivo Wlamir Marques de São Paulo del 8 al 13 de diciembre y contará con la presencia del actual tricampeón de la Liga Peruana de Vóley,Alianza Lima.",6,3,El Club Alianza Lima dirá presente en la decimonovena edición del Campeonato Mundial de Clubes Femeninos de la FIVB. | Presencia peruana | Fixture de Alianza Lima,True,3,"Alianza Lima, Mundial de Clubes, Vóley",2,1,Alianza Lima,Alianza Lima | Alianza Lima,288,1863,https://cdn.futbolperuano.com/sdi/2026/09/08/fixture-de-alianza-lima-en-el-campeonato-mundial-de-clubes-femeninos-de-la-fivb-1356293.jpg,1200,Alianza Lima. Foto: volleyballworld,,https://www.futbolperuano.com/liga-voley/fixture-de-alianza-lima-en-el-campeonato-mundial-de-clubes-femeninos-de-la-fivb-599572,Stewart Luya,liga-voley
Claro y directo: Los Chankas emiten contundente comunicado sobre un jugador del plantel principal,Los Chankas emiten contundente comunicado sobre uno de sus jugadores,"En medio de su participación en la Liga 1, la directiva de Los Chankas se pronunció acerca de uno de los jugadores del plantel.","La preocupación de la directiva deLos Chankasno parece estar únicamente presente en la actualidad del plantel en la Liga 1, sino también en el accionar de algunos de sus jugadores, como es el caso deAyrthon Quintana, quien tuvo un fuerte cruce en redes con un hincha por lo que el club tuvo que salir a pronunciarse al respecto.",9,2,"En medio de su participación en la Liga 1, la directiva de Los Chankas se pronunció acerca de uno de los jugadores del plantel. | Comunicado oficial de Los Chankas",False,3,"Los Chankas, Liga 1, Perú",2,1,Los Chankas,Los Chankas | Liga 1,368,2240,https://cdn.futbolperuano.com/sdi/2026/09/08/los-chankas-emiten-contundente-comunicado-sobre-uno-de-sus-jugadores-1356372.jpg,1200,Plantel de Los Chankas (2026). Foto: Facebook Los Chankas - CYC,,https://www.futbolperuano.com/liga-1/noticias/los-chankas-emiten-contundente-comunicado-sobre-uno-de-sus-jugadores-599655,Jorge Cruzalegui,liga-1
Conmoción en Piura: Juventud Cautivo toma radical medida en la Liga 3,Juventud Cautivo toma radical medida en la Liga 3 - 2026,Juventud Cautivo recibirá a Juventud Santo Domingo en un encuentro correspondiente a la decimoquinta jornada de la Fase Regional de la Liga 3.,"Juventud Cautivo, que suma tres derrotas consecutivas en la Fase Regional de laLiga 3(Tercera División del Perú), sorprendió a sus hinchas y tomó una radical decisión con respecto a sus últimos partidos en condición de local.",6,2,Juventud Cautivo recibirá a Juventud Santo Domingo en un encuentro correspondiente a la decimoquinta jornada de la Fase Regional de la Liga 3. | Comunicado,True,3,"Juventud Cautivo, Liga 3, Piura",2,1,Liga 3,Liga 3 | Liga 3,220,1308,https://cdn.futbolperuano.com/sdi/2026/09/08/juventud-cautivo-toma-radical-medida-en-la-liga-3--2026-1356314.jpg,1200,Juventud Cautivo toma radical medida en la Liga 3. Foto: Facebook Club Deportivo ,,https://www.futbolperuano.com/liga-3/noticias/juventud-cautivo-toma-radical-medida-en-la-liga-3--2026-599597,Stewart Luya,liga-3
Fixture del Campeonato Mundial de Clubes Femeninos de la FIVB con Alianza Lima como protagonista,Fixture del Campeonato Mundial de Clubes Femeninos de la FIVB,El Mundial de Clubes Femeninos de la FIVB se jugará del 8 al 13 de diciembre y contará con la presencia de Alianza Lima.,"Osasco São Cristóvão Saúde (Brasil), NEC Red Rockets Kawasaki (Japón), Eczacıbaşı Peron Istanbul (Turquía),Alianza Lima(Perú), VakıfBank SK (Turquía), SESI Vôlei Bauru (Brasil), Al Ahly SC (Egipto) y Zhetysu VC (Kazajistán) disputarán elCampeonato Mundial de Clubes Femeninos de la FIVB, que se jugará en el Gimnasio Polideportivo Wlamir Marques de São Paulo del 8 al 13 de diciembre.",2,2,El Mundial de Clubes Femeninos de la FIVB se jugará del 8 al 13 de diciembre y contará con la presencia de Alianza Lima. | Formato del Mundial de Clubes,True,3,"Mundial de Clubes, Alianza Lima, Vóley",2,1,Alianza Lima,Alianza Lima | Campeonato Mundial de Clubes Femeninos de la FIVB,134,786,https://cdn.futbolperuano.com/sdi/2026/09/08/fixture-del-campeonato-mundial-de-clubes-femeninos-de-la-fivb-1356296.jpg,1200,Mundial de Clubes 2026. Foto: Volleyball World,,https://www.futbolperuano.com/liga-voley/fixture-del-campeonato-mundial-de-clubes-femeninos-de-la-fivb-599577,Stewart Luya,liga-voley
Montevideo City copia una estrategia fallida de Botafogo de cara al partido ante Cienciano,Cienciano: Montevideo City copia una estrategia fallida de Botafogo,Cienciano recibirá a Montevideo City en un encuentro correspondiente a la ida de los cuartos de final de la Copa Sudamericana.,Ciencianorecibirá este jueves aMontevideo City Torqueen un encuentro correspondiente a la ida de los cuartos de final de laCopa Sudamericana. El duelo entre peruanos y uruguayos se llevará a cabo en el Estadio Inca Garcilaso de la Vega desde las 19:30 horas (00:30 GMT) y será transmitido a través de DSports y DGO.,7,2,Cienciano recibirá a Montevideo City en un encuentro correspondiente a la ida de los cuartos de final de la Copa Sudamericana. | Entre los ocho mejores,False,3,"Montevideo City, Cienciano, Botafogo",2,1,Cienciano,Cienciano | Copa Sudamericana,412,2626,https://cdn.futbolperuano.com/sdi/2026/09/08/cienciano-montevideo-city-copia-una-estrategia-fallida-de-botafogo-1356267.jpg,1200,Montevideo City copia una estrategia fallida de Botafogo. Foto: Facebook Montevideo City Torque / Club Cienciano,,https://www.futbolperuano.com/copa-sudamericana/noticias/cienciano-montevideo-city-copia-una-estrategia-fallida-de-botafogo-599547,Stewart Luya,copa-sudamericana
Atlético Grau toma una radical medida de cara al clásico piurano ante Alianza Atlético,Liga 1: Atlético Grau toma una radical medida de cara al clásico piurano,Atlético Grau recibirá a Alianza Atlético en La Matanza en un encuentro correspondiente a la novena fecha del Torneo Clausura.,"Atlético Graurecibirá este domingo aAlianza Atléticoen un encuentro correspondiente a la novena fecha delTorneo Clausura. El clásico piurano se jugará en el Estadio Municipal Ambrosio Maco Arroyo desde las 15:15 horas (20:15 GMT) y será transmitido a través de L1 MAX (DirecTV, Claro TV, Movistar TV, Win, MiFibra y Cable Visión Perú).",11,2,Atlético Grau recibirá a Alianza Atlético en La Matanza en un encuentro correspondiente a la novena fecha del Torneo Clausura. | Comunicado albo,False,3,"Atlético Grau, Alianza Atlético, Liga 1 del Fútbol Peruano",2,1,Atlético Grau,Atlético Grau | Torneo Clausura,451,3021,https://cdn.futbolperuano.com/sdi/2026/09/08/liga-1-atletico-grau-toma-una-radical-medida-de-cara-al-clasico-piurano-1356259.jpg,1200,Grau toma una radical medida de cara al clásico piurano. Foto: Twitter @Liga1TeApuesto,,https://www.futbolperuano.com/liga-1/noticias/liga-1-atletico-grau-toma-una-radical-medida-de-cara-al-clasico-piurano-599538,Stewart Luya,liga-1
Liga Femenina 2026: ¿Cómo se jugarán los partidos de la fecha 9 del Torneo Clausura de la Liga Femenina 2026?,Liga Femenina 2026: ¿Cómo se jugarán los partidos de la fecha 9 del Torneo Clausura?,Se dio a conocer la programación oficial de lo que será la fecha 9 del Torneo Clausura de la Liga Femenina 2026.,"ElTorneo Clausurade laLiga Femenina 2026no conoce de descanso, por lo que este próximo viernes 11 de septiembre se dará inicio a laFecha 9del Torneo Clausura, una jornada que se disputará hasta el domingo 13 y que se podrá ver en su totalidad por las pantallas delYouTube de Bicolor+.",4,2,Se dio a conocer la programación oficial de lo que será la fecha 9 del Torneo Clausura de la Liga Femenina 2026. | Programación de la fecha 9 del Torneo Clausura de la Liga Femenina 2026,True,3,"Liga Femenina, Torneo Clausura, Perú",2,1,Liga Femenina 2026,Liga Femenina 2026 | Liga Femenina 2026,203,1212,https://cdn.futbolperuano.com/sdi/2026/09/08/liga-femenina-2026-como-se-jugaran-los-partidos-de-la-fecha-9-del-torneo-clausura-1356339.jpg,1200,Conoce como se jugará la fecha 9 del Torneo Clausura de la Liga Femenina 2026. Foto: Facebook Liga Femenina,,https://www.futbolperuano.com/futbol-femenino/liga-femenina/liga-femenina-2026-como-se-jugaran-los-partidos-de-la-fecha-9-del-torneo-clausura-599624,Gabriel Rey,futbol-femenino
"Oliver Sonne completó nuevamente los 90 minutos, pero Burnley no pudo sostener su ventaja y sigue sin encontrar el camino de la victoria en Inglaterra",Burnley de Oliver Sonne sigue sin ganar en la Championship y se complica en la tabla tras dejar escapar el triunfo ante Wrexham,"Oliver Sonne completó los 90 minutos por tercer partido consecutivo, pero Burnley volvió a dejar puntos y sigue sin ganar en la Championship.",ElBurnleydeOliver Sonnesigue sin saber de triunfos en laChampionshipde Inglaterra e igualó 1-1 ante elWrexhamen condición de visitante. El lateral de laSelección Peruanadisputó los 90 minutos del partido y sumó su tercer partido completo de forma consecutiva en el ascenso inglés.,3,2,"Oliver Sonne completó los 90 minutos por tercer partido consecutivo, pero Burnley volvió a dejar puntos y sigue sin ganar en la Championship. | Peruanos en el exterior (2026)",True,3,"Oliver Sonne, Peruanos en el Exterior, Burnley",2,1,Oliver Sonne,Oliver Sonne | Selección Peruana,149,891,https://cdn.futbolperuano.com/sdi/2026/09/08/burnley-de-oliver-sonne-sigue-sin-ganar-en-la-championship-y-se-complica-en-la-tabla-tras-dejar-escapar-el-triunfo-ante-wrexham-1356350.jpg,1200,Oliver Sonne disputó los 90 minutos por tercer partido consecutivo. Foto: Facebook Burnley Football Club?,,https://www.futbolperuano.com/peruanos-en-el-exterior/noticias/burnley-de-oliver-sonne-sigue-sin-ganar-en-la-championship-y-se-complica-en-la-tabla-tras-dejar-escapar-el-triunfo-ante-wrexham-599637,Gabriel Rey,peruanos-en-el-exterior
Cienciano recibe un duro golpe para enfrentar a Montevideo City por la Copa Sudamericana,Cienciano recibe un duro golpe para enfrentar a Montevideo City por la Copa Sudamericana,Cienciano deberá afrontar el duelo de ida ante Montevideo City sin una de sus principales figuras en el mediocampo.,"Ciencianotendrá que afrontar el partido más importante de su actual campaña internacional con una ausencia importante. El conjunto cusqueño no podrá disponer deGerson Barretopara el choque frente aMontevideo City Torque, correspondiente a la ida de los cuartos de final de laCopa Sudamericana 2026.",8,1,Cienciano deberá afrontar el duelo de ida ante Montevideo City sin una de sus principales figuras en el mediocampo.,False,3,"Cienciano, Montevideo City, Copa Sudamericana",2,1,Cienciano,Cienciano | Copa Sudamericana 2026.,366,2468,https://cdn.futbolperuano.com/sdi/2026/09/08/cienciano-recibe-un-duro-golpe-para-enfrentar-a-montevideo-city-por-la-copa-sudamericana-1356230.jpg,1200,Cienciano se alista para enfrentar a Montevideo City. Foto: Club Cienciano,,https://www.futbolperuano.com/copa-sudamericana/noticias/cienciano-recibe-un-duro-golpe-para-enfrentar-a-montevideo-city-por-la-copa-sudamericana-599497,Gabriel Iberico,copa-sudamericana
Cerca del descenso: Erick Noriega fue titular en la nueva derrota de Gremio en el Brasileirao,Erick Noriega fue titular en la nueva derrota de Gremio en el Brasileirao,El mediocampista peruano Erick Noriega fue titular en la derrota de Gremio por 0-1 ante Vitória por la jornada 26 del Brasileirao.,Gremiono pudo sumar en su visita a Vitória y terminó cayendo por 1-0 en un encuentro correspondiente a la jornada 26 delBrasileirao. El cuadro local consiguió una victoria importante en casa y complicó la situación de su rival en la clasificación del campeonato brasileño.,9,1,El mediocampista peruano Erick Noriega fue titular en la derrota de Gremio por 0-1 ante Vitória por la jornada 26 del Brasileirao.,False,3,"Erick Noriega, Gremio, Peruanos en el Exterior",2,1,Gremio,Gremio | Erick Noriega,382,2405,https://cdn.futbolperuano.com/sdi/2026/09/08/erick-noriega-fue-titular-en-la-nueva-derrota-de-gremio-en-el-brasileirao-1356238.jpg,1200,Erick Noriega. Foto: Grêmio FBPA,,https://www.futbolperuano.com/peruanos-en-el-exterior/noticias/erick-noriega-fue-titular-en-la-nueva-derrota-de-gremio-en-el-brasileirao-599505,Gabriel Iberico,peruanos-en-el-exterior
"Carlos Desio reveló su futuro en Sport Boys de cara al 2027: “Hubo acercamiento, pero no…”",Carlos Desio reveló su futuro en Sport Boys de cara al 2027,Carlos Desio sorprendió al hablar sobre su futuro luego del gran rendimiento de Sport Boys en este Torneo Clausura 2026.,"Sport Boysno pudo cerrar la jornada 8 delTorneo Clausura 2026con un resultado positivo y terminó perdiendo 2-1 frente a Sport Huancayo. El encuentro estuvo marcado por las decisiones arbitrales que generaron molestia en el conjunto rosado, aunque el equipo continúa en una posición expectante dentro de la clasificación.",8,1,Carlos Desio sorprendió al hablar sobre su futuro luego del gran rendimiento de Sport Boys en este Torneo Clausura 2026.,False,3,"Carlos Desio, Sport Boys, Liga 1 del Fútbol Peruano",2,1,Sport Boys,Sport Boys | Torneo Clausura 2026,388,2427,https://cdn.futbolperuano.com/sdi/2026/09/07/carlos-desio-revelo-su-futuro-en-sport-boys-de-cara-al-2027-1356215.jpg,1200,Carlos Desio. Foto: Club Sport Boys Association?,,https://www.futbolperuano.com/liga-1/noticias/carlos-desio-revelo-su-futuro-en-sport-boys-de-cara-al-2027-599480,Gabriel Iberico,liga-1
Alianza Lima envía fuerte mensaje a la CONAR en la previa al clásico ante Universitario,Alianza Lima envía fuerte mensaje a la CONAR en la previa al clásico ante Universitario,"En la previa al clásico ante Universitario, Alianza Lima envío fuerte queja contra la CONAR por los errores arbitrales.",Alianza Limavolvió a manifestar su disconformidad con el arbitraje en elTorneo Clausura 2026y anunció que presentará un nuevo reclamo formal ante la Comisión Nacional de Árbitros (CONAR). La institución blanquiazul tomó esta decisión luego de considerar que se han producido diversos errores tanto durante los partidos como en las intervenciones del VAR.,10,1,"En la previa al clásico ante Universitario, Alianza Lima envío fuerte queja contra la CONAR por los errores arbitrales.",False,3,"Alianza Lima, Universitario de Deportes, Liga 1 del Fútbol Peruano",2,1,Alianza Lima,Alianza Lima | Torneo Clausura 2026,505,3317,https://cdn.futbolperuano.com/sdi/2026/09/08/alianza-lima-envia-fuerte-mensaje-a-la-conar-en-la-previa-al-clasico-ante-universitario-1356234.jpg,1200,Alianza Lima arremete contra la CONAR. Foto: Club Alianza Lima,,https://www.futbolperuano.com/liga-1/noticias/alianza-lima-envia-fuerte-mensaje-a-la-conar-en-la-previa-al-clasico-ante-universitario-599500,Gabriel Iberico,liga-1
Unión Huaral cambia de director técnico: Paulo Redher por Adrián Celis,Liga 3: Unión Huaral cambia de director técnico,"Unión Huaral se ubica en el séptimo lugar del Grupo B de la Liga 3 con 20 puntos, producto de seis triunfos y dos empates.","El históricoUnión Huaral, que registra tres derrotas en sus últimas cinco presentaciones en la Fase Regional de laLiga 3(Tercera División del Perú), sorprendió a sus hinchas y anunció un cambio de entrenador.",6,2,"Unión Huaral se ubica en el séptimo lugar del Grupo B de la Liga 3 con 20 puntos, producto de seis triunfos y dos empates. | Comunicado",True,3,"Unión Huaral, Liga 3, Fútbol Peruano",2,1,Unión Huaral,Unión Huaral | Liga 3,194,1262,https://cdn.futbolperuano.com/sdi/2026/09/08/liga-3-union-huaral-cambia-de-director-tecnico-1356274.jpg,1200,Unión Huaral cambia de director técnico. Foto: Facebook Club Sport Unión Huaral,,https://www.futbolperuano.com/liga-3/noticias/liga-3-union-huaral-cambia-de-director-tecnico-599553,Stewart Luya,liga-3
Con Marco Saravia en banca: Progreso se impuso a Albion y sumó su segunda victoria en la Liga Uruguaya,"Progreso, de Marco Saravia, sumó su segunda victoria en la Liga Uruguaya 2026","La escuadra de Progreso, del peruano Marco Saravia, enfrentó a Albion por la quinta fecha de la Liga Uruguaya 2026.","¡Puntos claves! Luego de cumplir con su partido de suspensión, eldefensor Marco Saraviafue convocado, pero no sumó minutos con la camiseta deProgresoque este lunes venció de visitante y por la mínima diferencia (1-0) a Albion en la quinta fecha de laLiga Uruguaya 2026.",7,1,"La escuadra de Progreso, del peruano Marco Saravia, enfrentó a Albion por la quinta fecha de la Liga Uruguaya 2026.",False,3,"Marco Saravia, Progreso, Uruguay",2,1,defensor Marco Saravia,defensor Marco Saravia | Selección Peruana,359,2096,https://cdn.futbolperuano.com/sdi/2026/09/07/progreso-de-marco-saravia-sumo-su-segunda-victoria-en-la-liga-uruguaya-2026-1356207.jpg,1200,Marco Saravia fue suplente ante Albion en Uruguay. Foto: Facebook Club Atlético Progreso - Sitio Oficial,,https://www.futbolperuano.com/peruanos-en-el-exterior/noticias/progreso-de-marco-saravia-sumo-su-segunda-victoria-en-la-liga-uruguaya-2026-599472,Jorge Cruzalegui,peruanos-en-el-exterior
Copa Perú: Unión Minas sorprende con extensa purga a puertas de su participación en la Etapa Nacional,Copa Perú: Unión Minas sorprende con extensa purga a puertas de su participación en la Etapa Nacional,"A puertas de su debut en la Etapa Nacional, Unión Minas de Pamputa anuncia la salida de 9 jugadores de su plantel.","Unión Minas de Pamputa, vigente campeón departamental de Apurímac, tomó una drástica decisión a pocos días de iniciar su participación en la Etapa Nacional de laCopa Perú 2026. El conjunto minero oficializó la salida de varios integrantes de su plantel, generando sorpresa por la cantidad de futbolistas que dejaron la institución.",6,2,"A puertas de su debut en la Etapa Nacional, Unión Minas de Pamputa anuncia la salida de 9 jugadores de su plantel. | Los 50 equipos clasificados a la Etapa Nacional de la Copa Perú 2026",True,3,"Copa Perú, Unión Minas de Pamputa, Apurímac",2,1,Unión Minas de Pamputa,Unión Minas de Pamputa | Copa Perú 2026,276,1816,https://cdn.futbolperuano.com/sdi/2026/09/07/copa-peru-union-minas-sorprende-con-extensa-purga-a-puertas-de-su-participacion-en-la-etapa-nacional-1356196.jpg,1200,Unión Minas se alista para la Etapa Nacional. Foto: C.D. Unión Minas de Pamputa - Apurímac,,https://www.futbolperuano.com/copa-peru/noticias/copa-peru-union-minas-sorprende-con-extensa-purga-a-puertas-de-su-participacion-en-la-etapa-nacional-599460,Gabriel Iberico,copa-peru
Copa Perú: el campeón de La Libertad presentó su nuevo comando técnico para la Etapa Nacional,Copa Perú: el campeón de La Libertad presentó su nuevo comando técnico,"El campeón de La Libertad medirá fuerzas con Sport Áncash FC, Combe FC y El Inca en la Etapa Nacional de la Copa Perú.","Sport River, subcampeón de la Liga Provincial de Trujillo y campeón de la Liga Departamental de La Libertad, presentó su comando técnico para encarar laEtapa Nacionalde laCopa Perú, la cual comenzará este fin de semana (sábado 12 y domingo 13 de septiembre).",4,2,"El campeón de La Libertad medirá fuerzas con Sport Áncash FC, Combe FC y El Inca en la Etapa Nacional de la Copa Perú. | Programación de la fecha 1 de la Etapa Nacional",True,3,"Copa Perú, La Libertad, Sport River",2,1,Sport River,Sport River | Copa Perú,186,1105,https://cdn.futbolperuano.com/sdi/2026/09/08/copa-peru-el-campeon-de-la-libertad-presento-su-nuevo-comando-tecnico-1356252.jpg,1200,El campeón de La Libertad presentó su nuevo comando técnico. Foto: Facebook FC SPORT RIVER,,https://www.futbolperuano.com/copa-peru/noticias/copa-peru-el-campeon-de-la-libertad-presento-su-nuevo-comando-tecnico-599530,Stewart Luya,copa-peru
Antonio Rizola confía en la fortaleza de Perú para el Sudamericano: “Están comprometidas con el objetivo”,Antonio Rizola confía en la fortaleza de Perú para el Sudamericano,El brasileño Antonio Rizola habló sobre lo que será la participación de Perú en el Campeonato Sudamericano de Vóley 2026.,Perúya se encuentra en territorio brasileño para afrontar elCampeonato Sudamericano 2026.El equipo nacional arribó el domingo por la noche y quedó concentrado para iniciar una competencia que reunirá a las principales selecciones de la región y que será una exigente prueba para el plantel dirigido porAntonio Rizola.,12,1,El brasileño Antonio Rizola habló sobre lo que será la participación de Perú en el Campeonato Sudamericano de Vóley 2026.,False,3,"Antonio Rizola, Perú, Sudamericano Sub 20 de Vóley",2,1,Perú,Perú | Campeonato Sudamericano 2026.,549,3458,https://cdn.futbolperuano.com/sdi/2026/09/08/antonio-rizola-confia-en-la-fortaleza-de-peru-para-el-sudamericano-1356224.jpg,1200,Antonio Rizola. Foto: FPV,,https://www.futbolperuano.com/liga-voley/antonio-rizola-confia-en-la-fortaleza-de-peru-para-el-sudamericano-599489,Gabriel Iberico,liga-voley
Huacho sueña en grande: Deportivo Maristas solicitó participar en Tradición Copera 2026,Deportivo Maristas solicitó participar en Tradición Copera 2026,El Club Social Deportivo Maristas de Huacho presentó su solicitud para disputar el novedoso Campeonato Nacional Tradición Copera 2026.,"A través de un comunicado, elClub Social Deportivo Maristasde Huacho confirmó que solicitó participar en el Campeonato NacionalTradición Copera 2026, organizado por la Liga Nacional de Fútbol Aficionado (LINFA).",7,2,El Club Social Deportivo Maristas de Huacho presentó su solicitud para disputar el novedoso Campeonato Nacional Tradición Copera 2026. | ¿Qué otros clubes solicitaron participar en Tradición Copera?,False,3,"Deportivo Maristas, Tradición Copera, Huacho",2,1,Club Social Deportivo Maristas,Club Social Deportivo Maristas | Tradición Copera 2026,374,2608,https://cdn.futbolperuano.com/sdi/2026/09/08/deportivo-maristas-solicito-participar-en-tradicion-copera-2026-1356257.jpg,1200,Maristas solicitó participar en Tradición Copera. Foto: Facebook Club Social Deportivo Maristas,,https://www.futbolperuano.com/peru/mas-del-futbol-peruano/deportivo-maristas-solicito-participar-en-tradicion-copera-2026-599535,Stewart Luya,peru
Joma Futsal Pro 2026: arranca la Primera División de Futsal con un cupo a la Copa Libertadores en juego,Futsal Pro 2026 arranca el torneo que dará un cupo a la Copa Libertadores,La máxima categoría del futsal peruano inicia una nueva temporada esta semana con la clasificación a la CONMEBOL Libertadores Futsal 2027 en juego.,"El futsal peruano vuelve a tener acción oficial. LaPrimera División Joma Futsal Pro 2026iniciará este martes 8 de septiembre con la Fase Regular, en una temporada que tendrá un premio enorme: el campeón clasificará a la CONMEBOL Libertadores Futsal 2027.",17,7,La máxima categoría del futsal peruano inicia una nueva temporada esta semana con la clasificación a la CONMEBOL Libertadores Futsal 2027 en juego. | Primera División Joma Futsal Pro 2026: ¿Quiénes participan? | ¿Cómo se jugará la Primera División Joma Futsal Pro 2026? | Panta Walon defenderá el título nacional | Fecha 1 del Futsal Pro 2026: programación completa | El Futsal Pro sin hinchas en la trib una | Bicolor+ transmitirá los partidos del futsal peruano,True,3,"Futsal Pro, Futsal, Copa Libertadores de Futsal",2,1,Primera División Joma Futsal Pro 2026,Primera División Joma Futsal Pro 2026 | Bicolor+,376,2243,https://cdn.futbolperuano.com/sdi/2026/09/07/futsal-pro-2026-arranca-el-torneo-que-dara-un-cupo-a-la-copa-libertadores-1356171.jpg,1200,Arranca el Futsal Pro 2026. Foto: Facebook Futsal Pro,,https://www.futbolperuano.com/futsal/futsal-pro-2026-arranca-el-torneo-que-dara-un-cupo-a-la-copa-libertadores-599433,Enrique Giles,futsal
Liga 2: ¿Cómo se define el descenso y cuántos equipos pierden la categoría?,Liga 2: así se definirá el descenso en la Segunda División de Perú,La Fase Regional de la Liga 2 está próximo a su fin y muchos clubes ya comienzan a preocuparse por mantener la categoría.,"La Fase Regional de laLiga 2 2026está llegando a su etapa definitiva y varios clubes ya comienzan a mirar con preocupación la zona baja de sus respectivos grupos. Mientras los primeros clasificados se preparan para continuar en la lucha por el ascenso, otros equipos tendrán que afrontar una instancia adicional para intentar conservar su lugar en la segunda categoría.",10,1,La Fase Regional de la Liga 2 está próximo a su fin y muchos clubes ya comienzan a preocuparse por mantener la categoría.,False,3,"Liga 2, Fútbol Peruano, Perú",3,1,Liga 2 2026,Liga 2 2026 | Liga 2. | Liga 2,443,2718,https://cdn.futbolperuano.com/sdi/2026/09/07/liga-2-asi-se-definira-el-descenso-en-la-segunda-division-de-peru-1356209.jpg,1200,Así se definirá el descenso en la Liga 2. Foto: Liga2Caliente.pe,,https://www.futbolperuano.com/liga-2/noticias/liga-2-asi-se-definira-el-descenso-en-la-segunda-division-de-peru-599473,Gabriel Iberico,liga-2
"Programación de HOY, martes 8 de septiembre de 2026: Horarios del fútbol en vivo por televisión en el Perú","Programación de HOY, martes 8 de septiembre de 2026: Horarios del fútbol en vivo por televisión en el Perú",Este martes 8 de septiembre llega con una gran cartelera de partidos que podrás ver en vivo por todo el Perú en TV. Sigue la programación aquí.,"Este martes 8  de septiembre alístate para una gran jornada de partidos, los cuales podrás disfrutar por TV en todos los rincones del Perú. La jornada empieza desde muy temprano con duelos de alto calibre para el inicio de la semana. Puedes ver laPROGRAMACIÓN COMPLETA AQUÍ.",6,1,Este martes 8 de septiembre llega con una gran cartelera de partidos que podrás ver en vivo por todo el Perú en TV. Sigue la programación aquí.,False,3,"Programación, Fútbol por TV, Champions League",2,1,PROGRAMACIÓN COMPLETA AQUÍ.,PROGRAMACIÓN COMPLETA AQUÍ. | Champions League 2026/27,420,2606,https://cdn.futbolperuano.com/sdi/2026/09/07/programacion-de-hoy-martes-8-de-septiembre-de-2026-horarios-del-futbol-en-vivo-por-television-en-el-peru-1356190.jpg,1200,Partidos del martes 8 de septiembre. Foto: UEFA Champions League,,https://www.futbolperuano.com/partidos-por-tv/noticias/programacion-de-hoy-martes-8-de-septiembre-de-2026-horarios-del-futbol-en-vivo-por-television-en-el-peru-599457,Gabriel Iberico,partidos-por-tv
Adrián Ugarriza debutó como titular con Hapoel Beer Sheva y cayó en la Premier League de Israel,Adrián Ugarriza debutó como titular con Hapoel Beer Sheva y cayó 4-1,Adrián Ugarriza disputó su primer partido con el cuadro israelí y tuvo una clara oportunidad para marcar un tanto.,"Adrián Ugarrizatuvo unduro estreno conHapoel Beer Sheva. El delantero peruano fue titular en su primer partido con la camiseta de su nuevo equipo, pero no pudo celebrar en su debut y terminó cayendo por 4-1 anteMaccabi Tel Aviv, por la Premier League de Israel, en el Estadio Bloomfield.",7,2,Adrián Ugarriza disputó su primer partido con el cuadro israelí y tuvo una clara oportunidad para marcar un tanto. | Peruanos en el exterior (2026),True,3,"Adrián Ugarriza, Israel, Peruanos en el Exterior",2,1,Adrián Ugarriza,Adrián Ugarriza | Hapoel Beer Sheva,223,1387,https://cdn.futbolperuano.com/sdi/2026/09/07/adrian-ugarriza-debuto-como-titular-con-hapoel-beer-sheva-y-cayo-4-1-1356172.jpg,1200,Adrián Ugarriza debutó como titular con Hapoel Beer Sheva. Foto: Instagram Hapoel Beer Sheva,,https://www.futbolperuano.com/peruanos-en-el-exterior/noticias/adrian-ugarriza-debuto-como-titular-con-hapoel-beer-sheva-y-cayo-4-1-599435,Joaquín Vásquez,peruanos-en-el-exterior
Sebastián Aranda sumó minutos en triunfo de Auda ante Grobina por la Virsliga de Letonia,Sebastián Aranda volvió a jugar en triunfo de Auda por la Virsliga de Letonia,Sebastián Aranda ingresó en la recta final del partido durante la victoria de Auda ante Grobina por la liga de Letonia.,Sebastián Arandavolvió a sumar minutos conAudaen la victoria por 1-0 anteGrobinapor una nueva jornada de la liga de Letonia. El futbolista peruano ingresó en el tramo final del encuentro y participó en un importante triunfo que mantiene a su equipo en la pelea por los primeros lugares de la clasificación.,7,3,Sebastián Aranda ingresó en la recta final del partido durante la victoria de Auda ante Grobina por la liga de Letonia. | Sebastián Aranda y su presente con Auda | Peruanos en el exterior (2026),True,3,"Sebastián Aranda, Peruanos en el Exterior, FK Auda",2,1,Sebastián Aranda,Sebastián Aranda | Auda,269,1670,https://cdn.futbolperuano.com/sdi/2026/09/07/sebastian-aranda-volvio-a-jugar-en-triunfo-de-auda-por-la-virsliga-de-letonia-1356122.jpg,1200,Sebastián Aranda. Foto: Twitter FK Auda,,https://www.futbolperuano.com/peruanos-en-el-exterior/noticias/sebastian-aranda-volvio-a-jugar-en-triunfo-de-auda-por-la-virsliga-de-letonia-599375,Joaquín Vásquez,peruanos-en-el-exterior
Liga 2 2026: Resultados y tablas de posiciones de la fecha 17 de la Fase de Grupos,Liga 2 2026: Resultados y tablas de posiciones de la fecha 17 de la Fase de Grupos,"Este viernes 4 de septiembre se dará inicio a la Fecha 17 de la Fase de Grupos de la Liga 2, fecha que culminará el lunes 7 de septiembre.","LaLiga 2 2026sigue su curso, motivo por el cuál este viernes 4 de septiembre se dará inicio a la fecha 17, y penúltima, de laFase Regionalde laLiga 2 2026; una jornada en donde se continuarán definiendo a los clasificados a la siguiente etapa del torneo de ascenso. Esta jornada culminará el lunes 7 de septiembre y se podrá ver por la señal deBicolor+.",4,1,"Este viernes 4 de septiembre se dará inicio a la Fecha 17 de la Fase de Grupos de la Liga 2, fecha que culminará el lunes 7 de septiembre.",True,3,"Liga 2, Unión Comercio, Bentín Tacna Heroica",2,1,Liga 2 2026,Liga 2 2026 | Liga 2 2026,228,1299,https://cdn.futbolperuano.com/sdi/2026/09/03/liga-2-2026-resultados-y-tablas-de-posiciones-de-la-fecha-17-de-la-fase-de-grupos-1355660.jpg,1200,Todo ha quedado listo para lo que serán los partidos de la Fecha 17 de la Fase de Grupos de la Liga 2 2026. Foto: Facebook Liga 2,,https://www.futbolperuano.com/liga-2/noticias/liga-2-2026-resultados-y-tablas-de-posiciones-de-la-fecha-17-de-la-fase-de-grupos-598854,Gabriel Rey,liga-2
Liga 2 2026: así se jugará la Fase 2 de la Segunda División en el Perú,Liga 2 2026: así se jugará la Fase 2 de la Segunda División de Perú,"A falta de una fecha para culminar la etapa regular, los equipos se alistan para lo que será la Fase 2 de la Liga 2 2026.","¡A la siguiente ronda! Las emociones no se detienen en laLiga 2 del Perúy es que, a falta de una fecha para culminar la etapa regular del certamen en este 2026, muchos equipos ya están mirando con ilusión, lo que será su partición enla llamada Fase 2.",7,1,"A falta de una fecha para culminar la etapa regular, los equipos se alistan para lo que será la Fase 2 de la Liga 2 2026.",False,3,"Liga 2, Segunda División, Unión Comercio",3,1,Liga 2 del Perú,Liga 2 del Perú | de ambas tablas de la etapa regular | Liga 2 2026,363,2059,https://cdn.futbolperuano.com/sdi/2026/09/07/liga-2-2026-asi-se-jugara-la-fase-2-de-la-segunda-division-de-peru-1356169.jpg,1200,Unión Comercio es protagonista de la Liga 2 2026. Foto: Facebook Liga2Caliente.pe,,https://www.futbolperuano.com/liga-2/noticias/liga-2-2026-asi-se-jugara-la-fase-2-de-la-segunda-division-de-peru-599428,Jorge Cruzalegui,liga-2
Oliver Sonne tendrá un nuevo compañero en Burnley: campeón de Premier League y leyenda del fútbol inglés,Jamie Vardy es nuevo jugador del Burnley y será compañero de Oliver Sonne,Golpe al mercado. Oliver Sonne compartirá vestuario en Burnley con una leyenda del fútbol inglés durante la presente temporada.,Burnleysorprendió al mercado de fichajes con una incorporación que promete darle jerarquía y experiencia a su plantel. El nuevo refuerzo de los ‘Clarets’ no es un nombre cualquiera: se trata de un campeón de laPremier Leagueque construyó una de las historias más recordadas del fútbol inglés.,11,2,Golpe al mercado. Oliver Sonne compartirá vestuario en Burnley con una leyenda del fútbol inglés durante la presente temporada. | Una leyenda de la Premier League,False,4,"Oliver Sonne, Jamie Vardy, Championship, Peruanos en el Exterior",2,1,Burnley,Burnley | Oliver Sonne,387,2364,https://cdn.futbolperuano.com/sdi/2026/09/07/jamie-vardy-es-nuevo-jugador-del-burnley-y-sera-companero-de-oliver-sonne-1356138.jpg,1200,Nuevo compañero de Oliver Sonne. Foto: Twitter Burnley,,https://www.futbolperuano.com/peruanos-en-el-exterior/noticias/jamie-vardy-es-nuevo-jugador-del-burnley-y-sera-companero-de-oliver-sonne-599393,Joaquín Vásquez,peruanos-en-el-exterior
Puntos en mesa: Pacífico FC ganó el reclamo frente a Social Pariacoto por la fecha 11 de la Liga 3 2026,Pacífico FC ganó el reclamo frente a Social Pariacoto y lidera la Liga 3 2026,La Comisión Disciplinaria de la Liga Nacional de Fútbol Aficionado declaró fundado el reclamo de Pacífico FC sobre Social Pariacoto en la Liga 3.,¡Decisión tomada!Pacífico FCrecibió una grata noticia este lunes 07 luego de que la Comisión Disciplinaria de la Liga Nacional de Fútbol Aficionado (LINFA) declarara fundado el reclamo que presentó el conjunto 'rosado' sobreCentro Social Pariacotopor lafecha 11 de laLiga 3 2026.,6,1,La Comisión Disciplinaria de la Liga Nacional de Fútbol Aficionado declaró fundado el reclamo de Pacífico FC sobre Social Pariacoto en la Liga 3.,True,3,"Pacífico FC, Social Pariacoto, Liga 3",2,1,Liga 3 2026,Liga 3 2026 | Liga 3 2026,287,1731,https://cdn.futbolperuano.com/sdi/2026/09/07/pacifico-fc-gano-el-reclamo-frente-a-social-pariacoto-y-lidera-la-liga-3-2026-1356178.jpg,1200,Pacífico FC lidera su grupo en la Liga 3 2026. Foto: Facebook Pacifico F.C.,,https://www.futbolperuano.com/liga-3/noticias/pacifico-fc-gano-el-reclamo-frente-a-social-pariacoto-y-lidera-la-liga-3-2026-599441,Jorge Cruzalegui,liga-3
"Ronald ‘Banana’ Ruiz colgó los guantes en 2025, pero ahora vuelve al fútbol profesional en Europa",Ronald ‘Banana’ Ruiz es nuevo jugador del Azuqueca de España a los 41 años,"Ronald ‘Banana’ Ruiz, quien había anunciado su retiro en 2025, sorprendió al confirmar su regreso al fútbol profesional.","Parecía que su historia bajo los tres palos había llegado a su final. Sin embargo,Ronald ‘Banana’ Ruizdecidió volver a ponerse los guantes y tendrá una nueva oportunidad para continuar su carrera lejos del fútbol peruano. A sus 41 años, el experimentado guardameta fue anunciado como nuevo refuerzo delAzuqueca, club que compite en laTercera División de España.",10,2,"Ronald ‘Banana’ Ruiz, quien había anunciado su retiro en 2025, sorprendió al confirmar su regreso al fútbol profesional. | La dura historia personal de ‘Banana’ Ruiz",False,3,"Ronald Ruiz, España, Peruanos en el Exterior",2,1,Ronald ‘Banana’ Ruiz,Ronald ‘Banana’ Ruiz | Azuqueca,362,2294,https://cdn.futbolperuano.com/sdi/2026/09/07/ronald-banana-ruiz-es-nuevo-jugador-del-azuqueca-de-espana-a-los-41-anos-1356149.jpg,1200,Ronald ‘Banana’ Ruiz vuelve al fútbol profesional. Foto: Twitter Difusión,,https://www.futbolperuano.com/peruanos-en-el-exterior/noticias/ronald-banana-ruiz-es-nuevo-jugador-del-azuqueca-de-espana-a-los-41-anos-599405,Joaquín Vásquez,peruanos-en-el-exterior
"Renato Espinosa fue titular, pero su equipo sufrió una nueva derrota en Rumania",Renato Espinosa fue titular en derrota de Corvinul Hunedoara por la Superliga de Rumania,Renato Espinosa fue titular y sumó una nueva participación en la temporada. Su equipo marcha octavo con 10 puntos.,"Renato Espinosacontinúa sumando minutos en el fútbol de Rumania. El delantero peruano de 28 años fue titular y disputó 69 minutos en la derrota deCorvinul Hunedoarapor 2-0 antePetrolul Ploiesti, en partido correspondiente a la octava jornada de la Superliga de Rumania.",6,3,Renato Espinosa fue titular y sumó una nueva participación en la temporada. Su equipo marcha octavo con 10 puntos. | Renato Espinosa y sus números en Rumania | Peruanos en el exterior (2026),True,3,"Renato Espinosa, Rumania, Peruanos en el Exterior",2,1,Renato Espinosa,Renato Espinosa | Corvinul Hunedoara,179,1129,https://cdn.futbolperuano.com/sdi/2026/09/07/renato-espinosa-fue-titular-en-derrota-de-corvinul-hunedoara-por-la-superliga-de-rumania-1356134.jpg,1200,Renato Espinosa sigue sumando minutos en Rumania. Foto: Twitter Corvinul Hunedoara,,https://www.futbolperuano.com/peruanos-en-el-exterior/noticias/renato-espinosa-fue-titular-en-derrota-de-corvinul-hunedoara-por-la-superliga-de-rumania-599388,Joaquín Vásquez,peruanos-en-el-exterior
Orlando City venció a San Diego FC y Wilder Cartagena sumó minutos en la MLS,Wilder Cartagena ingresó en triunfo de Orlando City ante San Diego FC por la MLS,Wilder Cartagena ingresó en el segundo tiempo durante la victoria de Orlando City ante San Diego FC por la MLS.,Orlando Cityconsiguió una importante victoria por 1-0 anteSan Diego FCen una nueva jornada de laMajor League Soccer. El mediocampista peruanoWilder Cartagenavolvió a sumar minutos con el conjunto estadounidense tras ingresar durante la segunda mitad del encuentro.,6,3,Wilder Cartagena ingresó en el segundo tiempo durante la victoria de Orlando City ante San Diego FC por la MLS. | Wilder Cartagena ya lleva 13 partidos en la temporada | Peruanos en el exterior (2026),True,4,"Wilder Cartagena, Orlando City, MLS, Peruanos en el Exterior",2,1,Major League Soccer,Major League Soccer | Wilder Cartagena,214,1334,https://cdn.futbolperuano.com/sdi/2026/09/07/wilder-cartagena-ingreso-en-triunfo-de-orlando-city-ante-san-diego-fc-por-la-mls-1356119.jpg,1200,Wilder Cartagena. Foto: Twitter Orlando City,,https://www.futbolperuano.com/peruanos-en-el-exterior/noticias/wilder-cartagena-ingreso-en-triunfo-de-orlando-city-ante-san-diego-fc-por-la-mls-599373,Joaquín Vásquez,peruanos-en-el-exterior
"Miguel Rondelli, DT de Melgar, tuvo un tenso momento con periodista: ""No sos nadie""","Miguel Rondelli, DT de Melgar, tuvo fuerte pelea con periodista",Miguel Rondelli perdió los papeles tras el triunfo de Melgar por 3-0 ante ADT y ninguneó a periodista en conferencia de prensa.,"FBC Melgarconsiguió una contundente victoria por 3-0 frente a ADT de Tarma y volvió a meterse en la pelea por los primeros lugares delTorneo Clausura. Sin embargo, más allá del resultado conseguido en el Estadio Monumental de la UNSA, uno de los momentos que más llamó la atención ocurrió posteriormente en la conferencia de prensa.",9,1,Miguel Rondelli perdió los papeles tras el triunfo de Melgar por 3-0 ante ADT y ninguneó a periodista en conferencia de prensa.,False,3,"Miguel Rondelli, Melgar, Liga 1 del Fútbol Peruano",2,1,FBC Melgar,FBC Melgar | Torneo Clausura,552,3211,https://cdn.futbolperuano.com/sdi/2026/09/07/miguel-rondelli-dt-de-melgar-tuvo-fuerte-pelea-con-periodista-1356106.jpg,1200,Miguel Rondelli. Foto: FBC Melgar,,https://www.futbolperuano.com/liga-1/noticias/miguel-rondelli-dt-de-melgar-tuvo-fuerte-pelea-con-periodista-599360,Gabriel Iberico,liga-1
Luis Urruti lanzó dura frase después de la derrota de Sport Boys: “Fue un robo”,Luis Urruti explota tras el polémico desenlace en el Sport Huancayo vs Sport Boys,Luis Urruti quedó furioso tras el polémico desenlace ante Sport Huancayo y lanzó una durísima frase que encendió la controversia en el Torneo Clausura.,Sport Boysterminó con mucha bronca luego de su derrota frente aSport Huancayo. El conjunto chalaco cayó por un polémico penal convertido por Sanguinetti en los minutos de descuento y la tensión aumentó todavía más después de la celebración del delantero argentino frente a la tribuna rosada.,11,3,Luis Urruti quedó furioso tras el polémico desenlace ante Sport Huancayo y lanzó una durísima frase que encendió la controversia en el Torneo Clausura. | Urruti explotó tras el polémico final | Sport Boys todavía tiene mucho por jugar,False,4,"Sport Boys, Sport Huancayo, Luis Urruti, Liga 1 del Fútbol Peruano",2,1,Sport Boys,Sport Boys | Sport Huancayo,387,2431,https://cdn.futbolperuano.com/sdi/2026/09/07/luis-urruti-explota-tras-el-polemico-desenlace-en-el-sport-huancayo-vs-sport-boys-1356159.jpg,1200,Sport Huancayo vs Sport Boys. Foto: Twitter Liga 1,,https://www.futbolperuano.com/liga-1/noticias/luis-urruti-explota-tras-el-polemico-desenlace-en-el-sport-huancayo-vs-sport-boys-599420,Joaquín Vásquez,liga-1
Carlos Mannucci remontó ante Pirata FC y sumó un importante triunfo en la Liga 2,Pirata FC vs Carlos Mannucci: EN VIVO por la Liga 2,Carlos Mannucci derrotó 4-2 a Pirata FC por la jornada 17 de la Liga 2 2026 tras remontar un partido que comenzó perdiendo.,"Carlos Mannucciconsiguió una importante victoria en la jornada 17 de laFase Regional de la Liga 2 2026.El conjunto trujillano comenzó perdiendo antePirata FC, pero reaccionó a tiempo y terminó imponiéndose por 4-2 en el Complejo Deportivo 9 de Octubre, en un partido que tuvo penales, goles y una gran remontada.",14,1,Carlos Mannucci derrotó 4-2 a Pirata FC por la jornada 17 de la Liga 2 2026 tras remontar un partido que comenzó perdiendo.,True,3,"Pirata FC, Carlos Mannucci, Liga 2",2,1,Fase Regional de la Liga 2 2026,Fase Regional de la Liga 2 2026 | Liga 2 2026,640,3852,https://cdn.futbolperuano.com/sdi/2026/09/07/pirata-fc-vs-carlos-mannucci-en-vivo-por-la-liga-2-1356156.jpg,1200,Carlos Mannucci. Foto: Twitter Liga 2,,https://www.futbolperuano.com/liga-2/noticias/pirata-fc-vs-carlos-mannucci-en-vivo-por-la-liga-2-599346,Gabriel Iberico,liga-2
¿Llega al clásico? Se conoció el estado de Nicolás Díaz tras su golpe ante Juan Pablo ll,Nicolás Díaz podrá jugar el clásico ante Universitario tras golpe con Alianza Lima,El chileno Nicolás Díaz fue trasladado a una clínica de Chiclayo luego de golpearse la cabeza ante Juan Pablo II.,"Alianza Limapuede respirar tranquilo. Luego del susto que protagonizóNicolás Díazdurante el empate ante Juan Pablo II por la fecha 8 del Torneo Clausura 2026, se conoció que el defensor chileno se encuentra bien y no tendría inconvenientes para disputar el próximo clásico del fútbol peruano anteUniversitario de Deportes.",13,3,El chileno Nicolás Díaz fue trasladado a una clínica de Chiclayo luego de golpearse la cabeza ante Juan Pablo II. | Nicolás Díaz habló tras el fuerte golpe | ¿Cuándo juegan Alianza Lima vs. Universitario?,False,3,"Alianza Lima, Liga 1 del Fútbol Peruano, Liga 1",2,1,Alianza Lima,Alianza Lima | Nicolás Díaz,436,2689,https://cdn.futbolperuano.com/sdi/2026/09/07/nicolas-diaz-podra-jugar-el-clasico-ante-universitario-tras-golpe-con-alianza-lima-1356124.jpg,1200,Alianza Lima conoce el estado de Nicolás Díaz. Foto: Twitter Alianza Lima,,https://www.futbolperuano.com/liga-1/noticias/nicolas-diaz-podra-jugar-el-clasico-ante-universitario-tras-golpe-con-alianza-lima-599377,Joaquín Vásquez,liga-1
Ganando confianza: Tiago Cantoro debuta con gol en Italia pese a derrota del Vigor Lamezia,Tiago Cantoro debuta con gol en Italia pese a derrota del Vigor Lamezia,"Tiago Cantoro va ganando confianza desde su debut con la camiseta del Vigor Lamezia, donde marcó en su primeros minutos en Italia.",Tiago Cantorotuvo un estreno de ensueño en el fútbol italiano al marcar en su primer partido oficial con elVigor Lamezia. El delantero argentino nacionalizado peruano comenzó una nueva etapa en Europa luego de su paso por Unión Minas y necesitó pocos minutos para demostrar su capacidad goleadora.,11,1,"Tiago Cantoro va ganando confianza desde su debut con la camiseta del Vigor Lamezia, donde marcó en su primeros minutos en Italia.",False,3,"Tiago Cantoro, Peruanos en el Exterior, Italia",2,1,Tiago Cantoro,Tiago Cantoro | Vigor Lamezia,494,3045,https://cdn.futbolperuano.com/sdi/2026/09/07/tiago-cantoro-debuta-con-gol-en-italia-pese-a-derrota-del-vigor-lamezia-1356104.jpg,1200,Tiago Cantoro. Foto: Vigor Lamezia,,https://www.futbolperuano.com/peruanos-en-el-exterior/noticias/tiago-cantoro-debuta-con-gol-en-italia-pese-a-derrota-del-vigor-lamezia-599358,Gabriel Iberico,peruanos-en-el-exterior
Mr. Peet arremete contra el árbitro del Universitario vs Comerciantes Unidos: “Hizo mal…”,Mr. Peet arremete contra el árbitro del Universitario vs Comerciantes Unidos,El periodista arremetió contra Michael Espinoza luego de su polémica actuación en el empate entre Universitario y Comerciantes Unidos.,"La actuación arbitral deMichael Espinozaen el partido entreUniversitario de DeportesyComerciantes Unidoscontinúa generando polémica. Tras el encuentro correspondiente a la octava jornada delTorneo Clausura 2026, Mr. Peet analizó una de las acciones más discutidas y cuestionó el procedimiento aplicado por el juez principal.",10,1,El periodista arremetió contra Michael Espinoza luego de su polémica actuación en el empate entre Universitario y Comerciantes Unidos.,False,4,"Universitario de Deportes, Comerciantes Unidos, Peter Arévalo, Liga 1 del Fútbol Peruano",2,1,Torneo Clausura 2026,Torneo Clausura 2026 | Universitario,584,3528,https://cdn.futbolperuano.com/sdi/2026/09/06/mr-peet-arremete-contra-el-arbitro-del-universitario-vs-comerciantes-unidos-1356089.jpg,1200,Mr. Peet apunta contra árbitro del Universitario vs Comerciantes Unidos. Foto: Liga1 Te Apuesto / Captura,,https://www.futbolperuano.com/liga-1/noticias/mr-peet-arremete-contra-el-arbitro-del-universitario-vs-comerciantes-unidos-599338,Gabriel Iberico,liga-1
Liga 1: Así marcha la Tabla Acumulada luego de jugarse la fecha 8 del Torneo Clausura 2026,Liga 1: Así marcha la Tabla Acumulada luego de jugarse la fecha 8 del Torneo Clausura 2026,"Luego de disputarse la octava fecha del Torneo Clausura 2026, así se mueve también la Tabla Acumulada de la Liga 1.","La octava jornada delTorneo Clausura 2026llegó a su final este domingo 6 de septiembre y dejó algunos movimientos importantes en laTabla Acumuladade laLiga 1.Mientras los principales equipos buscan asegurar su presencia en torneos internacionales, en la zona baja varios clubes afrontan una dura batalla por mantenerse en la máxima categoría.",7,3,"Luego de disputarse la octava fecha del Torneo Clausura 2026, así se mueve también la Tabla Acumulada de la Liga 1. | La Tabla Acumulada de la Liga 1 2026 | Así se jugará la Fecha 9 del Torneo Clausura – Liga 1 2026",True,3,"Liga 1 del Fútbol Peruano, Torneo Clausura, Deportivo Garcilaso",2,1,Torneo Clausura 2026,Torneo Clausura 2026 | Liga 1,349,2163,https://cdn.futbolperuano.com/sdi/2026/09/07/liga-1-asi-marcha-la-tabla-acumulada-luego-de-jugarse-la-fecha-8-del-torneo-clausura-2026-1356099.jpg,1200,Deportivo Garcilaso sigue escalando en la Tabla Acumulada. Foto: Liga1 Te Apuesto,,https://www.futbolperuano.com/liga-1/noticias/liga-1-asi-marcha-la-tabla-acumulada-luego-de-jugarse-la-fecha-8-del-torneo-clausura-2026-599354,Gabriel Iberico,liga-1
Melgar no tuvo piedad ante ADT complica cada vez más sus aspiraciones en la Liga 1,Melgar vs. ADT: EN VIVO por el Torneo Clausura de la Liga 1,Melgar goleó por 3-0 a ADT de Tarma en el Estadio Monumental de la UNSA en el cierre de la jornada 8 del Torneo Clausura 2026.,FBC Melgarcerró la jornada 8 delTorneo Clausuracon una contundente goleada por 3-0 sobreADT de Tarmaen el Estadio Monumental de la UNSA. El cuadro arequipeño fue superior durante gran parte del compromiso y terminó imponiéndose con autoridad.,12,1,Melgar goleó por 3-0 a ADT de Tarma en el Estadio Monumental de la UNSA en el cierre de la jornada 8 del Torneo Clausura 2026.,False,3,"Melgar, ADT de Tarma, Liga 1 del Fútbol Peruano",3,1,Torneo Clausura,Torneo Clausura | Torneo Clausura | Liga 1 2026,531,3245,https://cdn.futbolperuano.com/sdi/2026/09/07/melgar-vs-adt-en-vivo-por-el-torneo-clausura-de-la-liga-1-1356097.jpg,1200,Melgar golea a ADT en Arequipa. Foto: Liga1 Te Apuesto ,,https://www.futbolperuano.com/liga-1/noticias/melgar-vs-adt-en-vivo-por-el-torneo-clausura-de-la-liga-1-599169,Gabriel Iberico,liga-1
Liga 1 2026: Resultados y tablas de posiciones de la fecha 8 del Torneo Clausura,Liga 1 2026: Resultados y tablas de posiciones de la fecha 8 del Torneo Clausura,"Este viernes 4 de septiembre se dará inicio a la fecha 8 del Torneo Clausura de la Liga 1 2026, fecha que culminará el domingo 6 de septiembre.","LaLiga 1 2026no conoce de descanso, por lo que esteviernes 4 de septiembrese dará inicio a laoctava jornadadelTorneo Clausurade la máxima división del fútbol peruano, fecha que culminará el domingo 6 y que se podrá ver en todo el territorio nacional por la señal deL1 MAX.",4,2,"Este viernes 4 de septiembre se dará inicio a la fecha 8 del Torneo Clausura de la Liga 1 2026, fecha que culminará el domingo 6 de septiembre. | Tabla y resultados de la fecha 8 del Torneo Clausura - Liga 1 2026",True,3,"Liga 1 del Fútbol Peruano, Torneo Clausura, Perú",2,1,Liga 1 2026,Liga 1 2026 | Liga 1 2026,232,1378,https://cdn.futbolperuano.com/sdi/2026/09/03/liga-1-2026-resultados-y-tablas-de-posiciones-de-la-fecha-8-del-torneo-clausura-1355672.jpg,1200,Todo ha quedado listo para lo que serán los partidos de la fecha 8 del Torneo Clausura de la Liga 1 2026. Foto: Facebook Liga 1,,https://www.futbolperuano.com/liga-1/noticias/liga-1-2026-resultados-y-tablas-de-posiciones-de-la-fecha-8-del-torneo-clausura-598866,Gabriel Rey,liga-1
Atlético Torino volvió a quedarse con el título de la Liga Departamental de Piura y afrontará la Etapa Nacional de la Copa Perú 2026 como Piura 1,Atlético Torino se consagra bicampeón de Piura y va por el ascenso en la Etapa Nacional de la Copa Perú 2026 con la ilusión de volver a hacer historia,Atlético Torino volvió a conquistar la Liga Departamental de Piura y ahora afrontará la Etapa Nacional de la Copa Perú 2026 como Piura 1.,"Este domingo 6 de septiembre se disputó la final de laLiga Departamental de Piura, en dondeAtlético Torinologró alzarse con el título y se consagróbicampeóntras vencer sin mayores inconvenientes aDeportivo Caysa de Yapatera. El mítico cuadro piurano se postula como uno de los favoritos en laEtapa Nacionalde laCopa Perú 2026.",3,2,Atlético Torino volvió a conquistar la Liga Departamental de Piura y ahora afrontará la Etapa Nacional de la Copa Perú 2026 como Piura 1. | Fecha 1 de la Etapa Nacional de la Copa Perú,True,3,"Atlético Torino, Liga Departamental de Piura, Copa Perú",2,1,Copa Perú 2026,Copa Perú 2026 | Copa Perú,168,1023,https://cdn.futbolperuano.com/sdi/2026/09/07/atletico-torino-se-consagra-bicampeon-de-piura-y-va-por-el-ascenso-en-la-etapa-nacional-de-la-copa-peru-2026-con-la-ilusion-de-volver-a-hacer-historia-1356092.jpg,1200,Atlético Torino volvió a conquistar Piura y ahora afrontará la Etapa Nacional de la Copa Perú 2026. Foto: Facebook Atlético Torino,,https://www.futbolperuano.com/copa-peru/noticias/atletico-torino-se-consagra-bicampeon-de-piura-y-va-por-el-ascenso-en-la-etapa-nacional-de-la-copa-peru-2026-con-la-ilusion-de-volver-a-hacer-historia-599341,Gabriel Rey,copa-peru
Copa Perú 2026: el fixture oficial y completo de la Etapa Nacional del 'Torneo del Fútbol Macho',El fixture oficial de la Etapa Nacional de la Copa Perú 2026,Todo va quedando listo para que los campeones y subcampeones regionales compitan en la Etapa Nacional de la Copa Perú 2026.,"Con la culminación de todas las ligas departamentales, laCopa Perú 2026entrará a su instancia más importante: la Etapa Nacional, en la que todos los equipos clasificados se enfrentarán por el ansiado ascenso al fútbol profesional.",10,3,Todo va quedando listo para que los campeones y subcampeones regionales compitan en la Etapa Nacional de la Copa Perú 2026. | ¿Cómo se jugará la Etapa Nacional de la Copa Perú 2026? | Fixture de la Etapa Nacional de la Copa Perú 2026,True,3,"Copa Perú, Domingo Dianderas, Sport River",2,1,Copa Perú 2026,Copa Perú 2026 | Tradición Copera,396,2281,https://cdn.futbolperuano.com/sdi/2026/08/18/el-fixture-oficial-de-la-etapa-nacional-de-la-copa-peru-2026-1353663.jpg,1200,Trofeo de la Copa Perú. Foto: Facebook,,https://www.futbolperuano.com/copa-peru/noticias/el-fixture-oficial-de-la-etapa-nacional-de-la-copa-peru-2026-596524,Robert Luna,copa-peru
Se encamina: Jesús Castillo volvió al triunfo con Esperance Tunis en la Primera División de Túnez,Jesús Castillo volvió al triunfo con Esperance Tunis en la Liga de Túnez,Esperance Tunis alineó a Jesús Castillo en su partido contra Marsa por la tercera fecha de la Primera División de Túnez.,"¡Nueva celebración! Con la presencia delvolante peruano Jesús Castillotoda la primera mitad,Esperance Tunisalcanzó una victoria (2-1) necesaria frente aMarsapor la tercera fecha de laPrimera de División de Túnez.",8,1,Esperance Tunis alineó a Jesús Castillo en su partido contra Marsa por la tercera fecha de la Primera División de Túnez.,False,3,"Jesús Castillo, Esperance, Túnez",2,1,volante peruano Jesús Castillo,volante peruano Jesús Castillo | Liga 1 2026,377,2156,https://cdn.futbolperuano.com/sdi/2026/09/07/jesus-castillo-volvio-al-triunfo-con-esperance-tunis-en-la-liga-de-tunez-1356091.jpg,1200,Jesús Castillo celebra con sus compañeros de Esperance. Foto: Facebook Espérance Sportive de Tunis,,https://www.futbolperuano.com/peruanos-en-el-exterior/noticias/jesus-castillo-volvio-al-triunfo-con-esperance-tunis-en-la-liga-de-tunez-599340,Jorge Cruzalegui,peruanos-en-el-exterior
Juan Aurich derrotó a Juventud Cautivo y no pierde protagonismo en la Liga 2 2026,Juan Aurich vs Juvenud Cautivo en vivo online por fecha 14 de Liga 3 2026,Juan Aurich y Juventud Cautivo midieron fuerzas en el Estadio Francisco Mendoza Pizarro por la fecha 14 de la Liga 3 2026.,"¡Celebra el 'Ciclón'! Con un doblete del delantero nacional Mario Ceballos,Juan Aurichderrotó (2-0) aJuventud Cautivoen el Estadio Francisco Mendoza Pizarro en cierre de la fecha 14 de la Fase Regional de laLiga 3 2026.",10,2,Juan Aurich y Juventud Cautivo midieron fuerzas en el Estadio Francisco Mendoza Pizarro por la fecha 14 de la Liga 3 2026. | PREVIA,True,3,"Juan Aurich, Juventud Cautivo, Liga 3",3,1,Liga 3 2026,Liga 3 2026 | Liga 3 2026 | Liga 3,476,2722,https://cdn.futbolperuano.com/sdi/2026/09/06/juan-aurich-vs-juvenud-cautivo-en-vivo-online-por-fecha-14-de-liga-3-2026-1356078.jpg,1200,Juan Aurich consigue nueva victoria en la Liga 2. Foto: Facebook Club Juan Aurich,,https://www.futbolperuano.com/liga-3/noticias/juan-aurich-vs-juvenud-cautivo-en-vivo-online-por-fecha-14-de-liga-3-2026-599199,Jorge Cruzalegui,liga-3
Ecosem aprovecha su localía y vence a ASA FC para recortar distancias en la Fase de Grupos de la Liga 3 2026,Ecosem vs. ASA FC en vivo online por la fecha 14 de la Fase Regional de la Liga 3 2026,"Ecosem ganó en casa y redujo la diferencia con ASA FC, que atraviesa un complicado momento tras sumar su segunda derrota consecutiva.","Ecosemse hizo fuerte en casa y logró vencer aASA FC, un resultado que le permite reducir la diferencia de puntos ante el cuadro de Chancay, quienes no logran levantar cabeza y suman su segunda derrota consecutiva en la Fase de Grupos de laLiga 3 2026.",7,2,"Ecosem ganó en casa y redujo la diferencia con ASA FC, que atraviesa un complicado momento tras sumar su segunda derrota consecutiva. | PROGRAMACIÓN DE LA FECHA 14 DE LA FASE REGIONAL DE LA LIGA 3",True,3,"Ecosem Pasco, ASA FC, Liga 3",3,1,Liga 3 2026,Liga 3 2026 | Liga 3 2026 | Liga 3,350,1934,https://cdn.futbolperuano.com/sdi/2026/09/06/ecosem-vs-asa-fc-en-vivo-online-por-la-fecha-14-de-la-fase-regional-de-la-liga-3-2026-1356080.jpg,1200,Ecosem aprovechó su localía para superar a ASA FC. Foto: Facebook ECOSEM,,https://www.futbolperuano.com/liga-3/noticias/ecosem-vs-asa-fc-en-vivo-online-por-la-fecha-14-de-la-fase-regional-de-la-liga-3-2026-599254,Gabriel Rey,liga-3
Liga Femenina 2026: Resultados y tablas de posiciones de la fecha 8 del Torneo Clausura,Liga Femenina 2026: Resultados y tablas de posiciones de la fecha 8 del Torneo Clausura,"Este viernes 4 de septiembre se dará inicio a la fecha 8 del Torneo Clausura de la Liga Femenina 2026, fecha que culminará el domingo 6 de septiembre.","LaLiga Femenina 2026sigue su curso, por lo que este viernes 4 de septiembre se dará inicio a laFecha 8delTorneo Clausura, una jornada que servirá para ir determinando que equipos se mantendrán en la lucha por el título del segundo torneo del año, así como quienes deberán luchar por la permanencia.",4,2,"Este viernes 4 de septiembre se dará inicio a la fecha 8 del Torneo Clausura de la Liga Femenina 2026, fecha que culminará el domingo 6 de septiembre. | Resultados y tabla de la fecha 8 del Torneo Clausura de la Liga Femenina 2026",True,3,"Liga Femenina, Torneo Clausura, Alianza Lima",2,1,Liga Femenina 2026,Liga Femenina 2026 | Liga Femenina,245,1447,https://cdn.futbolperuano.com/sdi/2026/09/03/liga-femenina-2026-resultados-y-tablas-de-posiciones-de-la-fecha-8-del-torneo-clausura-1355706.jpg,1200,Todo ha quedado listo para lo que serán los partidos de la fecha 8 del Torneo Clausura de la Liga Femenina. Foto: Facebook Liga Femenina,,https://www.futbolperuano.com/futbol-femenino/liga-femenina/liga-femenina-2026-resultados-y-tablas-de-posiciones-de-la-fecha-8-del-torneo-clausura-598907,Gabriel Rey,futbol-femenino
Gianluca Lapadula calienta la previa del clásico con picante dardo a Alianza Lima: “Ya anoté en Matute”,Gianluca Lapadula calienta la previa del clásico con picante dardo a Alianza Lima,Gianluca Lapadula pasó la página del empate ante Comerciantes Unidos y ya mira a lo que será el clásico frente a Alianza Lima en Matute.,"Gianluca Lapadulajugará su primer clásico desde su llegada a laLiga 1. Luego del empate 2-2 deUniversitario de Deportesante Comerciantes Unidos por la fecha 8 del Torneo Clausura 2026, el delantero crema puso la mira en el esperado enfrentamiento contra Alianza Lima.",12,1,Gianluca Lapadula pasó la página del empate ante Comerciantes Unidos y ya mira a lo que será el clásico frente a Alianza Lima en Matute.,False,3,"Gianluca Lapadula, Universitario de Deportes, Alianza Lima",2,1,Gianluca Lapadula,Gianluca Lapadula | Universitario de Deportes,455,2855,https://cdn.futbolperuano.com/sdi/2026/09/06/gianluca-lapadula-calienta-la-previa-del-clasico-con-picante-dardo-a-alianza-lima-1356077.jpg,1200,Gianluca Lapadula. Foto: Club Alianza Lima / Liga1 Te Apuesto,,https://www.futbolperuano.com/liga-1/noticias/gianluca-lapadula-calienta-la-previa-del-clasico-con-picante-dardo-a-alianza-lima-599330,Gabriel Iberico,liga-1
Alianza Lima no pude ante Juan Pablo II y alcanzó tres fechas consecutivas sin ganar en el Torneo Clausura,Juan Pablo II vs Alianza Lima en vivo online por fecha 8 del Torneo Clausura de Liga 1 2026,Juan Pablo II recibió a Alianza Lima en la localidad de Chongoyape por la octava fecha del Torneo Clausura de la Liga 1 2026.,¿Pierden dos puntos?Alianza Limano pudo hacerse fuerte en Chongoyape frente aJuan Pablo IIy se tuvo que conformar con un ajustado empate a uno (1-1) en la octava fecha del Torneo Clausura de laLiga 1 2026.,12,2,Juan Pablo II recibió a Alianza Lima en la localidad de Chongoyape por la octava fecha del Torneo Clausura de la Liga 1 2026. | PREVIA,False,3,"Juan Pablo II, Alianza Lima, Liga 1",3,1,Liga 1 2026,Liga 1 2026 | Liga 1 2026 | Tabla Acumulada,595,3414,https://cdn.futbolperuano.com/sdi/2026/09/06/juan-pablo-ii-vs-alianza-lima-en-vivo-online-por-fecha-8-del-torneo-clausura-de-liga-1-2026-1356081.jpg,1200,Plantel de Alianza Lima 2026. Foto: Facebook Liga1 Te Apuesto,,https://www.futbolperuano.com/liga-1/noticias/juan-pablo-ii-vs-alianza-lima-en-vivo-online-por-fecha-8-del-torneo-clausura-de-liga-1-2026-599233,Jorge Cruzalegui,liga-1
UDA de Huancavelica se impone en casa ante AD Tahuishco y queda a un paso de los puestos de clasificación del Grupo C,UDA vs. ADT Tahuishco en vivo online por la fecha 14 de la Fase Regional de la Liga 3 2026,UDA de Huancavelica sumó un triunfo clave ante AD Tahuishco y se acercó a los puestos de clasificación en el Grupo C de la Liga 3.,UDA de Huancavelicase supo hacer fuerte en casa y consiguió un importante triunfo anteAD Tahuishco. El cuadro huancavelicano se impuso sin mayores inconvenientes por 3-1 a su rival de turno y se puso a un paso de la zona de clasificación a la siguiente etapa de laLiga 3en lo que respecta al Grupo C.,7,2,UDA de Huancavelica sumó un triunfo clave ante AD Tahuishco y se acercó a los puestos de clasificación en el Grupo C de la Liga 3. | PROGRAMACIÓN DE LA FECHA 14 DE LA FASE REGIONAL DE LA LIGA 3,True,3,"UDA, AD Tahuishco, Liga 3",3,1,Liga 3,Liga 3 | Liga 3 2026 | Liga 3,361,2070,https://cdn.futbolperuano.com/sdi/2026/09/06/uda-vs-adt-tahuishco-en-vivo-online-por-la-fecha-14-de-la-fase-regional-de-la-liga-3-2026-1356086.jpg,1200,UDA de Huancavelica hizo respetar la casa ante AD Tahuishco. Foto: Facebook UDA de Huancavelica,,https://www.futbolperuano.com/liga-3/noticias/uda-vs-adt-tahuishco-en-vivo-online-por-la-fecha-14-de-la-fase-regional-de-la-liga-3-2026-599263,Gabriel Rey,liga-3
Acabó con el invicto: Cultural Volante sorprende y se impone ante Santo Domingo en la Liga 3,Cultural Volante vs Santo Domingo: EN VIVO por la Liga 3,Cultural Volante dio la sorpresa de la jornada tras vencer por la mínima a Unión Santo Domingo por la jornada 14 de la Liga 3 2026.,"Cultural Volante consiguió una victoria de enorme importancia en el Estadio Municipal de El Frutillo al imponerse por 1-0 sobre Unión Santo Domingo en el marco de la jornada 14 de la Fase Regional, en un resultado que le permite seguir firme en su lucha dentro de laLiga 3 2026.",12,1,Cultural Volante dio la sorpresa de la jornada tras vencer por la mínima a Unión Santo Domingo por la jornada 14 de la Liga 3 2026.,False,3,"Cultural Volante, Santo Domingo de Chachapoyas, Liga 3",3,1,Liga 3 2026,Liga 3 2026 | Liga 3 2026 | Liga 3,521,3108,https://cdn.futbolperuano.com/sdi/2026/09/06/cultural-volante-vs-santo-domingo-en-vivo-por-la-liga-3-1356087.jpg,1200,Cultural Volante venció por 1-0 a Unión Santo Domingo. Foto: Club Deportivo Cultural Volante,,https://www.futbolperuano.com/liga-3/noticias/cultural-volante-vs-santo-domingo-en-vivo-por-la-liga-3-599266,Gabriel Iberico,liga-3
Imparable: Unión Comercio domina en la Fase Regional y reafirma su papel de favorito en la Liga 2,Unión Comercio vs San Martín: EN VIVO por la Liga 2,Unión Comercio venció por 1-0 a San Martín y no sale del primer lugar del Grupo 1 a falta de una fecha para el cierre de la Fase Regional.,Unión Comerciovolvió a demostrar toda su jerarquía y venció por 1-0 aSan Martínen la penúltima jornada de la Fase Regional de laLiga 2. El colombiano Mateo Palacios fue el encargado de anotar el gol que mantiene al ‘Poderoso del Altomayo’ en lo más alto del Grupo 1 y ganará los dos puntos adicionales para la Fase Final.,11,1,Unión Comercio venció por 1-0 a San Martín y no sale del primer lugar del Grupo 1 a falta de una fecha para el cierre de la Fase Regional.,True,3,"Unión Comercio, San Martín, Liga 2",3,1,Liga 2,Liga 2 | Liga 2 2026 | Liga 2,473,2788,https://cdn.futbolperuano.com/sdi/2026/09/06/union-comercio-vs-san-martin-en-vivo-por-la-liga-2-1356079.jpg,1200,Unión Comercio venció por 1-0 a San Martín. Foto: Liga2Caliente.pe,,https://www.futbolperuano.com/liga-2/noticias/union-comercio-vs-san-martin-en-vivo-por-la-liga-2-599265,Gabriel Iberico,liga-2
Tablas en Huánuco: Alianza Universidad y Unión Minas no se sacaron ventajas,Alianza Universidad vs Unión Minas EN VIVO por la Liga 2,Alianza Universidad recibió a Unión Minas en un encuentro correspondiente a la penúltima fecha de la Fase Regional de la Liga 2.,"¡Tablas en Huánuco!Alianza UniversidadyUnión Minasno se sacaron ventajas y este domingo igualaron1-1en un encuentro correspondiente a la penúltima fecha de laFase Regionalde laLiga 2. De esta manera, ambos equipos buscarán su boleto a la Fase Final en la última jornada del Grupo 2.",9,2,Alianza Universidad recibió a Unión Minas en un encuentro correspondiente a la penúltima fecha de la Fase Regional de la Liga 2. | PREVIA,False,3,"Alianza Universidad, Unión Minas, Liga 2",4,1,Fase Regional,Fase Regional | Liga 2 | Fase Regional | Liga 2,509,3215,https://cdn.futbolperuano.com/sdi/2026/09/06/alianza-universidad-vs-union-minas-en-vivo-por-la-liga-2-1356066.jpg,1200,Alianza UDH y Unión Minas no se sacaron ventajas. Foto: Facebook Liga2Caliente.pe,,https://www.futbolperuano.com/liga-2/noticias/alianza-universidad-vs-union-minas-en-vivo-por-la-liga-2-599127,Stewart Luya,liga-2
No levanta: Yordy Reyna se hunde con Rodina Moscú en la Primera División de Rusia,Yordy Reyna se hunde con Rodina Moscú en la Primera División de Rusia,"Rodina Moscú, con el delantero Yordy Reyna en sus filas, se vio superado por Dynamo Makhachkala en la Liga de Rusia.",¡Sigue de malas! El delanteroperuano Yordy Reynafue parte del cuadro deRodina Moscúque se vio superado (2-0) en su visita a Dynamo Makhachkala en el Anzhi Arena por la séptima fecha de laPremier League de Rusia.,5,2,"Rodina Moscú, con el delantero Yordy Reyna en sus filas, se vio superado por Dynamo Makhachkala en la Liga de Rusia. | Peruanos en el exterior (2026)",True,3,"Yordy Reyna, Peruanos en el Exterior, Rusia",1,1,peruano Yordy Reyna,peruano Yordy Reyna,236,1366,https://cdn.futbolperuano.com/sdi/2026/09/06/yordy-reyna-se-hunde-con-rodina-moscu-en-la-primera-division-de-rusia-1356072.jpg,1200,Yordy Reyna volvió a caer con Rodina en Rusia. Foto: Facebook Rodina Moscow,,https://www.futbolperuano.com/peruanos-en-el-exterior/noticias/yordy-reyna-se-hunde-con-rodina-moscu-en-la-primera-division-de-rusia-599323,Jorge Cruzalegui,peruanos-en-el-exterior
"Programación de HOY, lunes 7 de septiembre de 2026: Horarios del fútbol en vivo por televisión en el Perú","Programación de HOY, lunes 7 de septiembre de 2026: Horarios del fútbol en vivo por televisión en el Perú",Este lunes 7 de septiembre llega con una gran cartelera de partidos que podrás ver en vivo por todo el Perú en TV. Sigue la programación aquí.,"Este lunes 7 de septiembre alístate para una gran jornada de partidos, los cuales podrás disfrutar por TV en todos los rincones del Perú. La jornada empieza desde muy temprano con duelos de alto calibre para el inicio de la semana. Puedes ver laPROGRAMACIÓN COMPLETA AQUÍ.",6,1,Este lunes 7 de septiembre llega con una gran cartelera de partidos que podrás ver en vivo por todo el Perú en TV. Sigue la programación aquí.,False,3,"Programación, Fútbol por TV, Liga 2",2,1,PROGRAMACIÓN COMPLETA AQUÍ.,PROGRAMACIÓN COMPLETA AQUÍ. | Liga 2,441,2726,https://cdn.futbolperuano.com/sdi/2026/09/06/programacion-de-hoy-lunes-7-de-septiembre-de-2026-horarios-del-futbol-en-vivo-por-television-en-el-peru-1356073.jpg,1200,Partidos del lunes 7 de septiembre. Foto: Liga2Caliente.pe,,https://www.futbolperuano.com/partidos-por-tv/noticias/programacion-de-hoy-lunes-7-de-septiembre-de-2026-horarios-del-futbol-en-vivo-por-television-en-el-peru-599326,Gabriel Iberico,partidos-por-tv
De mal en peor: André Carrillo jugó en la cuarta derrota consecutiva de Corinthians en el Brasileirao,André Carrillo jugó en la cuarta derrota consecutiva de Corinthians en el Brasileirao,"Corinthians, del volante peruano André Carrillo, atraviesa por un complicado momento en la presente temporada del Brasileirao.",¡Momento complicado! Poco o nada pudo hacer elperuano André Carrillopara evitar la caída deCorinthianspor 1-2 frente a Chapecoense en la fecha 16 delBrasileirao. El 'Timao' llegó a las cuatro derrotas consecutivas en el certamen doméstico.,6,2,"Corinthians, del volante peruano André Carrillo, atraviesa por un complicado momento en la presente temporada del Brasileirao. | Peruanos en el exterior (2026)",True,3,"André Carrillo, Corinthians, Brasileirao",2,1,peruano André Carrillo,peruano André Carrillo | Brasileirao,303,1727,https://cdn.futbolperuano.com/sdi/2026/09/07/andre-carrillo-jugo-en-la-cuarta-derrota-consecutiva-de-corinthians-en-el-brasileirao-1356094.jpg,1200,André Carrillo se entrena con el 'Timao'. Foto: Facebook SC Corinthians Paulista,,https://www.futbolperuano.com/peruanos-en-el-exterior/noticias/andre-carrillo-jugo-en-la-cuarta-derrota-consecutiva-de-corinthians-en-el-brasileirao-599344,Jorge Cruzalegui,peruanos-en-el-exterior
Liga 1: Así se jugarán los partidos de la novena fecha del Torneo Clausura 2026,Liga 1: Así se jugarán los partidos de la novena fecha del Torneo Clausura 2026,"Con el clásico entre Alianza Lima y Universitario en Matute, así se jugará la fecha 8 del Torneo Clausura de la Liga 1 2026.","LaLiga 1 2026se prepara para vivir una de sus fechas más atractivas en elTorneo Clausura. La novena jornada llegará con encuentros importantes en distintos puntos del país, aunque todas las miradas estarán puestas en el esperado clásico entre Alianza Lima y Universitario de Deportes, dos de los principales protagonistas del campeonato.",5,2,"Con el clásico entre Alianza Lima y Universitario en Matute, así se jugará la fecha 8 del Torneo Clausura de la Liga 1 2026. | Programación de la Fecha 9 del Torneo Clausura - Liga 1 2026",True,4,"Liga 1 del Fútbol Peruano, Torneo Clausura, Universitario de Deportes, Alianza Lima",2,1,Liga 1 2026,Liga 1 2026 | Torneo Clausura,254,1563,https://cdn.futbolperuano.com/sdi/2026/09/07/liga-1-asi-se-jugaran-los-partidos-de-la-novena-fecha-del-torneo-clausura-2026-1356100.jpg,1200,El clásico será el plato de fondo para la fecha 9 del Torneo Clausura. Foto: Liga1 Te Apuesto,,https://www.futbolperuano.com/liga-1/noticias/liga-1-asi-se-jugaran-los-partidos-de-la-novena-fecha-del-torneo-clausura-2026-599353,Gabriel Iberico,liga-1
"Con Jean Pierre Rhyner, Vizela sumó nueva victoria y se acerca a la cima en la Segunda División de Portugal","Con Jean Pierre Rhyner, Vizela se acerca a la cima en la Segunda División de Portugal","Vizela, con el defensor Jean Pierre Rhyner, se hizo fuerte de local frente a Felgueiras por la fecha 5 del ascenso portugués.","¡Firme en el torneo! Con el peruanoJean Pierre Rhynerde titular, pero hasta los 65 minutos,Vizelase hizo fuerte como local al vencer por la mínima diferencia (1-0) a Felgueiras en la quinta fecha de laSegunda División de Portugal.",6,2,"Vizela, con el defensor Jean Pierre Rhyner, se hizo fuerte de local frente a Felgueiras por la fecha 5 del ascenso portugués. | Peruanos en el exterior (2026)",True,3,"Jean Pierre Rhyner, Portugal, Peruanos en el Exterior",1,1,Jean Pierre Rhyner,Jean Pierre Rhyner,281,1587,https://cdn.futbolperuano.com/sdi/2026/09/06/con-jean-pierre-rhyner-vizela-se-acerca-a-la-cima-en-la-segunda-division-de-portugal-1356058.jpg,1200,Jean Pierre Rhyner suma minutos en el ascenso de Portugal. Foto: Facebook Futebol Clube de Vizela,,https://www.futbolperuano.com/peruanos-en-el-exterior/noticias/con-jean-pierre-rhyner-vizela-se-acerca-a-la-cima-en-la-segunda-division-de-portugal-599311,Jorge Cruzalegui,peruanos-en-el-exterior
"Deportivo Garcilaso se llevó un susto con Atlético Grau, pero se mantuvo en la cima del Torneo Clausura",Deportivo Garcilaso vs Atlético Grau en vivo online por fecha 8 del Torneo Clausura de Liga 1 2026,Deportivo Garcilaso enfrentó al Atlético Grau en el Estadio Inca Garcilaso de la Vega por la fecha 8 del Torneo Clausura 2026.,"¡Nadie lo mueve!Deportivo Garcilasolo sufrió en los últimos minutos del partido, pero terminó imponiéndose (4-2) alAtlético Grauen el Estadio Inca Garcilaso de la Vega por la octava fecha del Torneo Clausura de laLiga 1 2026.",12,2,Deportivo Garcilaso enfrentó al Atlético Grau en el Estadio Inca Garcilaso de la Vega por la fecha 8 del Torneo Clausura 2026. | PREVIA,False,3,"Deportivo Garcilaso, Atlético Grau, Liga 1",3,1,Liga 1 2026,Liga 1 2026 | Liga 1 2026 | Tabla Acumulada,616,3552,https://cdn.futbolperuano.com/sdi/2026/09/06/deportivo-garcilaso-vs-atletico-grau-en-vivo-online-por-fecha-8-del-torneo-clausura-de-liga-1-2026-1356069.jpg,1200,Deportivo Garcilaso lidera el Torneo Clausura 2026. Foto: Facebook Liga1 Te Apuesto?,,https://www.futbolperuano.com/liga-1/noticias/deportivo-garcilaso-vs-atletico-grau-en-vivo-online-por-fecha-8-del-torneo-clausura-de-liga-1-2026-599205,Jorge Cruzalegui,liga-1
Liga 3 2026: Resultados y tablas de posiciones de la fecha 14 de la Fase Regional,Liga 3 2026: Resultados y tablas de posiciones de la fecha 14 de la Fase Regional,"Este viernes 4 de septiembre se dará inicio a la fecha 14 de la Fase Regional de la Liga 3 2026, fecha que culminará el domingo 6 de septiembre.","LaLiga 3 2026no conoce de descanso, por lo que este viernes 4 de septiembre se dará inicio a ladecimocuarta jornadade laFase Regionaldel torneo de ascenso, jornada que tendrá el grueso de sus encuentros el domingo 6 de septiembre y que empezará a dar luces con respecto a quienes podrían clasificar a la siguiente etapa.",5,2,"Este viernes 4 de septiembre se dará inicio a la fecha 14 de la Fase Regional de la Liga 3 2026, fecha que culminará el domingo 6 de septiembre. | RESULTADOS Y TABLAS DE LA FECHA 14 DE LA FASE REGIONAL DE LA LIGA 3",True,3,"Liga 3, ASA FC, Unión Santo Domingo",2,1,Liga 3 2026,Liga 3 2026 | Liga 3 2026,258,1477,https://cdn.futbolperuano.com/sdi/2026/09/03/liga-3-2026-resultados-y-tablas-de-posiciones-de-la-fecha-14-de-la-fase-regional-1355682.jpg,1200,Todo ha quedado listo para lo que serán los partidos de la fecha 14 de la Fase Regional de la Liga 3 2026. Foto: Facebook LINFA FPF,,https://www.futbolperuano.com/liga-3/noticias/liga-3-2026-resultados-y-tablas-de-posiciones-de-la-fecha-14-de-la-fase-regional-598876,Gabriel Rey,liga-3
Alianza Lima mantiene puntaje perfecto tras superar a Atlético Andahuaylas y encadena su octavo triunfo consecutivo,Alianza Lima vence a Atlético Andahuaylas y sigue imparable en el primer lugar del Torneo Clausura 2026,"Alianza Lima derrotó a Atlético Andahuaylas y mantiene el puntaje perfecto en el Clausura, donde suma ocho triunfos consecutivos.","Dos tempraneros goles le dieron la victoria aAlianza LimasobreAtlético Andahuaylasy las 'Grones' se mantienen firmes en el primer lugar delTorneo Clausura de laLiga Femeninacon puntaje perfecto. Las de La Victoria solo saben de triunfos en esta segunda mitad de temporada y ya alcanzaron su octava victoria consecutiva, sumando un total de 24 unidades.",4,2,"Alianza Lima derrotó a Atlético Andahuaylas y mantiene el puntaje perfecto en el Clausura, donde suma ocho triunfos consecutivos. | Resultados y tabla de la fecha 8 del Torneo Clausura de la Liga Femenina 2026",True,3,"Alianza Lima, Atlético Andahuaylas, Liga Femenina",2,1,Liga Femenina,Liga Femenina | Liga Femenina 2026,211,1333,https://cdn.futbolperuano.com/sdi/2026/09/06/alianza-lima-vence-a-atletico-andahuaylas-y-sigue-imparable-en-el-primer-lugar-del-torneo-clausura-2026-1356084.jpg,1200,Alianza Lima ya suma ocho triunfos consecutivos y 24 puntos. Foto: Facebook Alianza Lima Femenino,,https://www.futbolperuano.com/futbol-femenino/liga-femenina/alianza-lima-vence-a-atletico-andahuaylas-y-sigue-imparable-en-el-primer-lugar-del-torneo-clausura-2026-599332,Gabriel Rey,futbol-femenino
Fabio Gruber volvió a ser titular con Mainz 05 y tuvo una sólida actuación en la goleada sobre Hamburgo por la segunda fecha de la Bundesliga,Fabio Gruber se consolida en Mainz 05: fue titular en goleada ante Hamburgo y suma minutos clave en la Bundesliga de Alemania,"Fabio Gruber fue titular por segunda vez con Mainz 05, que goleó al Hamburgo como visitante por la segunda jornada de la Bundesliga.","ElMainz 05deFabio Gruberno tuvo mayores inconvenientes para imponerse por5-0en condición de visitante al Hamburgo por la segunda jornada de laBundesliga. El defensor de la Selección Peruana se viene consolidando como una pieza clave en la defensa del Mainz, sumando su segundo duelo como titular.",3,2,"Fabio Gruber fue titular por segunda vez con Mainz 05, que goleó al Hamburgo como visitante por la segunda jornada de la Bundesliga. | Peruanos en el exterior (2026)",True,3,"Fabio Gruber, Peruanos en el Exterior, Mainz",2,1,Fabio Gruber,Fabio Gruber | Fabio Gruber,151,913,https://cdn.futbolperuano.com/sdi/2026/09/06/fabio-gruber-se-consolida-en-mainz-05-fue-titular-en-goleada-ante-hamburgo-y-suma-minutos-clave-en-la-bundesliga-de-alemania-1356070.jpg,1200,Fabio Gruber sumó su segunda titularidad con Mainz 05. Foto: Facebook Mainz 05,,https://www.futbolperuano.com/peruanos-en-el-exterior/noticias/fabio-gruber-se-consolida-en-mainz-05-fue-titular-en-goleada-ante-hamburgo-y-suma-minutos-clave-en-la-bundesliga-de-alemania-599324,Gabriel Rey,peruanos-en-el-exterior
Sporting Cristal golea 5-0 a Los Chankas y se reconcilia con su hinchada,Sporting Cristal vs Los Chankas EN VIVO por el Torneo Clausura,Sporting Cristal recibió este domingo a Los Chankas en un encuentro correspondiente a la octava fecha del Torneo Clausura.,"Sporting Cristaldejó atrás las dos derrotas consecutivas (Alianza Atlético y Sport Boys) en elTorneo Clausuray la cobarde agresión al histórico Julio César Uribe, y este domingo goleó5-0aLos Chankasen un partido que puso paños fríos en La Florida y sirvió para reconciliarse con su hinchada gracias a la jerarquía y la cuota goleadora deYoshimar Yotún.",9,2,Sporting Cristal recibió este domingo a Los Chankas en un encuentro correspondiente a la octava fecha del Torneo Clausura. | PREVIA,False,3,"Sporting Cristal, Los Chankas, Torneo Clausura",4,1,Sporting Cristal,Sporting Cristal | Torneo Clausura | Torneo Clausura | L1 MAX,593,3802,https://cdn.futbolperuano.com/sdi/2026/09/06/sporting-cristal-vs-los-chankas-en-vivo-por-el-torneo-clausura-1356050.jpg,1200,Yoshimar Yotún celebra su tanto. Foto: Facebook Liga1 Te Apuesto,,https://www.futbolperuano.com/liga-1/noticias/sporting-cristal-vs-los-chankas-en-vivo-por-el-torneo-clausura-599119,Stewart Luya,liga-1
Luego de 18 meses: Kluiverth Aguilar vuelve al fútbol con la camiseta de Minnesota United 2 en Estados Unidos,Kluiverth Aguilar vuelve al fútbol 18 meses después y con camiseta de Minnesota United,Kluiverth Aguilar sumó sus primeros minutos con Minnesota United 2 en la MLS Next Pro (Tercera División de Estados Unidos).,"¡De regreso a los campos! Luego de una larga ausencia de aproximadamente 18 meses, el peruanoKluiverth Aguilarpudo volver a disputar un partido de fútbol oficial con la camiseta de su nuevo equipo,Minnesota United 2en laMLS Next Prode los Estados Unidos.",8,1,Kluiverth Aguilar sumó sus primeros minutos con Minnesota United 2 en la MLS Next Pro (Tercera División de Estados Unidos).,False,3,"Kluiverth Aguilar, Minnesota United, Peruanos en el Exterior",2,1,Kluiverth Aguilar,Kluiverth Aguilar | Kluiverth Aguilar,375,2092,https://cdn.futbolperuano.com/sdi/2026/09/06/kluiverth-aguilar-vuelve-al-futbol-18-meses-despues-y-con-camiseta-de-minnesota-united-1356055.jpg,1200,Kluiverth Aguilar volvió a los campos de juego. Foto: Facebook MNUFC 2,,https://www.futbolperuano.com/peruanos-en-el-exterior/noticias/kluiverth-aguilar-vuelve-al-futbol-18-meses-despues-y-con-camiseta-de-minnesota-united-599307,Jorge Cruzalegui,peruanos-en-el-exterior
Liga 2 2026: ¿Cómo se jugarán los partidos de la fecha 18 de la Fase Regional?,Liga 2 2026: ¿Cómo se jugarán los partidos de la fecha 18 de la Fase Regional?,Se dio a conocer la programación oficial de lo que será la decimoctava jornada de la Fase Regional de la Liga 2 2026.,"LaFase Regional de laLiga 2 2026entra en su tramo decisiva. La fecha 18 será la última jornada de esta primera etapa del torneo de ascenso y varios equipos llegan con la necesidad de sumar para asegurar una mejor posición de cara a la siguiente instancia, donde continuarán en carrera por el gran objetivo:llegar a la Liga 1 en la temporada 2027.",6,4,Se dio a conocer la programación oficial de lo que será la decimoctava jornada de la Fase Regional de la Liga 2 2026. | Programación de la fecha 18 de la Fase Regional de la Liga 2 2026 | Grupo 1 | Grupo 2,True,3,"Liga 2, Universidad San Martín, Ayacucho FC",2,1,Liga 2 2026,Liga 2 2026 | Club USMP,249,1456,https://cdn.futbolperuano.com/sdi/2026/09/07/liga-2-2026-como-se-jugaran-los-partidos-de-la-fecha-18-de-la-fase-regional-1356168.jpg,1200,Conoce como se jugará la fecha 18 de la Fase Regional de la Liga 2 2026. Foto: Facebook Liga 2,,https://www.futbolperuano.com/liga-2/noticias/liga-2-2026-como-se-jugaran-los-partidos-de-la-fecha-18-de-la-fase-regional-599426,Joaquín Vásquez,liga-2
Felipe Chávez debutó con Magdeburgo tras dejar Bayern Múnich y tuvo sus primeros minutos en la segunda división de Alemania ante Hertha Berlín,Felipe Chávez debuta con Magdeburgo tras dejar Bayern Múnich y suma sus primeros minutos en la segunda división de Alemania,Felipe Chávez debutó con Magdeburgo tras dejar Bayern Múnich. El peruano ingresó en el segundo tiempo ante Hertha Berlín y dejó buenas impresiones.,"Tras dejar el Bayern de Múnich,Felipe Chávezdebutó con elMagdeburgode la segunda división de Alemania. El equipo del volante nacional cayó por2-1a manos delHerta de Berlínen condición de visitante en un duelo que contó con una expulsión por cada lado.",3,2,Felipe Chávez debutó con Magdeburgo tras dejar Bayern Múnich. El peruano ingresó en el segundo tiempo ante Hertha Berlín y dejó buenas impresiones. | Peruanos en el exterior (2026),True,2,"Felipe Chávez, Peruanos en el Exterior",2,1,Felipe Chávez,Felipe Chávez | Felipe Chávez,165,937,https://cdn.futbolperuano.com/sdi/2026/09/06/felipe-chavez-debuta-con-magdeburgo-tras-dejar-bayern-munich-y-suma-sus-primeros-minutos-en-la-segunda-division-de-alemania-1356059.jpg,1200,Felipe Chávez volvió a tener protagonismo en Alemania. Foto: Facebook 1. FC Magdeburg?,,https://www.futbolperuano.com/peruanos-en-el-exterior/noticias/felipe-chavez-debuta-con-magdeburgo-tras-dejar-bayern-munich-y-suma-sus-primeros-minutos-en-la-segunda-division-de-alemania-599313,Gabriel Rey,peruanos-en-el-exterior
Octavio Espinosa: ¿Qué equipos solicitaron participar en Tradición Copera 2026?,¿Qué equipos solicitaron participar en Tradición Copera 2026?,El histórico Octavio Espinosa de Ica presentó su solicitud para disputar el novedoso torneo Tradición Copera 2026.,El novedoso torneo organizado por la Liga Nacional de Fútbol Aficionado (LINFA) y denominadoTradición Copera 2026se ha convertido en el principal atractivo de los equipos más emblemáticos del país que actualmente se encuentran relegados en categorías inferiores o lejos del primer plano.,8,2,El histórico Octavio Espinosa de Ica presentó su solicitud para disputar el novedoso torneo Tradición Copera 2026. | Solicitud del Octavio Espinosa de Ica,True,3,"Octavio Espinosa, Tradición Copera, Fútbol",2,1,Tradición Copera 2026,Tradición Copera 2026 | Octavio Espinosa,347,2321,https://cdn.futbolperuano.com/sdi/2026/09/06/que-equipos-solicitaron-participar-en-tradicion-copera-2026-1356045.jpg,1200,Tradición Copera 2026. Foto: Facebook Tradición Copera,,https://www.futbolperuano.com/peru/mas-del-futbol-peruano/que-equipos-solicitaron-participar-en-tradicion-copera-2026-599298,Stewart Luya,peru
Deportivo Garcilaso pasó por encima de Universitario en las tres categorías de la Copa Oro y consiguió una impresionante diferencia global de 27 goles,Deportivo Garcilaso aplastó a Universitario y le marcó 27 goles en tres partidos de la Copa Oro de Cusco sin recibir un solo tanto,Deportivo Garcilaso tuvo una jornada perfecta ante Universitario en la Copa Oro y volvió a demostrar su poderío en las categorías formativas.,"El pasado sábado 5 de septiembreUniversitario de Deportesfue aplastado contundentemente porDeportivo Garcilasoen las distintas categorías de laCopa Oro de Cuzco. El ‘Pedacito de Cielo logró anotar un total de27 golesen 3 encuentros, mientas que los ‘Cremas’ no acertaron ningún disparo a portería rival.",5,2,Deportivo Garcilaso tuvo una jornada perfecta ante Universitario en la Copa Oro y volvió a demostrar su poderío en las categorías formativas. | Fixture de Garcilaso en el Torneo Clausura de la Copa Oro 2026 (Sub 13 / Sub 14 / Sub 15),True,3,"Deportivo Garcilaso, Universitario de Deportes, Fútbol de Menores",2,1,Universitario de Deportes,Universitario de Deportes | Deportivo Garcilaso,278,1636,https://cdn.futbolperuano.com/sdi/2026/09/06/deportivo-garcilaso-aplasto-a-universitario-y-le-marco-27-goles-en-tres-partidos-de-la-copa-oro-de-cusco-sin-recibir-un-solo-tanto-1356052.jpg,1200,Deportivo Garcilaso volvió a pasar por encima de Universitario en la Copa Oro. Foto: Facebook Divisiones Menores - Club Deportivo Garcilaso,,https://www.futbolperuano.com/futbol-de-menores/deportivo-garcilaso-aplasto-a-universitario-y-le-marco-27-goles-en-tres-partidos-de-la-copa-oro-de-cusco-sin-recibir-un-solo-tanto-599304,Gabriel Rey,futbol-de-menores
José Gálvez: Alexander Sánchez sale del retiro para disputar Tradición Copera 2026,Alexander Sánchez sale del retiro para disputar Tradición Copera 2026,"Alexander Sánchez, tres veces campeón de la máxima división del fútbol peruano, tendrá acción con José Gálvez en Tradición Copera.","Mientras algunos clubes se preparan para disputar la Etapa Nacional de la Copa Perú, otros comienzan a reforzarse de cara al novedoso torneo organizado por la Liga Nacional de Fútbol Aficionado (LINFA) y denominadoTradición Copera 2026, el cual otorgará un ascenso a la Liga 3 y reunirá a los equipos más emblemáticos del país, como es el caso deJosé Gálvez FBC.",8,2,"Alexander Sánchez, tres veces campeón de la máxima división del fútbol peruano, tendrá acción con José Gálvez en Tradición Copera. | Saldando deudas",False,3,"José Gálvez, Tradición Copera, Fútbol",2,1,José Gálvez FBC,José Gálvez FBC | Tradición Copera 2026,423,2660,https://cdn.futbolperuano.com/sdi/2026/09/06/alexander-sanchez-sale-del-retiro-para-disputar-tradicion-copera-2026-1356043.jpg,1200,Wally Sánchez. Foto: Facebook Club José Gálvez FBC - Página Oficial,,https://www.futbolperuano.com/peru/mas-del-futbol-peruano/alexander-sanchez-sale-del-retiro-para-disputar-tradicion-copera-2026-599296,Stewart Luya,peru
En el top 3: Carlos Garcés sigue haciendo historia en Cienciano y se acerca cada vez más a ser el máximo goleador histórico,Carlos Garcés sigue haciendo historia en Cienciano,Carlos Garcés sigue anotando y se metió al top 3 de goleadores históricos de Cienciano dejando atrás a Sergio ‘Checho’ Ibarra.,"Carlos Garcéscontinúa escribiendo su nombre en la historia deCienciano. El delantero ecuatoriano llegó a los 67 goles con la camiseta del conjunto cusqueño luego de marcar en la goleada por 5-2 sobre FC Cajamarca, resultado que permitió al ‘Papá’ volver a celebrar un triunfo en laLiga 1después de cuatro partidos.",8,1,Carlos Garcés sigue anotando y se metió al top 3 de goleadores históricos de Cienciano dejando atrás a Sergio ‘Checho’ Ibarra.,False,3,"Carlos Garcés, Cienciano, Liga 1 del Fútbol Peruano",2,1,Cienciano,Cienciano | Liga 1,369,2415,https://cdn.futbolperuano.com/sdi/2026/09/06/carlos-garces-sigue-haciendo-historia-en-cienciano-1356020.jpg,1200,Carlos Garcés. Foto: Club Cienciano,,https://www.futbolperuano.com/liga-1/noticias/carlos-garces-sigue-haciendo-historia-en-cienciano-599262,Gabriel Iberico,liga-1
Cusco FC volvió a celebrar en casa tras imponerse 2-0 a Deportivo Moquegua y consiguió una importante victoria para recuperar terreno en la Liga 1,Cusco FC vs. Deportivo Moquegua: EN VIVO por el Torneo Clausura de la Liga 1 2026,Cusco FC volvió a hacerse fuerte en casa y derrotó 2-0 a Deportivo Moquegua con goles de Facundo Callejo y Ricardo Lagos.,"Cusco FCse volvió a hacer fuerte en casa y se quedó con un contundente triunfo anteDeportivo Moqueguapor2-0con goles deFacundo CallejoyRicardo Lagos, quien liquidó las acciones con un soberbio tiro libre y decreta a recuperación del equipo dirigido por Javier Rabanal.",10,2,Cusco FC volvió a hacerse fuerte en casa y derrotó 2-0 a Deportivo Moquegua con goles de Facundo Callejo y Ricardo Lagos. | Programación de la fecha 8 del Torneo Clausura - Liga 1 2026,True,3,"Cusco FC, Deportivo Moquegua, Liga 1 del Fútbol Peruano",3,1,Cusco FC,Cusco FC | Torneo Clausura | Liga 1 2026,503,2951,https://cdn.futbolperuano.com/sdi/2026/09/06/cusco-fc-vs-deportivo-moquegua-en-vivo-por-el-torneo-clausura-de-la-liga-1-2026-1356025.jpg,1200,"Con goles de Facundo Callejo y Ricardo Lagos, Cusco FC derrotó 2-0 a Deportivo Moquegua. Foto: Facebook Cusco FC",,https://www.futbolperuano.com/liga-1/noticias/cusco-fc-vs-deportivo-moquegua-en-vivo-por-el-torneo-clausura-de-la-liga-1-2026-599151,Gabriel Iberico,liga-1
Sport Boys cuestionó las decisiones de Daniel Ureta y el VAR ante Sport Huancayo y exigió la publicación de los audios de las acciones controvertidas,Sport Boys arremete contra el arbitraje tras caer ante Sport Huancayo y exige los audios del VAR de las acciones más polémicas del partido,"Sport Boys cuestionó el arbitraje ante Sport Huancayo, exigió los audios del VAR y anunció reclamos ante la CONAR y la FIFA.","Tras la derrota sufrida a manos deSport Huancayopor lafecha 8delTorneo Clausurade laLiga 1 2026, la dirigencia deSport Boysemitió un contundente comunicado en donde rechazan las decisiones tomadas porDaniel Uretay elVARy piden la publicación de los audios del VAR. De igual forma, revelaron medidas que tomarán al respecto.",9,2,"Sport Boys cuestionó el arbitraje ante Sport Huancayo, exigió los audios del VAR y anunció reclamos ante la CONAR y la FIFA. | Comunicado de Sport Boys tras la derrota ante Sport Huancayo",False,3,"Sport Boys, Sport Huancayo, Liga 1 del Fútbol Peruano",2,1,Liga 1 2026,Liga 1 2026 | Sport Boys,415,2883,https://cdn.futbolperuano.com/sdi/2026/09/06/sport-boys-arremete-contra-el-arbitraje-tras-caer-ante-sport-huancayo-y-exige-los-audios-del-var-de-las-acciones-mas-polemicas-del-partido-1356026.jpg,1200,Sport Boys no se quedó callado tras caer ante Sport Huancayo. Foto: Facebook Liga 1,,https://www.futbolperuano.com/liga-1/noticias/sport-boys-arremete-contra-el-arbitraje-tras-caer-ante-sport-huancayo-y-exige-los-audios-del-var-de-las-acciones-mas-polemicas-del-partido-599267,Gabriel Rey,liga-1
Cienciano vs Montevideo City: Así llega el rival por los cuartos de final de la Copa Sudamericana 2026,Cienciano vs Montevideo City Torque: así llega el rival por los cuartos de la Copa Sudamericana,Cienciano enfrentará este jueves 10 de septiembre a Montevideo City Torque por los cuartos de final de la Copa Sudamericana.,"Ciencianoya tiene la mirada puesta en uno de los partidos más importantes de su temporada. El conjunto cusqueño se prepara para recibir aMontevideo City Torquepor la ida de los cuartos de final de laCopa Sudamericana 2026, en una serie que podría marcar un nuevo capítulo en su campaña internacional.",12,3,Cienciano enfrentará este jueves 10 de septiembre a Montevideo City Torque por los cuartos de final de la Copa Sudamericana. | Un rival que llega con puntaje perfecto | ¿Cuándo juegan Cienciano vs. Montevideo City Torque?,False,3,"Cienciano, Montevideo City, Copa Sudamericana",2,1,Cienciano,Cienciano | Copa Sudamericana 2026,362,2216,https://cdn.futbolperuano.com/sdi/2026/09/05/cienciano-vs-montevideo-city-torque-asi-llega-el-rival-por-los-cuartos-de-la-copa-sudamericana-1356002.jpg,1200,El buen momento de Montevideo City Torque que alerta a Cienciano. Foto: Twitter Montevideo City Torque,,https://www.futbolperuano.com/copa-sudamericana/noticias/cienciano-vs-montevideo-city-torque-asi-llega-el-rival-por-los-cuartos-de-la-copa-sudamericana-599245,Joaquín Vásquez,copa-sudamericana
Santos FC volvió al triunfo y sueña con la clasificación a la siguiente ronda en la Liga 2,Santos FC vs. Estudiantil CNI: EN VIVO por la Liga 2,Santos FC goleó por 4-1 a Estudiantil CNI en el marco de la jornada 17 por el Grupo 2 de la Fase Regional de la Liga 2026.,"Santos FCvolvió a sonreír en laLiga 2 2026. Por la jornada 17 de la Fase Regional, el conjunto de Nazca se impuso por 4-1 anteEstudiantil CNIen el Estadio Municipal de Nazca y consiguió tres puntos importantes para llegar con vida a la última fecha de esta etapa del torneo.",17,1,Santos FC goleó por 4-1 a Estudiantil CNI en el marco de la jornada 17 por el Grupo 2 de la Fase Regional de la Liga 2026.,False,3,"Santos FC, Estudiantil CNI, Liga 2",3,1,Liga 2 2026,Liga 2 2026 | Liga 2 2026 | Grupo 2,759,4579,https://cdn.futbolperuano.com/sdi/2026/09/05/santos-fc-vs-estudiantil-cni-en-vivo-por-la-liga-2-1356008.jpg,1200,Santos FC 4-1 Estudiantil CNI. Foto: Liga2Caliente.pe,,https://www.futbolperuano.com/liga-2/noticias/santos-fc-vs-estudiantil-cni-en-vivo-por-la-liga-2-599150,Gabriel Iberico,liga-2
Viaja a Chongoyape y estará en el clásico: Alianza Lima recupera a figura clave para enfrentar a Juan Pablo II,Alianza Lima recupera a figura clave para enfrentar a Juan Pablo II,Alianza Lima recibe una excelente noticia a puertas del duelo ante Juan Pablo II en Chonyoyape y el clásico frente a Universitario.,"Alianza Limase prepara para afrontar un partido importante ante Juan Pablo II por elTorneo Clausura 2026y recibió una noticia alentadora en medio de las bajas que ha tenido en las últimas jornadas. El cuadro blanquiazul contará nuevamente conMarco Huamán, quien superó sus problemas físicos y volverá a estar disponible para el comando técnico.",9,1,Alianza Lima recibe una excelente noticia a puertas del duelo ante Juan Pablo II en Chonyoyape y el clásico frente a Universitario.,False,3,"Alianza Lima, Marco Huamán, Liga 1 del Fútbol Peruano",2,1,Alianza Lima,Alianza Lima | Torneo Clausura 2026,401,2546,https://cdn.futbolperuano.com/sdi/2026/09/05/alianza-lima-recupera-a-figura-clave-para-enfrentar-a-juan-pablo-ii-1356016.jpg,1200,Marco Huamán. Foto: Liga1 Te Apuesto,,https://www.futbolperuano.com/liga-1/noticias/alianza-lima-recupera-a-figura-clave-para-enfrentar-a-juan-pablo-ii-599258,Gabriel Iberico,liga-1
Javier Sanguinetti se pronunció tras la polémica celebración que terminó con su expulsión en el triunfo de Sport Huancayo sobre Sport Boys,Javier Sanguinetti pidió disculpas a Sport Boys tras su polémica celebración en el triunfo de Sport Huancayo por el Torneo Clausura de la Liga 1,Javier Sanguinetti pidió disculpas a Sport Boys tras su polémica celebración y aseguró que nunca buscó provocar a los hinchas de la ‘Misilera’.,"Este sábado 5 de septiembre,Sport Huancayologró imponerse anteSport BoyscondobletedeJavier Sanguinetti, quien desencadenaría una gran polémica tras su segunda anotación, lo que ha ocasionado que el delantero del ‘Rojo Matador’ se pronuncie en sus redes sociales y pida disculpas públicas a Sport Boys.",16,3,Javier Sanguinetti pidió disculpas a Sport Boys tras su polémica celebración y aseguró que nunca buscó provocar a los hinchas de la ‘Misilera’. | Mensaje de Javier Sanguinetti | Comunicado de Sport Boys tras la derrota ante Sport Huancayo,False,3,"Sport Huancayo, Sport Boys, Liga 1 del Fútbol Peruano",2,1,Sport Huancayo,Sport Huancayo | Sport Boys,656,4339,https://cdn.futbolperuano.com/sdi/2026/09/06/javier-sanguinetti-pidio-disculpas-a-sport-boys-tras-su-polemica-celebracion-en-el-triunfo-de-sport-huancayo-por-el-torneo-clausura-de-la-liga-1-1356032.jpg,1200,Javier Sanguinetti se disculpó con Sport Boys tras su polémica celebración. Foto: Facebook Liga 1,,https://www.futbolperuano.com/liga-1/noticias/javier-sanguinetti-pidio-disculpas-a-sport-boys-tras-su-polemica-celebracion-en-el-triunfo-de-sport-huancayo-por-el-torneo-clausura-de-la-liga-1-599283,Gabriel Rey,liga-1
Universitario aplasta a Yanapuma y se aferra a la pelea por el Torneo Clausura de la Liga Femenina,Universitario aplasta a Yanapuma y se aferra a la pelea por el Torneo Clausura,Universitario goleó por 9-3 en su visita a Yanapuma y vuelve a meterse en la pelea por el Torneo Clausura de la Liga Femenina 2026.,"Universitario de Deportesdejó atrás la derrota sufrida en el clásico y protagonizó una contundente goleada por 9-3 anteYanapuma, en condición de visitante, por la octava jornada delTorneo Clausurade laLiga Femenina 2026. El encuentro se disputó en el Estadio Carlos Vidaurre García.",9,1,Universitario goleó por 9-3 en su visita a Yanapuma y vuelve a meterse en la pelea por el Torneo Clausura de la Liga Femenina 2026.,False,4,"Universitario de Deportes, Yanapuma, Liga Femenina, Fútbol Femenino",2,1,Universitario de Deportes,Universitario de Deportes | Liga Femenina 2026,363,2340,https://cdn.futbolperuano.com/sdi/2026/09/05/universitario-aplasta-a-yanapuma-y-se-aferra-a-la-pelea-por-el-torneo-clausura-1356017.jpg,1200,Universitario goleó por 9-3 a Yanapuma. Foto: Fútbol Femenino - Club Universitario de Deportes,,https://www.futbolperuano.com/futbol-femenino/liga-femenina/universitario-aplasta-a-yanapuma-y-se-aferra-a-la-pelea-por-el-torneo-clausura-599261,Gabriel Iberico,futbol-femenino
Liga 1 2026: Sport Huancayo ganó a Sport Boys con agónico penal de Javier Sanguinetti,Sport Huancayo vs Sport Boys en vivo online por la fecha 8 del Torneo Clausura de la Liga 1 2026,Sport Huancayo venció 2-1 a Sport Boys en un partido intenso por el Torneo Clausura. Javier Sanguinetti fue clave en el triunfo.,"Sport Huancayoconsiguió una importante victoria por2-1 sobre Sport Boysen un partido muy intenso disputado en el estadio IPD de Huancayo, correspondiente a laoctava jornada del Torneo Clausura.",17,2,Sport Huancayo venció 2-1 a Sport Boys en un partido intenso por el Torneo Clausura. Javier Sanguinetti fue clave en el triunfo. | Historial entre Sport Huancayo y Sport Boys,False,3,"Sport Huancayo, Sport Boys, Liga 1",3,1,Sport Huancayo,Sport Huancayo | Sport Huancayo | Sport Boys,677,4200,https://cdn.futbolperuano.com/sdi/2026/09/05/sport-huancayo-vs-sport-boys-en-vivo-online-por-la-fecha-8-del-torneo-clausura-de-la-liga-1-2026-1356009.jpg,1200,Sport Huancayo. Foto: Twitter Liga 1,,https://www.futbolperuano.com/liga-1/noticias/sport-huancayo-vs-sport-boys-en-vivo-online-por-la-fecha-8-del-torneo-clausura-de-la-liga-1-2026-598997,Joaquín Vásquez,liga-1
Francesco Andrealli continúa su camino en Italia con una nueva aparición en Como 1907,Francesco Andrealli participó en la victoria de Como 1907 Primavera ante Torino,El italoperuano Francesco Andrealli volvió a sumar minutos con Como 1907 Primavera y celebró una victoria en Italia.,"Francesco Andreallivolvió a tener participación con las divisiones juveniles deComo 1907. El mediocampista italoperuano ingresó en el segundo tiempo en la victoria por 4-2 sobreTorino FC, correspondiente a la tercera fecha delCampionato Nazionali Primavera I 2026/27.",6,3,El italoperuano Francesco Andrealli volvió a sumar minutos con Como 1907 Primavera y celebró una victoria en Italia. | ¿Hasta cuándo tiene contrato Francesco Andrealli? | Peruanos en el exterior (2026),True,3,"Francesco Andrealli, Como 1907, Peruanos en el Exterior",2,1,Francesco Andrealli,Francesco Andrealli | Como 1907,203,1350,https://cdn.futbolperuano.com/sdi/2026/09/05/francesco-andrealli-participo-en-la-victoria-de-como-1907-primavera-ante-torino-1355999.jpg,1200,Francesco Andrealli. Foto: Twitter Como 1907,,https://www.futbolperuano.com/peruanos-en-el-exterior/noticias/francesco-andrealli-participo-en-la-victoria-de-como-1907-primavera-ante-torino-599243,Joaquín Vásquez,peruanos-en-el-exterior
¡Remontada épica! Juan Pablo Varillas levantó un 5-1 y clasificó a la final del Challenger de Como,Juan Pablo Varillas levantó un 5-1 y clasificó a la final del Challenger de Como,Juan Pablo Varillas se levantó y logró superar por 2-1 al británico Jay Clarke para sellar su pase a la final del Challenger de Como.,Juan Pablo Varillasprotagonizó una de las victorias más emocionantes de su temporada y consiguió su clasificación a la final delChallenger de Como 2026. El tenista peruano derrotó por 2-1 al británico Jay Clarke en una intensa semifinal que se extendió por más de tres horas y que tuvo una espectacular remontada.,11,1,Juan Pablo Varillas se levantó y logró superar por 2-1 al británico Jay Clarke para sellar su pase a la final del Challenger de Como.,False,3,"Juan Pablo Varillas, Tenis, Perú",2,1,Juan Pablo Varillas,Juan Pablo Varillas | Juan Pablo Varillas,443,2746,https://cdn.futbolperuano.com/sdi/2026/09/05/juan-pablo-varillas-levanto-un-5-1-y-clasifico-a-la-final-del-challenger-de-como-1355994.jpg,1200,Juan Pablo Varillas. Foto: ATP Challenger,,https://www.futbolperuano.com/mas-deportes/tenis/juan-pablo-varillas-levanto-un-5-1-y-clasifico-a-la-final-del-challenger-de-como-599239,Gabriel Iberico,mas-deportes
"Diego Rebagliati despotricó contra dirigentes de Sporting Cristal tras el duro presente que atraviesa el club: ""Ustedes no...""",Diego Rebagliati apunta contra dirigentes de Sporting Cristal tras el duro presente del club,Diego Rebagliati envió una dura crítica hacia los dirigentes del cuadro celeste tras el complicado momento que atraviesa en la Liga 1.,"Sporting Cristalatraviesa un momento complicado en elTorneo Clausura 2026y la reciente derrota ante Sport Boys incrementó las dudas alrededor del presente del conjunto rimense. El resultado significó un nuevo golpe para los celestes, que dejaron escapar puntos importantes y se alejaron de los primeros lugares de la tabla.",9,1,Diego Rebagliati envió una dura crítica hacia los dirigentes del cuadro celeste tras el complicado momento que atraviesa en la Liga 1.,False,3,"Diego Rebagliati, Sporting Cristal, Liga 1 del Fútbol Peruano",2,1,Sporting Cristal,Sporting Cristal | Torneo Clausura 2026,393,2580,https://cdn.futbolperuano.com/sdi/2026/09/05/diego-rebagliati-apunta-contra-dirigentes-de-sporting-cristal-tras-el-duro-presente-del-club-1355998.jpg,1200,Diego Rebagliati apunta contra la directiva de Sporting Cristal. Foto: Captura,,https://www.futbolperuano.com/liga-1/noticias/diego-rebagliati-apunta-contra-dirigentes-de-sporting-cristal-tras-el-duro-presente-del-club-599242,Gabriel Iberico,liga-1
¿Habrá ‘ley del ex’? Felipe Chávez se enfrentará al Bayern Múnich por la segunda ronda de la Copa de Alemania,Felipe Chávez se enfrentará al Bayern Múnich por la segunda ronda de la Copa de Alemania,"La historia de Felipe Chávez con Bayern Múnich tendrá un inesperado nuevo episodio, pero esta vez en la Copa Alemana.","Felipe Cháveztendrá una motivación especial en laCopa de Alemania, pues el sorteo deparó que su actual equipo,FC Magdeburgo, se enfrente nada menos que alBayern Múnich, club dueño de su pase. El esperado encuentro se disputará el martes 27 de octubre en el Allianz Arena, por la segunda ronda del certamen.",7,1,"La historia de Felipe Chávez con Bayern Múnich tendrá un inesperado nuevo episodio, pero esta vez en la Copa Alemana.",False,3,"Felipe Chávez, Bayern Múnich, Peruanos en el Exterior",2,1,Felipe Chávez,Felipe Chávez | Felipe Chávez,341,2173,https://cdn.futbolperuano.com/sdi/2026/09/06/felipe-chavez-se-enfrentara-al-bayern-munich-por-la-segunda-ronda-de-la-copa-de-alemania-1356022.jpg,1200,Felipe Chávez. Foto: 1. FC Magdeburg / FC Bayern Múnich,,https://www.futbolperuano.com/peruanos-en-el-exterior/noticias/felipe-chavez-se-enfrentara-al-bayern-munich-por-la-segunda-ronda-de-la-copa-de-alemania-599264,Gabriel Iberico,peruanos-en-el-exterior
Juan Pablo II vs. Alianza Lima: Posibles alineaciones para el duelo por la fecha 8 del Torneo Clausura de la Liga 1,Juan Pablo II vs. Alianza Lima: Posibles alineaciones para el duelo por la fecha 8 del Torneo Clausura de la Liga 1,Juan Pablo II y Alianza Lima alistan sus mejores hombres para el duelo por la fecha 8 del Torneo Clausura de la Liga 1 2026.,"Juan Pablo IIrecibe este domingo 6 de septiembre aAlianza Limaen el Complejo Deportivo Juan Pablo II de Chongoyape desde las15:00 hora peruana(20:00 GMT) por la fecha 8 delTorneo Clausurade laLiga 1 2026.Ambas escuadras se encuentran en la obligación de sumar los 3 puntos, por lo que Jorge Araujo y Pablo Guede buscarán alinear a sus mejores hombres.",3,3,Juan Pablo II y Alianza Lima alistan sus mejores hombres para el duelo por la fecha 8 del Torneo Clausura de la Liga 1 2026. | Posibles alineaciones del Juan Pablo II vs. Alianza Lima | Programación de la fecha 8 del Torneo Clausura - Liga 1 2026,True,3,"Juan Pablo II, Alianza Lima, Liga 1 del Fútbol Peruano",2,1,Liga 1 2026.,Liga 1 2026. | Paolo Guerrero,194,1227,https://cdn.futbolperuano.com/sdi/2026/09/05/juan-pablo-ii-vs-alianza-lima-posibles-alineaciones-para-el-duelo-por-la-fecha-8-del-torneo-clausura-de-la-liga-1-1356004.jpg,1200,Juan Pablo II y Alianza Lima van definiendo sus alineaciones para el duelo por la fecha 8. Foto: Facebook Liga 1,,https://www.futbolperuano.com/liga-1/noticias/juan-pablo-ii-vs-alianza-lima-posibles-alineaciones-para-el-duelo-por-la-fecha-8-del-torneo-clausura-de-la-liga-1-599247,Gabriel Rey,liga-1
Copa Perú: Fabrizio Roca continuará su carrera futbolística en La Libertad,Fabrizio Roca continuará su carrera futbolística en la Copa Perú,"El equipo de Fabrizio Roca enfrentará a Sport Áncash FC, Combe FC y Deportivo El Inca en la Etapa Nacional de la Copa Perú.","Fabrizio Roca, quien llegó a ser considerado una de las grandes promesas del fútbol peruano e incluso fue convocado por Juan Reynoso para enfrentar a Chile y Argentina por las Eliminatorias Sudamericanas, continuará su carrera futbolística en el campeón deLa Libertad.",5,2,"El equipo de Fabrizio Roca enfrentará a Sport Áncash FC, Combe FC y Deportivo El Inca en la Etapa Nacional de la Copa Perú. | Fecha 1 de la Etapa Nacional de la Copa Perú",True,3,"Fabrizio Roca, Copa Perú, La Libertad",2,1,Fabrizio Roca,Fabrizio Roca | Copa Perú,227,1447,https://cdn.futbolperuano.com/sdi/2026/09/06/fabrizio-roca-continuara-su-carrera-futbolistica-en-la-copa-peru-1356042.jpg,1200,Fabrizio Roca. Foto: Twitter @SeleccionPeru,,https://www.futbolperuano.com/copa-peru/noticias/fabrizio-roca-continuara-su-carrera-futbolistica-en-la-copa-peru-599295,Stewart Luya,copa-peru
ADA de Jaén sorprendió a César Vallejo y se metió de lleno en la pelea del Grupo 1 en la Liga 2,César Vallejo vs. ADA de Jaén en vivo por la Fase Regional de la Liga 2,ADA de Jaén venció 1-0 a César Vallejo con un golazo de tijera de Acevedo y lo superó en la tabla del Grupo 1 de la Liga 2 2026.,ADA de Jaénconsiguió una victoria clave frente a laUniversidad César Vallejoen condición de visitante y sumó tres puntos fundamentales cuando solo resta una jornada para finalizar la Fase Regional de laLiga 2 2026.,14,2,ADA de Jaén venció 1-0 a César Vallejo con un golazo de tijera de Acevedo y lo superó en la tabla del Grupo 1 de la Liga 2 2026. | Un antecedente que terminó en empate,True,3,"Liga 2, Universidad César Vallejo, ADA de Jaén",3,1,Liga 2 2026,Liga 2 2026 | Liga 2 2026 | ADA de Jaén,493,3010,https://cdn.futbolperuano.com/sdi/2026/09/05/cesar-vallejo-vs-ada-de-jaen-en-vivo-por-la-fase-regional-de-la-liga-2-1355992.jpg,1200,ADA Jaén venció a la UCV por la Liga 2. Foto: Facebook Liga 2,,https://www.futbolperuano.com/liga-2/noticias/cesar-vallejo-vs-ada-de-jaen-en-vivo-por-la-fase-regional-de-la-liga-2-599206,Joaquín Vásquez,liga-2
"Universitario luchó hasta el final por la victoria, pero Comerciantes Unidos resistió y consiguió un 2-2 que deja abierta la pelea por el primer lugar",Universitario vs. Comerciantes Unidos: EN VIVO por el Torneo Clausura 2026,"Universitario luchó hasta el final, pero solo pudo empatar 2-2 en casa ante Comerciantes Unidos y ahora tiene en peligro el primer lugar del torneo.","Universitario de Deportesrescató un punto en casa tras igualar 2-2 frente aComerciantes Unidospor lafecha 8delTorneo Clausurade laLiga 1, en un partido donde estuvo en dos oportunidades abajo en el marcador. Los dirigidos por Héctor Cúper intentaron hasta el final del partido quedarse con el triunfo y llegar líderes del Clausura al clásico, pero han puesto en peligro el primer lugar del torneo.",10,2,"Universitario luchó hasta el final, pero solo pudo empatar 2-2 en casa ante Comerciantes Unidos y ahora tiene en peligro el primer lugar del torneo. | Programación de la fecha 8 del Torneo Clausura - Liga 1 2026",True,3,"Universitario de Deportes, Comerciantes Unidos, Liga 1 del Fútbol Peruano",3,1,Liga 1,Liga 1 | Torneo Clausura | Liga 1 2026,549,3317,https://cdn.futbolperuano.com/sdi/2026/09/06/universitario-vs-comerciantes-unidos-en-vivo-por-el-torneo-clausura-2026-1356030.jpg,1200,Universitario de Deportes rescató un punto ante Comerciantes Unidos. Foto: Facebook Liga 1,,https://www.futbolperuano.com/liga-1/noticias/universitario-vs-comerciantes-unidos-en-vivo-por-el-torneo-clausura-2026-599152,Gabriel Iberico,liga-1
Para tomar el liderado del Clausura: el once de Universitario para enfrentar a Comerciantes Unidos en el Monumental,El once de Universitario para enfrentar a Comerciantes Unidos en el Monumental,Universitario va con todas sus armas para medirse ante Comerciantes Unidos en el Monumental por la jornada 8 del Torneo Clausura 2026.,Universitario de Deportesafrontará este sábado 5 de septiembre un partido clave anteComerciantes Unidospor la octava jornada delTorneo Clausura 2026.El encuentro se disputará en el Estadio Monumental y representa una gran oportunidad para que los cremas continúen con su buena racha y se mantengan en la pelea por el primer lugar.,9,1,Universitario va con todas sus armas para medirse ante Comerciantes Unidos en el Monumental por la jornada 8 del Torneo Clausura 2026.,False,3,"Universitario de Deportes, Comerciantes Unidos, Liga 1 del Fútbol Peruano",2,1,Universitario de Deportes,Universitario de Deportes | Torneo Clausura 2026,370,2477,https://cdn.futbolperuano.com/sdi/2026/09/05/el-once-de-universitario-para-enfrentar-a-comerciantes-unidos-en-el-monumental-1355985.jpg,1200,El once de Universitario para enfrentar a Comerciantes Unidos. Foto: Club Universitario de Deportes,,https://www.futbolperuano.com/liga-1/noticias/el-once-de-universitario-para-enfrentar-a-comerciantes-unidos-en-el-monumental-599229,Gabriel Iberico,liga-1
Vuelve a celebrar: Jesús Pretell se luce en la victoria de LDU de Quito en la Liga Pro de Ecuador,Jesús Pretell se luce en la victoria de LDU de Quito en la Liga Pro de Ecuador,"LDU de Quito, con Jesús Pretell como titular, se impuso al Técnico U. por la fecha 29 de la Liga Pro de Ecuador.","¡Regresó al triunfo! Con elperuano Jesús Pretellcomo una de las figuras del encuentro,LDU de Quitose impuso en condición de visitante (1-3) a Técnico U. en el Estadio Bellavista de Ambato por la fecha 29 de laLiga Pro de Ecuador.",10,1,"LDU de Quito, con Jesús Pretell como titular, se impuso al Técnico U. por la fecha 29 de la Liga Pro de Ecuador.",False,3,"Jesús Pretell, LDU de Quito, Liga Pro",2,1,peruano Jesús Pretell,peruano Jesús Pretell | Selección Peruana,428,2561,https://cdn.futbolperuano.com/sdi/2026/09/05/jesus-pretell-se-luce-en-la-victoria-de-ldu-de-quito-en-la-liga-pro-de-ecuador-1355958.jpg,1200,Jesús Pretell frente a Técnico U. en Ecuador. Foto: Facebook Liga Deportiva Universitaria,,https://www.futbolperuano.com/peruanos-en-el-exterior/noticias/jesus-pretell-se-luce-en-la-victoria-de-ldu-de-quito-en-la-liga-pro-de-ecuador-599197,Jorge Cruzalegui,peruanos-en-el-exterior
"Mala racha: Oliver Sonne sigue sumando miutos, pero Burnley no conoce de victorias en la Championship",Oliver Sonne suma miutos con Burnley que no conoce de victorias en Championship,"Burnley, que contó con el peruano Oliver Sonne, se complicó frente a Bristol City en la quinta fecha de la Championship 2026-27.","¡Continúa la mala racha! Con la presencia delperuano Oliver Sonnetodo el partido,Burnleyvolvió a ceder una nueva derrota en esta quinta jornada de laChampionship. El equipo del 'Vikingo' no sabe de victorias en lo que va de la temporada.",5,2,"Burnley, que contó con el peruano Oliver Sonne, se complicó frente a Bristol City en la quinta fecha de la Championship 2026-27. | Peruanos en el exterior (2026)",True,3,"Oliver Sonne, Burnley, Championship",2,1,peruano Oliver Sonne,peruano Oliver Sonne | Championship,241,1404,https://cdn.futbolperuano.com/sdi/2026/09/05/oliver-sonne-suma-miutos-con-burnley-que-no-conoce-de-victorias-en-championship-1355983.jpg,1200,Oliver Sonne en un partido de Championship. Foto: Facebook Burnley Football Club,,https://www.futbolperuano.com/peruanos-en-el-exterior/noticias/oliver-sonne-suma-miutos-con-burnley-que-no-conoce-de-victorias-en-championship-599226,Jorge Cruzalegui,peruanos-en-el-exterior
Ex Alianza Lima ya tiene nuevo equipo y jugará la Etapa Nacional de la Copa Perú 2026,Carlos Ascues jugará la Etapa Nacional de la Copa Perú con FC Sport River,"Un jugador ex Alianza Lima reforzará a FC Sport River en la Etapa Nacional de la Copa Perú 2026, luego de su paso por Juventud Bellavista","A poco del inicio de laEtapa Nacional de la Copa Perú 2026, los equipos clasificados comienzan a mover sus piezas para afrontar el camino hacia el fútbol profesional. En ese contexto,Sport River, representante de La Libertad, anunció un importante refuerzo con pasado en la Liga 1:Carlos Ascues.",9,1,"Un jugador ex Alianza Lima reforzará a FC Sport River en la Etapa Nacional de la Copa Perú 2026, luego de su paso por Juventud Bellavista",True,3,"Copa Perú, Carlos Ascues, Sport River",2,1,Etapa Nacional de la Copa Perú 2026,Etapa Nacional de la Copa Perú 2026 | Carlos Ascues,325,1989,https://cdn.futbolperuano.com/sdi/2026/09/05/carlos-ascues-jugara-la-etapa-nacional-de-la-copa-peru-con-fc-sport-river-1355982.jpg,1200,Ex Alianza Lima tiene nuevo destino tras su paso por Juventud Bellavista. Foto: Twitter Sport River,,https://www.futbolperuano.com/copa-peru/noticias/carlos-ascues-jugara-la-etapa-nacional-de-la-copa-peru-con-fc-sport-river-599224,Joaquín Vásquez,copa-peru
Sebastián Osorio sigue sin debutar en Portugal: ¿qué pasó con el exjugador de Universitario?,La razón por la cual Sebastián Osorio no hace su debut con el Sporting de Lisboa,"Sebastián Osorio fue anunciado el pasado julio en Sporting CP, pero todavía no ha podido estrenarse oficialmente con el club portugués.","Sebastián Osoriofue anunciado oficialmente como nuevo jugador delSporting CPel pasado 15 de julio. El exfutbolista deUniversitario de Deportesllegó al club portugués para incorporarse a su estructura formativa durante la temporada 2026/27, con la expectativa de comenzar a sumar minutos y demostrar sus condiciones en Europa.",9,1,"Sebastián Osorio fue anunciado el pasado julio en Sporting CP, pero todavía no ha podido estrenarse oficialmente con el club portugués.",True,3,"Sebastián Osorio, Sporting Lisboa, Peruanos en el Exterior",2,1,Sebastián Osorio,Sebastián Osorio | Sporting CP,385,2528,https://cdn.futbolperuano.com/sdi/2026/09/05/la-razon-por-la-cual-sebastian-osorio-no-hace-su-debut-con-el-sporting-de-lisboa-1355974.jpg,1200,Sebastián Osorio. Foto: Twitter Difusión,,https://www.futbolperuano.com/peruanos-en-el-exterior/noticias/la-razon-por-la-cual-sebastian-osorio-no-hace-su-debut-con-el-sporting-de-lisboa-599215,Joaquín Vásquez,peruanos-en-el-exterior
Continúa celebrando: Sporting Cristal se mantiene por la senda del triunfo en la Liga Femenina 2026,Sporting Cristal se impone a Club UNSAAC y se mantiene en la victoria en Liga Femenina 2026,Sporting Cristal se hizo fuerte ante Club UNSAAC en la octava fecha del Torneo Clausura de la Liga Femenina 2026.,"¡Siguen las celebraciones! Tal y como lo hizo en la jornada anterior,Sporting Cristalvolvió a golear en laLiga Femeninay esta vez fue por un contundente 3-0 sobreClub UNSAACen el estadio de La Florida por la octava fecha del Torneo Clausura 2026.",8,1,Sporting Cristal se hizo fuerte ante Club UNSAAC en la octava fecha del Torneo Clausura de la Liga Femenina 2026.,False,3,"Sporting Cristal, UNSAAC, Liga Femenina",2,1,Liga Femenina,Liga Femenina | Liga Femenina,408,2276,https://cdn.futbolperuano.com/sdi/2026/09/05/sporting-cristal-se-impone-a-club-unsaac-y-se-mantiene-en-la-victoria-en-liga-femenina-2026-1355973.jpg,1200,Sporting Cristal sigue celebrando en la Liga Femenina. Foto: Facebook Liga Femenina Apuesta Total?,,https://www.futbolperuano.com/futbol-femenino/liga-femenina/sporting-cristal-se-impone-a-club-unsaac-y-se-mantiene-en-la-victoria-en-liga-femenina-2026-599213,Jorge Cruzalegui,futbol-femenino
Alianza Atlético hunde a UTC y se mete en la pelea por el Torneo Clausura 2026,Alianza Atlético vs. UTC: EN VIVO por el Torneo Clausura 2026,"Sobre el final, Alianza Atlético venció por 3-2 a UTC de Cajamarca en el Estadio Campeones del 36 por la fecha 8 del Torneo Clausura de la Liga 1 2026.","Alianza Atléticoconsiguió una victoria de infarto al imponerse 3-2 sobreUTCpor la octava jornada delTorneo Clausura. El conjunto sullanense parecía tener el partido controlado tras sacar una ventaja de dos goles, pero el ‘Gavilán del Norte’ reaccionó y consiguió igualar el marcador antes de que los locales encontraran el tanto definitivo.",14,2,"Sobre el final, Alianza Atlético venció por 3-2 a UTC de Cajamarca en el Estadio Campeones del 36 por la fecha 8 del Torneo Clausura de la Liga 1 2026. | Programación de la fecha 8 del Torneo Clausura - Liga 1 2026",True,3,"Alianza Atlético, UTC, Liga 1 del Fútbol Peruano",3,1,Torneo Clausura,Torneo Clausura | Torneo Clausura | Liga 1 2026,638,3937,https://cdn.futbolperuano.com/sdi/2026/09/04/alianza-atletico-vs-utc-en-vivo-por-el-torneo-clausura-2026-1355903.jpg,1200,Alianza Atlético 3-2 UTC. Foto: Liga1 Te Apuesto,,https://www.futbolperuano.com/liga-1/noticias/alianza-atletico-vs-utc-en-vivo-por-el-torneo-clausura-2026-598755,Gabriel Iberico,liga-1
¡A la final! Sebastián Aranda y Auda clasificaron tras superar por penales en la Copa de Letonia,Sebastián Aranda y Auda eliminaron a Daugavpils en la Copa de Letonia y avanzaron la final,Sebastián Aranda fue titular y Auda clasificó a la final de la Copa de Letonia tras empatar 2-2 y vencer 3-0 en penales a Daugavpils.,"Sebastián ArandayAudaestán en la gran final de laCopa de Letonia 2026.El conjunto del defensor peruano empató 2-2 ante BFC Daugavpils en las semifinales y terminó imponiéndose 3-0 en la tanda de penales, consiguiendo así su clasificación a la definición del torneo.",5,2,Sebastián Aranda fue titular y Auda clasificó a la final de la Copa de Letonia tras empatar 2-2 y vencer 3-0 en penales a Daugavpils. | Peruanos en el exterior (2026),True,3,"Sebastián Aranda, Peruanos en el Exterior, Letonia",2,1,Sebastián Aranda,Sebastián Aranda | Auda,186,1141,https://cdn.futbolperuano.com/sdi/2026/09/03/sebastian-aranda-y-auda-eliminaron-a-daugavpils-en-la-copa-de-letonia-y-avanzaron-la-final-1355645.jpg,1200,Sebastián Aranda fue titular. Foto: Twitter FK Auda,,https://www.futbolperuano.com/peruanos-en-el-exterior/noticias/sebastian-aranda-y-auda-eliminaron-a-daugavpils-en-la-copa-de-letonia-y-avanzaron-la-final-598837,Joaquín Vásquez,peruanos-en-el-exterior
¿Para preocuparse? Centro Social Pariacoto tomó drástica decisión de cara a su participación en la Liga 3,Centro Social Pariacoto anuncia fin de alianza con José Gálvez en Liga 3 2026,Centro Social Pariacoto sigue luchando por quedar entre los cuatro mejores de su grupo y avanzar de ronda en la Liga 3 2026.,"¿La mejor decisión? La escuadra deCentro Social Pariacotosupo ir de menor a mayor en la presente temporada de laLiga 3 2026; sin embargo, la directiva tomó una reciente medida que podría afectar el futuro del club hasta el término del campeonato.",9,1,Centro Social Pariacoto sigue luchando por quedar entre los cuatro mejores de su grupo y avanzar de ronda en la Liga 3 2026.,False,3,"Centro Social de Pariacoto, Liga 3, José Gálvez",2,1,Liga 3 2026,Liga 3 2026 | Liga 3,374,2278,https://cdn.futbolperuano.com/sdi/2026/09/05/centro-social-pariacoto-anuncia-fin-de-alianza-con-jose-galvez-en-liga-3-2026-1355954.jpg,1200,Social Pariacoto y un importante comunicado. Foto: Facebook C.D Centro Social de Pariacoto,,https://www.futbolperuano.com/liga-3/noticias/centro-social-pariacoto-anuncia-fin-de-alianza-con-jose-galvez-en-liga-3-2026-599193,Jorge Cruzalegui,liga-3
Cienciano vs Montevideo City: se confirma al árbitro que dirigirá el encuentro de ida por los cuartos de final de la Copa Sudamericana,Cienciano vs Montevideo City: se confirma al árbitro que dirigirá el encuentro,Experimentado arbitro brasileño será el encargado de impartir justicia en la ida del Cienciano vs. Montevideo City por la Copa Sudamericana.,Ciencianocontinúa preparándose para uno de los partidos más importantes de su temporada internacional. El cuadro cusqueño enfrentará aMontevideo City Torquepor los cuartos de final de laCopa Sudamericana 2026y la Conmebol ya confirmó la terna arbitral que estará a cargo del compromiso de ida.,10,1,Experimentado arbitro brasileño será el encargado de impartir justicia en la ida del Cienciano vs. Montevideo City por la Copa Sudamericana.,False,3,"Cienciano, Montevideo City, Copa Sudamericana",2,1,Cienciano,Cienciano | Copa Sudamericana 2026,403,2702,https://cdn.futbolperuano.com/sdi/2026/09/04/cienciano-vs-montevideo-city-se-confirma-al-arbitro-que-dirigira-el-encuentro-1355914.jpg,1200,Cienciano vs. Montevideo City. Foto: CONMEBOL Sudamericana,,https://www.futbolperuano.com/copa-sudamericana/noticias/cienciano-vs-montevideo-city-se-confirma-al-arbitro-que-dirigira-el-encuentro-599139,Gabriel Iberico,copa-sudamericana
Universitario: Edison Flores y Bryan Reyna vuelven a quedar fuera en el equipo de Héctor Cúper para enfrentar a Comerciantes Unidos,Universitario: Edison Flores y Bryan Reyna vuelven a quedar fuera en el equipo de Héctor Cúper,Ambos delanteros han vuelto a quedar fuera de la convocatoria de Universitario para medirse ante Comerciantes Unidos por el Torneo Clausura.,"Universitario de Deportesquedó listo para afrontar un nuevo desafío en elTorneo Clausura 2026. El conjunto crema recibirá a Comerciantes Unidos este sábado 5 de septiembre, desde las 20:30 horas, en el estadio Monumental de Ate, por la octava jornada del campeonato.",9,1,Ambos delanteros han vuelto a quedar fuera de la convocatoria de Universitario para medirse ante Comerciantes Unidos por el Torneo Clausura.,False,5,"Universitario de Deportes, Edison Flores, Bryan Reyna, Héctor Cúper, Liga 1 del Fútbol Peruano",2,1,Universitario de Deportes,Universitario de Deportes | Torneo Clausura 2026,476,2975,https://cdn.futbolperuano.com/sdi/2026/09/04/universitario-edison-flores-y-bryan-reyna-vuelven-a-quedar-fuera-en-el-equipo-de-hector-cuper-1355894.jpg,1200,Edison Flores y Bryan Reyna. Foto: Club Universitario de Deportes,,https://www.futbolperuano.com/liga-1/noticias/universitario-edison-flores-y-bryan-reyna-vuelven-a-quedar-fuera-en-el-equipo-de-hector-cuper-599122,Gabriel Iberico,liga-1
¿Julio César Uribe dejará Sporting Cristal? Revelan la postura de su familia tras agresión,Julio César Uribe: Revelan la postura de su familia tras agresión,"Tras ser agredido por hinchas de Sporting Cristal, se reveló la decisión que habría tomado la familia de  Uribe con respecto a su futuro.",La situación deJulio César UribeenSporting Cristalha generado preocupación luego de la agresión que sufrió a las afueras del Estadio Alberto Gallardo. El directivo celeste fue atacado por un grupo de hinchas cuando la delegación se retiraba del entrenamiento realizado el último jueves por la mañana.,11,1,"Tras ser agredido por hinchas de Sporting Cristal, se reveló la decisión que habría tomado la familia de  Uribe con respecto a su futuro.",False,3,"Julio César Uribe, Sporting Cristal, Liga 1 del Fútbol Peruano",2,1,Julio César Uribe,Julio César Uribe | Sporting Cristal,442,2857,https://cdn.futbolperuano.com/sdi/2026/09/04/julio-cesar-uribe-revelan-la-postura-de-su-familia-tras-agresion-1355880.jpg,1200,Julio César Uribe. Foto: Captura,,https://www.futbolperuano.com/liga-1/noticias/julio-cesar-uribe-revelan-la-postura-de-su-familia-tras-agresion-599107,Gabriel Iberico,liga-1
Aplanadora verde: Comerciantes FC goleó a Ayacucho y ya piensa en la siguiente ronda de la Liga 2 2026,Comerciantes FC vs. Ayacucho FC: EN VIVO por la Liga 2,Comerciantes FC goleó por 5-1 a Ayacucho FC en la Villa Emprendedora y ya aseguró su lugar en el Grupo de Ascenso de la Liga 2 2026.,"Comerciantes FCno tuvo piedad y aplastó por 5-1 aAyacucho FCen el Estadio Villa Emprendedora en el marco de la jornada 17 del Grupo 2 de laLiga 2 2026. Con este resultado, el ‘Verdao’ se afianzó en la segunda casilla con 22 puntos y ya puede pensar en la siguiente fase rumbo al ascenso.",14,1,Comerciantes FC goleó por 5-1 a Ayacucho FC en la Villa Emprendedora y ya aseguró su lugar en el Grupo de Ascenso de la Liga 2 2026.,True,3,"Comerciantes FC, Ayacucho FC, Liga 2",2,1,Liga 2 2026,Liga 2 2026 | Liga 2 2026,581,3460,https://cdn.futbolperuano.com/sdi/2026/09/04/comerciantes-fc-vs-ayacucho-fc-en-vivo-por-la-liga-2-1355898.jpg,1200,Comerciantes FC golea a Ayacucho FC. Foto: Liga2Caliente.pe,,https://www.futbolperuano.com/liga-2/noticias/comerciantes-fc-vs-ayacucho-fc-en-vivo-por-la-liga-2-598760,Gabriel Iberico,liga-2
¿Qué pasará con Aldo Corzo? Universitario de Deportes ya analiza su futuro para 2027,El futuro de Aldo Corzo en Universitario está en duda para la temporada 2027,Aldo Corzo termina contrato con Universitario de Deportes en 2026 y su continuidad para 2027 no está asegurada.,"Aldo Corzovive un momento que podría cambiar por completo su futuro enUniversitario de Deportes.El capitán crema tiene contrato con la institución hasta diciembre de 2026, pero su continuidad para la próxima temporada todavía no estaría asegurada y ya empiezan a aparecer distintos escenarios sobre lo que podría pasar con el experimentado defensor.",11,2,Aldo Corzo termina contrato con Universitario de Deportes en 2026 y su continuidad para 2027 no está asegurada. | Universitario ya tendría una alternativa para Aldo Corzo,False,3,"Universitario de Deportes, Aldo Corzo, Liga 1",2,1,Aldo Corzo,Aldo Corzo | Universitario de Deportes,496,3072,https://cdn.futbolperuano.com/sdi/2026/09/04/el-futuro-de-aldo-corzo-en-universitario-esta-en-duda-para-la-temporada-2027-1355808.jpg,1200,¿Aldo Corzo seguirá en Universitario el 2027?. Foto: Twitter Universitario de Deportes,,https://www.futbolperuano.com/liga-1/noticias/el-futuro-de-aldo-corzo-en-universitario-esta-en-duda-para-la-temporada-2027-599025,Joaquín Vásquez,liga-1
"Programación de HOY, sábado 5 de septiembre de 2026: Horarios del fútbol en vivo por televisión en el Perú","Programación de HOY, sábado 5 de septiembre de 2026: Horarios del fútbol en vivo por televisión en el Perú",Este sábado 5 de septiembre llega con una gran cartelera de partidos que podrás ver en vivo por todo el Perú en TV. Sigue la programación aquí.,"Este sábado 5 de septiembre alístate para una gran jornada de partidos, los cuales podrás disfrutar por TV en todos los rincones del Perú. La jornada empieza desde muy temprano con duelos de alto calibre para el inicio de la semana. Puedes ver laPROGRAMACIÓN COMPLETA AQUÍ.",6,1,Este sábado 5 de septiembre llega con una gran cartelera de partidos que podrás ver en vivo por todo el Perú en TV. Sigue la programación aquí.,False,3,"Fútbol por TV, Programación, Liga 1 del Fútbol Peruano",2,1,PROGRAMACIÓN COMPLETA AQUÍ.,PROGRAMACIÓN COMPLETA AQUÍ. | Oliver Sonne,399,2380,https://cdn.futbolperuano.com/sdi/2026/09/04/programacion-de-hoy-sabado-5-de-septiembre-de-2026-horarios-del-futbol-en-vivo-por-television-en-el-peru-1355873.jpg,1200,Partidos del sábado 5 de septiembre. Foto: Burnley FC / Club Universitario de Deportes,,https://www.futbolperuano.com/partidos-por-tv/noticias/programacion-de-hoy-sabado-5-de-septiembre-de-2026-horarios-del-futbol-en-vivo-por-television-en-el-peru-599099,Gabriel Iberico,partidos-por-tv
Show de goles en la Ciudad Incontrastable: Sport Huancayo vapuleó a Binacional,Sport Huancayo vs Binacional EN VIVO por la Liga 2,Sport Huancayo recibió a Binacional en un encuentro correspondiente a la penúltima jornada de la Fase Regional de la Liga 2.,"¡Show de goles en la Ciudad Incontrastable!Sport Huancayono tuvo piedad y este viernes goleó7-0aBinacionalen un encuentro correspondiente a la penúltima jornada de laFase Regionalde laLiga 2. Con este resultado, el 'Rojo Matador' volvió a la senda del triunfo, mientras que el 'Poderoso del Sur' sumó una nueva derrota en el ascenso.",9,2,Sport Huancayo recibió a Binacional en un encuentro correspondiente a la penúltima jornada de la Fase Regional de la Liga 2. | PREVIA,False,3,"Sport Huancayo, Binacional, Liga 2",4,1,Fase Regional,Fase Regional | Liga 2 | Liga 2 | Bicolor+,576,3505,https://cdn.futbolperuano.com/sdi/2026/09/04/sport-huancayo-vs-binacional-en-vivo-por-la-liga-2-1355862.jpg,1200,Sport Huancayo goleó a Binacional. Foto: Facebook Sport Huancayo Página Oficial,,https://www.futbolperuano.com/liga-2/noticias/sport-huancayo-vs-binacional-en-vivo-por-la-liga-2-598948,Stewart Luya,liga-2
Liga Femenina: Melgar venció a FC Killas por la jornada 8 del Torneo Clausura,Melgar venció 1-0 a FC Killas con golazo de Margarita Vásquez por la Liga Femenina 2026,Melgar derrotó 1-0 a FC Killas por el Torneo Clausura de la Liga Femenina 2026. Margarita Vásquez marcó el único gol del partido.,"FBC Melgarconsiguió una importante victoria en el Torneo Clausura de laLiga Femenina 2026. El conjunto arequipeño derrotó1-0 a FC Killaspor la octava jornada del campeonato, en un encuentro que tuvo su única celebración recién en la segunda mitad.",8,3,Melgar derrotó 1-0 a FC Killas por el Torneo Clausura de la Liga Femenina 2026. Margarita Vásquez marcó el único gol del partido. | Alineaciones | Programación de la fecha 8 del Torneo Clausura - Liga Femenina 2026,True,3,"Melgar, FC Killas, Liga Femenina",2,1,FBC Melgar,FBC Melgar | Liga Femenina 2026,272,1752,https://cdn.futbolperuano.com/sdi/2026/09/04/melgar-vencio-1-0-a-fc-killas-con-golazo-de-margarita-vasquez-por-la-liga-femenina-2026-1355883.jpg,1200,Once inicial de Melgar. Foto: Instagram Melgar,,https://www.futbolperuano.com/home/noticias/melgar-vencio-1-0-a-fc-killas-con-golazo-de-margarita-vasquez-por-la-liga-femenina-2026-599109,Joaquín Vásquez,home
Academia Cantolao volvió al triunfo en la Liga 2 y dejó a Deportivo Llacuabamba sin chance de ser líder,Academia Cantolao vs Deportivo Llacuabamba en vivo online por fecha 17 de Liga 2 2026,Academia Cantolao midió fuerzas ante Deportivo Llacuabamba en el Estadio de la USMP por la fecha 17 de la Liga 2 2026.,"¡Luego de seis partidos!Academia Cantolaono solo se impuso (3-2) aDeportivo Llacuabambay le negó la posibilidad de ser líder de su grupo, sino que de paso regresó a la victoria en laLiga 2luego de seis partidos.",11,2,Academia Cantolao midió fuerzas ante Deportivo Llacuabamba en el Estadio de la USMP por la fecha 17 de la Liga 2 2026. | PREVIA,True,3,"Academia Cantolao, Deportivo Llacuabamba, Liga 2",3,1,Liga 2,Liga 2 | Liga 2 2026 | Liga 2,547,2998,https://cdn.futbolperuano.com/sdi/2026/09/05/academia-cantolao-vs-deportivo-llacuabamba-en-vivo-online-por-fecha-17-de-liga-2-2026-1355978.jpg,1200,Academia Cantolao celebra frente a Deportivo Llacuabamba. Foto: Facebook Academia Deportiva Cantolao,,https://www.futbolperuano.com/liga-2/noticias/academia-cantolao-vs-deportivo-llacuabamba-en-vivo-online-por-fecha-17-de-liga-2-2026-598981,Jorge Cruzalegui,liga-2
Renato Tapia atraviesa un arranque complicado tras perder protagonismo en Al Wasl,Renato Tapia no logra ser titular en Al Wasl durante el inicio de temporada 2026/27,Renato Tapia atraviesa un complicado inicio de temporada con Al Wasl tras no ser considerado en el equipos de Emiratos Árabes Unidos.,"Renato Tapiano atraviesa el inicio de temporada que esperaba en el fútbol de Emiratos Árabes Unidos. El mediocampista peruano ha perdido protagonismo enAl Wasly, después de cuatro jornadas del campeonato, todavía no consigue aparecer como titular.",13,1,Renato Tapia atraviesa un complicado inicio de temporada con Al Wasl tras no ser considerado en el equipos de Emiratos Árabes Unidos.,True,3,"Renato Tapia, Peruanos en el Exterior, Emiratos Árabes Unidos",2,1,Renato Tapia,Renato Tapia | Al Wasl,346,2156,https://cdn.futbolperuano.com/sdi/2026/09/05/renato-tapia-no-logra-ser-titular-en-al-wasl-durante-el-inicio-de-temporada-202627-1355971.jpg,1200,Renato Tapia. Foto: Twitter Al Wasl,,https://www.futbolperuano.com/peruanos-en-el-exterior/noticias/renato-tapia-no-logra-ser-titular-en-al-wasl-durante-el-inicio-de-temporada-202627-599211,Joaquín Vásquez,peruanos-en-el-exterior
Matteo Pérez Vinlof jugó todo el partido en triunfo de Dinamo Zagreb ante Gorica,Matteo Pérez Vinlof fue titular en el triunfo de Dinamo Zagreb ante Gorica,Matteo Pérez Vinlof fue titular y disputó los 90 minutos en la victoria 1-0 de Dinamo Zagreb ante Gorica por la liga croata.,"Matteo Pérez Vinlofvolvió a ser titular conDinamo Zagreb, que derrotó por1-0 aGoricapor la sexta jornada de la liga croata y consiguió tres puntos importantes para mantenerse en lo más alto de la clasificación.",5,2,Matteo Pérez Vinlof fue titular y disputó los 90 minutos en la victoria 1-0 de Dinamo Zagreb ante Gorica por la liga croata. | Peruanos en el exterior (2026),True,3,"Matteo Pérez Vinlof, Dinamo Zagreb, Peruanos en el Exterior",2,1,Matteo Pérez Vinlof,Matteo Pérez Vinlof | Dinamo Zagreb,162,985,https://cdn.futbolperuano.com/sdi/2026/09/05/matteo-perez-vinlof-fue-titular-en-el-triunfo-de-dinamo-zagreb-ante-gorica-1355988.jpg,1200,Matteo Pérez Vinlof. Foto: Twitter Dinamo Zagreb,,https://www.futbolperuano.com/peruanos-en-el-exterior/noticias/matteo-perez-vinlof-fue-titular-en-el-triunfo-de-dinamo-zagreb-ante-gorica-599231,Joaquín Vásquez,peruanos-en-el-exterior
¡Gran momento! Marcos López fue titular en la tercera victoria consecutiva de Copenhague,Marcos López fue titular en el triunfo de Copenhague ante Nordsjaelland,Copenhague volvió a ganar en la Superliga de Dinamarca con Marcos López como titular y mantiene su gran momento.,"Copenhaguevolvió a demostrar su buen momento en la Superliga de Dinamarca. ConMarcos Lópezdesde el inicio, el conjunto albo derrotó 2-0 a Nordsjaelland y encadenó su tercera victoria consecutiva en el campeonato.",12,2,Copenhague volvió a ganar en la Superliga de Dinamarca con Marcos López como titular y mantiene su gran momento. | Calendario de FC Copenhague,True,3,"Marcos López, Copenhague, Peruanos en el Exterior",2,1,Copenhague,Copenhague | Marcos López,253,1578,https://cdn.futbolperuano.com/sdi/2026/09/04/marcos-lopez-fue-titular-en-el-triunfo-de-copenhague-ante-nordsjaelland-1355773.jpg,1200,Marcos López. Foto: Twitter Copenhague,,https://www.futbolperuano.com/peruanos-en-el-exterior/noticias/marcos-lopez-fue-titular-en-el-triunfo-de-copenhague-ante-nordsjaelland-598990,Joaquín Vásquez,peruanos-en-el-exterior
¡Desde el banquillo! Marco Saravia tuvo minutos en la caída de Progreso ante Albion,Marco Saravia ingresó en la Copa AUF y Progreso perdió 2-1 ante Albion,Marco Saravia ingresó en el segundo tiempo en la derrota de Progreso ante Albion por la Copa AUF Uruguay.,"El defensor peruanoMarco Saraviatuvo participación en la derrota deClub Atlético Progresopor 2-1 ante Albion, por la segunda jornada de la Copa AUF Uruguay. El zaguero nacional comenzó el compromiso en el banco de suplentes e ingresó durante el segundo tiempo, aunque no pudo evitar la caída de su equipo.",6,2,Marco Saravia ingresó en el segundo tiempo en la derrota de Progreso ante Albion por la Copa AUF Uruguay. | Peruanos en el exterior (2026),True,4,"Marco Saravia, Progreso, Uruguay, Peruanos en el Exterior",2,1,Marco Saravia,Marco Saravia | Club Atlético Progreso,233,1479,https://cdn.futbolperuano.com/sdi/2026/09/04/marco-saravia-ingreso-en-la-copa-auf-y-progreso-perdio-2-1-ante-albion-1355775.jpg,1200,Marco Saravia en Uruguay. Foto: Twitter Club Atlético Progreso,,https://www.futbolperuano.com/peruanos-en-el-exterior/noticias/marco-saravia-ingreso-en-la-copa-auf-y-progreso-perdio-2-1-ante-albion-598993,Joaquín Vásquez,peruanos-en-el-exterior
"Deportivo Caysa vs. Atlético Torino: fecha, hora y estadio de la final Departamental de Piura de la Copa Perú 2026",Deportivo Caysa vs. Atlético Torino se enfrentan por final de etapa departamental Piura de la Copa Perú 2026,Deportivo Caysa y Atlético Torino disputarán la gran final de la Etapa Departamental de Piura por la Copa Perú 2026.,"La Etapa Departamental de laCopa Perú 2026está a punto de llegar a su fin y solo queda definir al campeón de Piura.Deportivo CaysayAtlético Torinose enfrentarán en la gran final del torneo, en un partido que promete emociones y que tendrá como escenario el estadio Campeones del 36.",5,2,Deportivo Caysa y Atlético Torino disputarán la gran final de la Etapa Departamental de Piura por la Copa Perú 2026. | Clasificados a la Etapa Nacional de la Copa Perú,True,3,"Copa Perú, Liga Departamental de Piura, Atlético Torino",2,1,Copa Perú 2026,Copa Perú 2026 | Atlético Torino,231,1458,https://cdn.futbolperuano.com/sdi/2026/09/04/deportivo-caysa-vs-atletico-torino-se-enfrentan-por-final-de-etapa-departamental-piura-de-la-copa-peru-2026-1355825.jpg,1200,Deportivo Caysa vs. Atlético Torino: así se jugará la final de Piura. Foto: Facebook Deportivo Caysa,,https://www.futbolperuano.com/copa-peru/noticias/deportivo-caysa-vs-atletico-torino-se-enfrentan-por-final-de-etapa-departamental-piura-de-la-copa-peru-2026-599044,Joaquín Vásquez,copa-peru
Paolo Guerrero se pierde el clásico: Alianza Lima confirma lesión y tiempo de para del delantero,Paolo Guerrero se pierde el clásico: Alianza Lima confirma lesión,"Alianza Lima reveló la lesión de Paolo Guerrero y no solo se perderá el encuentro en Chongoyape, sino también el clásico ante Universitario en Matute.","Alianza Limaconfirmó este viernes 4 de septiembre la lesión dePaolo Guerreromediante un parte médico. El delantero quedó descartado para el clásico frente aUniversitario de Deportes,correspondiente a la novena jornada delTorneo Clausurade la Liga 1 2026, que se disputará el sábado 12 de septiembre.",8,1,"Alianza Lima reveló la lesión de Paolo Guerrero y no solo se perderá el encuentro en Chongoyape, sino también el clásico ante Universitario en Matute.",False,3,"Paolo Guerrero, Alianza Lima, Liga 1 del Fútbol Peruano",2,1,Alianza Lima,Alianza Lima | Paolo Guerrero,380,2531,https://cdn.futbolperuano.com/sdi/2026/09/04/paolo-guerrero-se-pierde-el-clasico-alianza-lima-confirma-lesion-1355918.jpg,1200,Paolo Guerrero. Foto: Liga1 Te Apuesto?,,https://www.futbolperuano.com/liga-1/noticias/paolo-guerrero-se-pierde-el-clasico-alianza-lima-confirma-lesion-599144,Gabriel Iberico,liga-1
"Partidos de Hoy, viernes 04 de septiembre del 2026: Horarios del fútbol en vivo por televisión en el Perú",Programación de partidos por TV del viernes 04 de septiembre del 2026,"El viernes 04 de septiembre estará cargado de mucho fútbol en el mundo, y sabrás dónde verlo en la parrilla de fútbol por TV.","El fútbol no se detiene y este viernes 04 de septiembre de 2026 lo podremos disfrutar más que nunca, pues varias de las ligas a lo largo del mundo comienzan a reiniciarse, así como los torneos internacionales más importantes; por ello, te traemos los duelos más esperados por los hinchas. Recuerda que puedes ver la programación deFútbol por TVcompleta en Futbolperuano.com.",6,2,"El viernes 04 de septiembre estará cargado de mucho fútbol en el mundo, y sabrás dónde verlo en la parrilla de fútbol por TV. | Sigue el fútbol en el Perú",False,3,"Fútbol por TV, Liga 1, Liga 2",2,1,Fútbol por TV,Fútbol por TV | Fútbol por TV,371,2124,https://cdn.futbolperuano.com/sdi/2026/09/03/programacion-de-partidos-por-tv-del-viernes-04-de-septiembre-del-2026-1355720.jpg,1200,Fútbol por TV: viernes 04 de septiembre de 2026. Foto: EFE,,https://www.futbolperuano.com/partidos-por-tv/noticias/programacion-de-partidos-por-tv-del-viernes-04-de-septiembre-del-2026-598922,Jorge Cruzalegui,partidos-por-tv
Copa Perú: 2026 Se reafirmó la participación de Deportivo Caysa en la Etapa Nacional,Copa Perú: se reafirmó la participación de Deportivo Caysa en la Etapa Nacional,"Tras los reclamos presentados, se confirmó el futuro de Deportivo Caysa en la Etapa Nacional de la Copa Perú 2026.","¡Decisión tomada! Luego del reclamo presentado porCultural Deportivo San Martín Occidentede Paita contraDeportivo Caysa, debido a una supuesta mala inscripción por uno de sus jugadores, la Comisión Disciplinaria de la Liga Departamental de Piura tomó una decisión final sobre el futuro del cuadro de Morropón en laCopa Perú 2026.",12,2,"Tras los reclamos presentados, se confirmó el futuro de Deportivo Caysa en la Etapa Nacional de la Copa Perú 2026. | ¿Cuál fue el reclamo de San Martín Occidente?",False,3,"Copa Perú, Piura, Fútbol",2,1,Copa Perú 2026,Copa Perú 2026 | Copa Perú,474,2941,https://cdn.futbolperuano.com/sdi/2026/09/04/copa-peru-se-reafirmo-la-participacion-de-deportivo-caysa-en-la-etapa-nacional-1355766.jpg,1200,Deportivo Caysa sigue en la Etapa Nacional. Foto: Facebook Club Deportivo Caysa De Yapatera,,https://www.futbolperuano.com/copa-peru/noticias/copa-peru-se-reafirmo-la-participacion-de-deportivo-caysa-en-la-etapa-nacional-598975,Jorge Cruzalegui,copa-peru
Paolo Guerrero no llegará al duelo ante Juan Pablo II y tampoco estaría disponible para el clásico luego de confirmarse que atraviesa una lesión,Paolo Guerrero será baja en Alianza Lima por varias semanas y se perderá el partido ante Juan Pablo II y el clásico del fútbol peruano,Paolo Guerrero será baja por al menos dos semanas en Alianza Lima debido a una lesión y se perderá el duelo ante Juan Pablo II y el clásico.,"El pasado fin de semana, en la derrota deAlianza Limasobre Deportivo Garcilaso,Paolo Guerrerofue cambiado durante el medio tiempo, encendiendo las alarmas en tienda ‘Blanquiazul’. A falta de poco menos de 72 horas del duelo entre Alianza Lima y Juan Pablo II se pudo conocer que el mítico delantero nacional tendrá varias semanas de para y se perderá también el clásico del fútbol peruano debido a unalesión.",4,2,Paolo Guerrero será baja por al menos dos semanas en Alianza Lima debido a una lesión y se perderá el duelo ante Juan Pablo II y el clásico. | Programación de la fecha 8 del Torneo Clausura - Liga 1 2026,True,3,"Paolo Guerrero, Alianza Lima, Liga 1 del Fútbol Peruano",2,1,Alianza Lima,Alianza Lima | Alianza Lima,270,1558,https://cdn.futbolperuano.com/sdi/2026/09/03/paolo-guerrero-sera-baja-en-alianza-lima-por-varias-semanas-y-se-perdera-el-partido-ante-juan-pablo-ii-y-el-clasico-del-futbol-peruano-1355722.jpg,1200,Paolo Guerrero se perderá el duelo ante Juan Pablo II y el esperado clásico ante Universitario. Foto: Facebook Alianza Lima,,https://www.futbolperuano.com/liga-1/noticias/paolo-guerrero-sera-baja-en-alianza-lima-por-varias-semanas-y-se-perdera-el-partido-ante-juan-pablo-ii-y-el-clasico-del-futbol-peruano-598923,Gabriel Rey,liga-1
Copa Perú 2026: Atlético Torino se mantiene en la Etapa Nacional tras resolución de la Liga de Piura,Atlético Torino mantiene su clasificación tras reclamo de Alfonso Ugarte de Vice en la Copa Perú 2026,La Comisión Disciplinaria de la Liga Departamental de Piura declaró infundado el reclamo de Alfonso Ugarte contra Atlético Torino.,"LaEtapa Nacional de la Copa Perú 2026está cada vez más cerca y en Piura se cerró uno de los últimos capítulos que mantenía en suspenso la clasificación.Alfonso Ugarte de Vicepresentó un reclamo contraAtlético Torino de Talara, cuestionando la supuesta inscripción irregular de hasta cinco futbolistas del cuadro granate.",9,3,La Comisión Disciplinaria de la Liga Departamental de Piura declaró infundado el reclamo de Alfonso Ugarte contra Atlético Torino. | ¿Cuál fue el reclamo de Alfonso Ugarte de Vice? | ¿Cuántos equipos lograrán el ascenso a través de la Copa Perú 2026?,False,4,"Copa Perú, Liga Departamental de Piura, Atlético Torino, Alfonso Ugarte",2,1,Etapa Nacional de la Copa Perú 2026,Etapa Nacional de la Copa Perú 2026 | Liga 3,412,2534,https://cdn.futbolperuano.com/sdi/2026/09/04/atletico-torino-mantiene-su-clasificacion-tras-reclamo-de-alfonso-ugarte-de-vice-en-la-copa-peru-2026-1355813.jpg,1200,Atlético Torino sigue en la Etapa Nacional. Foto: Facebook Club Atlético Torino,,https://www.futbolperuano.com/copa-peru/noticias/atletico-torino-mantiene-su-clasificacion-tras-reclamo-de-alfonso-ugarte-de-vice-en-la-copa-peru-2026-599031,Joaquín Vásquez,copa-peru
Hinchas de Sporting Cristal agreden a Julio César Uribe a las afueras del Estadio Alberto Gallardo,Liga 1: hinchas de Sporting Cristal agreden a Julio César Uribe,"Julio César Uribe, Director General de Fútbol de Sporting Cristal, vivió momentos de terror a las afueras del Estadio Alberto Gallardo.","Julio César Uribe, Director General de Fútbol de Sporting Cristal y considerado uno de los máximos ídolos de la institución celeste, fue agredido este jueves por un grupo de hinchas a las afueras delEstadio Alberto Gallardoluego del entrenamiento del plantel profesional, que se prepara para recibir a Los Chankas este domingo desde las 11:00 horas (16:00 GMT).",10,2,"Julio César Uribe, Director General de Fútbol de Sporting Cristal, vivió momentos de terror a las afueras del Estadio Alberto Gallardo. | Comunicado de Sporting Cristal",False,3,"Sporting Cristal, Julio César Uribe, Liga 1",2,1,Julio César Uribe,Julio César Uribe | Sporting Cristal,382,2543,https://cdn.futbolperuano.com/sdi/2026/09/03/liga-1-hinchas-de-sporting-cristal-agreden-a-julio-cesar-uribe-1355714.jpg,1200,Hinchas de Sporting Cristal agreden a Julio César Uribe. Foto: Facebook Club Sporting Cristal,,https://www.futbolperuano.com/liga-1/noticias/liga-1-hinchas-de-sporting-cristal-agreden-a-julio-cesar-uribe-598916,Stewart Luya,liga-1
Liga 1: Comerciantes Unidos pide reconsiderar la terna arbitral para el duelo ante Universitario de Deportes,Comerciantes Unidos pide reconsiderar la terna arbitral para duelo ante Universitario,Comerciantes Unidos emitió un comunicado en la previa del partido ante Universitario por la fecha 8 del Torneo Clausura 2026.,"¿Aceptarán la solicitud? A días del duelo entre Universitario de Deportes yComerciantes Unidospor la octava fecha delTorneo Clausura 2026, la directiva del conjunto cutervino expresó su 'preocupación' por la designación de la terna arbitral y pidió a la CONAR reconsiderar su decisión sobre el juez Michael Espinoza.",5,2,Comerciantes Unidos emitió un comunicado en la previa del partido ante Universitario por la fecha 8 del Torneo Clausura 2026. | Programación de la fecha 8 del Torneo Clausura - Liga 1 2026,True,3,"Comerciantes Unidos, Universitario de Deportes, Liga 1",2,1,Comerciantes Unidos,Comerciantes Unidos | Universitario de Deportes,225,1541,https://cdn.futbolperuano.com/sdi/2026/09/04/comerciantes-unidos-pide-reconsiderar-la-terna-arbitral-para-duelo-ante-universitario-1355758.jpg,1200,Comerciantes Unidos visitará a Universitario. Foto: Facebook Club Comerciantes Unidos - Cutervo,,https://www.futbolperuano.com/liga-1/noticias/comerciantes-unidos-pide-reconsiderar-la-terna-arbitral-para-duelo-ante-universitario-598964,Jorge Cruzalegui,liga-1
Universitario de Deportes se refuerza con nueva figura internacional para la Copa Libertadores Femenina 2026,Universitario se refuerza con nueva figura internacional para Copa Libertadores Femenina 2026,Universitario de Deportes representará al Perú en la nueva edición de la Copa Libertadores Femenina 2026 que se jugará en Ecuador.,"¡Plantel amplio!Universitario de Deportesserá el representante peruano de la nueva edición de laCopa LibertadoresFemenina 2026que se disputará en Ecuador, por lo que la directiva 'crema' no ha escatimado esfuerzos en sumar fichajes internacionales.",8,1,Universitario de Deportes representará al Perú en la nueva edición de la Copa Libertadores Femenina 2026 que se jugará en Ecuador.,False,3,"Universitario de Deportes, Copa Libertadores Femenina, Fútbol Femenino",2,1,Copa Libertadores,Copa Libertadores | Universitario de Deportes,360,2271,https://cdn.futbolperuano.com/sdi/2026/09/03/universitario-se-refuerza-con-nueva-figura-internacional-para-copa-libertadores-femenina-2026-1355744.jpg,1200,Las 'Leonas' suman un nuevo refuerzo internacional. Foto: Facebook Fútbol Femenino - Club Universitario de Deportes,,https://www.futbolperuano.com/futbol-femenino/liga-femenina/universitario-se-refuerza-con-nueva-figura-internacional-para-copa-libertadores-femenina-2026-598947,Jorge Cruzalegui,futbol-femenino
¡Lluvia de goles! Cienciano remontó y ganó 5-2 a FC Cajamarca por la fecha 8 del Torneo Clausura,FC Cajamarca vs Cienciano en vivo online por fecha 8 de Torneo Clausura de Liga 1 2026,"FC Cajamarca ganaba 2-0, pero Cienciano reaccionó y terminó imponiéndose 5-2 en un partidazo por el Torneo Clausura 2026.","Ciencianoconsiguió una importante victoria en su visita a FC Cajamarca. El conjunto cusqueño derrotó 5-2al cuadro cajamarquino en el Estadio Héroes de San Ramón, en un encuentro correspondiente a la octava fecha delTorneo Clausura 2026que tuvo goles, remontada y una acción polémica desde el punto penal.",19,1,"FC Cajamarca ganaba 2-0, pero Cienciano reaccionó y terminó imponiéndose 5-2 en un partidazo por el Torneo Clausura 2026.",False,3,"FC Cajamarca, Cienciano, Liga 1",3,1,Cienciano,Cienciano | Liga 1 2026 | Torneo Apertura,692,4191,https://cdn.futbolperuano.com/sdi/2026/09/04/fc-cajamarca-vs-cienciano-en-vivo-online-por-fecha-8-de-torneo-clausura-de-liga-1-2026-1355868.jpg,1200,Cienciano venció a FC Cajamarca. Foto: Twitter Liga 1,,https://www.futbolperuano.com/liga-1/noticias/fc-cajamarca-vs-cienciano-en-vivo-online-por-fecha-8-de-torneo-clausura-de-liga-1-2026-598955,Jorge Cruzalegui,liga-1
¿Quién lidera la lista? Los peruanos en el exterior con más partidos en 2026,Los peruanos con más partidos disputados en el exterior durante la temporada 2026,Los futbolistas peruanos en el exterior vienen teniendo regularidad y ya han disputado una gran cantidad de partidos en lo que va de la temporada.,"Mientras elfútbol peruanocontinúa buscando nuevos talentos para exportar, varios futbolistas nacionales vienen teniendo una importante presencia en diferentes ligas del extranjero. La regularidad es uno de los principales indicadores para medir el protagonismo de un jugador y, en lo que va del 2026, algunos peruanos destacan por la cantidad de partidos que han disputado con sus respectivos equipos.",11,1,Los futbolistas peruanos en el exterior vienen teniendo regularidad y ya han disputado una gran cantidad de partidos en lo que va de la temporada.,True,3,"Peruanos en el Exterior, Fútbol internacional, Fútbol Peruano",2,1,fútbol peruano,fútbol peruano | Jesús Pretell,428,2843,https://cdn.futbolperuano.com/sdi/2026/09/03/los-peruanos-con-mas-partidos-disputados-en-el-exterior-durante-la-temporada-2026-1355707.jpg,1200,Jesús Pretell y Pedro Gallese. Foto: Twitter LDU de Quito,,https://www.futbolperuano.com/peruanos-en-el-exterior/noticias/los-peruanos-con-mas-partidos-disputados-en-el-exterior-durante-la-temporada-2026-598883,Joaquín Vásquez,peruanos-en-el-exterior
Ignacio Buse se despidió del US Open: 'Nacho' cayó ante el francés Benjamin Bonzi,Ignacio Buse vs Benjamin Bonzi EN VIVO por el US Open,El peruano Ignacio Buse no pudo ante el francés Benjamin Bonzi y quedó eliminado en la segunda ronda del US Open 2026.,"Ignacio Buseno pudo ante el francésBenjamin Bonziy quedó eliminado en la segunda ronda delUS Open. El tenista peruano, número 30 del ranking mundial, se vio ampliamente superado y cayó sin atenuantes en el Court 13 del USTA Billie Jean King National Tennis Center.",10,3,El peruano Ignacio Buse no pudo ante el francés Benjamin Bonzi y quedó eliminado en la segunda ronda del US Open 2026. | PREVIA | Nacho hizo historia,False,3,"Ignacio Buse, US Open, Tenis",4,1,Ignacio Buse,Ignacio Buse | US Open | Ignacio Buse | Benjamin Bonzi,551,3172,https://cdn.futbolperuano.com/sdi/2026/09/02/ignacio-buse-vs-benjamin-bonzi-en-vivo-por-el-us-open-1355602.jpg,1200,Ignacio Buse se despidió del US Open. Foto: Twitter @usopen,,https://www.futbolperuano.com/mas-deportes/tenis/ignacio-buse-vs-benjamin-bonzi-en-vivo-por-el-us-open-598778,Stewart Luya,mas-deportes
Beto da Silva habló sobre una posible convocatoria a la Selección Peruana y explicó cómo logró cambiar el rumbo de su carrera,Selección Peruana: Beto da Silva recuperó su mejor versión en la Liga 1 y sus números ya lo ponen nuevamente en el radar de la 'Bicolor',Beto da Silva vive un renacer en la Liga 1 y sus actuaciones con Deportivo Garcilaso podrían abrirle nuevamente las puertas de la Selección Peruana.,"Cuando debutó en el fútbol profesional en el año 2013,Beto da Silvase postulaba como una de las nuevas figuras del fútbol peruano y una de las principales esperanzas de laSelección Peruana, pero una serie delesionescomplicaron el desarrollo de su carrera y su continuidad, por lo que muchos ya lo consideraban un exjugador, a pesar de que hoy en día no llega a los 30 años.",6,2,Beto da Silva vive un renacer en la Liga 1 y sus actuaciones con Deportivo Garcilaso podrían abrirle nuevamente las puertas de la Selección Peruana. | ¿Qué piensa Beto da Silva de su posible regreso a la ’Bicolor’?,False,3,"Beto da Silva, Selección Peruana, Deportivo Garcilaso",2,1,Selección Peruana,Selección Peruana | Selección Peruana,398,2344,https://cdn.futbolperuano.com/sdi/2026/09/03/seleccion-peruana-beto-da-silva-recupero-su-mejor-version-en-la-liga-1-y-sus-numeros-ya-lo-ponen-nuevamente-en-el-radar-de-la-bicolor-1355694.jpg,1200,Beto da Silva recuperó su mejor versión en Deportivo Garcilaso. Foto: Facebook Deportivo Garcilaso,,https://www.futbolperuano.com/seleccion/noticias/seleccion-peruana-beto-da-silva-recupero-su-mejor-version-en-la-liga-1-y-sus-numeros-ya-lo-ponen-nuevamente-en-el-radar-de-la-bicolor-598893,Gabriel Rey,seleccion
Alianza Lima recibe dos inesperadas sanciones en la previa del partido ante Juan Pablo II,Liga 1: Alianza Lima recibe dos inesperadas sanciones,Alianza Lima visitará este domingo a Juan Pablo II en un encuentro correspondiente a la octava jornada del Torneo Clausura.,LaComisión Disciplinariade la Liga de Fútbol Profesional Peruana sancionó aAlianza Limacon dos multas (2.50 UITy0.70 UIT) por haber infringido los artículos 96 (acápite 96.3) y 169 (acápites 169.1 y 169.2) del Reglamento de laLiga 1durante su encuentro anteUTC de Cajamarcaen el Estadio Alejandro Villanueva el pasado 15 de agosto.,7,2,Alianza Lima visitará este domingo a Juan Pablo II en un encuentro correspondiente a la octava jornada del Torneo Clausura. | Resolución,True,3,"Alianza Lima, Liga 1, Juan Pablo II",2,1,Alianza Lima,Alianza Lima | Liga 1,297,1768,https://cdn.futbolperuano.com/sdi/2026/09/03/liga-1-alianza-lima-recibe-dos-inesperadas-sanciones-1355693.jpg,1200,Alianza Lima recibe dos inesperadas sanciones. Foto: Facebook Liga1 Te Apuesto?,,https://www.futbolperuano.com/liga-1/noticias/liga-1-alianza-lima-recibe-dos-inesperadas-sanciones-598891,Stewart Luya,liga-1
Comisión Disciplinaria vuelve a sancionar a Sport Boys en la previa del partido ante Sport Huancayo,Liga 1: Comisión Disciplinaria vuelve a sancionar a Sport Boys,Sport Boys visitará este sábado a Sport Huancayo en un encuentro correspondiente a la octava jornada del Torneo Clausura.,LaComisión Disciplinariade la Liga de Fútbol Profesional Peruana sancionó aSport Boyscon una multa de1 UITpor haber infringido el acápite 96.3 del artículo 96 del Reglamento de laLiga 1durante su encuentro anteDeportivo Moqueguaen el Estadio 25 de Noviembre el pasado 16 de agosto.,7,2,Sport Boys visitará este sábado a Sport Huancayo en un encuentro correspondiente a la octava jornada del Torneo Clausura. | ¿Qué dice el acápite 96.3?,True,3,"Sport Boys, Liga 1, Sport Huancayo",2,1,Sport Boys,Sport Boys | Liga 1,327,2043,https://cdn.futbolperuano.com/sdi/2026/09/03/liga-1-comision-disciplinaria-vuelve-a-sancionar-a-sport-boys-1355685.jpg,1200,Comisión Disciplinaria vuelve a sancionar a Sport Boys. Foto: Facebook Club Sport Boys Association,,https://www.futbolperuano.com/liga-1/noticias/liga-1-comision-disciplinaria-vuelve-a-sancionar-a-sport-boys-598878,Stewart Luya,liga-1
Copa Perú: Exarquero de Alianza Lima refuerza al campeón de Puno en la Etapa Nacional,Copa Perú: Exarquero de Alianza Lima refuerza al campeón de Puno,"Los Leones de Anccaca (Puno) medirán fuerzas con Virgen de las Nieves, La Masía Nace y CEFUT Juliaca en la Etapa Nacional de la Copa Perú.","ElClub Social Deportivo Leones de Anccaca, subcampeón de la Liga Provincial de Puno y campeón de la Liga Departamental de Puno, sorprendió a propios y extraños al anunciar la contratación de un exarquero deAlianza Limapara disputar laEtapa Nacionalde laCopa Perú 2026.",10,2,"Los Leones de Anccaca (Puno) medirán fuerzas con Virgen de las Nieves, La Masía Nace y CEFUT Juliaca en la Etapa Nacional de la Copa Perú. | ¿Reclamo a la vista?",False,3,"Copa Perú, Puno, Fútbol",2,1,Club Social Deportivo Leones de Anccaca,Club Social Deportivo Leones de Anccaca | Copa Perú 2026,425,2734,https://cdn.futbolperuano.com/sdi/2026/09/03/copa-peru-exarquero-de-alianza-lima-refuerza-al-campeon-de-puno-1355678.jpg,1200,Exarquero de Alianza Lima refuerza al campeón de Puno. Foto: Facebook @BinacionalFC,,https://www.futbolperuano.com/copa-peru/noticias/copa-peru-exarquero-de-alianza-lima-refuerza-al-campeon-de-puno-598874,Stewart Luya,copa-peru
Con Erick Noriega: Gremio venció a Internacional y clasificó a las semifinales de la Copa de Brasil 2026,"Con Erick Noriega, Gremio venció a Internacional y clasificó a semifinales de Copa de Brasil","Gremio, con el peruano Erick Noriega, se impuso a Internacional por la vuelta de los cuartos de final de la Copa de Brasil.","¡A paso firme! Con elmediocampista Erick Noriegatodo el encuentro,Gremiologró imponerse por 3-1 aInternacionalen el clásico de Porto Alegre y consiguió su pase a las semifinales de laCopa de Brasil 2026. En la ida había igualado sin goles.",8,1,"Gremio, con el peruano Erick Noriega, se impuso a Internacional por la vuelta de los cuartos de final de la Copa de Brasil.",False,3,"Erick Noriega, Gremio, Copa de Brasil",2,1,mediocampista Erick Noriega,mediocampista Erick Noriega | Erick Noriega,365,2102,https://cdn.futbolperuano.com/sdi/2026/09/04/con-erick-noriega-gremio-vencio-a-internacional-y-clasifico-a-semifinales-de-copa-de-brasil-1355763.jpg,1200,Gremio se quedó con el clásico ante Internacional. Foto: Facebook Grêmio FBPA,,https://www.futbolperuano.com/peruanos-en-el-exterior/noticias/con-erick-noriega-gremio-vencio-a-internacional-y-clasifico-a-semifinales-de-copa-de-brasil-598968,Jorge Cruzalegui,peruanos-en-el-exterior
Lo ocurrido con Julio César Uribe generó contundente respuesta de la Federación Peruana de Fútbol,FPF rechazó agresión contra Julio César Uribe y pidió sancionar a responsables,La FPF condenó la agresión sufrida por Julio César Uribe y pidió a las autoridades investigar e identificar a los responsables de los hechos.,"LaFederación Peruana de Fútbol (FPF)se pronunció luego del lamentable episodio protagonizado porJulio César Uribeen las afueras del estadio Alberto Gallardo, tras el entrenamiento deSporting Cristal, y expresó su rechazo categórico a la agresión verbal y física que sufrió el exfutbolista.",14,3,La FPF condenó la agresión sufrida por Julio César Uribe y pidió a las autoridades investigar e identificar a los responsables de los hechos. | FPF rechazó cualquier acto de violencia | Pidieron identificar a los responsables,False,3,"Sporting Cristal, Julio César Uribe, FPF",2,1,Julio César Uribe,Julio César Uribe | Sporting Cristal,395,2648,https://cdn.futbolperuano.com/sdi/2026/09/04/fpf-rechazo-agresion-contra-julio-cesar-uribe-y-pidio-sancionar-a-responsables-1355778.jpg,1200,FPF lanzó comunicado. Foto: Twitter Difusión,,https://www.futbolperuano.com/liga-1/noticias/fpf-rechazo-agresion-contra-julio-cesar-uribe-y-pidio-sancionar-a-responsables-598996,Joaquín Vásquez,liga-1
Copa Perú: Defensor Patibamba presentó su comando técnico para la Etapa Nacional,Copa Perú: Defensor Patibamba presentó su comando técnico,"Defensor Patibamba medirá fuerzas con Unión Minas de Pamputa, Sport Machete y Por la Santa FC en la Etapa Nacional de la Copa Perú.","FC Defensor Patibamba, campeón de la Liga Provincial de La Mar y subcampeón de la Liga Departamental de Ayacucho, presentó su comando técnico para encarar laEtapa Nacionalde laCopa Perú 2026con el estratega cusqueño César Ccahuantico a la cabeza.",4,2,"Defensor Patibamba medirá fuerzas con Unión Minas de Pamputa, Sport Machete y Por la Santa FC en la Etapa Nacional de la Copa Perú. | Fecha 1 de la Etapa Nacional de la Copa Perú",True,3,"Defensor Patibamba, Copa Perú, César Ccahuantico",2,1,Etapa Nacional,Etapa Nacional | Copa Perú 2026,181,1080,https://cdn.futbolperuano.com/sdi/2026/09/03/copa-peru-defensor-patibamba-presento-su-comando-tecnico-1355670.jpg,1200,Defensor Patibamba presentó su comando técnico. Foto: Facebook FC Defensor Patibamba,,https://www.futbolperuano.com/copa-peru/noticias/copa-peru-defensor-patibamba-presento-su-comando-tecnico-598865,Stewart Luya,copa-peru
¡Atención! Liga 1 confirmó a los suspendidos para la fecha 8 del Torneo Clausura 2026,Seis jugadores no podrán estar en la fecha 8 del Torneo Clausura 2026,La Liga de Fútbol Profesional dio a conocer el boletín de sanciones y confirmó los jugadores que se perderán la fecha 8 de la Liga 1 2026.,"Lafecha 8 del Torneo Clausuraestá cada vez más cerca y los diferentes equipos de laLiga 1ya preparan sus próximos compromisos. Sin embargo, no todos los futbolistas estarán disponibles para esta jornada, pues varios deberán cumplir suspensiones luego de las sanciones recibidas en las fechas anteriores.",5,3,La Liga de Fútbol Profesional dio a conocer el boletín de sanciones y confirmó los jugadores que se perderán la fecha 8 de la Liga 1 2026. | ¿Qué jugadores están suspendidos en la fecha 8? | Programación de la fecha 8 del Torneo Clausura - Liga 1 2026,True,3,"Liga 1 del Fútbol Peruano, Liga 1, Torneo Clausura",2,1,Liga 1,Liga 1 | Catriel Cabellos,209,1315,https://cdn.futbolperuano.com/sdi/2026/09/03/seis-jugadores-no-podran-estar-en-la-fecha-8-del-torneo-clausura-2026-1355677.jpg,1200,La Liga 1 sancionó a cinco jugadores que no podrán jugar en la fecha 8. Foto: Twitter Liga 1,,https://www.futbolperuano.com/liga-1/noticias/seis-jugadores-no-podran-estar-en-la-fecha-8-del-torneo-clausura-2026-598870,Joaquín Vásquez,liga-1
Mario Viera no continuará en Carlos Mannucci pese al buen momento del equipo en la Liga 2,Carlos Mannucci se queda sin Mario Viera: el técnico uruguayo dejará el club y se convertirá en asistente de Junior de Barranquilla,Mario Viera no seguirá como entrenador de Carlos Mannucci pese al buen momento en la Liga 2 y prepara su llegada al comando técnico de Junior.,"Luego de vencer a la Academia Cantolao y consolidarse en la zona de clasificación a la siguiente ronda de laLiga 2 2026,Carlos Mannuccirecibió una dura noticia, y es que se pudo conocer que el estratega uruguayo,Mario Viera, no continuará al mando del cuadro ‘Carlista’.",4,1,Mario Viera no seguirá como entrenador de Carlos Mannucci pese al buen momento en la Liga 2 y prepara su llegada al comando técnico de Junior.,True,3,"Mario Viera, Carlos Mannucci, Liga 2",2,1,Carlos Mannucci,Carlos Mannucci | Carlos Mannucci,191,1145,https://cdn.futbolperuano.com/sdi/2026/09/03/carlos-mannucci-se-queda-sin-mario-viera-el-tecnico-uruguayo-dejara-el-club-y-se-convertira-en-asistente-de-junior-de-barranquilla-1355654.jpg,1200,Mario Viera no continuará al frente de Carlos Mannucci. Foto: Facebook Club Carlos A. Mannucci?,,https://www.futbolperuano.com/liga-2/noticias/carlos-mannucci-se-queda-sin-mario-viera-el-tecnico-uruguayo-dejara-el-club-y-se-convertira-en-asistente-de-junior-de-barranquilla-598846,Gabriel Rey,liga-2
¡Ya hay fecha! La Selección Peruana Femenina jugará dos amistosos ante Filipinas en Videna,La selección peruana femenina disputará dos amistosos ante Filipinas en Videna,La Selección Peruana continúa su preparación y ya tiene confirmados dos nuevos compromisos internacionales para la próxima fecha FIFA.,"LaSelección Peruana Femeninacontinúa con su proceso de preparación y ya tiene nuevos compromisos internacionales confirmados. A través de sus redes sociales, la Federación Peruana de Fútbol (FPF) anunció que la Bicolor disputará dos amistosos ante Filipinas durante la fechaFIFAde octubre.",10,3,La Selección Peruana continúa su preparación y ya tiene confirmados dos nuevos compromisos internacionales para la próxima fecha FIFA. | Perú ya tiene fecha y hora para sus próximos partidos | Antonio Spinelli y su apuesta por una selección joven,False,3,"Selección Peruana Femenina, Perú, Fútbol Femenino",2,1,Selección Peruana Femenina,Selección Peruana Femenina | FIFA,384,2545,https://cdn.futbolperuano.com/sdi/2026/09/03/la-seleccion-peruana-femenina-disputara-dos-amistosos-ante-filipinas-en-videna-1355667.jpg,1200,Perú tendrá nuevos amistosos. Foto: Twitter Selección Peruana,,https://www.futbolperuano.com/futbol-femenino/la-seleccion-peruana-femenina-disputara-dos-amistosos-ante-filipinas-en-videna-598859,Joaquín Vásquez,futbol-femenino
Comisión Disciplinaria multa a Cusco FC en la previa del partido ante Deportivo Moquegua,Liga 1: Comisión Disciplinaria multa a Cusco FC,Cusco FC recibirá este sábado a Deportivo Moquegua en un encuentro correspondiente a la octava jornada del Torneo Clausura.,LaComisión Disciplinariade la Liga de Fútbol Profesional Peruana sancionó aCusco FCcon una multa de1 UITpor haber infringido el acápite 175.1 del artículo 175 del Reglamento de laLiga 1durante su encuentro anteUniversitario de Deportesen el Estadio Monumental el pasado 24 de julio.,8,2,Cusco FC recibirá este sábado a Deportivo Moquegua en un encuentro correspondiente a la octava jornada del Torneo Clausura. | Resolución,False,3,"Cusco FC, Liga 1, Deportivo Moquegua",2,1,Cusco FC,Cusco FC | Liga 1,401,2604,https://cdn.futbolperuano.com/sdi/2026/09/03/liga-1-comision-disciplinaria-multa-a-cusco-fc-1355700.jpg,1200,Comisión Disciplinaria multa a Cusco FC. Foto: Facebook Cusco FC,,https://www.futbolperuano.com/liga-1/noticias/liga-1-comision-disciplinaria-multa-a-cusco-fc-598901,Stewart Luya,liga-1
Comisión Disciplinaria castiga severamente a Unión Minas en la previa del partido ante Alianza Universidad,Liga 2: Unión Minas recibe fuerte multa,Unión Minas visitará a Alianza Universidad en un encuentro correspondiente a la penúltima jornada de la Fase Regional de la Liga 2.,LaComisión Disciplinariade la Liga de Fútbol Profesional Peruana sancionó alClub Deportivo Unión Minas Centromin Pascocon una multa de3.40 UITpor haber infringido el acápite 43.1 del artículo 43 del Reglamento de laLiga 2.,7,2,Unión Minas visitará a Alianza Universidad en un encuentro correspondiente a la penúltima jornada de la Fase Regional de la Liga 2. | Resolución,False,3,"Unión Minas, Liga 2, Alianza Universidad",2,1,Club Deportivo Unión Minas Centromin Pasco,Club Deportivo Unión Minas Centromin Pasco | Liga 2,381,2446,https://cdn.futbolperuano.com/sdi/2026/09/03/liga-2-union-minas-recibe-fuerte-multa-1355711.jpg,1200,Unión Minas recibe fuerte multa. Foto: Facebook Unión Minas Centromin Pasco,,https://www.futbolperuano.com/liga-2/noticias/liga-2-union-minas-recibe-fuerte-multa-598912,Stewart Luya,liga-2
Sporting Cristal sorprende con inesperado cambio y anuncia a su nuevo entrenador para lo que resta de la temporada,Sporting Cristal sorprende y presenta a Daniel Carrasco como reemplazo de Vivian Ayres en la Liga Femenina,Una inesperada decisión cambió los planes de Sporting Cristal para lo que resta de la temporada. El club ya confirmó quién tomará las riendas.,"Sporting Cristalsorprendió este miércoles 2 de septiembre al anunciar a sunuevo entrenadorpara lo que resta delTorneo Clausurade laLiga Femenina 2026. El equipo ‘Bajopontino’ hizo oficial la llegada de Daniel Carrasco, quien toma las riendas del subcampeón del Torneo Apertura tras la salida de Vivian Ayres.",3,3,Una inesperada decisión cambió los planes de Sporting Cristal para lo que resta de la temporada. El club ya confirmó quién tomará las riendas. | Resultados de Sporting Cristal en el Torneo Clausura de la Liga Femenina | Programación de la fecha 8 del Torneo Clausura - Liga Femenina 2026,True,3,"Sporting Cristal, Torneo Clausura, Liga Femenina",2,1,Liga Femenina 2026,Liga Femenina 2026 | Liga Femenina,152,933,https://cdn.futbolperuano.com/sdi/2026/09/03/sporting-cristal-sorprende-y-presenta-a-daniel-carrasco-como-reemplazo-de-vivian-ayres-en-la-liga-femenina-1355615.jpg,1200,Sporting Cristal hizo oficial la llegada de su nuevo entrenador. Foto: Facebook Club Sporting Cristal Femenino?,,https://www.futbolperuano.com/futbol-femenino/liga-femenina/sporting-cristal-sorprende-y-presenta-a-daniel-carrasco-como-reemplazo-de-vivian-ayres-en-la-liga-femenina-598795,Gabriel Rey,futbol-femenino
"Oliver Sonne fue titular, pero Burnley sigue sin ganar y se hunde en la tabla",Oliver Sonne jugó todo el partido en empate de Burnley ante Middlesbrough,Oliver Sonne jugó los 90 minutos en el empate 1-1 entre Burnley y Middlesbrough por la Championship. El equipo del peruano sigue sin ganar.,"Oliver Sonnevolvió a completar un partido conBurnley, pero el resultado volvió a ser insuficiente. El lateral peruano fue titular y disputó los 90 minutos en el empate 1-1 frente aMiddlesbrough, por la cuarta fecha de la segunda división de Inglaterra, en un encuentro que dejó al conjunto local todavía sin conocer la victoria en el campeonato.",8,2,Oliver Sonne jugó los 90 minutos en el empate 1-1 entre Burnley y Middlesbrough por la Championship. El equipo del peruano sigue sin ganar. | Peruanos en el exterior (2026),True,3,"Oliver Sonne, Championship, Peruanos en el Exterior",2,1,Oliver Sonne,Oliver Sonne | Burnley,273,1724,https://cdn.futbolperuano.com/sdi/2026/09/03/oliver-sonne-jugo-todo-el-partido-en-empate-de-burnley-ante-middlesbrough-1355633.jpg,1200,Oliver Sonne fue titular. Foto: Twitter Burnley,,https://www.futbolperuano.com/peruanos-en-el-exterior/noticias/oliver-sonne-jugo-todo-el-partido-en-empate-de-burnley-ante-middlesbrough-598824,Joaquín Vásquez,peruanos-en-el-exterior
“Pudimos dar más”: Ricardo Gareca recordó la eliminación de Perú en Rusia 2018,Ricardo Gareca recordó la participación de la Selección Peruana en Rusia 2018,Ricardo Gareca recordó la participación en Rusia 2018 y aseguró que le quedó la sensación de que el equipo pudo conseguir algo más.,"Han pasado varios años desde aquella participación que marcó el regreso de laSelección Peruanaa una Copa del Mundo, pero Rusia 2018 continúa siendo un recuerdo especial paraRicardo Gareca. El entrenador argentino fue el encargado de llevar al combinado nacional al máximo torneo internacional después de 36 años y, pese a la eliminación en la fase de grupos, considera que el equipo dejó una imagen positiva.",12,2,Ricardo Gareca recordó la participación en Rusia 2018 y aseguró que le quedó la sensación de que el equipo pudo conseguir algo más. | Ricardo Gareca recordó Rusia 2018 y habló de lo que pudo conseguir Perú,False,3,"Selección Peruana, Ricardo Gareca, Rusia 2018",2,1,Selección Peruana,Selección Peruana | Rusia 2018,474,3016,https://cdn.futbolperuano.com/sdi/2026/09/03/ricardo-gareca-recordo-la-participacion-de-la-seleccion-peruana-en-rusia-2018-1355713.jpg,1200,Ricardo Gareca. Foto: Twitter Difusión,,https://www.futbolperuano.com/seleccion/noticias/ricardo-gareca-recordo-la-participacion-de-la-seleccion-peruana-en-rusia-2018-598915,Joaquín Vásquez,seleccion
"Así avanza la remodelación del Complejo Deportivo Las Américas, escenario ayacuchano que tendrá nuevas comodidades para los aficionados",Complejo Deportivo Las Américas: así luce el escenario de Ayacucho que avanza a paso firme con su remodelación,El Complejo Deportivo Las Américas avanza con su remodelación en Ayacucho y podría recibir nuevamente a equipos de las diferentes categorías.,En las alturas de nuestro país un renovadoestadiose alista para reabrir sus puertas a las diferentes divisiones del fútbol peruano; y es que se pudo conocer que el Complejo Deportivo Las Américas viene avanzando a pasas agigantados en lo que respecta a su remodelación.,6,2,El Complejo Deportivo Las Américas avanza con su remodelación en Ayacucho y podría recibir nuevamente a equipos de las diferentes categorías. | ¿Qué equipos podrían jugar de local en este estadio?,False,3,"Estadios de Perú, Perú, Ayacucho",2,1,estadio,estadio | estadio,361,2203,https://cdn.futbolperuano.com/sdi/2026/09/03/complejo-deportivo-las-americas-asi-luce-el-escenario-de-ayacucho-que-avanza-a-paso-firme-con-su-remodelacion-1355625.jpg,1200,El Complejo Deportivo Las Américas avanza a paso firme con su remodelación. Foto: Facebook Gobierno Regional de Ayacucho,,https://www.futbolperuano.com/peru/mas-del-futbol-peruano/complejo-deportivo-las-americas-asi-luce-el-escenario-de-ayacucho-que-avanza-a-paso-firme-con-su-remodelacion-598809,Gabriel Rey,peru
¡No levanta cabeza! Yordy Reyna vuelve a sufrir otro golpe en Rusia con el Rodina Moscú,Yordy Reyna ingresó en el segundo tiempo en derrota de Rodina Moscú ante Spartak,El peruano Yordy Reyna no consigue levantar cabeza con Rodina Moscú y ahora tendrá una nueva oportunidad para reaccionar en la Premier League rusa.,"Yordy Reynavolvió a sumar minutos en el fútbol ruso, aunque esta vez no pudo celebrar una victoria. El atacante peruano ingresó en el segundo tiempo durante la visita de Rodina Moscú al Spartak, por la tercera fecha de la Copa de Rusia, en un encuentro que terminó con triunfo para el conjunto local por 3-1.",6,2,El peruano Yordy Reyna no consigue levantar cabeza con Rodina Moscú y ahora tendrá una nueva oportunidad para reaccionar en la Premier League rusa. | Peruanos en el exterior (2026),True,3,"Yordy Reyna, Peruanos en el Exterior, Rusia",1,1,Yordy Reyna,Yordy Reyna,257,1549,https://cdn.futbolperuano.com/sdi/2026/09/03/yordy-reyna-ingreso-en-el-segundo-tiempo-en-derrota-de-rodina-moscu-ante-spartak-1355631.jpg,1200,Yordy Reyna. Foto: Twitter FC Rodina Moscow,,https://www.futbolperuano.com/peruanos-en-el-exterior/noticias/yordy-reyna-ingreso-en-el-segundo-tiempo-en-derrota-de-rodina-moscu-ante-spartak-598822,Joaquín Vásquez,peruanos-en-el-exterior
Los futbolistas más cotizados de la Liga 1: este es el ranking de los jugadores con mayor valor de mercado,Los 10 jugadores más valiosos de la Liga 1 en 2026 según Transfermarkt,Conoce el ranking de los jugadores con mayor valor de mercado de la Liga 1 y descubre quiénes son los futbolistas más cotizados del campeonato peruano.,"Mientras se sigue desarrollando el Torneo Clausura 2026, uno de los temas que siempre genera interés entre los aficionados es el mercado y el valor de los futbolistas. En ese sentido, el portal especializado Transfermarkt publicó la actualización de los jugadores más valiosos de laLiga 1, donde aparecen representantes de Universitario de Deportes, Sporting Cristal,Alianza Limay Melgar.",8,2,Conoce el ranking de los jugadores con mayor valor de mercado de la Liga 1 y descubre quiénes son los futbolistas más cotizados del campeonato peruano. | El top 10 de jugadores más valiosos de la Liga 1,True,3,"Liga 1 del Fútbol Peruano, Liga 1, Fútbol Peruano",2,1,Liga 1,Liga 1 | Alianza Lima,316,2033,https://cdn.futbolperuano.com/sdi/2026/09/03/los-10-jugadores-mas-valiosos-de-la-liga-1-en-2026-segun-transfermarkt-1355686.jpg,1200,Los jugadores con mayor valor de mercado de la Liga 1. Foto: Twitter Liga 1,,https://www.futbolperuano.com/liga-1/noticias/los-10-jugadores-mas-valiosos-de-la-liga-1-en-2026-segun-transfermarkt-598877,Joaquín Vásquez,liga-1
¿Tienen un trato distinto? Carlos Desio explicó cómo maneja a Cueva y Zambrano en Sport Boys,Carlos Desio habló de Cueva y Zambrano y reveló su particular forma de trabajar con ellos,Carlos Desio explicó cómo maneja a Christian Cueva y Carlos Zambrano dentro de Sport Boys y qué espera de ambos por su experiencia.,"Carlos Desio, entrenador deSport Boys, habló sobre la manera en que trabaja conChristian CuevayCarlos Zambrano, dos de los futbolistas con mayor recorrido dentro del plantel rosado. El estratega argentino explicó cómo maneja a ambos en el día a día y dejó en claro que su experiencia hace que tenga una consideración particular al momento de exigirles.",8,2,Carlos Desio explicó cómo maneja a Christian Cueva y Carlos Zambrano dentro de Sport Boys y qué espera de ambos por su experiencia. | Próximos partidos de Sport Boys,True,4,"Sport Boys, Christian Cueva, Carlos Zambrano, Carlos Desio",2,1,Sport Boys,Sport Boys | Carlos Zambrano,359,2183,https://cdn.futbolperuano.com/sdi/2026/09/03/carlos-desio-hablo-de-cueva-y-zambrano-y-revelo-su-particular-forma-de-trabajar-con-ellos-1355643.jpg,1200,Carlos Desio contó lo que pasa con Cueva y Zambrano en Sport Boys. Foto: Twitter Sport Boys,,https://www.futbolperuano.com/liga-1/noticias/carlos-desio-hablo-de-cueva-y-zambrano-y-revelo-su-particular-forma-de-trabajar-con-ellos-598835,Joaquín Vásquez,liga-1
¡ Bella Esperanza se arma! El campeón de Lima anunció cuatro incorporaciones para afrontar la Etapa Nacional de la Copa Perú 2026,Copa Perú 2026: Bella Esperanza anunció cuatro refuerzos para buscar el ascenso en la Etapa Nacional,Bella Esperanza anunció cuatro refuerzos para afrontar la Etapa Nacional de la Copa Perú 2026 tras conquistar el título departamental de Lima.,"Tras consagrarse campeones de la Liga Departamental de Lima en laCopa Perú 2026, elClub Deportivo Bella Esperanzaanunció4 nuevas incorporacionespara disputar laEtapa Nacionaldel ‘Fútbol Macho’, en donde buscará seguir avanzando y de esa manera tentar el tan ansiado ascenso.",3,3,Bella Esperanza anunció cuatro refuerzos para afrontar la Etapa Nacional de la Copa Perú 2026 tras conquistar el título departamental de Lima. | Fixture de Bella Esperanza en la Etapa Nacional de la Copa Perú 2026 | Clasificados a la Etapa Nacional de la Copa Perú,True,2,"Bella Esperanza, Copa Perú",2,1,Copa Perú 2026,Copa Perú 2026 | Copa Perú 2026,135,823,https://cdn.futbolperuano.com/sdi/2026/09/03/copa-peru-2026-bella-esperanza-anuncio-cuatro-refuerzos-para-buscar-el-ascenso-en-la-etapa-nacional-1355609.jpg,1200,El campeón de Lima anunció cuatro refuerzos para afrontar la Etapa Nacional de la Copa Perú 2026. Foto: Facebook Club Deportivo Bella Esperanza,,https://www.futbolperuano.com/copa-peru/noticias/copa-peru-2026-bella-esperanza-anuncio-cuatro-refuerzos-para-buscar-el-ascenso-en-la-etapa-nacional-598789,Gabriel Rey,copa-peru
¡Remontada histórica! Ignacio Buse superó a Marco Giron y consiguió por primera vez avanzar a la segunda ronda del US Open,Ignacio Buse vs. Marco Giron en vivo online por la primera ronda del US Open 2026,Ignacio Buse remontó ante Marco Giron y consiguió por primera vez en su carrera la clasificación a la segunda ronda del US Open.,"Ignacio Buseconsiguió un importantetriunfoanteMarco Girony logró clasificar a la siguiente ronda delUS Open. El peruano inició el partido perdiendo el primer set, pero logró recuperarse e igualar las acciones. El duelo fue suspendido momentáneamente por mal tiempo, pero en el regreso Buse consiguió ganar el tercer set. En el cuarto no pudo ante el local, pero en el quinto y último pasó por encima a su rival,clasificandoasí por primera vez a lasegunda rondadel Grand Slam estadounidense.",8,1,Ignacio Buse remontó ante Marco Giron y consiguió por primera vez en su carrera la clasificación a la segunda ronda del US Open.,True,3,"Ignacio Buse, US Open, Tenis",3,1,Ignacio Buse,Ignacio Buse | Ignacio Buse | Ignacio Buse,499,2905,https://cdn.futbolperuano.com/sdi/2026/09/02/ignacio-buse-vs-marco-giron-en-vivo-online-por-la-primera-ronda-del-us-open-2026-1355592.jpg,1200,"¡Histórico, Ignacio Buse! El peruano remontó ante Marco Giron,. Foto: Instagram ATP Winston Salem",,https://www.futbolperuano.com/mas-deportes/tenis/ignacio-buse-vs-marco-giron-en-vivo-online-por-la-primera-ronda-del-us-open-2026-598585,Gabriel Rey,mas-deportes
US Open: ¿Quién será el próximo rival de Ignacio Buse en Flushing Meadows?,¿Quién será el próximo rival de Ignacio Buse en el US Open?,El tenista peruano Ignacio Buse inició su andadura en el US Open con un triunfazo ante el estadounidense Marcos Giron.,"Ignacio Buseinició su andadura en elUS Opencon un triunfazo ante el estadounidenseMarcos Giron. El tenista peruano, número 30 del ranking mundial, tuvo que remar desde atrás para quedarse con un maratónico partido de cinco sets (3-6, 6-3, 6-3, 6-7, 6-1) y el boleto a la segunda ronda del cuarto y último Grand Slam de la temporada.",5,2,El tenista peruano Ignacio Buse inició su andadura en el US Open con un triunfazo ante el estadounidense Marcos Giron. | Partidos de Ignacio Buse en el Circuito ATP 2026,True,3,"Ignacio Buse, US Open, Tenis",2,1,Ignacio Buse,Ignacio Buse | US Open,269,1551,https://cdn.futbolperuano.com/sdi/2026/09/02/quien-sera-el-proximo-rival-de-ignacio-buse-en-el-us-open-1355583.jpg,1200,Ignacio Buse. Foto: Facebook ATP Hamburgo,,https://www.futbolperuano.com/mas-deportes/tenis/quien-sera-el-proximo-rival-de-ignacio-buse-en-el-us-open-598762,Stewart Luya,mas-deportes
¡Sigue la polémica! Javier Rabanal respondió a Horacio Melgarejo y aseguró que la trayectoria de ambos entrenadores habla por sí sola,Javier Rabanal arremetió contra Horacio Melgarejo y defendió su carrera: “La verdad del fútbol está en Transfermarkt”,Javier Rabanal respondió a Horacio Melgarejo y cuestionó su trayectoria profesional tras las recientes declaraciones del técnico argentino.,"Las idas y vueltas entreHoracio MelgarejoyJavier Rabanalparecen no tener cuándo terminar. El actual entrenador deCusco FCse pronunció sobre las recientes declaraciones de Rabanal y disparó contra el estratega del ‘Papá’, dejando entrever que es él quien tiene una carrera mucho más exitosa que la de Melgarejo.",7,1,Javier Rabanal respondió a Horacio Melgarejo y cuestionó su trayectoria profesional tras las recientes declaraciones del técnico argentino.,False,3,"Javier Rabanal, Horacio Melgarejo, Liga 1 del Fútbol Peruano",2,1,Horacio Melgarejo,Horacio Melgarejo | Javier Rabanal,455,2624,https://cdn.futbolperuano.com/sdi/2026/09/02/javier-rabanal-arremetio-contra-horacio-melgarejo-y-defendio-su-carrera-la-verdad-del-futbol-esta-en-transfermarkt-1355578.jpg,1200,La polémica entre Horacio Melgarejo y Javier Rabanal continúa. Foto: Facebook Cusco FC - Cienciano,,https://www.futbolperuano.com/liga-1/noticias/javier-rabanal-arremetio-contra-horacio-melgarejo-y-defendio-su-carrera-la-verdad-del-futbol-esta-en-transfermarkt-598758,Gabriel Rey,liga-1
"Ignacio Buse vs Benjamin Bonzi: Fecha, hora y canal por la segunda ronda del US Open","Fecha, hora y canal del partido entre Ignacio Buse y Benjamin Bonzi por la segunda ronda del US Open",Ignacio Buse quiere seguir dejando el nombre del Perú en alto cuando se mida a Benjamin Bonzi en la segunda ronda del US Open.,"Tras dejar en el camino a Marco Giron,Ignacio Buse, primera raqueta nacional, clasificó por primera vez a la segunda ronda delUS Open, torneo al cual clasificó de forma directa al cuadro principal y en donde quiere seguir dejando huella. El actual número 30 del Ranking ATP ya conoce a su rival y nosotros te diremoscuándo y dóndedisfrutar de este vibrante duelo.",4,2,Ignacio Buse quiere seguir dejando el nombre del Perú en alto cuando se mida a Benjamin Bonzi en la segunda ronda del US Open. | La temporada de Ignacio Buse en el Circuito ATP 2026,True,3,"Ignacio Buse, US Open, Tenis",3,1,Ignacio Buse,Ignacio Buse | US Open | FútbolPeruano.com,228,1327,https://cdn.futbolperuano.com/sdi/2026/09/02/fecha-hora-y-canal-del-partido-entre-ignacio-buse-y-benjamin-bonzi-por-la-segunda-ronda-del-us-open-1355599.jpg,1200,"Conoce la fecha, hora y canal del partido entre Ignacio Buse y Benjamin Bonzi. Foto: EFE",,https://www.futbolperuano.com/mas-deportes/tenis/fecha-hora-y-canal-del-partido-entre-ignacio-buse-y-benjamin-bonzi-por-la-segunda-ronda-del-us-open-598780,Gabriel Rey,mas-deportes
Defensor Virgen de las Nieves comenzó sus entrenamientos con nuevas incorporaciones y espera sumar más jugadores para afrontar la Etapa Nacional de la Copa Perú,"Defensor Virgen de las Nieves ya piensa en el ascenso: aseguró sus primeras contrataciones para la Etapa Nacional de la Copa Perú 2026, con Andy Polar entre ellas","Defensor Virgen de las Nieves inició sus entrenamientos para la Etapa Nacional de la Copa Perú 2026 con 8 nuevos refuerzos, entre ellos Andy Polar.","El vigente subcampeón de laLiga Departamental de Arequipa,Defensor Virgen de las Nieves, se prepara para lo que será su participación en la Etapa Nacional de laCopa Perú 2026, motivo por el cuál ya aseguró a sus primeras8 contrataciones, dentro de las cuales destaca la del experimentadoAndy Polar.",2,2,"Defensor Virgen de las Nieves inició sus entrenamientos para la Etapa Nacional de la Copa Perú 2026 con 8 nuevos refuerzos, entre ellos Andy Polar. | Clasificados a la Etapa Nacional de la Copa Perú",True,3,"Copa Perú, Liga Departamental de Arequipa, Andy Polar",2,1,Copa Perú 2026,Copa Perú 2026 | Copa Perú 2026,119,770,https://cdn.futbolperuano.com/sdi/2026/09/03/defensor-virgen-de-las-nieves-ya-piensa-en-el-ascenso-aseguro-sus-primeras-contrataciones-para-la-etapa-nacional-de-la-copa-peru-2026-con-andy-polar-entre-ellas-1355619.jpg,1200,Defensor Virgen de las Nieves se prepara para la Etapa Nacional de la Copa Perú 2026. Foto: Facebook Defensor Virgen de las Nieves,,https://www.futbolperuano.com/copa-peru/noticias/defensor-virgen-de-las-nieves-ya-piensa-en-el-ascenso-aseguro-sus-primeras-contrataciones-para-la-etapa-nacional-de-la-copa-peru-2026-con-andy-polar-entre-ellas-598799,Gabriel Rey,copa-peru
Nacional FBC: histórico equipo arequipeño organiza rifa para pagar su deuda en la Liga 3,Liga 3: histórico equipo arequipeño organiza rifa para pagar su deuda,Nacional FBC visitará este domingo a ANBA en el Estadio Municipal de Macusani por la Fase Regional de la Liga 3.,"Nacional FBC, uno de los equipos más tradicionales de Arequipa y gran animador del Grupo D de laLiga 3, se encuentra realizando una rifa para pagar una fuerte multa (4 UIT) interpuesta por la Comisión Disciplinaria de la Liga Nacional de Fútbol Aficionado (LINFA) de la Federación Peruana de Fútbol (FPF).",3,2,Nacional FBC visitará este domingo a ANBA en el Estadio Municipal de Macusani por la Fase Regional de la Liga 3. | PROGRAMACIÓN DE LA FECHA 14 - LIGA 3,True,3,"Nacional FBC, Liga 3, Arequipa",2,1,Nacional FBC,Nacional FBC | Liga 3,174,962,https://cdn.futbolperuano.com/sdi/2026/09/02/liga-3-historico-equipo-arequipeno-organiza-rifa-para-pagar-su-deuda-1355542.jpg,1200,Histórico equipo arequipeño organiza rifa. Foto: Facebook Nacional Fútbol Club Mollendo,,https://www.futbolperuano.com/liga-3/noticias/liga-3-historico-equipo-arequipeno-organiza-rifa-para-pagar-su-deuda-598716,Stewart Luya,liga-3
Hapoel Beer Sheva: el peruano Adrián Ugarriza fue ovacionado en Israel,El peruano Adrián Ugarriza fue ovacionado en Israel,"Adrián Ugarriza, con pasado en Alianza Lima, Sporting Cristal y Universitario de Deportes, se convirtió en el nuevo refuerzo del Hapoel Beer Sheva.","El delantero peruanoAdrián Ugarrizase hizo presente en el Toto Turner Stadium y fue ovacionado por los hinchas delHapoel Beer Sheva, que este miércoles recibió alHapoel Haifaen un encuentro correspondiente a la primera fecha de la Primera División de Israel (Ligat ha'Al).",6,2,"Adrián Ugarriza, con pasado en Alianza Lima, Sporting Cristal y Universitario de Deportes, se convirtió en el nuevo refuerzo del Hapoel Beer Sheva. | Peruanos en el exterior (2026)",True,3,"Adrián Ugarriza, Hapoel Beer Sheva, Israel",2,1,Adrián Ugarriza,Adrián Ugarriza | Hapoel Beer Sheva,304,1880,https://cdn.futbolperuano.com/sdi/2026/09/02/el-peruano-adrian-ugarriza-fue-ovacionado-en-israel-1355562.jpg,1200,Adrián Ugarriza fue ovacionado en Israel. Foto: Captura de X,,https://www.futbolperuano.com/peruanos-en-el-exterior/noticias/el-peruano-adrian-ugarriza-fue-ovacionado-en-israel-598738,Stewart Luya,peruanos-en-el-exterior
"Mr. Peet fulmina a Sporting Cristal y cuestiona a sus referentes tras el duro momento en el Torneo Clausura: ""No te marca una diferencia""",Mr. Peet fulmina a Sporting Cristal y cuestiona a sus referentes,El periodista deportivo apuntó contra algunos futbolistas de Sporting Cristal luego del duro momento que atraviesa el club en el Torneo Clausura.,Sporting Cristalatraviesa un momento complicado en elTorneo Clausura 2026y la reciente derrota ante Sport Boys provocó una nueva ola de cuestionamientos sobre el rendimiento del equipo. Los rimenses dejaron escapar puntos importantes y se alejaron de la pelea por los primeros lugares del campeonato.,8,1,El periodista deportivo apuntó contra algunos futbolistas de Sporting Cristal luego del duro momento que atraviesa el club en el Torneo Clausura.,False,3,"Peter Arévalo, Sporting Cristal, Liga 1 del Fútbol Peruano",2,1,Sporting Cristal,Sporting Cristal | Torneo Clausura 2026,388,2517,https://cdn.futbolperuano.com/sdi/2026/09/02/mr-peet-fulmina-a-sporting-cristal-y-cuestiona-a-sus-referentes-1355566.jpg,1200,Mr. Peet arremete contra jugadores de Sporting Cristal. Foto: Club Sporting Cristal,,https://www.futbolperuano.com/liga-1/noticias/mr-peet-fulmina-a-sporting-cristal-y-cuestiona-a-sus-referentes-598741,Gabriel Iberico,liga-1
Adrián Ugarriza fichó por campeón de Israel y ya conoce a los rivales que enfrentará en la Europa League,Adrián Ugarriza fichó por campeón de Israel y ya conoce a los rivales que enfrentará en la Europa League,"Adrián Ugarriza es nuevo jugador de Hapoel Beer Sheva, el campeón israelí que disputará la UEFA Europa League 2026/27.","Adrián Ugarrizacomenzó septiembre con una importante novedad para su carrera. El delantero peruano fue presentado como nuevo futbolista deHapoel Beer Sheva, vigente campeón de la Primera División de Israel, y afrontará un nuevo desafío internacional durante la temporada 2026/2027.",9,1,"Adrián Ugarriza es nuevo jugador de Hapoel Beer Sheva, el campeón israelí que disputará la UEFA Europa League 2026/27.",True,3,"Adrián Ugarriza, Europa League, Peruanos en el Exterior",2,1,Adrián Ugarriza,Adrián Ugarriza | Europa League,386,2552,https://cdn.futbolperuano.com/sdi/2026/09/02/adrian-ugarriza-ficho-por-campeon-de-israel-y-ya-conoce-a-los-rivales-que-enfrentara-en-la-europa-league-1355534.jpg,1200,Adrián Ugarriza. Foto: Europa League / hbsfc,,https://www.futbolperuano.com/peruanos-en-el-exterior/noticias/adrian-ugarriza-ficho-por-campeon-de-israel-y-ya-conoce-a-los-rivales-que-enfrentara-en-la-europa-league-598703,Gabriel Iberico,peruanos-en-el-exterior
Sigue reforzándose: Universitario sorprende al anunciar la llegada de volante de la selección de Chile para disputar la Copa Libertadores 2026,Universitario suma un nuevo refuerzo para la Copa Libertadores 2026,Universitario no quiere quedarse atrás y sumó a una nueva variante para su mediocampo. Obtuvo una medalla de plata con Chile en Copa América.,"Universitario de Deportescontinúa trabajando en la conformación de un plantel competitivo para afrontar los diferentes desafíos de la temporada. La institución crema no solo mantiene la atención sobre su primer equipo masculino, sino que también busca fortalecer a sus categorías femeninas, especialmente ante la proximidad de laCopa Libertadores Femenina 2026.",10,1,Universitario no quiere quedarse atrás y sumó a una nueva variante para su mediocampo. Obtuvo una medalla de plata con Chile en Copa América.,False,4,"Universitario de Deportes, Liga Femenina, Copa Libertadores Femenina, Fútbol Femenino",2,1,Universitario de Deportes,Universitario de Deportes | Copa Libertadores Femenina 2026,382,2678,https://cdn.futbolperuano.com/sdi/2026/09/02/universitario-suma-un-nuevo-refuerzo-para-la-copa-libertadores-2026-1355544.jpg,1200,Universitario anuncia un nuevo refuerzo. Foto: @FutFemeninoU / La Roja,,https://www.futbolperuano.com/futbol-femenino/liga-femenina/universitario-suma-un-nuevo-refuerzo-para-la-copa-libertadores-2026-598718,Gabriel Iberico,futbol-femenino
Liga 3: ¿Por qué Juan Aurich no juega en el Estadio Carlos Samamé Cáceres de Ferreñafe?,¿Por qué Juan Aurich no juega en el Estadio Carlos Samamé Cáceres de Ferreñafe?,Juan Aurich recibirá este domingo a Juventud Cautivo en el Estadio Francisco Mendoza Pizarro de Olmos por la Fase Regional de la Liga 3.,"La Liga Nacional de Fútbol Aficionado (LINFA) dio a conocer la programación de la decimocuarta jornada de la Fase Regional de laLiga 3y, para sorpresa de los hinchas delJuan Aurich, el partido anteJuventud Cautivono se jugará enFerreñafe(Estadio Carlos Samamé Cáceres).",9,2,Juan Aurich recibirá este domingo a Juventud Cautivo en el Estadio Francisco Mendoza Pizarro de Olmos por la Fase Regional de la Liga 3. | Comunicado del 'Ciclón del Norte',False,3,"Juan Aurich, Liga 3, Juventud Cautivo",2,1,Liga 3,Liga 3 | Juan Aurich,372,2249,https://cdn.futbolperuano.com/sdi/2026/09/02/por-que-juan-aurich-no-juega-en-el-estadio-carlos-samame-caceres-de-ferrenafe-1355532.jpg,1200,Juan Aurich recibirá a Juventud Cautivo en Olmos. Foto: Facebook Club Juan Aurich,,https://www.futbolperuano.com/liga-3/noticias/por-que-juan-aurich-no-juega-en-el-estadio-carlos-samame-caceres-de-ferrenafe-598702,Stewart Luya,liga-3
La búsqueda del ‘10’ de Perú: Mano Menezes ya tendría a su favorito en la 'Bicolor',Mano Menezes sorprendió al elegir al nuevo ‘10’ de la selección peruana,Mano Menezes habló sobre la posición que ha generado dudas en la Bicolor y señalo al futbolista que considera ideal para esa función.,"LaSelección Peruanacontinúa trabajando en la búsqueda de un equipo que pueda competir al más alto nivel en los próximos desafíos internacionales. Uno de los puestos que más interrogantes ha generado en la Bicolor es el de volante ofensivo, una posición que en los últimos años ha pasado por diferentes nombres sin encontrar un dueño indiscutible.",11,4,"Mano Menezes habló sobre la posición que ha generado dudas en la Bicolor y señalo al futbolista que considera ideal para esa función. | Jairo Vélez, el elegido para llevar la ‘10’ | Los números de Jairo Vélez con Perú | ¿Cuándo vuelve a jugar la Selección Peruana?",True,3,"Selección Peruana, Mano Menezes, Jairo Vélez",2,1,Selección Peruana,Selección Peruana | Mano Menezes,346,2219,https://cdn.futbolperuano.com/sdi/2026/09/02/mano-menezes-sorprendio-al-elegir-al-nuevo-10-de-la-seleccion-peruana-1355535.jpg,1200,"Mano Menezes, DT de la Selección Peruana. Foto: Twitter Universitario de Deportes",,https://www.futbolperuano.com/seleccion/noticias/mano-menezes-sorprendio-al-elegir-al-nuevo-10-de-la-seleccion-peruana-598705,Joaquín Vásquez,seleccion
Selección Peruana: se confirma la fecha en la que se anunciará a convocatoria para enfrentar a Estados Unidos y México,Selección Peruana: se confirma la fecha en la que se anunciará a convocatoria,La Selección Peruana se alista para sus próximos amistosos y se conoció la fecha en la que Mano Menezes anunciará a los convocados.,"LaSelección Peruanase prepara para regresar a la actividad internacional durante septiembre, mes en el que disputará dos partidos amistosos como parte de su preparación rumbo a las próximas Eliminatorias. La ‘Bicolor’ tendrá como rivales a Estados Unidos y México en una nueva fecha FIFA.",10,2,La Selección Peruana se alista para sus próximos amistosos y se conoció la fecha en la que Mano Menezes anunciará a los convocados. | ¿Los próximos amistosos de la Selección Peruana?,True,3,"Selección Peruana, Mano Menezes, Perú",2,1,Selección Peruana,Selección Peruana | Mano Menezes.,380,2612,https://cdn.futbolperuano.com/sdi/2026/09/02/seleccion-peruana-se-confirma-la-fecha-en-la-que-se-anunciara-a-convocatoria-1355563.jpg,1200,Selección Peruana. Foto: FPF,,https://www.futbolperuano.com/seleccion/noticias/seleccion-peruana-se-confirma-la-fecha-en-la-que-se-anunciara-a-convocatoria-598739,Gabriel Iberico,seleccion
"Programación de la fecha 14 de la Liga 3, con Unión Santo Domingo y Alianza Lima como protagonistas",Programación de la fecha 14 de la Liga 3 - 2026,La decimocuarta jornada de la Fase Regional de la Liga 3 (Tercera División) se jugará del viernes 4 al domingo 6 de septiembre.,"La Liga Nacional de Fútbol Aficionado dio a conocer la programación de la decimocuarta jornada de laFase Regionalde laLiga 3, la cual se disputará del viernes 4 al domingo 6 de septiembre y tendrá como protagonistas a Unión Santo Domingo, Alianza Lima, ASA FC y FBC Melgar.",3,2,La decimocuarta jornada de la Fase Regional de la Liga 3 (Tercera División) se jugará del viernes 4 al domingo 6 de septiembre. | PROGRAMACIÓN DE LA FECHA 14 - LIGA 3,True,3,"Liga 3, Unión Santo Domingo, Alianza Lima",2,1,Fase Regional,Fase Regional | Liga 3,127,744,https://cdn.futbolperuano.com/sdi/2026/09/01/programacion-de-la-fecha-14-de-la-liga-3--2026-1355366.jpg,1200,Unión Santo Domingo lidera el Grupo A. Foto: Facebook Club Unión Santo Domingo,,https://www.futbolperuano.com/liga-3/noticias/programacion-de-la-fecha-14-de-la-liga-3--2026-598504,Stewart Luya,liga-3
Copa Perú: Domingo Dianderas pacta amistoso de peso en la previa de la Etapa Nacional,Copa Perú: Domingo Dianderas pacta amistoso de peso,Domingo Dianderas consiguió una histórica clasificación a la Etapa Nacional tras haber conseguido un histórico triplete en la Copa Perú.,"El sorprendenteDomingo Dianderas FC, vencedor de la Liga Distrital de Chincha Alta, ganador de la Liga Provincial de Chincha y campeón de la Liga Departamental de Ica, pactó un amistoso de peso con la mirada puesta en laEtapa Nacionalde laCopa Perú 2026.",4,2,Domingo Dianderas consiguió una histórica clasificación a la Etapa Nacional tras haber conseguido un histórico triplete en la Copa Perú. | Fecha 1 de la Etapa Nacional de la Copa Perú,True,3,"Copa Perú, Domingo Dianderas, Ica",2,1,Domingo Dianderas FC,Domingo Dianderas FC | Copa Perú 2026,173,1065,https://cdn.futbolperuano.com/sdi/2026/09/02/copa-peru-domingo-dianderas-pacta-amistoso-de-peso-1355570.jpg,1200,Domingo Dianderas pacta amistoso de peso. Foto: Facebook Domingo Dianderas FC,,https://www.futbolperuano.com/copa-peru/noticias/copa-peru-domingo-dianderas-pacta-amistoso-de-peso-598747,Stewart Luya,copa-peru
¿Adiós a Alianza Lima? Esto pasa con Pablo Guede tras la caída ante Deportivo Garcilaso,Pablo Guede y su situación en Alianza Lima tras los rumores de renuncia,Pablo Guede vuelve a estar en el centro de la atención en Alianza Lima tras los rumores sobre una posible salida.,"Alianza Limaatraviesa días de tensión luego de la derrota ante Deportivo Garcilaso en Matute, resultado que complicó sus aspiraciones en el Torneo Clausura. A este escenario se sumaron cuestionamientos alrededor de la institución y, en las últimas horas, fuertes rumores sobre una posible renuncia dePablo Guede.",11,3,Pablo Guede vuelve a estar en el centro de la atención en Alianza Lima tras los rumores sobre una posible salida. | ¿Pablo Guede seguirá al frente de Alianza Lima? | Filtraciones internas generan malestar en Alianza Lima,False,3,"Alianza Lima, Pablo Guede, Liga 1",2,1,Alianza Lima,Alianza Lima | Pablo Guede,469,2911,https://cdn.futbolperuano.com/sdi/2026/09/02/pablo-guede-y-su-situacion-en-alianza-lima-tras-los-rumores-de-renuncia-1355518.jpg,1200,Pablo Guede. Foto: Twitter Alianza Lima,,https://www.futbolperuano.com/liga-1/noticias/pablo-guede-y-su-situacion-en-alianza-lima-tras-los-rumores-de-renuncia-598686,Joaquín Vásquez,liga-1
Copa Federación 2026: así se jugará la Liguilla Oro-Plata de Promoción y Permanencia y este es el fixture completo,Fixture completo de la Liguilla Oro-Plata de Promoción y Permanencia de la Copa Federación 2026,"Conoce el fixture de la Liguilla de la Copa Federación Oro-Plata, donde los equipos buscarán definir su promoción o permanencia.","Tras 22 intensas jornadas de laCopa Federación Copa Oro y Copa Plata A, llegó el momento de conocer qué equipos se quedan en la división de élite del fútbol de menores y qué equipos suben.",5,4,"Conoce el fixture de la Liguilla de la Copa Federación Oro-Plata, donde los equipos buscarán definir su promoción o permanencia. | ¿Cómo se jugará la Liguilla Oro-Plata? | Fixture de la SERIE A de la Liguilla ORO-PLATA | Fixture de la SERIE B de la Liguilla ORO-PLATA",True,3,"Copa Federación, Fútbol de Menores, Universidad San Martín",3,1,Copa Federación Copa Oro y Copa Plata A,Copa Federación Copa Oro y Copa Plata A | Copa Federación Oro | Copa Federación Plata A,138,827,https://cdn.futbolperuano.com/sdi/2026/09/02/fixture-completo-de-la-liguilla-oro-plata-de-promocion-y-permanencia-de-la-copa-federacion-2026-1355551.jpg,1200,Fuerza Ganadora es un candidato al ascenso. Foto: Facebook Academia Club Sporting Cristal?,,https://www.futbolperuano.com/futbol-de-menores/copa-federacion/fixture-completo-de-la-liguilla-oro-plata-de-promocion-y-permanencia-de-la-copa-federacion-2026-598724,Enrique Giles,futbol-de-menores
¿Oferta en mano? Sport Boys quiere a Yoshimar Yotún para su centenario,Yoshimar Yotún es una de las opciones de Sport Boys pensando en el Centenario,Sport Boys ya piensa en su Centenario y un directivo reveló que preguntó directamente a Yoshimar Yotún por la posibilidad de llegar al club.,"Sport Boysatraviesa uno de sus mejores momentos de la temporada y la ilusión comienza a crecer entre sus hinchas. El conjunto chalaco se ubica en los primeros lugares delTorneo Clausura 2026y, mientras pelea por objetivos importantes en el campeonato, la dirigencia también empieza a pensar en lo que será una fecha histórica para la institución.",15,1,Sport Boys ya piensa en su Centenario y un directivo reveló que preguntó directamente a Yoshimar Yotún por la posibilidad de llegar al club.,False,3,"Sport Boys, Yoshimar Yotún, Sporting Cristal",2,1,Sport Boys,Sport Boys | Sporting Cristal,423,2682,https://cdn.futbolperuano.com/sdi/2026/09/02/yoshimar-yotun-es-una-de-las-opciones-de-sport-boys-pensando-en-el-centenario-1355541.jpg,1200,Yoshimar Yotún. Foto: Twitter Sporting Cristal,,https://www.futbolperuano.com/liga-1/noticias/yoshimar-yotun-es-una-de-las-opciones-de-sport-boys-pensando-en-el-centenario-598714,Joaquín Vásquez,liga-1
Copa Perú 2026: un nuevo reclamo remece la Liga Departamental de Piura,Copa Perú: un nuevo reclamo remece la Liga Departamental de Piura,Atlético Torino (Talara) y Deportivo Caysa (Morropón) sellaron sus respectivos boletos a la Etapa Nacional de la Copa Perú 2026.,"ElClub Cultural Deportivo San Martín Occidentede Paita presentó un reclamo en contra delClub Deportivo Caysade Morropón por la alineación indebida del jugadorJanhver Junior Gómez García, durante el encuentro que ambos equipos sostuvieron el pasado fin de semana en el Estadio Hermanos Cárcamo, por las semifinales de vuelta de laEtapa Departamental de Piura, y que terminó con triunfo por penales de los de Yapatera.",10,2,Atlético Torino (Talara) y Deportivo Caysa (Morropón) sellaron sus respectivos boletos a la Etapa Nacional de la Copa Perú 2026. | Reclamo de San Martín Occidente,False,3,"Copa Perú, Piura, Fútbol",2,2,Etapa Nacional,Etapa Nacional | Copa Perú,442,2786,https://cdn.futbolperuano.com/sdi/2026/09/02/copa-peru-un-nuevo-reclamo-remece-la-liga-departamental-de-piura-1355553.jpg,1200,Un nuevo reclamo remece la Liga Departamental de Piura. Foto: Facebook Fútbol y Goles 360,,https://www.futbolperuano.com/copa-peru/noticias/copa-peru-un-nuevo-reclamo-remece-la-liga-departamental-de-piura-598726,Stewart Luya,copa-peru
Cienciano: Conmebol sanciona con fuerte multa al ‘Papá’ tras su clasificación a los cuartos de final de la Copa Sudamericana,Conmebol sanciona duramente a Cienciano en la Copa Sudamericana,Cienciano atraviesa un momento de ensueño en la Copa Sudamericana tras clasificarse a los cuartos de final luego de eliminar a Botafogo.,"Ciencianoatraviesa una de las etapas más destacadas de su temporada luego de conseguir una clasificación histórica en laCopa Sudamericana 2026. El conjunto cusqueño dejó fuera de competencia a Botafogo y aseguró su presencia en los cuartos de final, generando una enorme expectativa en todo el país.",8,1,Cienciano atraviesa un momento de ensueño en la Copa Sudamericana tras clasificarse a los cuartos de final luego de eliminar a Botafogo.,False,3,"Cienciano, Copa Sudamericana, Conmebol",2,1,Cienciano,Cienciano | Copa Sudamericana 2026,364,2572,https://cdn.futbolperuano.com/sdi/2026/09/02/conmebol-sanciona-duramente-a-cienciano-en-la-copa-sudamericana-1355521.jpg,1200,Cienciano recibe dura sanción de parte de Conmebol. Foto: Clu Cienciano,,https://www.futbolperuano.com/copa-sudamericana/noticias/conmebol-sanciona-duramente-a-cienciano-en-la-copa-sudamericana-598691,Gabriel Iberico,copa-sudamericana
Copa Perú ¿el campeón de Puno podría quedar fuera de la Etapa Nacional?,¿El campeón de Puno podría quedar fuera de la Copa Perú?,Leones de Anccaca selló su boleto a la Etapa Nacional de la Copa Perú como campeón de la Etapa Departamental de Puno.,"ElClub Social Deportivo Leones de Anccacaemitió un comunicado en el que le pidió a la Liga Deportiva Departamental de Fútbol de Puno (LDDFP) que se pronuncie y confirme su participación en laEtapa Nacionalde laCopa Perú, tras las recientes versiones que indican la pérdida de puntos y la eliminación de los equipos puneños de la competición.",7,3,Leones de Anccaca selló su boleto a la Etapa Nacional de la Copa Perú como campeón de la Etapa Departamental de Puno. | Pronunciamiento | Clasificados a la Etapa Nacional de la Copa Perú,True,3,"Copa Perú, Puno, Fútbol",2,1,Club Social Deportivo Leones de Anccaca,Club Social Deportivo Leones de Anccaca | Copa Perú,304,2001,https://cdn.futbolperuano.com/sdi/2026/09/02/el-campeon-de-puno-podria-quedar-fuera-de-la-copa-peru-1355523.jpg,1200,Leones de Anccaca. Foto: Facebook C.S.D Leones de Anccaca-oficial,,https://www.futbolperuano.com/copa-peru/noticias/el-campeon-de-puno-podria-quedar-fuera-de-la-copa-peru-598693,Stewart Luya,copa-peru
¿Quiénes tendrán la bandera peruana en Europa? Los nombres que jugarán torneos UEFA,Conoce a los futbolistas peruanos que disputarán la Europa League y Conference League 2026/27,La temporada europea 2026/27 tendrá presencia peruana. Estos son los futbolistas nacionales que buscarán destacar en los torneos UEFA.,"Los peruanos en el extranjero siguen dando de qué hablar y esta temporada tendrán una nueva oportunidad para representar al país en el fútbol europeo. Con el inicio de las fases de liga de los torneosUEFAcada vez más cerca, varios futbolistas nacionales ya conocen a los rivales que enfrentarán durante la campaña 2026/27.",17,1,La temporada europea 2026/27 tendrá presencia peruana. Estos son los futbolistas nacionales que buscarán destacar en los torneos UEFA.,False,4,"UEFA, Europa League, Conference League, Peruanos en el Exterior",2,1,UEFA,UEFA | Adrián Ugarriza,515,3321,https://cdn.futbolperuano.com/sdi/2026/09/02/conoce-a-los-futbolistas-peruanos-que-disputaran-la-europa-league-y-conference-league-202627-1355493.jpg,1200,Los peruanos que disputarán torneos UEFA esta temporada. Foto: Twitter Difusión,,https://www.futbolperuano.com/peruanos-en-el-exterior/noticias/conoce-a-los-futbolistas-peruanos-que-disputaran-la-europa-league-y-conference-league-202627-598661,Joaquín Vásquez,peruanos-en-el-exterior
¿Cada vez más importante? Jesús Pretell volvió a completar un partido con LDU Quito,Jesús Pretell jugó los 90 minutos en el empate de LDU Quito ante Mushuc Runa,El peruano Jesús Pretell jugó los 90 minutos en el empate 0-0 entre LDU Quito y Mushuc Runa por la LigaPro 2026.,"Jesús Pretellcontinúa sumando protagonismo en el fútbol ecuatoriano. El volante peruano fue titular y disputó los 90 minutos en el empate sin goles entreLDU QuitoyMushuc Runa, por una nueva jornada de laLigaPro 2026. El mediocampista volvió a contar con la confianza del comando técnico y completó todo el encuentro en el estadio Rodrigo Paz Delgado.",6,2,El peruano Jesús Pretell jugó los 90 minutos en el empate 0-0 entre LDU Quito y Mushuc Runa por la LigaPro 2026. | Peruanos en el exterior (2026),True,3,"Jesús Pretell, LDU de Quito, Peruanos en el Exterior",2,1,Jesús Pretell,Jesús Pretell | LigaPro 2026,276,1723,https://cdn.futbolperuano.com/sdi/2026/09/02/jesus-pretell-jugo-los-90-minutos-en-el-empate-de-ldu-quito-ante-mushuc-runa-1355490.jpg,1200,Jesús Pretell. Foto: Twitter LDU Quito,,https://www.futbolperuano.com/peruanos-en-el-exterior/noticias/jesus-pretell-jugo-los-90-minutos-en-el-empate-de-ldu-quito-ante-mushuc-runa-598657,Joaquín Vásquez,peruanos-en-el-exterior
¿Se acuerdan de él? Dejó Juan Pablo II y ahora jugará en un histórico club del fútbol uruguayo,Cristhian Tizón dejó la Liga 1 y fue anunciado como nuevo refuerzo de Danubio,Ex jugador de Juan Pablo II que estuvo las últimas dos temporadas en Chongoyape fichó por un equipo tradicional en el fútbol charrúa.,"Juan Pablo IIcontinúa compitiendo en el Torneo Clausura de laLiga 1y actualmente se ubica en el octavo lugar con 11 puntos. En la tabla acumulada, el conjunto de Chongoyape suma 27 unidades y se mantiene en la pelea por asegurar su permanencia en la máxima categoría del fútbol peruano.",11,3,Ex jugador de Juan Pablo II que estuvo las últimas dos temporadas en Chongoyape fichó por un equipo tradicional en el fútbol charrúa. | Vuelve a Uruguay | Próximos partidos de Juan Pablo II,True,3,"Juan Pablo II, Liga 1, Danubio",2,1,Juan Pablo II,Juan Pablo II | Liga 1,304,1941,https://cdn.futbolperuano.com/sdi/2026/09/02/cristhian-tizon-dejo-la-liga-1-y-fue-anunciado-como-nuevo-refuerzo-de-danubio-1355488.jpg,1200,"Juan Pablo II, club que milita en Liga 1. Foto: Twitter Juan Pablo ll",,https://www.futbolperuano.com/liga-1/noticias/cristhian-tizon-dejo-la-liga-1-y-fue-anunciado-como-nuevo-refuerzo-de-danubio-598651,Joaquín Vásquez,liga-1
Para sacarlo a flote: Víctor Rivera es nuevo técnico de ADT de Tarma para lo que resta del Torneo Clausura,Víctor Rivera es nuevo técnico de ADT de Tarma,"El experimentado técnico nacional, Víctor Rivera, vuelve a la Liga 1 para tomar las riendas de ADT de Tarma por lo que resta del Torneo Clausura.","ADT de Tarmaatraviesa uno de sus momentos más complicados de la temporada. El cuadro celeste ocupa el último lugar delTorneo Clausura 2026con apenas dos puntos después de siete jornadas, una campaña que también terminó perjudicándolo considerablemente en la clasificación acumulada.",9,1,"El experimentado técnico nacional, Víctor Rivera, vuelve a la Liga 1 para tomar las riendas de ADT de Tarma por lo que resta del Torneo Clausura.",False,3,"Víctor Rivera, ADT de Tarma, Liga 1 del Fútbol Peruano",2,1,ADT de Tarma,ADT de Tarma | Torneo Clausura 2026,399,2586,https://cdn.futbolperuano.com/sdi/2026/09/02/victor-rivera-es-nuevo-tecnico-de-adt-de-tarma-1355513.jpg,1200,Víctor Rivera es nuevo entrenador de ADT. Foto: Club USMP / ADT de Tarma,,https://www.futbolperuano.com/liga-1/noticias/victor-rivera-es-nuevo-tecnico-de-adt-de-tarma-598682,Gabriel Iberico,liga-1
¡Volvió! Bassco Soyer reapareció como titular tras superar su lesión en Portugal,Bassco Soyer volvió al once inicial de Gil Vicente Sub-23 tras superar su lesión,Bassco Soyer volvió a las canchas luego de recuperarse de una lesión en el brazo y fue titular con Gil Vicente Sub-23.,"Bassco Soyervolvió a tener acción con Gil Vicente Sub-23 después de superar la lesión que lo había mantenido alejado de las canchas. El futbolista peruano fue incluido en el once titular para enfrentar a Río Ave por la cuarta jornada de la Liga Next Gen U23, marcando así su regreso a la competencia en la presente temporada.",7,3,"Bassco Soyer volvió a las canchas luego de recuperarse de una lesión en el brazo y fue titular con Gil Vicente Sub-23. | Matías Martínez, el otro peruano que llegó en julio | Calendario de Gil Vicente U23",True,3,"Bassco Soyer, Gil Vicente, Peruanos en el Exterior",2,1,Bassco Soyer,Bassco Soyer | Matías Martínez,299,1840,https://cdn.futbolperuano.com/sdi/2026/09/02/bassco-soyer-volvio-al-once-inicial-de-gil-vicente-sub-23-tras-superar-su-lesion-1355487.jpg,1200,Bassco Soyer en Portugal. Foto: Twitter Gil Vicente,,https://www.futbolperuano.com/peruanos-en-el-exterior/noticias/bassco-soyer-volvio-al-once-inicial-de-gil-vicente-sub-23-tras-superar-su-lesion-598650,Joaquín Vásquez,peruanos-en-el-exterior
Representante de Paolo Guerrero rompió su silencio por la polémica en Alianza Lima,"Gabriel Sapio, representante de Paolo Guerrero, respondió por su vínculo con Alianza Lima",Representante de Paolo Guerrero habló sobre su vínculo contractual con Alianza Lima y la vinculación que tiene con el club.,"La polémica alrededor dePaolo GuerreroyAlianza Limasumó un nuevo capítulo.Gabriel Sapio, representante del delantero nacional, decidió pronunciarse luego de que en la última asamblea de socios se revelara que también mantuvo un vínculo contractual con la institución blanquiazul durante esta temporada.",12,3,Representante de Paolo Guerrero habló sobre su vínculo contractual con Alianza Lima y la vinculación que tiene con el club. | Gabriel Sapio respondió a los cuestionamientos | ¿Qué función cumplía Sapio en Alianza Lima?,False,3,"Alianza Lima, Paolo Guerrero, Liga 1",2,1,Paolo Guerrero,Paolo Guerrero | Alianza Lima,453,3053,https://cdn.futbolperuano.com/sdi/2026/09/02/gabriel-sapio-representante-de-paolo-guerrero-respondio-por-su-vinculo-con-alianza-lima-1355555.jpg,1200,Gabriel Sapio habló sobre su relación profesional con Alianza Lima. Foto: Twitter Alianza Lima,,https://www.futbolperuano.com/liga-1/noticias/gabriel-sapio-representante-de-paolo-guerrero-respondio-por-su-vinculo-con-alianza-lima-598729,Joaquín Vásquez,liga-1
Selección Peruana: Las convocadas de Rizola para el Campeonato Sudamericano de Vóley 2026,Las convocadas de la Selección Peruana para el Campeonato Sudamericano de Vóley 2026,El técnico Antonio Rizola confirmó a las viajeras de la Selección Peruana para disputar el Sudamericano de Vóley 2026.,"¡Lista confirmada! En medio de los entrenamientos de laSelección Peruana, el técnico Antonio Rizola anunció a las 14 convocadas que viajarán rumbo a Brasil para disputar elCampeonato Sudamericano de Vóley 2026, que se disputará del 08 al 13 de septiembre.",7,3,El técnico Antonio Rizola confirmó a las viajeras de la Selección Peruana para disputar el Sudamericano de Vóley 2026. | Las convocadas de Perú para el Sudamericano de Vóley 2026 | Fixture de la 'Bicolor',True,3,"Selección Peruana, Selección Peruana de Vóley, Sudamericano de Vóley Femenino",2,1,Campeonato Sudamericano de Vóley 2026,Campeonato Sudamericano de Vóley 2026 | combinado femenino de Perú,345,2022,https://cdn.futbolperuano.com/sdi/2026/09/02/las-convocadas-de-la-seleccion-peruana-para-el-campeonato-sudamericano-de-voley-2026-1355478.jpg,1200,Perú se alista para el Sudamericano de Vóley 2026. Foto: Facebook FPV: Federación Peruana de Vóleibol 2,,https://www.futbolperuano.com/liga-voley/las-convocadas-de-la-seleccion-peruana-para-el-campeonato-sudamericano-de-voley-2026-598633,Jorge Cruzalegui,liga-voley
Copa Perú 2026: El fixture de Domingo Dianderas para la primera fase de la Etapa Nacional,Domingo Dianderas y su fixture para la Etapa Nacional de la Copa Perú 2026,"Domingo Dianderas, campeón de la Departamental de Ica, se prepara para el inicio de la Etapa Nacional de la Copa Perú 2026.","Uno de los 'equipos sensación' de laCopa Perú 2026es, sin duda,Domingo Dianderas. El equipo campeón de la Liga Departamental de Ica se viene poniendo a punto para lo que será su participación en laEtapa Nacional, instancia en donde ya sabe a qué rivales enfrentará.",5,3,"Domingo Dianderas, campeón de la Departamental de Ica, se prepara para el inicio de la Etapa Nacional de la Copa Perú 2026. | Fixture de Domingo Dianderas en la Etapa Nacional | Los 50 equipos clasificados a la Etapa Nacional - Copa Perú 2026",True,3,"Domingo Dianderas, Copa Perú, Perú",2,1,Copa Perú 2026,Copa Perú 2026 | Copa Perú,195,1120,https://cdn.futbolperuano.com/sdi/2026/09/02/domingo-dianderas-y-su-fixture-para-la-etapa-nacional-de-la-copa-peru-2026-1355484.jpg,1200,Domingo Dianderas listos para la Etapa Nacional. Foto: Facebook Domingo Dianderas FC,,https://www.futbolperuano.com/copa-peru/noticias/domingo-dianderas-y-su-fixture-para-la-etapa-nacional-de-la-copa-peru-2026-598644,Jorge Cruzalegui,copa-peru
"Partidos de Hoy, miércoles 02 de septiembre del 2026: Horarios del fútbol en vivo por televisión en el Perú",Programación de partidos por TV del miércoles 02 de septiembre del 2026,"El miércoles 02 de septiembre estará cargado de mucho fútbol en el mundo, y sabrás dónde verlo en la parrilla de fútbol por TV.","El fútbol no se detiene y este miércoles 02 de septiembre de 2026 lo podremos disfrutar más que nunca, pues varias de las ligas a lo largo del mundo comienzan a reiniciarse, así como los torneos internacionales más importantes; por ello, te traemos los duelos más esperados por los hinchas. Recuerda que puedes ver la programación deFútbol por TVcompleta en Futbolperuano.com.",6,2,"El miércoles 02 de septiembre estará cargado de mucho fútbol en el mundo, y sabrás dónde verlo en la parrilla de fútbol por TV. | Peruanos en acción",False,3,"Fútbol por TV, Fútbol, Peruanos en el Exterior",2,1,Fútbol por TV,Fútbol por TV | Fútbol por TV,377,2157,https://cdn.futbolperuano.com/sdi/2026/09/01/programacion-de-partidos-por-tv-del-miercoles-02-de-septiembre-del-2026-1355435.jpg,1200,Fútbol por TV: miércoles 02 de septiembre de 2026. Foto: EFE,,https://www.futbolperuano.com/partidos-por-tv/noticias/programacion-de-partidos-por-tv-del-miercoles-02-de-septiembre-del-2026-598589,Jorge Cruzalegui,partidos-por-tv
Primera titularidad: Santiago Ormeño presente en el debut de Montevideo Wanderers en la Copa de Uruguay 2026,Santiago Ormeño titular con Montevideo Wanderers en inicio de Copa de Uruguay 2026,"Montevideo Wanderers, con el peruano Santiago Ormeño, enfrentó a CA Cerro en el arranque de la Copa de Uruguay 2026.","El delantero nacionalSantiago Ormeñotuvo su primera prueba de fuego con la camiseta deMontevideo Wanderers, al ser considerado por primera vez como titular en el duelo ante CA Cerro que acabó igualado a uno (1-1) en el arranque de laCopa de Uruguay 2026.",6,2,"Montevideo Wanderers, con el peruano Santiago Ormeño, enfrentó a CA Cerro en el arranque de la Copa de Uruguay 2026. | Peruanos en el exterior (2026)",True,3,"Santiago Ormeño, Montevideo Wanderers, Copa de Uruguay",2,1,Santiago Ormeño,Santiago Ormeño | futbolista peruano,267,1571,https://cdn.futbolperuano.com/sdi/2026/09/02/santiago-ormeno-titular-con-montevideo-wanderers-en-inicio-de-copa-de-uruguay-2026-1355469.jpg,1200,"Plantel Wanderers, marzo de 2026. Foto: Facebook Montevideo Wanderers Fútbol Club",,https://www.futbolperuano.com/peruanos-en-el-exterior/noticias/santiago-ormeno-titular-con-montevideo-wanderers-en-inicio-de-copa-de-uruguay-2026-598621,Jorge Cruzalegui,peruanos-en-el-exterior
¿Se va? Julio César Uribe revela el futuro de Roberto Mosquera tras la preocupante situación de Sporting Cristal,Julio César Uribe revela el futuro de Roberto Mosquera tras la preocupante situación de Sporting Cristal,El director general de fútbol de Sporting Cristal rompe su silencio y revela el futuro de Roberto Mosquera en el banquillo celeste.,Sporting Cristalatraviesa una etapa de preocupación en laLiga 1 2026y la reciente derrota por 1-0 ante Sport Boys en el estadio Miguel Grau del Callao incrementó las dudas alrededor del equipo. Los celestes han perdido terreno en elTorneo Clausuray también mantienen una situación incómoda en la tabla acumulada.,8,1,El director general de fútbol de Sporting Cristal rompe su silencio y revela el futuro de Roberto Mosquera en el banquillo celeste.,False,3,"Roberto Mosquera, Julio César Uribe, Sporting Cristal",2,1,Sporting Cristal,Sporting Cristal | Liga 1 2026,428,2728,https://cdn.futbolperuano.com/sdi/2026/09/02/julio-cesar-uribe-revela-el-futuro-de-roberto-mosquera-tras-la-preocupante-situacion-de-sporting-cristal-1355507.jpg,1200,Julio César Uribe y Roberto Mosquera. Foto: Club Sporting Cristal,,https://www.futbolperuano.com/liga-1/noticias/julio-cesar-uribe-revela-el-futuro-de-roberto-mosquera-tras-la-preocupante-situacion-de-sporting-cristal-598676,Gabriel Iberico,liga-1
Al Brasileirao: Dos jóvenes futbolistas peruanos firmaron por equipo de la Primera División de Brasil,Dos jóvenes futbolistas peruanos firmaron por equipo del Brasileirao,Denilson Bautista y Flavio Muñoz buscarán hacerse un camino en el Brasileirao luego de sellar su llegada al club Remo.,"¡Primera experiencia internacional!Dos jóvenes peruanoscumplirán el sueño de todo futbolista de emigrar a una liga competitiva como la delBrasileirao, esto luego de una larga formación deportiva en dicho país.",10,2,Denilson Bautista y Flavio Muñoz buscarán hacerse un camino en el Brasileirao luego de sellar su llegada al club Remo. | ¿Qué peruanos juegan en el Brasileirao?,False,3,"Brasileirao, Peruanos en el Exterior, Remo",3,1,Brasileirao,Brasileirao | André Carrillo | Erick Noriega,403,2520,https://cdn.futbolperuano.com/sdi/2026/09/02/dos-jovenes-futbolistas-peruanos-firmaron-por-equipo-del-brasileirao-1355472.jpg,1200,Dos peruanos firmaron por Remo de Brasil. Foto: Facebook Clube do Remo,,https://www.futbolperuano.com/peruanos-en-el-exterior/noticias/dos-jovenes-futbolistas-peruanos-firmaron-por-equipo-del-brasileirao-598625,Jorge Cruzalegui,peruanos-en-el-exterior
Alfonso Ugarte de Vice presentó un reclamo contra Atlético Torino por la presunta inscripción irregular de cinco jugadores en la Etapa Departamental,Alfonso Ugarte de Vice presenta reclamo contra Atlético Torino por presunta inscripción irregular de cinco refuerzos en la Copa Perú 2026,Alfonso Ugarte de Vice presentó un reclamo contra Atlético Torino por la supuesta inscripción y participación irregular de cinco jugadores.,"Tras quedar eliminado de laLiga Departamental de Piuray perder la chance de clasificar a laEtapa Nacionalde laCopa Perú 2026, elAlfonso Ugarte de Viceemitió un reclamo contraAtlético Torino, equipo que lo sacó de carrera, por la supuesta mala inscripción de hasta 5 jugadores del cuadro ‘Granate’.",3,2,Alfonso Ugarte de Vice presentó un reclamo contra Atlético Torino por la supuesta inscripción y participación irregular de cinco jugadores. | Clasificados a la Etapa Nacional de la Copa Perú,True,3,"Alfonso Ugarte, Atlético Torino, Copa Perú",2,1,Copa Perú 2026,Copa Perú 2026 | Copa Perú 2026,222,1417,https://cdn.futbolperuano.com/sdi/2026/09/01/alfonso-ugarte-de-vice-presenta-reclamo-contra-atletico-torino-por-presunta-inscripcion-irregular-de-cinco-refuerzos-en-la-copa-peru-2026-1355429.jpg,1200,Alfonso Ugarte de Vice reclama contra Atlético Torino por la presunta inscripción irregular de cinco jugadores. Foto: Facebook Alfonso Ugarte de Vice,,https://www.futbolperuano.com/copa-peru/noticias/alfonso-ugarte-de-vice-presenta-reclamo-contra-atletico-torino-por-presunta-inscripcion-irregular-de-cinco-refuerzos-en-la-copa-peru-2026-598576,Gabriel Rey,copa-peru
Liga 1: Así marcha la Tabla Acumulada luego de jugarse la fecha 7 del Torneo Clausura 2026,La tabla acumulada de la Liga 1 tras la fecha 7 del Torneo Clausura 2026,"Luego de disputarse la séptima fecha del Torneo Clausura 2026, así se mueve también la Tabla Acumulada de la Liga 1.","¡Ligeros movimientos! Este martes 01 de septiembre llegó a su fin la séptima fecha del Torneo Clausura 2026 y con ello se modificó también laTabla Acumuladade laLiga 1, donde un grupo de equipos luchan por los cupos internacionales y otros por no descender.",7,2,"Luego de disputarse la séptima fecha del Torneo Clausura 2026, así se mueve también la Tabla Acumulada de la Liga 1. | La Tabla Acumulada de la Liga 1 2026",False,3,"Liga 1, Torneo Clausura, Alianza Lima",2,1,Liga 1,Liga 1 | Tabla Acumulada,362,2048,https://cdn.futbolperuano.com/sdi/2026/09/01/la-tabla-acumulada-de-la-liga-1-tras-la-fecha-7-del-torneo-clausura-2026-1355457.jpg,1200,Alianza Lima continúa liderando la Tabla Acumulada 2026. Foto: Facebook Liga1 Te Apuesto,,https://www.futbolperuano.com/liga-1/noticias/la-tabla-acumulada-de-la-liga-1-tras-la-fecha-7-del-torneo-clausura-2026-598607,Jorge Cruzalegui,liga-1
Selección Peruana: conoce a los jugadores que estarían siendo considerados para la gira y cuyo ingreso a Canadá ya se tramita,Selección Peruana: estos son los jugadores a los que ya les tramitan ingreso a Canadá para amistoso de octubre,Selección Peruana prepara su próxima convocatoria y ya se conocen varios futbolistas a quienes les estarían gestionando el ingreso a Canadá.,"LaSelección Peruanacontinúa con su preparación rumbo al inicio de las próximas Eliminatorias Mundialistas, motivo por el cual el estratega de la ‘Bicolor’,Mano Menezes, viene ultimando detalles de lo que será su próximaconvocatoriapara losamistososanteEstados Unidos, México, ColombiayCanadá.",8,2,Selección Peruana prepara su próxima convocatoria y ya se conocen varios futbolistas a quienes les estarían gestionando el ingreso a Canadá. | La seguidilla de amistosos de la Selección Peruana,False,3,"Selección Peruana, Mano Menezes, Fecha FIFA",2,1,Selección Peruana,Selección Peruana | Selección Peruana,404,2439,https://cdn.futbolperuano.com/sdi/2026/09/01/seleccion-peruana-estos-son-los-jugadores-a-los-que-ya-les-tramitan-ingreso-a-canada-para-amistoso-de-octubre-1355440.jpg,1200,La Selección Peruana continúa con su preparación rumbo al inicio de las próximas Eliminatorias Mundialistas. Foto: Facebook Selección Peruana,,https://www.futbolperuano.com/seleccion/noticias/seleccion-peruana-estos-son-los-jugadores-a-los-que-ya-les-tramitan-ingreso-a-canada-para-amistoso-de-octubre-598590,Gabriel Rey,seleccion
Tras superar a Melgar: Atlético Grau encadenó tres victorias consecutivas en el Torneo Clausura 2026,Atlético Grau vs. FBC Melgar: EN VIVO por el Torneo Clausura de la Liga 1 2026,Atlético Grau recibió a FBC Melgar en Piura en el cierre de la séptima jornada del Torneo Clausura de la Liga 1 2026.,"¡Gran momento! Con un solitario gol de Diego Barreto,Atlético Grause impuso (1-0) aMelgaren el Estadio La Matanza en el cierre de la séptima fecha del Torneo Clausura de laLiga 1 2026. Los 'albos' encadenaron tres victorias 'al hilo'.",14,2,Atlético Grau recibió a FBC Melgar en Piura en el cierre de la séptima jornada del Torneo Clausura de la Liga 1 2026. | PREVIA,False,3,"Atlético Grau, Melgar, Liga 1 del Fútbol Peruano",3,1,Liga 1 2026,Liga 1 2026 | Torneo Clausura | Liga 1026,584,3571,https://cdn.futbolperuano.com/sdi/2026/09/01/atletico-grau-vs-fbc-melgar-en-vivo-por-el-torneo-clausura-de-la-liga-1-2026-1355452.jpg,1200,Atlético Grau venció a Melgar en La Matanza. Foto: Facebook Liga1 Te Apuesto,,https://www.futbolperuano.com/liga-1/noticias/atletico-grau-vs-fbc-melgar-en-vivo-por-el-torneo-clausura-de-la-liga-1-2026-598337,Gabriel Iberico,liga-1
Liga 1: Resultados y tabla de posiciones de la fecha 7 del Torneo Clausura 2026,Liga 1 2026: Resultados y tabla de posiciones de la fecha 7 del Torneo Clausura,"Con dos equipos en la cima de la tabla de posiciones, así se jugará la séptima fecha del Torneo Clausura en la Liga 1 2026.","¡Sigue la competencia! Con dos equipos como Deportivo Garcilaso y Universitario de Deportes liderando la tabla de posiciones en laLiga 1 2026, este fin de semana se dará inicio a los partidos dela séptima fechadelTorneo Clausura 2026.",3,2,"Con dos equipos en la cima de la tabla de posiciones, así se jugará la séptima fecha del Torneo Clausura en la Liga 1 2026. | Tabla y resultados de la fecha 7 del Torneo Clausura - Liga 1",True,3,"Liga 1, Torneo Clausura, Universitario de Deportes",2,1,Liga 1 2026,Liga 1 2026 | Liga 1 2026,127,755,https://cdn.futbolperuano.com/sdi/2026/08/27/liga-1-2026-resultados-y-tabla-de-posiciones-de-la-fecha-7-del-torneo-clausura-1354831.jpg,1200,Deportivo Garcilaso es uno de los líderes del Clausura 2026. Foto: Facebook Liga1 Te Apuesto,,https://www.futbolperuano.com/liga-1/noticias/liga-1-2026-resultados-y-tabla-de-posiciones-de-la-fecha-7-del-torneo-clausura-597877,Jorge Cruzalegui,liga-1
Liga 1: Así se jugarán los partidos de la octava fecha del Torneo Clausura 2026,Así se jugarán los partidos de fecha 8 del Torneo Clausura de Liga 1 2026,"Con dos equipos en lo más alto de la tabla de posiciones, así se jugará la fecha 8 del Torneo Clausura de la Liga 1 2026.","¡Horarios confirmados! Con Deportivo Garcilaso y Universitario de Deportes juntos en la cima de la tabla de posiciones, la competencia continúa este próximo fin de semana con la llegada dela fecha 8 del Torneo Clausurade laLiga 1 2026.",5,2,"Con dos equipos en lo más alto de la tabla de posiciones, así se jugará la fecha 8 del Torneo Clausura de la Liga 1 2026. | Programación de la fecha 8 del Torneo Clausura - Liga 1 2026",True,3,"Liga 1, Torneo Clausura, Universitario de Deportes",2,1,Liga 1 2026,Liga 1 2026 | Torneo Clausura,221,1301,https://cdn.futbolperuano.com/sdi/2026/09/01/asi-se-jugaran-los-partidos-de-fecha-8-del-torneo-clausura-de-liga-1-2026-1355463.jpg,1200,"Universitario, uno de los líderes del Torneo Clausura 2026. Foto: Facebook Liga1 Te Apuesto",,https://www.futbolperuano.com/liga-1/noticias/asi-se-jugaran-los-partidos-de-fecha-8-del-torneo-clausura-de-liga-1-2026-598614,Jorge Cruzalegui,liga-1
"Andrés Mendoza criticó a Paolo Guerrero, Luis Advíncula y otros titulares de Alianza Lima, a quienes considera lejos del nivel del club","Andrés Mendoza arremete contra Paolo Guerrero, Luis Advíncula y otros 9 jugadores de Alianza Lima tras caída ante Garcilaso","Andrés Mendoza sostuvo que varios titulares de Alianza Lima no están al nivel de la institución y mencionó a Guerrero, Advíncula y Castillo.","El pasado fin de semanaAlianza Limasufrió una duraderrotaa manos de Deportivo Garcilaso en el estadio Alejandro Villanueva, derrota que generado que lascríticasal equipo dirigido porPablo Guedesean cada vez mayores y más duras. En esta oportunidad, el exdelantero de la Selección Peruana,Andrés Mendoza, disparó contraPaolo Guerrero, Luis Advínculay gran parte de los jugadores titulares del cuadro ‘Blanquiazul’.",4,1,"Andrés Mendoza sostuvo que varios titulares de Alianza Lima no están al nivel de la institución y mencionó a Guerrero, Advíncula y Castillo.",True,3,"Andrés Mendoza, Alianza Lima, Liga 1 del Fútbol Peruano",2,1,Andrés Mendoza,Andrés Mendoza | Andrés Mendoza,262,1667,https://cdn.futbolperuano.com/sdi/2026/09/01/andres-mendoza-arremete-contra-paolo-guerrero-luis-advincula-y-otros-9-jugadores-de-alianza-lima-tras-caida-ante-garcilaso-1355421.jpg,1200,Andrés Mendoza criticó a 11 jugadores de Alianza Lima tras la derrota ante Deportivo Garcilaso. Foto: Facebook Liga 1 - Captura,,https://www.futbolperuano.com/liga-1/noticias/andres-mendoza-arremete-contra-paolo-guerrero-luis-advincula-y-otros-9-jugadores-de-alianza-lima-tras-caida-ante-garcilaso-598568,Gabriel Rey,liga-1
CESA ya conoce a sus seis rivales en la Etapa Nacional de la Copa Perú,CESA ya conoce sus rivales en la Etapa Nacional de la Copa Perú 2026 y buscará el ascenso tras conquistar Junín,"CESA, campeón departamental de Junín, ya conoce sus rivales para la Etapa Nacional de la Copa Perú y buscará alcanzar el ansiado ascenso.","Tras quedarse con el título de laEtapa Departamental de Junínen laCopa Perú 2026, el Centro Estudiantil San Agustín, mejor conocido comoCESA, ya conoce a sus próximos rivales de la Etapa Nacional del ‘Fútbol Macho’, donde deberá enfrentarse a los subcampeones de Junín, Huancavelica y Pasco.",2,3,"CESA, campeón departamental de Junín, ya conoce sus rivales para la Etapa Nacional de la Copa Perú y buscará alcanzar el ansiado ascenso. | Fixture de CESA en la Etapa Nacional de la Copa Perú 2026 | Clasificados a la Etapa Nacional de la Copa Perú 2026",True,3,"CESA, Copa Perú, Perú",2,1,Copa Perú 2026,Copa Perú 2026 | Copa Perú 2026,116,750,https://cdn.futbolperuano.com/sdi/2026/09/01/cesa-ya-conoce-sus-rivales-en-la-etapa-nacional-de-la-copa-peru-2026-y-buscara-el-ascenso-tras-conquistar-junin-1355413.jpg,1200,"CESA, campeón departamental de Junín, ya tiene fixture para la Etapa Nacional de la Copa Perú 2026. Foto: Facebook Centro Estudiantil San Agustín CESA",,https://www.futbolperuano.com/copa-peru/noticias/cesa-ya-conoce-sus-rivales-en-la-etapa-nacional-de-la-copa-peru-2026-y-buscara-el-ascenso-tras-conquistar-junin-598553,Gabriel Rey,copa-peru
Sport Machete ya conoce a sus seis rivales en la Etapa Nacional de la Copa Perú,Sport Machete ya conoce sus rivales en la Etapa Nacional de la Copa Perú 2026 y buscará el ascenso tras conquistar Huancavelica,"Sport Machete, campeón de Huancavelica, ya conoce sus rivales para la Etapa Nacional de la Copa Perú 2026 y buscará alcanzar el ansiado ascenso.","El campeón de la Liga Departamental de Huancavelica,Club Deportivo Sport Machete, vuelve a laEtapa Nacionaldel ‘Fútbol Macho’, en donde buscará alcanzar el tan ansiado ascenso que se le ha venido haciendo esquivo en los últimos años. El mítico equipo huancavelicano ya conoce a sus futuros rivales en laCopa Perú 2026.",3,3,"Sport Machete, campeón de Huancavelica, ya conoce sus rivales para la Etapa Nacional de la Copa Perú 2026 y buscará alcanzar el ansiado ascenso. | Fixture de Sport Machete en la Etapa Nacional de la Copa Perú 2026 | Clasificados a la Etapa Nacional de la Copa Perú",True,3,"Sport Machete, Copa Perú, Perú",2,1,Copa Perú 2026,Copa Perú 2026 | Copa Perú 2026,158,1020,https://cdn.futbolperuano.com/sdi/2026/09/01/sport-machete-ya-conoce-sus-rivales-en-la-etapa-nacional-de-la-copa-peru-2026-y-buscara-el-ascenso-tras-conquistar-huancavelica-1355402.jpg,1200,Sport Machete disputará la Etapa Nacional de la Copa Perú 2026 tras ganar la Departamental. Foto: Facebook Sport Machete,,https://www.futbolperuano.com/copa-peru/noticias/sport-machete-ya-conoce-sus-rivales-en-la-etapa-nacional-de-la-copa-peru-2026-y-buscara-el-ascenso-tras-conquistar-huancavelica-598545,Gabriel Rey,copa-peru
Universitario sorprende y anuncia el fichaje de figura de la selección de Paraguay,Universitario sorprende y anuncia el fichaje de figura de la selección de Paraguay,Universitario ya piensa en lo que será la Copa Libertadores 2026 y anuncia el fichaje de defensa de la selección paraguaya.,"Universitario de Deportesno quiere dejar ningún detalle al azar de cara a sus próximos desafíos en el fútbol femenino. Luego de perder 2-3 frente a Alianza Lima por elTorneo Clausura 2026, el conjunto crema decidió reforzar su plantilla con una futbolista de experiencia internacional y anunció la incorporación deMilagros Rolón, integrante de la selección paraguaya.",11,1,Universitario ya piensa en lo que será la Copa Libertadores 2026 y anuncia el fichaje de defensa de la selección paraguaya.,False,3,"Universitario de Deportes, Liga Femenina, Fútbol Femenino",2,1,Universitario de Deportes,Universitario de Deportes | Torneo Clausura 2026,410,2894,https://cdn.futbolperuano.com/sdi/2026/09/01/universitario-sorprende-y-anuncia-el-fichaje-de-figura-de-la-seleccion-de-paraguay-1355350.jpg,1200,Universitario se refuerza con defensa de la selección de Paraguay. Foto: APF / @FutFemeninoU,,https://www.futbolperuano.com/futbol-femenino/liga-femenina/universitario-sorprende-y-anuncia-el-fichaje-de-figura-de-la-seleccion-de-paraguay-598479,Gabriel Iberico,futbol-femenino
Copa Perú: primo del mundialista Miguel Trauco disputará la Etapa Nacional,Primo del mundialista Miguel Trauco disputará la Etapa Nacional,La Etapa Nacional de la Copa Perú 2026 comenzará a disputarse a partir del sábado 12 y domingo 13 de septiembre.,"Sport Huaja, subcampeón de la Etapa Departamental de San Martín, sorprendió a sus hinchas y presentó al primo del mundialistaMiguel Traucocomo su nuevo refuerzo para encarar laEtapa Nacionalde laCopa Perú.",5,2,La Etapa Nacional de la Copa Perú 2026 comenzará a disputarse a partir del sábado 12 y domingo 13 de septiembre. | Clasificados a la Etapa Nacional de la Copa Perú,True,3,"Copa Perú, San Martín, Miguel Trauco",2,1,Etapa Nacional,Etapa Nacional | Copa Perú,194,1187,https://cdn.futbolperuano.com/sdi/2026/09/01/primo-del-mundialista-miguel-trauco-disputara-la-etapa-nacional-1355372.jpg,1200,Primo de Miguel Trauco disputará la Etapa Nacional. Foto: Twitter @Liga1TeApuesto,,https://www.futbolperuano.com/copa-peru/noticias/primo-del-mundialista-miguel-trauco-disputara-la-etapa-nacional-598513,Stewart Luya,copa-peru
El equipo de José Soto consiguió un histórico triplete en la Copa Perú 2026,El equipo de José Soto consiguió un histórico triplete en la Copa Perú,"Alianza Arenal, bajo la dirección técnica del otrora defensor y capitán de Alianza Lima José Soto, consiguió un histórico triplete en la Copa Perú.","Alianza Arenal, bajo la dirección técnica del otrora defensor y capitán de Alianza LimaJosé Soto, consiguió un histórico triplete y selló su boleto a laEtapa Nacionalde laCopa Perú 2026, la cual comenzará a disputarse desde la segunda semana de septiembre (sábado 12 y domingo 13).",5,2,"Alianza Arenal, bajo la dirección técnica del otrora defensor y capitán de Alianza Lima José Soto, consiguió un histórico triplete en la Copa Perú. | Clasificados a la Etapa Nacional de la Copa Perú",True,3,"José Soto, Copa Perú, Áncash",2,1,Etapa Nacional,Etapa Nacional | Copa Perú 2026,261,1541,https://cdn.futbolperuano.com/sdi/2026/09/01/el-equipo-de-jose-soto-consiguio-un-historico-triplete-en-la-copa-peru-1355409.jpg,1200,El equipo de José Soto consiguió un histórico triplete. Foto: Facebook AGROMORO - Siempre contigo,,https://www.futbolperuano.com/copa-peru/noticias/el-equipo-de-jose-soto-consiguio-un-historico-triplete-en-la-copa-peru-598550,Stewart Luya,copa-peru
Copa Perú: Deportivo El Inca se refuerza con arquero goleador para la Etapa Nacional,Copa Perú: Deportivo El Inca se refuerza con arquero goleador,"Deportivo El Inca medirá fuerzas con Shanao FC, Alianza Arenal y FC Sport River en la Etapa Nacional de la Copa Perú.","ElClub Deportivo El Inca, subcampeón de la Etapa Departamental deLa Libertady uno de los 50 equipos clasificados a laEtapa Nacionalde laCopa Perú, sorprendió a propios y extraños al anunciar la llegada de un arquero goleador con la mirada puesta en el ascenso a la Liga 2 o, en su defecto, a la Liga 3.",7,2,"Deportivo El Inca medirá fuerzas con Shanao FC, Alianza Arenal y FC Sport River en la Etapa Nacional de la Copa Perú. | Entusiasmado",False,3,"Copa Perú, El Inca de Chao, La Libertad",2,1,Etapa Nacional,Etapa Nacional | Copa Perú,437,2549,https://cdn.futbolperuano.com/sdi/2026/09/01/copa-peru-deportivo-el-inca-se-refuerza-con-arquero-goleador-1355383.jpg,1200,Deportivo El Inca se refuerza con arquero goleador. Foto: Twitter @Club_Cienciano,,https://www.futbolperuano.com/copa-peru/noticias/copa-peru-deportivo-el-inca-se-refuerza-con-arquero-goleador-598523,Stewart Luya,copa-peru
Adrián Ugarriza cambia de equipo y disputará la Europa League 2026-27,Adrián Ugarriza cambia de equipo y disputará la Europa League,"El delantero peruano Adrián Ugarriza, con pasado en Alianza Lima, Sporting Cristal y Universitario, disputará la Europa League 2026-27.","Rumbo a la Europa League: ElHapoel Beer Shevasorprendió a propios y extraños al anunciar la contratación del delantero peruanoAdrián Ugarriza, quien llegó al actual campeón de la Primera División de Israel (Ligat ha'Al) procedente del Hapoel Ironi Kiryat Shmona.",6,2,"El delantero peruano Adrián Ugarriza, con pasado en Alianza Lima, Sporting Cristal y Universitario, disputará la Europa League 2026-27. | Peruanos en el exterior (2026)",True,3,"Adrián Ugarriza, Europa League, Peruanos en el Exterior",2,1,Adrián Ugarriza,Adrián Ugarriza | Ligat ha'Al,233,1519,https://cdn.futbolperuano.com/sdi/2026/09/01/adrian-ugarriza-cambia-de-equipo-y-disputara-la-europa-league-1355386.jpg,1200,Adrián Ugarriza. Foto: Facebook Kiryat Shmona,,https://www.futbolperuano.com/peruanos-en-el-exterior/noticias/adrian-ugarriza-cambia-de-equipo-y-disputara-la-europa-league-598526,Stewart Luya,peruanos-en-el-exterior
Copa Perú 2026: Delantero con pasado en la Liga 1 refuerza al campeón de Puno,Copa Perú: Delantero con pasado en la Liga 1 refuerza al campeón de Puno,La Etapa Nacional de la Copa Perú 2026 comenzará a disputarse a partir del sábado 12 y domingo 13 de septiembre.,"ElClub Social Deportivo Leones de Anccaca, campeón de la Etapa Departamental de Puno, comenzó a reforzarse para encarar laEtapa Nacionalde laCopa Perú, la cual comenzará el sábado 12 y domingo 13 de septiembre.",6,2,La Etapa Nacional de la Copa Perú 2026 comenzará a disputarse a partir del sábado 12 y domingo 13 de septiembre. | Clasificados a la Etapa Nacional de la Copa Perú,True,3,"Copa Perú, Puno, Liga 1",2,1,Club Social Deportivo Leones de Anccaca,Club Social Deportivo Leones de Anccaca | Copa Perú,234,1458,https://cdn.futbolperuano.com/sdi/2026/09/01/copa-peru-delantero-con-pasado-en-la-liga-1-refuerza-al-campeon-de-puno-1355369.jpg,1200,Elvis Payé. Foto: Twitter @CopaPeruFPF,,https://www.futbolperuano.com/copa-peru/noticias/copa-peru-delantero-con-pasado-en-la-liga-1-refuerza-al-campeon-de-puno-598507,Stewart Luya,copa-peru
Sport Áncash ya tiene camino definido: conoce sus seis partidos en la Etapa Nacional de la Copa Perú 2026,Sport Áncash: fixture completo y rivales para la Etapa Nacional de la Copa Perú 2026,"Sport Áncash ya conoce su calendario para la Etapa Nacional, donde volverá a medirse con Alianza Arenal, su verdugo en la etapa departamental.","Sport Áncashes uno de los equipos tradicionales delfútbol peruanoque estará presente en la edición 2026 de laEtapa Nacionalde laCopa Perú 2026; sin embargo, ‘La Amenaza Verde’ no tendrá una tarea nada sencilla y ya conoce quienes serán sus futuros rivales en la siguiente etapa del ‘Fútbol Macho’.",3,3,"Sport Áncash ya conoce su calendario para la Etapa Nacional, donde volverá a medirse con Alianza Arenal, su verdugo en la etapa departamental. | Fixture de Sport Áncash en la Etapa Nacional de la Copa Perú 2026 | Clasificados a la Etapa Nacional de la Copa Perú",True,3,"Sport Áncash, Copa Perú, Perú",2,1,Copa Perú 2026,Copa Perú 2026 | Copa Perú 2026,138,863,https://cdn.futbolperuano.com/sdi/2026/09/01/sport-ancash-fixture-completo-y-rivales-para-la-etapa-nacional-de-la-copa-peru-2026-1355389.jpg,1200,Sport Áncash ya tiene rivales para la Etapa Nacional de la Copa Perú 2026. Foto: Facebook Sport Áncash.,,https://www.futbolperuano.com/copa-peru/noticias/sport-ancash-fixture-completo-y-rivales-para-la-etapa-nacional-de-la-copa-peru-2026-598529,Gabriel Rey,copa-peru
Cienciano del Cusco: Horacio Melgarejo en la mira de dos equipos brasileños,Cienciano: Horacio Melgarejo en la mira de dos equipos brasileños,"Cienciano del Cusco, bajo la dirección técnica del argentino Horacio Melgarejo, clasificó a cuartos de final de la Copa Sudamericana.","Cienciano, bajo la dirección técnica del argentinoHoracio Melgarejo, se encuentra viviendo un carrusel de emociones. Por un lado, el 'Papá' goza de un buen presente en el plano internacional tras sellar su boleto a los cuartos de final de laCopa Sudamericana, mientras que, por el otro, el cuadro imperial no logra levantar cabeza en elTorneo Clausura.",9,2,"Cienciano del Cusco, bajo la dirección técnica del argentino Horacio Melgarejo, clasificó a cuartos de final de la Copa Sudamericana. | Salvado por el TAS",False,3,"Horacio Melgarejo, Cienciano, Brasil",2,1,Cienciano,Cienciano | Horacio Melgarejo,467,2875,https://cdn.futbolperuano.com/sdi/2026/09/01/cienciano-horacio-melgarejo-en-la-mira-de-dos-equipos-brasilenos-1355392.jpg,1200,Horacio Melgarejo. Foto: Facebook Club Cienciano,,https://www.futbolperuano.com/liga-1/noticias/cienciano-horacio-melgarejo-en-la-mira-de-dos-equipos-brasilenos-598534,Stewart Luya,liga-1
Selección Peruana Femenina: Fixture de la Bicolor en el Campeonato Sudamericano de Vóley 2026,Selección Peruana Femenina: Fixture de la Bicolor en el Campeonato Sudamericano de Vóley 2026,La Selección Peruana Femenina ya conoce el camino que tendrá que recorrer durante el Campeonato Sudamericano de Vóley 2026.,"¡Vuelven a la acción! Luego de su participación en la Copa Sudamericana, que se disputó en la ciudad de Lima, laSelección Peruana Femeninase alistará para lo que será su siguiente prueba continental con la llegada delCampeonato Sudamericano de Vóley 2026.",6,1,La Selección Peruana Femenina ya conoce el camino que tendrá que recorrer durante el Campeonato Sudamericano de Vóley 2026.,True,3,"Selección Peruana Femenina, Campeonato Sudamericano de Voleibol Femenino, Sudamericano de Vóley Femenino",3,1,Selección Peruana Femenina,Selección Peruana Femenina | Campeonato Sudamericano de Vóley 2026 | combinado femenino de Perú,292,1694,https://cdn.futbolperuano.com/sdi/2026/08/18/seleccion-peruana-femenina-fixture-de-la-bicolor-en-el-campeonato-sudamericano-de-voley-2026-1353748.jpg,1200,La Selección Mayor de Vóley de Perú. Foto: Facebook FPV: Federación Peruana de Vóleibol 2,,https://www.futbolperuano.com/liga-voley/seleccion-peruana-femenina-fixture-de-la-bicolor-en-el-campeonato-sudamericano-de-voley-2026-596626,Jorge Cruzalegui,liga-voley
Horacio Melgarejo arremete contra Javier Rabanal tras el Cienciano vs. Cusco FC: “No le alcanzó para dirigir a la ‘U’”,Horacio Melgarejo arremete contra Javier Rabanal tras el Cienciano vs. Cusco FC,Horacio Melgarejo arremetió en contra del DT de Cusco FC tras el Cienciano 1-2 Cusco FC por el Torneo Clausura 2026.,"El clásico cusqueño entreCiencianoyCusco FCterminó con una victoria visitante por 2-1, pero el resultado no fue lo único que generó repercusión. Luego del encuentro disputado en el estadio Inca Garcilaso de la Vega,Horacio Melgarejocuestionó públicamente algunas actitudes protagonizadas porJavier Rabanaldurante y después del compromiso.",8,1,Horacio Melgarejo arremetió en contra del DT de Cusco FC tras el Cienciano 1-2 Cusco FC por el Torneo Clausura 2026.,False,5,"Horacio Melgarejo, Javier Rabanal, Cienciano, Cusco FC, Liga 1 del Fútbol Peruano",2,1,Cienciano,Cienciano | Cusco FC,426,2741,https://cdn.futbolperuano.com/sdi/2026/09/01/horacio-melgarejo-arremete-contra-javier-rabanal-tras-el-cienciano-vs-cusco-fc-1355345.jpg,1200,Horacio Melgarejo arremete contra Javier Rabanal. Foto: Liga1 Te Apuesto,,https://www.futbolperuano.com/liga-1/noticias/horacio-melgarejo-arremete-contra-javier-rabanal-tras-el-cienciano-vs-cusco-fc-598472,Gabriel Iberico,liga-1
Siguen los problemas: UTC se queda sin entrenador tras confirmar la salida de Cristian Paulucci,UTC se queda sin entrenador tras confirmar la salida de Cristian Paulucci,"Tras la derrota frente a Universitario en Cajamarca, UTC confirmó la salida del técnico argentino Cristian Paulucci.","UTCsuma un nuevo golpe en el complicado presente que atraviesa en laLiga 1luego de confirmarse la salida deCristian Pauluccidel banquillo cajamarquino. La decisión de la dirigencia se conoció después de la derrota por 4-2 ante Universitario de Deportes, resultado que prolongó la complicada campaña del equipo en elTorneo Clausura 2026.",13,1,"Tras la derrota frente a Universitario en Cajamarca, UTC confirmó la salida del técnico argentino Cristian Paulucci.",False,3,"UTC, Liga 1 del Fútbol Peruano, Torneo Clausura",2,1,UTC,UTC | Torneo Clausura 2026,590,3805,https://cdn.futbolperuano.com/sdi/2026/09/01/utc-se-queda-sin-entrenador-tras-confirmar-la-salida-de-cristian-paulucci-1355337.jpg,1200,Cristian Paulucci no es más técnico de UTC. Foto: UTC Pagina Oficial,,https://www.futbolperuano.com/liga-1/noticias/utc-se-queda-sin-entrenador-tras-confirmar-la-salida-de-cristian-paulucci-598464,Gabriel Iberico,liga-1
"'Flaco' Granda disparó contra Roberto Mosquera tras el duro momento que atraviesa Sporting Cristal: ""Mucho floro""",'Flaco' Granda disparó contra Roberto Mosquera tras el duro momento de Sporting Cristal,El comunicador no se guardó nada en contra de Roberto Mosquera luego de la dura caída de Sporting Cristal ante Sport Boys en el Callao.,"Sporting Cristalvolvió a dejar dudas luego de perder 1-0 frente a Sport Boys en el estadio Miguel Grau del Callao, por la séptima jornada delTorneo Clausura 2026. El resultado significó un nuevo golpe para el conjunto celeste, que desperdició una oportunidad importante para acercarse a los primeros lugares del campeonato.",9,1,El comunicador no se guardó nada en contra de Roberto Mosquera luego de la dura caída de Sporting Cristal ante Sport Boys en el Callao.,False,4,"Giancarlo Granda, Roberto Mosquera, Sporting Cristal, Liga 1 del Fútbol Peruano",2,1,Sporting Cristal,Sporting Cristal | Torneo Clausura 2026,405,2598,https://cdn.futbolperuano.com/sdi/2026/09/01/flaco-granda-disparo-contra-roberto-mosquera-tras-el-duro-momento-de-sporting-cristal-1355348.jpg,1200,Giancarlo Granda apunta contra Roberto Mosquera. Foto: Captura / Club Sporting Cristal,,https://www.futbolperuano.com/liga-1/noticias/flaco-granda-disparo-contra-roberto-mosquera-tras-el-duro-momento-de-sporting-cristal-598473,Gabriel Iberico,liga-1
Arsenal Lawn Tennis ya tiene camino definido: conoce sus seis partidos en la Etapa Nacional de la Copa Perú,Copa Perú 2026: Arsenal Lawn Tennis ya conoce su fixture para la Etapa Nacional,"Tras perder la final departamental ante Bella Esperanza, Arsenal Lawn Tennis buscará avanzar en la Etapa Nacional y luchar por el ascenso.","Tras quedar subcampeón de la Liga Departamental de Lima,Arsenal Lawn Tennisya se prepara para lo que será su participación en laEtapa Nacionalde laCopa Perú 2026, por lo que ya conoce el fixture y a los equipos que serán sus futuros rivales y con quienes deberá competir por el ascenso.",3,3,"Tras perder la final departamental ante Bella Esperanza, Arsenal Lawn Tennis buscará avanzar en la Etapa Nacional y luchar por el ascenso. | Fixture de Arsenal Lawn Tennis en la Etapa Nacional de la Copa Perú 2026 | Clasificados a la Etapa Nacional de la Copa Perú",True,3,"Arsenal Lawn Tennis, Copa Perú, Perú",2,1,Copa Perú 2026,Copa Perú 2026 | Copa Perú,171,1032,https://cdn.futbolperuano.com/sdi/2026/09/01/copa-peru-2026-arsenal-lawn-tennis-ya-conoce-su-fixture-para-la-etapa-nacional-1355396.jpg,1200,Arsenal Lawn Tennis ya tiene rivales para la Etapa Nacional de la Copa Perú 2026. Foto: Facebook Liga Deportiva Departamental de Futbol de Lima,,https://www.futbolperuano.com/copa-peru/noticias/copa-peru-2026-arsenal-lawn-tennis-ya-conoce-su-fixture-para-la-etapa-nacional-598538,Gabriel Rey,copa-peru
¿Sale Franco Velazco? Indecopi ya tomó una decisión con respecto al futuro de Universitario,Indecopi ya tomó una decisión con respecto al futuro de Universitario,"Indecopi tomó rotunda decisión con respecto a la medida cautelar a favor de Gremco, ¿Franco Velazco deja la administración de Universitario?","Universitario de Deportesafronta nuevamente un escenario de incertidumbre en el plano institucional tras la medida cautelar concedida por el Poder Judicial a favor deGremco. La resolución dispone el levantamiento provisional de la suspensión del procedimiento concursal del club, situación que podría generar cambios importantes en el manejo administrativo de la institución.",8,1,"Indecopi tomó rotunda decisión con respecto a la medida cautelar a favor de Gremco, ¿Franco Velazco deja la administración de Universitario?",False,3,"Franco Velazco, Universitario de Deportes, INDECOPI",2,1,Universitario de Deportes,Universitario de Deportes | Gremco,383,2713,https://cdn.futbolperuano.com/sdi/2026/09/01/indecopi-ya-tomo-una-decision-con-respecto-al-futuro-de-universitario-1355332.jpg,1200,Franco Velazco. Foto: Club Universitario de Deportes,,https://www.futbolperuano.com/liga-1/noticias/indecopi-ya-tomo-una-decision-con-respecto-al-futuro-de-universitario-598460,Gabriel Iberico,liga-1
Sport Boys mueve sus fichas: busca asegurar a tres figuras para su centenario,Sport Boys mueve sus fichas: busca asegurar a tres figuras para su centenario,"Sport Boys atraviesa un gran momento en el Torneo Clausura 2026 y ya piensa en lo que será su centenario, donde quiere pelear por el título.","Sport Boysatraviesa un momento de ilusión en elTorneo Clausura 2026y, mientras el equipo pelea en la parte alta de la clasificación, la dirigencia ya piensa en la próxima temporada. El objetivo es construir una plantilla competitiva para 2027, año en el que la institución chalaca celebrará sus 100 años de historia.",8,1,"Sport Boys atraviesa un gran momento en el Torneo Clausura 2026 y ya piensa en lo que será su centenario, donde quiere pelear por el título.",False,3,"Sport Boys, Liga 1 del Fútbol Peruano, Emilio Saba",2,1,Sport Boys,Sport Boys | Torneo Clausura 2026,376,2480,https://cdn.futbolperuano.com/sdi/2026/09/01/sport-boys-mueve-sus-fichas-busca-asegurar-a-tres-figuras-para-su-centenario-1355342.jpg,1200,Sport Boys quiere asegura a tres figuras para el 2027. Foto: Liga1 Te Apuesto,,https://www.futbolperuano.com/liga-1/noticias/sport-boys-mueve-sus-fichas-busca-asegurar-a-tres-figuras-para-su-centenario-598468,Gabriel Iberico,liga-1
