autor,entidad,tipo,notas,confianza,meses_activos,mes_primero,mes_reciente,demanda_reciente_ratio,evento_concluido,es_recurrente
Enrique Giles,Copa Federación,entidad,32,alta,7,2026-03,2026-09,0.10621836421693653,,True
Enrique Giles,fin de semana,tema,10,alta,5,2026-04,2026-08,0.10963488502804629,,True
Enrique Giles,Ignacio Buse,entidad,21,alta,7,2026-02,2026-08,0.0,,False
Enrique Giles,Alianza Lima,entidad,10,alta,5,2026-03,2026-08,0.017402171029311072,,False
Enrique Giles,federación oro,entidad,17,alta,5,2026-03,2026-08,0.013485404470878728,,False
Enrique Giles,plata b,entidad,26,alta,5,2026-04,2026-08,0.05997015568769137,,False
Enrique Giles,Copa Oro Plata,entidad,11,alta,4,2026-05,2026-08,0.0622315588445294,,False
Enrique Giles,fecha del torneo,tema,7,media,4,2026-03,2026-06,0.0,,False
Enrique Giles,federación plata,entidad,27,alta,4,2026-03,2026-06,0.0,,False
Enrique Giles,federación programación,tema,5,media,4,2026-03,2026-07,0.0,,False
Enrique Giles,fuerza ganadora,tema,9,media,4,2026-03,2026-06,0.0,,False
Enrique Giles,resultados copa,entidad,7,media,4,2026-03,2026-08,0.0,,False
Enrique Giles,universitario de deportes,entidad,8,media,4,2026-03,2026-06,0.0,,False
Enrique Giles,Argentina,entidad,3,media,3,2026-01,2026-07,0.0,,False
Enrique Giles,ATP,entidad,4,media,3,2026-02,2026-06,0.0,,False
Enrique Giles,b promocional,tema,10,alta,3,2026-05,2026-07,0.0,,False
Enrique Giles,fecha de la copa,entidad,6,media,3,2026-03,2026-05,0.0,,False
Enrique Giles,federación plata b,entidad,8,media,3,2026-04,2026-06,0.0,,False
Enrique Giles,Plata Promocional,entidad,6,media,3,2026-04,2026-06,0.0,,False
Enrique Giles,fútbol playa,tema,3,media,3,2026-02,2026-06,0.0,,False
Enrique Giles,programación completa,tema,6,media,3,2026-04,2026-06,0.0,,False
Enrique Giles,b y promocional,entidad,4,media,3,2026-06,2026-08,0.2975480550831111,,False
Enrique Giles,resultados de la copa,entidad,8,media,3,2026-03,2026-05,0.0,,False
Enrique Giles,solo sabe,tema,3,media,3,2026-04,2026-06,0.0,,False
Enrique Giles,tabla de posiciones,tema,8,media,3,2026-04,2026-06,0.0,,False
Enrique Giles,tabla acumulada,tema,3,media,2,2026-03,2026-05,0.0,,False
Enrique Giles,b resultados,tema,5,media,2,2026-05,2026-06,0.0,,False
Enrique Giles,b y plata,tema,2,baja,2,2026-04,2026-05,0.0,,False
Enrique Giles,Brasil,entidad,2,baja,2,2026-01,2026-02,0.0,,False
Enrique Giles,buse arranca,tema,2,baja,2,2026-03,2026-06,0.0,,False
Enrique Giles,buse sigue,tema,2,baja,2,2026-05,2026-08,0.0,,False
Enrique Giles,Cienciano y Unión Huaral,entidad,3,media,2,2026-05,2026-06,0.0,,False
Enrique Giles,completa de partidos,tema,4,media,2,2026-05,2026-06,0.0,,False
Enrique Giles,copa del mundo,entidad,4,media,2,2026-01,2026-06,0.0,,False
Enrique Giles,Copa Federación Oro Alianza Lima,entidad,2,baja,2,2026-05,2026-06,0.0,,False
Enrique Giles,Copa Libertadores,entidad,2,baja,2,2026-01,2026-09,0.039461853176444,,False
Enrique Giles,deportes solo,tema,2,baja,2,2026-05,2026-06,0.0,,False
Enrique Giles,federación partidos,entidad,5,media,2,2026-07,2026-08,0.1917704219485919,,False
Enrique Giles,federación plata promocional resultados,entidad,2,baja,2,2026-05,2026-06,0.0,,False
Enrique Giles,federación programación completa,tema,3,media,2,2026-05,2026-06,0.0,,False
Enrique Giles,firme en la punta,tema,2,baja,2,2026-05,2026-06,0.0,,False
Enrique Giles,fixture completo,tema,2,baja,2,2026-01,2026-09,0.0661303155104922,,False
Enrique Giles,ganadora sigue,tema,2,baja,2,2026-05,2026-06,0.0,,False
Enrique Giles,Gonzalo Bueno,entidad,5,media,2,2026-02,2026-05,0.0,,False
Enrique Giles,partidos horarios,tema,4,media,2,2026-03,2026-04,0.0,,False
Enrique Giles,lima amplía,tema,2,baja,2,2026-06,2026-08,0.0,,False
Enrique Giles,marcadores de la copa,entidad,4,media,2,2026-07,2026-08,0.0,,False
Enrique Giles,octava jornada,tema,3,media,2,2026-05,2026-06,0.0,,False
Enrique Giles,oro alianza,entidad,2,baja,2,2026-04,2026-08,0.017402171029311072,,False
Enrique Giles,oro partidos,tema,3,media,2,2026-03,2026-04,0.0,,False
Enrique Giles,partidos en oro,entidad,4,media,2,2026-05,2026-06,0.0,,False
Enrique Giles,oro resultados,tema,4,media,2,2026-05,2026-06,0.0,,False
Enrique Giles,oro resultados y tabla,tema,3,media,2,2026-05,2026-06,0.0,,False
Enrique Giles,oro universitario,entidad,4,media,2,2026-03,2026-04,0.0,,False
Enrique Giles,oro universitario de deportes,entidad,3,media,2,2026-03,2026-04,0.0,,False
Enrique Giles,partidos del fin,tema,4,media,2,2026-04,2026-07,0.0,,False
Enrique Giles,plata a fuerza,entidad,4,media,2,2026-03,2026-04,0.0,,False
Enrique Giles,plata a resultados,entidad,4,media,2,2026-05,2026-06,0.0,,False
Enrique Giles,primer título,tema,2,baja,2,2026-05,2026-08,0.0,,False
Enrique Giles,primera división,tema,2,baja,2,2026-05,2026-09,0.13238700412471482,,False
Enrique Giles,programación del fin,tema,2,baja,2,2026-05,2026-07,0.0,,False
Enrique Giles,promocional resultados,entidad,3,media,2,2026-05,2026-06,0.0,,False
Enrique Giles,punta de la copa,entidad,3,media,2,2026-05,2026-06,0.0,,False
Enrique Giles,punta de la tabla,tema,2,baja,2,2026-03,2026-05,0.0,,False
Enrique Giles,punta en la copa,entidad,2,baja,2,2026-04,2026-06,0.0,,False
Enrique Giles,quinta fecha,tema,2,baja,2,2026-04,2026-05,0.0,,False
Enrique Giles,Regatas Lima,entidad,2,baja,2,2026-01,2026-03,0.0,,False
Enrique Giles,resultados copa federación partidos,entidad,3,media,2,2026-07,2026-08,0.0,,False
Enrique Giles,resultados de la sexta,tema,2,baja,2,2026-04,2026-05,0.0,,False
Enrique Giles,resultados y tabla,tema,5,media,2,2026-05,2026-06,0.0,,False
Enrique Giles,sabe ganar,tema,2,baja,2,2026-04,2026-06,0.0,,False
Enrique Giles,segunda fecha,tema,3,media,2,2026-03,2026-04,0.0,,False
Enrique Giles,semana de la copa,entidad,3,media,2,2026-07,2026-08,0.12680858527463926,,False
Enrique Giles,semana del día,tema,2,baja,2,2026-05,2026-06,0.0,,False
Enrique Giles,sexta jornada,tema,2,baja,2,2026-04,2026-05,0.0,,False
Enrique Giles,sigue firme,tema,2,baja,2,2026-05,2026-06,0.0,,False
Enrique Giles,sporting cristal,tema,2,baja,2,2026-05,2026-08,0.11098305804990977,,False
Enrique Giles,suelta la punta,tema,2,baja,2,2026-04,2026-05,0.0,,False
Enrique Giles,tercera jornada,tema,3,media,2,2026-03,2026-05,0.0,,False
Enrique Giles,Universitario,entidad,2,baja,2,2026-01,2026-08,0.0,,False
Enrique Giles,universitario selectivo,entidad,5,media,2,2026-05,2026-06,0.0,,False
Enrique Giles,universitario vs,entidad,2,baja,2,2026-01,2026-05,0.0,,False
Enrique Giles,desarrollo puntaje,tema,2,baja,2,2026-05,2026-06,0.0,,False
Enrique Giles,ventaja en la copa,entidad,3,media,2,2026-06,2026-08,0.0,,False
Enrique Giles,Alemania,entidad,5,media,1,2026-05,2026-05,0.0,,False
Enrique Giles,Alianza Lima y Universitario,entidad,2,baja,1,2026-04,2026-04,0.0,,False
Enrique Giles,ATP de Hamburgo,entidad,4,media,1,2026-05,2026-05,0.0,,False
Enrique Giles,buse sorprende,tema,2,baja,1,2026-05,2026-05,0.0,,False
Enrique Giles,calendario de partidos,tema,3,media,1,2026-04,2026-04,0.0,,False
Enrique Giles,Cienciano y Surco,entidad,2,baja,1,2026-05,2026-05,0.0,,False
Enrique Giles,cuadrangular de revalidación,tema,2,baja,1,2026-01,2026-01,0.0,,False
Enrique Giles,cuadro principal,tema,3,media,1,2026-05,2026-05,0.0,,False
Enrique Giles,cuarta fecha,tema,2,baja,1,2026-04,2026-04,0.0,,False
Enrique Giles,cuarta jornada,tema,3,media,1,2026-05,2026-05,0.0,,False
Enrique Giles,día del padre,tema,2,baja,1,2026-06,2026-06,0.0,,False
Enrique Giles,directo del partido,tema,2,baja,1,2026-01,2026-01,0.0,,False
Enrique Giles,fecha en las series,tema,3,media,1,2026-04,2026-04,0.0,,False
Enrique Giles,federación calendario,tema,2,baja,1,2026-04,2026-04,0.0,,False
Enrique Giles,femenino transmisión,tema,2,baja,1,2026-01,2026-01,0.0,,False
Enrique Giles,Flavio Cobolli,entidad,2,baja,1,2026-05,2026-05,0.0,,False
Enrique Giles,Florent Bax,entidad,2,baja,1,2026-05,2026-05,0.0,,False
Enrique Giles,Hamburgo,entidad,3,media,1,2026-05,2026-05,0.0,,False
Enrique Giles,Joao Fonseca,entidad,2,baja,1,2026-02,2026-02,0.0,,False
Enrique Giles,lidera la copa,entidad,2,baja,1,2026-05,2026-05,0.0,,False
Enrique Giles,lideran la copa,entidad,2,baja,1,2026-05,2026-05,0.0,,False
Enrique Giles,Liga Peruana de Vóley,entidad,2,baja,1,2026-01,2026-01,0.0,,False
Enrique Giles,Liga Peruana de Vóley Femenino,entidad,3,media,1,2026-01,2026-01,0.0,,False
Enrique Giles,oro programación,tema,2,baja,1,2026-03,2026-03,0.0,,False
Enrique Giles,París,entidad,2,baja,1,2026-05,2026-05,0.0,,False
Enrique Giles,posiciones tras la jornada,tema,2,baja,1,2026-06,2026-06,0.0,,False
Enrique Giles,posiciones tras la octava,tema,2,baja,1,2026-05,2026-05,0.0,,False
Enrique Giles,primera ronda,tema,2,baja,1,2026-05,2026-05,0.0,,False
Enrique Giles,programación de la segunda,tema,2,baja,1,2026-03,2026-03,0.0,,False
Enrique Giles,punta tras la tercera,tema,2,baja,1,2026-03,2026-03,0.0,,False
Enrique Giles,ra fecha,tema,2,baja,1,2026-03,2026-03,0.0,,False
Enrique Giles,resultados y posiciones,tema,2,baja,1,2026-06,2026-06,0.0,,False
Enrique Giles,resultados y tablas,tema,4,media,1,2026-05,2026-05,0.0,,False
Enrique Giles,revisa la programación,tema,2,baja,1,2026-04,2026-04,0.0,,False
Enrique Giles,Roland Garros,entidad,4,media,1,2026-05,2026-05,0.0,,False
Enrique Giles,selectivo incrementa,tema,2,baja,1,2026-06,2026-06,0.0,,False
Enrique Giles,tablas de posiciones,tema,4,media,1,2026-05,2026-05,0.0,,False
Enrique Giles,tercera fecha,tema,2,baja,1,2026-03,2026-03,0.0,,False
Enrique Giles,torneo elite,tema,2,baja,1,2026-03,2026-03,0.0,,False
Enrique Giles,liberabit vos,tema,2,baja,1,2026-05,2026-05,0.0,,False
Gabriel Iberico,Alianza Lima,entidad,185,alta,9,2026-01,2026-09,0.8841144694765826,,True
Gabriel Iberico,Cienciano,entidad,49,alta,9,2026-01,2026-09,0.18986999057642456,,True
Gabriel Iberico,Cusco FC,entidad,27,alta,9,2026-01,2026-09,0.48747906702218247,,True
Gabriel Iberico,horarios del fútbol,tema,83,alta,9,2026-01,2026-09,1.0,,True
Gabriel Iberico,Selección Peruana,entidad,71,alta,9,2026-01,2026-09,0.8871762786335309,,True
Gabriel Iberico,Sport Boys,entidad,59,alta,9,2026-01,2026-09,0.14852339525824712,,True
Gabriel Iberico,Sporting Cristal,entidad,131,alta,9,2026-01,2026-09,0.178995626861559,,True
Gabriel Iberico,Universitario,entidad,350,alta,9,2026-01,2026-09,0.6634347537954396,,True
Gabriel Iberico,Melgar,entidad,24,alta,8,2026-01,2026-09,0.3478505022423437,,True
Gabriel Iberico,juan pablo,entidad,15,alta,8,2026-01,2026-09,1.0,,True
Gabriel Iberico,Paolo Guerrero,entidad,15,alta,8,2026-01,2026-09,0.2839819056024739,,True
Gabriel Iberico,Binacional,entidad,9,media,7,2026-03,2026-09,0.12524616277036554,,True
Gabriel Iberico,Copa Sudamericana,entidad,31,alta,7,2026-01,2026-09,0.14542942901507208,,True
Gabriel Iberico,Felipe Chávez,entidad,21,alta,7,2026-01,2026-09,0.6837184635325262,,True
Gabriel Iberico,Matute,entidad,19,alta,7,2026-01,2026-09,1.0,,True
Gabriel Iberico,Mr Peet,entidad,15,alta,7,2026-01,2026-09,0.3841273434225738,,True
Gabriel Iberico,Pablo Guede,entidad,19,alta,7,2026-01,2026-09,1.0,,True
Gabriel Iberico,Renato Tapia,entidad,16,alta,7,2026-01,2026-09,0.6927519638946719,,True
Gabriel Iberico,universitario vs,entidad,16,alta,7,2026-01,2026-09,0.3510385410561007,,True
Gabriel Iberico,Alianza Atlético,entidad,12,alta,6,2026-02,2026-09,0.12386829292818805,,True
Gabriel Iberico,Bayern Múnich,entidad,9,media,6,2026-01,2026-09,0.4738635626308588,,True
Gabriel Iberico,Comerciantes FC,entidad,9,media,6,2026-03,2026-09,0.25615794973866085,,True
Gabriel Iberico,Comerciantes Unidos,entidad,9,media,6,2026-01,2026-09,0.3987543775987679,,True
Gabriel Iberico,cuartos de final,tema,11,alta,6,2026-02,2026-09,0.4315721537782316,,True
Gabriel Iberico,Deportivo Garcilaso,entidad,16,alta,6,2026-03,2026-09,0.3650642457801293,,True
Gabriel Iberico,Edison Flores,entidad,8,media,6,2026-01,2026-09,1.0,,True
Gabriel Iberico,fase de la liga,entidad,19,alta,6,2026-01,2026-09,0.1840108036224174,,True
Gabriel Iberico,fecha del torneo,tema,16,alta,6,2026-02,2026-09,1.0,,True
Gabriel Iberico,FIFA,entidad,12,alta,6,2026-02,2026-09,0.19695784096347296,,True
Gabriel Iberico,final de la liga,entidad,14,alta,6,2026-03,2026-09,0.26820400581815107,,True
Gabriel Iberico,Gianluca Lapadula,entidad,27,alta,6,2026-01,2026-09,0.40432484381471573,,True
Gabriel Iberico,jugarán los partidos,tema,12,alta,6,2026-02,2026-09,0.7316903651946145,,True
Gabriel Iberico,Liga Femenina,entidad,20,alta,6,2026-03,2026-09,0.8230717925004056,,True
Gabriel Iberico,Mano Menezes,entidad,19,alta,6,2026-01,2026-09,0.7646351533994901,,True
Gabriel Iberico,Puma Carranza,entidad,7,media,6,2026-01,2026-09,0.5719571581134665,,True
Gabriel Iberico,Torneo Clausura,entidad,118,alta,6,2026-04,2026-09,1.0,,True
Gabriel Iberico,Adrián Ugarriza,entidad,7,media,5,2026-01,2026-09,1.0,,True
Gabriel Iberico,Atlético Grau,entidad,6,media,5,2026-03,2026-09,1.0,,True
Gabriel Iberico,Colombia,entidad,8,media,5,2026-01,2026-09,0.32282272456013694,,True
Gabriel Iberico,Francia,entidad,6,media,5,2026-02,2026-09,1.0,,True
Gabriel Iberico,Franco Velazco,entidad,13,alta,5,2026-01,2026-09,0.2188325818611831,,True
Gabriel Iberico,Granda,entidad,8,media,5,2026-01,2026-09,0.1792559491658086,,True
Gabriel Iberico,hincha de universitario,entidad,5,media,5,2026-01,2026-09,1.0,,True
Gabriel Iberico,Jairo Concha,entidad,8,media,5,2026-02,2026-09,0.2899326015895364,,True
Gabriel Iberico,lima vs,tema,12,alta,5,2026-01,2026-09,1.0,,True
Gabriel Iberico,Monumental,entidad,7,media,5,2026-02,2026-09,0.7414479146059761,,True
Gabriel Iberico,pie derecho,tema,8,media,5,2026-01,2026-09,1.0,,True
Gabriel Iberico,Unión Comercio,entidad,6,media,5,2026-03,2026-09,0.8532894014048984,,True
Gabriel Iberico,UTC,entidad,15,alta,5,2026-01,2026-09,1.0,,True
Gabriel Iberico,ADT,entidad,10,alta,4,2026-01,2026-09,1.0,,True
Gabriel Iberico,Bicolor,entidad,11,alta,4,2026-01,2026-09,0.22130245769150306,,True
Gabriel Iberico,calienta la previa,tema,5,media,4,2026-02,2026-09,1.0,,True
Gabriel Iberico,cima del torneo,tema,7,media,4,2026-03,2026-09,0.3301376604976831,,True
Gabriel Iberico,Copa de la Liga,entidad,16,alta,4,2026-06,2026-09,0.10880972838657887,,True
Gabriel Iberico,Deportivo Moquegua,entidad,6,media,4,2026-03,2026-09,1.0,,True
Gabriel Iberico,dura derrota,tema,5,media,4,2026-01,2026-09,1.0,,True
Gabriel Iberico,final de la copa,entidad,9,media,4,2026-05,2026-09,1.0,,True
Gabriel Iberico,flaco granda,entidad,6,media,4,2026-01,2026-09,0.1792559491658086,,True
Gabriel Iberico,FPF,entidad,7,media,4,2026-01,2026-09,1.0,,True
Gabriel Iberico,fuera de la convocatoria,tema,4,media,4,2026-03,2026-09,0.5165516793303876,,True
Gabriel Iberico,Ignacio Buse,entidad,6,media,4,2026-01,2026-09,1.0,,True
Gabriel Iberico,Israel,entidad,7,media,4,2026-03,2026-09,0.10519526971183588,,True
Gabriel Iberico,mete en la pelea,tema,10,alta,4,2026-05,2026-09,0.7340585668511176,,True
Gabriel Iberico,once de universitario,entidad,4,media,4,2026-02,2026-09,1.0,,True
Gabriel Iberico,Pirata FC,entidad,4,media,4,2026-04,2026-09,0.7794174590495372,,True
Gabriel Iberico,polémicas declaraciones,tema,4,media,4,2026-03,2026-09,1.0,,True
Gabriel Iberico,primer lugar,tema,5,media,4,2026-03,2026-09,0.3999790860272463,,True
Gabriel Iberico,Roberto Mosquera,entidad,9,media,4,2026-03,2026-09,0.5469050932459055,,True
Gabriel Iberico,rotunda respuesta,tema,5,media,4,2026-04,2026-09,0.18811373308423224,,True
Gabriel Iberico,da silva,tema,4,media,4,2026-02,2026-09,1.0,,True
Gabriel Iberico,volver a universitario,entidad,4,media,4,2026-03,2026-09,0.5119721717148331,,True
Gabriel Iberico,vs universitario,entidad,8,media,4,2026-02,2026-09,1.0,,True
Gabriel Iberico,advertencia a universitario,entidad,3,media,3,2026-05,2026-09,0.29900469802469654,,True
Gabriel Iberico,Alianza Universidad,entidad,4,media,3,2026-05,2026-09,0.32365259807765484,,True
Gabriel Iberico,alto del torneo,tema,3,media,3,2026-04,2026-09,0.555206949733027,,True
Gabriel Iberico,árbitro que dirigirá,tema,3,media,3,2026-05,2026-09,0.6528194296995661,,True
Gabriel Iberico,arremete contra javier,tema,3,media,3,2026-03,2026-09,0.638546979312092,,True
Gabriel Iberico,Ayacucho,entidad,3,media,3,2026-02,2026-09,1.0,,True
Gabriel Iberico,Bryan Reyna,entidad,8,media,3,2026-02,2026-09,1.0,,True
Gabriel Iberico,Bundesliga,entidad,4,media,3,2026-04,2026-08,0.4962555032847862,,True
Gabriel Iberico,Carlos Garcés,entidad,3,media,3,2026-04,2026-09,0.6947299785803723,,True
Gabriel Iberico,cerca de dejar,tema,4,media,3,2026-03,2026-09,0.5062562339521286,,True
Gabriel Iberico,cienciano vs,entidad,4,media,3,2026-04,2026-09,1.0,,True
Gabriel Iberico,convocado a la selección,tema,7,media,3,2026-03,2026-09,0.7952000388490845,,True
Gabriel Iberico,dardo a alianza,entidad,3,media,3,2026-04,2026-09,1.0,,True
Gabriel Iberico,derrota de universitario,entidad,5,media,3,2026-01,2026-09,1.0,,True
Gabriel Iberico,Diego Kochen,entidad,5,media,3,2026-06,2026-09,1.0,,True
Gabriel Iberico,duro golpe,tema,3,media,3,2026-04,2026-09,1.0,,True
Gabriel Iberico,duro momento,tema,5,media,3,2026-01,2026-09,0.12289148530601698,,True
Gabriel Iberico,Estados Unidos,entidad,13,alta,3,2026-06,2026-09,1.0,,True
Gabriel Iberico,estaría cerca,tema,4,media,3,2026-03,2026-09,0.7540682515409735,,True
Gabriel Iberico,estaría cerca de dejar,tema,3,media,3,2026-03,2026-09,0.8130080517376226,,True
Gabriel Iberico,Europa League,entidad,5,media,3,2026-01,2026-09,1.0,,True
Gabriel Iberico,fecha fifa,entidad,5,media,3,2026-02,2026-09,0.6904239227261817,,True
Gabriel Iberico,final del torneo,tema,4,media,3,2026-05,2026-09,1.0,,True
Gabriel Iberico,fuerte mensaje,tema,4,media,3,2026-04,2026-09,1.0,,True
Gabriel Iberico,inicia con el pie,tema,3,media,3,2026-01,2026-09,1.0,,True
Gabriel Iberico,jugarse la fecha,tema,4,media,3,2026-06,2026-09,1.0,,True
Gabriel Iberico,nuevo técnico,tema,3,media,3,2026-01,2026-09,0.14484720661062098,,True
Gabriel Iberico,pelea por el torneo,tema,5,media,3,2026-05,2026-09,1.0,,True
Gabriel Iberico,pone un pie,tema,5,media,3,2026-03,2026-09,1.0,,True
Gabriel Iberico,raíces peruanas,tema,4,media,3,2026-06,2026-09,0.33478626456845145,,True
Gabriel Iberico,resultados de la fecha,tema,3,media,3,2026-05,2026-08,0.11299064704721903,,True
Gabriel Iberico,Unión Minas,entidad,4,media,3,2026-04,2026-09,0.6121431048574714,,True
Gabriel Iberico,universitario quién,entidad,4,media,3,2026-05,2026-09,1.0,,True
Gabriel Iberico,UNSAAC,entidad,3,media,3,2026-06,2026-09,1.0,,True
Gabriel Iberico,DT,entidad,18,alta,9,2026-01,2026-09,0.0,,False
Gabriel Iberico,Chankas,entidad,16,alta,8,2026-01,2026-09,0.03952899626892825,,False
Gabriel Iberico,Javier Rabanal,entidad,29,alta,8,2026-01,2026-09,0.0726543415941135,,False
Gabriel Iberico,toma rotunda,tema,17,alta,8,2026-01,2026-08,0.0,,False
Gabriel Iberico,universitario toma,entidad,13,alta,8,2026-01,2026-09,0.0679491204429028,,False
Gabriel Iberico,Copa Libertadores,entidad,59,alta,7,2026-02,2026-09,0.003204158602322386,,False
Gabriel Iberico,Deportivo Cali,entidad,12,alta,7,2026-01,2026-09,0.0,,False
Gabriel Iberico,Erick Noriega,entidad,12,alta,7,2026-01,2026-09,0.0,,False
Gabriel Iberico,Gremio,entidad,11,alta,7,2026-01,2026-09,0.0,,False
Gabriel Iberico,liga peruana,entidad,25,alta,7,2026-01,2026-07,0.0,,False
Gabriel Iberico,Pedro Gallese,entidad,16,alta,7,2026-01,2026-09,0.0,,False
Gabriel Iberico,Portugal,entidad,11,alta,7,2026-02,2026-08,0.0,,False
Gabriel Iberico,Torneo Apertura,entidad,44,alta,7,2026-02,2026-08,0.004170933297364223,,False
Gabriel Iberico,Álvaro Barco,entidad,9,media,6,2026-01,2026-07,0.0,,False
Gabriel Iberico,André Carrillo,entidad,12,alta,6,2026-02,2026-09,0.018245894133306795,,False
Gabriel Iberico,Bassco Soyer,entidad,9,media,6,2026-01,2026-08,0.0,,False
Gabriel Iberico,Brasil,entidad,16,alta,6,2026-01,2026-08,0.0,,False
Gabriel Iberico,Carlos Desio,entidad,8,media,6,2026-03,2026-09,0.0713849039972302,,False
Gabriel Iberico,Carlos Zambrano,entidad,8,media,6,2026-01,2026-08,0.0,,False
Gabriel Iberico,Chile,entidad,13,alta,6,2026-01,2026-09,0.012816042400805418,,False
Gabriel Iberico,Christian Cueva,entidad,16,alta,6,2026-01,2026-08,0.0,,False
Gabriel Iberico,copa perú resultados,entidad,31,alta,6,2026-03,2026-08,0.044907742115819146,,False
Gabriel Iberico,Cusco,entidad,8,media,6,2026-02,2026-08,0.00950063375550319,,False
Gabriel Iberico,Diego Rebagliati,entidad,8,media,6,2026-02,2026-09,0.0,,False
Gabriel Iberico,FC Cajamarca,entidad,14,alta,6,2026-01,2026-08,0.0,,False
Gabriel Iberico,Jean Deza,entidad,10,alta,6,2026-02,2026-08,0.0,,False
Gabriel Iberico,Jean Ferrari,entidad,17,alta,6,2026-02,2026-09,0.06394486139027619,,False
Gabriel Iberico,Joao Grimaldo,entidad,10,alta,6,2026-01,2026-09,0.06415232591011803,,False
Gabriel Iberico,motivo por el cual,tema,11,alta,6,2026-01,2026-07,0.0,,False
Gabriel Iberico,nuevo jugador,entidad,10,alta,6,2026-01,2026-08,0.0,,False
Gabriel Iberico,posiciones en la fecha,tema,17,alta,6,2026-03,2026-08,0.0,,False
Gabriel Iberico,respecto al futuro,tema,9,media,6,2026-01,2026-09,0.0,,False
Gabriel Iberico,resultados y tabla,tema,26,alta,6,2026-03,2026-08,0.0,,False
Gabriel Iberico,Sergio Peña,entidad,8,media,6,2026-01,2026-08,0.0,,False
Gabriel Iberico,Sparta Praga,entidad,10,alta,6,2026-01,2026-09,0.06415232591011803,,False
Gabriel Iberico,tabla de posiciones,tema,33,alta,6,2026-03,2026-08,0.0,,False
Gabriel Iberico,Argentina,entidad,19,alta,5,2026-01,2026-07,0.0,,False
Gabriel Iberico,Brasileirao,entidad,7,media,5,2026-03,2026-09,0.0,,False
Gabriel Iberico,César Vallejo,entidad,6,media,5,2026-02,2026-07,0.0,,False
Gabriel Iberico,Cristiano Ronaldo,entidad,5,media,5,2026-01,2026-07,0.0,,False
Gabriel Iberico,decisión con respecto,tema,9,media,5,2026-01,2026-09,0.0,,False
Gabriel Iberico,derrota de alianza,entidad,7,media,5,2026-01,2026-09,0.0,,False
Gabriel Iberico,Eddie Fleischman,entidad,9,media,5,2026-01,2026-07,0.0,,False
Gabriel Iberico,fase de grupos,entidad,7,media,5,2026-01,2026-07,0.0,,False
Gabriel Iberico,fecha de la liga,entidad,13,alta,5,2026-03,2026-08,0.0,,False
Gabriel Iberico,fuerte advertencia,tema,9,media,5,2026-03,2026-09,0.05575213079197604,,False
Gabriel Iberico,Gil Vicente,entidad,7,media,5,2026-01,2026-05,0.0,,False
Gabriel Iberico,Grupo,entidad,29,alta,5,2026-04,2026-08,0.0,,False
Gabriel Iberico,Héctor Cúper,entidad,23,alta,5,2026-05,2026-09,0.057126639309783844,,False
Gabriel Iberico,Hernán Barcos,entidad,10,alta,5,2026-01,2026-07,0.0,,False
Gabriel Iberico,histórico club,tema,6,media,5,2026-01,2026-07,0.0,,False
Gabriel Iberico,liga cómo se jugarán,entidad,8,media,5,2026-02,2026-08,0.022972813277655556,,False
Gabriel Iberico,matías di,entidad,6,media,5,2026-01,2026-08,0.0,,False
Gabriel Iberico,Miguel Silveira,entidad,9,media,5,2026-01,2026-07,0.0,,False
Gabriel Iberico,Nacional,entidad,9,media,5,2026-01,2026-08,0.0,,False
Gabriel Iberico,partidos de la fecha,tema,8,media,5,2026-02,2026-08,0.022972813277655556,,False
Gabriel Iberico,Piero Quispe,entidad,8,media,5,2026-03,2026-08,0.0,,False
Gabriel Iberico,primer triunfo,tema,8,media,5,2026-05,2026-09,0.03344434414580701,,False
Gabriel Iberico,Regatas Lima,entidad,7,media,5,2026-01,2026-08,0.0,,False
Gabriel Iberico,Reimond Manco,entidad,6,media,5,2026-01,2026-08,0.0,,False
Gabriel Iberico,Ricardo Gareca,entidad,6,media,5,2026-01,2026-07,0.0,,False
Gabriel Iberico,San Martín,entidad,10,alta,5,2026-01,2026-07,0.0,,False
Gabriel Iberico,Sekou Gassama,entidad,29,alta,5,2026-01,2026-05,0.0,,False
Gabriel Iberico,Sport Huancayo,entidad,7,media,5,2026-01,2026-09,0.0,,False
Gabriel Iberico,UFC,entidad,6,media,5,2026-02,2026-09,0.04461719140398123,,False
Gabriel Iberico,universitario toma rotunda,entidad,7,media,5,2026-02,2026-08,0.0,,False
Gabriel Iberico,vinl f,tema,6,media,5,2026-01,2026-09,0.0,,False
Gabriel Iberico,vs sporting,entidad,6,media,5,2026-02,2026-08,0.0,,False
Gabriel Iberico,Alex Valera,entidad,6,media,4,2026-02,2026-06,0.0,,False
Gabriel Iberico,altas bajas,tema,9,media,4,2026-01,2026-07,0.0,,False
Gabriel Iberico,André Carrillo Corinthians,entidad,4,media,4,2026-02,2026-08,0.0,,False
Gabriel Iberico,anunciado como nuevo,tema,5,media,4,2026-03,2026-08,0.0,,False
Gabriel Iberico,canal confirmado,tema,5,media,4,2026-01,2026-08,0.0,,False
Gabriel Iberico,César Inga,entidad,9,media,4,2026-01,2026-08,0.0,,False
Gabriel Iberico,Champions League,entidad,5,media,4,2026-01,2026-08,0.0,,False
Gabriel Iberico,Corinthians,entidad,9,media,4,2026-02,2026-08,0.0,,False
Gabriel Iberico,da el salto,tema,6,media,4,2026-01,2026-08,0.0,,False
Gabriel Iberico,dejar universitario,entidad,5,media,4,2026-01,2026-08,0.0,,False
Gabriel Iberico,Dinamo Zagreb,entidad,4,media,4,2026-01,2026-08,0.0,,False
Gabriel Iberico,dos figuras,tema,4,media,4,2026-01,2026-08,0.0,,False
Gabriel Iberico,emotivo mensaje,tema,6,media,4,2026-02,2026-09,0.0,,False
Gabriel Iberico,envía fuerte,tema,7,media,4,2026-03,2026-09,0.0946769847634947,,False
Gabriel Iberico,España,entidad,10,alta,4,2026-02,2026-08,0.0,,False
Gabriel Iberico,Fabio Gruber,entidad,5,media,4,2026-03,2026-08,0.0,,False
Gabriel Iberico,fecha del torneo apertura,entidad,8,media,4,2026-02,2026-05,0.0,,False
Gabriel Iberico,fecha hora,tema,5,media,4,2026-01,2026-07,0.0,,False
Gabriel Iberico,Flamengo,entidad,6,media,4,2026-02,2026-08,0.0,,False
Gabriel Iberico,granda arremete,entidad,4,media,4,2026-02,2026-09,0.0,,False
Gabriel Iberico,hinchas de universitario,entidad,5,media,4,2026-04,2026-07,0.0,,False
Gabriel Iberico,Honduras,entidad,4,media,4,2026-03,2026-06,0.0,,False
Gabriel Iberico,Jairo Vélez,entidad,6,media,4,2026-01,2026-05,0.0,,False
Gabriel Iberico,Jorge Fossati,entidad,8,media,4,2026-01,2026-05,0.0,,False
Gabriel Iberico,Juan Reynoso,entidad,6,media,4,2026-02,2026-09,0.0,,False
Gabriel Iberico,Kevin Quevedo,entidad,6,media,4,2026-02,2026-09,0.0,,False
Gabriel Iberico,México,entidad,8,media,4,2026-02,2026-09,0.026934151316046918,,False
Gabriel Iberico,millonario monto,tema,4,media,4,2026-01,2026-08,0.0,,False
Gabriel Iberico,nuevo fichaje,tema,5,media,4,2026-01,2026-08,0.0,,False
Gabriel Iberico,octavos de final,tema,10,alta,4,2026-05,2026-08,0.0,,False
Gabriel Iberico,once de sporting,entidad,4,media,4,2026-02,2026-08,0.0,,False
Gabriel Iberico,primer gol,tema,6,media,4,2026-01,2026-07,0.0,,False
Gabriel Iberico,rotunda decisión con respecto,tema,7,media,4,2026-01,2026-08,0.0,,False
Gabriel Iberico,rotunda postura,tema,4,media,4,2026-02,2026-08,0.0,,False
Gabriel Iberico,semifinales de la copa,entidad,4,media,4,2026-01,2026-08,0.0,,False
Gabriel Iberico,universitario me,entidad,4,media,4,2026-02,2026-07,0.0,,False
Gabriel Iberico,Uruguay,entidad,12,alta,4,2026-01,2026-08,0.0,,False
Gabriel Iberico,vuelve al triunfo,tema,4,media,4,2026-01,2026-07,0.0,,False
Gabriel Iberico,Williams Riveros,entidad,5,media,4,2026-01,2026-07,0.0,,False
Gabriel Iberico,Adrián Quiroz,entidad,5,media,3,2026-03,2026-06,0.0,,False
Gabriel Iberico,advertencia a alianza,entidad,4,media,3,2026-03,2026-05,0.0,,False
Gabriel Iberico,Agustín Lozano,entidad,3,media,3,2026-01,2026-08,0.0,,False
Gabriel Iberico,Alejandro Hohberg,entidad,3,media,3,2026-03,2026-09,0.01571491427976212,,False
Gabriel Iberico,Alexander Robertson,entidad,4,media,3,2026-02,2026-06,0.0,,False
Gabriel Iberico,Alfonso Barco,entidad,3,media,3,2026-02,2026-07,0.0,,False
Gabriel Iberico,amistoso internacional,tema,5,media,3,2026-03,2026-09,0.0,,False
Gabriel Iberico,apertura de la liga,entidad,5,media,3,2026-05,2026-07,0.0,,False
Gabriel Iberico,arbitraje de la liga,entidad,3,media,3,2026-02,2026-07,0.0,,False
Gabriel Iberico,arremete contra alianza,entidad,3,media,3,2026-02,2026-05,0.0,,False
Gabriel Iberico,Atlético Andahuaylas,entidad,3,media,3,2026-03,2026-08,0.0,,False
Gabriel Iberico,Caín Fara,entidad,5,media,3,2026-01,2026-08,0.0,,False
Gabriel Iberico,campeón de la liga,entidad,4,media,3,2026-02,2026-08,0.0,,False
Gabriel Iberico,campeón del mundo,tema,3,media,3,2026-01,2026-03,0.0,,False
Gabriel Iberico,mauro cantoro,tema,3,media,3,2026-04,2026-08,0.0,,False
Gabriel Iberico,Carlos Zambrano y Miguel Trauco,entidad,5,media,3,2026-03,2026-08,0.0,,False
Gabriel Iberico,Cerro Porteño,entidad,4,media,3,2026-03,2026-05,0.0,,False
Gabriel Iberico,Chongoyape,entidad,3,media,3,2026-02,2026-09,0.0,,False
Gabriel Iberico,cima del grupo,entidad,6,media,3,2026-06,2026-08,0.0,,False
Gabriel Iberico,CONAR,entidad,3,media,3,2026-02,2026-09,0.0,,False
Gabriel Iberico,Conference League,entidad,3,media,3,2026-02,2026-07,0.0,,False
Gabriel Iberico,Conmebol,entidad,4,media,3,2026-01,2026-07,0.0,,False
Gabriel Iberico,conocen a sus rivales,tema,3,media,3,2026-01,2026-08,0.0,,False
Gabriel Iberico,consigue su boleto,tema,3,media,3,2026-04,2026-08,0.0,,False
Gabriel Iberico,contundente mensaje,tema,3,media,3,2026-04,2026-09,0.0,,False
Gabriel Iberico,convocatoria para enfrentar,tema,3,media,3,2026-07,2026-09,1.0,,False
Gabriel Iberico,copa del mundo,entidad,10,alta,3,2026-05,2026-07,0.0,,False
Gabriel Iberico,Corea del Sur,entidad,3,media,3,2026-05,2026-08,0.0,,False
Gabriel Iberico,departamental de junín,entidad,7,media,3,2026-06,2026-08,0.0,,False
Gabriel Iberico,departamental de lima,entidad,8,media,3,2026-06,2026-08,0.0,,False
Gabriel Iberico,División,entidad,3,media,3,2026-01,2026-04,0.0,,False
Gabriel Iberico,Ecuador,entidad,5,media,3,2026-03,2026-07,0.0,,False
Gabriel Iberico,empate sobre la hora,tema,3,media,3,2026-02,2026-06,0.0,,False
Gabriel Iberico,escala a la cima,tema,3,media,3,2026-03,2026-08,0.0,,False
Gabriel Iberico,estreno goleador,tema,3,media,3,2026-01,2026-08,0.0,,False
Gabriel Iberico,Europa,entidad,6,media,3,2026-02,2026-07,0.0,,False
Gabriel Iberico,Fase de la Copa Libertadores,entidad,3,media,3,2026-01,2026-03,0.0,,False
Gabriel Iberico,FBC Melgar,entidad,4,media,3,2026-01,2026-07,0.0,,False
Gabriel Iberico,FC,entidad,5,media,3,2026-02,2026-08,0.0,,False
Gabriel Iberico,fecha y hora,tema,3,media,3,2026-01,2026-08,0.0,,False
Gabriel Iberico,fechas confirmadas,tema,3,media,3,2026-01,2026-08,0.0,,False
Gabriel Iberico,Federico Girotti,entidad,3,media,3,2026-04,2026-08,0.0,,False
Gabriel Iberico,Felipe Vizeu,entidad,6,media,3,2026-02,2026-07,0.0,,False
Gabriel Iberico,figura de sport,tema,5,media,3,2026-03,2026-08,0.0,,False
Gabriel Iberico,figuras para enfrentar,tema,4,media,3,2026-02,2026-08,0.0,,False
Gabriel Iberico,final del mundial,tema,12,alta,3,2026-06,2026-08,0.0,,False
Gabriel Iberico,fuerte en casa,tema,3,media,3,2026-01,2026-04,0.0,,False
Gabriel Iberico,gassama previo,tema,3,media,3,2026-01,2026-03,0.0,,False
Gabriel Iberico,gol con universitario,entidad,4,media,3,2026-03,2026-08,0.0,,False
Gabriel Iberico,gol y asistencia,tema,3,media,3,2026-03,2026-08,0.0,,False
Gabriel Iberico,grupo b,entidad,9,media,3,2026-04,2026-08,0.0,,False
Gabriel Iberico,grupo f,entidad,5,media,3,2026-04,2026-06,0.0,,False
Gabriel Iberico,grupos de la copa,entidad,4,media,3,2026-03,2026-05,0.0,,False
Gabriel Iberico,hora y canal,tema,3,media,3,2026-01,2026-07,0.0,,False
Gabriel Iberico,ilusiona al hincha,tema,3,media,3,2026-01,2026-05,0.0,,False
Gabriel Iberico,inesperada noticia,tema,4,media,3,2026-04,2026-08,0.0,,False
Gabriel Iberico,insólita razón,tema,5,media,3,2026-02,2026-06,0.0,,False
Gabriel Iberico,IPD,entidad,3,media,3,2026-01,2026-04,0.0,,False
Gabriel Iberico,Japón,entidad,3,media,3,2026-01,2026-06,0.0,,False
Gabriel Iberico,Jesús Castillo,entidad,6,media,3,2026-04,2026-08,0.0,,False
Gabriel Iberico,Jesús Pretell,entidad,4,media,3,2026-01,2026-04,0.0,,False
Gabriel Iberico,jugador de alianza,entidad,3,media,3,2026-01,2026-07,0.0,,False
Gabriel Iberico,Kevin Borjas,entidad,3,media,3,2026-02,2026-06,0.0,,False
Gabriel Iberico,liga departamental,entidad,13,alta,3,2026-06,2026-08,0.0,,False
Gabriel Iberico,lima me,tema,4,media,3,2026-02,2026-08,0.0,,False
Gabriel Iberico,lima pone,tema,3,media,3,2026-01,2026-06,0.0,,False
Gabriel Iberico,llegada de juan,tema,3,media,3,2026-01,2026-09,0.0,,False
Gabriel Iberico,mala racha,tema,3,media,3,2026-03,2026-05,0.0,,False
Gabriel Iberico,manco arremete,tema,3,media,3,2026-01,2026-05,0.0,,False
Gabriel Iberico,campo mar,tema,3,media,3,2026-01,2026-07,0.0,,False
Gabriel Iberico,marcar su primer,tema,3,media,3,2026-03,2026-08,0.0,,False
Gabriel Iberico,Marcos López,entidad,3,media,3,2026-01,2026-08,0.0,,False
Gabriel Iberico,Miguel Trauco,entidad,7,media,3,2026-01,2026-03,0.0,,False
Gabriel Iberico,Millonarios,entidad,3,media,3,2026-01,2026-07,0.0,,False
Gabriel Iberico,MLS,entidad,5,media,3,2026-01,2026-06,0.0,,False
Gabriel Iberico,Nassr,entidad,3,media,3,2026-02,2026-05,0.0,,False
Gabriel Iberico,negociaciones avanzadas,tema,3,media,3,2026-01,2026-08,0.0,,False
Gabriel Iberico,nuevo dt,entidad,7,media,3,2026-03,2026-05,0.0,,False
Gabriel Iberico,nuevo pretendiente,tema,4,media,3,2026-01,2026-06,0.0,,False
Gabriel Iberico,nuevo refuerzo,tema,7,media,3,2026-01,2026-07,0.0,,False
Gabriel Iberico,Palmeiras,entidad,5,media,3,2026-01,2026-05,0.0,,False
Gabriel Iberico,Paraguay,entidad,4,media,3,2026-03,2026-09,0.0,,False
Gabriel Iberico,paso por universitario,entidad,3,media,3,2026-01,2026-07,0.0,,False
Gabriel Iberico,Paulo Autuori,entidad,6,media,3,2026-02,2026-04,0.0,,False
Gabriel Iberico,Pedro Aquino,entidad,4,media,3,2026-02,2026-05,0.0,,False
Gabriel Iberico,Pedro García,entidad,6,media,3,2026-01,2026-04,0.0,,False
Gabriel Iberico,peet cuestiona,tema,4,media,3,2026-02,2026-09,0.02283867768918711,,False
Gabriel Iberico,polémico gesto,tema,3,media,3,2026-03,2026-07,0.0,,False
Gabriel Iberico,pone la mira,tema,8,media,3,2026-01,2026-07,0.0,,False
Gabriel Iberico,posiciones de la fecha,tema,4,media,3,2026-03,2026-08,0.0,,False
Gabriel Iberico,presentado como nuevo,entidad,3,media,3,2026-01,2026-06,0.0,,False
Gabriel Iberico,presente de universitario,entidad,3,media,3,2026-02,2026-04,0.0,,False
Gabriel Iberico,previo al duelo,tema,4,media,3,2026-01,2026-04,0.0,,False
Gabriel Iberico,primera división,entidad,4,media,3,2026-01,2026-08,0.0,,False
Gabriel Iberico,primera victoria,tema,3,media,3,2026-01,2026-06,0.0,,False
Gabriel Iberico,principales figuras,tema,4,media,3,2026-01,2026-09,0.0,,False
Gabriel Iberico,pronóstico y cuándo,tema,3,media,3,2026-03,2026-09,0.0,,False
Gabriel Iberico,queda sin dt,entidad,4,media,3,2026-03,2026-07,0.0,,False
Gabriel Iberico,rebagliati arremete,tema,3,media,3,2026-02,2026-07,0.0,,False
Gabriel Iberico,rescata un punto,tema,3,media,3,2026-02,2026-04,0.0,,False
Gabriel Iberico,Rímac,entidad,3,media,3,2026-01,2026-08,0.0,,False
Gabriel Iberico,Rodina Moscú,entidad,3,media,3,2026-05,2026-08,0.0,,False
Gabriel Iberico,Rodrigo Ureña,entidad,5,media,3,2026-04,2026-07,0.0,,False
Gabriel Iberico,rotundo mensaje,tema,3,media,3,2026-01,2026-08,0.0,,False
Gabriel Iberico,salida de miguel,entidad,3,media,3,2026-03,2026-07,0.0,,False
Gabriel Iberico,Santiago Ormeño,entidad,3,media,3,2026-02,2026-09,0.0,,False
Gabriel Iberico,semifinales de la liga,entidad,6,media,3,2026-03,2026-08,0.0,,False
Gabriel Iberico,sigue en racha,tema,4,media,3,2026-01,2026-08,0.0,,False
Gabriel Iberico,sigue sin poder,tema,3,media,3,2026-03,2026-05,0.0,,False
Gabriel Iberico,siguiente ronda,tema,5,media,3,2026-06,2026-09,0.08872060792964861,,False
Gabriel Iberico,Sporting,entidad,4,media,3,2026-03,2026-07,0.0,,False
Gabriel Iberico,Sudamericano,entidad,3,media,3,2026-01,2026-09,0.0,,False
Gabriel Iberico,suma un nuevo,tema,5,media,3,2026-01,2026-06,0.0,,False
Gabriel Iberico,sumar minutos,tema,3,media,3,2026-01,2026-08,0.0,,False
Gabriel Iberico,toma la delantera,tema,3,media,3,2026-02,2026-08,0.0,,False
Gabriel Iberico,triunfo en el torneo,tema,3,media,3,2026-03,2026-08,0.0,,False
Gabriel Iberico,Tunche Rivera,entidad,4,media,3,2026-01,2026-08,0.0,,False
Gabriel Iberico,última fecha,tema,3,media,3,2026-05,2026-08,0.0,,False
Gabriel Iberico,universitario pide,entidad,3,media,3,2026-03,2026-08,0.0,,False
Gabriel Iberico,universitario suma,entidad,3,media,3,2026-01,2026-06,0.0,,False
Gabriel Iberico,universitario vs sporting,entidad,3,media,3,2026-02,2026-08,0.0,,False
Gabriel Iberico,universitario y ahora,entidad,4,media,3,2026-03,2026-08,0.0,,False
Gabriel Iberico,VAR,entidad,3,media,3,2026-01,2026-08,0.0,,False
Gabriel Iberico,volver a la selección,tema,3,media,3,2026-03,2026-09,0.0,,False
Gabriel Iberico,vs alianza,entidad,6,media,3,2026-03,2026-08,0.0,,False
Gabriel Iberico,vs sport,entidad,5,media,3,2026-01,2026-07,0.0,,False
Gabriel Iberico,vs sport boys,entidad,3,media,3,2026-01,2026-07,0.0,,False
Gabriel Iberico,vuelve a casa,tema,4,media,3,2026-01,2026-07,0.0,,False
Gabriel Iberico,vuelve a la liga,entidad,6,media,3,2026-02,2026-08,0.0,,False
Gabriel Iberico,Wilder Cartagena,entidad,4,media,3,2026-02,2026-07,0.0,,False
Gabriel Iberico,Yordy Reyna,entidad,3,media,3,2026-05,2026-08,0.0,,False
Gabriel Iberico,Abdiel Ayarza,entidad,2,baja,2,2026-02,2026-03,0.0,,False
Gabriel Iberico,aceptaría dirigir,tema,2,baja,2,2026-03,2026-04,0.0,,False
Gabriel Iberico,acuerda de ganar,tema,2,baja,2,2026-06,2026-07,0.0,,False
Gabriel Iberico,acuerda la llegada,tema,2,baja,2,2026-01,2026-02,0.0,,False
Gabriel Iberico,tabla acumulada,tema,3,media,2,2026-08,2026-09,1.0,,False
Gabriel Iberico,adt ficha,entidad,2,baja,2,2026-01,2026-08,0.0,,False
Gabriel Iberico,agónica victoria,tema,2,baja,2,2026-05,2026-06,0.0,,False
Gabriel Iberico,agónico empate,tema,2,baja,2,2026-03,2026-08,0.0,,False
Gabriel Iberico,agónico triunfo,tema,2,baja,2,2026-04,2026-08,0.0,,False
Gabriel Iberico,Alan Cantero,entidad,2,baja,2,2026-02,2026-04,0.0,,False
Gabriel Iberico,Alejandro Duarte,entidad,4,media,2,2026-08,2026-09,0.33773183018294806,,False
Gabriel Iberico,Alemania,entidad,3,media,2,2026-02,2026-06,0.0,,False
Gabriel Iberico,Alianza,entidad,2,baja,2,2026-02,2026-09,1.0,,False
Gabriel Iberico,Alianza Lima Ojalá,entidad,2,baja,2,2026-03,2026-08,0.0,,False
Gabriel Iberico,alto del torneo clausura,entidad,2,baja,2,2026-08,2026-09,0.555206949733027,,False
Gabriel Iberico,amargo empate,tema,3,media,2,2026-02,2026-04,0.0,,False
Gabriel Iberico,amistoso de preparación,tema,2,baja,2,2026-06,2026-07,0.0,,False
Gabriel Iberico,amistoso previo,tema,2,baja,2,2026-01,2026-07,0.0,,False
Gabriel Iberico,Andahuaylas,entidad,2,baja,2,2026-02,2026-08,0.0,,False
Gabriel Iberico,Ángel Comizzo,entidad,3,media,2,2026-03,2026-04,0.0,,False
Gabriel Iberico,antes del duelo,tema,2,baja,2,2026-02,2026-07,0.0,,False
Gabriel Iberico,anunciado como nuevo jugador,tema,2,baja,2,2026-07,2026-08,0.0,,False
Gabriel Iberico,anunciado como nuevo refuerzo,tema,2,baja,2,2026-06,2026-07,0.0,,False
Gabriel Iberico,apunta contra paolo,tema,3,media,2,2026-02,2026-04,0.0,,False
Gabriel Iberico,apunta contra universitario,entidad,2,baja,2,2026-02,2026-04,0.0,,False
Gabriel Iberico,Arequipa,entidad,2,baja,2,2026-07,2026-08,0.0,,False
Gabriel Iberico,Arley Rodríguez,entidad,3,media,2,2026-03,2026-05,0.0,,False
Gabriel Iberico,armas el once,tema,2,baja,2,2026-02,2026-08,0.0,,False
Gabriel Iberico,arremete contra williams,tema,2,baja,2,2026-02,2026-05,0.0,,False
Gabriel Iberico,asistencia de lujo,tema,2,baja,2,2026-02,2026-05,0.0,,False
Gabriel Iberico,asume la responsabilidad,tema,3,media,2,2026-06,2026-08,0.0,,False
Gabriel Iberico,atajada de pedro,tema,2,baja,2,2026-01,2026-04,0.0,,False
Gabriel Iberico,Ate Universitario,entidad,2,baja,2,2026-01,2026-06,0.0,,False
Gabriel Iberico,atención universitario,entidad,3,media,2,2026-01,2026-03,0.0,,False
Gabriel Iberico,ausencia en la selección,tema,2,baja,2,2026-02,2026-09,1.0,,False
Gabriel Iberico,Ayacucho FC,entidad,2,baja,2,2026-01,2026-07,0.0,,False
Gabriel Iberico,b de la copa,entidad,7,media,2,2026-04,2026-05,0.0,,False
Gabriel Iberico,bajas importantes,tema,2,baja,2,2026-04,2026-08,0.0,,False
Gabriel Iberico,bajas y renovaciones,tema,2,baja,2,2026-05,2026-06,0.0,,False
Gabriel Iberico,Bambino,entidad,2,baja,2,2026-03,2026-06,0.0,,False
Gabriel Iberico,banner publicitario,tema,2,baja,2,2026-01,2026-06,0.0,,False
Gabriel Iberico,barco respalda,tema,2,baja,2,2026-01,2026-04,0.0,,False
Gabriel Iberico,Bélgica,entidad,2,baja,2,2026-07,2026-09,0.0,,False
Gabriel Iberico,Belgrano,entidad,2,baja,2,2026-01,2026-02,0.0,,False
Gabriel Iberico,Belice,entidad,2,baja,2,2026-08,2026-09,0.0,,False
Gabriel Iberico,beto da,tema,2,baja,2,2026-05,2026-09,1.0,,False
Gabriel Iberico,jonathan bilbao,tema,2,baja,2,2026-02,2026-03,0.0,,False
Gabriel Iberico,boleto a la fase,entidad,2,baja,2,2026-05,2026-07,0.0,,False
Gabriel Iberico,boleto a las semifinales,tema,3,media,2,2026-03,2026-08,0.0,,False
Gabriel Iberico,boleto a los octavos,tema,4,media,2,2026-06,2026-07,0.0,,False
Gabriel Iberico,Bolivia,entidad,2,baja,2,2026-03,2026-04,0.0,,False
Gabriel Iberico,boys vs,entidad,3,media,2,2026-03,2026-08,0.0,,False
Gabriel Iberico,fabián bustos,tema,3,media,2,2026-04,2026-09,0.6837643684641582,,False
Gabriel Iberico,Cabo Verde,entidad,4,media,2,2026-06,2026-07,0.0,,False
Gabriel Iberico,Callao,entidad,5,media,2,2026-03,2026-06,0.0,,False
Gabriel Iberico,cambio drástico,tema,2,baja,2,2026-08,2026-09,0.0,,False
Gabriel Iberico,cambios drásticos,tema,2,baja,2,2026-08,2026-09,0.0,,False
Gabriel Iberico,campeón con universitario,entidad,2,baja,2,2026-06,2026-08,0.0,,False
Gabriel Iberico,campeón de la copa,entidad,2,baja,2,2026-01,2026-04,0.0,,False
Gabriel Iberico,campeón en argentina,entidad,2,baja,2,2026-04,2026-07,0.0,,False
Gabriel Iberico,Campeonato Paulista,entidad,2,baja,2,2026-01,2026-02,0.0,,False
Gabriel Iberico,Canadá,entidad,3,media,2,2026-06,2026-09,0.0,,False
Gabriel Iberico,canal que transmitirá,tema,2,baja,2,2026-01,2026-03,0.0,,False
Gabriel Iberico,Cantolao,entidad,2,baja,2,2026-08,2026-09,0.0,,False
Gabriel Iberico,cara al mundial,tema,2,baja,2,2026-03,2026-04,0.0,,False
Gabriel Iberico,Carlos Galván,entidad,3,media,2,2026-02,2026-06,0.0,,False
Gabriel Iberico,Carlos Mannucci,entidad,2,baja,2,2026-05,2026-09,1.0,,False
Gabriel Iberico,carrera en el mundial,tema,2,baja,2,2026-06,2026-07,0.0,,False
Gabriel Iberico,carrillo suma,tema,2,baja,2,2026-02,2026-04,0.0,,False
Gabriel Iberico,casa sport,tema,2,baja,2,2026-01,2026-03,0.0,,False
Gabriel Iberico,casa universitario,entidad,2,baja,2,2026-06,2026-07,0.0,,False
Gabriel Iberico,CD Moquegua,entidad,2,baja,2,2026-04,2026-05,0.0,,False
Gabriel Iberico,cerca de volver,tema,3,media,2,2026-05,2026-06,0.0,,False
Gabriel Iberico,César Uribe,entidad,3,media,2,2026-07,2026-09,0.3869839928197507,,False
Gabriel Iberico,chankas envía,entidad,2,baja,2,2026-04,2026-05,0.0,,False
Gabriel Iberico,cienciano cuándo,entidad,3,media,2,2026-04,2026-05,0.0,,False
Gabriel Iberico,cierra la puerta,tema,2,baja,2,2026-07,2026-09,0.11191103956260999,,False
Gabriel Iberico,cima del torneo apertura,entidad,2,baja,2,2026-03,2026-05,0.0,,False
Gabriel Iberico,cima del torneo clausura,entidad,5,media,2,2026-08,2026-09,0.3301376604976831,,False
Gabriel Iberico,clásico ante universitario,entidad,3,media,2,2026-02,2026-09,0.0,,False
Gabriel Iberico,clásico en matute,entidad,2,baja,2,2026-08,2026-09,1.0,,False
Gabriel Iberico,clásico rival,tema,2,baja,2,2026-05,2026-09,1.0,,False
Gabriel Iberico,clasificación en la copa,entidad,2,baja,2,2026-05,2026-06,0.0,,False
Gabriel Iberico,clasificados a la fase,entidad,3,media,2,2026-05,2026-07,0.0,,False
Gabriel Iberico,clasificados a la siguiente,tema,2,baja,2,2026-06,2026-07,0.0,,False
Gabriel Iberico,clausura de la liga,entidad,4,media,2,2026-08,2026-09,1.0,,False
Gabriel Iberico,club que disputa,tema,2,baja,2,2026-04,2026-06,0.0,,False
Gabriel Iberico,clubes clasificados,tema,3,media,2,2026-07,2026-08,0.0,,False
Gabriel Iberico,colombia vs,entidad,2,baja,2,2026-03,2026-06,0.0,,False
Gabriel Iberico,complica sus aspiraciones,tema,2,baja,2,2026-02,2026-04,0.0,,False
Gabriel Iberico,complicada situación,tema,2,baja,2,2026-05,2026-09,0.03142509700679792,,False
Gabriel Iberico,complicado panorama,tema,2,baja,2,2026-05,2026-06,0.0,,False
Gabriel Iberico,conseguir su boleto,tema,2,baja,2,2026-06,2026-07,0.0,,False
Gabriel Iberico,viejo continente,tema,2,baja,2,2026-01,2026-02,0.0,,False
Gabriel Iberico,convocatoria de la selección,tema,2,baja,2,2026-03,2026-08,0.0,,False
Gabriel Iberico,convocatoria de universitario,entidad,2,baja,2,2026-03,2026-05,0.0,,False
Gabriel Iberico,Copa de Alemania,entidad,2,baja,2,2026-08,2026-09,1.0,,False
Gabriel Iberico,Copenhague,entidad,2,baja,2,2026-01,2026-04,0.0,,False
Gabriel Iberico,corona como campeón,tema,2,baja,2,2026-04,2026-08,0.0,,False
Gabriel Iberico,coronarse en el torneo,tema,2,baja,2,2026-05,2026-07,0.0,,False
Gabriel Iberico,crema universitario,entidad,3,media,2,2026-01,2026-06,0.0,,False
Gabriel Iberico,Cristal,entidad,2,baja,2,2026-02,2026-05,0.0,,False
Gabriel Iberico,cristal me,entidad,2,baja,2,2026-07,2026-08,0.0,,False
Gabriel Iberico,cristal no me,entidad,2,baja,2,2026-02,2026-04,0.0,,False
Gabriel Iberico,cristal para visitar,entidad,2,baja,2,2026-05,2026-08,0.0,,False
Gabriel Iberico,cristal pone,entidad,2,baja,2,2026-06,2026-07,0.0,,False
Gabriel Iberico,cristal vs,entidad,4,media,2,2026-02,2026-07,0.0,,False
Gabriel Iberico,Croacia,entidad,2,baja,2,2026-05,2026-06,0.0,,False
Gabriel Iberico,cruces confirmados,tema,3,media,2,2026-03,2026-08,0.0,,False
Gabriel Iberico,cuadrangular final,tema,2,baja,2,2026-05,2026-08,0.0,,False
Gabriel Iberico,cuándo vuelve,tema,7,media,2,2026-04,2026-05,0.0,,False
Gabriel Iberico,Cúper,entidad,2,baja,2,2026-05,2026-08,0.0,,False
Gabriel Iberico,cúper y su rotundo,entidad,2,baja,2,2026-05,2026-07,0.0,,False
Gabriel Iberico,curiosa reacción,tema,2,baja,2,2026-03,2026-04,0.0,,False
Gabriel Iberico,da el batacazo,tema,2,baja,2,2026-04,2026-05,0.0,,False
Gabriel Iberico,da el triunfo,tema,2,baja,2,2026-07,2026-08,0.0,,False
Gabriel Iberico,dar el golpe,tema,2,baja,2,2026-04,2026-08,0.0,,False
Gabriel Iberico,dar el salto,tema,3,media,2,2026-01,2026-05,0.0,,False
Gabriel Iberico,darle el triunfo,tema,2,baja,2,2026-04,2026-07,0.0,,False
Gabriel Iberico,David,entidad,2,baja,2,2026-05,2026-06,0.0,,False
Gabriel Iberico,deberá pagar,tema,2,baja,2,2026-03,2026-06,0.0,,False
Gabriel Iberico,debut en la liga,entidad,3,media,2,2026-01,2026-06,0.0,,False
Gabriel Iberico,debut prometedor,tema,2,baja,2,2026-01,2026-08,0.0,,False
Gabriel Iberico,debut soñado,tema,2,baja,2,2026-07,2026-09,0.0,,False
Gabriel Iberico,debutar con universitario,entidad,2,baja,2,2026-02,2026-07,0.0,,False
Gabriel Iberico,decide el futuro,tema,2,baja,2,2026-02,2026-09,1.0,,False
Gabriel Iberico,decisión con sekou,tema,2,baja,2,2026-01,2026-02,0.0,,False
Gabriel Iberico,decisión sobre su futuro,tema,2,baja,2,2026-05,2026-07,0.0,,False
Gabriel Iberico,defensa peruano,tema,2,baja,2,2026-02,2026-03,0.0,,False
Gabriel Iberico,defensor peruano,tema,2,baja,2,2026-02,2026-06,0.0,,False
Gabriel Iberico,defensor sporting,entidad,3,media,2,2026-03,2026-04,0.0,,False
Gabriel Iberico,definidos los clasificados,tema,2,baja,2,2026-05,2026-07,0.0,,False
Gabriel Iberico,dejar el club,tema,3,media,2,2026-06,2026-08,0.0,,False
Gabriel Iberico,dejará universitario,entidad,2,baja,2,2026-01,2026-06,0.0,,False
Gabriel Iberico,Deportivo Llacuabamba,entidad,2,baja,2,2026-05,2026-08,0.0,,False
Gabriel Iberico,Deportivo Municipal,entidad,2,baja,2,2026-06,2026-07,0.0,,False
Gabriel Iberico,Deportivo Ucrania,entidad,2,baja,2,2026-08,2026-09,0.0,,False
Gabriel Iberico,derechos de tv,tema,2,baja,2,2026-01,2026-02,0.0,,False
Gabriel Iberico,derrota de sport,tema,2,baja,2,2026-02,2026-09,0.0,,False
Gabriel Iberico,derrota en la copa,entidad,2,baja,2,2026-07,2026-08,0.0,,False
Gabriel Iberico,descenso erick,tema,2,baja,2,2026-08,2026-09,0.0,,False
Gabriel Iberico,Dianderas,entidad,3,media,2,2026-08,2026-09,1.0,,False
Gabriel Iberico,Diego Penny,entidad,4,media,2,2026-02,2026-03,0.0,,False
Gabriel Iberico,Diego Romero,entidad,2,baja,2,2026-02,2026-03,0.0,,False
Gabriel Iberico,dirigencia de sporting,entidad,2,baja,2,2026-05,2026-07,0.0,,False
Gabriel Iberico,dirigir a universitario,entidad,4,media,2,2026-04,2026-05,0.0,,False
Gabriel Iberico,disputa la copa,entidad,2,baja,2,2026-04,2026-06,0.0,,False
Gabriel Iberico,disputar el torneo,tema,3,media,2,2026-05,2026-07,0.0,,False
Gabriel Iberico,dorsal que utilizará,tema,2,baja,2,2026-01,2026-06,0.0,,False
Gabriel Iberico,dos atajadas,tema,2,baja,2,2026-02,2026-04,0.0,,False
Gabriel Iberico,dos futbolistas,tema,2,baja,2,2026-04,2026-06,0.0,,False
Gabriel Iberico,dos titulares,tema,2,baja,2,2026-02,2026-09,0.977552564664357,,False
Gabriel Iberico,drástica decisión,tema,3,media,2,2026-01,2026-04,0.0,,False
Gabriel Iberico,DT de Deportivo Cali,entidad,2,baja,2,2026-03,2026-07,0.0,,False
Gabriel Iberico,DT de Universitario,entidad,2,baja,2,2026-02,2026-05,0.0,,False
Gabriel Iberico,duelo ante sporting,entidad,2,baja,2,2026-02,2026-08,0.0,,False
Gabriel Iberico,duelo clave,tema,3,media,2,2026-03,2026-05,0.0,,False
Gabriel Iberico,duelo por el torneo,tema,3,media,2,2026-02,2026-07,0.0,,False
Gabriel Iberico,duelo por la copa,entidad,6,media,2,2026-04,2026-08,0.0,,False
Gabriel Iberico,dupla peruana,tema,2,baja,2,2026-01,2026-02,0.0,,False
Gabriel Iberico,dura crítica,tema,2,baja,2,2026-07,2026-08,0.0,,False
Gabriel Iberico,dura derrota de universitario,entidad,2,baja,2,2026-04,2026-09,1.0,,False
Gabriel Iberico,EFL League One,entidad,2,baja,2,2026-02,2026-03,0.0,,False
Gabriel Iberico,Eliminatorias,entidad,2,baja,2,2026-03,2026-08,0.0,,False
Gabriel Iberico,empate ante alianza,entidad,3,media,2,2026-02,2026-08,0.0,,False
Gabriel Iberico,empate de universitario,entidad,4,media,2,2026-02,2026-08,0.0,,False
Gabriel Iberico,encuentro de ida,tema,2,baja,2,2026-07,2026-09,1.0,,False
Gabriel Iberico,enfrentar a cienciano,entidad,2,baja,2,2026-02,2026-07,0.0,,False
Gabriel Iberico,enfrentar a comerciantes,entidad,3,media,2,2026-07,2026-09,1.0,,False
Gabriel Iberico,enfrentar a fc,entidad,2,baja,2,2026-02,2026-08,0.0,,False
Gabriel Iberico,enfrentará a alianza,entidad,2,baja,2,2026-01,2026-09,0.7099680013151793,,False
Gabriel Iberico,Eryc Castillo,entidad,2,baja,2,2026-08,2026-09,0.0,,False
Gabriel Iberico,escala en la liga,entidad,2,baja,2,2026-03,2026-06,0.0,,False
Gabriel Iberico,escala posiciones,tema,2,baja,2,2026-07,2026-09,1.0,,False
Gabriel Iberico,escalar a la cima,tema,2,baja,2,2026-07,2026-08,0.0,,False
Gabriel Iberico,estadio nacional,entidad,2,baja,2,2026-01,2026-03,0.0,,False
Gabriel Iberico,estado de la lesión,tema,2,baja,2,2026-03,2026-05,0.0,,False
Gabriel Iberico,estalla contra el arbitraje,tema,2,baja,2,2026-02,2026-08,0.0,,False
Gabriel Iberico,estilo de juego,tema,2,baja,2,2026-01,2026-02,0.0,,False
Gabriel Iberico,Estoy,entidad,2,baja,2,2026-01,2026-08,0.0,,False
Gabriel Iberico,estreno en el mundial,tema,3,media,2,2026-03,2026-06,0.0,,False
Gabriel Iberico,Estudiantil CNI,entidad,5,media,2,2026-05,2026-08,0.0,,False
Gabriel Iberico,estuvo cerca,tema,2,baja,2,2026-06,2026-08,0.0,,False
Gabriel Iberico,estuvo en la mira,tema,2,baja,2,2026-01,2026-08,0.0,,False
Gabriel Iberico,Etapa Nacional,entidad,12,alta,2,2026-08,2026-09,1.0,,False
Gabriel Iberico,Europa Gil Vicente,entidad,2,baja,2,2026-07,2026-08,0.0,,False
Gabriel Iberico,exfigura de universitario,entidad,2,baja,2,2026-03,2026-05,0.0,,False
Gabriel Iberico,extranjero para el torneo,tema,2,baja,2,2026-05,2026-06,0.0,,False
Gabriel Iberico,f de la copa,entidad,3,media,2,2026-04,2026-05,0.0,,False
Gabriel Iberico,Fase,entidad,3,media,2,2026-05,2026-09,1.0,,False
Gabriel Iberico,Fase Regional,entidad,3,media,2,2026-08,2026-09,1.0,,False
Gabriel Iberico,FC Barcelona,entidad,2,baja,2,2026-05,2026-06,0.0,,False
Gabriel Iberico,fc se impone,entidad,2,baja,2,2026-06,2026-08,0.0,,False
Gabriel Iberico,fecha confirmada,tema,2,baja,2,2026-01,2026-08,0.0,,False
Gabriel Iberico,fecha de la copa,entidad,3,media,2,2026-04,2026-05,0.0,,False
Gabriel Iberico,fecha de la fase,entidad,4,media,2,2026-07,2026-08,0.26270460724214834,,False
Gabriel Iberico,fecha de la liguilla,tema,3,media,2,2026-06,2026-08,0.0,,False
Gabriel Iberico,fecha del torneo clausura,entidad,8,media,2,2026-08,2026-09,1.0,,False
Gabriel Iberico,fecha en la fase,entidad,3,media,2,2026-05,2026-07,0.0,,False
Gabriel Iberico,fecha en la liga,entidad,2,baja,2,2026-03,2026-06,0.0,,False
Gabriel Iberico,fecha hora y canal,tema,2,baja,2,2026-01,2026-07,0.0,,False
Gabriel Iberico,fecha y hora confirmada,tema,2,baja,2,2026-04,2026-08,0.0,,False
Gabriel Iberico,ferrari arremete,tema,2,baja,2,2026-03,2026-04,0.0,,False
Gabriel Iberico,fichaje de adrián,entidad,3,media,2,2026-05,2026-06,0.0,,False
Gabriel Iberico,fichaje de peso,tema,2,baja,2,2026-01,2026-02,0.0,,False
Gabriel Iberico,fichaje de universitario,entidad,2,baja,2,2026-01,2026-05,0.0,,False
Gabriel Iberico,fichajes de deportivo,tema,2,baja,2,2026-05,2026-07,0.0,,False
Gabriel Iberico,fiesta monumental,entidad,2,baja,2,2026-01,2026-03,0.0,,False
Gabriel Iberico,figura de universitario,entidad,2,baja,2,2026-06,2026-08,0.0,,False
Gabriel Iberico,figuras de universitario,entidad,2,baja,2,2026-03,2026-05,0.0,,False
Gabriel Iberico,final del torneo apertura,entidad,2,baja,2,2026-05,2026-07,0.0,,False
Gabriel Iberico,firme en la pelea,tema,3,media,2,2026-04,2026-05,0.0,,False
Gabriel Iberico,flaco granda arremete,entidad,2,baja,2,2026-02,2026-03,0.0,,False
Gabriel Iberico,flores y su rotundo,tema,2,baja,2,2026-01,2026-08,0.0,,False
Gabriel Iberico,Fluminense,entidad,2,baja,2,2026-03,2026-09,0.391386020043485,,False
Gabriel Iberico,Franco Navarro,entidad,2,baja,2,2026-03,2026-08,0.0,,False
Gabriel Iberico,frotan las manos,tema,2,baja,2,2026-01,2026-04,0.0,,False
Gabriel Iberico,fuera de las canchas,tema,2,baja,2,2026-07,2026-08,0.0,,False
Gabriel Iberico,fuerte advertencia a universitario,entidad,2,baja,2,2026-07,2026-09,0.3107362480379408,,False
Gabriel Iberico,fútbol argentino,tema,2,baja,2,2026-01,2026-03,0.0,,False
Gabriel Iberico,fútbol peruano,tema,2,baja,2,2026-02,2026-07,0.0,,False
Gabriel Iberico,futuro de bryan,tema,2,baja,2,2026-02,2026-09,1.0,,False
Gabriel Iberico,futuro de felipe,tema,2,baja,2,2026-07,2026-08,0.0,,False
Gabriel Iberico,futuro de sekou,tema,2,baja,2,2026-03,2026-06,0.0,,False
Gabriel Iberico,ganando confianza,tema,2,baja,2,2026-04,2026-09,0.0,,False
Gabriel Iberico,ganar y escala,tema,2,baja,2,2026-06,2026-07,0.0,,False
Gabriel Iberico,gassama previo al duelo,tema,2,baja,2,2026-01,2026-02,0.0,,False
Gabriel Iberico,Gastón Bolaños,entidad,2,baja,2,2026-03,2026-06,0.0,,False
Gabriel Iberico,Géminis,entidad,2,baja,2,2026-01,2026-02,0.0,,False
Gabriel Iberico,elecciones generales,tema,7,media,2,2026-04,2026-06,0.0,,False
Gabriel Iberico,elecciones generales roberto,tema,2,baja,2,2026-04,2026-06,0.0,,False
Gabriel Iberico,giancarlo granda,entidad,2,baja,2,2026-08,2026-09,0.0,,False
Gabriel Iberico,gol sobre la hora,tema,2,baja,2,2026-07,2026-08,0.0,,False
Gabriel Iberico,goleador de universitario,entidad,2,baja,2,2026-01,2026-06,0.0,,False
Gabriel Iberico,Gonzalo Bueno,entidad,2,baja,2,2026-01,2026-02,0.0,,False
Gabriel Iberico,gran momento,tema,2,baja,2,2026-08,2026-09,0.0,,False
Gabriel Iberico,grandes ligas,tema,2,baja,2,2026-03,2026-04,0.0,,False
Gabriel Iberico,grave denuncia,tema,2,baja,2,2026-02,2026-09,1.0,,False
Gabriel Iberico,grave lesión,tema,3,media,2,2026-03,2026-06,0.0,,False
Gabriel Iberico,grimaldo sigue,tema,2,baja,2,2026-08,2026-09,0.8386027512524877,,False
Gabriel Iberico,Guillermo Viscarra,entidad,3,media,2,2026-06,2026-07,0.0,,False
Gabriel Iberico,hat trick,tema,2,baja,2,2026-02,2026-06,0.0,,False
Gabriel Iberico,historia de los mundiales,entidad,2,baja,2,2026-06,2026-07,0.0,,False
Gabriel Iberico,histórica clasificación,tema,2,baja,2,2026-04,2026-07,0.0,,False
Gabriel Iberico,hora confirmada,tema,3,media,2,2026-04,2026-08,0.0,,False
Gabriel Iberico,hora y dónde,tema,2,baja,2,2026-03,2026-05,0.0,,False
Gabriel Iberico,Horacio Melgarejo,entidad,2,baja,2,2026-05,2026-09,0.3833982022996597,,False
Gabriel Iberico,impone ante universitario,entidad,2,baja,2,2026-03,2026-06,0.0,,False
Gabriel Iberico,impone condiciones,tema,2,baja,2,2026-03,2026-06,0.0,,False
Gabriel Iberico,importante noticia,tema,2,baja,2,2026-03,2026-04,0.0,,False
Gabriel Iberico,importantes para visitar,tema,2,baja,2,2026-02,2026-08,0.0,,False
Gabriel Iberico,inesperado motivo,tema,2,baja,2,2026-06,2026-07,0.0,,False
Gabriel Iberico,Inglaterra,entidad,5,media,2,2026-06,2026-07,0.0,,False
Gabriel Iberico,inicio de la liga,entidad,2,baja,2,2026-01,2026-08,0.0,,False
Gabriel Iberico,inicio del torneo,tema,7,media,2,2026-02,2026-07,0.0,,False
Gabriel Iberico,insólito alianza,entidad,2,baja,2,2026-02,2026-08,0.0,,False
Gabriel Iberico,insultos racistas,tema,2,baja,2,2026-03,2026-04,0.0,,False
Gabriel Iberico,invicto en la copa,entidad,2,baja,2,2026-05,2026-06,0.0,,False
Gabriel Iberico,Irak,entidad,2,baja,2,2026-04,2026-06,0.0,,False
Gabriel Iberico,Ironi Kiryat Shmona,entidad,2,baja,2,2026-01,2026-06,0.0,,False
Gabriel Iberico,Italia,entidad,3,media,2,2026-05,2026-09,0.0,,False
Gabriel Iberico,Jean Pierre Rhyner Vizela,entidad,2,baja,2,2026-04,2026-08,0.0,,False
Gabriel Iberico,Jefferson Farfán,entidad,2,baja,2,2026-07,2026-08,0.0,,False
Gabriel Iberico,jerarquía y experiencia,tema,2,baja,2,2026-01,2026-06,0.0,,False
Gabriel Iberico,Jeriel,entidad,3,media,2,2026-01,2026-02,0.0,,False
Gabriel Iberico,Jhilmar Lora,entidad,2,baja,2,2026-01,2026-02,0.0,,False
Gabriel Iberico,Jorge Araujo,entidad,4,media,2,2026-04,2026-05,0.0,,False
Gabriel Iberico,jornada de la liga,entidad,3,media,2,2026-03,2026-08,0.0,,False
Gabriel Iberico,José Carabalí,entidad,4,media,2,2026-06,2026-07,0.0,,False
Gabriel Iberico,joven promesa,tema,2,baja,2,2026-01,2026-07,0.0,,False
Gabriel Iberico,Juan Manuel Requena,entidad,4,media,2,2026-07,2026-08,0.0,,False
Gabriel Iberico,Juan Pablo Goicochea,entidad,3,media,2,2026-03,2026-04,0.0,,False
Gabriel Iberico,jugador de alianza lima,entidad,2,baja,2,2026-01,2026-07,0.0,,False
Gabriel Iberico,jugador de histórico,tema,2,baja,2,2026-01,2026-05,0.0,,False
Gabriel Iberico,jugador de universitario,entidad,2,baja,2,2026-04,2026-06,0.0,,False
Gabriel Iberico,jugar en universitario,entidad,2,baja,2,2026-04,2026-08,0.0,,False
Gabriel Iberico,Juliaca,entidad,2,baja,2,2026-03,2026-06,0.0,,False
Gabriel Iberico,Junior,entidad,5,media,2,2026-04,2026-05,0.0,,False
Gabriel Iberico,Juventud,entidad,2,baja,2,2026-07,2026-08,0.0,,False
Gabriel Iberico,fc k,tema,3,media,2,2026-02,2026-03,0.0,,False
Gabriel Iberico,Keiko Fujimori,entidad,2,baja,2,2026-04,2026-06,0.0,,False
Gabriel Iberico,Kenji Cabrera,entidad,2,baja,2,2026-02,2026-07,0.0,,False
Gabriel Iberico,Kylian Mbappé,entidad,3,media,2,2026-06,2026-09,1.0,,False
Gabriel Iberico,lapadula le da,tema,2,baja,2,2026-01,2026-08,0.0,,False
Gabriel Iberico,lapadula tras marcar,tema,2,baja,2,2026-07,2026-08,0.0,,False
Gabriel Iberico,LDU,entidad,5,media,2,2026-03,2026-04,0.0,,False
Gabriel Iberico,LDU de Quito,entidad,2,baja,2,2026-06,2026-07,0.0,,False
Gabriel Iberico,ley del ex,tema,3,media,2,2026-03,2026-09,0.19040481431913256,,False
Gabriel Iberico,lidera a gil,tema,2,baja,2,2026-03,2026-04,0.0,,False
Gabriel Iberico,Liga Departamental de Apurímac,entidad,3,media,2,2026-06,2026-08,0.0,,False
Gabriel Iberico,Liga Departamental de Arequipa,entidad,3,media,2,2026-07,2026-08,0.08892019063689276,,False
Gabriel Iberico,Liga Departamental de Ayacucho,entidad,3,media,2,2026-06,2026-07,0.0,,False
Gabriel Iberico,Liga Departamental de Puno,entidad,3,media,2,2026-06,2026-07,0.0,,False
Gabriel Iberico,liga me,entidad,2,baja,2,2026-01,2026-03,0.0,,False
Gabriel Iberico,liga nos,entidad,2,baja,2,2026-01,2026-03,0.0,,False
Gabriel Iberico,Liga Pro,entidad,2,baja,2,2026-02,2026-03,0.0,,False
Gabriel Iberico,Liga Provincial de Arequipa,entidad,2,baja,2,2026-05,2026-06,0.0,,False
Gabriel Iberico,liguilla final,tema,5,media,2,2026-06,2026-08,0.06948942941596557,,False
Gabriel Iberico,lima en el clásico,tema,3,media,2,2026-04,2026-09,0.0,,False
Gabriel Iberico,lima envía,tema,2,baja,2,2026-03,2026-09,0.0,,False
Gabriel Iberico,lima pone la mira,tema,2,baja,2,2026-01,2026-06,0.0,,False
Gabriel Iberico,lima se impone,tema,2,baja,2,2026-03,2026-04,0.0,,False
Gabriel Iberico,lima sigue,tema,3,media,2,2026-02,2026-03,0.0,,False
Gabriel Iberico,lima tras ganar,tema,2,baja,2,2026-04,2026-05,0.0,,False
Gabriel Iberico,lima vs sport,tema,3,media,2,2026-01,2026-02,0.0,,False
Gabriel Iberico,lima vs universitario,entidad,6,media,2,2026-08,2026-09,1.0,,False
Gabriel Iberico,lima y ahora,tema,2,baja,2,2026-02,2026-09,1.0,,False
Gabriel Iberico,Lionel Messi,entidad,2,baja,2,2026-01,2026-03,0.0,,False
Gabriel Iberico,Lisandro Alzugaray,entidad,4,media,2,2026-01,2026-03,0.0,,False
Gabriel Iberico,llegada de miguel,entidad,2,baja,2,2026-03,2026-07,0.0,,False
Gabriel Iberico,llegar a universitario,entidad,2,baja,2,2026-05,2026-08,0.0,,False
Gabriel Iberico,lluvia de goles,tema,2,baja,2,2026-02,2026-07,0.0,,False
Gabriel Iberico,lugar de la liga,entidad,2,baja,2,2026-04,2026-09,0.6182874905427677,,False
Gabriel Iberico,lugar del grupo,entidad,3,media,2,2026-05,2026-06,0.0,,False
Gabriel Iberico,Luis Urruti,entidad,2,baja,2,2026-02,2026-03,0.0,,False
Gabriel Iberico,lujo wilder,tema,2,baja,2,2026-02,2026-03,0.0,,False
Gabriel Iberico,Mainz,entidad,2,baja,2,2026-06,2026-08,0.0,,False
Gabriel Iberico,mantiene en la cima,tema,2,baja,2,2026-05,2026-08,0.0,,False
Gabriel Iberico,mantiene su invicto,tema,2,baja,2,2026-03,2026-05,0.0,,False
Gabriel Iberico,Manuel Barreto,entidad,2,baja,2,2026-03,2026-04,0.0,,False
Gabriel Iberico,marcar su primer gol,tema,2,baja,2,2026-03,2026-07,0.0,,False
Gabriel Iberico,Martín Dall Orso,entidad,2,baja,2,2026-08,2026-09,0.0,,False
Gabriel Iberico,Martín Pérez Guedes,entidad,2,baja,2,2026-01,2026-05,0.0,,False
Gabriel Iberico,Matute Alianza Lima,entidad,2,baja,2,2026-01,2026-06,0.0,,False
Gabriel Iberico,me sentí,tema,2,baja,2,2026-02,2026-03,0.0,,False
Gabriel Iberico,me voy,tema,2,baja,2,2026-04,2026-06,0.0,,False
Gabriel Iberico,cóndor mendoza,tema,2,baja,2,2026-01,2026-03,0.0,,False
Gabriel Iberico,meses fuera,tema,2,baja,2,2026-04,2026-07,0.0,,False
Gabriel Iberico,mete en las semifinales,tema,2,baja,2,2026-01,2026-08,0.0,,False
Gabriel Iberico,Miguel,entidad,2,baja,2,2026-05,2026-06,0.0,,False
Gabriel Iberico,Miguel Araujo,entidad,3,media,2,2026-03,2026-05,0.0,,False
Gabriel Iberico,mis jugadores,tema,2,baja,2,2026-06,2026-09,0.0,,False
Gabriel Iberico,modesto club,tema,2,baja,2,2026-06,2026-08,0.0,,False
Gabriel Iberico,momento de universitario,entidad,2,baja,2,2026-03,2026-06,0.0,,False
Gabriel Iberico,momento en el torneo,tema,2,baja,2,2026-04,2026-09,0.08317966769574095,,False
Gabriel Iberico,momento que atraviesa,tema,2,baja,2,2026-01,2026-09,1.0,,False
Gabriel Iberico,monto que recibirá,tema,2,baja,2,2026-01,2026-08,0.0,,False
Gabriel Iberico,mundial fecha,tema,2,baja,2,2026-05,2026-07,0.0,,False
Gabriel Iberico,Mundiales,entidad,4,media,2,2026-06,2026-07,0.0,,False
Gabriel Iberico,Neymar,entidad,2,baja,2,2026-06,2026-07,0.0,,False
Gabriel Iberico,Nicolás,entidad,2,baja,2,2026-01,2026-05,0.0,,False
Gabriel Iberico,Noche,entidad,8,media,2,2026-01,2026-06,0.0,,False
Gabriel Iberico,Nolberto Solano,entidad,5,media,2,2026-04,2026-06,0.0,,False
Gabriel Iberico,noriega sigue,tema,2,baja,2,2026-01,2026-04,0.0,,False
Gabriel Iberico,nueva oportunidad,tema,2,baja,2,2026-01,2026-05,0.0,,False
Gabriel Iberico,nuevo entrenador,tema,3,media,2,2026-03,2026-09,0.0,,False
Gabriel Iberico,nuevo equipo,tema,2,baja,2,2026-02,2026-06,0.0,,False
Gabriel Iberico,nuevo goleador,tema,2,baja,2,2026-01,2026-05,0.0,,False
Gabriel Iberico,nuevo horario,tema,2,baja,2,2026-01,2026-07,0.0,,False
Gabriel Iberico,nuevo jugador de alianza,entidad,2,baja,2,2026-01,2026-07,0.0,,False
Gabriel Iberico,obtiene su boleto,tema,3,media,2,2026-03,2026-07,0.0,,False
Gabriel Iberico,ocho clasificados,tema,2,baja,2,2026-06,2026-07,0.0,,False
Gabriel Iberico,oficial la contratación,tema,2,baja,2,2026-01,2026-03,0.0,,False
Gabriel Iberico,Oliver Sonne,entidad,3,media,2,2026-03,2026-08,0.0,,False
Gabriel Iberico,once que alinearía,tema,2,baja,2,2026-03,2026-07,0.0,,False
Gabriel Iberico,alista universitario,tema,2,baja,2,2026-04,2026-05,0.0,,False
Gabriel Iberico,ONLINE,entidad,2,baja,2,2026-06,2026-09,0.0,,False
Gabriel Iberico,ONPE,entidad,4,media,2,2026-04,2026-06,0.0,,False
Gabriel Iberico,orgullo peruano,tema,2,baja,2,2026-01,2026-02,0.0,,False
Gabriel Iberico,Orlando City,entidad,2,baja,2,2026-02,2026-03,0.0,,False
Gabriel Iberico,otra vez,tema,2,baja,2,2026-02,2026-09,0.45906051183692376,,False
Gabriel Iberico,paraguaya reacciona,tema,3,media,2,2026-02,2026-04,0.0,,False
Gabriel Iberico,parte del tricampeonato,tema,2,baja,2,2026-01,2026-07,0.0,,False
Gabriel Iberico,paso del ascenso,tema,2,baja,2,2026-05,2026-08,0.0,,False
Gabriel Iberico,Patricio Arce,entidad,2,baja,2,2026-04,2026-05,0.0,,False
Gabriel Iberico,pelea por el grupo,entidad,2,baja,2,2026-05,2026-08,0.0,,False
Gabriel Iberico,pelea por la cima,tema,3,media,2,2026-07,2026-08,0.0,,False
Gabriel Iberico,peruana alista,tema,2,baja,2,2026-02,2026-09,0.0,,False
Gabriel Iberico,pese a tener,tema,3,media,2,2026-01,2026-06,0.0,,False
Gabriel Iberico,peso universitario,entidad,2,baja,2,2026-01,2026-02,0.0,,False
Gabriel Iberico,picante dardo,tema,2,baja,2,2026-04,2026-09,1.0,,False
Gabriel Iberico,pide la convocatoria,tema,2,baja,2,2026-03,2026-08,0.0,,False
Gabriel Iberico,pie en la final,tema,2,baja,2,2026-03,2026-09,1.0,,False
Gabriel Iberico,Piero Cari,entidad,2,baja,2,2026-02,2026-03,0.0,,False
Gabriel Iberico,Pirata,entidad,2,baja,2,2026-01,2026-05,0.0,,False
Gabriel Iberico,claudio pizarro,tema,2,baja,2,2026-02,2026-08,0.0,,False
Gabriel Iberico,plantel de universitario,entidad,3,media,2,2026-04,2026-05,0.0,,False
Gabriel Iberico,playoffs de la copa,entidad,3,media,2,2026-05,2026-07,0.0,,False
Gabriel Iberico,playoffs de la liga,entidad,2,baja,2,2026-04,2026-08,0.0,,False
Gabriel Iberico,polémica derrota,tema,2,baja,2,2026-04,2026-09,1.0,,False
Gabriel Iberico,polémico árbitro,tema,2,baja,2,2026-02,2026-05,0.0,,False
Gabriel Iberico,polémico empate,tema,2,baja,2,2026-02,2026-05,0.0,,False
Gabriel Iberico,polémico penal,tema,2,baja,2,2026-02,2026-09,0.0,,False
Gabriel Iberico,pone en duda,tema,2,baja,2,2026-02,2026-03,0.0,,False
Gabriel Iberico,pone la crema,tema,2,baja,2,2026-01,2026-06,0.0,,False
Gabriel Iberico,portugal gol,entidad,2,baja,2,2026-03,2026-05,0.0,,False
Gabriel Iberico,posible llegada,tema,2,baja,2,2026-05,2026-06,0.0,,False
Gabriel Iberico,posiciones del grupo,entidad,7,media,2,2026-04,2026-05,0.0,,False
Gabriel Iberico,posiciones del grupo b,entidad,4,media,2,2026-04,2026-05,0.0,,False
Gabriel Iberico,posiciones en la jornada,tema,4,media,2,2026-03,2026-05,0.0,,False
Gabriel Iberico,Premier League,entidad,2,baja,2,2026-01,2026-04,0.0,,False
Gabriel Iberico,Premier League de Rusia,entidad,2,baja,2,2026-07,2026-08,0.0,,False
Gabriel Iberico,prensa colombiana,tema,2,baja,2,2026-02,2026-04,0.0,,False
Gabriel Iberico,prensa paraguaya,tema,4,media,2,2026-02,2026-04,0.0,,False
Gabriel Iberico,presencia peruana,tema,2,baja,2,2026-04,2026-07,0.0,,False
Gabriel Iberico,presentado como nuevo jugador,entidad,2,baja,2,2026-01,2026-02,0.0,,False
Gabriel Iberico,presidente del ipd,entidad,2,baja,2,2026-03,2026-04,0.0,,False
Gabriel Iberico,previa al clásico,tema,5,media,2,2026-03,2026-09,0.0,,False
Gabriel Iberico,previa al duelo,tema,2,baja,2,2026-02,2026-05,0.0,,False
Gabriel Iberico,previa del clásico,tema,2,baja,2,2026-03,2026-09,1.0,,False
Gabriel Iberico,previa del universitario,entidad,2,baja,2,2026-02,2026-08,0.0,,False
Gabriel Iberico,previo al clásico,tema,2,baja,2,2026-02,2026-03,0.0,,False
Gabriel Iberico,primer equipo,tema,2,baja,2,2026-07,2026-08,0.0,,False
Gabriel Iberico,primer fichaje,tema,2,baja,2,2026-05,2026-06,0.0,,False
Gabriel Iberico,primer gol con universitario,entidad,3,media,2,2026-03,2026-07,0.0,,False
Gabriel Iberico,primer paso,tema,2,baja,2,2026-05,2026-08,0.0,,False
Gabriel Iberico,primer refuerzo,tema,2,baja,2,2026-05,2026-06,0.0,,False
Gabriel Iberico,primer título,tema,3,media,2,2026-04,2026-05,0.0,,False
Gabriel Iberico,próxima convocatoria,tema,3,media,2,2026-08,2026-09,0.4453719481953413,,False
Gabriel Iberico,puertas del debut,tema,2,baja,2,2026-01,2026-03,0.0,,False
Gabriel Iberico,puertas del inicio,tema,3,media,2,2026-01,2026-07,0.0,,False
Gabriel Iberico,punto de oro,tema,2,baja,2,2026-03,2026-06,0.0,,False
Gabriel Iberico,puntos en el inicio,tema,2,baja,2,2026-06,2026-09,0.27604096268413153,,False
Gabriel Iberico,Qatar,entidad,2,baja,2,2026-01,2026-06,0.0,,False
Gabriel Iberico,queda con el derbi,tema,2,baja,2,2026-03,2026-08,0.0,,False
Gabriel Iberico,queda con el título,tema,2,baja,2,2026-05,2026-07,0.0,,False
Gabriel Iberico,quedar fuera,tema,4,media,2,2026-05,2026-09,1.0,,False
Gabriel Iberico,Rabanal,entidad,4,media,2,2026-03,2026-04,0.0,,False
Gabriel Iberico,rabanal vuelve,entidad,2,baja,2,2026-03,2026-06,0.0,,False
Gabriel Iberico,racha invicta,tema,2,baja,2,2026-06,2026-08,0.0,,False
Gabriel Iberico,racha negativa,tema,2,baja,2,2026-02,2026-05,0.0,,False
Gabriel Iberico,Raúl Ruidíaz,entidad,10,alta,2,2026-05,2026-06,0.0,,False
Gabriel Iberico,RD Congo,entidad,2,baja,2,2026-06,2026-07,0.0,,False
Gabriel Iberico,Real Madrid,entidad,3,media,2,2026-05,2026-08,0.0,,False
Gabriel Iberico,recibirá a universitario,entidad,2,baja,2,2026-01,2026-04,0.0,,False
Gabriel Iberico,récord histórico,tema,3,media,2,2026-05,2026-09,0.7315890670703774,,False
Gabriel Iberico,recta final,tema,3,media,2,2026-05,2026-09,1.0,,False
Gabriel Iberico,reforzar su mediocampo,tema,2,baja,2,2026-06,2026-07,0.0,,False
Gabriel Iberico,refuerzo extranjero,tema,2,baja,2,2026-06,2026-07,0.0,,False
Gabriel Iberico,regreso de raúl,tema,6,media,2,2026-05,2026-06,0.0,,False
Gabriel Iberico,Renato Espinosa,entidad,2,baja,2,2026-03,2026-04,0.0,,False
Gabriel Iberico,renovaciones para la liga,entidad,2,baja,2,2026-05,2026-06,0.0,,False
Gabriel Iberico,Renzo Garcés,entidad,2,baja,2,2026-03,2026-06,0.0,,False
Gabriel Iberico,reparten los puntos,tema,3,media,2,2026-06,2026-09,0.1319218559155963,,False
Gabriel Iberico,rescata un empate,tema,2,baja,2,2026-02,2026-04,0.0,,False
Gabriel Iberico,respecto a su futuro,tema,2,baja,2,2026-04,2026-08,0.0,,False
Gabriel Iberico,revancha universitario,entidad,2,baja,2,2026-01,2026-06,0.0,,False
Gabriel Iberico,rinde ante dos,tema,2,baja,2,2026-05,2026-08,0.0,,False
Gabriel Iberico,rinde ante felipe,tema,2,baja,2,2026-02,2026-08,0.0,,False
Gabriel Iberico,rivales en la fase,entidad,2,baja,2,2026-01,2026-08,0.0,,False
Gabriel Iberico,ronda en la liga,entidad,2,baja,2,2026-07,2026-09,0.0,,False
Gabriel Iberico,rotunda opinión,tema,4,media,2,2026-01,2026-02,0.0,,False
Gabriel Iberico,rotundo comentario,tema,2,baja,2,2026-03,2026-07,0.0,,False
Gabriel Iberico,rumbo al mundial,tema,2,baja,2,2026-03,2026-08,0.0,,False
Gabriel Iberico,Rusia,entidad,2,baja,2,2026-05,2026-08,0.0,,False
Gabriel Iberico,sabe el estadio,tema,2,baja,2,2026-03,2026-04,0.0,,False
Gabriel Iberico,salida de javier,tema,3,media,2,2026-04,2026-05,0.0,,False
Gabriel Iberico,salida de miguel silveira,entidad,2,baja,2,2026-06,2026-07,0.0,,False
Gabriel Iberico,salida de universitario,entidad,4,media,2,2026-03,2026-05,0.0,,False
Gabriel Iberico,Santis,entidad,3,media,2,2026-01,2026-02,0.0,,False
Gabriel Iberico,Santos FC,entidad,3,media,2,2026-03,2026-09,0.5947829001509016,,False
Gabriel Iberico,Sebastián Aranda,entidad,2,baja,2,2026-03,2026-07,0.0,,False
Gabriel Iberico,seguido de cerca,tema,3,media,2,2026-03,2026-05,0.0,,False
Gabriel Iberico,segunda fase,entidad,2,baja,2,2026-07,2026-09,1.0,,False
Gabriel Iberico,segunda vuelta,tema,6,media,2,2026-04,2026-06,0.0,,False
Gabriel Iberico,segundo amistoso,tema,2,baja,2,2026-02,2026-03,0.0,,False
Gabriel Iberico,Selección Peruana Sub,entidad,7,media,2,2026-01,2026-03,0.0,,False
Gabriel Iberico,Senegal,entidad,3,media,2,2026-02,2026-03,0.0,,False
Gabriel Iberico,sensacional atajada,tema,3,media,2,2026-01,2026-04,0.0,,False
Gabriel Iberico,sensible ausencia,tema,2,baja,2,2026-03,2026-08,0.0,,False
Gabriel Iberico,sigue en carrera,tema,2,baja,2,2026-06,2026-07,0.0,,False
Gabriel Iberico,sigue en la pelea,tema,2,baja,2,2026-05,2026-08,0.0,,False
Gabriel Iberico,sigue firme,tema,2,baja,2,2026-04,2026-05,0.0,,False
Gabriel Iberico,sigue ganando,tema,2,baja,2,2026-01,2026-04,0.0,,False
Gabriel Iberico,sorprende a alianza,entidad,2,baja,2,2026-05,2026-08,0.0,,False
Gabriel Iberico,sorprende al revelar,tema,2,baja,2,2026-06,2026-08,0.0,,False
Gabriel Iberico,sorpresiva respuesta,tema,2,baja,2,2026-06,2026-07,0.0,,False
Gabriel Iberico,soyer brilla,tema,3,media,2,2026-03,2026-05,0.0,,False
Gabriel Iberico,Spezia,entidad,2,baja,2,2026-03,2026-06,0.0,,False
Gabriel Iberico,Sport Huancayo II,entidad,2,baja,2,2026-07,2026-08,0.0,,False
Gabriel Iberico,Sport River,entidad,2,baja,2,2026-08,2026-09,0.6529988793716267,,False
Gabriel Iberico,Sporting Cristal Roberto Mosquera,entidad,2,baja,2,2026-07,2026-08,0.0,,False
Gabriel Iberico,Sports,entidad,2,baja,2,2026-01,2026-02,0.0,,False
Gabriel Iberico,Sudamericana,entidad,2,baja,2,2026-01,2026-03,0.0,,False
Gabriel Iberico,sudamericano de clubes,entidad,2,baja,2,2026-01,2026-02,0.0,,False
Gabriel Iberico,suma un nuevo refuerzo,tema,3,media,2,2026-01,2026-06,0.0,,False
Gabriel Iberico,Tarma,entidad,2,baja,2,2026-04,2026-09,1.0,,False
Gabriel Iberico,tercer partido,tema,3,media,2,2026-03,2026-04,0.0,,False
Gabriel Iberico,título del torneo,tema,2,baja,2,2026-04,2026-07,0.0,,False
Gabriel Iberico,Tolima,entidad,4,media,2,2026-04,2026-05,0.0,,False
Gabriel Iberico,toma drástica,tema,3,media,2,2026-04,2026-09,0.5992802415890738,,False
Gabriel Iberico,toma ventaja,tema,3,media,2,2026-03,2026-04,0.0,,False
Gabriel Iberico,Torres,entidad,2,baja,2,2026-02,2026-07,0.0,,False
Gabriel Iberico,tradicional club,tema,2,baja,2,2026-01,2026-06,0.0,,False
Gabriel Iberico,tres bajas,tema,3,media,2,2026-03,2026-08,0.0,,False
Gabriel Iberico,tres figuras,tema,2,baja,2,2026-08,2026-09,0.0,,False
Gabriel Iberico,tres puntos,tema,2,baja,2,2026-03,2026-05,0.0,,False
Gabriel Iberico,triunfo a deportivo,tema,2,baja,2,2026-04,2026-09,0.0,,False
Gabriel Iberico,triunfo a universitario,entidad,2,baja,2,2026-07,2026-08,0.0,,False
Gabriel Iberico,triunfo en la copa,entidad,3,media,2,2026-06,2026-07,0.0,,False
Gabriel Iberico,triunfo en la liga,entidad,3,media,2,2026-05,2026-09,0.49215121532300443,,False
Gabriel Iberico,tropieza y complica,tema,2,baja,2,2026-02,2026-04,0.0,,False
Gabriel Iberico,Trujillo,entidad,3,media,2,2026-02,2026-05,0.0,,False
Gabriel Iberico,Túnez,entidad,3,media,2,2026-06,2026-08,0.0,,False
Gabriel Iberico,última vez,tema,2,baja,2,2026-01,2026-04,0.0,,False
Gabriel Iberico,unidos vs,tema,2,baja,2,2026-02,2026-09,0.0,,False
Gabriel Iberico,Unirea Slobozia,entidad,2,baja,2,2026-03,2026-04,0.0,,False
Gabriel Iberico,Universidad de Chile,entidad,3,media,2,2026-01,2026-07,0.0,,False
Gabriel Iberico,universitario altas,entidad,2,baja,2,2026-06,2026-07,0.0,,False
Gabriel Iberico,universitario apunta,entidad,3,media,2,2026-03,2026-06,0.0,,False
Gabriel Iberico,Universitario de Deportes,entidad,2,baja,2,2026-02,2026-05,0.0,,False
Gabriel Iberico,Universitario Estoy,entidad,2,baja,2,2026-03,2026-08,0.0,,False
Gabriel Iberico,Universitario Javier Rabanal,entidad,3,media,2,2026-01,2026-02,0.0,,False
Gabriel Iberico,universitario no me,entidad,2,baja,2,2026-03,2026-06,0.0,,False
Gabriel Iberico,universitario oficializa,entidad,2,baja,2,2026-01,2026-06,0.0,,False
Gabriel Iberico,universitario para el duelo,entidad,2,baja,2,2026-04,2026-05,0.0,,False
Gabriel Iberico,universitario para enfrentar,entidad,2,baja,2,2026-05,2026-09,1.0,,False
Gabriel Iberico,universitario para recibir,entidad,2,baja,2,2026-03,2026-08,0.0,,False
Gabriel Iberico,universitario para visitar,entidad,2,baja,2,2026-02,2026-08,0.0,,False
Gabriel Iberico,universitario pese,entidad,2,baja,2,2026-01,2026-07,0.0,,False
Gabriel Iberico,universitario se rinde,entidad,2,baja,2,2026-01,2026-06,0.0,,False
Gabriel Iberico,universitario suma un nuevo,entidad,2,baja,2,2026-01,2026-06,0.0,,False
Gabriel Iberico,universitario tras empate,entidad,3,media,2,2026-04,2026-05,0.0,,False
Gabriel Iberico,universitario volverá,entidad,2,baja,2,2026-05,2026-08,0.0,,False
Gabriel Iberico,universitario vs sport,entidad,2,baja,2,2026-01,2026-07,0.0,,False
Gabriel Iberico,universitario y responde,entidad,2,baja,2,2026-01,2026-08,0.0,,False
Gabriel Iberico,valioso empate,tema,2,baja,2,2026-06,2026-07,0.0,,False
Gabriel Iberico,valor de mercado,tema,2,baja,2,2026-03,2026-09,0.6905088691983525,,False
Gabriel Iberico,Vancouver Whitecaps,entidad,2,baja,2,2026-02,2026-07,0.0,,False
Gabriel Iberico,loco vargas,entidad,2,baja,2,2026-05,2026-07,0.0,,False
Gabriel Iberico,Vegas,entidad,2,baja,2,2026-06,2026-07,0.0,,False
Gabriel Iberico,Venezuela,entidad,2,baja,2,2026-01,2026-05,0.0,,False
Gabriel Iberico,ventaja en la serie,tema,2,baja,2,2026-03,2026-04,0.0,,False
Gabriel Iberico,victoria a cienciano,entidad,2,baja,2,2026-03,2026-05,0.0,,False
Gabriel Iberico,victoria ante sporting,entidad,2,baja,2,2026-02,2026-04,0.0,,False
Gabriel Iberico,victoria clave,tema,2,baja,2,2026-02,2026-03,0.0,,False
Gabriel Iberico,victoria de alianza,entidad,2,baja,2,2026-01,2026-03,0.0,,False
Gabriel Iberico,victoria de deportivo,tema,2,baja,2,2026-01,2026-02,0.0,,False
Gabriel Iberico,victoria de gil,tema,2,baja,2,2026-02,2026-03,0.0,,False
Gabriel Iberico,vóley cuándo,tema,2,baja,2,2026-03,2026-04,0.0,,False
Gabriel Iberico,volver a dirigir,tema,2,baja,2,2026-04,2026-05,0.0,,False
Gabriel Iberico,volver a la liga,entidad,3,media,2,2026-03,2026-06,0.0,,False
Gabriel Iberico,volvería a universitario,entidad,2,baja,2,2026-05,2026-06,0.0,,False
Gabriel Iberico,vs flamengo,entidad,2,baja,2,2026-04,2026-05,0.0,,False
Gabriel Iberico,vs francia,entidad,2,baja,2,2026-03,2026-09,0.0,,False
Gabriel Iberico,vs montevideo,tema,2,baja,2,2026-08,2026-09,1.0,,False
Gabriel Iberico,Wasl,entidad,2,baja,2,2026-01,2026-02,0.0,,False
Gabriel Iberico,Yanapuma,entidad,2,baja,2,2026-05,2026-09,1.0,,False
Gabriel Iberico,Yoshimar Yotún,entidad,3,media,2,2026-02,2026-07,0.0,,False
Gabriel Iberico,Yuriel Celi,entidad,2,baja,2,2026-01,2026-03,0.0,,False
Gabriel Iberico,Zé Ricardo,entidad,3,media,2,2026-04,2026-05,0.0,,False
Gabriel Iberico,zona de descenso,tema,3,media,2,2026-05,2026-08,0.0,,False
Gabriel Iberico,Alianza Lima y San Martín,entidad,2,baja,1,2026-04,2026-04,0.0,,False
Gabriel Iberico,alto del grupo,entidad,3,media,1,2026-04,2026-04,0.0,,False
Gabriel Iberico,amargo empate de universitario,entidad,2,baja,1,2026-02,2026-02,0.0,,False
Gabriel Iberico,América de Cali,entidad,2,baja,1,2026-06,2026-06,0.0,,False
Gabriel Iberico,Anderson Villacorta,entidad,2,baja,1,2026-07,2026-07,0.0,,False
Gabriel Iberico,Arsenal Lawn Tennis,entidad,2,baja,1,2026-08,2026-08,0.8290875229153309,,False
Gabriel Iberico,atención perú méxico,entidad,2,baja,1,2026-09,2026-09,1.0,,False
Gabriel Iberico,atención universitario nacional,entidad,2,baja,1,2026-03,2026-03,0.0,,False
Gabriel Iberico,avos de final,tema,4,media,1,2026-06,2026-06,0.0,,False
Gabriel Iberico,bajas renovaciones,tema,3,media,1,2026-01,2026-01,0.0,,False
Gabriel Iberico,bajas y rumores,tema,4,media,1,2026-07,2026-07,0.0,,False
Gabriel Iberico,baño de ruda,tema,2,baja,1,2026-02,2026-02,0.0,,False
Gabriel Iberico,Bentín Tacna Heroica,entidad,2,baja,1,2026-07,2026-07,0.0,,False
Gabriel Iberico,blanquiazul alianza,entidad,2,baja,1,2026-03,2026-03,0.0,,False
Gabriel Iberico,Boca Juniors,entidad,2,baja,1,2026-01,2026-01,0.0,,False
Gabriel Iberico,Botafogo,entidad,2,baja,1,2026-08,2026-08,0.0,,False
Gabriel Iberico,boys vs alianza,entidad,2,baja,1,2026-08,2026-08,0.0,,False
Gabriel Iberico,Bragantino,entidad,2,baja,1,2026-07,2026-07,0.0,,False
Gabriel Iberico,cada vez,tema,2,baja,1,2026-09,2026-09,1.0,,False
Gabriel Iberico,cara al torneo,tema,2,baja,1,2026-07,2026-07,0.0,,False
Gabriel Iberico,Carabobo FC,entidad,2,baja,1,2026-03,2026-03,0.0,,False
Gabriel Iberico,clásico alianza,entidad,3,media,1,2026-09,2026-09,1.0,,False
Gabriel Iberico,clasificados y cruces,tema,2,baja,1,2026-08,2026-08,0.0,,False
Gabriel Iberico,concha y caín,tema,2,baja,1,2026-02,2026-02,0.0,,False
Gabriel Iberico,confirmados de los cuartos,tema,2,baja,1,2026-08,2026-08,0.0,,False
Gabriel Iberico,convertirse en el nuevo,tema,2,baja,1,2026-05,2026-05,0.0,,False
Gabriel Iberico,Copa América de Futsal,entidad,2,baja,1,2026-01,2026-01,0.0,,False
Gabriel Iberico,Copa Efipan,entidad,5,media,1,2026-01,2026-01,0.0,,False
Gabriel Iberico,Copa Federación Sub,entidad,2,baja,1,2026-08,2026-08,0.0,,False
Gabriel Iberico,Coquimbo,entidad,3,media,1,2026-04,2026-04,0.0,,False
Gabriel Iberico,Costa de Marfil,entidad,3,media,1,2026-06,2026-06,0.0,,False
Gabriel Iberico,debut en el mundial,tema,3,media,1,2026-06,2026-06,0.0,,False
Gabriel Iberico,debut en la copa,entidad,4,media,1,2026-03,2026-03,0.0,,False
Gabriel Iberico,derecho en la liga,entidad,2,baja,1,2026-03,2026-03,0.0,,False
Gabriel Iberico,derrota ante alianza,entidad,2,baja,1,2026-04,2026-04,0.0,,False
Gabriel Iberico,destacar en bayern,tema,2,baja,1,2026-08,2026-08,0.0,,False
Gabriel Iberico,novak djokovic,tema,2,baja,1,2026-05,2026-05,0.0,,False
Gabriel Iberico,DT de Deportivo Garcilaso,entidad,2,baja,1,2026-09,2026-09,1.0,,False
Gabriel Iberico,duelo ante alianza,entidad,2,baja,1,2026-04,2026-04,0.0,,False
Gabriel Iberico,duelo ante fc,entidad,2,baja,1,2026-02,2026-02,0.0,,False
Gabriel Iberico,dura advertencia,tema,2,baja,1,2026-05,2026-05,0.0,,False
Gabriel Iberico,dura goleada,tema,2,baja,1,2026-09,2026-09,1.0,,False
Gabriel Iberico,Egipto,entidad,2,baja,1,2026-06,2026-06,0.0,,False
Gabriel Iberico,eliminación de alianza,entidad,3,media,1,2026-02,2026-02,0.0,,False
Gabriel Iberico,eliminación en el mundial,tema,2,baja,1,2026-07,2026-07,0.0,,False
Gabriel Iberico,empate ante alianza atlético,entidad,2,baja,1,2026-02,2026-02,0.0,,False
Gabriel Iberico,empate de alianza,entidad,2,baja,1,2026-08,2026-08,0.0,,False
Gabriel Iberico,encienden las alarmas,tema,2,baja,1,2026-02,2026-02,0.0,,False
Gabriel Iberico,encuentros de ida,tema,3,media,1,2026-07,2026-07,0.0,,False
Gabriel Iberico,enfrentar a comerciantes unidos,entidad,2,baja,1,2026-09,2026-09,1.0,,False
Gabriel Iberico,enfrentar a estados,tema,2,baja,1,2026-09,2026-09,1.0,,False
Gabriel Iberico,entrenador para la copa,entidad,2,baja,1,2026-03,2026-03,0.0,,False
Gabriel Iberico,Erick Noriega Gremio,entidad,2,baja,1,2026-05,2026-05,0.0,,False
Gabriel Iberico,Espérance,entidad,2,baja,1,2026-08,2026-08,0.0,,False
Gabriel Iberico,estadio monumental,entidad,2,baja,1,2026-03,2026-03,0.0,,False
Gabriel Iberico,estar aquí,tema,2,baja,1,2026-07,2026-07,0.0,,False
Gabriel Iberico,Esteban Pavez,entidad,2,baja,1,2026-01,2026-01,0.0,,False
Gabriel Iberico,estreno en la copa,entidad,2,baja,1,2026-04,2026-04,0.0,,False
Gabriel Iberico,Etapa Nacional de la Copa,entidad,4,media,1,2026-09,2026-09,1.0,,False
Gabriel Iberico,examen de nacionalización,tema,2,baja,1,2026-01,2026-01,0.0,,False
Gabriel Iberico,Fase Liga,entidad,2,baja,1,2026-08,2026-08,0.0,,False
Gabriel Iberico,FC Magdeburgo,entidad,2,baja,1,2026-08,2026-08,1.0,,False
Gabriel Iberico,fc se reparten,entidad,2,baja,1,2026-06,2026-06,0.0,,False
Gabriel Iberico,fecha en la liguilla,tema,2,baja,1,2026-08,2026-08,0.08336856875302084,,False
Gabriel Iberico,fecha para su debut,tema,3,media,1,2026-03,2026-03,0.0,,False
Gabriel Iberico,ferrari dispara,tema,2,baja,1,2026-04,2026-04,0.0,,False
Gabriel Iberico,fichaje de adrián quiroz,entidad,2,baja,1,2026-06,2026-06,0.0,,False
Gabriel Iberico,fichaje de gianluca,tema,2,baja,1,2026-06,2026-06,0.0,,False
Gabriel Iberico,fichaje de sekou,tema,2,baja,1,2026-01,2026-01,0.0,,False
Gabriel Iberico,fichar por alianza,entidad,2,baja,1,2026-01,2026-01,0.0,,False
Gabriel Iberico,figura de alianza,entidad,2,baja,1,2026-03,2026-03,0.0,,False
Gabriel Iberico,figura de la selección,tema,2,baja,1,2026-09,2026-09,1.0,,False
Gabriel Iberico,final del torneo clausura,entidad,2,baja,1,2026-09,2026-09,1.0,,False
Gabriel Iberico,fossati desmiente,tema,2,baja,1,2026-05,2026-05,0.0,,False
Gabriel Iberico,fuera de la selección,tema,2,baja,1,2026-09,2026-09,1.0,,False
Gabriel Iberico,futuro en universitario,entidad,2,baja,1,2026-04,2026-04,0.0,,False
Gabriel Iberico,Gabriel Costa,entidad,2,baja,1,2026-02,2026-02,0.0,,False
Gabriel Iberico,galván arremete,tema,2,baja,1,2026-02,2026-02,0.0,,False
Gabriel Iberico,ganar el torneo,tema,3,media,1,2026-05,2026-05,0.011705350632182981,,False
Gabriel Iberico,garcía arremete,tema,2,baja,1,2026-04,2026-04,0.0,,False
Gabriel Iberico,generales resultados,tema,3,media,1,2026-06,2026-06,0.0,,False
Gabriel Iberico,goleada de gremio,entidad,2,baja,1,2026-01,2026-01,0.0,,False
Gabriel Iberico,Grupo de la Liga,entidad,2,baja,1,2026-07,2026-07,0.0,,False
Gabriel Iberico,grupo h,entidad,2,baja,1,2026-06,2026-06,0.0,,False
Gabriel Iberico,Gustavo Cazonatti,entidad,2,baja,1,2026-07,2026-07,0.0,,False
Gabriel Iberico,Haití,entidad,2,baja,1,2026-06,2026-06,0.0,,False
Gabriel Iberico,hinchada de sporting,entidad,2,baja,1,2026-02,2026-02,0.0,,False
Gabriel Iberico,Horacio Melgarejo DT de Cienciano,entidad,2,baja,1,2026-05,2026-05,0.0,,False
Gabriel Iberico,horarios de los partidos,tema,6,media,1,2026-06,2026-06,0.0,,False
Gabriel Iberico,ida de los playoffs,tema,2,baja,1,2026-07,2026-07,0.0,,False
Gabriel Iberico,ida en la fase,entidad,2,baja,1,2026-07,2026-07,0.0,,False
Gabriel Iberico,inicio de la copa,entidad,2,baja,1,2026-06,2026-06,0.0,,False
Gabriel Iberico,Inter Miami,entidad,2,baja,1,2026-01,2026-01,0.0,,False
Gabriel Iberico,interés de universitario,entidad,2,baja,1,2026-06,2026-06,0.0,,False
Gabriel Iberico,Jorge Gutiérrez,entidad,2,baja,1,2026-08,2026-08,0.0,,False
Gabriel Iberico,jornada de la etapa,tema,2,baja,1,2026-09,2026-09,1.0,,False
Gabriel Iberico,jornada del torneo,tema,2,baja,1,2026-05,2026-05,0.0,,False
Gabriel Iberico,José Rivera,entidad,4,media,1,2026-05,2026-05,0.0,,False
Gabriel Iberico,joya de sporting,entidad,2,baja,1,2026-08,2026-08,0.0,,False
Gabriel Iberico,jugar por el grupo,entidad,4,media,1,2026-05,2026-05,0.0,,False
Gabriel Iberico,jugar por la fase,entidad,2,baja,1,2026-04,2026-04,0.0,,False
Gabriel Iberico,juvenil resultados,tema,2,baja,1,2026-05,2026-05,0.0,,False
Gabriel Iberico,Kansas City,entidad,2,baja,1,2026-01,2026-01,0.0,,False
Gabriel Iberico,Kings World Cup Nations,entidad,2,baja,1,2026-01,2026-01,0.0,,False
Gabriel Iberico,liga así marcha,entidad,2,baja,1,2026-09,2026-09,1.0,,False
Gabriel Iberico,liga así se jugarán,entidad,2,baja,1,2026-09,2026-09,1.0,,False
Gabriel Iberico,Liga Distrital de Arequipa,entidad,2,baja,1,2026-04,2026-04,0.0,,False
Gabriel Iberico,Liga Distrital de Ayacucho,entidad,4,media,1,2026-03,2026-03,0.0,,False
Gabriel Iberico,Liga Distrital de Juliaca,entidad,2,baja,1,2026-03,2026-03,0.0,,False
Gabriel Iberico,liga provincial,entidad,4,media,1,2026-05,2026-05,0.0,,False
Gabriel Iberico,Liga Provincial de Trujillo,entidad,3,media,1,2026-05,2026-05,0.0,,False
Gabriel Iberico,lima vs sporting,entidad,2,baja,1,2026-05,2026-05,0.0,,False
Gabriel Iberico,lima ya sabe,tema,2,baja,1,2026-01,2026-01,0.0,,False
Gabriel Iberico,Lisandro Greppo,entidad,2,baja,1,2026-09,2026-09,1.0,,False
Gabriel Iberico,luce con asistencia,tema,2,baja,1,2026-01,2026-01,0.0,,False
Gabriel Iberico,Luis Advíncula,entidad,3,media,1,2026-01,2026-01,0.0,,False
Gabriel Iberico,l max,tema,2,baja,1,2026-01,2026-01,0.01251513869307658,,False
Gabriel Iberico,máximo goleador,tema,2,baja,1,2026-09,2026-09,1.0,,False
Gabriel Iberico,Miguel Rondelli,entidad,2,baja,1,2026-03,2026-03,0.0,,False
Gabriel Iberico,Miguel Vargas,entidad,2,baja,1,2026-04,2026-04,0.0,,False
Gabriel Iberico,mira en futbolista,tema,2,baja,1,2026-06,2026-06,0.0,,False
Gabriel Iberico,clásico moderno,tema,2,baja,1,2026-02,2026-02,0.0,,False
Gabriel Iberico,mundial montaigu,tema,2,baja,1,2026-03,2026-03,0.0,,False
Gabriel Iberico,Montevideo City,entidad,3,media,1,2026-09,2026-09,1.0,,False
Gabriel Iberico,Movistar,entidad,2,baja,1,2026-01,2026-01,0.01251513869307658,,False
Gabriel Iberico,mundial fixture,tema,6,media,1,2026-06,2026-06,0.0,,False
Gabriel Iberico,Nick Fernández,entidad,2,baja,1,2026-05,2026-05,0.0,,False
Gabriel Iberico,Nicolás Díaz,entidad,2,baja,1,2026-07,2026-07,0.0,,False
Gabriel Iberico,Noche Blanquiazul,entidad,2,baja,1,2026-01,2026-01,0.0,,False
Gabriel Iberico,noche crema,entidad,6,media,1,2026-01,2026-01,0.0,,False
Gabriel Iberico,Noruega,entidad,2,baja,1,2026-07,2026-07,0.0,,False
Gabriel Iberico,nuevo club,tema,2,baja,1,2026-01,2026-01,0.0,,False
Gabriel Iberico,Pakistán,entidad,3,media,1,2026-06,2026-06,0.0,,False
Gabriel Iberico,Paolo Reyna,entidad,2,baja,1,2026-05,2026-05,0.0,,False
Gabriel Iberico,paso de universitario,entidad,2,baja,1,2026-06,2026-06,0.0,,False
Gabriel Iberico,pelear por la liga,entidad,2,baja,1,2026-01,2026-01,0.0,,False
Gabriel Iberico,perderá el duelo,tema,2,baja,1,2026-04,2026-04,0.0,,False
Gabriel Iberico,poder sumar,tema,2,baja,1,2026-04,2026-04,0.0,,False
Gabriel Iberico,polémica en el gallardo,tema,2,baja,1,2026-02,2026-02,0.0,,False
Gabriel Iberico,posible regreso,tema,3,media,1,2026-05,2026-05,0.0,,False
Gabriel Iberico,prensa chilena,tema,2,baja,1,2026-04,2026-04,0.0,,False
Gabriel Iberico,pretemporada de universitario,entidad,2,baja,1,2026-01,2026-01,0.0,,False
Gabriel Iberico,queda con el primer,tema,2,baja,1,2026-06,2026-06,0.0,,False
Gabriel Iberico,rabanal jairo,entidad,2,baja,1,2026-02,2026-02,0.0,,False
Gabriel Iberico,Rafael Guzmán,entidad,2,baja,1,2026-02,2026-02,0.0,,False
Gabriel Iberico,Rafael López Aliaga,entidad,2,baja,1,2026-04,2026-04,0.0,,False
Gabriel Iberico,Real Betis,entidad,2,baja,1,2026-02,2026-02,0.0,,False
Gabriel Iberico,regreso de piero,tema,2,baja,1,2026-07,2026-07,0.0,,False
Gabriel Iberico,responde fuerte,tema,2,baja,1,2026-05,2026-05,0.0,,False
Gabriel Iberico,resultados de la onpe,entidad,3,media,1,2026-06,2026-06,0.0,,False
Gabriel Iberico,resultados de los encuentros,tema,3,media,1,2026-07,2026-07,0.0,,False
Gabriel Iberico,rinde ante figura,tema,2,baja,1,2026-08,2026-08,0.0,,False
Gabriel Iberico,rival y fecha,tema,3,media,1,2026-03,2026-03,0.0,,False
Gabriel Iberico,Rivas,entidad,2,baja,1,2026-04,2026-04,0.0,,False
Gabriel Iberico,ronda de la liga,entidad,2,baja,1,2026-09,2026-09,1.0,,False
Gabriel Iberico,rumores para el torneo,tema,4,media,1,2026-07,2026-07,0.0,,False
Gabriel Iberico,rumores para la liga,entidad,3,media,1,2026-01,2026-01,0.0,,False
Gabriel Iberico,sabe lo que hará,tema,2,baja,1,2026-01,2026-01,0.0,,False
Gabriel Iberico,salida de rabanal,entidad,2,baja,1,2026-04,2026-04,0.0,,False
Gabriel Iberico,salto a europa,entidad,2,baja,1,2026-07,2026-07,0.0,,False
Gabriel Iberico,segunda ronda,tema,2,baja,1,2026-09,2026-09,1.0,,False
Gabriel Iberico,Sudamericano Sub,entidad,2,baja,1,2026-04,2026-04,0.0,,False
Gabriel Iberico,Tigre,entidad,2,baja,1,2026-04,2026-04,0.0,,False
Gabriel Iberico,toma drástica decisión,tema,2,baja,1,2026-04,2026-04,0.0,,False
Gabriel Iberico,Torneo Juvenil Sub,entidad,2,baja,1,2026-05,2026-05,0.0,,False
Gabriel Iberico,Universitario Piero Quispe,entidad,2,baja,1,2026-06,2026-06,0.0,,False
Gabriel Iberico,universitario pone,entidad,2,baja,1,2026-06,2026-06,0.0,,False
Gabriel Iberico,universitario representante,entidad,2,baja,1,2026-06,2026-06,0.0,,False
Gabriel Iberico,Universitario Sekou Gassama,entidad,2,baja,1,2026-05,2026-05,0.0,,False
Gabriel Iberico,universitario sorprende,entidad,4,media,1,2026-09,2026-09,1.0,,False
Gabriel Iberico,universitario tras la salida,entidad,3,media,1,2026-04,2026-04,0.0,,False
Gabriel Iberico,universitario vs alianza,entidad,2,baja,1,2026-03,2026-03,0.0,,False
Gabriel Iberico,Universitario y Sporting Cristal,entidad,2,baja,1,2026-08,2026-08,0.0,,False
Gabriel Iberico,uruguay en el mundial,entidad,2,baja,1,2026-06,2026-06,0.0,,False
Gabriel Iberico,victoria de corinthians,entidad,2,baja,1,2026-05,2026-05,0.0,,False
Gabriel Iberico,victoria de fc,entidad,2,baja,1,2026-08,2026-08,1.0,,False
Gabriel Iberico,viejo conocido,tema,4,media,1,2026-01,2026-01,0.0,,False
Gabriel Iberico,vs cienciano,entidad,2,baja,1,2026-02,2026-02,0.0,,False
Gabriel Iberico,vs sport huancayo,entidad,2,baja,1,2026-01,2026-01,0.0,,False
Gabriel Iberico,vs universitario quién,entidad,2,baja,1,2026-09,2026-09,1.0,,False
Gabriel Iberico,vuelta presidencial,tema,4,media,1,2026-06,2026-06,0.0,,False
Gabriel Rey,Alianza Lima,entidad,122,alta,9,2026-01,2026-09,0.2562532301410192,,True
Gabriel Rey,Deportivo Garcilaso,entidad,15,alta,9,2026-01,2026-09,0.8543059142573031,,True
Gabriel Rey,fecha del torneo,entidad,51,alta,9,2026-01,2026-09,0.27075617833968607,,True
Gabriel Rey,partidos de la fecha,tema,24,alta,9,2026-01,2026-09,0.2132683047074267,,True
Gabriel Rey,Sport Boys,entidad,22,alta,9,2026-01,2026-09,0.508602456042333,,True
Gabriel Rey,Universitario,entidad,81,alta,9,2026-01,2026-09,0.37310095020056433,,True
Gabriel Rey,Fase,entidad,23,alta,8,2026-01,2026-09,0.8632611006793491,,True
Gabriel Rey,fecha de la fase,entidad,25,alta,8,2026-01,2026-09,1.0,,True
Gabriel Rey,horarios del fútbol,tema,20,alta,8,2026-01,2026-09,0.1687650284862097,,True
Gabriel Rey,Juan Pablo II,entidad,18,alta,8,2026-01,2026-09,0.6347088723224619,,True
Gabriel Rey,jugarán los partidos,tema,21,alta,8,2026-02,2026-09,0.2132683047074267,,True
Gabriel Rey,Liga Femenina,entidad,28,alta,8,2026-01,2026-09,0.16041277570068907,,True
Gabriel Rey,Pablo Guede,entidad,13,alta,8,2026-01,2026-09,0.20106754895708168,,True
Gabriel Rey,programación de partidos,tema,20,alta,8,2026-01,2026-09,0.1687650284862097,,True
Gabriel Rey,Universitario de Deportes,entidad,26,alta,8,2026-01,2026-09,0.15202426320263035,,True
Gabriel Rey,Cienciano,entidad,19,alta,7,2026-01,2026-09,0.11003618144943163,,True
Gabriel Rey,copa perú resultados,entidad,16,alta,7,2026-03,2026-09,1.0,,True
Gabriel Rey,Mano Menezes,entidad,14,alta,7,2026-01,2026-09,0.1202076878102243,,True
Gabriel Rey,Selección Peruana,entidad,28,alta,7,2026-01,2026-09,0.7939858832703436,,True
Gabriel Rey,Carlos Mannucci,entidad,13,alta,6,2026-04,2026-09,0.8579186354016402,,True
Gabriel Rey,Clausura,entidad,16,alta,6,2026-04,2026-09,0.10692676470771749,,True
Gabriel Rey,fase de grupos,entidad,22,alta,6,2026-03,2026-09,0.148939468958225,,True
Gabriel Rey,liga cómo se jugarán,entidad,10,alta,6,2026-03,2026-09,0.11805603411109067,,True
Gabriel Rey,puntaje perfecto,tema,7,media,6,2026-02,2026-09,1.0,,True
Gabriel Rey,San Martín,entidad,11,alta,6,2026-01,2026-09,0.37717181434116703,,True
Gabriel Rey,Sport Huancayo,entidad,12,alta,6,2026-01,2026-09,0.6141023068380116,,True
Gabriel Rey,ADT,entidad,12,alta,5,2026-01,2026-09,0.3987357690901015,,True
Gabriel Rey,Atlético Andahuaylas,entidad,6,media,5,2026-03,2026-09,1.0,,True
Gabriel Rey,Deportivo Moquegua,entidad,6,media,5,2026-01,2026-09,0.1846556882374689,,True
Gabriel Rey,Fase Regional,entidad,9,media,5,2026-05,2026-09,1.0,,True
Gabriel Rey,femenina cómo se jugarán,tema,7,media,5,2026-04,2026-09,1.0,,True
Gabriel Rey,fútbol peruano,tema,8,media,5,2026-01,2026-09,1.0,,True
Gabriel Rey,Libertadores,entidad,9,media,5,2026-02,2026-09,0.2588989133881784,,True
Gabriel Rey,liga resultados,entidad,18,alta,5,2026-05,2026-09,0.8270557560094872,,True
Gabriel Rey,lima vs,entidad,8,media,5,2026-03,2026-09,0.5456715849651493,,True
Gabriel Rey,nuevo entrenador,tema,7,media,5,2026-01,2026-09,0.31799842593703126,,True
Gabriel Rey,Paolo Guerrero,entidad,8,media,5,2026-01,2026-09,0.7441751118472557,,True
Gabriel Rey,posibles alineaciones,entidad,12,alta,5,2026-04,2026-09,0.22986473385884992,,True
Gabriel Rey,posiciones de la fecha,tema,27,alta,5,2026-05,2026-09,0.9219961119073725,,True
Gabriel Rey,vs alianza,entidad,8,media,5,2026-04,2026-09,0.21954709690340882,,True
Gabriel Rey,vs universitario,entidad,8,media,5,2026-03,2026-09,1.0,,True
Gabriel Rey,alineaciones para el duelo,tema,7,media,4,2026-02,2026-09,0.1683665557652743,,True
Gabriel Rey,ascenso en la liga,entidad,9,media,4,2026-01,2026-09,0.5292753245577948,,True
Gabriel Rey,Bicolor,entidad,5,media,4,2026-01,2026-09,0.16718743661823565,,True
Gabriel Rey,Colombia,entidad,6,media,4,2026-03,2026-09,0.786617427799609,,True
Gabriel Rey,Comerciantes FC,entidad,5,media,4,2026-06,2026-09,0.5568894841949367,,True
Gabriel Rey,duelo por la fecha,tema,5,media,4,2026-02,2026-09,0.35862766607163604,,True
Gabriel Rey,Eryc Castillo,entidad,4,media,4,2026-01,2026-09,0.1965223533490753,,True
Gabriel Rey,Gianluca Lapadula,entidad,7,media,4,2026-01,2026-09,0.8017843828117265,,True
Gabriel Rey,grupo c,entidad,4,media,4,2026-06,2026-09,1.0,,True
Gabriel Rey,Héctor Cúper,entidad,8,media,4,2026-05,2026-09,1.0,,True
Gabriel Rey,Ignacio Buse,entidad,8,media,4,2026-02,2026-09,1.0,,True
Gabriel Rey,Javier Rabanal,entidad,6,media,4,2026-04,2026-09,0.5418973593226796,,True
Gabriel Rey,Juan Aurich,entidad,4,media,4,2026-03,2026-09,1.0,,True
Gabriel Rey,liga resultados y tabla,entidad,10,alta,4,2026-05,2026-08,0.1617599768758549,,True
Gabriel Rey,Matute,entidad,4,media,4,2026-01,2026-09,0.2691575178253456,,True
Gabriel Rey,Monumental,entidad,5,media,4,2026-03,2026-09,0.10159131993974088,,True
Gabriel Rey,probables alineaciones,entidad,9,media,4,2026-02,2026-09,0.5335169467510185,,True
Gabriel Rey,próxima temporada,tema,5,media,4,2026-04,2026-09,0.42378568693690355,,True
Gabriel Rey,resultados y tabla,entidad,16,alta,4,2026-05,2026-08,0.13972610255818524,,True
Gabriel Rey,Torneo Clausura,entidad,26,alta,4,2026-06,2026-09,0.1878767224738881,,True
Gabriel Rey,Torneo Clausura de la Liga,entidad,16,alta,4,2026-06,2026-09,0.5594100006833086,,True
Gabriel Rey,VAR,entidad,5,media,4,2026-02,2026-09,1.0,,True
Gabriel Rey,ASA FC,entidad,3,media,3,2026-01,2026-09,1.0,,True
Gabriel Rey,Chile,entidad,4,media,3,2026-01,2026-09,1.0,,True
Gabriel Rey,convocado por mano,tema,3,media,3,2026-03,2026-09,1.0,,True
Gabriel Rey,Cristiano Ronaldo,entidad,4,media,3,2026-06,2026-09,1.0,,True
Gabriel Rey,dura lesión,tema,3,media,3,2026-01,2026-09,1.0,,True
Gabriel Rey,escapar el triunfo,tema,3,media,3,2026-02,2026-09,0.238092874324957,,True
Gabriel Rey,Estados Unidos,entidad,5,media,3,2026-01,2026-09,0.35642575744080013,,True
Gabriel Rey,Estudiantil CNI,entidad,3,media,3,2026-05,2026-09,1.0,,True
Gabriel Rey,Fase Regular,entidad,5,media,3,2026-05,2026-09,0.3942048178324156,,True
Gabriel Rey,Federico Girotti,entidad,5,media,3,2026-01,2026-09,0.12771287694180555,,True
Gabriel Rey,femenina resultados,tema,4,media,3,2026-05,2026-09,0.10105499171803888,,True
Gabriel Rey,final de la liga,entidad,6,media,3,2026-04,2026-09,0.6203548750919542,,True
Gabriel Rey,fuerte mensaje,tema,4,media,3,2026-02,2026-09,1.0,,True
Gabriel Rey,LINFA,entidad,4,media,3,2026-05,2026-09,0.8624874482791322,,True
Gabriel Rey,fútbol macho,tema,3,media,3,2026-03,2026-09,1.0,,True
Gabriel Rey,mantiene puntaje,tema,3,media,3,2026-04,2026-09,1.0,,True
Gabriel Rey,México,entidad,4,media,3,2026-06,2026-09,0.18106205814794896,,True
Gabriel Rey,Portugal,entidad,4,media,3,2026-04,2026-09,1.0,,True
Gabriel Rey,título del torneo,entidad,4,media,3,2026-05,2026-09,0.12142319716324043,,True
Gabriel Rey,UCV,entidad,3,media,3,2026-05,2026-09,1.0,,True
Gabriel Rey,Sporting Cristal,entidad,61,alta,9,2026-01,2026-09,0.07736196673595308,,False
Gabriel Rey,Cusco FC,entidad,20,alta,8,2026-01,2026-08,0.0,,False
Gabriel Rey,liga peruana,entidad,22,alta,8,2026-01,2026-09,0.012258112911731223,,False
Gabriel Rey,Alianza Atlético,entidad,17,alta,7,2026-01,2026-09,0.0,,False
Gabriel Rey,Chankas,entidad,15,alta,7,2026-03,2026-09,0.031006742544236996,,False
Gabriel Rey,Deportivo Llacuabamba,entidad,9,media,7,2026-02,2026-09,0.0,,False
Gabriel Rey,Erick Noriega,entidad,14,alta,7,2026-01,2026-09,0.06590511424797643,,False
Gabriel Rey,FBC Melgar,entidad,11,alta,7,2026-02,2026-09,0.06353613152954633,,False
Gabriel Rey,resultados de los partidos,tema,12,alta,7,2026-01,2026-08,0.0,,False
Gabriel Rey,Torneo Apertura,entidad,30,alta,7,2026-01,2026-07,0.003010285139164305,,False
Gabriel Rey,Atlético Grau,entidad,11,alta,6,2026-02,2026-07,0.0,,False
Gabriel Rey,Bundesliga,entidad,10,alta,6,2026-01,2026-09,0.0,,False
Gabriel Rey,Comerciantes Unidos,entidad,9,media,6,2026-01,2026-07,0.0,,False
Gabriel Rey,cuartos de final,tema,11,alta,6,2026-03,2026-08,0.0,,False
Gabriel Rey,FC Cajamarca,entidad,10,alta,6,2026-01,2026-08,0.0,,False
Gabriel Rey,fecha del torneo apertura,entidad,22,alta,6,2026-01,2026-06,0.0026717688821657915,,False
Gabriel Rey,FIFA,entidad,6,media,6,2026-01,2026-09,0.0,,False
Gabriel Rey,Gremio,entidad,9,media,6,2026-01,2026-09,0.0,,False
Gabriel Rey,Grupo,entidad,12,alta,6,2026-04,2026-09,0.0786893771287655,,False
Gabriel Rey,Jesús Pretell,entidad,6,media,6,2026-01,2026-08,0.0,,False
Gabriel Rey,Lima,entidad,9,media,6,2026-01,2026-09,0.05966357392062355,,False
Gabriel Rey,Unión Minas,entidad,8,media,6,2026-01,2026-09,0.0,,False
Gabriel Rey,UTC,entidad,13,alta,6,2026-01,2026-08,0.0,,False
Gabriel Rey,Brasil,entidad,9,media,5,2026-01,2026-08,0.0,,False
Gabriel Rey,Copa Libertadores,entidad,33,alta,5,2026-02,2026-09,0.0,,False
Gabriel Rey,fecha de la liga,entidad,7,media,5,2026-03,2026-07,0.0,,False
Gabriel Rey,Hernán Barcos,entidad,9,media,5,2026-01,2026-07,0.0,,False
Gabriel Rey,nuevo refuerzo,tema,6,media,5,2026-01,2026-08,0.0,,False
Gabriel Rey,tabla de posiciones,tema,26,alta,5,2026-04,2026-08,0.05651819902468316,,False
Gabriel Rey,Torneo Apertura de la Liga,entidad,12,alta,5,2026-01,2026-05,0.0,,False
Gabriel Rey,Unión Comercio,entidad,8,media,5,2026-01,2026-08,0.0,,False
Gabriel Rey,Aixa Vigil,entidad,4,media,4,2026-03,2026-06,0.0,,False
Gabriel Rey,alineaciones de alianza,entidad,4,media,4,2026-03,2026-08,0.0,,False
Gabriel Rey,Argentina,entidad,8,media,4,2026-01,2026-08,0.0,,False
Gabriel Rey,Christian Cueva,entidad,6,media,4,2026-01,2026-09,0.0,,False
Gabriel Rey,Copa de la Liga,entidad,17,alta,4,2026-01,2026-08,0.005506264233081688,,False
Gabriel Rey,Copa Sudamericana,entidad,9,media,4,2026-03,2026-07,0.0,,False
Gabriel Rey,cuándo vuelve,tema,12,alta,4,2026-02,2026-05,0.0,,False
Gabriel Rey,DT,entidad,5,media,4,2026-02,2026-07,0.0,,False
Gabriel Rey,Europa,entidad,5,media,4,2026-01,2026-07,0.0,,False
Gabriel Rey,Felipe Chávez,entidad,5,media,4,2026-01,2026-09,0.0,,False
Gabriel Rey,Melgar,entidad,6,media,4,2026-01,2026-07,0.0,,False
Gabriel Rey,Pedro Aquino,entidad,6,media,4,2026-01,2026-07,0.0,,False
Gabriel Rey,Santos FC,entidad,4,media,4,2026-06,2026-09,0.0,,False
Gabriel Rey,Sergio Peña,entidad,8,media,4,2026-01,2026-09,0.0,,False
Gabriel Rey,Sudamericano,entidad,7,media,4,2026-01,2026-08,0.0,,False
Gabriel Rey,suma otro,tema,4,media,4,2026-02,2026-09,0.09960041831723072,,False
Gabriel Rey,ADA de Jaén,entidad,3,media,3,2026-05,2026-07,0.0,,False
Gabriel Rey,Alemania,entidad,4,media,3,2026-05,2026-09,0.0,,False
Gabriel Rey,Alianza,entidad,3,media,3,2026-01,2026-03,0.0,,False
Gabriel Rey,Alianza Universidad,entidad,4,media,3,2026-01,2026-07,0.0,,False
Gabriel Rey,Apertura,entidad,9,media,3,2026-02,2026-05,0.0,,False
Gabriel Rey,Atlético Atenea,entidad,3,media,3,2026-01,2026-04,0.0,,False
Gabriel Rey,Ayacucho FC,entidad,3,media,3,2026-03,2026-06,0.0,,False
Gabriel Rey,Botafogo,entidad,3,media,3,2026-02,2026-09,0.0,,False
Gabriel Rey,boys vs,tema,3,media,3,2026-04,2026-08,0.0,,False
Gabriel Rey,Brasileirao,entidad,4,media,3,2026-02,2026-09,0.0,,False
Gabriel Rey,Carlos Zambrano,entidad,4,media,3,2026-01,2026-06,0.0,,False
Gabriel Rey,cienciano vs,entidad,4,media,3,2026-05,2026-08,0.0,,False
Gabriel Rey,Cristal,entidad,5,media,3,2026-01,2026-08,0.0,,False
Gabriel Rey,cristal cuándo,entidad,4,media,3,2026-03,2026-05,0.0,,False
Gabriel Rey,cristal vs,entidad,3,media,3,2026-06,2026-08,0.0,,False
Gabriel Rey,defensor sporting,tema,3,media,3,2026-01,2026-03,0.0,,False
Gabriel Rey,dejar universitario,entidad,3,media,3,2026-02,2026-07,0.0,,False
Gabriel Rey,Dianderas,entidad,3,media,3,2026-07,2026-09,1.0,,False
Gabriel Rey,Ecuador,entidad,4,media,3,2026-01,2026-07,0.0,,False
Gabriel Rey,Fabio Gruber,entidad,4,media,3,2026-05,2026-09,0.0,,False
Gabriel Rey,fase de la liga,entidad,3,media,3,2026-01,2026-08,0.0,,False
Gabriel Rey,fecha del torneo clausura,entidad,28,alta,3,2026-07,2026-09,0.2698187066229034,,False
Gabriel Rey,Felipe Vizeu,entidad,7,media,3,2026-01,2026-04,0.0,,False
Gabriel Rey,final de la copa,entidad,6,media,3,2026-06,2026-08,0.0,,False
Gabriel Rey,final de la etapa,tema,3,media,3,2026-06,2026-08,0.0,,False
Gabriel Rey,final del mundial,tema,7,media,3,2026-06,2026-08,0.0,,False
Gabriel Rey,final del torneo,entidad,4,media,3,2026-02,2026-07,0.0,,False
Gabriel Rey,FPF,entidad,6,media,3,2026-01,2026-09,0.02390261743546267,,False
Gabriel Rey,Horacio Melgarejo,entidad,7,media,3,2026-07,2026-09,0.26011408520144697,,False
Gabriel Rey,Inglaterra,entidad,4,media,3,2026-06,2026-09,0.0,,False
Gabriel Rey,Jairo Vélez,entidad,4,media,3,2026-01,2026-03,0.0,,False
Gabriel Rey,Juan Manuel,entidad,3,media,3,2026-01,2026-08,0.0,,False
Gabriel Rey,Juan Pablo Goicochea,entidad,3,media,3,2026-01,2026-03,0.0,,False
Gabriel Rey,LDU de Quito,entidad,3,media,3,2026-02,2026-05,0.0,,False
Gabriel Rey,levanta cabeza,tema,3,media,3,2026-05,2026-09,0.0,,False
Gabriel Rey,mantiene su invicto,tema,3,media,3,2026-03,2026-09,0.011308525538868795,,False
Gabriel Rey,Matías Di Benedetto,entidad,3,media,3,2026-01,2026-07,0.0,,False
Gabriel Rey,Montevideo,entidad,3,media,3,2026-01,2026-07,0.0,,False
Gabriel Rey,nuevo dt,entidad,3,media,3,2026-03,2026-07,0.0,,False
Gabriel Rey,octavos de final,tema,4,media,3,2026-06,2026-08,0.0,,False
Gabriel Rey,partidos de vuelta,tema,5,media,3,2026-03,2026-07,0.0,,False
Gabriel Rey,paso por universitario,entidad,3,media,3,2026-01,2026-08,0.0,,False
Gabriel Rey,pieza clave,tema,3,media,3,2026-01,2026-08,0.0,,False
Gabriel Rey,Renato Tapia,entidad,6,media,3,2026-01,2026-06,0.0,,False
Gabriel Rey,resultados de la fecha,tema,14,alta,3,2026-04,2026-08,0.013680891072836264,,False
Gabriel Rey,resultados y tablas,entidad,13,alta,3,2026-07,2026-09,1.0,,False
Gabriel Rey,Sekou Gassama,entidad,3,media,3,2026-01,2026-08,0.0,,False
Gabriel Rey,da silva,tema,5,media,3,2026-03,2026-09,0.06645633060274857,,False
Gabriel Rey,sorteo del fixture,tema,3,media,3,2026-01,2026-04,0.009909469461648395,,False
Gabriel Rey,tablas y resultados,tema,3,media,3,2026-01,2026-08,0.06691710917379552,,False
Gabriel Rey,triunfo en la liga,entidad,4,media,3,2026-02,2026-04,0.0,,False
Gabriel Rey,último suspiro,tema,3,media,3,2026-02,2026-07,0.0,,False
Gabriel Rey,Universidad San Martín,entidad,6,media,3,2026-02,2026-06,0.0,,False
Gabriel Rey,universitario vs,entidad,6,media,3,2026-02,2026-07,0.0,,False
Gabriel Rey,Acumulada de la Liga,entidad,4,media,2,2026-07,2026-08,0.0,,False
Gabriel Rey,Adrián Quiroz,entidad,3,media,2,2026-03,2026-06,0.0,,False
Gabriel Rey,ADT de Tarma,entidad,2,baja,2,2026-01,2026-02,0.0,,False
Gabriel Rey,Agustín Lozano,entidad,2,baja,2,2026-01,2026-07,0.0,,False
Gabriel Rey,Alejandro Orfila,entidad,2,baja,2,2026-03,2026-04,0.0,,False
Gabriel Rey,Alex Valera,entidad,3,media,2,2026-05,2026-06,0.0,,False
Gabriel Rey,Alexander Callens,entidad,2,baja,2,2026-02,2026-07,0.0,,False
Gabriel Rey,Alfonso Barco,entidad,3,media,2,2026-01,2026-03,0.0,,False
Gabriel Rey,Alianza Lima Esteban Pavez,entidad,2,baja,2,2026-01,2026-02,0.0,,False
Gabriel Rey,Alianza Lima Pablo Guede,entidad,2,baja,2,2026-01,2026-05,0.0,,False
Gabriel Rey,Alianza Lima Peter Arévalo,entidad,2,baja,2,2026-01,2026-02,0.0,,False
Gabriel Rey,Alianza Universidad de Huánuco,entidad,2,baja,2,2026-03,2026-08,0.0,,False
Gabriel Rey,alineaciones de universitario,entidad,4,media,2,2026-04,2026-07,0.0,,False
Gabriel Rey,alineaciones por la fecha,tema,2,baja,2,2026-08,2026-09,0.20739078937045127,,False
Gabriel Rey,altas y bajas,tema,2,baja,2,2026-06,2026-07,0.0,,False
Gabriel Rey,Andahuaylas,entidad,2,baja,2,2026-06,2026-07,0.0,,False
Gabriel Rey,antes del duelo,tema,2,baja,2,2026-02,2026-03,0.0,,False
Gabriel Rey,antes del inicio,tema,2,baja,2,2026-06,2026-07,0.0,,False
Gabriel Rey,aparece en el radar,tema,2,baja,2,2026-05,2026-07,0.0,,False
Gabriel Rey,apunta al ascenso,tema,2,baja,2,2026-02,2026-03,0.0,,False
Gabriel Rey,Arequipa,entidad,2,baja,2,2026-02,2026-05,0.0,,False
Gabriel Rey,joazhiño arroé,tema,2,baja,2,2026-02,2026-03,0.0,,False
Gabriel Rey,arsenal lawn tennis,entidad,2,baja,2,2026-08,2026-09,0.4462351130665564,,False
Gabriel Rey,atlético cuándo,tema,2,baja,2,2026-04,2026-05,0.0,,False
Gabriel Rey,atlético tras resultados,tema,2,baja,2,2026-04,2026-05,0.0,,False
Gabriel Rey,Autuori,entidad,3,media,2,2026-01,2026-03,0.0,,False
Gabriel Rey,aviso en la liga,entidad,2,baja,2,2026-02,2026-03,0.0,,False
Gabriel Rey,bajas para el torneo,tema,2,baja,2,2026-06,2026-07,0.0,,False
Gabriel Rey,Bayern Múnich,entidad,2,baja,2,2026-01,2026-09,0.0,,False
Gabriel Rey,Benjamin Bonzi,entidad,2,baja,2,2026-08,2026-09,1.0,,False
Gabriel Rey,Bentín Tacna Heroica,entidad,2,baja,2,2026-06,2026-09,0.17283528129550946,,False
Gabriel Rey,beto da,tema,3,media,2,2026-08,2026-09,0.06645633060274857,,False
Gabriel Rey,boys vs universitario,entidad,2,baja,2,2026-04,2026-05,0.0,,False
Gabriel Rey,brasil vs,entidad,2,baja,2,2026-06,2026-07,0.0,,False
Gabriel Rey,Bryan Reyna,entidad,3,media,2,2026-03,2026-09,0.14805410828514134,,False
Gabriel Rey,buen momento,tema,2,baja,2,2026-08,2026-09,0.026196867194017624,,False
Gabriel Rey,buenas sensaciones,tema,2,baja,2,2026-01,2026-03,0.0,,False
Gabriel Rey,buscar el ascenso,tema,2,baja,2,2026-01,2026-08,0.0,,False
Gabriel Rey,buse vs,tema,2,baja,2,2026-05,2026-09,0.4516051894557712,,False
Gabriel Rey,fabián bustos,tema,2,baja,2,2026-07,2026-09,0.0,,False
Gabriel Rey,Cajamarca,entidad,2,baja,2,2026-01,2026-06,0.0,,False
Gabriel Rey,camino en la liga,entidad,2,baja,2,2026-01,2026-04,0.0,,False
Gabriel Rey,Campeonato Gaucho,entidad,3,media,2,2026-01,2026-03,0.0,,False
Gabriel Rey,Carlos Zambrano y Miguel Trauco,entidad,2,baja,2,2026-03,2026-04,0.0,,False
Gabriel Rey,Cerro Porteño,entidad,2,baja,2,2026-04,2026-05,0.0,,False
Gabriel Rey,CESA,entidad,2,baja,2,2026-08,2026-09,0.8606383518652417,,False
Gabriel Rey,Ciclón del Norte,entidad,2,baja,2,2026-03,2026-09,1.0,,False
Gabriel Rey,clausura de la liga,entidad,2,baja,2,2026-08,2026-09,0.9119807773708131,,False
Gabriel Rey,clave en la liga,entidad,2,baja,2,2026-01,2026-05,0.0,,False
Gabriel Rey,Colonia,entidad,2,baja,2,2026-02,2026-05,0.0,,False
Gabriel Rey,Conference League,entidad,2,baja,2,2026-03,2026-05,0.0,,False
Gabriel Rey,convocatoria a la selección,entidad,2,baja,2,2026-03,2026-09,0.0,,False
Gabriel Rey,Copenhague,entidad,2,baja,2,2026-05,2026-07,0.0,,False
Gabriel Rey,Coquimbo Unido,entidad,2,baja,2,2026-04,2026-05,0.0,,False
Gabriel Rey,Corinthians de André Carrillo,entidad,3,media,2,2026-02,2026-09,1.0,,False
Gabriel Rey,cristal tras resultados,entidad,4,media,2,2026-04,2026-05,0.0,,False
Gabriel Rey,cristal y da,entidad,2,baja,2,2026-01,2026-04,0.0,,False
Gabriel Rey,Cristian,entidad,2,baja,2,2026-03,2026-06,0.0,,False
Gabriel Rey,cultural volante,tema,2,baja,2,2026-02,2026-07,0.0,,False
Gabriel Rey,Cusco,entidad,3,media,2,2026-04,2026-06,0.0,,False
Gabriel Rey,Defensores del Ilucán,entidad,2,baja,2,2026-07,2026-08,0.0,,False
Gabriel Rey,deportes cuándo,tema,3,media,2,2026-04,2026-05,0.0,,False
Gabriel Rey,deportes cusco,entidad,2,baja,2,2026-03,2026-04,0.0,,False
Gabriel Rey,Deportivo,entidad,2,baja,2,2026-06,2026-09,0.0,,False
Gabriel Rey,Deportivo Cali,entidad,2,baja,2,2026-03,2026-07,0.0,,False
Gabriel Rey,Deportivo Géminis,entidad,2,baja,2,2026-02,2026-03,0.0,,False
Gabriel Rey,Deportivo Municipal,entidad,2,baja,2,2026-05,2026-07,0.0,,False
Gabriel Rey,derrota consecutiva,tema,2,baja,2,2026-03,2026-08,0.0,,False
Gabriel Rey,Diego Rebagliati,entidad,2,baja,2,2026-05,2026-06,0.0,,False
Gabriel Rey,dio el triunfo,tema,2,baja,2,2026-07,2026-09,1.0,,False
Gabriel Rey,dos años,tema,2,baja,2,2026-02,2026-03,0.0,,False
Gabriel Rey,dt tras la salida,entidad,2,baja,2,2026-03,2026-07,0.0,,False
Gabriel Rey,duelo de vuelta,tema,2,baja,2,2026-02,2026-07,0.0,,False
Gabriel Rey,dura derrota,tema,2,baja,2,2026-04,2026-05,0.0,,False
Gabriel Rey,dura goleada,tema,2,baja,2,2026-02,2026-03,0.0,,False
Gabriel Rey,Ecosem,entidad,2,baja,2,2026-07,2026-09,1.0,,False
Gabriel Rey,Ecosem Pasco,entidad,3,media,2,2026-06,2026-07,0.0,,False
Gabriel Rey,enciende las alarmas,tema,2,baja,2,2026-01,2026-02,0.0,,False
Gabriel Rey,equipo crema,tema,2,baja,2,2026-05,2026-09,1.0,,False
Gabriel Rey,Erling Haaland,entidad,2,baja,2,2026-06,2026-07,0.0,,False
Gabriel Rey,España,entidad,3,media,2,2026-06,2026-07,0.0,,False
Gabriel Rey,Estudiantes,entidad,4,media,2,2026-04,2026-09,1.0,,False
Gabriel Rey,Etapa Departamental,entidad,4,media,2,2026-07,2026-09,0.21737930218517762,,False
Gabriel Rey,etapa departamental de lima,entidad,2,baja,2,2026-07,2026-08,0.04813140731957187,,False
Gabriel Rey,Etapa Nacional,entidad,4,media,2,2026-08,2026-09,1.0,,False
Gabriel Rey,Etapa Nacional de la Copa,entidad,10,alta,2,2026-08,2026-09,1.0,,False
Gabriel Rey,etapa provincial,entidad,3,media,2,2026-04,2026-05,0.0,,False
Gabriel Rey,experiencia internacional,tema,2,baja,2,2026-01,2026-09,0.0,,False
Gabriel Rey,fase de la etapa,entidad,4,media,2,2026-05,2026-07,0.0,,False
Gabriel Rey,FC,entidad,2,baja,2,2026-01,2026-02,0.0,,False
Gabriel Rey,FC Killas,entidad,3,media,2,2026-03,2026-09,1.0,,False
Gabriel Rey,fc por la fecha,entidad,2,baja,2,2026-04,2026-07,0.0,,False
Gabriel Rey,fc y sporting,entidad,2,baja,2,2026-03,2026-04,0.0,,False
Gabriel Rey,fecha de la copa,entidad,12,alta,2,2026-04,2026-05,0.0,,False
Gabriel Rey,fecha en copa,entidad,5,media,2,2026-04,2026-05,0.0,,False
Gabriel Rey,fecha hora,tema,2,baja,2,2026-07,2026-09,0.33647976440966987,,False
Gabriel Rey,femenina de la conmebol,tema,2,baja,2,2026-04,2026-06,0.0,,False
Gabriel Rey,femenina resultados y tabla,tema,3,media,2,2026-05,2026-06,0.0,,False
Gabriel Rey,fichaje del colombiano,tema,2,baja,2,2026-03,2026-06,0.0,,False
Gabriel Rey,fichaje extranjero,tema,2,baja,2,2026-01,2026-04,0.0,,False
Gabriel Rey,final del torneo apertura,entidad,3,media,2,2026-06,2026-07,0.0,,False
Gabriel Rey,fuera de los planes,tema,2,baja,2,2026-01,2026-08,0.0,,False
Gabriel Rey,fuerte en casa,tema,2,baja,2,2026-02,2026-09,0.0,,False
Gabriel Rey,fútbol profesional,tema,2,baja,2,2026-04,2026-09,1.0,,False
Gabriel Rey,futuro apunta,tema,2,baja,2,2026-02,2026-04,0.0,,False
Gabriel Rey,garcilaso por la fecha,entidad,2,baja,2,2026-04,2026-07,0.0,,False
Gabriel Rey,elecciones generales,tema,9,media,2,2026-04,2026-06,0.0,,False
Gabriel Rey,goles en la liga,entidad,2,baja,2,2026-01,2026-05,0.0,,False
Gabriel Rey,Gómez,entidad,2,baja,2,2026-01,2026-05,0.0,,False
Gabriel Rey,gr mio,tema,3,media,2,2026-02,2026-03,0.0,,False
Gabriel Rey,gran momento,tema,3,media,2,2026-04,2026-09,1.0,,False
Gabriel Rey,gran oportunidad,tema,2,baja,2,2026-04,2026-07,0.0,,False
Gabriel Rey,gran salto,tema,2,baja,2,2026-01,2026-05,0.0,,False
Gabriel Rey,grupo b,entidad,2,baja,2,2026-04,2026-06,0.0,,False
Gabriel Rey,grupo de alianza,entidad,2,baja,2,2026-04,2026-05,0.0,,False
Gabriel Rey,Grupo de la Liga,entidad,3,media,2,2026-07,2026-09,0.8756986484244736,,False
Gabriel Rey,grupo de sporting,entidad,4,media,2,2026-04,2026-05,0.0,,False
Gabriel Rey,grupo de universitario,entidad,2,baja,2,2026-04,2026-05,0.0,,False
Gabriel Rey,grupos de la copa,entidad,3,media,2,2026-03,2026-04,0.0,,False
Gabriel Rey,grupos de la libertadores,entidad,2,baja,2,2026-03,2026-05,0.0,,False
Gabriel Rey,grupos fecha,tema,9,media,2,2026-04,2026-05,0.0,,False
Gabriel Rey,Guayaquil City,entidad,2,baja,2,2026-05,2026-08,0.0,,False
Gabriel Rey,Guillermo Viscarra,entidad,2,baja,2,2026-02,2026-03,0.0,,False
Gabriel Rey,Gustavo,entidad,2,baja,2,2026-06,2026-09,0.0,,False
Gabriel Rey,Hamburgo,entidad,2,baja,2,2026-05,2026-09,0.0,,False
Gabriel Rey,Hernán,entidad,2,baja,2,2026-01,2026-03,0.0,,False
Gabriel Rey,hexagonal final,tema,2,baja,2,2026-04,2026-09,1.0,,False
Gabriel Rey,hinchas de alianza,entidad,2,baja,2,2026-01,2026-02,0.0,,False
Gabriel Rey,ida de la fase,entidad,3,media,2,2026-02,2026-05,0.0,,False
Gabriel Rey,ii vs,tema,2,baja,2,2026-02,2026-09,1.0,,False
Gabriel Rey,inesperado mensaje,tema,2,baja,2,2026-05,2026-08,0.0,,False
Gabriel Rey,inicio de la liga,entidad,2,baja,2,2026-01,2026-03,0.0,,False
Gabriel Rey,Inter,entidad,2,baja,2,2026-01,2026-04,0.0,,False
Gabriel Rey,invicto en el torneo,tema,3,media,2,2026-03,2026-08,0.0,,False
Gabriel Rey,José Rivera,entidad,3,media,2,2026-05,2026-07,0.0,,False
Gabriel Rey,jugar por la fase,entidad,9,media,2,2026-04,2026-05,0.0,,False
Gabriel Rey,jugarse la fecha,tema,4,media,2,2026-07,2026-08,0.0,,False
Gabriel Rey,Junior,entidad,2,baja,2,2026-02,2026-04,0.0,,False
Gabriel Rey,Kenji Cabrera,entidad,3,media,2,2026-03,2026-05,0.0,,False
Gabriel Rey,LDU,entidad,2,baja,2,2026-07,2026-08,0.0,,False
Gabriel Rey,LDU de Jesús Pretell,entidad,2,baja,2,2026-07,2026-08,0.0,,False
Gabriel Rey,libertadores cuándo,entidad,2,baja,2,2026-02,2026-03,0.0,,False
Gabriel Rey,líder de la bundesliga,entidad,2,baja,2,2026-01,2026-05,0.0,,False
Gabriel Rey,Liga de Naciones,entidad,3,media,2,2026-04,2026-09,1.0,,False
Gabriel Rey,Liga de Naciones Femenina,entidad,3,media,2,2026-04,2026-06,0.0,,False
Gabriel Rey,liga departamental,entidad,2,baja,2,2026-07,2026-08,0.0,,False
Gabriel Rey,liga femenina resultados,entidad,3,media,2,2026-05,2026-09,0.10511934381904718,,False
Gabriel Rey,Liga Nacional Juvenil,entidad,2,baja,2,2026-04,2026-05,0.0,,False
Gabriel Rey,Liga Peruana de Vóley Universitario,entidad,2,baja,2,2026-03,2026-05,0.0,,False
Gabriel Rey,liga resultados y tablas,entidad,8,media,2,2026-08,2026-09,1.0,,False
Gabriel Rey,liga tablas,entidad,2,baja,2,2026-02,2026-08,0.11040631991835884,,False
Gabriel Rey,liga tendrá,entidad,2,baja,2,2026-01,2026-09,1.0,,False
Gabriel Rey,liga tras jugarse,entidad,4,media,2,2026-07,2026-08,0.0,,False
Gabriel Rey,liguilla final,tema,2,baja,2,2026-06,2026-08,0.0,,False
Gabriel Rey,lima mueve,entidad,2,baja,2,2026-04,2026-09,1.0,,False
Gabriel Rey,lima por la fecha,entidad,2,baja,2,2026-05,2026-08,0.0,,False
Gabriel Rey,listo para debutar,tema,2,baja,2,2026-01,2026-02,0.0,,False
Gabriel Rey,llegada de carlos,tema,2,baja,2,2026-04,2026-06,0.0,,False
Gabriel Rey,Mainz,entidad,2,baja,2,2026-07,2026-09,0.0,,False
Gabriel Rey,mantienen su invicto,tema,2,baja,2,2026-01,2026-03,0.0,,False
Gabriel Rey,Marcos López,entidad,2,baja,2,2026-05,2026-07,0.0,,False
Gabriel Rey,Mateo Antoni,entidad,2,baja,2,2026-01,2026-02,0.0,,False
Gabriel Rey,medio de rumores,tema,2,baja,2,2026-04,2026-07,0.0,,False
Gabriel Rey,andrés mendoza,tema,3,media,2,2026-02,2026-09,1.0,,False
Gabriel Rey,mercado de la liga,entidad,2,baja,2,2026-03,2026-06,0.0,,False
Gabriel Rey,miguel trauco,entidad,2,baja,2,2026-01,2026-02,0.0,,False
Gabriel Rey,MLS,entidad,3,media,2,2026-03,2026-05,0.0,,False
Gabriel Rey,Montevideo City,entidad,2,baja,2,2026-04,2026-09,0.0,,False
Gabriel Rey,mundial donde,tema,2,baja,2,2026-05,2026-06,0.0,,False
Gabriel Rey,mundial la fifa,entidad,2,baja,2,2026-06,2026-07,0.0,,False
Gabriel Rey,Noche Blanquiazul,entidad,5,media,2,2026-01,2026-02,0.0,,False
Gabriel Rey,Noruega,entidad,5,media,2,2026-06,2026-07,0.0,,False
Gabriel Rey,nueva oportunidad,tema,2,baja,2,2026-05,2026-09,1.0,,False
Gabriel Rey,nuevo delantero,tema,2,baja,2,2026-06,2026-07,0.0,,False
Gabriel Rey,nuevo equipo,tema,3,media,2,2026-07,2026-08,0.0,,False
Gabriel Rey,nuevo triunfo,tema,2,baja,2,2026-03,2026-07,0.0,,False
Gabriel Rey,nuevos fichajes,tema,3,media,2,2026-01,2026-03,0.0,,False
Gabriel Rey,oficializado como nuevo,tema,2,baja,2,2026-02,2026-06,0.0,,False
Gabriel Rey,Oliver Sonne,entidad,2,baja,2,2026-01,2026-09,0.0,,False
Gabriel Rey,ONPE,entidad,8,media,2,2026-04,2026-06,0.0,,False
Gabriel Rey,Pablo Lavandeira,entidad,3,media,2,2026-02,2026-07,0.0,,False
Gabriel Rey,Paraguay,entidad,3,media,2,2026-06,2026-09,1.0,,False
Gabriel Rey,partidos de ida,tema,2,baja,2,2026-05,2026-07,0.0,,False
Gabriel Rey,Paulo Autuori,entidad,3,media,2,2026-01,2026-03,0.0,,False
Gabriel Rey,Pedro García,entidad,5,media,2,2026-01,2026-09,0.0,,False
Gabriel Rey,peruana quién,tema,2,baja,2,2026-01,2026-05,0.302084100543601,,False
Gabriel Rey,pese a caída,tema,2,baja,2,2026-01,2026-03,0.0,,False
Gabriel Rey,Peter Arévalo,entidad,2,baja,2,2026-01,2026-05,0.0,,False
Gabriel Rey,Piero Cari,entidad,3,media,2,2026-05,2026-06,0.0,,False
Gabriel Rey,Piero Quispe,entidad,2,baja,2,2026-05,2026-08,0.0,,False
Gabriel Rey,Pirata FC,entidad,3,media,2,2026-05,2026-07,0.0,,False
Gabriel Rey,Piura,entidad,2,baja,2,2026-04,2026-09,0.18402386058377845,,False
Gabriel Rey,plena liga,entidad,2,baja,2,2026-03,2026-05,0.0,,False
Gabriel Rey,polémica salida,tema,2,baja,2,2026-05,2026-06,0.0,,False
Gabriel Rey,posible fichaje,tema,2,baja,2,2026-01,2026-07,0.0,,False
Gabriel Rey,posibles alineaciones de alianza,entidad,2,baja,2,2026-04,2026-05,0.0,,False
Gabriel Rey,posibles alineaciones de universitario,entidad,3,media,2,2026-04,2026-07,0.0,,False
Gabriel Rey,posiciones del grupo,entidad,9,media,2,2026-04,2026-05,0.0,,False
Gabriel Rey,presentado como nuevo,tema,2,baja,2,2026-01,2026-07,0.0,,False
Gabriel Rey,primer amistoso,tema,2,baja,2,2026-01,2026-03,0.0,,False
Gabriel Rey,primer gol,tema,2,baja,2,2026-05,2026-06,0.0,,False
Gabriel Rey,primer paso,tema,2,baja,2,2026-04,2026-07,0.0,,False
Gabriel Rey,primer triunfo,tema,5,media,2,2026-02,2026-04,0.0,,False
Gabriel Rey,primera etapa,tema,2,baja,2,2026-01,2026-09,0.030194558626471225,,False
Gabriel Rey,primera fecha,tema,2,baja,2,2026-08,2026-09,0.7577653754859657,,False
Gabriel Rey,primeros lugares,tema,2,baja,2,2026-07,2026-09,1.0,,False
Gabriel Rey,pronóstico y cuando,tema,3,media,2,2026-05,2026-09,0.0,,False
Gabriel Rey,provincial de cajamarca,entidad,3,media,2,2026-05,2026-06,0.0,,False
Gabriel Rey,publicación de los audios,tema,2,baja,2,2026-05,2026-09,1.0,,False
Gabriel Rey,Rabanal,entidad,2,baja,2,2026-03,2026-04,0.0,,False
Gabriel Rey,Raúl Ruidíaz,entidad,3,media,2,2026-01,2026-05,0.0,,False
Gabriel Rey,Real Madrid,entidad,2,baja,2,2026-03,2026-04,0.0,,False
Gabriel Rey,Rebaza Acosta,entidad,2,baja,2,2026-01,2026-02,0.0,,False
Gabriel Rey,recta final,tema,2,baja,2,2026-01,2026-08,0.02379850260623759,,False
Gabriel Rey,reforzar el plantel,tema,2,baja,2,2026-05,2026-08,0.0,,False
Gabriel Rey,refuerza su plantel,tema,3,media,2,2026-01,2026-03,0.0,,False
Gabriel Rey,Regatas Lima,entidad,3,media,2,2026-03,2026-04,0.0,,False
Gabriel Rey,Reimond Manco,entidad,2,baja,2,2026-02,2026-03,0.0,,False
Gabriel Rey,responde a críticas,tema,3,media,2,2026-02,2026-03,0.0,,False
Gabriel Rey,Rondelli,entidad,2,baja,2,2026-03,2026-04,0.0,,False
Gabriel Rey,Rumania,entidad,2,baja,2,2026-02,2026-08,0.0,,False
Gabriel Rey,SAFAP,entidad,3,media,2,2026-03,2026-08,0.0,,False
Gabriel Rey,salida de alianza,entidad,2,baja,2,2026-04,2026-06,0.0,,False
Gabriel Rey,salir lesionado,tema,2,baja,2,2026-02,2026-07,0.0,,False
Gabriel Rey,salto a europa,entidad,2,baja,2,2026-01,2026-03,0.0,,False
Gabriel Rey,San Marcos,entidad,2,baja,2,2026-01,2026-04,0.0,,False
Gabriel Rey,Santiago Ormeño,entidad,2,baja,2,2026-01,2026-07,0.0,,False
Gabriel Rey,Sebastián Aranda,entidad,2,baja,2,2026-03,2026-04,0.0,,False
Gabriel Rey,segunda vuelta,tema,8,media,2,2026-04,2026-06,0.0,,False
Gabriel Rey,segundo lugar,tema,2,baja,2,2026-05,2026-08,0.0,,False
Gabriel Rey,Selección,entidad,2,baja,2,2026-05,2026-09,1.0,,False
Gabriel Rey,Selección Colombia,entidad,2,baja,2,2026-05,2026-06,0.0,,False
Gabriel Rey,Selección de Argentina,entidad,2,baja,2,2026-05,2026-06,0.0,,False
Gabriel Rey,Selección Peruana Jean Ferrari,entidad,2,baja,2,2026-02,2026-04,0.0,,False
Gabriel Rey,semifinal de la liga,entidad,2,baja,2,2026-04,2026-08,0.0,,False
Gabriel Rey,semifinal de vuelta,tema,2,baja,2,2026-06,2026-07,0.0,,False
Gabriel Rey,Senegal,entidad,2,baja,2,2026-03,2026-06,0.0,,False
Gabriel Rey,sigue sin saber,tema,2,baja,2,2026-01,2026-03,0.0,,False
Gabriel Rey,Sparta Praga,entidad,3,media,2,2026-01,2026-02,0.0,,False
Gabriel Rey,sporting company,entidad,2,baja,2,2026-03,2026-06,0.0,,False
Gabriel Rey,Sullana,entidad,2,baja,2,2026-02,2026-05,0.0,,False
Gabriel Rey,superar a atlético,tema,2,baja,2,2026-03,2026-09,1.0,,False
Gabriel Rey,tabla acumulada,tema,4,media,2,2026-07,2026-08,0.0,,False
Gabriel Rey,tablas de posiciones,tema,12,alta,2,2026-08,2026-09,1.0,,False
Gabriel Rey,tercer lugar,tema,2,baja,2,2026-04,2026-07,0.0,,False
Gabriel Rey,título del torneo clausura,entidad,3,media,2,2026-08,2026-09,1.0,,False
Gabriel Rey,toma fuerza,tema,2,baja,2,2026-03,2026-04,0.0,,False
Gabriel Rey,Torres,entidad,2,baja,2,2026-03,2026-09,1.0,,False
Gabriel Rey,Tradición Copera,entidad,4,media,2,2026-02,2026-09,1.0,,False
Gabriel Rey,tricampeonato de la liga,entidad,2,baja,2,2026-01,2026-07,0.0,,False
Gabriel Rey,triunfo consecutivo,tema,2,baja,2,2026-05,2026-09,1.0,,False
Gabriel Rey,Trujillo,entidad,3,media,2,2026-05,2026-07,0.0,,False
Gabriel Rey,Turquía,entidad,2,baja,2,2026-06,2026-07,0.0,,False
Gabriel Rey,Universidad César Vallejo,entidad,3,media,2,2026-02,2026-07,0.0,,False
Gabriel Rey,universitario por la fecha,entidad,2,baja,2,2026-05,2026-09,1.0,,False
Gabriel Rey,universitario vs alianza,entidad,2,baja,2,2026-04,2026-07,0.0,,False
Gabriel Rey,UNSAAC,entidad,2,baja,2,2026-03,2026-04,0.0,,False
Gabriel Rey,Uruguay,entidad,3,media,2,2026-01,2026-02,0.0,,False
Gabriel Rey,Vancouver Whitecaps,entidad,3,media,2,2026-03,2026-05,0.0,,False
Gabriel Rey,Venezuela,entidad,2,baja,2,2026-01,2026-09,1.0,,False
Gabriel Rey,volante nacional,entidad,2,baja,2,2026-05,2026-09,1.0,,False
Gabriel Rey,volante peruano,tema,2,baja,2,2026-01,2026-09,0.0,,False
Gabriel Rey,clubes de vóley,entidad,3,media,2,2026-01,2026-02,0.0,,False
Gabriel Rey,vos de final,tema,6,media,2,2026-06,2026-07,0.0,,False
Gabriel Rey,vs adt,entidad,2,baja,2,2026-02,2026-09,1.0,,False
Gabriel Rey,vs cusco,entidad,2,baja,2,2026-04,2026-07,0.0,,False
Gabriel Rey,vs deportivo,entidad,2,baja,2,2026-04,2026-07,0.0,,False
Gabriel Rey,vs sporting,tema,3,media,2,2026-02,2026-04,0.0,,False
Gabriel Rey,vs universitario de deportes,entidad,2,baja,2,2026-04,2026-08,0.0,,False
Gabriel Rey,vuelta de la fase,entidad,2,baja,2,2026-05,2026-07,0.0,,False
Gabriel Rey,vuelve al triunfo,tema,2,baja,2,2026-01,2026-07,0.0,,False
Gabriel Rey,Wilder Cartagena,entidad,2,baja,2,2026-05,2026-09,1.0,,False
Gabriel Rey,zona de descenso,tema,3,media,2,2026-02,2026-05,0.0,,False
Gabriel Rey,abre un nuevo,tema,2,baja,1,2026-04,2026-04,0.0,,False
Gabriel Rey,activa la búsqueda,tema,2,baja,1,2026-04,2026-04,0.0,,False
Gabriel Rey,afrontar la etapa,tema,2,baja,1,2026-09,2026-09,1.0,,False
Gabriel Rey,afrontará la etapa,tema,2,baja,1,2026-09,2026-09,1.0,,False
Gabriel Rey,Alejandro Duarte,entidad,3,media,1,2026-09,2026-09,1.0,,False
Gabriel Rey,apertura de la liga,entidad,3,media,1,2026-07,2026-07,0.0,,False
Gabriel Rey,Atlético Torino,entidad,4,media,1,2026-09,2026-09,1.0,,False
Gabriel Rey,ATP,entidad,2,baja,1,2026-05,2026-05,0.0,,False
Gabriel Rey,boleto a las semifinales,tema,2,baja,1,2026-03,2026-03,0.0,,False
Gabriel Rey,Campeonato Sudamericano de Voleibol Femenino,entidad,2,baja,1,2026-09,2026-09,1.0,,False
Gabriel Rey,canal confirmado,tema,2,baja,1,2026-07,2026-07,0.0,,False
Gabriel Rey,Carabobo FC,entidad,2,baja,1,2026-03,2026-03,0.0,,False
Gabriel Rey,Carlos Ascues y Alexi Gómez,entidad,2,baja,1,2026-08,2026-08,0.0,,False
Gabriel Rey,César Inga,entidad,2,baja,1,2026-01,2026-01,0.0,,False
Gabriel Rey,César Vallejo,entidad,2,baja,1,2026-05,2026-05,0.0,,False
Gabriel Rey,cienciano vs alianza,entidad,2,baja,1,2026-05,2026-05,0.0,,False
Gabriel Rey,clásico ante alianza,entidad,2,baja,1,2026-03,2026-03,0.0,,False
Gabriel Rey,confirmado para el partido,tema,2,baja,1,2026-07,2026-07,0.0,,False
Gabriel Rey,conoce a sus seis,tema,2,baja,1,2026-09,2026-09,1.0,,False
Gabriel Rey,contundente comunicado,tema,2,baja,1,2026-07,2026-07,0.0,,False
Gabriel Rey,Copa Federación Plata,entidad,2,baja,1,2026-06,2026-06,0.0,,False
Gabriel Rey,Corea del Sur,entidad,2,baja,1,2026-06,2026-06,0.0,,False
Gabriel Rey,Costa de Marfil,entidad,2,baja,1,2026-06,2026-06,0.0,,False
Gabriel Rey,cristiano da,entidad,2,baja,1,2026-03,2026-03,0.0,,False
Gabriel Rey,críticas a la copa,entidad,2,baja,1,2026-07,2026-07,0.0,,False
Gabriel Rey,da el salto,tema,2,baja,1,2026-01,2026-01,0.0,,False
Gabriel Rey,debut oficial,tema,2,baja,1,2026-06,2026-06,0.0,,False
Gabriel Rey,días de la libertadores,entidad,2,baja,1,2026-03,2026-03,0.0,,False
Gabriel Rey,dio la vuelta,tema,2,baja,1,2026-06,2026-06,0.0,,False
Gabriel Rey,dio un paso,tema,2,baja,1,2026-08,2026-08,0.0,,False
Gabriel Rey,dónde ver el amistoso,tema,2,baja,1,2026-07,2026-07,0.0,,False
Gabriel Rey,eliminación de alianza,entidad,2,baja,1,2026-02,2026-02,0.0,,False
Gabriel Rey,escala en la tabla,tema,2,baja,1,2026-05,2026-05,0.0,,False
Gabriel Rey,Etapa Provincial de Abancay,entidad,2,baja,1,2026-06,2026-06,0.0,,False
Gabriel Rey,etapa provincial de cajamarca,entidad,2,baja,1,2026-05,2026-05,0.0,,False
Gabriel Rey,experiencia y goles,tema,2,baja,1,2026-01,2026-01,0.0,,False
Gabriel Rey,Fase de la Copa Libertadores,entidad,2,baja,1,2026-02,2026-02,0.0,,False
Gabriel Rey,fase final,entidad,5,media,1,2026-09,2026-09,1.0,,False
Gabriel Rey,fecha de la etapa,tema,2,baja,1,2026-09,2026-09,1.0,,False
Gabriel Rey,final para el mundial,tema,6,media,1,2026-05,2026-05,0.0,,False
Gabriel Rey,firme en la liga,entidad,2,baja,1,2026-08,2026-08,0.0,,False
Gabriel Rey,Francia,entidad,2,baja,1,2026-07,2026-07,0.0,,False
Gabriel Rey,Franco Coronel,entidad,2,baja,1,2026-03,2026-03,0.0,,False
Gabriel Rey,fuera de la pelea,tema,2,baja,1,2026-09,2026-09,1.0,,False
Gabriel Rey,pro resultados,tema,2,baja,1,2026-09,2026-09,1.0,,False
Gabriel Rey,futuro en alianza,entidad,2,baja,1,2026-04,2026-04,0.0,,False
Gabriel Rey,Garcilaso,entidad,2,baja,1,2026-03,2026-03,0.0,,False
Gabriel Rey,generales resultados,tema,6,media,1,2026-06,2026-06,0.0,,False
Gabriel Rey,gran refuerzo,tema,2,baja,1,2026-06,2026-06,0.0,,False
Gabriel Rey,grupos del mundial,tema,2,baja,1,2026-06,2026-06,0.0,,False
Gabriel Rey,Haití,entidad,3,media,1,2026-06,2026-06,0.0,,False
Gabriel Rey,Haití y España,entidad,2,baja,1,2026-05,2026-05,0.0,,False
Gabriel Rey,Huancayo,entidad,2,baja,1,2026-05,2026-05,0.0,,False
Gabriel Rey,ir por el ascenso,tema,2,baja,1,2026-01,2026-01,0.0,,False
Gabriel Rey,Irven Ávila,entidad,2,baja,1,2026-03,2026-03,0.0,,False
Gabriel Rey,Jairo Concha,entidad,2,baja,1,2026-03,2026-03,0.0,,False
Gabriel Rey,Jhilmar Lora,entidad,2,baja,1,2026-01,2026-01,0.0,,False
Gabriel Rey,Joao Grimaldo,entidad,3,media,1,2026-01,2026-01,0.0,,False
Gabriel Rey,Jude Bellingham,entidad,2,baja,1,2026-07,2026-07,0.0,,False
Gabriel Rey,Juegos Suramericanos Santa Fe,entidad,2,baja,1,2026-09,2026-09,1.0,,False
Gabriel Rey,Juventud,entidad,2,baja,1,2026-02,2026-02,0.0,,False
Gabriel Rey,Kansas City,entidad,2,baja,1,2026-01,2026-01,0.0,,False
Gabriel Rey,Keiko Fujimori y Roberto Sánchez,entidad,6,media,1,2026-06,2026-06,0.0,,False
Gabriel Rey,libertadores tabla,entidad,3,media,1,2026-04,2026-04,0.0,,False
Gabriel Rey,líder del grupo,entidad,2,baja,1,2026-06,2026-06,0.0,,False
Gabriel Rey,lima tras denuncia,entidad,2,baja,1,2026-01,2026-01,0.0,,False
Gabriel Rey,lima vs universitario,entidad,2,baja,1,2026-09,2026-09,1.0,,False
Gabriel Rey,lista final,tema,6,media,1,2026-05,2026-05,0.0,,False
Gabriel Rey,lugar de la liga,entidad,2,baja,1,2026-04,2026-04,0.0,,False
Gabriel Rey,Luis Advíncula,entidad,2,baja,1,2026-01,2026-01,0.0,,False
Gabriel Rey,Luis Ramos,entidad,2,baja,1,2026-01,2026-01,0.0,,False
Gabriel Rey,Marruecos,entidad,2,baja,1,2026-06,2026-06,0.0,,False
Gabriel Rey,mensaje que sacude,tema,2,baja,1,2026-01,2026-01,0.0,,False
Gabriel Rey,muchos goles,tema,2,baja,1,2026-01,2026-01,0.0,,False
Gabriel Rey,mundial sub,entidad,2,baja,1,2026-08,2026-08,0.0,,False
Gabriel Rey,Nacional,entidad,3,media,1,2026-04,2026-04,0.0,,False
Gabriel Rey,nuevo jugador,tema,2,baja,1,2026-02,2026-02,0.0,,False
Gabriel Rey,Nuremberg de Fabio Gruber,entidad,2,baja,1,2026-02,2026-02,0.0,,False
Gabriel Rey,Orlando Núñez,entidad,2,baja,1,2026-06,2026-06,0.0,,False
Gabriel Rey,Panamá,entidad,2,baja,1,2026-06,2026-06,0.0,,False
Gabriel Rey,partidos en la etapa,tema,2,baja,1,2026-09,2026-09,1.0,,False
Gabriel Rey,paso firme,tema,2,baja,1,2026-08,2026-08,0.0,,False
Gabriel Rey,pelea por el ascenso,tema,2,baja,1,2026-09,2026-09,1.0,,False
Gabriel Rey,pelear el ascenso,tema,2,baja,1,2026-03,2026-03,0.0,,False
Gabriel Rey,peruana y la altura,tema,2,baja,1,2026-04,2026-04,0.0,,False
Gabriel Rey,pie derecho,tema,2,baja,1,2026-09,2026-09,1.0,,False
Gabriel Rey,Plata,entidad,2,baja,1,2026-01,2026-01,0.0,,False
Gabriel Rey,pleno torneo,tema,2,baja,1,2026-04,2026-04,0.0,,False
Gabriel Rey,primera vez,tema,2,baja,1,2026-09,2026-09,1.0,,False
Gabriel Rey,punta del grupo,entidad,2,baja,1,2026-07,2026-07,0.0,,False
Gabriel Rey,reabre el debate,tema,2,baja,1,2026-04,2026-04,0.0,,False
Gabriel Rey,remontada épica,tema,2,baja,1,2026-02,2026-02,0.0,,False
Gabriel Rey,responde a renato,tema,2,baja,1,2026-01,2026-01,0.0,,False
Gabriel Rey,resultados de fecha,tema,2,baja,1,2026-04,2026-04,0.0,,False
Gabriel Rey,resultados de la onpe,entidad,6,media,1,2026-06,2026-06,0.0,,False
Gabriel Rey,serie río,entidad,2,baja,1,2026-01,2026-01,0.0,,False
Gabriel Rey,Río Open,entidad,2,baja,1,2026-02,2026-02,0.0,,False
Gabriel Rey,rivales en la etapa,tema,2,baja,1,2026-09,2026-09,1.0,,False
Gabriel Rey,Roberto Mosquera,entidad,2,baja,1,2026-06,2026-06,0.0,,False
Gabriel Rey,salida de autuori,entidad,2,baja,1,2026-03,2026-03,0.0,,False
Gabriel Rey,salida de javier,tema,2,baja,1,2026-04,2026-04,0.0,,False
Gabriel Rey,segunda división,tema,3,media,1,2026-09,2026-09,1.0,,False
Gabriel Rey,segundo triunfo,tema,2,baja,1,2026-05,2026-05,0.0,,False
Gabriel Rey,camino definido,tema,2,baja,1,2026-09,2026-09,1.0,,False
Gabriel Rey,seis rivales,tema,2,baja,1,2026-09,2026-09,1.0,,False
Gabriel Rey,Selección Peruana Sub,entidad,2,baja,1,2026-01,2026-01,0.0,,False
Gabriel Rey,sigue firme,tema,2,baja,1,2026-08,2026-08,0.0,,False
Gabriel Rey,Spezia,entidad,2,baja,1,2026-01,2026-01,0.0,,False
Gabriel Rey,Sport Áncash,entidad,2,baja,1,2026-09,2026-09,1.0,,False
Gabriel Rey,cristal probables alineaciones,entidad,2,baja,1,2026-02,2026-02,0.0,,False
Gabriel Rey,Sports,entidad,2,baja,1,2026-01,2026-01,0.0,,False
Gabriel Rey,Sub,entidad,3,media,1,2026-01,2026-01,0.0,,False
Gabriel Rey,Tarde,entidad,4,media,1,2026-01,2026-01,0.0,,False
Gabriel Rey,triunfo clave,tema,2,baja,1,2026-04,2026-04,0.0,,False
Gabriel Rey,triunfo en el torneo,tema,2,baja,1,2026-02,2026-02,0.0,,False
Gabriel Rey,Universidad Católica,entidad,2,baja,1,2026-02,2026-02,0.0,,False
Gabriel Rey,universitario antes,entidad,2,baja,1,2026-07,2026-07,0.0,,False
Gabriel Rey,segunda ronda,tema,2,baja,1,2026-09,2026-09,1.0,,False
Gabriel Rey,vóley cómo se jugarán,entidad,2,baja,1,2026-02,2026-02,0.0,,False
Gabriel Rey,vos del mundial,tema,2,baja,1,2026-06,2026-06,0.0,,False
Gabriel Rey,vuelta de los vos,tema,2,baja,1,2026-07,2026-07,0.0,,False
Gabriel Rey,vuelta presidencial,tema,6,media,1,2026-06,2026-06,0.0,,False
Joaquín Vásquez,ADA de Jaén,entidad,2,baja,2,2026-08,2026-09,1.0,,False
Joaquín Vásquez,Adrián Ugarriza,entidad,4,media,2,2026-08,2026-09,0.0,,False
Joaquín Vásquez,ADT,entidad,3,media,2,2026-08,2026-09,0.7956849242390752,,False
Joaquín Vásquez,Alejandro Hohberg,entidad,2,baja,2,2026-08,2026-09,0.0,,False
Joaquín Vásquez,Alessandro,entidad,2,baja,2,2026-08,2026-09,1.0,,False
Joaquín Vásquez,Alianza Atlético,entidad,4,media,2,2026-08,2026-09,1.0,,False
Joaquín Vásquez,Alianza Lima,entidad,48,alta,2,2026-08,2026-09,1.0,,False
Joaquín Vásquez,Alianza Universidad,entidad,3,media,2,2026-08,2026-09,0.0,,False
Joaquín Vásquez,amistoso internacional,tema,2,baja,2,2026-08,2026-09,1.0,,False
Joaquín Vásquez,amistosos de la selección,tema,4,media,2,2026-08,2026-09,1.0,,False
Joaquín Vásquez,André Carrillo,entidad,3,media,2,2026-08,2026-09,0.0,,False
Joaquín Vásquez,antes de enfrentar,tema,3,media,2,2026-08,2026-09,1.0,,False
Joaquín Vásquez,antes de los amistosos,tema,2,baja,2,2026-08,2026-09,0.0,,False
Joaquín Vásquez,antes del clásico,tema,4,media,2,2026-08,2026-09,1.0,,False
Joaquín Vásquez,atlético andahuaylas,entidad,2,baja,2,2026-08,2026-09,1.0,,False
Joaquín Vásquez,Bassco Soyer,entidad,4,media,2,2026-08,2026-09,1.0,,False
Joaquín Vásquez,Bicolor,entidad,2,baja,2,2026-08,2026-09,0.676995909938991,,False
Joaquín Vásquez,Boca Juniors,entidad,2,baja,2,2026-08,2026-09,0.0,,False
Joaquín Vásquez,Burnley,entidad,4,media,2,2026-08,2026-09,0.0,,False
Joaquín Vásquez,buscar el ascenso,tema,2,baja,2,2026-08,2026-09,0.0,,False
Joaquín Vásquez,Carlos Mannucci,entidad,2,baja,2,2026-08,2026-09,1.0,,False
Joaquín Vásquez,Christian Cueva,entidad,7,media,2,2026-08,2026-09,0.0,,False
Joaquín Vásquez,Cienciano,entidad,11,alta,2,2026-08,2026-09,1.0,,False
Joaquín Vásquez,Colombia,entidad,2,baja,2,2026-08,2026-09,1.0,,False
Joaquín Vásquez,Comerciantes Unidos,entidad,3,media,2,2026-08,2026-09,0.23625863914536055,,False
Joaquín Vásquez,contundente mensaje,tema,5,media,2,2026-08,2026-09,1.0,,False
Joaquín Vásquez,contundente respuesta,tema,2,baja,2,2026-08,2026-09,0.0,,False
Joaquín Vásquez,Copa de Letonia,entidad,2,baja,2,2026-08,2026-09,0.0,,False
Joaquín Vásquez,Copa Sudamericana,entidad,6,media,2,2026-08,2026-09,1.0,,False
Joaquín Vásquez,Copenhague,entidad,6,media,2,2026-08,2026-09,0.0,,False
Joaquín Vásquez,Corinthians,entidad,3,media,2,2026-08,2026-09,0.0,,False
Joaquín Vásquez,Cup,entidad,2,baja,2,2026-08,2026-09,1.0,,False
Joaquín Vásquez,Cusco,entidad,3,media,2,2026-08,2026-09,0.09394952395511845,,False
Joaquín Vásquez,Deportivo Binacional,entidad,3,media,2,2026-08,2026-09,0.46868435781047635,,False
Joaquín Vásquez,Deportivo Cali,entidad,4,media,2,2026-08,2026-09,1.0,,False
Joaquín Vásquez,Dianderas,entidad,3,media,2,2026-08,2026-09,0.3186255618001418,,False
Joaquín Vásquez,Dinamo Zagreb,entidad,5,media,2,2026-08,2026-09,0.0,,False
Joaquín Vásquez,dos jugadores,tema,4,media,2,2026-08,2026-09,0.33440879517367833,,False
Joaquín Vásquez,Estados Unidos,entidad,4,media,2,2026-08,2026-09,1.0,,False
Joaquín Vásquez,Etapa Nacional,entidad,4,media,2,2026-08,2026-09,1.0,,False
Joaquín Vásquez,Etapa Nacional de la Copa,entidad,5,media,2,2026-08,2026-09,0.6403155675704701,,False
Joaquín Vásquez,Europa,entidad,7,media,2,2026-08,2026-09,1.0,,False
Joaquín Vásquez,Europa League,entidad,2,baja,2,2026-08,2026-09,0.0,,False
Joaquín Vásquez,exjugador de universitario,entidad,3,media,2,2026-08,2026-09,1.0,,False
Joaquín Vásquez,fase de la liga,entidad,2,baja,2,2026-08,2026-09,0.0,,False
Joaquín Vásquez,fecha de la fase,tema,2,baja,2,2026-08,2026-09,0.5801241024546009,,False
Joaquín Vásquez,fecha del torneo,tema,9,media,2,2026-08,2026-09,1.0,,False
Joaquín Vásquez,Federico Girotti,entidad,2,baja,2,2026-08,2026-09,0.0,,False
Joaquín Vásquez,Felipe Chávez,entidad,2,baja,2,2026-08,2026-09,1.0,,False
Joaquín Vásquez,FIFA,entidad,3,media,2,2026-08,2026-09,1.0,,False
Joaquín Vásquez,Flamengo,entidad,3,media,2,2026-08,2026-09,0.0,,False
Joaquín Vásquez,Gianluca Lapadula,entidad,2,baja,2,2026-08,2026-09,0.0,,False
Joaquín Vásquez,gran momento,tema,2,baja,2,2026-08,2026-09,0.0,,False
Joaquín Vásquez,Héctor Cúper,entidad,6,media,2,2026-08,2026-09,1.0,,False
Joaquín Vásquez,Horacio Melgarejo,entidad,5,media,2,2026-08,2026-09,0.26215728400483307,,False
Joaquín Vásquez,Huamán,entidad,3,media,2,2026-08,2026-09,0.0,,False
Joaquín Vásquez,Jesús Pretell,entidad,3,media,2,2026-08,2026-09,0.0,,False
Joaquín Vásquez,Joao Grimaldo,entidad,3,media,2,2026-08,2026-09,0.0,,False
Joaquín Vásquez,Juan Pablo II,entidad,3,media,2,2026-08,2026-09,0.0,,False
Joaquín Vásquez,Kevin Quevedo,entidad,3,media,2,2026-08,2026-09,1.0,,False
Joaquín Vásquez,Liga Femenina,entidad,7,media,2,2026-08,2026-09,0.39767711750942863,,False
Joaquín Vásquez,Lionel Messi,entidad,2,baja,2,2026-08,2026-09,0.0,,False
Joaquín Vásquez,Mano Menezes,entidad,11,alta,2,2026-08,2026-09,0.6229109734307415,,False
Joaquín Vásquez,Marcos López,entidad,6,media,2,2026-08,2026-09,0.0,,False
Joaquín Vásquez,matteo pérez vinl f,tema,2,baja,2,2026-08,2026-09,0.49637940559326144,,False
Joaquín Vásquez,Matteo Pérez Vinlof,entidad,4,media,2,2026-08,2026-09,0.0,,False
Joaquín Vásquez,Melgar,entidad,6,media,2,2026-08,2026-09,1.0,,False
Joaquín Vásquez,Nolberto Solano,entidad,3,media,2,2026-08,2026-09,0.0,,False
Joaquín Vásquez,nuevo equipo,tema,2,baja,2,2026-08,2026-09,1.0,,False
Joaquín Vásquez,OFK Beograd,entidad,3,media,2,2026-08,2026-09,0.0,,False
Joaquín Vásquez,Oliver Sonne,entidad,4,media,2,2026-08,2026-09,0.0,,False
Joaquín Vásquez,Orlando City,entidad,4,media,2,2026-08,2026-09,0.0,,False
Joaquín Vásquez,pablo ll,tema,2,baja,2,2026-08,2026-09,0.0,,False
Joaquín Vásquez,Paolo Guerrero,entidad,4,media,2,2026-08,2026-09,1.0,,False
Joaquín Vásquez,Paraguay,entidad,3,media,2,2026-08,2026-09,1.0,,False
Joaquín Vásquez,Pedro Gallese,entidad,5,media,2,2026-08,2026-09,1.0,,False
Joaquín Vásquez,Portugal,entidad,4,media,2,2026-08,2026-09,0.0,,False
Joaquín Vásquez,Progreso,entidad,4,media,2,2026-08,2026-09,0.0,,False
Joaquín Vásquez,Renato Espinosa,entidad,3,media,2,2026-08,2026-09,0.0,,False
Joaquín Vásquez,Renato Tapia,entidad,6,media,2,2026-08,2026-09,0.0,,False
Joaquín Vásquez,Ricardo Gareca,entidad,4,media,2,2026-08,2026-09,0.0,,False
Joaquín Vásquez,Rodina Moscú,entidad,5,media,2,2026-08,2026-09,0.0,,False
Joaquín Vásquez,Saravia,entidad,4,media,2,2026-08,2026-09,0.0,,False
Joaquín Vásquez,Sebastián Aranda,entidad,4,media,2,2026-08,2026-09,0.0,,False
Joaquín Vásquez,Selección Argentina,entidad,2,baja,2,2026-08,2026-09,0.0,,False
Joaquín Vásquez,Selección Peruana,entidad,22,alta,2,2026-08,2026-09,1.0,,False
Joaquín Vásquez,Selección Peruana Sub,entidad,5,media,2,2026-08,2026-09,1.0,,False
Joaquín Vásquez,Sergio Peña,entidad,5,media,2,2026-08,2026-09,0.0,,False
Joaquín Vásquez,Sport Boys,entidad,16,alta,2,2026-08,2026-09,1.0,,False
Joaquín Vásquez,Sporting Cristal,entidad,15,alta,2,2026-08,2026-09,1.0,,False
Joaquín Vásquez,suma minutos,tema,2,baja,2,2026-08,2026-09,1.0,,False
Joaquín Vásquez,suspendidos para la fecha,tema,4,media,2,2026-08,2026-09,1.0,,False
Joaquín Vásquez,titular en el empate,tema,2,baja,2,2026-08,2026-09,0.0,,False
Joaquín Vásquez,Torneo Clausura,entidad,23,alta,2,2026-08,2026-09,1.0,,False
Joaquín Vásquez,Universitario,entidad,16,alta,2,2026-08,2026-09,1.0,,False
Joaquín Vásquez,Universitario de Deportes,entidad,14,alta,2,2026-08,2026-09,1.0,,False
Joaquín Vásquez,vinl f,tema,3,media,2,2026-08,2026-09,0.49637940559326144,,False
Joaquín Vásquez,volver a la selección,tema,2,baja,2,2026-08,2026-09,0.0,,False
Joaquín Vásquez,vs alianza,tema,2,baja,2,2026-08,2026-09,1.0,,False
Joaquín Vásquez,vs comerciantes,tema,2,baja,2,2026-08,2026-09,1.0,,False
Joaquín Vásquez,Wasl,entidad,5,media,2,2026-08,2026-09,0.0,,False
Joaquín Vásquez,Wilder Cartagena,entidad,6,media,2,2026-08,2026-09,0.0,,False
Joaquín Vásquez,Yordy Reyna,entidad,5,media,2,2026-08,2026-09,0.0,,False
Joaquín Vásquez,Yoshimar Yotún,entidad,3,media,2,2026-08,2026-09,1.0,,False
Joaquín Vásquez,Ain,entidad,2,baja,1,2026-09,2026-09,0.0,,False
Joaquín Vásquez,Álex Valera,entidad,2,baja,1,2026-09,2026-09,0.0,,False
Joaquín Vásquez,Alfonso Barco,entidad,2,baja,1,2026-08,2026-08,0.0,,False
Joaquín Vásquez,asistencia en la goleada,tema,2,baja,1,2026-08,2026-08,0.0,,False
Joaquín Vásquez,atención liga,entidad,2,baja,1,2026-09,2026-09,1.0,,False
Joaquín Vásquez,Atlético Grau,entidad,2,baja,1,2026-08,2026-08,0.0,,False
Joaquín Vásquez,Atlético Torino,entidad,2,baja,1,2026-09,2026-09,1.0,,False
Joaquín Vásquez,Ayacucho FC,entidad,2,baja,1,2026-08,2026-08,0.0,,False
Joaquín Vásquez,Botafogo,entidad,3,media,1,2026-08,2026-08,0.0,,False
Joaquín Vásquez,boys vs,tema,2,baja,1,2026-08,2026-08,0.0,,False
Joaquín Vásquez,Brasil,entidad,2,baja,1,2026-08,2026-08,0.0,,False
Joaquín Vásquez,Brasileirao,entidad,2,baja,1,2026-08,2026-08,0.0,,False
Joaquín Vásquez,Carlos Zambrano,entidad,2,baja,1,2026-08,2026-08,0.0,,False
Joaquín Vásquez,cienciano vs,entidad,2,baja,1,2026-09,2026-09,1.0,,False
Joaquín Vásquez,clausura de la liga,entidad,2,baja,1,2026-08,2026-08,0.0,,False
Joaquín Vásquez,Comerciantes FC,entidad,2,baja,1,2026-08,2026-08,0.0,,False
Joaquín Vásquez,Conference League,entidad,8,media,1,2026-08,2026-08,0.0,,False
Joaquín Vásquez,conoce a sus rivales,tema,2,baja,1,2026-08,2026-08,0.0,,False
Joaquín Vásquez,copa perú resultados,entidad,2,baja,1,2026-08,2026-08,0.0,,False
Joaquín Vásquez,cuatro equipos,tema,2,baja,1,2026-08,2026-08,0.07912424109187344,,False
Joaquín Vásquez,Daniel,entidad,2,baja,1,2026-08,2026-08,0.0,,False
Joaquín Vásquez,Defensores del Ilucán,entidad,2,baja,1,2026-08,2026-08,0.0,,False
Joaquín Vásquez,departamental de cajamarca,tema,2,baja,1,2026-08,2026-08,0.0,,False
Joaquín Vásquez,Deportivo Garcilaso,entidad,4,media,1,2026-09,2026-09,1.0,,False
Joaquín Vásquez,dio una asistencia,tema,2,baja,1,2026-08,2026-08,0.0,,False
Joaquín Vásquez,dos salidas,tema,2,baja,1,2026-08,2026-08,0.0,,False
Joaquín Vásquez,duro golpe,tema,2,baja,1,2026-09,2026-09,1.0,,False
Joaquín Vásquez,eliminación de cienciano,entidad,2,baja,1,2026-09,2026-09,1.0,,False
Joaquín Vásquez,Erick Noriega,entidad,3,media,1,2026-08,2026-08,0.0,,False
Joaquín Vásquez,ex alianza,tema,2,baja,1,2026-09,2026-09,1.0,,False
Joaquín Vásquez,Fase Regional de la Liga,entidad,3,media,1,2026-08,2026-08,0.0,,False
Joaquín Vásquez,FC,entidad,2,baja,1,2026-09,2026-09,1.0,,False
Joaquín Vásquez,FC Cajamarca,entidad,2,baja,1,2026-08,2026-08,0.0,,False
Joaquín Vásquez,fecha fifa,entidad,2,baja,1,2026-09,2026-09,1.0,,False
Joaquín Vásquez,final de la copa,entidad,2,baja,1,2026-09,2026-09,1.0,,False
Joaquín Vásquez,FK Auda,entidad,2,baja,1,2026-08,2026-08,0.0,,False
Joaquín Vásquez,futbolistas suspendidos,tema,2,baja,1,2026-09,2026-09,1.0,,False
Joaquín Vásquez,gran noticia,tema,2,baja,1,2026-08,2026-08,0.0,,False
Joaquín Vásquez,Gremio,entidad,2,baja,1,2026-08,2026-08,0.0,,False
Joaquín Vásquez,Grupo,entidad,2,baja,1,2026-09,2026-09,1.0,,False
Joaquín Vásquez,Guillermo Viscarra,entidad,2,baja,1,2026-09,2026-09,1.0,,False
Joaquín Vásquez,Hapoel Beer Sheva,entidad,3,media,1,2026-09,2026-09,0.0,,False
Joaquín Vásquez,horarios del fútbol,tema,2,baja,1,2026-09,2026-09,1.0,,False
Joaquín Vásquez,inesperada confesión,tema,2,baja,1,2026-09,2026-09,1.0,,False
Joaquín Vásquez,Italia,entidad,2,baja,1,2026-09,2026-09,1.0,,False
Joaquín Vásquez,Jorge Gutiérrez,entidad,2,baja,1,2026-08,2026-08,0.0,,False
Joaquín Vásquez,Juan Pablo Goicochea,entidad,2,baja,1,2026-08,2026-08,0.0,,False
Joaquín Vásquez,Juegos Suramericanos Santa Fe,entidad,4,media,1,2026-09,2026-09,1.0,,False
Joaquín Vásquez,jugar en universitario,entidad,2,baja,1,2026-08,2026-08,0.0,,False
Joaquín Vásquez,LDU,entidad,2,baja,1,2026-08,2026-08,0.0,,False
Joaquín Vásquez,levanta cabeza,tema,2,baja,1,2026-09,2026-09,0.0,,False
Joaquín Vásquez,Liga Alianza Lima,entidad,2,baja,1,2026-09,2026-09,1.0,,False
Joaquín Vásquez,liga departamental,entidad,3,media,1,2026-08,2026-08,0.0,,False
Joaquín Vásquez,Liga Femenina Melgar,entidad,2,baja,1,2026-09,2026-09,1.0,,False
Joaquín Vásquez,liguilla de la liga,entidad,2,baja,1,2026-08,2026-08,0.0,,False
Joaquín Vásquez,Lima,entidad,2,baja,1,2026-08,2026-08,0.0,,False
Joaquín Vásquez,lima vs,entidad,3,media,1,2026-09,2026-09,1.0,,False
Joaquín Vásquez,lista de convocados,tema,2,baja,1,2026-09,2026-09,1.0,,False
Joaquín Vásquez,Matute,entidad,2,baja,1,2026-09,2026-09,1.0,,False
Joaquín Vásquez,Micke Palomino,entidad,2,baja,1,2026-09,2026-09,1.0,,False
Joaquín Vásquez,Miguel Rondelli,entidad,2,baja,1,2026-08,2026-08,0.0,,False
Joaquín Vásquez,minutos en el triunfo,tema,2,baja,1,2026-08,2026-08,0.0,,False
Joaquín Vásquez,Montevideo City,entidad,4,media,1,2026-09,2026-09,1.0,,False
Joaquín Vásquez,Montevideo City Torque,entidad,2,baja,1,2026-09,2026-09,1.0,,False
Joaquín Vásquez,nueva piel,tema,2,baja,1,2026-09,2026-09,1.0,,False
Joaquín Vásquez,nuevo jugador,tema,2,baja,1,2026-08,2026-08,0.0,,False
Joaquín Vásquez,nuevo refuerzo,tema,4,media,1,2026-08,2026-08,0.054545088935551315,,False
Joaquín Vásquez,Oro,entidad,2,baja,1,2026-09,2026-09,0.0,,False
Joaquín Vásquez,Pablo Guede,entidad,2,baja,1,2026-09,2026-09,1.0,,False
Joaquín Vásquez,Piero Cari,entidad,2,baja,1,2026-08,2026-08,0.0,,False
Joaquín Vásquez,Puma Carranza,entidad,2,baja,1,2026-09,2026-09,1.0,,False
Joaquín Vásquez,Rijeka,entidad,2,baja,1,2026-08,2026-08,0.0,,False
Joaquín Vásquez,Rumania,entidad,2,baja,1,2026-09,2026-09,0.0,,False
Joaquín Vásquez,Rusia,entidad,2,baja,1,2026-09,2026-09,0.0,,False
Joaquín Vásquez,Santiago Ormeño,entidad,3,media,1,2026-08,2026-08,0.0,,False
Joaquín Vásquez,semifinales de la copa,entidad,2,baja,1,2026-08,2026-08,0.0,,False
Joaquín Vásquez,Sparta Praga,entidad,2,baja,1,2026-09,2026-09,0.0,,False
Joaquín Vásquez,Sport Huancayo,entidad,2,baja,1,2026-08,2026-08,0.0,,False
Joaquín Vásquez,Sub,entidad,2,baja,1,2026-09,2026-09,1.0,,False
Joaquín Vásquez,sumar minutos,tema,3,media,1,2026-08,2026-08,0.0,,False
Joaquín Vásquez,titular pero rodina,tema,2,baja,1,2026-09,2026-09,0.0,,False
Joaquín Vásquez,Uruguay,entidad,2,baja,1,2026-08,2026-08,0.0,,False
Joaquín Vásquez,UTC,entidad,2,baja,1,2026-08,2026-08,0.0,,False
Joaquín Vásquez,vs universitario,entidad,2,baja,1,2026-09,2026-09,1.0,,False
Jorge Cruzalegui,Alianza Lima,entidad,95,alta,9,2026-01,2026-09,0.5507457225034323,,True
Jorge Cruzalegui,fecha del torneo,entidad,52,alta,9,2026-01,2026-09,0.6413712249221841,,True
Jorge Cruzalegui,horarios del fútbol,tema,75,alta,9,2026-01,2026-09,0.25555407282693543,,True
Jorge Cruzalegui,Liga Femenina,entidad,72,alta,9,2026-01,2026-09,0.17804766479639839,,True
Jorge Cruzalegui,Universitario,entidad,46,alta,9,2026-01,2026-09,0.2667516246024074,,True
Jorge Cruzalegui,Copa Libertadores,entidad,58,alta,8,2026-01,2026-09,0.2025483047655968,,True
Jorge Cruzalegui,Copa Sudamericana,entidad,37,alta,8,2026-01,2026-09,0.660978453694373,,True
Jorge Cruzalegui,Juan Pablo II,entidad,9,media,8,2026-01,2026-09,0.5428864916384254,,True
Jorge Cruzalegui,jugarán los partidos,tema,27,alta,8,2026-02,2026-09,0.17518570987892917,,True
Jorge Cruzalegui,nuevo técnico,tema,17,alta,8,2026-01,2026-09,0.25360626818795695,,True
Jorge Cruzalegui,Selección Peruana,entidad,48,alta,8,2026-01,2026-09,0.8207707446372583,,True
Jorge Cruzalegui,Universitario de Deportes,entidad,39,alta,8,2026-01,2026-09,0.36779714433809635,,True
Jorge Cruzalegui,ADT de Tarma,entidad,8,media,7,2026-01,2026-09,0.9448554845278269,,True
Jorge Cruzalegui,amistoso internacional,tema,15,alta,7,2026-01,2026-09,0.17489612611176042,,True
Jorge Cruzalegui,Brasileirao,entidad,18,alta,7,2026-01,2026-09,0.2409928281953771,,True
Jorge Cruzalegui,canales transmitirán,tema,12,alta,7,2026-02,2026-09,0.32831628756369197,,True
Jorge Cruzalegui,Cienciano,entidad,39,alta,7,2026-01,2026-09,1.0,,True
Jorge Cruzalegui,cuartos de final,tema,29,alta,7,2026-02,2026-09,1.0,,True
Jorge Cruzalegui,Deportivo Garcilaso,entidad,14,alta,7,2026-02,2026-09,1.0,,True
Jorge Cruzalegui,FC Cajamarca,entidad,13,alta,7,2026-02,2026-09,0.4826501529896339,,True
Jorge Cruzalegui,final de la liga,entidad,17,alta,7,2026-03,2026-09,0.2707224504362829,,True
Jorge Cruzalegui,Joao Grimaldo,entidad,10,alta,7,2026-01,2026-08,0.5652077517448701,,True
Jorge Cruzalegui,liga resultados,entidad,21,alta,7,2026-03,2026-09,0.16989475929506512,,True
Jorge Cruzalegui,posiciones de la fecha,tema,49,alta,7,2026-03,2026-09,0.2874660963354454,,True
Jorge Cruzalegui,resultados y tabla,tema,47,alta,7,2026-03,2026-09,0.2746336692901393,,True
Jorge Cruzalegui,tabla de posiciones,tema,58,alta,7,2026-03,2026-09,0.14859931676964103,,True
Jorge Cruzalegui,Carlos Mannucci,entidad,11,alta,6,2026-02,2026-09,0.48972259798597817,,True
Jorge Cruzalegui,segunda división,entidad,12,alta,6,2026-01,2026-09,1.0,,True
Jorge Cruzalegui,Fase Regional,entidad,22,alta,6,2026-03,2026-08,0.23285184163596084,,True
Jorge Cruzalegui,final de la copa,entidad,11,alta,6,2026-04,2026-09,0.6637106972938723,,True
Jorge Cruzalegui,grupos de la copa,entidad,9,media,6,2026-01,2026-09,0.27825243017270995,,True
Jorge Cruzalegui,Jesús Pretell,entidad,13,alta,6,2026-03,2026-09,0.6607025823358808,,True
Jorge Cruzalegui,LDU de Quito,entidad,13,alta,6,2026-03,2026-09,1.0,,True
Jorge Cruzalegui,triunfo en la liga,entidad,9,media,6,2026-01,2026-09,0.9314459267715727,,True
Jorge Cruzalegui,Unión Minas,entidad,9,media,6,2026-01,2026-09,0.43675962274277724,,True
Jorge Cruzalegui,Atlético Grau,entidad,6,media,5,2026-03,2026-09,0.8152125111656798,,True
Jorge Cruzalegui,Ayacucho FC,entidad,7,media,5,2026-04,2026-09,0.984949595659328,,True
Jorge Cruzalegui,Bentín Tacna,entidad,6,media,5,2026-05,2026-09,0.19182369719199646,,True
Jorge Cruzalegui,Bicolor,entidad,10,alta,5,2026-01,2026-09,1.0,,True
Jorge Cruzalegui,canal transmitirá,tema,9,media,5,2026-02,2026-09,0.5346812021578877,,True
Jorge Cruzalegui,cienciano cuándo,entidad,5,media,5,2026-02,2026-09,0.45496800563886897,,True
Jorge Cruzalegui,cuándo vuelve,entidad,7,media,5,2026-02,2026-09,0.4033001841986395,,True
Jorge Cruzalegui,Deportivo Llacuabamba,entidad,5,media,5,2026-02,2026-09,0.19332740029782938,,True
Jorge Cruzalegui,fase de la liga,entidad,8,media,5,2026-01,2026-09,0.17623705173937398,,True
Jorge Cruzalegui,fecha hora,tema,11,alta,5,2026-01,2026-09,0.3638738413273375,,True
Jorge Cruzalegui,femenina resultados,tema,12,alta,5,2026-05,2026-09,0.45740764685240626,,True
Jorge Cruzalegui,lima vs,entidad,6,media,5,2026-01,2026-09,0.32974894406614563,,True
Jorge Cruzalegui,Matute,entidad,12,alta,5,2026-02,2026-09,0.9377608027315164,,True
Jorge Cruzalegui,México,entidad,10,alta,5,2026-01,2026-09,0.353916114084517,,True
Jorge Cruzalegui,Pirata FC,entidad,6,media,5,2026-05,2026-09,0.2600488838145468,,True
Jorge Cruzalegui,segunda fecha,tema,10,alta,5,2026-05,2026-09,0.4246420872359599,,True
Jorge Cruzalegui,tres fechas,tema,5,media,5,2026-01,2026-09,1.0,,True
Jorge Cruzalegui,vs universitario,entidad,8,media,5,2026-01,2026-09,0.6269682295428856,,True
Jorge Cruzalegui,Academia Cantolao,entidad,6,media,4,2026-05,2026-09,0.19332740029782938,,True
Jorge Cruzalegui,Bélgica,entidad,5,media,4,2026-04,2026-09,0.15638528460357226,,True
Jorge Cruzalegui,cienciano vs,entidad,6,media,4,2026-04,2026-09,1.0,,True
Jorge Cruzalegui,Conmebol,entidad,5,media,4,2026-04,2026-09,1.0,,True
Jorge Cruzalegui,dos nuevos,tema,4,media,4,2026-01,2026-09,0.3650061147512864,,True
Jorge Cruzalegui,Ecosem Pasco,entidad,5,media,4,2026-05,2026-09,0.3508076603796406,,True
Jorge Cruzalegui,estadio de matute,entidad,8,media,4,2026-02,2026-09,0.6538613568592537,,True
Jorge Cruzalegui,fechas consecutivas,tema,6,media,4,2026-02,2026-09,1.0,,True
Jorge Cruzalegui,liga así se jugarán,entidad,9,media,4,2026-06,2026-09,0.3432888245695145,,True
Jorge Cruzalegui,radios relatarán,tema,6,media,4,2026-02,2026-09,0.653191741099619,,True
Jorge Cruzalegui,relatarán el partido,tema,5,media,4,2026-02,2026-09,0.5552791784374737,,True
Jorge Cruzalegui,resultados de los partidos,tema,12,alta,4,2026-01,2026-09,1.0,,True
Jorge Cruzalegui,Torneo Clausura,entidad,53,alta,4,2026-06,2026-09,0.7760885478933426,,True
Jorge Cruzalegui,Unión Comercio,entidad,4,media,4,2026-03,2026-09,0.7961625050586053,,True
Jorge Cruzalegui,Boca Juniors,entidad,3,media,3,2026-04,2026-09,1.0,,True
Jorge Cruzalegui,Centro Social Pariacoto,entidad,3,media,3,2026-01,2026-09,0.7908600783580119,,True
Jorge Cruzalegui,cienciano cuándo vuelve,entidad,3,media,3,2026-04,2026-09,0.7295297945406403,,True
Jorge Cruzalegui,Deportivo Lute,entidad,3,media,3,2026-01,2026-09,1.0,,True
Jorge Cruzalegui,dos nuevos refuerzos,tema,3,media,3,2026-01,2026-09,0.7646511564319496,,True
Jorge Cruzalegui,fecha y hora,tema,4,media,3,2026-02,2026-09,0.842871429265892,,True
Jorge Cruzalegui,fecha y rival,tema,3,media,3,2026-01,2026-09,0.27703740842201385,,True
Jorge Cruzalegui,femenina cómo se jugarán,tema,4,media,3,2026-05,2026-08,0.3778970812246352,,True
Jorge Cruzalegui,Héctor Cúper,entidad,4,media,3,2026-05,2026-09,1.0,,True
Jorge Cruzalegui,hora y canal,tema,4,media,3,2026-05,2026-09,1.0,,True
Jorge Cruzalegui,Juan Aurich,entidad,4,media,3,2026-05,2026-09,1.0,,True
Jorge Cruzalegui,marcha la tabla,tema,3,media,3,2026-06,2026-09,0.47555470837478186,,True
Jorge Cruzalegui,presentación oficial,tema,3,media,3,2026-01,2026-09,0.27703740842201385,,True
Jorge Cruzalegui,primera división,entidad,6,media,3,2026-02,2026-09,1.0,,True
Jorge Cruzalegui,radios relatarán el partido,tema,3,media,3,2026-02,2026-09,0.9620380978302306,,True
Jorge Cruzalegui,Santos FC,entidad,3,media,3,2026-04,2026-09,0.2745888996898921,,True
Jorge Cruzalegui,senda del triunfo,tema,4,media,3,2026-04,2026-09,0.3901025980867335,,True
Jorge Cruzalegui,última vez,tema,5,media,3,2026-02,2026-09,0.9208215659309745,,True
Jorge Cruzalegui,universitario fecha,entidad,3,media,3,2026-01,2026-09,1.0,,True
Jorge Cruzalegui,fase de grupos,entidad,28,alta,9,2026-01,2026-09,0.06382304767621019,,False
Jorge Cruzalegui,fecha de la fase,entidad,43,alta,9,2026-01,2026-09,0.07779350354156374,,False
Jorge Cruzalegui,fecha de la liga,entidad,28,alta,9,2026-01,2026-09,0.0756309050321488,,False
Jorge Cruzalegui,Melgar,entidad,16,alta,9,2026-01,2026-09,0.0,,False
Jorge Cruzalegui,Sport Boys,entidad,30,alta,9,2026-01,2026-09,0.0,,False
Jorge Cruzalegui,Fase,entidad,35,alta,8,2026-01,2026-09,0.0925623910062791,,False
Jorge Cruzalegui,liga peruana,entidad,43,alta,8,2026-01,2026-09,0.04845833421896906,,False
Jorge Cruzalegui,partidos de la fecha,tema,23,alta,8,2026-01,2026-08,0.00969278890312237,,False
Jorge Cruzalegui,San Martín,entidad,18,alta,8,2026-02,2026-09,0.021067025510455657,,False
Jorge Cruzalegui,Sporting Cristal,entidad,53,alta,8,2026-01,2026-09,0.0969298313597014,,False
Jorge Cruzalegui,Alianza Universidad,entidad,13,alta,7,2026-01,2026-09,0.051153482110814816,,False
Jorge Cruzalegui,Chankas,entidad,20,alta,7,2026-02,2026-09,0.0066450458549609055,,False
Jorge Cruzalegui,Cusco FC,entidad,23,alta,7,2026-01,2026-09,0.0983745500663016,,False
Jorge Cruzalegui,Erick Noriega,entidad,13,alta,7,2026-01,2026-09,0.0,,False
Jorge Cruzalegui,Gremio,entidad,13,alta,7,2026-01,2026-09,0.0,,False
Jorge Cruzalegui,octavos de final,tema,19,alta,7,2026-01,2026-08,0.0,,False
Jorge Cruzalegui,Torneo Apertura,entidad,69,alta,7,2026-01,2026-07,0.0,,False
Jorge Cruzalegui,André Carrillo,entidad,10,alta,6,2026-01,2026-09,0.0,,False
Jorge Cruzalegui,Argentina,entidad,19,alta,6,2026-01,2026-09,0.02641475092112699,,False
Jorge Cruzalegui,Champions League,entidad,13,alta,6,2026-01,2026-09,0.0,,False
Jorge Cruzalegui,Comerciantes Unidos,entidad,13,alta,6,2026-01,2026-08,0.0,,False
Jorge Cruzalegui,Conference League,entidad,7,media,6,2026-02,2026-08,0.0,,False
Jorge Cruzalegui,Copa de la Liga,entidad,29,alta,6,2026-04,2026-09,0.04498635390353581,,False
Jorge Cruzalegui,copa perú resultados,entidad,30,alta,6,2026-03,2026-08,0.029157388943354585,,False
Jorge Cruzalegui,Corinthians,entidad,8,media,6,2026-01,2026-09,0.0,,False
Jorge Cruzalegui,Deportivo Moquegua,entidad,11,alta,6,2026-01,2026-07,0.0,,False
Jorge Cruzalegui,fecha del torneo apertura,entidad,27,alta,6,2026-01,2026-06,0.0,,False
Jorge Cruzalegui,Felipe Chávez,entidad,12,alta,6,2026-01,2026-09,0.0,,False
Jorge Cruzalegui,Gianluca Lapadula,entidad,8,media,6,2026-02,2026-07,0.0,,False
Jorge Cruzalegui,Hernán Barcos,entidad,10,alta,6,2026-01,2026-07,0.0,,False
Jorge Cruzalegui,Liga Pro de Ecuador,entidad,9,media,6,2026-03,2026-09,0.0,,False
Jorge Cruzalegui,MLS,entidad,10,alta,6,2026-03,2026-09,0.0,,False
Jorge Cruzalegui,Oliver Sonne,entidad,10,alta,6,2026-02,2026-09,0.0,,False
Jorge Cruzalegui,Pedro Gallese,entidad,9,media,6,2026-01,2026-09,0.0,,False
Jorge Cruzalegui,Piero Quispe,entidad,7,media,6,2026-01,2026-08,0.0,,False
Jorge Cruzalegui,Portugal,entidad,8,media,6,2026-02,2026-08,0.0,,False
Jorge Cruzalegui,Renato Tapia,entidad,9,media,6,2026-01,2026-09,0.0,,False
Jorge Cruzalegui,resultados de la fecha,tema,9,media,6,2026-02,2026-08,0.0,,False
Jorge Cruzalegui,Sparta Praga,entidad,9,media,6,2026-01,2026-07,0.0,,False
Jorge Cruzalegui,Sport Huancayo,entidad,13,alta,6,2026-01,2026-09,0.09624848234559862,,False
Jorge Cruzalegui,universitario vs,entidad,11,alta,6,2026-02,2026-08,0.0,,False
Jorge Cruzalegui,victoria en la liga,entidad,7,media,6,2026-03,2026-09,0.0,,False
Jorge Cruzalegui,ADA de Jaén,entidad,11,alta,5,2026-01,2026-07,0.0,,False
Jorge Cruzalegui,Adrián Ugarriza,entidad,10,alta,5,2026-01,2026-08,0.0,,False
Jorge Cruzalegui,André Carrillo Corinthians,entidad,5,media,5,2026-01,2026-08,0.0,,False
Jorge Cruzalegui,Bundesliga,entidad,8,media,5,2026-01,2026-09,0.0,,False
Jorge Cruzalegui,Colombia,entidad,9,media,5,2026-02,2026-07,0.0,,False
Jorge Cruzalegui,Copenhague,entidad,9,media,5,2026-02,2026-09,0.0,,False
Jorge Cruzalegui,Deportivo Cali,entidad,8,media,5,2026-01,2026-08,0.0,,False
Jorge Cruzalegui,empate frente,tema,7,media,5,2026-02,2026-08,0.0,,False
Jorge Cruzalegui,Estudiantil CNI,entidad,5,media,5,2026-01,2026-08,0.0,,False
Jorge Cruzalegui,FC Killas,entidad,8,media,5,2026-03,2026-08,0.0,,False
Jorge Cruzalegui,FIFA,entidad,6,media,5,2026-02,2026-09,0.0,,False
Jorge Cruzalegui,Flamengo FBC,entidad,5,media,5,2026-03,2026-09,0.0,,False
Jorge Cruzalegui,Kiryat Shmona,entidad,11,alta,5,2026-01,2026-08,0.0,,False
Jorge Cruzalegui,liga cómo se jugarán,entidad,11,alta,5,2026-02,2026-09,0.0,,False
Jorge Cruzalegui,Liga de Israel,entidad,6,media,5,2026-01,2026-08,0.0,,False
Jorge Cruzalegui,Marcos López,entidad,9,media,5,2026-02,2026-09,0.0,,False
Jorge Cruzalegui,nueva victoria,tema,6,media,5,2026-03,2026-09,0.0,,False
Jorge Cruzalegui,partido por la fecha,tema,6,media,5,2026-02,2026-09,0.042352037068868746,,False
Jorge Cruzalegui,primera fecha,tema,6,media,5,2026-01,2026-08,0.0,,False
Jorge Cruzalegui,primera victoria,tema,12,alta,5,2026-03,2026-08,0.0,,False
Jorge Cruzalegui,Regatas Lima,entidad,5,media,5,2026-01,2026-09,0.09498326293761718,,False
Jorge Cruzalegui,Sydney FC,entidad,6,media,5,2026-01,2026-05,0.0,,False
Jorge Cruzalegui,UTC de Cajamarca,entidad,12,alta,5,2026-01,2026-07,0.0,,False
Jorge Cruzalegui,AD Tahuishco,entidad,7,media,4,2026-01,2026-07,0.0,,False
Jorge Cruzalegui,Alfonso Barco,entidad,5,media,4,2026-01,2026-05,0.0,,False
Jorge Cruzalegui,Alianza Atlético,entidad,12,alta,4,2026-03,2026-07,0.0,,False
Jorge Cruzalegui,Bentín Tacna Heroica,entidad,9,media,4,2026-01,2026-07,0.0,,False
Jorge Cruzalegui,Botafogo,entidad,6,media,4,2026-01,2026-08,0.0,,False
Jorge Cruzalegui,Brasil,entidad,5,media,4,2026-04,2026-09,0.0633791049408366,,False
Jorge Cruzalegui,César Vallejo,entidad,7,media,4,2026-01,2026-08,0.0,,False
Jorge Cruzalegui,cinco partidos,tema,4,media,4,2026-02,2026-09,0.0,,False
Jorge Cruzalegui,Circolo Sportivo Italiano,entidad,8,media,4,2026-01,2026-05,0.0,,False
Jorge Cruzalegui,cristal cuándo,tema,5,media,4,2026-01,2026-07,0.0,,False
Jorge Cruzalegui,Croacia,entidad,5,media,4,2026-02,2026-07,0.0,,False
Jorge Cruzalegui,Deportivo Municipal,entidad,4,media,4,2026-04,2026-07,0.0,,False
Jorge Cruzalegui,Fase Regional de la Liga,entidad,7,media,4,2026-04,2026-09,0.06567324481840808,,False
Jorge Cruzalegui,fecha de la copa,entidad,6,media,4,2026-03,2026-06,0.0,,False
Jorge Cruzalegui,fechas y horarios,tema,5,media,4,2026-03,2026-08,0.0,,False
Jorge Cruzalegui,Francia,entidad,9,media,4,2026-03,2026-07,0.0,,False
Jorge Cruzalegui,ganar en la liga,entidad,4,media,4,2026-02,2026-09,0.0,,False
Jorge Cruzalegui,grimaldo sparta,tema,4,media,4,2026-02,2026-05,0.0,,False
Jorge Cruzalegui,Grupo,entidad,9,media,4,2026-03,2026-06,0.0,,False
Jorge Cruzalegui,José María Arguedas,entidad,6,media,4,2026-01,2026-06,0.0,,False
Jorge Cruzalegui,Liga Australiana,entidad,6,media,4,2026-02,2026-05,0.0,,False
Jorge Cruzalegui,liga colombiana,entidad,4,media,4,2026-01,2026-09,0.0,,False
Jorge Cruzalegui,Liga de Dinamarca,entidad,6,media,4,2026-02,2026-09,0.0,,False
Jorge Cruzalegui,liguilla final,tema,6,media,4,2026-04,2026-08,0.0,,False
Jorge Cruzalegui,mala racha,tema,4,media,4,2026-04,2026-09,0.0,,False
Jorge Cruzalegui,momento en la liga,entidad,4,media,4,2026-03,2026-07,0.0,,False
Jorge Cruzalegui,Nacional,entidad,7,media,4,2026-02,2026-05,0.0,,False
Jorge Cruzalegui,nacional para la liga,entidad,4,media,4,2026-01,2026-08,0.0,,False
Jorge Cruzalegui,nuevos refuerzos,tema,10,alta,4,2026-01,2026-09,0.05286122183290991,,False
Jorge Cruzalegui,peruana cuándo,tema,5,media,4,2026-03,2026-09,0.0,,False
Jorge Cruzalegui,refuerzos para la liga,entidad,9,media,4,2026-01,2026-09,0.04387633468245281,,False
Jorge Cruzalegui,resta de la liga,entidad,10,alta,4,2026-03,2026-08,0.0,,False
Jorge Cruzalegui,Saravia,entidad,4,media,4,2026-04,2026-09,0.0,,False
Jorge Cruzalegui,segunda victoria,tema,4,media,4,2026-02,2026-09,0.0,,False
Jorge Cruzalegui,Sergio Peña,entidad,6,media,4,2026-01,2026-04,0.0,,False
Jorge Cruzalegui,sonne y joao,tema,4,media,4,2026-02,2026-05,0.0,,False
Jorge Cruzalegui,Spezia,entidad,6,media,4,2026-02,2026-05,0.0,,False
Jorge Cruzalegui,suma dos,tema,6,media,4,2026-01,2026-09,0.01251405672006199,,False
Jorge Cruzalegui,sumar minutos,tema,5,media,4,2026-02,2026-09,0.0,,False
Jorge Cruzalegui,técnico para la liga,entidad,4,media,4,2026-01,2026-05,0.0,,False
Jorge Cruzalegui,temporada de la liga,entidad,7,media,4,2026-02,2026-08,0.0,,False
Jorge Cruzalegui,tercer lugar,tema,6,media,4,2026-02,2026-07,0.0,,False
Jorge Cruzalegui,Uruguay,entidad,5,media,4,2026-01,2026-04,0.0,,False
Jorge Cruzalegui,vs deportivo,tema,5,media,4,2026-02,2026-07,0.0,,False
Jorge Cruzalegui,Wasl,entidad,6,media,4,2026-02,2026-09,0.0,,False
Jorge Cruzalegui,tabla acumulada,tema,4,media,3,2026-07,2026-09,1.0,,False
Jorge Cruzalegui,afrontar la liga,entidad,5,media,3,2026-01,2026-05,0.0,,False
Jorge Cruzalegui,Albirex Niigata,entidad,4,media,3,2026-05,2026-09,0.0,,False
Jorge Cruzalegui,Alfonso Barco Rijeka,entidad,3,media,3,2026-03,2026-08,0.0,,False
Jorge Cruzalegui,amistoso frente,tema,3,media,3,2026-01,2026-06,0.0,,False
Jorge Cruzalegui,apertura de la liga,entidad,4,media,3,2026-05,2026-07,0.0,,False
Jorge Cruzalegui,Atlético Andahuaylas,entidad,5,media,3,2026-05,2026-08,0.0,,False
Jorge Cruzalegui,Bassco Soyer,entidad,3,media,3,2026-02,2026-06,0.0,,False
Jorge Cruzalegui,Bayern Múnich,entidad,5,media,3,2026-01,2026-08,0.0,,False
Jorge Cruzalegui,Bolivia,entidad,5,media,3,2026-01,2026-03,0.0,,False
Jorge Cruzalegui,brinda asistencia,tema,3,media,3,2026-02,2026-08,0.0,,False
Jorge Cruzalegui,buen momento,tema,4,media,3,2026-02,2026-05,0.0,,False
Jorge Cruzalegui,Burnley,entidad,4,media,3,2026-01,2026-09,0.0,,False
Jorge Cruzalegui,Callao,entidad,4,media,3,2026-04,2026-08,0.0,,False
Jorge Cruzalegui,campeonato nacional,entidad,7,media,3,2026-01,2026-03,0.0,,False
Jorge Cruzalegui,Campeonato Paulista,entidad,4,media,3,2026-01,2026-03,0.0,,False
Jorge Cruzalegui,Carlos Zambrano,entidad,3,media,3,2026-01,2026-04,0.0,,False
Jorge Cruzalegui,cima de su grupo,entidad,5,media,3,2026-07,2026-09,1.0,,False
Jorge Cruzalegui,cinco partidos consecutivos,tema,3,media,3,2026-02,2026-09,0.0,,False
Jorge Cruzalegui,clausura de la liga,entidad,10,alta,3,2026-07,2026-09,0.19932029835026188,,False
Jorge Cruzalegui,Colonia,entidad,6,media,3,2026-02,2026-05,0.0,,False
Jorge Cruzalegui,completa de los partidos,tema,4,media,3,2026-03,2026-06,0.0,,False
Jorge Cruzalegui,Copa de Brasil,entidad,4,media,3,2026-05,2026-09,0.0,,False
Jorge Cruzalegui,cristal qué canales,tema,3,media,3,2026-02,2026-05,0.0,,False
Jorge Cruzalegui,cristal vs,tema,4,media,3,2026-01,2026-07,0.0,,False
Jorge Cruzalegui,Cusco,entidad,4,media,3,2026-04,2026-07,0.0,,False
Jorge Cruzalegui,decisión respecto,tema,3,media,3,2026-01,2026-04,0.0,,False
Jorge Cruzalegui,decisión tomada,tema,3,media,3,2026-04,2026-06,0.0,,False
Jorge Cruzalegui,delantero nacional,entidad,3,media,3,2026-01,2026-08,0.0,,False
Jorge Cruzalegui,Deportes Tolima,entidad,6,media,3,2026-02,2026-05,0.0,,False
Jorge Cruzalegui,descenso en la segunda,tema,3,media,3,2026-02,2026-04,0.0,,False
Jorge Cruzalegui,dónde comprar,tema,5,media,3,2026-02,2026-07,0.0,,False
Jorge Cruzalegui,dónde ver el partido,tema,3,media,3,2026-03,2026-07,0.0,,False
Jorge Cruzalegui,dos bajas,tema,3,media,3,2026-05,2026-07,0.0,,False
Jorge Cruzalegui,duelo ante alianza,entidad,3,media,3,2026-03,2026-05,0.0,,False
Jorge Cruzalegui,Erick Noriega Gremio,entidad,3,media,3,2026-04,2026-09,0.0,,False
Jorge Cruzalegui,España,entidad,9,media,3,2026-03,2026-07,0.0,,False
Jorge Cruzalegui,estadio donde,tema,3,media,3,2026-02,2026-05,0.0,,False
Jorge Cruzalegui,experimentado volante,tema,4,media,3,2026-01,2026-07,0.0,,False
Jorge Cruzalegui,Fabio Gruber,entidad,4,media,3,2026-03,2026-09,0.0,,False
Jorge Cruzalegui,fase ida,entidad,3,media,3,2026-02,2026-08,0.0,,False
Jorge Cruzalegui,fbc se impuso,tema,3,media,3,2026-03,2026-09,0.0,,False
Jorge Cruzalegui,fc se impuso,entidad,3,media,3,2026-03,2026-07,0.0,,False
Jorge Cruzalegui,fecha del torneo clausura,entidad,23,alta,3,2026-07,2026-09,1.0,,False
Jorge Cruzalegui,fecha por la fase,entidad,5,media,3,2026-06,2026-08,0.1814774589638261,,False
Jorge Cruzalegui,femenina programación,tema,4,media,3,2026-03,2026-06,0.0,,False
Jorge Cruzalegui,final del certamen,tema,4,media,3,2026-04,2026-08,0.0,,False
Jorge Cruzalegui,final ida,tema,4,media,3,2026-07,2026-09,1.0,,False
Jorge Cruzalegui,Flamengo,entidad,5,media,3,2026-04,2026-08,0.0,,False
Jorge Cruzalegui,elecciones generales,tema,9,media,3,2026-03,2026-06,0.0,,False
Jorge Cruzalegui,Gil Vicente,entidad,3,media,3,2026-02,2026-06,0.0,,False
Jorge Cruzalegui,grupo en la liga,entidad,5,media,3,2026-06,2026-08,0.0,,False
Jorge Cruzalegui,Horacio Melgarejo,entidad,4,media,3,2026-02,2026-07,0.0,,False
Jorge Cruzalegui,horarios confirmados,tema,4,media,3,2026-03,2026-07,0.0,,False
Jorge Cruzalegui,Inglaterra,entidad,10,alta,3,2026-06,2026-09,0.0,,False
Jorge Cruzalegui,Japón,entidad,5,media,3,2026-05,2026-09,0.0,,False
Jorge Cruzalegui,Jean Pierre Rhyner,entidad,3,media,3,2026-02,2026-09,0.0,,False
Jorge Cruzalegui,jugar por la fase,entidad,4,media,3,2026-03,2026-05,0.0,,False
Jorge Cruzalegui,Kazuyoshi Shimabuku,entidad,4,media,3,2026-05,2026-09,0.0,,False
Jorge Cruzalegui,Kenji Cabrera,entidad,5,media,3,2026-03,2026-05,0.0,,False
Jorge Cruzalegui,Lanús,entidad,3,media,3,2026-04,2026-07,0.0,,False
Jorge Cruzalegui,Liga de Croacia,entidad,5,media,3,2026-01,2026-08,0.0,,False
Jorge Cruzalegui,Liga de Naciones Femenina,entidad,8,media,3,2026-04,2026-06,0.0,,False
Jorge Cruzalegui,Liga Distrital de Cajamarca,entidad,5,media,3,2026-02,2026-04,0.0,,False
Jorge Cruzalegui,Liga Unión Minas,entidad,4,media,3,2026-01,2026-08,0.0,,False
Jorge Cruzalegui,liga uruguaya,entidad,3,media,3,2026-04,2026-09,0.0,,False
Jorge Cruzalegui,Lionel Messi,entidad,4,media,3,2026-01,2026-07,0.0,,False
Jorge Cruzalegui,malas noticias,tema,4,media,3,2026-05,2026-07,0.0,,False
Jorge Cruzalegui,Mano Menezes,entidad,7,media,3,2026-03,2026-09,0.08646364138986362,,False
Jorge Cruzalegui,mantiene su invicto,tema,3,media,3,2026-01,2026-08,0.0,,False
Jorge Cruzalegui,Marruecos,entidad,3,media,3,2026-03,2026-07,0.0,,False
Jorge Cruzalegui,Monumental,entidad,5,media,3,2026-01,2026-04,0.0,,False
Jorge Cruzalegui,nueva temporada,tema,5,media,3,2026-02,2026-08,0.0,,False
Jorge Cruzalegui,nuevo destino,tema,3,media,3,2026-03,2026-09,0.0,,False
Jorge Cruzalegui,octavos de la copa,entidad,5,media,3,2026-06,2026-08,0.0,,False
Jorge Cruzalegui,Paraguay,entidad,6,media,3,2026-02,2026-07,0.0,,False
Jorge Cruzalegui,partidos consecutivos,tema,6,media,3,2026-02,2026-09,0.0,,False
Jorge Cruzalegui,playoffs de la copa,entidad,3,media,3,2026-05,2026-07,0.0,,False
Jorge Cruzalegui,presente en la derrota,tema,4,media,3,2026-01,2026-09,0.0,,False
Jorge Cruzalegui,primer gol,tema,4,media,3,2026-01,2026-07,0.0,,False
Jorge Cruzalegui,primer partido,tema,3,media,3,2026-01,2026-09,0.06136698986160006,,False
Jorge Cruzalegui,primer triunfo,tema,4,media,3,2026-04,2026-08,0.0,,False
Jorge Cruzalegui,primera vez,tema,3,media,3,2026-03,2026-07,0.0,,False
Jorge Cruzalegui,programación completa,tema,4,media,3,2026-03,2026-06,0.0,,False
Jorge Cruzalegui,racha adrián,tema,3,media,3,2026-02,2026-08,0.0,,False
Jorge Cruzalegui,renovaciones para la liga,entidad,4,media,3,2026-01,2026-05,0.0,,False
Jorge Cruzalegui,República Checa,entidad,3,media,3,2026-03,2026-09,0.0,,False
Jorge Cruzalegui,resultados en la fecha,tema,6,media,3,2026-03,2026-06,0.0,,False
Jorge Cruzalegui,resultados y tablas,tema,6,media,3,2026-06,2026-09,0.03245742954507978,,False
Jorge Cruzalegui,Rijeka,entidad,4,media,3,2026-02,2026-05,0.0,,False
Jorge Cruzalegui,Rodina Moscú,entidad,6,media,3,2026-03,2026-09,0.0,,False
Jorge Cruzalegui,Sakaryaspor,entidad,4,media,3,2026-02,2026-04,0.0,,False
Jorge Cruzalegui,Santos FC de Nazca,entidad,3,media,3,2026-01,2026-03,0.0,,False
Jorge Cruzalegui,Selección Peruana Femenina,entidad,3,media,3,2026-01,2026-09,0.0,,False
Jorge Cruzalegui,semifinales de la liga,entidad,5,media,3,2026-05,2026-08,0.0,,False
Jorge Cruzalegui,semifinales del torneo,entidad,5,media,3,2026-05,2026-09,0.09909691303655938,,False
Jorge Cruzalegui,Senegal,entidad,7,media,3,2026-03,2026-07,0.0,,False
Jorge Cruzalegui,sigue sumando,tema,4,media,3,2026-02,2026-09,0.0,,False
Jorge Cruzalegui,defensor sporting,entidad,4,media,3,2026-04,2026-08,0.0,,False
Jorge Cruzalegui,tablas de posiciones,tema,6,media,3,2026-06,2026-09,0.03245742954507978,,False
Jorge Cruzalegui,Torneo Clausura de la Liga,entidad,4,media,3,2026-06,2026-08,0.0,,False
Jorge Cruzalegui,transmitirán el partido,tema,3,media,3,2026-02,2026-07,0.0,,False
Jorge Cruzalegui,tres puntos,tema,3,media,3,2026-02,2026-04,0.0,,False
Jorge Cruzalegui,última fecha,entidad,5,media,3,2026-03,2026-06,0.0,,False
Jorge Cruzalegui,club unsaac,tema,3,media,3,2026-05,2026-09,0.0,,False
Jorge Cruzalegui,Vancouver Whitecaps,entidad,4,media,3,2026-03,2026-05,0.0,,False
Jorge Cruzalegui,VAR,entidad,3,media,3,2026-01,2026-05,0.0,,False
Jorge Cruzalegui,Venezuela,entidad,4,media,3,2026-02,2026-08,0.0,,False
Jorge Cruzalegui,victoria de ldu,entidad,3,media,3,2026-05,2026-09,0.0,,False
Jorge Cruzalegui,victoria en el torneo,entidad,4,media,3,2026-03,2026-08,0.0,,False
Jorge Cruzalegui,Vizela,entidad,3,media,3,2026-02,2026-09,0.0,,False
Jorge Cruzalegui,vs alianza,entidad,4,media,3,2026-05,2026-08,0.0,,False
Jorge Cruzalegui,vs sporting,entidad,4,media,3,2026-02,2026-07,0.0,,False
Jorge Cruzalegui,vuelve al triunfo,tema,5,media,3,2026-02,2026-05,0.0,,False
Jorge Cruzalegui,Yordy Reyna,entidad,6,media,3,2026-03,2026-09,0.0,,False
Jorge Cruzalegui,zona de descenso,tema,4,media,3,2026-02,2026-04,0.0,,False
Jorge Cruzalegui,actos racistas,tema,2,baja,2,2026-02,2026-03,0.0,,False
Jorge Cruzalegui,acumulada luego,tema,2,baja,2,2026-07,2026-09,1.0,,False
Jorge Cruzalegui,Adrián Quiroz,entidad,2,baja,2,2026-03,2026-04,0.0,,False
Jorge Cruzalegui,agónico frente,tema,2,baja,2,2026-02,2026-05,0.0,,False
Jorge Cruzalegui,Alan Cantero,entidad,2,baja,2,2026-01,2026-02,0.0,,False
Jorge Cruzalegui,Alejandro Duarte,entidad,2,baja,2,2026-02,2026-09,0.0,,False
Jorge Cruzalegui,Alemania,entidad,2,baja,2,2026-05,2026-08,0.0,,False
Jorge Cruzalegui,Alex Valera,entidad,2,baja,2,2026-03,2026-04,0.0,,False
Jorge Cruzalegui,Alianza Lima Pablo Guede,entidad,2,baja,2,2026-01,2026-02,0.0,,False
Jorge Cruzalegui,Alianza Lima y Universitario,entidad,2,baja,2,2026-02,2026-05,0.0,,False
Jorge Cruzalegui,altas bajas,tema,6,media,2,2026-01,2026-05,0.0,,False
Jorge Cruzalegui,alto de su grupo,entidad,2,baja,2,2026-05,2026-06,0.0,,False
Jorge Cruzalegui,amistosos internacionales,tema,2,baja,2,2026-02,2026-09,1.0,,False
Jorge Cruzalegui,técnico de anba,tema,2,baja,2,2026-01,2026-03,0.0,,False
Jorge Cruzalegui,Antonio Spinelli,entidad,2,baja,2,2026-01,2026-04,0.0,,False
Jorge Cruzalegui,argentino para la liga,entidad,2,baja,2,2026-01,2026-02,0.0,,False
Jorge Cruzalegui,armando su plantel,tema,3,media,2,2026-01,2026-03,0.0,,False
Jorge Cruzalegui,ascenso deportivo,tema,2,baja,2,2026-01,2026-02,0.0,,False
Jorge Cruzalegui,ascenso en portugal,entidad,2,baja,2,2026-03,2026-08,0.0,,False
Jorge Cruzalegui,Atlético Mineiro,entidad,2,baja,2,2026-02,2026-04,0.0,,False
Jorge Cruzalegui,Atlético Torino,entidad,4,media,2,2026-08,2026-09,1.0,,False
Jorge Cruzalegui,avos de final,tema,4,media,2,2026-06,2026-07,0.0,,False
Jorge Cruzalegui,azul bentín,tema,2,baja,2,2026-01,2026-07,0.0,,False
Jorge Cruzalegui,b de la copa,entidad,3,media,2,2026-04,2026-05,0.0,,False
Jorge Cruzalegui,Bad Boys,entidad,2,baja,2,2026-08,2026-09,0.2571583811066609,,False
Jorge Cruzalegui,bajas claves,tema,2,baja,2,2026-07,2026-09,0.0,,False
Jorge Cruzalegui,banda derecha,tema,2,baja,2,2026-01,2026-02,0.0,,False
Jorge Cruzalegui,Barcelona,entidad,2,baja,2,2026-01,2026-05,0.0,,False
Jorge Cruzalegui,Barcelona SC,entidad,2,baja,2,2026-03,2026-04,0.0,,False
Jorge Cruzalegui,boys vs,tema,2,baja,2,2026-05,2026-08,0.0,,False
Jorge Cruzalegui,Bragantino,entidad,2,baja,2,2026-03,2026-07,0.0,,False
Jorge Cruzalegui,cajamarca por la fecha,tema,2,baja,2,2026-02,2026-09,1.0,,False
Jorge Cruzalegui,cambios en la liga,entidad,2,baja,2,2026-01,2026-04,0.0,,False
Jorge Cruzalegui,campeón de la copa,entidad,2,baja,2,2026-01,2026-03,0.0,,False
Jorge Cruzalegui,Campeonato Gaúcho,entidad,4,media,2,2026-02,2026-03,0.0,,False
Jorge Cruzalegui,Campeonato Sudamericano de Vóley,entidad,4,media,2,2026-08,2026-09,1.0,,False
Jorge Cruzalegui,Canadá,entidad,2,baja,2,2026-06,2026-09,0.0,,False
Jorge Cruzalegui,canales del partido,tema,2,baja,2,2026-07,2026-08,0.0,,False
Jorge Cruzalegui,Carlos Zambrano y Miguel Trauco,entidad,3,media,2,2026-03,2026-04,0.0,,False
Jorge Cruzalegui,CD Yanapuma,entidad,2,baja,2,2026-05,2026-06,0.0,,False
Jorge Cruzalegui,celebrar en el torneo,entidad,2,baja,2,2026-03,2026-05,0.0,,False
Jorge Cruzalegui,Centro Social de Pariacoto,entidad,2,baja,2,2026-03,2026-05,0.0,,False
Jorge Cruzalegui,Cerro Porteño,entidad,2,baja,2,2026-04,2026-05,0.0,,False
Jorge Cruzalegui,certamen peruano,tema,3,media,2,2026-06,2026-08,0.0,,False
Jorge Cruzalegui,César Inga,entidad,3,media,2,2026-01,2026-04,0.0,,False
Jorge Cruzalegui,Christian Cueva,entidad,2,baja,2,2026-02,2026-07,0.0,,False
Jorge Cruzalegui,cienciano fecha,entidad,2,baja,2,2026-07,2026-08,0.0,,False
Jorge Cruzalegui,cienciano qué radios,entidad,2,baja,2,2026-08,2026-09,1.0,,False
Jorge Cruzalegui,cima de la liga,entidad,3,media,2,2026-01,2026-05,0.0,,False
Jorge Cruzalegui,cinco nuevos,tema,3,media,2,2026-01,2026-03,0.0,,False
Jorge Cruzalegui,claro y directo,tema,2,baja,2,2026-08,2026-09,0.8507160531147989,,False
Jorge Cruzalegui,clásico frente,tema,2,baja,2,2026-03,2026-04,0.0,,False
Jorge Cruzalegui,clasificación a la conference,tema,2,baja,2,2026-04,2026-05,0.0,,False
Jorge Cruzalegui,clasificados a la etapa,tema,2,baja,2,2026-04,2026-06,0.0,,False
Jorge Cruzalegui,consecutivos sin ganar,tema,3,media,2,2026-02,2026-04,0.0,,False
Jorge Cruzalegui,convocados para el mundial,tema,7,media,2,2026-05,2026-06,0.0,,False
Jorge Cruzalegui,Copa Libertadores Sub,entidad,2,baja,2,2026-01,2026-03,0.0,,False
Jorge Cruzalegui,Coquimbo Unido,entidad,3,media,2,2026-04,2026-05,0.0,,False
Jorge Cruzalegui,corinthians de andré carrillo,entidad,2,baja,2,2026-03,2026-04,0.0,,False
Jorge Cruzalegui,cristal cuándo vuelve,entidad,2,baja,2,2026-02,2026-03,0.0,,False
Jorge Cruzalegui,cristal las radios,tema,2,baja,2,2026-02,2026-03,0.0,,False
Jorge Cruzalegui,cristal vs universitario,entidad,3,media,2,2026-01,2026-07,0.0,,False
Jorge Cruzalegui,Cruzeiro,entidad,2,baja,2,2026-02,2026-08,0.0,,False
Jorge Cruzalegui,cuándo y dónde,tema,2,baja,2,2026-04,2026-08,0.0,,False
Jorge Cruzalegui,cuartos de final ida,tema,3,media,2,2026-08,2026-09,1.0,,False
Jorge Cruzalegui,cuatro fechas,tema,2,baja,2,2026-03,2026-09,0.0,,False
Jorge Cruzalegui,cultural volante,tema,3,media,2,2026-03,2026-09,1.0,,False
Jorge Cruzalegui,cusco fc se impuso,entidad,2,baja,2,2026-03,2026-04,0.0,,False
Jorge Cruzalegui,Cutervo,entidad,2,baja,2,2026-05,2026-08,0.0,,False
Jorge Cruzalegui,debut en la liga,entidad,2,baja,2,2026-01,2026-03,0.0,,False
Jorge Cruzalegui,décima fecha,tema,2,baja,2,2026-05,2026-09,0.7789307184426154,,False
Jorge Cruzalegui,Defensores del Ilucán,entidad,2,baja,2,2026-06,2026-08,0.0,,False
Jorge Cruzalegui,delantero colombiano,tema,2,baja,2,2026-01,2026-02,0.0,,False
Jorge Cruzalegui,departamental de lima,entidad,2,baja,2,2026-07,2026-08,0.0,,False
Jorge Cruzalegui,departamental de puno,entidad,3,media,2,2026-07,2026-08,0.0,,False
Jorge Cruzalegui,deportes se despide,tema,2,baja,2,2026-01,2026-05,0.0,,False
Jorge Cruzalegui,deportes se refuerza,tema,2,baja,2,2026-08,2026-09,1.0,,False
Jorge Cruzalegui,deportes suma,tema,2,baja,2,2026-01,2026-06,0.0,,False
Jorge Cruzalegui,Deportivo Géminis,entidad,3,media,2,2026-01,2026-04,0.0,,False
Jorge Cruzalegui,Deportivo SOAN,entidad,2,baja,2,2026-01,2026-04,0.0,,False
Jorge Cruzalegui,Deportivo Ucrania,entidad,5,media,2,2026-02,2026-07,0.0,,False
Jorge Cruzalegui,derrota consecutiva,tema,2,baja,2,2026-04,2026-09,0.0,,False
Jorge Cruzalegui,derrota de gremio,entidad,2,baja,2,2026-01,2026-03,0.0,,False
Jorge Cruzalegui,derrota de ldu,entidad,2,baja,2,2026-04,2026-07,0.0,,False
Jorge Cruzalegui,derrota de sakaryaspor,entidad,2,baja,2,2026-02,2026-03,0.0,,False
Jorge Cruzalegui,Dianderas,entidad,3,media,2,2026-08,2026-09,0.9306268999850545,,False
Jorge Cruzalegui,Dinamarca,entidad,2,baja,2,2026-03,2026-04,0.0,,False
Jorge Cruzalegui,Dinamo Zagreb,entidad,2,baja,2,2026-02,2026-03,0.0,,False
Jorge Cruzalegui,dio vuelta,tema,2,baja,2,2026-06,2026-07,0.0,,False
Jorge Cruzalegui,dirigir en la liga,entidad,2,baja,2,2026-04,2026-08,0.0,,False
Jorge Cruzalegui,disputar la liga,entidad,2,baja,2,2026-02,2026-04,0.0,,False
Jorge Cruzalegui,segunda división de alemania,entidad,2,baja,2,2026-04,2026-09,0.0,,False
Jorge Cruzalegui,División de Italia,entidad,2,baja,2,2026-04,2026-05,0.0,,False
Jorge Cruzalegui,segunda división de portugal,entidad,3,media,2,2026-08,2026-09,0.0,,False
Jorge Cruzalegui,División de Rusia,entidad,3,media,2,2026-03,2026-09,0.0,,False
Jorge Cruzalegui,División de Turquía,entidad,3,media,2,2026-02,2026-03,0.0,,False
Jorge Cruzalegui,donde recibirá,tema,2,baja,2,2026-04,2026-05,0.0,,False
Jorge Cruzalegui,dos fechas,tema,2,baja,2,2026-04,2026-07,0.0,,False
Jorge Cruzalegui,dos jóvenes,tema,2,baja,2,2026-07,2026-09,1.0,,False
Jorge Cruzalegui,dos nuevas,tema,2,baja,2,2026-01,2026-07,0.0,,False
Jorge Cruzalegui,dos refuerzos,tema,4,media,2,2026-01,2026-07,0.0,,False
Jorge Cruzalegui,duelo ante alianza atlético,entidad,2,baja,2,2026-03,2026-04,0.0,,False
Jorge Cruzalegui,duro tropiezo,tema,2,baja,2,2026-01,2026-07,0.0,,False
Jorge Cruzalegui,Ecuador,entidad,3,media,2,2026-01,2026-07,0.0,,False
Jorge Cruzalegui,Egipto,entidad,3,media,2,2026-06,2026-07,0.0,,False
Jorge Cruzalegui,enfrentar a sport,tema,2,baja,2,2026-02,2026-08,0.0,,False
Jorge Cruzalegui,entradas para el amistoso,tema,2,baja,2,2026-07,2026-09,1.0,,False
Jorge Cruzalegui,Erick Torres,entidad,2,baja,2,2026-01,2026-03,0.0,,False
Jorge Cruzalegui,escapa de la zona,tema,2,baja,2,2026-02,2026-04,0.0,,False
Jorge Cruzalegui,escapa del descenso,tema,2,baja,2,2026-02,2026-04,0.0,,False
Jorge Cruzalegui,Esperance Tunis,entidad,2,baja,2,2026-08,2026-09,0.0,,False
Jorge Cruzalegui,estadio nacional,entidad,2,baja,2,2026-02,2026-03,0.0,,False
Jorge Cruzalegui,Estados Unidos,entidad,5,media,2,2026-03,2026-09,0.6181938415910533,,False
Jorge Cruzalegui,etapa departamental,entidad,3,media,2,2026-06,2026-07,0.0,,False
Jorge Cruzalegui,Etapa Departamental de Arequipa,entidad,2,baja,2,2026-07,2026-08,0.0,,False
Jorge Cruzalegui,Etapa Departamental de Puno,entidad,4,media,2,2026-06,2026-07,0.0,,False
Jorge Cruzalegui,Etapa Nacional,entidad,7,media,2,2026-08,2026-09,1.0,,False
Jorge Cruzalegui,Etapa Nacional de la Copa,entidad,7,media,2,2026-08,2026-09,1.0,,False
Jorge Cruzalegui,exárbitro fifa,entidad,2,baja,2,2026-02,2026-03,0.0,,False
Jorge Cruzalegui,excampeona de alianza,tema,2,baja,2,2026-08,2026-09,0.47086960619928386,,False
Jorge Cruzalegui,experimentado delantero,tema,2,baja,2,2026-01,2026-02,0.0,,False
Jorge Cruzalegui,extremo derecho,tema,2,baja,2,2026-01,2026-02,0.0,,False
Jorge Cruzalegui,fase de la etapa,entidad,2,baja,2,2026-07,2026-09,1.0,,False
Jorge Cruzalegui,FC,entidad,3,media,2,2026-02,2026-03,0.0,,False
Jorge Cruzalegui,fc vs,entidad,2,baja,2,2026-02,2026-04,0.0,,False
Jorge Cruzalegui,fecha de la etapa,tema,7,media,2,2026-06,2026-09,1.0,,False
Jorge Cruzalegui,fecha del grupo,entidad,2,baja,2,2026-03,2026-06,0.0,,False
Jorge Cruzalegui,fechas en el brasileirao,entidad,2,baja,2,2026-04,2026-08,0.0,,False
Jorge Cruzalegui,fechas y horarios confirmados,tema,3,media,2,2026-03,2026-07,0.0,,False
Jorge Cruzalegui,fechas y horas,tema,2,baja,2,2026-02,2026-03,0.0,,False
Jorge Cruzalegui,femenina programación completa,tema,3,media,2,2026-03,2026-04,0.0,,False
Jorge Cruzalegui,ficha a extremo,tema,2,baja,2,2026-02,2026-07,0.0,,False
Jorge Cruzalegui,fichar jugador,tema,2,baja,2,2026-03,2026-08,0.0,,False
Jorge Cruzalegui,figuras para la liga,entidad,2,baja,2,2026-01,2026-06,0.0,,False
Jorge Cruzalegui,figuras para la próxima,tema,2,baja,2,2026-04,2026-05,0.0,,False
Jorge Cruzalegui,final de la etapa,tema,2,baja,2,2026-07,2026-08,0.0,,False
Jorge Cruzalegui,final del mundial,tema,13,alta,2,2026-06,2026-07,0.0,,False
Jorge Cruzalegui,final del torneo,entidad,3,media,2,2026-06,2026-07,0.0,,False
Jorge Cruzalegui,final del torneo apertura,entidad,2,baja,2,2026-06,2026-07,0.0,,False
Jorge Cruzalegui,final vuelta,tema,4,media,2,2026-08,2026-09,1.0,,False
Jorge Cruzalegui,fixture completo,tema,6,media,2,2026-01,2026-05,0.012128140933795726,,False
Jorge Cruzalegui,FK Auda,entidad,2,baja,2,2026-05,2026-08,0.0,,False
Jorge Cruzalegui,FPF,entidad,6,media,2,2026-01,2026-04,0.0,,False
Jorge Cruzalegui,frente a adt,tema,2,baja,2,2026-02,2026-07,0.0,,False
Jorge Cruzalegui,frente a alianza,tema,2,baja,2,2026-04,2026-05,0.0,,False
Jorge Cruzalegui,frente a barcelona,entidad,2,baja,2,2026-01,2026-04,0.0,,False
Jorge Cruzalegui,frente a carlos,tema,2,baja,2,2026-03,2026-07,0.0,,False
Jorge Cruzalegui,frente a fc,entidad,2,baja,2,2026-05,2026-09,0.8337516037071616,,False
Jorge Cruzalegui,frente a san,tema,2,baja,2,2026-02,2026-05,0.0,,False
Jorge Cruzalegui,frente a utc,tema,2,baja,2,2026-01,2026-02,0.0,,False
Jorge Cruzalegui,fútbol español,tema,2,baja,2,2026-01,2026-07,0.0,,False
Jorge Cruzalegui,ganar en el brasileirao,entidad,3,media,2,2026-03,2026-04,0.0,,False
Jorge Cruzalegui,ganar en el campeonato,tema,2,baja,2,2026-01,2026-09,1.0,,False
Jorge Cruzalegui,goleada de por medio,tema,2,baja,2,2026-05,2026-08,0.0,,False
Jorge Cruzalegui,goleada incluida,tema,2,baja,2,2026-01,2026-04,0.0,,False
Jorge Cruzalegui,goles a deportivo,tema,2,baja,2,2026-06,2026-08,0.0,,False
Jorge Cruzalegui,gran momento,tema,3,media,2,2026-03,2026-08,0.0,,False
Jorge Cruzalegui,gran temporada,tema,2,baja,2,2026-04,2026-05,0.0,,False
Jorge Cruzalegui,grupo b,entidad,3,media,2,2026-04,2026-05,0.0,,False
Jorge Cruzalegui,grupo g,entidad,2,baja,2,2026-04,2026-06,0.0,,False
Jorge Cruzalegui,heroica suma,tema,2,baja,2,2026-01,2026-02,0.0,,False
Jorge Cruzalegui,Honduras,entidad,3,media,2,2026-03,2026-04,0.0,,False
Jorge Cruzalegui,hora y canales,tema,3,media,2,2026-07,2026-08,0.0,,False
Jorge Cruzalegui,horarios de los partidos,tema,2,baja,2,2026-08,2026-09,1.0,,False
Jorge Cruzalegui,Huamán,entidad,2,baja,2,2026-02,2026-05,0.0,,False
Jorge Cruzalegui,ida de la copa,entidad,2,baja,2,2026-02,2026-09,1.0,,False
Jorge Cruzalegui,ida de los cuartos,tema,2,baja,2,2026-03,2026-04,0.0,,False
Jorge Cruzalegui,ida de los octavos,tema,2,baja,2,2026-02,2026-03,0.0,,False
Jorge Cruzalegui,importante decisión,tema,2,baja,2,2026-02,2026-04,0.0,,False
Jorge Cruzalegui,impuso a carlos,tema,2,baja,2,2026-03,2026-06,0.0,,False
Jorge Cruzalegui,impuso a deportivo,tema,2,baja,2,2026-03,2026-07,0.0,,False
Jorge Cruzalegui,impuso a sport,tema,2,baja,2,2026-04,2026-05,0.0,,False
Jorge Cruzalegui,Inter Toronto,entidad,3,media,2,2026-05,2026-09,0.0,,False
Jorge Cruzalegui,invicto en el torneo,entidad,2,baja,2,2026-08,2026-09,1.0,,False
Jorge Cruzalegui,invicto en la liga,entidad,2,baja,2,2026-02,2026-06,0.0,,False
Jorge Cruzalegui,Irak,entidad,4,media,2,2026-03,2026-06,0.0,,False
Jorge Cruzalegui,Israel,entidad,2,baja,2,2026-04,2026-05,0.0,,False
Jorge Cruzalegui,Italia,entidad,2,baja,2,2026-02,2026-09,1.0,,False
Jorge Cruzalegui,jaén se refuerza,tema,7,media,2,2026-01,2026-02,0.0,,False
Jorge Cruzalegui,Jean Deza,entidad,3,media,2,2026-03,2026-08,0.0,,False
Jorge Cruzalegui,Jean Ferrari,entidad,2,baja,2,2026-01,2026-04,0.0,,False
Jorge Cruzalegui,Jean Pierre Rhyner Vizela,entidad,2,baja,2,2026-08,2026-09,0.0,,False
Jorge Cruzalegui,Jesús Castillo,entidad,2,baja,2,2026-08,2026-09,0.0,,False
Jorge Cruzalegui,Jesús Pretell LDU de Quito,entidad,3,media,2,2026-04,2026-07,0.0,,False
Jorge Cruzalegui,Juan Pablo Goicochea,entidad,3,media,2,2026-04,2026-08,0.0,,False
Jorge Cruzalegui,jugarse la fecha,tema,2,baja,2,2026-07,2026-09,1.0,,False
Jorge Cruzalegui,lapadula vuelve,tema,2,baja,2,2026-02,2026-03,0.0,,False
Jorge Cruzalegui,lateral izquierdo,tema,2,baja,2,2026-01,2026-02,0.0,,False
Jorge Cruzalegui,league resultados,tema,2,baja,2,2026-04,2026-09,0.0,,False
Jorge Cruzalegui,libertadores resultados,tema,4,media,2,2026-03,2026-09,0.9259705707050113,,False
Jorge Cruzalegui,líder del torneo,entidad,2,baja,2,2026-04,2026-08,0.0,,False
Jorge Cruzalegui,Liga ADA de Jaén,entidad,7,media,2,2026-01,2026-02,0.0,,False
Jorge Cruzalegui,liga así marcha,entidad,2,baja,2,2026-07,2026-09,1.0,,False
Jorge Cruzalegui,Liga Bentín Tacna,entidad,2,baja,2,2026-07,2026-08,0.30334805754464844,,False
Jorge Cruzalegui,Liga César Vallejo,entidad,2,baja,2,2026-01,2026-02,0.0,,False
Jorge Cruzalegui,Liga Comerciantes Unidos,entidad,2,baja,2,2026-01,2026-09,0.7307575226233703,,False
Jorge Cruzalegui,Liga de República Checa,entidad,3,media,2,2026-04,2026-07,0.0,,False
Jorge Cruzalegui,liga departamental,entidad,5,media,2,2026-07,2026-08,0.0,,False
Jorge Cruzalegui,Liga Departamental de Cajamarca,entidad,3,media,2,2026-07,2026-08,0.0,,False
Jorge Cruzalegui,liga departamental de puno,entidad,2,baja,2,2026-07,2026-08,0.0,,False
Jorge Cruzalegui,Liga Distrital de Huancayo,entidad,4,media,2,2026-03,2026-04,0.0,,False
Jorge Cruzalegui,Liga Distrital de Juliaca,entidad,2,baja,2,2026-03,2026-04,0.0,,False
Jorge Cruzalegui,Liga Distrital de Puno,entidad,2,baja,2,2026-03,2026-04,0.0,,False
Jorge Cruzalegui,Liga PRO,entidad,2,baja,2,2026-04,2026-09,1.0,,False
Jorge Cruzalegui,Liga Provincial de Arequipa,entidad,3,media,2,2026-05,2026-06,0.0,,False
Jorge Cruzalegui,Liga Provincial de Chiclayo,entidad,3,media,2,2026-05,2026-06,0.0,,False
Jorge Cruzalegui,liga qué canal,entidad,2,baja,2,2026-05,2026-06,0.0,,False
Jorge Cruzalegui,lima de la copa,entidad,2,baja,2,2026-07,2026-08,0.0,,False
Jorge Cruzalegui,lima fecha,entidad,2,baja,2,2026-01,2026-08,0.0,,False
Jorge Cruzalegui,lima para enfrentar,entidad,2,baja,2,2026-02,2026-03,0.0,,False
Jorge Cruzalegui,lima qué canal,entidad,2,baja,2,2026-02,2026-09,0.37515259755823505,,False
Jorge Cruzalegui,lima se pronuncia,entidad,2,baja,2,2026-01,2026-04,0.0,,False
Jorge Cruzalegui,lima sorprende,entidad,2,baja,2,2026-01,2026-09,0.844141020807417,,False
Jorge Cruzalegui,lima suma,entidad,2,baja,2,2026-01,2026-09,0.07453616785322786,,False
Jorge Cruzalegui,lista de convocados,tema,4,media,2,2026-03,2026-05,0.0,,False
Jorge Cruzalegui,llaves de los cuartos,tema,2,baja,2,2026-06,2026-08,0.0,,False
Jorge Cruzalegui,local frente,tema,2,baja,2,2026-03,2026-04,0.0,,False
Jorge Cruzalegui,luce en la victoria,tema,2,baja,2,2026-02,2026-09,0.0,,False
Jorge Cruzalegui,luego de tres,tema,2,baja,2,2026-05,2026-08,0.0,,False
Jorge Cruzalegui,lugar de la liga,entidad,4,media,2,2026-03,2026-04,0.0,,False
Jorge Cruzalegui,mal arranque,tema,2,baja,2,2026-01,2026-02,0.0,,False
Jorge Cruzalegui,mal momento,tema,2,baja,2,2026-07,2026-09,0.0,,False
Jorge Cruzalegui,marcha la tabla acumulada,tema,2,baja,2,2026-07,2026-09,1.0,,False
Jorge Cruzalegui,Marcos López Copenhague,entidad,2,baja,2,2026-01,2026-08,0.0,,False
Jorge Cruzalegui,máximas figuras,tema,2,baja,2,2026-04,2026-06,0.0,,False
Jorge Cruzalegui,maxloren castro,entidad,2,baja,2,2026-03,2026-04,0.0,,False
Jorge Cruzalegui,mediocampistas para la liga,entidad,2,baja,2,2026-01,2026-07,0.0,,False
Jorge Cruzalegui,melgar vs,entidad,2,baja,2,2026-02,2026-07,0.0,,False
Jorge Cruzalegui,menos unión,tema,2,baja,2,2026-05,2026-08,0.0,,False
Jorge Cruzalegui,miguel trauco,entidad,2,baja,2,2026-03,2026-08,0.0,,False
Jorge Cruzalegui,Monsoon FC,entidad,2,baja,2,2026-02,2026-03,0.0,,False
Jorge Cruzalegui,Nacional FBC,entidad,2,baja,2,2026-06,2026-08,0.0,,False
Jorge Cruzalegui,niigata en la segunda,tema,2,baja,2,2026-05,2026-08,0.0,,False
Jorge Cruzalegui,Noche Blanquiazul Femenina,entidad,2,baja,2,2026-01,2026-02,0.0,,False
Jorge Cruzalegui,Noruega,entidad,3,media,2,2026-05,2026-07,0.0,,False
Jorge Cruzalegui,novedoso torneo,entidad,2,baja,2,2026-05,2026-06,0.0,,False
Jorge Cruzalegui,nueva derrota,tema,3,media,2,2026-02,2026-08,0.0,,False
Jorge Cruzalegui,nueva polémica,tema,2,baja,2,2026-06,2026-08,0.0,,False
Jorge Cruzalegui,nuevo equipo,tema,2,baja,2,2026-05,2026-09,1.0,,False
Jorge Cruzalegui,nuevo gol,tema,3,media,2,2026-02,2026-05,0.0,,False
Jorge Cruzalegui,nuevo refuerzo,tema,2,baja,2,2026-01,2026-03,0.0,,False
Jorge Cruzalegui,nuevo san,tema,2,baja,2,2026-07,2026-09,1.0,,False
Jorge Cruzalegui,nuevo torneo,entidad,2,baja,2,2026-04,2026-05,0.009228121863918992,,False
Jorge Cruzalegui,nuevo triunfo,tema,3,media,2,2026-01,2026-02,0.0,,False
Jorge Cruzalegui,ocho partidos,tema,2,baja,2,2026-04,2026-05,0.0,,False
Jorge Cruzalegui,octava fecha,tema,2,baja,2,2026-08,2026-09,1.0,,False
Jorge Cruzalegui,octavos del mundial,tema,3,media,2,2026-06,2026-07,0.0,,False
Jorge Cruzalegui,oficial para la liga,entidad,2,baja,2,2026-02,2026-09,1.0,,False
Jorge Cruzalegui,ONPE,entidad,7,media,2,2026-04,2026-06,0.0,,False
Jorge Cruzalegui,Pablo Guede,entidad,3,media,2,2026-08,2026-09,0.0,,False
Jorge Cruzalegui,Palmeiras,entidad,2,baja,2,2026-05,2026-09,0.3416019996138401,,False
Jorge Cruzalegui,Paolo Guerrero,entidad,3,media,2,2026-01,2026-03,0.0,,False
Jorge Cruzalegui,partido ante alianza,tema,2,baja,2,2026-02,2026-03,0.0,,False
Jorge Cruzalegui,partido de la fecha,tema,2,baja,2,2026-05,2026-09,0.885945849282998,,False
Jorge Cruzalegui,partido de los octavos,tema,2,baja,2,2026-07,2026-08,0.0,,False
Jorge Cruzalegui,partido por la fase,entidad,2,baja,2,2026-02,2026-03,0.0,,False
Jorge Cruzalegui,partidos de la décima,tema,2,baja,2,2026-05,2026-09,0.7789307184426154,,False
Jorge Cruzalegui,partidos de la fase,entidad,2,baja,2,2026-02,2026-03,0.0,,False
Jorge Cruzalegui,partidos de la octava,tema,2,baja,2,2026-08,2026-09,1.0,,False
Jorge Cruzalegui,partidos de la segunda,tema,3,media,2,2026-07,2026-09,0.0,,False
Jorge Cruzalegui,partidos de las semifinales,tema,2,baja,2,2026-03,2026-09,0.6445236466147638,,False
Jorge Cruzalegui,partidos de los cuartos,tema,2,baja,2,2026-07,2026-09,1.0,,False
Jorge Cruzalegui,partidos del mundial,tema,3,media,2,2026-06,2026-08,0.0,,False
Jorge Cruzalegui,paso firme,tema,2,baja,2,2026-02,2026-07,0.0,,False
Jorge Cruzalegui,Paulo Autuori,entidad,2,baja,2,2026-01,2026-02,0.0,,False
Jorge Cruzalegui,Pedro Gallese Deportivo Cali,entidad,2,baja,2,2026-01,2026-09,0.0,,False
Jorge Cruzalegui,peruana qué radios,tema,3,media,2,2026-06,2026-09,0.12976621193586443,,False
Jorge Cruzalegui,peruana quién,tema,2,baja,2,2026-03,2026-09,0.7668240346729358,,False
Jorge Cruzalegui,plantel para la liga,entidad,5,media,2,2026-01,2026-03,0.0,,False
Jorge Cruzalegui,plantel principal,tema,2,baja,2,2026-01,2026-09,1.0,,False
Jorge Cruzalegui,pone a prueba,tema,2,baja,2,2026-01,2026-02,0.0,,False
Jorge Cruzalegui,pone un pie,tema,2,baja,2,2026-06,2026-09,0.08151327640826674,,False
Jorge Cruzalegui,posible once,tema,2,baja,2,2026-02,2026-09,0.7525345589154347,,False
Jorge Cruzalegui,posiciones del grupo,entidad,6,media,2,2026-04,2026-05,0.0,,False
Jorge Cruzalegui,presente en la nueva,tema,2,baja,2,2026-02,2026-08,0.0,,False
Jorge Cruzalegui,presente en la victoria,tema,3,media,2,2026-08,2026-09,0.0,,False
Jorge Cruzalegui,primer fichaje,tema,2,baja,2,2026-01,2026-02,0.0,,False
Jorge Cruzalegui,primera derrota,tema,2,baja,2,2026-03,2026-08,0.0,,False
Jorge Cruzalegui,primera división de rusia,entidad,2,baja,2,2026-03,2026-09,0.0,,False
Jorge Cruzalegui,primeros amistosos,tema,2,baja,2,2026-01,2026-02,0.0,,False
Jorge Cruzalegui,Progreso,entidad,2,baja,2,2026-08,2026-09,0.0,,False
Jorge Cruzalegui,próxima temporada,tema,2,baja,2,2026-04,2026-05,0.0,,False
Jorge Cruzalegui,Pulpo,entidad,2,baja,2,2026-07,2026-08,0.0,,False
Jorge Cruzalegui,puno y tabla,tema,2,baja,2,2026-03,2026-04,0.0,,False
Jorge Cruzalegui,quedar al margen,tema,3,media,2,2026-02,2026-04,0.0,,False
Jorge Cruzalegui,quinto lugar,tema,2,baja,2,2026-02,2026-03,0.0,,False
Jorge Cruzalegui,quispe titular,tema,2,baja,2,2026-02,2026-03,0.0,,False
Jorge Cruzalegui,quito frente,tema,2,baja,2,2026-04,2026-07,0.0,,False
Jorge Cruzalegui,radios que relatarán,tema,3,media,2,2026-02,2026-03,0.0,,False
Jorge Cruzalegui,Raúl Ruidíaz,entidad,2,baja,2,2026-05,2026-06,0.0,,False
Jorge Cruzalegui,refuerza con delantero,tema,3,media,2,2026-02,2026-08,0.0,,False
Jorge Cruzalegui,refuerza con excampeona,tema,2,baja,2,2026-08,2026-09,0.47086960619928386,,False
Jorge Cruzalegui,refuerza con experimentado,tema,2,baja,2,2026-02,2026-07,0.0,,False
Jorge Cruzalegui,refuerza con volante,tema,2,baja,2,2026-01,2026-03,0.0,,False
Jorge Cruzalegui,refuerza su zona,tema,2,baja,2,2026-01,2026-07,0.0,,False
Jorge Cruzalegui,refuerzo extranjero,tema,3,media,2,2026-01,2026-02,0.0,,False
Jorge Cruzalegui,refuerzos para afrontar,tema,2,baja,2,2026-01,2026-05,0.0,,False
Jorge Cruzalegui,Renato Espinosa,entidad,2,baja,2,2026-03,2026-04,0.0,,False
Jorge Cruzalegui,renueva el plantel,tema,2,baja,2,2026-01,2026-07,0.0,,False
Jorge Cruzalegui,reparten los puntos,tema,2,baja,2,2026-05,2026-08,0.0,,False
Jorge Cruzalegui,resta de puntos,tema,2,baja,2,2026-04,2026-08,0.005709695670853259,,False
Jorge Cruzalegui,resultados de la fase,entidad,3,media,2,2026-07,2026-08,0.0,,False
Jorge Cruzalegui,resultados de los cuartos,tema,4,media,2,2026-08,2026-09,1.0,,False
Jorge Cruzalegui,Roberto Mosquera,entidad,2,baja,2,2026-03,2026-07,0.0,,False
Jorge Cruzalegui,Rusia,entidad,2,baja,2,2026-03,2026-05,0.0,,False
Jorge Cruzalegui,sacan ventaja,tema,2,baja,2,2026-03,2026-04,0.0,,False
Jorge Cruzalegui,salida de alianza,tema,2,baja,2,2026-02,2026-03,0.0,,False
Jorge Cruzalegui,salida del técnico,tema,3,media,2,2026-04,2026-05,0.0,,False
Jorge Cruzalegui,Sánchez,entidad,2,baja,2,2026-06,2026-07,0.0,,False
Jorge Cruzalegui,Santiago Ormeño,entidad,2,baja,2,2026-08,2026-09,0.0,,False
Jorge Cruzalegui,Sebastián Aranda,entidad,2,baja,2,2026-05,2026-08,0.0,,False
Jorge Cruzalegui,Sebastián Gonzales Zela,entidad,3,media,2,2026-05,2026-09,0.0,,False
Jorge Cruzalegui,segunda de japón,entidad,2,baja,2,2026-05,2026-08,0.0,,False
Jorge Cruzalegui,segunda división de turquía,entidad,2,baja,2,2026-02,2026-03,0.0,,False
Jorge Cruzalegui,segunda fecha del torneo,entidad,3,media,2,2026-07,2026-08,0.0,,False
Jorge Cruzalegui,segundo amistoso,tema,3,media,2,2026-03,2026-09,0.0,,False
Jorge Cruzalegui,Selección Peruana Sub,entidad,4,media,2,2026-02,2026-03,0.0,,False
Jorge Cruzalegui,semifinales de la copa,entidad,2,baja,2,2026-01,2026-09,0.0,,False
Jorge Cruzalegui,semifinales ida,tema,2,baja,2,2026-08,2026-09,1.0,,False
Jorge Cruzalegui,serie b,tema,2,baja,2,2026-03,2026-04,0.0,,False
Jorge Cruzalegui,sigue escalando,tema,2,baja,2,2026-04,2026-05,0.0,,False
Jorge Cruzalegui,sigue la preparación,tema,2,baja,2,2026-01,2026-03,0.0,,False
Jorge Cruzalegui,sigue liderando,tema,2,baja,2,2026-03,2026-04,0.0,,False
Jorge Cruzalegui,siguiente ronda,tema,4,media,2,2026-07,2026-09,1.0,,False
Jorge Cruzalegui,sorprende al fichar,tema,2,baja,2,2026-03,2026-09,1.0,,False
Jorge Cruzalegui,sorprende con dos,tema,2,baja,2,2026-01,2026-06,0.0,,False
Jorge Cruzalegui,Sport Áncash,entidad,2,baja,2,2026-06,2026-09,0.5124106649690345,,False
Jorge Cruzalegui,Sporting Cristal Roberto Mosquera,entidad,2,baja,2,2026-06,2026-07,0.0,,False
Jorge Cruzalegui,sudamericana resultados,tema,2,baja,2,2026-03,2026-09,1.0,,False
Jorge Cruzalegui,Suecia,entidad,2,baja,2,2026-05,2026-06,0.0,,False
Jorge Cruzalegui,Suiza,entidad,4,media,2,2026-06,2026-07,0.0,,False
Jorge Cruzalegui,Sullana,entidad,3,media,2,2026-04,2026-05,0.0,,False
Jorge Cruzalegui,suma dos nuevos,tema,2,baja,2,2026-02,2026-09,0.7646511564319496,,False
Jorge Cruzalegui,suma experiencia,tema,2,baja,2,2026-02,2026-06,0.0,,False
Jorge Cruzalegui,suma tres,tema,3,media,2,2026-01,2026-02,0.0,,False
Jorge Cruzalegui,sumando minutos,tema,2,baja,2,2026-02,2026-08,0.0,,False
Jorge Cruzalegui,suplente en la derrota,tema,2,baja,2,2026-01,2026-03,0.0,,False
Jorge Cruzalegui,tablas y resultados,tema,4,media,2,2026-01,2026-03,0.0,,False
Jorge Cruzalegui,Tarde,entidad,3,media,2,2026-01,2026-03,0.0,,False
Jorge Cruzalegui,técnico de sport,tema,3,media,2,2026-03,2026-08,0.0,,False
Jorge Cruzalegui,tercera división,entidad,2,baja,2,2026-02,2026-05,0.0,,False
Jorge Cruzalegui,tercera fecha,tema,2,baja,2,2026-03,2026-06,0.0,,False
Jorge Cruzalegui,tercera victoria,tema,2,baja,2,2026-05,2026-09,1.0,,False
Jorge Cruzalegui,titular corinthians,entidad,2,baja,2,2026-01,2026-02,0.0,,False
Jorge Cruzalegui,titular en la nueva,tema,2,baja,2,2026-03,2026-04,0.0,,False
Jorge Cruzalegui,titular gremio,entidad,2,baja,2,2026-03,2026-08,0.0,,False
Jorge Cruzalegui,título de la liga,entidad,2,baja,2,2026-07,2026-08,0.0,,False
Jorge Cruzalegui,toma la cima,tema,2,baja,2,2026-05,2026-09,1.0,,False
Jorge Cruzalegui,tomado en cuenta,tema,2,baja,2,2026-02,2026-04,0.0,,False
Jorge Cruzalegui,Torneo,entidad,3,media,2,2026-02,2026-06,0.0,,False
Jorge Cruzalegui,Torneo Apertura de la Liga,entidad,5,media,2,2026-04,2026-05,0.0,,False
Jorge Cruzalegui,torneo peruano,entidad,3,media,2,2026-05,2026-06,0.00796311730515292,,False
Jorge Cruzalegui,transmitirá el partido,tema,4,media,2,2026-04,2026-07,0.0,,False
Jorge Cruzalegui,tres fechas consecutivas,tema,2,baja,2,2026-02,2026-09,1.0,,False
Jorge Cruzalegui,tres jugadores,tema,3,media,2,2026-01,2026-02,0.0,,False
Jorge Cruzalegui,tres nuevos,tema,2,baja,2,2026-01,2026-02,0.0,,False
Jorge Cruzalegui,tres partidos,tema,2,baja,2,2026-02,2026-08,0.0,,False
Jorge Cruzalegui,triunfo en el torneo,entidad,2,baja,2,2026-04,2026-09,0.0,,False
Jorge Cruzalegui,triunfo en la fase,entidad,2,baja,2,2026-05,2026-06,0.0,,False
Jorge Cruzalegui,triunfo luego,tema,2,baja,2,2026-04,2026-08,0.0,,False
Jorge Cruzalegui,tropiezo jesús,tema,2,baja,2,2026-07,2026-08,0.0,,False
Jorge Cruzalegui,Trujillo,entidad,2,baja,2,2026-06,2026-08,0.0,,False
Jorge Cruzalegui,segunda de turquía,entidad,2,baja,2,2026-03,2026-04,0.0,,False
Jorge Cruzalegui,Unirea Slobozia,entidad,2,baja,2,2026-03,2026-04,0.0,,False
Jorge Cruzalegui,universidad refuerza,tema,2,baja,2,2026-01,2026-07,0.0,,False
Jorge Cruzalegui,universitario vs alianza,entidad,2,baja,2,2026-06,2026-08,0.0,,False
Jorge Cruzalegui,uno menos,tema,4,media,2,2026-05,2026-08,0.0,,False
Jorge Cruzalegui,unsaac y sigue,tema,2,baja,2,2026-05,2026-08,0.0,,False
Jorge Cruzalegui,uso del var,entidad,2,baja,2,2026-01,2026-02,0.0,,False
Jorge Cruzalegui,victoria de albirex,tema,2,baja,2,2026-08,2026-09,0.0,,False
Jorge Cruzalegui,victoria de deportivo,tema,2,baja,2,2026-02,2026-08,0.0,,False
Jorge Cruzalegui,victoria de kiryat,tema,2,baja,2,2026-04,2026-08,0.0,,False
Jorge Cruzalegui,viscarra integra,tema,2,baja,2,2026-01,2026-03,0.0,,False
Jorge Cruzalegui,vizela en la segunda,entidad,2,baja,2,2026-02,2026-09,0.0,,False
Jorge Cruzalegui,vs cienciano,entidad,3,media,2,2026-02,2026-08,0.0,,False
Jorge Cruzalegui,vs inglaterra,entidad,7,media,2,2026-07,2026-09,0.0,,False
Jorge Cruzalegui,vs universitario de deportes,entidad,2,baja,2,2026-02,2026-05,0.0,,False
Jorge Cruzalegui,vuelta de la copa,entidad,3,media,2,2026-07,2026-08,0.0,,False
Jorge Cruzalegui,vuelta de la fase,entidad,2,baja,2,2026-03,2026-07,0.0,,False
Jorge Cruzalegui,vuelta de los cuartos,tema,2,baja,2,2026-03,2026-04,0.0,,False
Jorge Cruzalegui,Wilder Cartagena,entidad,3,media,2,2026-08,2026-09,0.0,,False
Jorge Cruzalegui,williams riveros,entidad,2,baja,2,2026-01,2026-02,0.0,,False
Jorge Cruzalegui,zona defensiva,tema,3,media,2,2026-01,2026-02,0.0,,False
Jorge Cruzalegui,zona ofensiva,tema,2,baja,2,2026-01,2026-07,0.0,,False
Jorge Cruzalegui,acerca a la cima,tema,2,baja,1,2026-09,2026-09,1.0,,False
Jorge Cruzalegui,AFC Champions League,entidad,2,baja,1,2026-02,2026-02,0.0,,False
Jorge Cruzalegui,alarga su buen,tema,2,baja,1,2026-05,2026-05,0.0,,False
Jorge Cruzalegui,altas y bajas,tema,4,media,1,2026-07,2026-07,0.0,,False
Jorge Cruzalegui,amistosos ante haití,entidad,2,baja,1,2026-05,2026-05,0.0,,False
Jorge Cruzalegui,André Carrillo y Jesús Pretell,entidad,2,baja,1,2026-09,2026-09,1.0,,False
Jorge Cruzalegui,Argelia,entidad,2,baja,1,2026-06,2026-06,0.0,,False
Jorge Cruzalegui,argentina vs,entidad,3,media,1,2026-07,2026-07,0.0,,False
Jorge Cruzalegui,ascenso ada,tema,2,baja,1,2026-01,2026-01,0.0,,False
Jorge Cruzalegui,ascenso bentín,tema,2,baja,1,2026-01,2026-01,0.0,,False
Jorge Cruzalegui,atlético vs,tema,2,baja,1,2026-03,2026-03,0.0,,False
Jorge Cruzalegui,Austria,entidad,3,media,1,2026-06,2026-06,0.0,,False
Jorge Cruzalegui,bajas del plantel,tema,4,media,1,2026-07,2026-07,0.0,,False
Jorge Cruzalegui,bajas renovaciones,tema,4,media,1,2026-01,2026-01,0.0,,False
Jorge Cruzalegui,bajas y renovaciones,tema,2,baja,1,2026-05,2026-05,0.0,,False
Jorge Cruzalegui,Bryan Reyna,entidad,2,baja,1,2026-02,2026-02,0.0,,False
Jorge Cruzalegui,campeón de la liga,entidad,5,media,1,2026-08,2026-08,0.17939554358175636,,False
Jorge Cruzalegui,canal transmitirá el partido,tema,3,media,1,2026-04,2026-04,0.0,,False
Jorge Cruzalegui,canales los transmitirán,tema,2,baja,1,2026-06,2026-06,0.0,,False
Jorge Cruzalegui,Carabobo,entidad,4,media,1,2026-03,2026-03,0.0,,False
Jorge Cruzalegui,central para la liga,entidad,3,media,1,2026-01,2026-01,0.0,,False
Jorge Cruzalegui,Championship,entidad,3,media,1,2026-09,2026-09,0.0,,False
Jorge Cruzalegui,cima del torneo,entidad,2,baja,1,2026-09,2026-09,1.0,,False
Jorge Cruzalegui,cinco fechas,tema,2,baja,1,2026-04,2026-04,0.0,,False
Jorge Cruzalegui,city por los cuartos,tema,2,baja,1,2026-09,2026-09,1.0,,False
Jorge Cruzalegui,clásico de la liga,entidad,2,baja,1,2026-05,2026-05,0.0,,False
Jorge Cruzalegui,clasificado a la etapa,tema,2,baja,1,2026-08,2026-08,0.5709770945833785,,False
Jorge Cruzalegui,clave atlético,tema,2,baja,1,2026-05,2026-05,0.0,,False
Jorge Cruzalegui,continúa armando,tema,2,baja,1,2026-01,2026-01,0.0,,False
Jorge Cruzalegui,Copa Libertadores Femenina,entidad,4,media,1,2026-09,2026-09,1.0,,False
Jorge Cruzalegui,copa perú la región,entidad,3,media,1,2026-08,2026-08,0.2845720511527111,,False
Jorge Cruzalegui,copa perú resultado,entidad,2,baja,1,2026-07,2026-07,0.0,,False
Jorge Cruzalegui,cuadrangular final,tema,2,baja,1,2026-06,2026-06,0.0,,False
Jorge Cruzalegui,cuartos de final vuelta,tema,2,baja,1,2026-09,2026-09,1.0,,False
Jorge Cruzalegui,debut en el mundial,tema,2,baja,1,2026-06,2026-06,0.0,,False
Jorge Cruzalegui,debut en el sudamericano,tema,2,baja,1,2026-04,2026-04,0.0,,False
Jorge Cruzalegui,defensor y un delantero,tema,2,baja,1,2026-01,2026-01,0.0,,False
Jorge Cruzalegui,Deportivo Caysa,entidad,2,baja,1,2026-09,2026-09,1.0,,False
Jorge Cruzalegui,Deportivo Táchira,entidad,3,media,1,2026-02,2026-02,0.0,,False
Jorge Cruzalegui,eliminado del mundial,tema,2,baja,1,2026-07,2026-07,0.0,,False
Jorge Cruzalegui,equipo paraguayo,tema,2,baja,1,2026-02,2026-02,0.0,,False
Jorge Cruzalegui,Estudiantes,entidad,2,baja,1,2026-04,2026-04,0.0,,False
Jorge Cruzalegui,extranjeros para la liga,entidad,2,baja,1,2026-01,2026-01,0.0,,False
Jorge Cruzalegui,Fase de la Copa Libertadores,entidad,8,media,1,2026-02,2026-02,0.0,,False
Jorge Cruzalegui,fase del certamen,entidad,2,baja,1,2026-05,2026-05,0.18197473569383008,,False
Jorge Cruzalegui,fase del torneo,entidad,2,baja,1,2026-03,2026-03,0.0,,False
Jorge Cruzalegui,fase final,entidad,2,baja,1,2026-09,2026-09,1.0,,False
Jorge Cruzalegui,fase preliminar,entidad,3,media,1,2026-03,2026-03,0.0,,False
Jorge Cruzalegui,fase vuelta,entidad,2,baja,1,2026-07,2026-07,0.0,,False
Jorge Cruzalegui,fecha del mundial,tema,3,media,1,2026-06,2026-06,0.0,,False
Jorge Cruzalegui,fecha la tabla,tema,3,media,1,2026-05,2026-05,0.0,,False
Jorge Cruzalegui,fecha y tabla,tema,2,baja,1,2026-06,2026-06,0.0,,False
Jorge Cruzalegui,femenina tablas,tema,2,baja,1,2026-03,2026-03,0.0,,False
Jorge Cruzalegui,femenino de alianza,tema,2,baja,1,2026-02,2026-02,0.0,,False
Jorge Cruzalegui,final de la afc,tema,2,baja,1,2026-02,2026-02,0.0,,False
Jorge Cruzalegui,final del campeonato,tema,2,baja,1,2026-02,2026-02,0.0,,False
Jorge Cruzalegui,francia vs,entidad,4,media,1,2026-07,2026-07,0.0,,False
Jorge Cruzalegui,francia vs españa,entidad,2,baja,1,2026-07,2026-07,0.0,,False
Jorge Cruzalegui,ganar el torneo,entidad,3,media,1,2026-05,2026-05,0.0,,False
Jorge Cruzalegui,generales resultados,tema,5,media,1,2026-06,2026-06,0.0,,False
Jorge Cruzalegui,grupo en la copa,entidad,2,baja,1,2026-05,2026-05,0.0,,False
Jorge Cruzalegui,Haití,entidad,5,media,1,2026-06,2026-06,0.0,,False
Jorge Cruzalegui,Haití y España,entidad,3,media,1,2026-05,2026-05,0.0,,False
Jorge Cruzalegui,historial de enfrentamientos,tema,2,baja,1,2026-09,2026-09,1.0,,False
Jorge Cruzalegui,hora confirmada,tema,2,baja,1,2026-07,2026-07,0.0,,False
Jorge Cruzalegui,hora y rival,tema,2,baja,1,2026-01,2026-01,0.0,,False
Jorge Cruzalegui,horas confirmadas,tema,2,baja,1,2026-03,2026-03,0.0,,False
Jorge Cruzalegui,huancayo no pudo,tema,2,baja,1,2026-04,2026-04,0.0,,False
Jorge Cruzalegui,ida de la liga,entidad,3,media,1,2026-08,2026-08,0.10791354697904763,,False
Jorge Cruzalegui,impuso a circolo,tema,2,baja,1,2026-01,2026-01,0.0,,False
Jorge Cruzalegui,Independiente Medellín,entidad,2,baja,1,2026-04,2026-04,0.0,,False
Jorge Cruzalegui,inglaterra a qué hora,entidad,2,baja,1,2026-07,2026-07,0.0,,False
Jorge Cruzalegui,inglaterra qué canales,entidad,2,baja,1,2026-07,2026-07,0.0,,False
Jorge Cruzalegui,internacional ante españa,entidad,2,baja,1,2026-06,2026-06,0.0,,False
Jorge Cruzalegui,internacional ante haití,entidad,2,baja,1,2026-06,2026-06,0.0,,False
Jorge Cruzalegui,internacional previo,tema,2,baja,1,2026-06,2026-06,0.0,,False
Jorge Cruzalegui,Jairo Vélez,entidad,3,media,1,2026-03,2026-03,0.0,,False
Jorge Cruzalegui,complicado juan,tema,2,baja,1,2026-09,2026-09,1.0,,False
Jorge Cruzalegui,jugar en el torneo,entidad,2,baja,1,2026-04,2026-04,0.0,,False
Jorge Cruzalegui,Juventud Cautivo,entidad,2,baja,1,2026-09,2026-09,1.0,,False
Jorge Cruzalegui,Juventud Huracán,entidad,2,baja,1,2026-02,2026-02,0.0,,False
Jorge Cruzalegui,LDU,entidad,2,baja,1,2026-05,2026-05,0.0,,False
Jorge Cruzalegui,libertadores los rivales,tema,2,baja,1,2026-03,2026-03,0.0,,False
Jorge Cruzalegui,libertadores qué canales,tema,2,baja,1,2026-05,2026-05,0.0,,False
Jorge Cruzalegui,Liga Checa,entidad,2,baja,1,2026-02,2026-02,0.0,,False
Jorge Cruzalegui,Liga Departamental de Lambayeque,entidad,2,baja,1,2026-08,2026-08,0.636701504108624,,False
Jorge Cruzalegui,Liga Departamental de Lima,entidad,3,media,1,2026-08,2026-08,0.08276670209627614,,False
Jorge Cruzalegui,Liga Distrital de Abancay,entidad,2,baja,1,2026-04,2026-04,0.0,,False
Jorge Cruzalegui,Liga Distrital de Arequipa,entidad,3,media,1,2026-03,2026-03,0.0,,False
Jorge Cruzalegui,liga dónde,entidad,2,baja,1,2026-02,2026-02,0.0,,False
Jorge Cruzalegui,liga el fixture,entidad,3,media,1,2026-05,2026-05,0.12684300846990665,,False
Jorge Cruzalegui,liga fixture,entidad,3,media,1,2026-01,2026-01,0.0,,False
Jorge Cruzalegui,Liga MX,entidad,2,baja,1,2026-09,2026-09,1.0,,False
Jorge Cruzalegui,Liga Nacional Juvenil Sub,entidad,2,baja,1,2026-06,2026-06,0.0,,False
Jorge Cruzalegui,Liga Provincial de Cajamarca,entidad,2,baja,1,2026-06,2026-06,0.0,,False
Jorge Cruzalegui,Lima,entidad,2,baja,1,2026-02,2026-02,0.0,,False
Jorge Cruzalegui,lleva tres,tema,2,baja,1,2026-02,2026-02,0.0,,False
Jorge Cruzalegui,lucha por la permanencia,tema,2,baja,1,2026-08,2026-08,0.0,,False
Jorge Cruzalegui,lugar en la copa,entidad,2,baja,1,2026-02,2026-02,0.0,,False
Jorge Cruzalegui,Luis Advíncula,entidad,3,media,1,2026-01,2026-01,0.0,,False
Jorge Cruzalegui,mal en peor,tema,2,baja,1,2026-09,2026-09,0.0,,False
Jorge Cruzalegui,mantiene por la senda,tema,2,baja,1,2026-09,2026-09,1.0,,False
Jorge Cruzalegui,campo mar,tema,2,baja,1,2026-03,2026-03,0.0,,False
Jorge Cruzalegui,martín refuerza,tema,2,baja,1,2026-02,2026-02,0.0,,False
Jorge Cruzalegui,Messi Argentina,entidad,2,baja,1,2026-06,2026-06,0.0,,False
Jorge Cruzalegui,méxico vs,entidad,2,baja,1,2026-07,2026-07,0.0,,False
Jorge Cruzalegui,Miguel Grau,entidad,2,baja,1,2026-09,2026-09,1.0,,False
Jorge Cruzalegui,minutos con inter,tema,2,baja,1,2026-09,2026-09,0.0,,False
Jorge Cruzalegui,Montevideo City,entidad,5,media,1,2026-09,2026-09,1.0,,False
Jorge Cruzalegui,mundial se jugarán,tema,2,baja,1,2026-06,2026-06,0.0,,False
Jorge Cruzalegui,club necaxa,tema,2,baja,1,2026-09,2026-09,1.0,,False
Jorge Cruzalegui,Noche Blanquiazul Vóley,entidad,3,media,1,2026-09,2026-09,1.0,,False
Jorge Cruzalegui,noruega vs,entidad,2,baja,1,2026-07,2026-07,0.0,,False
Jorge Cruzalegui,nuevo plantel,tema,2,baja,1,2026-02,2026-02,0.0,,False
Jorge Cruzalegui,nuevos fichajes,tema,2,baja,1,2026-02,2026-02,0.0,,False
Jorge Cruzalegui,octavos de final vuelta,tema,2,baja,1,2026-08,2026-08,0.0,,False
Jorge Cruzalegui,ofensiva para la liga,entidad,2,baja,1,2026-01,2026-01,0.0,,False
Jorge Cruzalegui,once para enfrentar,tema,2,baja,1,2026-02,2026-02,0.0,,False
Jorge Cruzalegui,Orlando,entidad,2,baja,1,2026-09,2026-09,1.0,,False
Jorge Cruzalegui,Orlando City,entidad,2,baja,1,2026-08,2026-08,0.0,,False
Jorge Cruzalegui,Países Bajos,entidad,2,baja,1,2026-06,2026-06,0.0,,False
Jorge Cruzalegui,Palestino,entidad,2,baja,1,2026-09,2026-09,1.0,,False
Jorge Cruzalegui,partido ante montevideo,tema,2,baja,1,2026-09,2026-09,1.0,,False
Jorge Cruzalegui,partido por la copa,entidad,2,baja,1,2026-04,2026-04,0.0,,False
Jorge Cruzalegui,partido por los octavos,tema,2,baja,1,2026-07,2026-07,0.0,,False
Jorge Cruzalegui,partidos que le restan,tema,3,media,1,2026-04,2026-04,0.0,,False
Jorge Cruzalegui,peruana y su historial,tema,2,baja,1,2026-09,2026-09,1.0,,False
Jorge Cruzalegui,Piero Quispe Sydney FC,entidad,2,baja,1,2026-05,2026-05,0.0,,False
Jorge Cruzalegui,plantel femenino,tema,3,media,1,2026-02,2026-02,0.0,,False
Jorge Cruzalegui,plantel para el torneo,entidad,4,media,1,2026-07,2026-07,0.0,,False
Jorge Cruzalegui,Plata,entidad,2,baja,1,2026-04,2026-04,0.0,,False
Jorge Cruzalegui,portugal vs,entidad,2,baja,1,2026-07,2026-07,0.0,,False
Jorge Cruzalegui,preliminar de la copa,entidad,2,baja,1,2026-03,2026-03,0.0,,False
Jorge Cruzalegui,previo al mundial,tema,3,media,1,2026-06,2026-06,0.0,,False
Jorge Cruzalegui,primera lista,tema,2,baja,1,2026-03,2026-03,0.0,,False
Jorge Cruzalegui,refuerza con dos,tema,2,baja,1,2026-01,2026-01,0.0,,False
Jorge Cruzalegui,regional de la copa,entidad,2,baja,1,2026-06,2026-06,0.0,,False
Jorge Cruzalegui,restan jugar,tema,3,media,1,2026-04,2026-04,0.0,,False
Jorge Cruzalegui,resultados de la onpe,entidad,5,media,1,2026-06,2026-06,0.0,,False
Jorge Cruzalegui,Rijeka de Alfonso Barco,entidad,2,baja,1,2026-02,2026-02,0.0,,False
Jorge Cruzalegui,Rojo Matador Sport Huancayo,entidad,2,baja,1,2026-07,2026-07,0.0,,False
Jorge Cruzalegui,ronda de la liga,entidad,2,baja,1,2026-09,2026-09,1.0,,False
Jorge Cruzalegui,rumores para la liga,entidad,4,media,1,2026-01,2026-01,0.0,,False
Jorge Cruzalegui,nuevo santo,tema,2,baja,1,2026-02,2026-02,0.0,,False
Jorge Cruzalegui,segunda fecha del mundial,tema,2,baja,1,2026-06,2026-06,0.0,,False
Jorge Cruzalegui,segunda vuelta,tema,7,media,1,2026-06,2026-06,0.0,,False
Jorge Cruzalegui,segundo partido,tema,2,baja,1,2026-02,2026-02,0.0,,False
Jorge Cruzalegui,Sekou Gassama,entidad,2,baja,1,2026-05,2026-05,0.0,,False
Jorge Cruzalegui,Selección Peruana Erick Noriega,entidad,2,baja,1,2026-03,2026-03,0.0,,False
Jorge Cruzalegui,semifinal del mundial,tema,2,baja,1,2026-07,2026-07,0.0,,False
Jorge Cruzalegui,semifinales del torneo apertura,entidad,2,baja,1,2026-06,2026-06,0.0,,False
Jorge Cruzalegui,sigue en zona,tema,2,baja,1,2026-03,2026-03,0.0,,False
Jorge Cruzalegui,sigue la racha,tema,2,baja,1,2026-08,2026-08,0.0,,False
Jorge Cruzalegui,sigue sin ganar,tema,2,baja,1,2026-04,2026-04,0.0,,False
Jorge Cruzalegui,sorpresivo once,tema,2,baja,1,2026-02,2026-02,0.0,,False
Jorge Cruzalegui,sub resultados,tema,2,baja,1,2026-06,2026-06,0.0,,False
Jorge Cruzalegui,Sudamericano Sub,entidad,3,media,1,2026-04,2026-04,0.0,,False
Jorge Cruzalegui,suma a experimentado,tema,2,baja,1,2026-01,2026-01,0.0,,False
Jorge Cruzalegui,suma dos refuerzos,tema,2,baja,1,2026-01,2026-01,0.0,,False
Jorge Cruzalegui,técnico de la bicolor,entidad,2,baja,1,2026-01,2026-01,0.0,,False
Jorge Cruzalegui,The Strongest,entidad,2,baja,1,2026-02,2026-02,0.0,,False
Jorge Cruzalegui,titular ldu,entidad,2,baja,1,2026-03,2026-03,0.0,,False
Jorge Cruzalegui,torneo continental,entidad,3,media,1,2026-03,2026-03,0.0,,False
Jorge Cruzalegui,torneo jóvenes,entidad,2,baja,1,2026-02,2026-02,0.0,,False
Jorge Cruzalegui,transmitirán la semifinal,tema,2,baja,1,2026-07,2026-07,0.0,,False
Jorge Cruzalegui,triunfo clave,tema,2,baja,1,2026-05,2026-05,0.0,,False
Jorge Cruzalegui,última fecha del torneo,entidad,2,baja,1,2026-05,2026-05,0.0,,False
Jorge Cruzalegui,universidad suma,tema,3,media,1,2026-01,2026-01,0.0,,False
Jorge Cruzalegui,universidad suma dos,tema,2,baja,1,2026-01,2026-01,0.0,,False
Jorge Cruzalegui,universitario vs cienciano,entidad,2,baja,1,2026-02,2026-02,0.0,,False
Jorge Cruzalegui,vallejo suma,tema,2,baja,1,2026-01,2026-01,0.0,,False
Jorge Cruzalegui,Vancouver Whitecaps de Kenji Cabrera,entidad,2,baja,1,2026-04,2026-04,0.0,,False
Jorge Cruzalegui,victoria en la copa,entidad,2,baja,1,2026-04,2026-04,0.0,,False
Jorge Cruzalegui,victoria y hunde,tema,2,baja,1,2026-03,2026-03,0.0,,False
Jorge Cruzalegui,mundial de vóley,tema,2,baja,1,2026-08,2026-08,0.0,,False
Jorge Cruzalegui,vóley tablas,tema,2,baja,1,2026-01,2026-01,0.0,,False
Jorge Cruzalegui,vs españa,entidad,4,media,1,2026-07,2026-07,0.0,,False
Jorge Cruzalegui,vs utc,tema,2,baja,1,2026-03,2026-03,0.0,,False
Jorge Cruzalegui,vuelta de la liga,entidad,3,media,1,2026-07,2026-07,0.0,,False
Jorge Cruzalegui,vuelve a quedar,tema,2,baja,1,2026-02,2026-02,0.0,,False
Jorge Cruzalegui,zona de ascenso,tema,2,baja,1,2026-03,2026-03,0.0,,False
Robert Luna,fútbol macho,tema,15,alta,6,2026-02,2026-09,0.8173104153515875,,True
Robert Luna,club peruano,tema,7,media,5,2026-02,2026-09,0.18239313028589682,,True
Robert Luna,copa perú los equipos,entidad,7,media,5,2026-02,2026-08,0.27653944101323,,True
Robert Luna,equipos clasificados,tema,8,media,5,2026-04,2026-08,0.18454092010033626,,True
Robert Luna,Chankas de Andahuaylas,entidad,4,media,4,2026-01,2026-09,0.29809060784901315,,True
Robert Luna,clasificados a la etapa,tema,10,alta,4,2026-04,2026-08,0.18454092010033626,,True
Robert Luna,Deportivo Binacional,entidad,8,media,4,2026-02,2026-09,0.11786775706733862,,True
Robert Luna,Etapa Nacional,entidad,22,alta,4,2026-01,2026-09,0.13493420701927142,,True
Robert Luna,imponente estadio,tema,4,media,4,2026-03,2026-09,1.0,,True
Robert Luna,jugar la liga,entidad,4,media,4,2026-02,2026-09,0.6568135428824726,,True
Robert Luna,clasificado a la etapa,tema,5,media,3,2026-04,2026-08,0.11984367129128218,,True
Robert Luna,fútbol profesional,tema,3,media,3,2026-04,2026-09,0.30554209627782114,,True
Robert Luna,Guillermo Viscarra,entidad,3,media,3,2026-03,2026-08,0.21259545636087987,,True
Robert Luna,nuevo torneo,entidad,6,media,3,2026-02,2026-09,0.12018894492294117,,True
Robert Luna,Tradición Copera,entidad,8,media,3,2026-02,2026-09,0.8519119915981805,,True
Robert Luna,Alianza Lima,entidad,100,alta,8,2026-01,2026-08,0.00881598746573653,,False
Robert Luna,Sporting Cristal,entidad,28,alta,8,2026-01,2026-08,0.0,,False
Robert Luna,copa perú resultados,entidad,52,alta,7,2026-02,2026-08,0.0,,False
Robert Luna,estadio peruano,tema,19,alta,7,2026-03,2026-09,0.0292345208709641,,False
Robert Luna,Melgar,entidad,13,alta,7,2026-02,2026-08,0.0,,False
Robert Luna,Sport Boys,entidad,11,alta,7,2026-02,2026-08,0.0,,False
Robert Luna,tabla de posiciones,tema,35,alta,7,2026-01,2026-07,0.0,,False
Robert Luna,Universitario de Deportes,entidad,35,alta,7,2026-01,2026-07,0.0,,False
Robert Luna,Cienciano,entidad,9,media,6,2026-01,2026-07,0.0,,False
Robert Luna,fecha de la liga,entidad,57,alta,6,2026-02,2026-07,0.0,,False
Robert Luna,final de la liga,entidad,17,alta,6,2026-03,2026-08,0.06991367453758363,,False
Robert Luna,nuevo equipo,tema,9,media,6,2026-01,2026-08,0.0,,False
Robert Luna,resultados en la fecha,tema,58,alta,6,2026-02,2026-07,0.0,,False
Robert Luna,ADT de Tarma,entidad,9,media,5,2026-01,2026-08,0.0,,False
Robert Luna,Atlético Torino de Talara,entidad,5,media,5,2026-03,2026-07,0.0,,False
Robert Luna,cuartos de final,tema,11,alta,5,2026-03,2026-08,0.03975783187899708,,False
Robert Luna,Deportivo Municipal,entidad,10,alta,5,2026-03,2026-07,0.0,,False
Robert Luna,estadio donde,tema,6,media,5,2026-02,2026-08,0.0,,False
Robert Luna,FC Cajamarca,entidad,10,alta,5,2026-01,2026-07,0.0,,False
Robert Luna,fecha del torneo,entidad,6,media,5,2026-02,2026-07,0.07470014860330661,,False
Robert Luna,histórico estadio,tema,6,media,5,2026-05,2026-09,0.08359046031958238,,False
Robert Luna,Ignacio Buse,entidad,8,media,5,2026-03,2026-07,0.0,,False
Robert Luna,Juan Pablo II,entidad,7,media,5,2026-02,2026-08,0.0,,False
Robert Luna,Liga Femenina,entidad,20,alta,5,2026-02,2026-06,0.03604261752113296,,False
Robert Luna,Lima,entidad,7,media,5,2026-01,2026-09,0.0035991861784238476,,False
Robert Luna,nuevo entrenador,tema,7,media,5,2026-01,2026-09,0.0,,False
Robert Luna,nuevo estadio,tema,12,alta,5,2026-02,2026-08,0.02978628864272248,,False
Robert Luna,Pablo Guede,entidad,17,alta,5,2026-02,2026-07,0.0,,False
Robert Luna,Selección Peruana,entidad,18,alta,5,2026-02,2026-07,0.0,,False
Robert Luna,Torneo Apertura,entidad,28,alta,5,2026-01,2026-05,0.0,,False
Robert Luna,Torneo Clausura,entidad,31,alta,5,2026-05,2026-09,0.04041387134954761,,False
Robert Luna,Unión Minas,entidad,7,media,5,2026-03,2026-08,0.03755852080402317,,False
Robert Luna,Alemania,entidad,4,media,4,2026-02,2026-06,0.0,,False
Robert Luna,altas bajas,tema,10,alta,4,2026-01,2026-07,0.0,,False
Robert Luna,años fuera,tema,4,media,4,2026-03,2026-08,0.0,,False
Robert Luna,Arequipa,entidad,4,media,4,2026-04,2026-07,0.0,,False
Robert Luna,Atlético Torino,entidad,7,media,4,2026-04,2026-08,0.0,,False
Robert Luna,campeón de la liga,entidad,6,media,4,2026-02,2026-08,0.0,,False
Robert Luna,Copa Libertadores,entidad,30,alta,4,2026-02,2026-05,0.007120022064910708,,False
Robert Luna,copa perú los resultados,entidad,13,alta,4,2026-02,2026-06,0.0,,False
Robert Luna,dejar alianza,tema,4,media,4,2026-01,2026-08,0.05674272605596569,,False
Robert Luna,departamental de lima,entidad,18,alta,4,2026-05,2026-08,0.0,,False
Robert Luna,Deportivo Moquegua,entidad,5,media,4,2026-01,2026-05,0.0,,False
Robert Luna,División,entidad,5,media,4,2026-02,2026-09,0.06464200138147859,,False
Robert Luna,emblemático estadio,tema,6,media,4,2026-03,2026-08,0.0,,False
Robert Luna,equipo de la liga,entidad,5,media,4,2026-01,2026-08,0.0,,False
Robert Luna,fecha de inicio,tema,5,media,4,2026-01,2026-05,0.008713212283329693,,False
Robert Luna,fútbol peruano,tema,7,media,4,2026-02,2026-07,0.0,,False
Robert Luna,elecciones generales,tema,27,alta,4,2026-02,2026-06,0.0,,False
Robert Luna,inicio de la liga,entidad,6,media,4,2026-03,2026-06,0.0,,False
Robert Luna,inicio del torneo,entidad,4,media,4,2026-01,2026-07,0.0,,False
Robert Luna,Libertad,entidad,8,media,4,2026-05,2026-08,0.0,,False
Robert Luna,Liga Peruana,entidad,5,media,4,2026-02,2026-05,0.0,,False
Robert Luna,liga profesional,entidad,6,media,4,2026-04,2026-08,0.0,,False
Robert Luna,nuevo refuerzo,tema,5,media,4,2026-01,2026-09,0.0,,False
Robert Luna,octavos de final,tema,7,media,4,2026-02,2026-08,0.0,,False
Robert Luna,Paolo Guerrero,entidad,7,media,4,2026-02,2026-06,0.0,,False
Robert Luna,partidos de ida,tema,10,alta,4,2026-04,2026-07,0.0,,False
Robert Luna,partidos de vuelta,tema,7,media,4,2026-05,2026-08,0.0,,False
Robert Luna,peruano que lleva,tema,4,media,4,2026-03,2026-08,0.0,,False
Robert Luna,primer clasificado,tema,4,media,4,2026-04,2026-08,0.0,,False
Robert Luna,primera división,entidad,8,media,4,2026-03,2026-09,0.09751735898531222,,False
Robert Luna,refuerza para la liga,entidad,6,media,4,2026-01,2026-07,0.0,,False
Robert Luna,refuerzos para la liga,entidad,6,media,4,2026-01,2026-07,0.0,,False
Robert Luna,resultados de los partidos,tema,14,alta,4,2026-05,2026-08,0.0,,False
Robert Luna,Sport Áncash,entidad,7,media,4,2026-02,2026-08,0.0,,False
Robert Luna,Torneo,entidad,9,media,4,2026-02,2026-06,0.0,,False
Robert Luna,Torneo Apertura de la Liga,entidad,7,media,4,2026-02,2026-05,0.0,,False
Robert Luna,UTC de Cajamarca,entidad,13,alta,4,2026-01,2026-06,0.0,,False
Robert Luna,abrir sus puertas,tema,3,media,3,2026-04,2026-08,0.0,,False
Robert Luna,Alianza Atlético,entidad,4,media,3,2026-02,2026-07,0.0,,False
Robert Luna,Argentina,entidad,6,media,3,2026-02,2026-07,0.0,,False
Robert Luna,Atlético Grau de Piura,entidad,6,media,3,2026-01,2026-06,0.0,,False
Robert Luna,campeón peruano,tema,3,media,3,2026-02,2026-04,0.0,,False
Robert Luna,cerro de pasco,entidad,3,media,3,2026-03,2026-08,0.0,,False
Robert Luna,Chankas,entidad,3,media,3,2026-03,2026-05,0.0,,False
Robert Luna,clasificados a la fase,entidad,3,media,3,2026-05,2026-07,0.0,,False
Robert Luna,copa perú equipos,entidad,3,media,3,2026-05,2026-08,0.0,,False
Robert Luna,copa perú las llaves,entidad,3,media,3,2026-05,2026-07,0.0,,False
Robert Luna,Copa Sudamericana,entidad,8,media,3,2026-03,2026-05,0.0,,False
Robert Luna,cuadrangular final,tema,3,media,3,2026-06,2026-08,0.0,,False
Robert Luna,Cusco FC,entidad,8,media,3,2026-03,2026-07,0.0,,False
Robert Luna,DATUM,entidad,6,media,3,2026-02,2026-04,0.0,,False
Robert Luna,Deportivo Garcilaso,entidad,4,media,3,2026-01,2026-06,0.0,,False
Robert Luna,Dianderas,entidad,5,media,3,2026-04,2026-08,0.04249728172085672,,False
Robert Luna,dos equipos,tema,4,media,3,2026-04,2026-07,0.0,,False
Robert Luna,Eliminatorias,entidad,4,media,3,2026-02,2026-07,0.0,,False
Robert Luna,emblemático estadio peruano,tema,4,media,3,2026-03,2026-08,0.0,,False
Robert Luna,equipos de la liga,entidad,4,media,3,2026-04,2026-07,0.0,,False
Robert Luna,estadio de la liga,entidad,3,media,3,2026-03,2026-08,0.0,,False
Robert Luna,estadio peruano que lleva,tema,3,media,3,2026-05,2026-08,0.0,,False
Robert Luna,Etapa Departamental,entidad,12,alta,3,2026-05,2026-07,0.0,,False
Robert Luna,Etapa Provincial,entidad,17,alta,3,2026-03,2026-06,0.0,,False
Robert Luna,Fase,entidad,10,alta,3,2026-05,2026-07,0.0,,False
Robert Luna,fase de la liga,entidad,10,alta,3,2026-05,2026-07,0.0,,False
Robert Luna,fecha del torneo apertura,entidad,3,media,3,2026-02,2026-05,0.0,,False
Robert Luna,FIFA,entidad,6,media,3,2026-02,2026-04,0.0,,False
Robert Luna,fuera de la liga,entidad,3,media,3,2026-03,2026-08,0.0,,False
Robert Luna,generales resultados,tema,5,media,3,2026-03,2026-06,0.0,,False
Robert Luna,histórico estadio peruano,tema,4,media,3,2026-05,2026-09,0.08359046031958238,,False
Robert Luna,ida de la fase,entidad,8,media,3,2026-05,2026-07,0.0,,False
Robert Luna,jugar el torneo,entidad,3,media,3,2026-02,2026-04,0.0,,False
Robert Luna,liga clubes,entidad,3,media,3,2026-01,2026-05,0.0,,False
Robert Luna,Liga Departamental,entidad,12,alta,3,2026-06,2026-08,0.0,,False
Robert Luna,Liga Departamental de Áncash,entidad,6,media,3,2026-06,2026-08,0.0,,False
Robert Luna,Liga Departamental de Lambayeque,entidad,3,media,3,2026-06,2026-08,0.0,,False
Robert Luna,Liga Distrital de Arequipa,entidad,5,media,3,2026-02,2026-04,0.0,,False
Robert Luna,Liga Distrital de Piura,entidad,12,alta,3,2026-02,2026-04,0.0,,False
Robert Luna,Liga Distrital de Puno,entidad,6,media,3,2026-02,2026-04,0.0,,False
Robert Luna,Liga Distrital de Trujillo,entidad,8,media,3,2026-02,2026-04,0.0,,False
Robert Luna,Liga Peruana de Vóley,entidad,8,media,3,2026-03,2026-05,0.0,,False
Robert Luna,Liga Provincial de Cañete,entidad,6,media,3,2026-04,2026-06,0.0,,False
Robert Luna,Liga Provincial de Huancayo,entidad,3,media,3,2026-04,2026-06,0.0,,False
Robert Luna,liguilla final,tema,3,media,3,2026-03,2026-06,0.0,,False
Robert Luna,lima tras los resultados,entidad,4,media,3,2026-05,2026-07,0.0,,False
Robert Luna,Mano Menezes,entidad,6,media,3,2026-02,2026-04,0.0,,False
Robert Luna,Matute,entidad,9,media,3,2026-02,2026-04,0.0,,False
Robert Luna,partidos de la liga,entidad,3,media,3,2026-02,2026-08,0.0,,False
Robert Luna,piura y tabla,entidad,8,media,3,2026-03,2026-05,0.0,,False
Robert Luna,pleno torneo,entidad,3,media,3,2026-04,2026-07,0.0,,False
Robert Luna,primer campeón,tema,5,media,3,2026-02,2026-04,0.0,,False
Robert Luna,primer triunfo,tema,4,media,3,2026-02,2026-06,0.0,,False
Robert Luna,primeros refuerzos,tema,3,media,3,2026-02,2026-04,0.0,,False
Robert Luna,provincial de arequipa,entidad,6,media,3,2026-04,2026-06,0.0,,False
Robert Luna,provincial de piura,entidad,10,alta,3,2026-04,2026-06,0.0,,False
Robert Luna,refuerza para el torneo,entidad,5,media,3,2026-02,2026-07,0.0,,False
Robert Luna,refuerzos extranjeros,tema,3,media,3,2026-03,2026-09,0.0,,False
Robert Luna,resta de puntos,tema,3,media,3,2026-05,2026-07,0.0,,False
Robert Luna,River Plate,entidad,3,media,3,2026-01,2026-05,0.0,,False
Robert Luna,San Martín,entidad,3,media,3,2026-04,2026-08,0.0,,False
Robert Luna,Sekou Gassama,entidad,3,media,3,2026-04,2026-06,0.0,,False
Robert Luna,Sudamericano,entidad,3,media,3,2026-02,2026-07,0.0,,False
Robert Luna,tercera división,entidad,6,media,3,2026-04,2026-07,0.08251877998867721,,False
Robert Luna,Torneo Clausura de la Liga,entidad,9,media,3,2026-05,2026-07,0.0,,False
Robert Luna,torneo peruano,entidad,5,media,3,2026-01,2026-05,0.053886215148319656,,False
Robert Luna,Unión Comercio,entidad,3,media,3,2026-02,2026-05,0.0,,False
Robert Luna,Universitario,entidad,6,media,3,2026-02,2026-04,0.0,,False
Robert Luna,VAR,entidad,4,media,3,2026-01,2026-04,0.0,,False
Robert Luna,Venezuela,entidad,4,media,3,2026-02,2026-06,0.0,,False
Robert Luna,vs alianza,entidad,3,media,3,2026-02,2026-07,0.0,,False
Robert Luna,vuelta de la fase,entidad,4,media,3,2026-05,2026-07,0.0,,False
Robert Luna,abrirá sus puertas,tema,2,baja,2,2026-03,2026-08,0.0,,False
Robert Luna,acerca a la etapa,tema,3,media,2,2026-03,2026-07,0.0,,False
Robert Luna,acercan a la etapa,tema,2,baja,2,2026-06,2026-08,0.0,,False
Robert Luna,acumulada de la liga,entidad,2,baja,2,2026-06,2026-07,0.0,,False
Robert Luna,Adrián Quiroz,entidad,2,baja,2,2026-03,2026-05,0.0,,False
Robert Luna,albergar partidos,tema,2,baja,2,2026-02,2026-07,0.0,,False
Robert Luna,Alianza Lima Pablo Guede,entidad,2,baja,2,2026-02,2026-04,0.0,,False
Robert Luna,Álvaro Barco,entidad,3,media,2,2026-01,2026-04,0.0,,False
Robert Luna,américa tv,tema,2,baja,2,2026-04,2026-07,0.0,,False
Robert Luna,Atlético Andahuaylas,entidad,3,media,2,2026-04,2026-05,0.0,,False
Robert Luna,Atlético Grau,entidad,4,media,2,2026-01,2026-06,0.0,,False
Robert Luna,Australia,entidad,2,baja,2,2026-02,2026-06,0.0,,False
Robert Luna,bajas y rumores,tema,3,media,2,2026-06,2026-07,0.0,,False
Robert Luna,Bella Esperanza y Walter Ormeño,entidad,4,media,2,2026-05,2026-06,0.0,,False
Robert Luna,bicampeón del fútbol,tema,2,baja,2,2026-02,2026-05,0.0,,False
Robert Luna,Binacional,entidad,2,baja,2,2026-02,2026-05,0.0,,False
Robert Luna,binacional vuelve,entidad,2,baja,2,2026-02,2026-05,0.0,,False
Robert Luna,Boca Juniors,entidad,4,media,2,2026-01,2026-04,0.0,,False
Robert Luna,Bolivia,entidad,3,media,2,2026-03,2026-06,0.0,,False
Robert Luna,Bosnia,entidad,2,baja,2,2026-03,2026-06,0.0,,False
Robert Luna,Brasil,entidad,2,baja,2,2026-04,2026-06,0.0,,False
Robert Luna,cajamarca se refuerza,tema,2,baja,2,2026-01,2026-03,0.0,,False
Robert Luna,campeón de la copa,entidad,2,baja,2,2026-04,2026-05,0.0,,False
Robert Luna,campeón en la copa,entidad,2,baja,2,2026-04,2026-07,0.0,,False
Robert Luna,campeón nacional,tema,2,baja,2,2026-05,2026-07,0.0,,False
Robert Luna,campo de juego,tema,2,baja,2,2026-03,2026-07,0.0,,False
Robert Luna,canales los transmitirán,tema,12,alta,2,2026-06,2026-07,0.0,,False
Robert Luna,canales que transmitirán,tema,2,baja,2,2026-02,2026-03,0.0,,False
Robert Luna,grandes de cañete,entidad,2,baja,2,2026-03,2026-04,0.0,,False
Robert Luna,Carlos Mannucci de Trujillo,entidad,2,baja,2,2026-01,2026-02,0.0,,False
Robert Luna,Carlos Zambrano,entidad,3,media,2,2026-02,2026-04,0.0,,False
Robert Luna,cerca de la etapa,tema,2,baja,2,2026-07,2026-08,0.0,,False
Robert Luna,Cerro Porteño,entidad,2,baja,2,2026-03,2026-04,0.0,,False
Robert Luna,Christian Cueva,entidad,3,media,2,2026-06,2026-07,0.0,,False
Robert Luna,cinco primeros,tema,2,baja,2,2026-03,2026-07,0.0,,False
Robert Luna,clasificar a la etapa,tema,2,baja,2,2026-04,2026-08,0.0,,False
Robert Luna,clasificarse a la etapa,tema,2,baja,2,2026-04,2026-08,0.0,,False
Robert Luna,clubes peruanos,tema,2,baja,2,2026-02,2026-04,0.0,,False
Robert Luna,Comerciantes Unidos,entidad,2,baja,2,2026-01,2026-05,0.0,,False
Robert Luna,Conar,entidad,2,baja,2,2026-02,2026-07,0.0,,False
Robert Luna,Copa de la Liga,entidad,4,media,2,2026-05,2026-06,0.08378823651380786,,False
Robert Luna,copa perú definidas,entidad,2,baja,2,2026-05,2026-08,0.0,,False
Robert Luna,copa perú dos,entidad,2,baja,2,2026-04,2026-07,0.0,,False
Robert Luna,copa perú el club,entidad,2,baja,2,2026-02,2026-03,0.0,,False
Robert Luna,copa perú el primer,entidad,3,media,2,2026-03,2026-04,0.0,,False
Robert Luna,copa perú equipo,entidad,2,baja,2,2026-03,2026-07,0.0,,False
Robert Luna,copa perú ha,entidad,2,baja,2,2026-03,2026-05,0.0,,False
Robert Luna,copa perú histórico,entidad,2,baja,2,2026-02,2026-06,0.0,,False
Robert Luna,copa perú los grupos,entidad,2,baja,2,2026-04,2026-06,0.0,,False
Robert Luna,copa perú los tres,entidad,2,baja,2,2026-03,2026-06,0.0,,False
Robert Luna,copa perú programación,entidad,4,media,2,2026-07,2026-08,0.0,,False
Robert Luna,corre el riesgo,tema,2,baja,2,2026-02,2026-07,0.0,,False
Robert Luna,cristal sorprende,tema,2,baja,2,2026-05,2026-07,0.0,,False
Robert Luna,cuatro equipos,tema,2,baja,2,2026-05,2026-06,0.0,,False
Robert Luna,cusco y tabla,tema,2,baja,2,2026-03,2026-07,0.0,,False
Robert Luna,Daniel Alcides Carrión,entidad,3,media,2,2026-05,2026-08,0.23571231530718204,,False
Robert Luna,debut en la copa,entidad,2,baja,2,2026-02,2026-07,0.0,,False
Robert Luna,definidas las llaves,tema,2,baja,2,2026-05,2026-08,0.0,,False
Robert Luna,división después,entidad,2,baja,2,2026-03,2026-05,0.0,,False
Robert Luna,dos clubes,tema,2,baja,2,2026-02,2026-04,0.0,,False
Robert Luna,dos nuevos,tema,3,media,2,2026-01,2026-03,0.0,,False
Robert Luna,dos partidos,tema,2,baja,2,2026-03,2026-04,0.0,,False
Robert Luna,dos refuerzos,tema,2,baja,2,2026-01,2026-06,0.0,,False
Robert Luna,dos veces,tema,2,baja,2,2026-05,2026-06,0.0,,False
Robert Luna,duelo por la liga,entidad,2,baja,2,2026-06,2026-07,0.0,,False
Robert Luna,Ecosem Pasco,entidad,2,baja,2,2026-04,2026-07,0.0,,False
Robert Luna,Ecuador,entidad,2,baja,2,2026-03,2026-06,0.0,,False
Robert Luna,encuesta de datum,entidad,4,media,2,2026-02,2026-03,0.0,,False
Robert Luna,entrenador para la liga,entidad,2,baja,2,2026-01,2026-02,0.0,,False
Robert Luna,entrenador que reemplazará,tema,2,baja,2,2026-03,2026-05,0.0,,False
Robert Luna,equipos históricos,tema,3,media,2,2026-04,2026-06,0.0,,False
Robert Luna,equipos participarán,tema,2,baja,2,2026-05,2026-08,0.0,,False
Robert Luna,estadio en la liga,entidad,2,baja,2,2026-04,2026-05,0.0,,False
Robert Luna,Etapa Departamental de la Copa,entidad,2,baja,2,2026-06,2026-07,0.0,,False
Robert Luna,Etapa Nacional de la Copa,entidad,5,media,2,2026-07,2026-08,0.0,,False
Robert Luna,Etapa Nacional del Torneo,entidad,3,media,2,2026-08,2026-09,0.8173104153515875,,False
Robert Luna,Etapa Provincial de la Copa,entidad,3,media,2,2026-05,2026-06,0.0,,False
Robert Luna,ex alianza,tema,3,media,2,2026-01,2026-07,0.0,,False
Robert Luna,expulsados del torneo,entidad,2,baja,2,2026-04,2026-07,0.0,,False
Robert Luna,extranjero para el torneo,entidad,3,media,2,2026-06,2026-07,0.0,,False
Robert Luna,extranjero para la liga,entidad,4,media,2,2026-01,2026-03,0.0,,False
Robert Luna,fase de grupos,entidad,3,media,2,2026-03,2026-06,0.0,,False
Robert Luna,Fase del Interligas de Lima,entidad,5,media,2,2026-05,2026-06,0.0,,False
Robert Luna,FC Killas,entidad,3,media,2,2026-04,2026-05,0.0,,False
Robert Luna,fecha del hexagonal,tema,2,baja,2,2026-03,2026-04,0.0,,False
Robert Luna,fecha y tabla,tema,3,media,2,2026-04,2026-06,0.0,,False
Robert Luna,Federico Girotti,entidad,2,baja,2,2026-01,2026-04,0.0,,False
Robert Luna,Felipe Vizeu,entidad,2,baja,2,2026-04,2026-05,0.0,,False
Robert Luna,fichajes de atlético,tema,2,baja,2,2026-01,2026-06,0.0,,False
Robert Luna,final del mundial,tema,3,media,2,2026-06,2026-08,0.0,,False
Robert Luna,Flamengo,entidad,2,baja,2,2026-04,2026-05,0.0,,False
Robert Luna,Flamengo FBC,entidad,2,baja,2,2026-05,2026-06,0.0,,False
Robert Luna,FPF,entidad,3,media,2,2026-01,2026-07,0.0,,False
Robert Luna,ganar en la liga,entidad,3,media,2,2026-05,2026-07,0.0,,False
Robert Luna,García,entidad,2,baja,2,2026-02,2026-03,0.4131102525341792,,False
Robert Luna,gobierno para las elecciones,tema,2,baja,2,2026-03,2026-04,0.0,,False
Robert Luna,grupo en la liga,entidad,2,baja,2,2026-04,2026-07,0.0,,False
Robert Luna,ha sido,tema,2,baja,2,2026-03,2026-05,0.0,,False
Robert Luna,hexagonal final,tema,3,media,2,2026-03,2026-04,0.0,,False
Robert Luna,hinchas de alianza,tema,2,baja,2,2026-03,2026-04,0.0,,False
Robert Luna,histórico club,tema,2,baja,2,2026-03,2026-09,0.3520758742182454,,False
Robert Luna,Horacio Melgarejo,entidad,2,baja,2,2026-04,2026-07,0.0,,False
Robert Luna,Huancavelica,entidad,2,baja,2,2026-04,2026-08,0.0,,False
Robert Luna,ii se refuerza,tema,2,baja,2,2026-02,2026-06,0.0,,False
Robert Luna,inesperada decisión,tema,2,baja,2,2026-03,2026-04,0.0,,False
Robert Luna,inesperada noticia,tema,2,baja,2,2026-04,2026-08,0.0,,False
Robert Luna,inesperado destino,tema,2,baja,2,2026-05,2026-08,0.2998303424729905,,False
Robert Luna,inicio de la etapa,tema,2,baja,2,2026-04,2026-08,0.0,,False
Robert Luna,inicio del torneo clausura,entidad,2,baja,2,2026-06,2026-07,0.0,,False
Robert Luna,interior del país,tema,2,baja,2,2026-05,2026-07,0.0,,False
Robert Luna,Interligas de Lima,entidad,6,media,2,2026-04,2026-06,0.0,,False
Robert Luna,Ipsos,entidad,3,media,2,2026-03,2026-04,0.0,,False
Robert Luna,Italia,entidad,2,baja,2,2026-03,2026-08,0.0,,False
Robert Luna,Jean Deza,entidad,3,media,2,2026-02,2026-03,0.0,,False
Robert Luna,equipo de jorge,tema,4,media,2,2026-05,2026-07,0.0,,False
Robert Luna,José Gálvez de Chimbote,entidad,3,media,2,2026-03,2026-04,0.0,,False
Robert Luna,Juan Aurich,entidad,2,baja,2,2026-06,2026-07,0.0,,False
Robert Luna,Juan Aurich de Chiclayo,entidad,3,media,2,2026-02,2026-05,0.0,,False
Robert Luna,jugarán la etapa,tema,2,baja,2,2026-04,2026-08,0.0,,False
Robert Luna,Juventud Bellavista,entidad,2,baja,2,2026-05,2026-08,0.0,,False
Robert Luna,León de Huánuco,entidad,4,media,2,2026-02,2026-09,0.0,,False
Robert Luna,líder de su grupo,tema,2,baja,2,2026-04,2026-07,0.0,,False
Robert Luna,liga con futbolista,entidad,2,baja,2,2026-02,2026-06,0.0,,False
Robert Luna,liga cuándo,entidad,2,baja,2,2026-02,2026-03,0.0,,False
Robert Luna,Liga Departamental de Apurímac,entidad,4,media,2,2026-07,2026-08,0.0,,False
Robert Luna,Liga Departamental de Cusco,entidad,10,alta,2,2026-07,2026-08,0.0,,False
Robert Luna,Liga Departamental de Ica,entidad,3,media,2,2026-07,2026-08,0.05055334774100787,,False
Robert Luna,Liga Departamental de Piura,entidad,8,media,2,2026-07,2026-08,0.0,,False
Robert Luna,Liga Departamental de Puno,entidad,2,baja,2,2026-06,2026-08,0.2697317371106812,,False
Robert Luna,Liga Distrital,entidad,2,baja,2,2026-03,2026-04,0.0,,False
Robert Luna,Liga Distrital de Cajamarca,entidad,3,media,2,2026-02,2026-03,0.0,,False
Robert Luna,Liga Distrital de Chiclayo,entidad,7,media,2,2026-02,2026-03,0.0,,False
Robert Luna,Liga Distrital de Huancayo,entidad,3,media,2,2026-02,2026-04,0.0,,False
Robert Luna,Liga Distrital de Juliaca,entidad,5,media,2,2026-02,2026-03,0.0,,False
Robert Luna,liga el estadio,entidad,2,baja,2,2026-01,2026-03,0.0,,False
Robert Luna,liga luego,entidad,2,baja,2,2026-02,2026-03,0.0,,False
Robert Luna,liga provincial,entidad,7,media,2,2026-05,2026-06,0.0,,False
Robert Luna,Liga Provincial de Chiclayo,entidad,3,media,2,2026-05,2026-06,0.0,,False
Robert Luna,liga tras la resta,entidad,2,baja,2,2026-06,2026-07,0.0,,False
Robert Luna,Liga y Copa Libertadores,entidad,2,baja,2,2026-01,2026-04,0.0,,False
Robert Luna,Liga y Copa Sudamericana,entidad,4,media,2,2026-01,2026-03,0.0,,False
Robert Luna,Liga y la Copa Sudamericana,entidad,2,baja,2,2026-01,2026-02,0.0,,False
Robert Luna,lima toma,entidad,2,baja,2,2026-01,2026-03,0.0,,False
Robert Luna,lima vs,entidad,4,media,2,2026-02,2026-07,0.0,,False
Robert Luna,llaves confirmadas,tema,2,baja,2,2026-05,2026-07,0.0,,False
Robert Luna,llaves de la fase,entidad,3,media,2,2026-05,2026-06,0.0,,False
Robert Luna,lleva cerca,tema,2,baja,2,2026-03,2026-05,0.0,,False
Robert Luna,mayor tradición,tema,2,baja,2,2026-02,2026-05,0.0,,False
Robert Luna,mercado de pases,tema,2,baja,2,2026-04,2026-07,0.0,,False
Robert Luna,metros sobre el nivel,tema,2,baja,2,2026-05,2026-08,0.0,,False
Robert Luna,México,entidad,3,media,2,2026-06,2026-07,0.0,,False
Robert Luna,Miguel Mostto,entidad,2,baja,2,2026-02,2026-03,0.0,,False
Robert Luna,mil metros,tema,2,baja,2,2026-05,2026-08,0.0,,False
Robert Luna,modifica el número,tema,2,baja,2,2026-03,2026-04,0.9043815652895913,,False
Robert Luna,monto de dinero,tema,2,baja,2,2026-03,2026-04,0.0,,False
Robert Luna,estadio monumental,tema,3,media,2,2026-03,2026-07,0.0,,False
Robert Luna,mostto a sus años,tema,2,baja,2,2026-02,2026-03,0.0,,False
Robert Luna,mudarse en la liga,entidad,2,baja,2,2026-02,2026-07,0.345923502693315,,False
Robert Luna,mundial de vóley,tema,2,baja,2,2026-03,2026-08,0.0,,False
Robert Luna,mundial se jugarán,tema,12,alta,2,2026-06,2026-07,0.0,,False
Robert Luna,nivel del mar,tema,2,baja,2,2026-05,2026-08,0.0,,False
Robert Luna,nuevo campeón,tema,3,media,2,2026-06,2026-07,0.0,,False
Robert Luna,nuevo delantero,tema,3,media,2,2026-01,2026-05,0.0,,False
Robert Luna,nuevo estadio peruano,tema,5,media,2,2026-05,2026-08,0.0,,False
Robert Luna,nuevo refuerzo extranjero,tema,2,baja,2,2026-01,2026-07,0.0,,False
Robert Luna,nuevo torneo peruano,entidad,3,media,2,2026-02,2026-05,0.33293685113425925,,False
Robert Luna,lleva once,tema,2,baja,2,2026-03,2026-07,0.0,,False
Robert Luna,ONPE,entidad,7,media,2,2026-04,2026-06,0.0,,False
Robert Luna,otro rival,tema,2,baja,2,2026-04,2026-05,0.0,,False
Robert Luna,otros dos,tema,2,baja,2,2026-02,2026-04,0.0,,False
Robert Luna,Paraguay,entidad,3,media,2,2026-02,2026-03,0.0,,False
Robert Luna,participar en tradición,tema,2,baja,2,2026-02,2026-08,1.0,,False
Robert Luna,partido de la copa,entidad,2,baja,2,2026-03,2026-05,0.0,,False
Robert Luna,partidos del mundial,tema,12,alta,2,2026-06,2026-07,0.0,,False
Robert Luna,peruana en las próximas,tema,2,baja,2,2026-02,2026-07,0.0,,False
Robert Luna,Piero Quispe,entidad,2,baja,2,2026-02,2026-06,0.0,,False
Robert Luna,Piura,entidad,2,baja,2,2026-04,2026-06,0.0,,False
Robert Luna,plan de gobierno,tema,3,media,2,2026-03,2026-04,0.0,,False
Robert Luna,pleno torneo apertura,entidad,2,baja,2,2026-04,2026-05,0.0,,False
Robert Luna,poder jugar,tema,2,baja,2,2026-02,2026-05,0.0,,False
Robert Luna,popular club,tema,2,baja,2,2026-03,2026-05,0.0,,False
Robert Luna,posiciones de la liga,entidad,2,baja,2,2026-01,2026-02,0.0,,False
Robert Luna,previo al inicio,tema,2,baja,2,2026-04,2026-07,0.0,,False
Robert Luna,primer partido,tema,3,media,2,2026-02,2026-03,0.0,,False
Robert Luna,primera fase,entidad,3,media,2,2026-04,2026-07,0.0,,False
Robert Luna,primera fecha,tema,2,baja,2,2026-01,2026-04,0.0,,False
Robert Luna,próximas eliminatorias,entidad,2,baja,2,2026-02,2026-07,0.0,,False
Robert Luna,puertas a la primera,tema,2,baja,2,2026-03,2026-05,0.0,,False
Robert Luna,quedar eliminado,tema,2,baja,2,2026-06,2026-08,0.0,,False
Robert Luna,radical decisión,tema,3,media,2,2026-04,2026-05,0.0,,False
Robert Luna,reabrir sus puertas,tema,2,baja,2,2026-05,2026-06,0.0,,False
Robert Luna,reacción cuando,tema,2,baja,2,2026-03,2026-04,0.0,,False
Robert Luna,refuerza con jugador,tema,2,baja,2,2026-06,2026-07,0.0,,False
Robert Luna,refuerzo extranjero,tema,5,media,2,2026-01,2026-07,0.0,,False
Robert Luna,refuerzos para la etapa,tema,2,baja,2,2026-04,2026-08,0.0,,False
Robert Luna,Regatas Lima,entidad,2,baja,2,2026-05,2026-06,0.0,,False
Robert Luna,Renato Espinosa,entidad,2,baja,2,2026-02,2026-06,0.0,,False
Robert Luna,rival mundialista,tema,2,baja,2,2026-04,2026-07,0.0,,False
Robert Luna,Roberto Mosquera,entidad,2,baja,2,2026-01,2026-06,0.0,,False
Robert Luna,rumores para el torneo,entidad,3,media,2,2026-06,2026-07,0.0,,False
Robert Luna,segunda división,entidad,3,media,2,2026-02,2026-03,0.04746911034785239,,False
Robert Luna,segundo refuerzo,tema,3,media,2,2026-06,2026-07,0.0,,False
Robert Luna,segundo triunfo,tema,2,baja,2,2026-02,2026-07,0.0,,False
Robert Luna,siete refuerzos,tema,2,baja,2,2026-05,2026-07,0.0,,False
Robert Luna,sigue soñando,tema,2,baja,2,2026-02,2026-08,0.0,,False
Robert Luna,situación contractual,tema,2,baja,2,2026-02,2026-07,0.0,,False
Robert Luna,situación de pablo,tema,2,baja,2,2026-02,2026-07,0.0,,False
Robert Luna,sorprende con su nuevo,tema,2,baja,2,2026-02,2026-08,0.0,,False
Robert Luna,sorteo del fixture,tema,2,baja,2,2026-02,2026-05,0.0,,False
Robert Luna,Sport Huancayo,entidad,3,media,2,2026-03,2026-05,0.0,,False
Robert Luna,Sportivo,entidad,2,baja,2,2026-02,2026-05,0.0,,False
Robert Luna,Sportivo Huracán,entidad,2,baja,2,2026-03,2026-06,0.0,,False
Robert Luna,suma refuerzos,tema,2,baja,2,2026-08,2026-09,0.0,,False
Robert Luna,tabla acumulada,tema,2,baja,2,2026-06,2026-07,0.0,,False
Robert Luna,tablas de posiciones,tema,6,media,2,2026-03,2026-07,0.0,,False
Robert Luna,tanda de penales,tema,2,baja,2,2026-03,2026-04,0.0,,False
Robert Luna,tendría nuevo,tema,2,baja,2,2026-02,2026-05,0.0,,False
Robert Luna,toma drástica,tema,2,baja,2,2026-01,2026-05,0.0,,False
Robert Luna,toma firme,tema,2,baja,2,2026-02,2026-04,0.0,,False
Robert Luna,torneo de tercera,entidad,3,media,2,2026-05,2026-07,0.1258187445564663,,False
Robert Luna,tradicional club,tema,3,media,2,2026-02,2026-05,0.0,,False
Robert Luna,tres clasificados,tema,3,media,2,2026-04,2026-06,0.0,,False
Robert Luna,tres primeros,tema,2,baja,2,2026-02,2026-03,0.0,,False
Robert Luna,Tribunal Constitucional,entidad,3,media,2,2026-02,2026-05,0.0,,False
Robert Luna,triunfo de clasificarse,tema,2,baja,2,2026-04,2026-08,0.0,,False
Robert Luna,triunfo en la liga,entidad,3,media,2,2026-05,2026-07,0.0,,False
Robert Luna,trujillo y tabla,entidad,3,media,2,2026-03,2026-04,0.0,,False
Robert Luna,UDA de Huancavelica,entidad,2,baja,2,2026-04,2026-06,0.0,,False
Robert Luna,UTC,entidad,2,baja,2,2026-02,2026-03,0.0,,False
Robert Luna,volverá a jugar,tema,2,baja,2,2026-02,2026-03,0.0,,False
Robert Luna,vs alianza lima,entidad,2,baja,2,2026-02,2026-03,0.0,,False
Robert Luna,vuelve a la liga,entidad,2,baja,2,2026-02,2026-05,0.0,,False
Robert Luna,Walter Ormeño y Bella Esperanza,entidad,2,baja,2,2026-04,2026-05,0.0,,False
Robert Luna,afrontar la liga,entidad,2,baja,1,2026-01,2026-01,0.0,,False
Robert Luna,Alianza Atlético de Sullana,entidad,2,baja,1,2026-01,2026-01,0.0,,False
Robert Luna,Atlético Atenea,entidad,2,baja,1,2026-05,2026-05,0.0,,False
Robert Luna,avos de final,tema,2,baja,1,2026-06,2026-06,0.0,,False
Robert Luna,bajas renovaciones,tema,4,media,1,2026-01,2026-01,0.0,,False
Robert Luna,bajas y renovaciones,tema,3,media,1,2026-05,2026-05,0.0,,False
Robert Luna,Bella Esperanza,entidad,2,baja,1,2026-07,2026-07,0.0,,False
Robert Luna,cajamarca suma,tema,3,media,1,2026-01,2026-01,0.0,,False
Robert Luna,cajamarca y tabla,tema,2,baja,1,2026-03,2026-03,0.0,,False
Robert Luna,candidatos participarán,tema,3,media,1,2026-03,2026-03,0.0,,False
Robert Luna,candidatos presidenciales,tema,2,baja,1,2026-03,2026-03,0.0,,False
Robert Luna,chiclayo y tabla,tema,3,media,1,2026-03,2026-03,0.0,,False
Robert Luna,complica en el torneo,entidad,2,baja,1,2026-05,2026-05,0.0,,False
Robert Luna,generales conteo,tema,4,media,1,2026-04,2026-04,0.0,,False
Robert Luna,conteo rápido,tema,2,baja,1,2026-04,2026-04,0.0,,False
Robert Luna,Coquimbo Unido,entidad,2,baja,1,2026-04,2026-04,0.0,,False
Robert Luna,cristal suma,tema,2,baja,1,2026-07,2026-07,0.0,,False
Robert Luna,cruces de los cuartos,tema,2,baja,1,2026-03,2026-03,0.0,,False
Robert Luna,Defensores del Ilucán,entidad,3,media,1,2026-05,2026-05,0.0,,False
Robert Luna,Deportes Tolima,entidad,3,media,1,2026-04,2026-04,0.0,,False
Robert Luna,día del debate,tema,2,baja,1,2026-03,2026-03,0.0,,False
Robert Luna,dos clasificados,tema,2,baja,1,2026-04,2026-04,0.0,,False
Robert Luna,Egipto,entidad,2,baja,1,2026-07,2026-07,0.0,,False
Robert Luna,elecciones presidenciales,tema,7,media,1,2026-04,2026-04,0.0,,False
Robert Luna,eliminación de alianza,tema,2,baja,1,2026-02,2026-02,0.0,,False
Robert Luna,empieza y qué candidatos,tema,3,media,1,2026-03,2026-03,0.0,,False
Robert Luna,encuestas presidenciales,tema,2,baja,1,2026-03,2026-03,0.0,,False
Robert Luna,equipos del interligas,tema,2,baja,1,2026-06,2026-06,0.0,,False
Robert Luna,España,entidad,2,baja,1,2026-07,2026-07,0.0,,False
Robert Luna,estadio daniel,tema,2,baja,1,2026-08,2026-08,0.2658855571589018,,False
Robert Luna,Etapa Provincial del Torneo,entidad,4,media,1,2026-04,2026-04,0.0,,False
Robert Luna,fallo del tribunal,tema,2,baja,1,2026-05,2026-05,0.0,,False
Robert Luna,fecha del torneo clausura,entidad,2,baja,1,2026-07,2026-07,0.0,,False
Robert Luna,fecha horario,tema,2,baja,1,2026-07,2026-07,0.0,,False
Robert Luna,fecha y horario,tema,2,baja,1,2026-05,2026-05,0.0,,False
Robert Luna,fixture del torneo,entidad,2,baja,1,2026-05,2026-05,0.1258187445564663,,False
Robert Luna,Francia,entidad,2,baja,1,2026-06,2026-06,0.0,,False
Robert Luna,generales a qué hora,tema,3,media,1,2026-03,2026-03,0.0,,False
Robert Luna,generales los resultados,tema,2,baja,1,2026-03,2026-03,0.0,,False
Robert Luna,goles en solo,tema,2,baja,1,2026-03,2026-03,0.0,,False
Robert Luna,grupos de la copa,entidad,2,baja,1,2026-03,2026-03,0.0,,False
Robert Luna,haber sido,tema,2,baja,1,2026-03,2026-03,0.0,,False
Robert Luna,Hernán Barcos,entidad,2,baja,1,2026-02,2026-02,0.0,,False
Robert Luna,histórico campeón,tema,2,baja,1,2026-06,2026-06,0.0,,False
Robert Luna,hora empieza,tema,3,media,1,2026-03,2026-03,0.0,,False
Robert Luna,ica y tabla,tema,2,baja,1,2026-03,2026-03,0.0,,False
Robert Luna,ida de la liga,entidad,2,baja,1,2026-08,2026-08,0.0,,False
Robert Luna,ida de los octavos,tema,2,baja,1,2026-07,2026-07,0.0,,False
Robert Luna,incluye temas,tema,2,baja,1,2026-03,2026-03,0.0,,False
Robert Luna,Javier Rabanal,entidad,4,media,1,2026-04,2026-04,0.0,,False
Robert Luna,debate presidencial,tema,3,media,1,2026-03,2026-03,0.0,,False
Robert Luna,Jorge Fossati,entidad,2,baja,1,2026-04,2026-04,0.0,,False
Robert Luna,José Gálvez,entidad,2,baja,1,2026-02,2026-02,0.0,,False
Robert Luna,Juan Reynoso,entidad,3,media,1,2026-03,2026-03,0.0,,False
Robert Luna,jugar en el torneo,entidad,2,baja,1,2026-04,2026-04,0.0,,False
Robert Luna,juliaca y tabla,tema,2,baja,1,2026-03,2026-03,0.0,,False
Robert Luna,Keiko Fujimori y Roberto Sánchez,entidad,3,media,1,2026-06,2026-06,0.0,,False
Robert Luna,libertad y tablas,entidad,2,baja,1,2026-07,2026-07,0.0,,False
Robert Luna,liga del año,entidad,3,media,1,2026-01,2026-01,0.0,,False
Robert Luna,Liga Departamental de Junín,entidad,2,baja,1,2026-06,2026-06,0.0,,False
Robert Luna,Liga Distrital de Chimbote,entidad,2,baja,1,2026-02,2026-02,0.0,,False
Robert Luna,Liga Distrital de Ica,entidad,4,media,1,2026-03,2026-03,0.0,,False
Robert Luna,Liga Nacional de Vóley,entidad,2,baja,1,2026-01,2026-01,0.0,,False
Robert Luna,Liga Nacional Juvenil Sub,entidad,2,baja,1,2026-06,2026-06,0.0,,False
Robert Luna,Liga Provincial de Cajamarca,entidad,2,baja,1,2026-06,2026-06,0.0,,False
Robert Luna,Luis Advíncula,entidad,2,baja,1,2026-01,2026-01,0.0,,False
Robert Luna,vía l,tema,2,baja,1,2026-01,2026-01,0.0,,False
Robert Luna,Miguel Trauco,entidad,2,baja,1,2026-02,2026-02,0.0,,False
Robert Luna,mundial llaves,tema,2,baja,1,2026-07,2026-07,0.0,,False
Robert Luna,nueva goleada,tema,2,baja,1,2026-07,2026-07,0.0,,False
Robert Luna,nuevo once,tema,2,baja,1,2026-02,2026-02,0.0,,False
Robert Luna,nuevos refuerzos,tema,2,baja,1,2026-03,2026-03,0.0,,False
Robert Luna,Octavio Espinosa,entidad,2,baja,1,2026-03,2026-03,0.0,,False
Robert Luna,Paulo Autuori,entidad,3,media,1,2026-02,2026-02,0.0,,False
Robert Luna,Play Off,entidad,2,baja,1,2026-05,2026-05,0.0,,False
Robert Luna,posiciones por la copa,entidad,3,media,1,2026-03,2026-03,0.0,,False
Robert Luna,presidencial entre keiko,tema,3,media,1,2026-06,2026-06,0.0,,False
Robert Luna,programación de los partidos,tema,3,media,1,2026-07,2026-07,0.0,,False
Robert Luna,puertas a la liga,entidad,2,baja,1,2026-06,2026-06,0.0,,False
Robert Luna,Puno,entidad,2,baja,1,2026-04,2026-04,0.0,,False
Robert Luna,puno y tabla,entidad,2,baja,1,2026-03,2026-03,0.0,,False
Robert Luna,querer destruir,tema,2,baja,1,2026-05,2026-05,0.0,,False
Robert Luna,refuerzo de universitario,entidad,2,baja,1,2026-06,2026-06,0.0,,False
Robert Luna,refuerzo para el torneo,entidad,4,media,1,2026-07,2026-07,0.0,,False
Robert Luna,renovaciones para la liga,entidad,3,media,1,2026-05,2026-05,0.0,,False
Robert Luna,resultados de la fecha,tema,2,baja,1,2026-03,2026-03,0.0,,False
Robert Luna,resultados de la onpe,entidad,3,media,1,2026-06,2026-06,0.0,,False
Robert Luna,resultados de las encuestas,tema,2,baja,1,2026-03,2026-03,0.0,,False
Robert Luna,Roland Garros,entidad,2,baja,1,2026-05,2026-05,0.0,,False
Robert Luna,rumores para la liga,entidad,4,media,1,2026-01,2026-01,0.0,,False
Robert Luna,San Lorenzo,entidad,2,baja,1,2026-03,2026-03,0.0,,False
Robert Luna,segunda vuelta,tema,4,media,1,2026-06,2026-06,0.0,,False
Robert Luna,segundo clasificado,tema,2,baja,1,2026-08,2026-08,0.16938080369155178,,False
Robert Luna,semifinales de la liga,entidad,2,baja,1,2026-08,2026-08,0.0,,False
Robert Luna,Sergio Peña,entidad,2,baja,1,2026-02,2026-02,0.0,,False
Robert Luna,sorteo de la copa,entidad,2,baja,1,2026-03,2026-03,0.0,,False
Robert Luna,Sport River,entidad,2,baja,1,2026-08,2026-08,0.0,,False
Robert Luna,sub resultados,tema,2,baja,1,2026-06,2026-06,0.0,,False
Robert Luna,Sudáfrica,entidad,2,baja,1,2026-06,2026-06,0.0,,False
Robert Luna,terremoto en venezuela,entidad,2,baja,1,2026-06,2026-06,0.0,,False
Robert Luna,torneo jóvenes,entidad,2,baja,1,2026-02,2026-02,0.0,,False
Robert Luna,torneo tradición,entidad,2,baja,1,2026-09,2026-09,0.0,,False
Robert Luna,tradicional club peruano,tema,2,baja,1,2026-02,2026-02,0.0,,False
Robert Luna,Trujillo,entidad,2,baja,1,2026-05,2026-05,0.0,,False
Robert Luna,uno de los equipos,tema,2,baja,1,2026-03,2026-03,0.0,,False
Robert Luna,uno de sus jugadores,tema,2,baja,1,2026-06,2026-06,0.0,,False
Robert Luna,utc de cajamarca suma,entidad,2,baja,1,2026-01,2026-01,0.0,,False
Robert Luna,votos de la onpe,entidad,4,media,1,2026-04,2026-04,0.0,,False
Robert Luna,Walter Ormeño,entidad,2,baja,1,2026-07,2026-07,0.0,,False
Robert Luna,Yanapuma,entidad,3,media,1,2026-05,2026-05,0.0,,False
Stewart Luya,Alianza Atlético,entidad,37,alta,9,2026-01,2026-09,0.7793508076796165,,True
Stewart Luya,Alianza Lima,entidad,156,alta,9,2026-01,2026-09,0.2201101482617274,,True
Stewart Luya,fecha hora,tema,50,alta,9,2026-01,2026-09,0.3084389244911106,,True
Stewart Luya,resultados y tabla,tema,46,alta,9,2026-01,2026-09,0.7521878990186882,,True
Stewart Luya,Sport Huancayo,entidad,21,alta,9,2026-01,2026-09,0.45717165705968227,,True
Stewart Luya,Sporting Cristal,entidad,78,alta,9,2026-01,2026-09,0.11758645359989303,,True
Stewart Luya,tabla de posiciones,tema,48,alta,9,2026-01,2026-09,0.7521878990186882,,True
Stewart Luya,Universitario de Deportes,entidad,77,alta,9,2026-01,2026-09,0.19736234375583425,,True
Stewart Luya,vs alianza,entidad,25,alta,9,2026-01,2026-09,0.22095371117724905,,True
Stewart Luya,ADT de Tarma,entidad,21,alta,8,2026-01,2026-09,0.29439540502393824,,True
Stewart Luya,Cienciano,entidad,33,alta,8,2026-01,2026-09,0.31809447398493695,,True
Stewart Luya,Copa Sudamericana,entidad,41,alta,8,2026-02,2026-09,0.3388019436056152,,True
Stewart Luya,Deportivo Garcilaso,entidad,17,alta,8,2026-02,2026-09,0.1517536100609134,,True
Stewart Luya,FC Cajamarca,entidad,22,alta,8,2026-01,2026-09,0.27158186229915454,,True
Stewart Luya,fecha del torneo,tema,24,alta,8,2026-01,2026-09,0.7770066950510266,,True
Stewart Luya,presencia peruana,tema,27,alta,8,2026-01,2026-09,0.16695947701236846,,True
Stewart Luya,Chankas,entidad,15,alta,7,2026-03,2026-09,0.3647766332607318,,True
Stewart Luya,fecha de la liga,entidad,14,alta,7,2026-01,2026-09,0.8307441873307164,,True
Stewart Luya,posiciones de la fecha,tema,31,alta,7,2026-01,2026-09,0.7232730849416976,,True
Stewart Luya,previa del partido,tema,19,alta,7,2026-02,2026-09,0.48060883326556253,,True
Stewart Luya,Sport Boys,entidad,21,alta,7,2026-01,2026-09,0.26844635381672666,,True
Stewart Luya,terrible noticia,tema,11,alta,7,2026-01,2026-09,0.12441052155089555,,True
Stewart Luya,Comerciantes Unidos,entidad,9,media,6,2026-01,2026-09,1.0,,True
Stewart Luya,contundente comunicado,tema,10,alta,6,2026-01,2026-09,0.4693317596275242,,True
Stewart Luya,cuándo vuelve,tema,9,media,6,2026-01,2026-09,0.1277442773310678,,True
Stewart Luya,fecha de la fase,entidad,17,alta,6,2026-02,2026-09,0.159662011334544,,True
Stewart Luya,programación de la fecha,tema,13,alta,6,2026-03,2026-09,1.0,,True
Stewart Luya,senda del triunfo,tema,9,media,6,2026-02,2026-09,1.0,,True
Stewart Luya,UTC de Cajamarca,entidad,7,media,6,2026-01,2026-09,0.23670327947017483,,True
Stewart Luya,Argentina,entidad,9,media,5,2026-01,2026-09,0.6355899557523585,,True
Stewart Luya,Fase Regional,entidad,9,media,5,2026-03,2026-09,0.2145202783288674,,True
Stewart Luya,liga resultados,entidad,15,alta,5,2026-02,2026-09,0.6985619767452498,,True
Stewart Luya,Palmeiras,entidad,11,alta,5,2026-01,2026-09,0.2967929748597287,,True
Stewart Luya,Torneo Clausura,entidad,90,alta,5,2026-02,2026-09,0.5916320746426936,,True
Stewart Luya,Unión Minas,entidad,8,media,5,2026-01,2026-09,1.0,,True
Stewart Luya,Alianza Universidad,entidad,6,media,4,2026-03,2026-09,1.0,,True
Stewart Luya,Cajamarca,entidad,4,media,4,2026-02,2026-09,0.14422094970903082,,True
Stewart Luya,canal transmitirá,tema,4,media,4,2026-02,2026-09,0.24284291815084075,,True
Stewart Luya,Copa de la Liga,entidad,33,alta,4,2026-06,2026-09,0.20754531923927064,,True
Stewart Luya,emite un contundente,tema,5,media,4,2026-06,2026-09,1.0,,True
Stewart Luya,Fase Regional de la Liga,entidad,8,media,4,2026-03,2026-09,0.1292563804352857,,True
Stewart Luya,horarios confirmados,tema,5,media,4,2026-03,2026-09,0.6052052944642008,,True
Stewart Luya,Liga Unión Comercio,entidad,8,media,4,2026-01,2026-09,0.20088379720658775,,True
Stewart Luya,posiciones del campeonato,entidad,5,media,4,2026-02,2026-09,0.21215324361302595,,True
Stewart Luya,sacude el mercado,tema,8,media,4,2026-01,2026-09,0.18257614186459492,,True
Stewart Luya,Santos FC,entidad,4,media,4,2026-04,2026-09,1.0,,True
Stewart Luya,semifinales de la copa,entidad,10,alta,4,2026-03,2026-09,1.0,,True
Stewart Luya,voleibol masculino,entidad,7,media,4,2026-01,2026-08,0.14306313659169873,,True
Stewart Luya,vs alianza atlético,entidad,5,media,4,2026-03,2026-09,1.0,,True
Stewart Luya,vs sporting,entidad,5,media,4,2026-02,2026-09,1.0,,True
Stewart Luya,vuelve a la senda,tema,7,media,4,2026-05,2026-09,1.0,,True
Stewart Luya,Andahuaylas,entidad,3,media,3,2026-03,2026-09,1.0,,True
Stewart Luya,Ayacucho FC,entidad,3,media,3,2026-01,2026-09,0.4067930688364703,,True
Stewart Luya,Boca Juniors,entidad,4,media,3,2026-02,2026-09,1.0,,True
Stewart Luya,Callao,entidad,3,media,3,2026-01,2026-09,1.0,,True
Stewart Luya,carrera futbolística,tema,3,media,3,2026-01,2026-09,1.0,,True
Stewart Luya,Comisión Disciplinaria,entidad,12,alta,3,2026-03,2026-09,0.6107675650312251,,True
Stewart Luya,Deportivo Lute,entidad,4,media,3,2026-05,2026-09,0.8968182941125766,,True
Stewart Luya,Deportivo Municipal,entidad,3,media,3,2026-06,2026-09,0.20746770722721117,,True
Stewart Luya,disputar el torneo,tema,3,media,3,2026-02,2026-09,0.11728024762216496,,True
Stewart Luya,fecha del torneo clausura,entidad,10,alta,3,2026-06,2026-09,1.0,,True
Stewart Luya,final de la liga,entidad,4,media,3,2026-03,2026-09,0.15744285551393472,,True
Stewart Luya,histórico equipo,tema,4,media,3,2026-05,2026-09,0.1659350696848153,,True
Stewart Luya,Ignacio Buse,entidad,6,media,3,2026-05,2026-09,1.0,,True
Stewart Luya,mundial de clubes,entidad,5,media,3,2026-05,2026-09,1.0,,True
Stewart Luya,noticia en la previa,tema,3,media,3,2026-04,2026-09,0.19660868319081856,,True
Stewart Luya,pases y se refuerza,tema,3,media,3,2026-01,2026-09,1.0,,True
Stewart Luya,pelea por el torneo,tema,3,media,3,2026-04,2026-09,0.2896680679275916,,True
Stewart Luya,Voleibol Femenino Sub,entidad,5,media,3,2026-03,2026-09,0.2121372931160287,,True
Stewart Luya,vs cienciano,entidad,3,media,3,2026-02,2026-09,1.0,,True
Stewart Luya,Atlético Grau,entidad,19,alta,9,2026-01,2026-09,0.017374460738895595,,False
Stewart Luya,Fabio Gruber,entidad,15,alta,9,2026-01,2026-09,0.0,,False
Stewart Luya,liga peruana,entidad,70,alta,9,2026-01,2026-09,0.017489298443431542,,False
Stewart Luya,Copa Libertadores,entidad,55,alta,8,2026-02,2026-09,0.07569476563708098,,False
Stewart Luya,Deportivo Moquegua,entidad,19,alta,8,2026-01,2026-09,0.0,,False
Stewart Luya,Juan Pablo II,entidad,15,alta,8,2026-01,2026-09,0.06383145369010929,,False
Stewart Luya,Melgar,entidad,23,alta,8,2026-01,2026-08,0.0,,False
Stewart Luya,Bundesliga,entidad,10,alta,7,2026-01,2026-09,0.0,,False
Stewart Luya,Cusco FC,entidad,22,alta,7,2026-02,2026-09,0.0,,False
Stewart Luya,LDU de Quito,entidad,8,media,7,2026-01,2026-08,0.0,,False
Stewart Luya,lima vs,entidad,32,alta,7,2026-01,2026-09,0.05595627052643412,,False
Stewart Luya,nuevo entrenador,tema,12,alta,7,2026-02,2026-09,0.0,,False
Stewart Luya,nuevos refuerzos,tema,15,alta,7,2026-01,2026-09,0.013463195614544274,,False
Stewart Luya,Oliver Sonne,entidad,10,alta,7,2026-01,2026-08,0.0,,False
Stewart Luya,primera división,entidad,17,alta,7,2026-01,2026-08,0.0,,False
Stewart Luya,San Martín,entidad,32,alta,7,2026-02,2026-09,0.05419069380756396,,False
Stewart Luya,selección peruana,entidad,12,alta,7,2026-02,2026-09,0.0,,False
Stewart Luya,Universitario,entidad,22,alta,7,2026-01,2026-08,0.0,,False
Stewart Luya,vs alianza lima,entidad,19,alta,7,2026-01,2026-08,0.0,,False
Stewart Luya,Brasil,entidad,11,alta,6,2026-01,2026-07,0.0,,False
Stewart Luya,deportes vs,entidad,18,alta,6,2026-01,2026-06,0.0,,False
Stewart Luya,director técnico,tema,13,alta,6,2026-01,2026-09,0.0,,False
Stewart Luya,final de la copa,entidad,16,alta,6,2026-02,2026-08,0.0,,False
Stewart Luya,Jesús Pretell,entidad,8,media,6,2026-01,2026-08,0.0,,False
Stewart Luya,nuevo director,tema,10,alta,6,2026-01,2026-09,0.0,,False
Stewart Luya,nuevo refuerzo,tema,16,alta,6,2026-01,2026-09,0.0,,False
Stewart Luya,refuerza con ex,tema,12,alta,6,2026-01,2026-08,0.0,,False
Stewart Luya,universitario vs,entidad,9,media,6,2026-02,2026-08,0.0,,False
Stewart Luya,UTC,entidad,10,alta,6,2026-01,2026-08,0.0,,False
Stewart Luya,agónico empate,tema,6,media,5,2026-02,2026-07,0.0,,False
Stewart Luya,Alfonso Barco,entidad,8,media,5,2026-01,2026-05,0.0,,False
Stewart Luya,árbitro del alianza,entidad,8,media,5,2026-01,2026-05,0.0,,False
Stewart Luya,árbitro del alianza lima,entidad,6,media,5,2026-01,2026-05,0.0,,False
Stewart Luya,árbitro del universitario,entidad,9,media,5,2026-01,2026-08,0.0,,False
Stewart Luya,cienciano vs,entidad,10,alta,5,2026-02,2026-08,0.0,,False
Stewart Luya,Comerciantes FC,entidad,8,media,5,2026-01,2026-08,0.0,,False
Stewart Luya,cristal vs,tema,15,alta,5,2026-02,2026-07,0.0,,False
Stewart Luya,Cusco,entidad,7,media,5,2026-02,2026-08,0.0,,False
Stewart Luya,Deportivo Llacuabamba,entidad,9,media,5,2026-02,2026-08,0.0,,False
Stewart Luya,disputar la copa,entidad,6,media,5,2026-01,2026-07,0.0,,False
Stewart Luya,División,entidad,8,media,5,2026-02,2026-07,0.0,,False
Stewart Luya,dos nuevos,tema,11,alta,5,2026-01,2026-08,0.0,,False
Stewart Luya,Erick Noriega,entidad,6,media,5,2026-02,2026-09,0.0,,False
Stewart Luya,Estados Unidos,entidad,6,media,5,2026-05,2026-09,0.0,,False
Stewart Luya,Estudiantil CNI,entidad,6,media,5,2026-01,2026-08,0.0,,False
Stewart Luya,fecha del torneo apertura,entidad,14,alta,5,2026-01,2026-05,0.0,,False
Stewart Luya,Felipe Chávez,entidad,9,media,5,2026-01,2026-08,0.0,,False
Stewart Luya,fútbol europeo,tema,6,media,5,2026-01,2026-09,0.0,,False
Stewart Luya,Gianluca Lapadula,entidad,5,media,5,2026-01,2026-05,0.0,,False
Stewart Luya,Grupo,entidad,19,alta,5,2026-03,2026-08,0.0,,False
Stewart Luya,Liga Universitario de Deportes,entidad,7,media,5,2026-01,2026-07,0.0,,False
Stewart Luya,lista de convocados,tema,7,media,5,2026-01,2026-08,0.0,,False
Stewart Luya,octavos de final,tema,19,alta,5,2026-02,2026-08,0.0,,False
Stewart Luya,Pedro Gallese,entidad,7,media,5,2026-03,2026-09,0.0,,False
Stewart Luya,Piero Quispe,entidad,10,alta,5,2026-01,2026-05,0.0,,False
Stewart Luya,posiciones de la copa,entidad,8,media,5,2026-02,2026-08,0.04481089417839199,,False
Stewart Luya,primera victoria,tema,5,media,5,2026-02,2026-09,0.05049557429382668,,False
Stewart Luya,refuerzos para disputar,tema,5,media,5,2026-01,2026-09,0.0,,False
Stewart Luya,segunda división,entidad,10,alta,5,2026-01,2026-09,0.0809080182207172,,False
Stewart Luya,suma un nuevo,tema,12,alta,5,2026-01,2026-09,0.0,,False
Stewart Luya,tercera división,entidad,7,media,5,2026-02,2026-07,0.0,,False
Stewart Luya,Torneo Apertura,entidad,51,alta,5,2026-01,2026-05,0.0,,False
Stewart Luya,Uruguay,entidad,8,media,5,2026-01,2026-06,0.0,,False
Stewart Luya,Wilder Cartagena,entidad,8,media,5,2026-02,2026-09,0.0,,False
Stewart Luya,ADA de Jaén,entidad,6,media,4,2026-03,2026-08,0.0,,False
Stewart Luya,Adrián Ugarriza,entidad,5,media,4,2026-04,2026-09,0.0,,False
Stewart Luya,Alemania,entidad,5,media,4,2026-01,2026-06,0.0,,False
Stewart Luya,altas bajas,tema,8,media,4,2026-01,2026-07,0.0,,False
Stewart Luya,árbitro del universitario vs,entidad,5,media,4,2026-02,2026-08,0.0,,False
Stewart Luya,Bentín Tacna Heroica,entidad,4,media,4,2026-01,2026-08,0.0,,False
Stewart Luya,cajamarca se refuerza,entidad,5,media,4,2026-01,2026-08,0.0,,False
Stewart Luya,Carlos Mannucci,entidad,7,media,4,2026-03,2026-08,0.0,,False
Stewart Luya,Colombia,entidad,4,media,4,2026-03,2026-07,0.0,,False
Stewart Luya,Croacia,entidad,6,media,4,2026-01,2026-07,0.0,,False
Stewart Luya,cuándo inicia,tema,6,media,4,2026-04,2026-09,0.08598014067400646,,False
Stewart Luya,cuartos de final,tema,11,alta,4,2026-03,2026-08,0.0,,False
Stewart Luya,da una terrible,tema,6,media,4,2026-01,2026-08,0.0,,False
Stewart Luya,Deportivo Cali,entidad,4,media,4,2026-03,2026-09,0.0,,False
Stewart Luya,primera división de australia,entidad,5,media,4,2026-01,2026-05,0.0,,False
Stewart Luya,dónde comprar,tema,6,media,4,2026-01,2026-05,0.0,,False
Stewart Luya,Ecuador,entidad,5,media,4,2026-02,2026-06,0.0,,False
Stewart Luya,enfrentar a alianza,entidad,4,media,4,2026-01,2026-08,0.0,,False
Stewart Luya,España,entidad,11,alta,4,2026-02,2026-07,0.0,,False
Stewart Luya,ex alianza,tema,4,media,4,2026-01,2026-07,0.0,,False
Stewart Luya,FBC Melgar,entidad,4,media,4,2026-01,2026-06,0.0,,False
Stewart Luya,fc vs,entidad,4,media,4,2026-03,2026-08,0.0,,False
Stewart Luya,ficha por un equipo,tema,6,media,4,2026-02,2026-07,0.0,,False
Stewart Luya,FIFA,entidad,4,media,4,2026-03,2026-09,0.0,,False
Stewart Luya,grupo b,entidad,8,media,4,2026-03,2026-08,0.0,,False
Stewart Luya,Huánuco,entidad,4,media,4,2026-04,2026-09,0.07589624725109034,,False
Stewart Luya,Inglaterra,entidad,5,media,4,2026-03,2026-07,0.0,,False
Stewart Luya,inicio del torneo,tema,9,media,4,2026-01,2026-07,0.0,,False
Stewart Luya,Italia,entidad,5,media,4,2026-01,2026-08,0.0,,False
Stewart Luya,Juan Aurich,entidad,7,media,4,2026-06,2026-09,0.0,,False
Stewart Luya,Liga ADT de Tarma,entidad,8,media,4,2026-01,2026-08,0.0,,False
Stewart Luya,Liga Deportivo Moquegua,entidad,6,media,4,2026-01,2026-07,0.0,,False
Stewart Luya,Liga Juventus de Huamachuco,entidad,5,media,4,2026-05,2026-09,0.0,,False
Stewart Luya,liga quién,entidad,10,alta,4,2026-01,2026-04,0.0,,False
Stewart Luya,liga sport,entidad,7,media,4,2026-03,2026-08,0.0,,False
Stewart Luya,Liga Sport Huancayo,entidad,8,media,4,2026-01,2026-09,0.07868871636189106,,False
Stewart Luya,Lima,entidad,4,media,4,2026-02,2026-09,0.07006528271000659,,False
Stewart Luya,Marcos López,entidad,4,media,4,2026-03,2026-08,0.0,,False
Stewart Luya,Marruecos,entidad,5,media,4,2026-03,2026-07,0.0,,False
Stewart Luya,Matute,entidad,6,media,4,2026-01,2026-07,0.0,,False
Stewart Luya,mete miedo,tema,6,media,4,2026-01,2026-08,0.0,,False
Stewart Luya,MLS,entidad,5,media,4,2026-01,2026-06,0.0,,False
Stewart Luya,noticia a sus hinchas,tema,5,media,4,2026-01,2026-08,0.0,,False
Stewart Luya,Núremberg,entidad,5,media,4,2026-01,2026-04,0.0,,False
Stewart Luya,Orlando City,entidad,7,media,4,2026-05,2026-09,0.0,,False
Stewart Luya,Regatas Lima,entidad,11,alta,4,2026-02,2026-09,0.0,,False
Stewart Luya,Selección,entidad,4,media,4,2026-03,2026-09,0.0,,False
Stewart Luya,sorprende y ficha,tema,6,media,4,2026-02,2026-07,0.0,,False
Stewart Luya,sorprende y se refuerza,tema,12,alta,4,2026-01,2026-08,0.0,,False
Stewart Luya,Sparta Praga,entidad,5,media,4,2026-01,2026-05,0.0,,False
Stewart Luya,suma dos,tema,8,media,4,2026-01,2026-08,0.027092487004340932,,False
Stewart Luya,suma un nuevo refuerzo,tema,9,media,4,2026-01,2026-09,0.0,,False
Stewart Luya,toma radical,tema,5,media,4,2026-02,2026-09,0.0,,False
Stewart Luya,triunfo en la liga,entidad,9,media,4,2026-02,2026-08,0.0,,False
Stewart Luya,Trujillo,entidad,6,media,4,2026-01,2026-06,0.0,,False
Stewart Luya,Unión Comercio,entidad,4,media,4,2026-02,2026-08,0.0,,False
Stewart Luya,Voleibol Femenino,entidad,12,alta,4,2026-02,2026-09,0.01637616892199755,,False
Stewart Luya,vóley alianza,entidad,5,media,4,2026-04,2026-09,0.004300611014235707,,False
Stewart Luya,vs deportivo,entidad,6,media,4,2026-02,2026-07,0.0,,False
Stewart Luya,vs san,entidad,9,media,4,2026-02,2026-05,0.0,,False
Stewart Luya,vs universitario,entidad,9,media,4,2026-02,2026-07,0.0,,False
Stewart Luya,apertura triunfo,tema,3,media,3,2026-01,2026-05,0.0,,False
Stewart Luya,Arequipa,entidad,4,media,3,2026-05,2026-09,0.05834276801769581,,False
Stewart Luya,Australia,entidad,4,media,3,2026-01,2026-06,0.0,,False
Stewart Luya,Bassco Soyer,entidad,6,media,3,2026-01,2026-09,0.0,,False
Stewart Luya,Bayern Múnich,entidad,6,media,3,2026-01,2026-08,0.0,,False
Stewart Luya,Bolivia,entidad,4,media,3,2026-02,2026-08,0.0,,False
Stewart Luya,Brasileirao,entidad,3,media,3,2026-03,2026-07,0.0,,False
Stewart Luya,Burnley,entidad,4,media,3,2026-01,2026-08,0.0,,False
Stewart Luya,Campeonato,entidad,4,media,3,2026-02,2026-09,0.028230091975813085,,False
Stewart Luya,Canadá,entidad,4,media,3,2026-05,2026-07,0.0,,False
Stewart Luya,canal del alianza,tema,5,media,3,2026-02,2026-04,0.0,,False
Stewart Luya,canal del universitario,entidad,4,media,3,2026-02,2026-04,0.0,,False
Stewart Luya,Chongoyape,entidad,3,media,3,2026-04,2026-08,0.0,,False
Stewart Luya,sudamericana cienciano,entidad,7,media,3,2026-03,2026-05,0.0,,False
Stewart Luya,club deportivo,entidad,3,media,3,2026-01,2026-07,0.0,,False
Stewart Luya,Conmebol,entidad,3,media,3,2026-03,2026-08,0.0,,False
Stewart Luya,conoce a sus rivales,tema,3,media,3,2026-03,2026-05,0.0,,False
Stewart Luya,consigue agónico,tema,5,media,3,2026-02,2026-06,0.0,,False
Stewart Luya,consigue agónico empate,tema,3,media,3,2026-02,2026-06,0.0,,False
Stewart Luya,continúa imparable,tema,3,media,3,2026-02,2026-06,0.0,,False
Stewart Luya,copa perú defensor,entidad,3,media,3,2026-06,2026-09,0.0,,False
Stewart Luya,Corea del Sur,entidad,5,media,3,2026-06,2026-08,0.0,,False
Stewart Luya,Corinthians,entidad,3,media,3,2026-04,2026-08,0.0,,False
Stewart Luya,cuatro refuerzos,tema,4,media,3,2026-01,2026-08,0.0,,False
Stewart Luya,delantero colombiano,tema,4,media,3,2026-01,2026-06,0.0,,False
Stewart Luya,delantero con pasado,tema,3,media,3,2026-07,2026-09,0.0,,False
Stewart Luya,Deportivo Soan,entidad,7,media,3,2026-03,2026-07,0.0,,False
Stewart Luya,destino confirmado,tema,3,media,3,2026-01,2026-07,0.0,,False
Stewart Luya,disciplinaria sanciona,entidad,5,media,3,2026-07,2026-09,1.0,,False
Stewart Luya,disputar la liga,entidad,6,media,3,2026-01,2026-07,0.0,,False
Stewart Luya,dos refuerzos,tema,3,media,3,2026-05,2026-08,0.07820096726715427,,False
Stewart Luya,emite contundente,tema,5,media,3,2026-01,2026-09,0.053831321330904215,,False
Stewart Luya,encabeza la convocatoria,tema,3,media,3,2026-02,2026-07,0.0,,False
Stewart Luya,enfrentar a alianza lima,entidad,3,media,3,2026-01,2026-08,0.0,,False
Stewart Luya,equipo de la copa,entidad,3,media,3,2026-02,2026-09,0.0,,False
Stewart Luya,estadio monumental,entidad,3,media,3,2026-03,2026-08,0.0,,False
Stewart Luya,Europa,entidad,3,media,3,2026-01,2026-05,0.0,,False
Stewart Luya,ex universitario,entidad,3,media,3,2026-01,2026-06,0.0,,False
Stewart Luya,extra game,tema,5,media,3,2026-03,2026-05,0.0,,False
Stewart Luya,fase de grupos,entidad,8,media,3,2026-03,2026-06,0.0,,False
Stewart Luya,fc y sporting,entidad,5,media,3,2026-03,2026-05,0.0,,False
Stewart Luya,fecha de la copa,entidad,14,alta,3,2026-04,2026-06,0.0,,False
Stewart Luya,fecha de la segunda,tema,4,media,3,2026-02,2026-05,0.0,,False
Stewart Luya,fichajes de deportivo,entidad,3,media,3,2026-01,2026-06,0.0,,False
Stewart Luya,final del mundial,tema,15,alta,3,2026-06,2026-08,0.0,,False
Stewart Luya,fútbol peruano,tema,7,media,3,2026-01,2026-06,0.0,,False
Stewart Luya,gira internacional,tema,3,media,3,2026-01,2026-07,0.0,,False
Stewart Luya,grupos de la copa,entidad,7,media,3,2026-03,2026-06,0.0,,False
Stewart Luya,hinchas en la previa,tema,3,media,3,2026-05,2026-08,0.0,,False
Stewart Luya,Huancayo,entidad,4,media,3,2026-01,2026-08,0.0,,False
Stewart Luya,Israel,entidad,3,media,3,2026-02,2026-09,0.0,,False
Stewart Luya,Joao Grimaldo,entidad,4,media,3,2026-01,2026-04,0.0,,False
Stewart Luya,Kevin Ortega,entidad,5,media,3,2026-02,2026-06,0.0,,False
Stewart Luya,levanta cabeza,tema,4,media,3,2026-02,2026-04,0.0,,False
Stewart Luya,libertadores universitario,entidad,6,media,3,2026-03,2026-05,0.0,,False
Stewart Luya,Liga Alianza Atlético,entidad,5,media,3,2026-02,2026-07,0.0,,False
Stewart Luya,Liga Alianza Lima,entidad,6,media,3,2026-01,2026-07,0.0,,False
Stewart Luya,Liga Alianza Universidad,entidad,3,media,3,2026-06,2026-08,0.0,,False
Stewart Luya,Liga César Vallejo,entidad,4,media,3,2026-01,2026-08,0.0,,False
Stewart Luya,Liga Deportivo Garcilaso,entidad,4,media,3,2026-03,2026-07,0.0,,False
Stewart Luya,Liga Estudiantil CNI,entidad,6,media,3,2026-01,2026-07,0.0,,False
Stewart Luya,Liga FC Cajamarca,entidad,9,media,3,2026-01,2026-07,0.0,,False
Stewart Luya,liga fecha,entidad,3,media,3,2026-01,2026-06,0.0,,False
Stewart Luya,Liga Melgar,entidad,3,media,3,2026-02,2026-06,0.0,,False
Stewart Luya,Liga Sporting Cristal,entidad,3,media,3,2026-01,2026-07,0.0,,False
Stewart Luya,LigaPro,entidad,3,media,3,2026-02,2026-06,0.0,,False
Stewart Luya,lima vs san,entidad,6,media,3,2026-02,2026-05,0.0,,False
Stewart Luya,luce con una asistencia,tema,4,media,3,2026-03,2026-08,0.0,,False
Stewart Luya,Maeva Orlé,entidad,4,media,3,2026-04,2026-06,0.0,,False
Stewart Luya,Mainz,entidad,4,media,3,2026-07,2026-09,0.0,,False
Stewart Luya,martín vs,tema,5,media,3,2026-02,2026-04,0.0,,False
Stewart Luya,mercado de pases,tema,7,media,3,2026-01,2026-09,0.042282831474030426,,False
Stewart Luya,minutos en el triunfo,tema,3,media,3,2026-02,2026-08,0.0,,False
Stewart Luya,Nacional,entidad,4,media,3,2026-04,2026-07,0.0,,False
Stewart Luya,nombre del nuevo,tema,3,media,3,2026-01,2026-04,0.0,,False
Stewart Luya,nuevas bajas,tema,3,media,3,2026-02,2026-07,0.0,,False
Stewart Luya,nuevo equipo,tema,3,media,3,2026-02,2026-06,0.0,,False
Stewart Luya,nuevo triunfo,tema,4,media,3,2026-02,2026-08,0.0,,False
Stewart Luya,Paraguay,entidad,6,media,3,2026-02,2026-07,0.0,,False
Stewart Luya,partido ante deportivo,entidad,4,media,3,2026-05,2026-09,0.0,,False
Stewart Luya,partido ante deportivo moquegua,entidad,3,media,3,2026-05,2026-09,0.0,,False
Stewart Luya,peruana felipe,tema,3,media,3,2026-01,2026-04,0.0,,False
Stewart Luya,peruanos en el exterior,tema,7,media,3,2026-01,2026-03,0.0,,False
Stewart Luya,primer gol,tema,5,media,3,2026-01,2026-09,0.0,,False
Stewart Luya,Rebaza Acosta,entidad,3,media,3,2026-01,2026-05,0.0,,False
Stewart Luya,recibir a alianza,tema,3,media,3,2026-02,2026-06,0.0,,False
Stewart Luya,refuerza con un delantero,tema,5,media,3,2026-06,2026-08,0.0,,False
Stewart Luya,refuerzo de lujo,tema,3,media,3,2026-01,2026-06,0.0,,False
Stewart Luya,regresa a la liga,entidad,3,media,3,2026-03,2026-09,0.0,,False
Stewart Luya,Renato Espinosa,entidad,3,media,3,2026-01,2026-07,0.0,,False
Stewart Luya,Renato Tapia,entidad,4,media,3,2026-01,2026-06,0.0,,False
Stewart Luya,República Checa,entidad,5,media,3,2026-01,2026-06,0.0,,False
Stewart Luya,república dominicana,entidad,3,media,3,2026-06,2026-08,0.0,,False
Stewart Luya,resultados de la fecha,tema,8,media,3,2026-03,2026-05,0.0,,False
Stewart Luya,viejo continente,tema,5,media,3,2026-04,2026-07,0.0,,False
Stewart Luya,Sergio Peña,entidad,7,media,3,2026-01,2026-08,0.0,,False
Stewart Luya,sorprende y suma,tema,4,media,3,2026-01,2026-07,0.0,,False
Stewart Luya,suma dos nuevos,tema,5,media,3,2026-01,2026-08,0.0,,False
Stewart Luya,suma minutos,tema,3,media,3,2026-01,2026-08,0.0,,False
Stewart Luya,sumando minutos,tema,3,media,3,2026-01,2026-05,0.0,,False
Stewart Luya,sumar minutos,tema,4,media,3,2026-01,2026-08,0.0,,False
Stewart Luya,UEFA Conference League,entidad,4,media,3,2026-02,2026-05,0.0,,False
Stewart Luya,última fecha,tema,4,media,3,2026-05,2026-09,0.05718276650509426,,False
Stewart Luya,Unión Santo,entidad,9,media,3,2026-07,2026-09,1.0,,False
Stewart Luya,vinl f,tema,6,media,3,2026-02,2026-07,0.0,,False
Stewart Luya,vs comerciantes,entidad,3,media,3,2026-02,2026-08,0.0,,False
Stewart Luya,vs fc,entidad,4,media,3,2026-01,2026-03,0.0,,False
Stewart Luya,vs los chankas,entidad,3,media,3,2026-02,2026-05,0.0,,False
Stewart Luya,vs melgar,entidad,6,media,3,2026-02,2026-04,0.0,,False
Stewart Luya,vs sport,entidad,3,media,3,2026-01,2026-07,0.0,,False
Stewart Luya,Academia Cantolao,entidad,2,baja,2,2026-03,2026-04,0.0,,False
Stewart Luya,Academia Tito Drago,entidad,2,baja,2,2026-04,2026-05,0.0,,False
Stewart Luya,acecha a deportivo,entidad,2,baja,2,2026-05,2026-09,1.0,,False
Stewart Luya,advertencia a universitario,entidad,2,baja,2,2026-01,2026-08,0.0,,False
Stewart Luya,agónico triunfo,tema,2,baja,2,2026-02,2026-03,0.0,,False
Stewart Luya,Alex Valera,entidad,2,baja,2,2026-02,2026-03,0.0,,False
Stewart Luya,altas y bajas,tema,2,baja,2,2026-06,2026-07,0.0,,False
Stewart Luya,américa tv,entidad,3,media,2,2026-06,2026-07,0.0,,False
Stewart Luya,amistoso de pretemporada,tema,4,media,2,2026-01,2026-07,0.0,,False
Stewart Luya,amistoso internacional,tema,4,media,2,2026-06,2026-07,0.0,,False
Stewart Luya,André Carrillo,entidad,4,media,2,2026-04,2026-07,0.0,,False
Stewart Luya,apertura dónde,tema,2,baja,2,2026-01,2026-05,0.0,,False
Stewart Luya,árbitro del cienciano,entidad,2,baja,2,2026-02,2026-05,0.0,,False
Stewart Luya,árbitro del sporting,tema,2,baja,2,2026-02,2026-04,0.0,,False
Stewart Luya,argentino para el torneo,tema,4,media,2,2026-06,2026-07,0.0,,False
Stewart Luya,ASA FC,entidad,3,media,2,2026-06,2026-09,1.0,,False
Stewart Luya,ascenso a la liga,entidad,2,baja,2,2026-04,2026-08,0.0,,False
Stewart Luya,asistencia en el triunfo,tema,2,baja,2,2026-07,2026-08,0.0,,False
Stewart Luya,Atlético Atenea,entidad,2,baja,2,2026-02,2026-03,0.0,,False
Stewart Luya,Atlético Torino,entidad,3,media,2,2026-02,2026-08,0.0,,False
Stewart Luya,Ayacucho,entidad,2,baja,2,2026-03,2026-06,0.0,,False
Stewart Luya,b de la copa,entidad,3,media,2,2026-03,2026-05,0.0,,False
Stewart Luya,Bad Boys,entidad,3,media,2,2026-08,2026-09,0.0,,False
Stewart Luya,bajas para el torneo,tema,2,baja,2,2026-06,2026-07,0.0,,False
Stewart Luya,bajas para visitar,tema,2,baja,2,2026-01,2026-05,0.0,,False
Stewart Luya,bajas y rumores,tema,2,baja,2,2026-06,2026-07,0.0,,False
Stewart Luya,barco disputará,tema,2,baja,2,2026-02,2026-03,0.0,,False
Stewart Luya,bicampeón de la liga,entidad,2,baja,2,2026-01,2026-07,0.0,,False
Stewart Luya,Bicolor,entidad,2,baja,2,2026-02,2026-04,0.0,,False
Stewart Luya,Bolívar,entidad,2,baja,2,2026-01,2026-07,0.0,,False
Stewart Luya,bombazo en la liga,entidad,3,media,2,2026-03,2026-05,0.0,,False
Stewart Luya,Bosnia,entidad,2,baja,2,2026-06,2026-07,0.0,,False
Stewart Luya,Botafogo,entidad,5,media,2,2026-08,2026-09,0.0,,False
Stewart Luya,boys en la previa,tema,3,media,2,2026-08,2026-09,0.7945577961756978,,False
Stewart Luya,boys sorprende,tema,2,baja,2,2026-06,2026-08,0.0,,False
Stewart Luya,boys vs,entidad,4,media,2,2026-08,2026-09,0.37407681581183067,,False
Stewart Luya,boys vs alianza,entidad,3,media,2,2026-08,2026-09,0.4971192022732014,,False
Stewart Luya,buen momento,tema,3,media,2,2026-05,2026-08,0.0,,False
Stewart Luya,buse vs,tema,2,baja,2,2026-05,2026-06,0.0,,False
Stewart Luya,cabeza en la primera,tema,2,baja,2,2026-03,2026-04,0.0,,False
Stewart Luya,cajamarca sorprende,entidad,2,baja,2,2026-01,2026-08,0.0,,False
Stewart Luya,cajamarca suma,entidad,2,baja,2,2026-06,2026-07,0.0,,False
Stewart Luya,cambia de equipo,tema,3,media,2,2026-06,2026-09,0.0,,False
Stewart Luya,campeón de la copa,entidad,3,media,2,2026-02,2026-07,0.0,,False
Stewart Luya,campeón de la liga,entidad,4,media,2,2026-01,2026-02,0.0,,False
Stewart Luya,Campeonato Gaúcho,entidad,2,baja,2,2026-02,2026-03,0.0,,False
Stewart Luya,campeonato mundial,entidad,3,media,2,2026-08,2026-09,0.028230091975813085,,False
Stewart Luya,Campeonato Paulista,entidad,2,baja,2,2026-02,2026-03,0.0,,False
Stewart Luya,Campeonato Sudamericano,entidad,4,media,2,2026-02,2026-09,0.06143559933766691,,False
Stewart Luya,Campeonato Sudamericano de Voleibol,entidad,2,baja,2,2026-01,2026-09,0.44840854231568344,,False
Stewart Luya,Campeonato Sudamericano Femenino Sub,entidad,5,media,2,2026-02,2026-05,0.0,,False
Stewart Luya,canal del comerciantes,tema,2,baja,2,2026-05,2026-08,0.0,,False
Stewart Luya,canal del debut,tema,3,media,2,2026-01,2026-02,0.0,,False
Stewart Luya,canal del deportivo,entidad,2,baja,2,2026-03,2026-08,0.0,,False
Stewart Luya,canal del perú vs,tema,3,media,2,2026-05,2026-08,0.0,,False
Stewart Luya,canal del san,tema,2,baja,2,2026-03,2026-04,0.0,,False
Stewart Luya,canal del sport,tema,2,baja,2,2026-08,2026-09,0.6139418671553905,,False
Stewart Luya,Carabobo FC,entidad,5,media,2,2026-02,2026-03,0.0,,False
Stewart Luya,Carlos Beltrán,entidad,2,baja,2,2026-06,2026-07,0.0,,False
Stewart Luya,Carlos Cortijo,entidad,2,baja,2,2026-07,2026-09,0.0,,False
Stewart Luya,Carlos Stein,entidad,4,media,2,2026-08,2026-09,1.0,,False
Stewart Luya,cerro porteño,entidad,2,baja,2,2026-04,2026-05,0.0,,False
Stewart Luya,César Uribe,entidad,2,baja,2,2026-02,2026-09,0.09105036898165823,,False
Stewart Luya,César Vallejo,entidad,8,media,2,2026-06,2026-08,0.0,,False
Stewart Luya,vs chile,entidad,2,baja,2,2026-07,2026-08,0.0,,False
Stewart Luya,Chimbote,entidad,2,baja,2,2026-02,2026-06,0.0,,False
Stewart Luya,Christopher Olivares,entidad,2,baja,2,2026-05,2026-06,0.0,,False
Stewart Luya,Cienciano del Cusco,entidad,3,media,2,2026-01,2026-03,0.0,,False
Stewart Luya,cienciano vs melgar,entidad,2,baja,2,2026-02,2026-03,0.0,,False
Stewart Luya,cinta de capitán,tema,2,baja,2,2026-03,2026-08,0.0,,False
Stewart Luya,Circolo Sportivo Italiano,entidad,4,media,2,2026-03,2026-05,0.0,,False
Stewart Luya,ciudad incontrastable,entidad,2,baja,2,2026-02,2026-09,0.0,,False
Stewart Luya,clásico del sur,tema,2,baja,2,2026-02,2026-05,0.0,,False
Stewart Luya,cni se refuerza,tema,2,baja,2,2026-01,2026-02,0.0,,False
Stewart Luya,cni vs,tema,2,baja,2,2026-04,2026-08,0.0,,False
Stewart Luya,colombiano para el torneo,tema,3,media,2,2026-06,2026-08,0.0,,False
Stewart Luya,comerciantes fc vs,entidad,2,baja,2,2026-05,2026-08,0.0,,False
Stewart Luya,comercio sorprende,tema,3,media,2,2026-01,2026-02,0.0,,False
Stewart Luya,compartirán equipo,tema,2,baja,2,2026-01,2026-05,0.0,,False
Stewart Luya,comunicado en la previa,tema,2,baja,2,2026-01,2026-07,0.0,,False
Stewart Luya,comunicado tras lo sucedido,tema,2,baja,2,2026-01,2026-08,0.0,,False
Stewart Luya,CONAR,entidad,3,media,2,2026-05,2026-07,0.0,,False
Stewart Luya,Conference League,entidad,3,media,2,2026-01,2026-02,0.0,,False
Stewart Luya,contundente mensaje,tema,2,baja,2,2026-08,2026-09,0.39859992276124195,,False
Stewart Luya,convocados de alianza,tema,2,baja,2,2026-02,2026-03,0.0,,False
Stewart Luya,Copa América de Futsal,entidad,5,media,2,2026-01,2026-02,0.0,,False
Stewart Luya,Copa de Croacia,entidad,3,media,2,2026-03,2026-05,0.0,,False
Stewart Luya,Copa de Dinamarca,entidad,2,baja,2,2026-02,2026-03,0.0,,False
Stewart Luya,Copa Federación,entidad,2,baja,2,2026-07,2026-08,0.0,,False
Stewart Luya,copa perú el campeón,entidad,4,media,2,2026-08,2026-09,0.0,,False
Stewart Luya,copa perú resultados,entidad,5,media,2,2026-03,2026-09,0.8286234857012605,,False
Stewart Luya,Copa Sudamericana de Voleibol,entidad,4,media,2,2026-06,2026-08,0.16912154670808338,,False
Stewart Luya,cuándo se jugarán,tema,2,baja,2,2026-05,2026-08,0.0,,False
Stewart Luya,cuenta para vencer,tema,2,baja,2,2026-02,2026-08,0.0,,False
Stewart Luya,Cutervo,entidad,3,media,2,2026-03,2026-07,0.0,,False
Stewart Luya,debut de alianza,tema,2,baja,2,2026-01,2026-02,0.0,,False
Stewart Luya,debut de sporting,tema,2,baja,2,2026-03,2026-07,0.0,,False
Stewart Luya,defensor la bocana,tema,2,baja,2,2026-02,2026-06,0.0,,False
Stewart Luya,delantero argentino,tema,5,media,2,2026-06,2026-07,0.0,,False
Stewart Luya,delantero brasileño,tema,2,baja,2,2026-02,2026-08,0.0,,False
Stewart Luya,deportes cusco,entidad,2,baja,2,2026-04,2026-05,0.0,,False
Stewart Luya,deportes vs alianza,entidad,3,media,2,2026-01,2026-04,0.0,,False
Stewart Luya,deportes vs alianza lima,entidad,2,baja,2,2026-01,2026-04,0.0,,False
Stewart Luya,deportes vs fc,entidad,2,baja,2,2026-02,2026-03,0.0,,False
Stewart Luya,deportes vs san,entidad,2,baja,2,2026-03,2026-04,0.0,,False
Stewart Luya,Deportivo Binacional,entidad,4,media,2,2026-05,2026-08,0.0,,False
Stewart Luya,derrota en la bundesliga,entidad,2,baja,2,2026-02,2026-09,0.0,,False
Stewart Luya,Dianderas,entidad,4,media,2,2026-08,2026-09,0.18829115194094345,,False
Stewart Luya,dieciseisavos de final,tema,4,media,2,2026-06,2026-07,0.0,,False
Stewart Luya,triunfo del dinamo,tema,2,baja,2,2026-07,2026-08,0.0,,False
Stewart Luya,disciplinaria castiga,tema,2,baja,2,2026-08,2026-09,1.0,,False
Stewart Luya,disciplinaria multa,tema,3,media,2,2026-08,2026-09,0.0,,False
Stewart Luya,disputar el mundial,tema,2,baja,2,2026-05,2026-06,0.0,,False
Stewart Luya,primera división de croacia,entidad,2,baja,2,2026-03,2026-08,0.0,,False
Stewart Luya,primera división de israel,entidad,2,baja,2,2026-02,2026-04,0.0,,False
Stewart Luya,División de Italia,entidad,2,baja,2,2026-04,2026-05,0.0,,False
Stewart Luya,primera división de rumanía,entidad,2,baja,2,2026-01,2026-07,0.0,,False
Stewart Luya,Doris Manco,entidad,2,baja,2,2026-04,2026-05,0.0,,False
Stewart Luya,dos bajas,tema,3,media,2,2026-01,2026-03,0.0,,False
Stewart Luya,dos equipos,tema,2,baja,2,2026-03,2026-09,1.0,,False
Stewart Luya,dos futbolistas,tema,2,baja,2,2026-06,2026-08,0.0,,False
Stewart Luya,dos nuevas,tema,2,baja,2,2026-02,2026-05,0.0,,False
Stewart Luya,drásticamente a fc,entidad,2,baja,2,2026-08,2026-09,1.0,,False
Stewart Luya,duro revés,tema,2,baja,2,2026-07,2026-08,0.0,,False
Stewart Luya,Ecosem Pasco,entidad,2,baja,2,2026-05,2026-08,0.0,,False
Stewart Luya,Emiratos Árabes Unidos,entidad,2,baja,2,2026-01,2026-03,0.0,,False
Stewart Luya,emotivo mensaje,tema,2,baja,2,2026-01,2026-02,0.0,,False
Stewart Luya,empate ante alianza,tema,2,baja,2,2026-02,2026-03,0.0,,False
Stewart Luya,encarar el torneo,tema,5,media,2,2026-06,2026-07,0.0,,False
Stewart Luya,enfrentar a sporting,tema,3,media,2,2026-02,2026-03,0.0,,False
Stewart Luya,entradas para sport,tema,2,baja,2,2026-01,2026-02,0.0,,False
Stewart Luya,entrenador para disputar,tema,2,baja,2,2026-05,2026-09,1.0,,False
Stewart Luya,entrenador para la etapa,tema,3,media,2,2026-08,2026-09,0.0,,False
Stewart Luya,entrenador uruguayo,tema,3,media,2,2026-03,2026-06,0.0,,False
Stewart Luya,equipo arequipeño,tema,2,baja,2,2026-01,2026-09,0.0,,False
Stewart Luya,equipo cusqueño,tema,2,baja,2,2026-01,2026-07,0.0,,False
Stewart Luya,equipo de la tercera,tema,2,baja,2,2026-02,2026-03,0.0,,False
Stewart Luya,equipo de pablo,tema,2,baja,2,2026-01,2026-02,0.0,,False
Stewart Luya,Eryc Castillo,entidad,2,baja,2,2026-02,2026-07,0.0,,False
Stewart Luya,estadio alberto,tema,3,media,2,2026-02,2026-09,0.01431431597302941,,False
Stewart Luya,Esteban Pavez,entidad,3,media,2,2026-01,2026-02,0.0,,False
Stewart Luya,segunda etapa,entidad,3,media,2,2026-02,2026-03,0.0,,False
Stewart Luya,Etapa Nacional,entidad,24,alta,2,2026-08,2026-09,1.0,,False
Stewart Luya,Etapa Nacional de la Copa,entidad,5,media,2,2026-08,2026-09,1.0,,False
Stewart Luya,ex defensa,tema,2,baja,2,2026-03,2026-07,0.0,,False
Stewart Luya,ex delantero,tema,3,media,2,2026-01,2026-02,0.0,,False
Stewart Luya,ex volante,tema,2,baja,2,2026-02,2026-03,0.0,,False
Stewart Luya,experimentado delantero,tema,2,baja,2,2026-01,2026-03,0.0,,False
Stewart Luya,f de la copa,entidad,3,media,2,2026-03,2026-04,0.0,,False
Stewart Luya,Fase,entidad,3,media,2,2026-03,2026-09,0.12830063711366,,False
Stewart Luya,Fase de la Copa Libertadores,entidad,3,media,2,2026-01,2026-02,0.0,,False
Stewart Luya,FC,entidad,2,baja,2,2026-02,2026-03,0.0,,False
Stewart Luya,fc se recupera,entidad,2,baja,2,2026-04,2026-08,0.0,,False
Stewart Luya,fc se refuerza,entidad,2,baja,2,2026-01,2026-04,0.0,,False
Stewart Luya,fc sorprende,entidad,3,media,2,2026-01,2026-02,0.0,,False
Stewart Luya,fc suma,entidad,2,baja,2,2026-01,2026-08,0.0,,False
Stewart Luya,fecha del grupo,entidad,2,baja,2,2026-05,2026-06,0.0,,False
Stewart Luya,fecha fifa,entidad,2,baja,2,2026-03,2026-09,0.0,,False
Stewart Luya,fecha y hora,tema,6,media,2,2026-05,2026-06,0.0,,False
Stewart Luya,fechas y horarios,tema,2,baja,2,2026-03,2026-05,0.0,,False
Stewart Luya,Fernando Pacheco,entidad,2,baja,2,2026-01,2026-02,0.0,,False
Stewart Luya,fichajes de alianza,tema,2,baja,2,2026-01,2026-05,0.0,,False
Stewart Luya,fichajes de deportivo moquegua,entidad,2,baja,2,2026-01,2026-06,0.0,,False
Stewart Luya,fichajes de sporting,entidad,2,baja,2,2026-01,2026-07,0.0,,False
Stewart Luya,figura de alianza,tema,2,baja,2,2026-03,2026-07,0.0,,False
Stewart Luya,figura de universitario,entidad,2,baja,2,2026-04,2026-07,0.0,,False
Stewart Luya,final vuelta,tema,3,media,2,2026-03,2026-08,0.0,,False
Stewart Luya,fixture de alianza,tema,2,baja,2,2026-01,2026-09,0.3235934967703865,,False
Stewart Luya,fixture de la copa,entidad,2,baja,2,2026-06,2026-07,0.0,,False
Stewart Luya,flamante refuerzo,tema,2,baja,2,2026-05,2026-07,0.0,,False
Stewart Luya,Francesco Andrealli,entidad,3,media,2,2026-03,2026-09,1.0,,False
Stewart Luya,Francia,entidad,6,media,2,2026-06,2026-07,0.0,,False
Stewart Luya,futbolista con pasado,tema,2,baja,2,2026-01,2026-09,0.0,,False
Stewart Luya,futbolista de alianza,tema,2,baja,2,2026-03,2026-06,0.0,,False
Stewart Luya,futbolista peruano,tema,2,baja,2,2026-01,2026-02,0.0,,False
Stewart Luya,futbolística en el extranjero,tema,2,baja,2,2026-01,2026-06,0.0,,False
Stewart Luya,garcilaso se refuerza,tema,2,baja,2,2026-06,2026-07,0.0,,False
Stewart Luya,Géminis,entidad,4,media,2,2026-03,2026-04,0.0,,False
Stewart Luya,gol y asistencia,tema,3,media,2,2026-04,2026-09,0.0,,False
Stewart Luya,goleador para el torneo,tema,2,baja,2,2026-06,2026-07,0.0,,False
Stewart Luya,grau sorprende,entidad,4,media,2,2026-01,2026-06,0.0,,False
Stewart Luya,Gremio,entidad,2,baja,2,2026-03,2026-07,0.0,,False
Stewart Luya,grupo f,entidad,3,media,2,2026-03,2026-04,0.0,,False
Stewart Luya,Hernán Barcos,entidad,4,media,2,2026-02,2026-06,0.0,,False
Stewart Luya,heroica se refuerza,tema,2,baja,2,2026-01,2026-08,0.0,,False
Stewart Luya,hinchas y se refuerza,tema,2,baja,2,2026-01,2026-06,0.0,,False
Stewart Luya,Huancavelica,entidad,2,baja,2,2026-05,2026-08,0.0,,False
Stewart Luya,huancayo consigue,entidad,2,baja,2,2026-02,2026-09,0.28773371306523154,,False
Stewart Luya,huancayo vs,entidad,3,media,2,2026-01,2026-02,0.0,,False
Stewart Luya,ii vs,tema,2,baja,2,2026-01,2026-08,0.0,,False
Stewart Luya,impactante revelación,tema,2,baja,2,2026-05,2026-08,0.0,,False
Stewart Luya,imparable en la liga,entidad,3,media,2,2026-04,2026-06,0.0,,False
Stewart Luya,Incontrastable,entidad,2,baja,2,2026-02,2026-03,0.0,,False
Stewart Luya,Incontrastable Sport Huancayo,entidad,2,baja,2,2026-03,2026-09,0.0,,False
Stewart Luya,independiente de avellaneda,entidad,2,baja,2,2026-01,2026-06,0.0,,False
Stewart Luya,inicio de la temporada,tema,2,baja,2,2026-01,2026-02,0.0,,False
Stewart Luya,inicio del torneo apertura,entidad,2,baja,2,2026-01,2026-02,0.0,,False
Stewart Luya,inicio del torneo clausura,entidad,7,media,2,2026-06,2026-07,0.0,,False
Stewart Luya,invicto en el torneo,tema,2,baja,2,2026-02,2026-03,0.0,,False
Stewart Luya,Joao,entidad,2,baja,2,2026-02,2026-04,0.0,,False
Stewart Luya,José Rivera,entidad,2,baja,2,2026-05,2026-06,0.0,,False
Stewart Luya,equipo de josé,tema,2,baja,2,2026-08,2026-09,0.7429898757317644,,False
Stewart Luya,jugar alianza,tema,4,media,2,2026-01,2026-09,0.10338069119659019,,False
Stewart Luya,jugar la selección,entidad,2,baja,2,2026-03,2026-04,0.0,,False
Stewart Luya,jugarán los cuartos,tema,2,baja,2,2026-05,2026-08,0.0,,False
Stewart Luya,Junior,entidad,4,media,2,2026-04,2026-05,0.0,,False
Stewart Luya,LDU,entidad,2,baja,2,2026-08,2026-09,1.0,,False
Stewart Luya,League,entidad,2,baja,2,2026-02,2026-09,1.0,,False
Stewart Luya,libertadores universitario de deportes,entidad,2,baja,2,2026-04,2026-05,0.0,,False
Stewart Luya,lidera el torneo,tema,2,baja,2,2026-02,2026-08,0.0,,False
Stewart Luya,lidera la liga,entidad,2,baja,2,2026-03,2026-04,0.0,,False
Stewart Luya,liga a qué hora,entidad,3,media,2,2026-03,2026-06,0.0,,False
Stewart Luya,Liga Atlético Grau,entidad,5,media,2,2026-01,2026-06,0.0,,False
Stewart Luya,Liga Ayacucho FC,entidad,2,baja,2,2026-02,2026-08,0.0,,False
Stewart Luya,Liga Bentín Tacna Heroica,entidad,4,media,2,2026-01,2026-08,0.0,,False
Stewart Luya,Liga Carlos Mannucci,entidad,3,media,2,2026-07,2026-08,0.0,,False
Stewart Luya,Liga Centro Social de Pariacoto,entidad,3,media,2,2026-02,2026-06,0.0,,False
Stewart Luya,Liga Comerciantes FC,entidad,5,media,2,2026-01,2026-08,0.0,,False
Stewart Luya,Liga Comisión Disciplinaria,entidad,3,media,2,2026-08,2026-09,1.0,,False
Stewart Luya,liga cuándo,entidad,2,baja,2,2026-02,2026-09,0.10567566111023723,,False
Stewart Luya,cultural volante,entidad,2,baja,2,2026-03,2026-08,0.0,,False
Stewart Luya,liga de naciones,entidad,3,media,2,2026-05,2026-06,0.0,,False
Stewart Luya,Liga de Naciones Femenina,entidad,4,media,2,2026-04,2026-06,0.0,,False
Stewart Luya,Liga Deportivo Llacuabamba,entidad,3,media,2,2026-02,2026-06,0.0,,False
Stewart Luya,Liga Deportivo Municipal,entidad,2,baja,2,2026-01,2026-03,0.0,,False
Stewart Luya,liga dónde,entidad,3,media,2,2026-02,2026-03,0.0,,False
Stewart Luya,liga fecha hora,entidad,2,baja,2,2026-01,2026-02,0.0,,False
Stewart Luya,Liga Femenina,entidad,4,media,2,2026-03,2026-05,0.0,,False
Stewart Luya,Liga Hernán Barcos,entidad,4,media,2,2026-01,2026-02,0.0,,False
Stewart Luya,Liga Juan Aurich,entidad,5,media,2,2026-08,2026-09,0.6289939074306395,,False
Stewart Luya,liga mx femenil,entidad,2,baja,2,2026-02,2026-03,0.0,,False
Stewart Luya,liga programación,entidad,3,media,2,2026-06,2026-07,0.0,,False
Stewart Luya,liga quiénes,entidad,3,media,2,2026-01,2026-03,0.0,,False
Stewart Luya,Liga Santos FC,entidad,2,baja,2,2026-02,2026-08,0.0,,False
Stewart Luya,Liga Unión Minas,entidad,4,media,2,2026-01,2026-09,1.0,,False
Stewart Luya,Liga Unión Santo,entidad,6,media,2,2026-01,2026-02,0.0,,False
Stewart Luya,liga victoria,entidad,2,baja,2,2026-06,2026-08,0.0,,False
Stewart Luya,lima como protagonistas,entidad,3,media,2,2026-08,2026-09,1.0,,False
Stewart Luya,lima cuándo,entidad,2,baja,2,2026-03,2026-04,0.0,,False
Stewart Luya,lima emite,entidad,2,baja,2,2026-01,2026-02,0.0,,False
Stewart Luya,lima la francesa,entidad,2,baja,2,2026-05,2026-06,0.0,,False
Stewart Luya,lima refuerza,entidad,2,baja,2,2026-02,2026-09,0.14002957026723456,,False
Stewart Luya,lima sismo,entidad,2,baja,2,2026-02,2026-07,0.0,,False
Stewart Luya,lima vs deportivo,entidad,3,media,2,2026-03,2026-05,0.0,,False
Stewart Luya,lima vs sport,entidad,2,baja,2,2026-01,2026-07,0.0,,False
Stewart Luya,LINFA,entidad,2,baja,2,2026-02,2026-09,1.0,,False
Stewart Luya,lista de convocadas,tema,3,media,2,2026-05,2026-07,0.1092587003795248,,False
Stewart Luya,llacuabamba vs,tema,2,baja,2,2026-03,2026-08,0.0,,False
Stewart Luya,luce con un doblete,tema,2,baja,2,2026-07,2026-09,1.0,,False
Stewart Luya,lugar del grupo,entidad,2,baja,2,2026-05,2026-06,0.0,,False
Stewart Luya,Major League Soccer,entidad,3,media,2,2026-07,2026-08,0.0,,False
Stewart Luya,mala racha,tema,3,media,2,2026-04,2026-05,0.0,,False
Stewart Luya,mannucci vs,tema,2,baja,2,2026-04,2026-08,0.0,,False
Stewart Luya,Mano Menezes,entidad,3,media,2,2026-01,2026-03,0.0,,False
Stewart Luya,medalla de bronce,tema,2,baja,2,2026-04,2026-05,0.0,,False
Stewart Luya,mediocentro ofensivo,tema,2,baja,2,2026-06,2026-08,0.0,,False
Stewart Luya,melgar en el estadio,entidad,2,baja,2,2026-02,2026-08,0.0,,False
Stewart Luya,melgar sorprende,entidad,2,baja,2,2026-06,2026-07,0.0,,False
Stewart Luya,melgar vs,entidad,2,baja,2,2026-02,2026-08,0.0,,False
Stewart Luya,mete en la pelea,tema,2,baja,2,2026-08,2026-09,0.2896680679275916,,False
Stewart Luya,miedo y se refuerza,tema,2,baja,2,2026-07,2026-08,0.0,,False
Stewart Luya,miguel trauco,entidad,4,media,2,2026-01,2026-09,0.0,,False
Stewart Luya,minutos con el orlando,tema,2,baja,2,2026-07,2026-08,0.0,,False
Stewart Luya,mira a figura,tema,2,baja,2,2026-04,2026-06,0.0,,False
Stewart Luya,mira de dos,tema,2,baja,2,2026-01,2026-09,0.8670320838878186,,False
Stewart Luya,mira de un equipo,tema,2,baja,2,2026-06,2026-07,0.0,,False
Stewart Luya,Monumental,entidad,2,baja,2,2026-02,2026-03,0.0,,False
Stewart Luya,Monumental de la UNSA,entidad,2,baja,2,2026-07,2026-08,0.0,,False
Stewart Luya,Moquegua,entidad,2,baja,2,2026-04,2026-08,0.0,,False
Stewart Luya,moquegua se refuerza,entidad,2,baja,2,2026-01,2026-06,0.0,,False
Stewart Luya,mundial de voleibol,entidad,6,media,2,2026-03,2026-07,0.0,,False
Stewart Luya,naciones de voleibol,entidad,3,media,2,2026-05,2026-06,0.0,,False
Stewart Luya,volleyball nations,entidad,3,media,2,2026-05,2026-06,0.0,,False
Stewart Luya,nombre del nuevo entrenador,tema,2,baja,2,2026-02,2026-04,0.0,,False
Stewart Luya,nueva armadora,tema,2,baja,2,2026-05,2026-08,0.0,,False
Stewart Luya,nuevo reto,tema,2,baja,2,2026-06,2026-08,0.0,,False
Stewart Luya,nuevos refuerzos para disputar,tema,2,baja,2,2026-01,2026-08,0.0,,False
Stewart Luya,once titular,tema,3,media,2,2026-03,2026-05,0.0,,False
Stewart Luya,ortega volverá,tema,2,baja,2,2026-02,2026-04,0.0,,False
Stewart Luya,Pablo Guede,entidad,3,media,2,2026-01,2026-02,0.0,,False
Stewart Luya,pacta amistoso,tema,2,baja,2,2026-01,2026-09,0.33934802876132303,,False
Stewart Luya,partido ante alianza,tema,2,baja,2,2026-08,2026-09,0.6105577757916538,,False
Stewart Luya,partido ante sport,tema,2,baja,2,2026-07,2026-09,1.0,,False
Stewart Luya,partido ante utc,entidad,2,baja,2,2026-06,2026-08,0.0,,False
Stewart Luya,partido de universitario,entidad,2,baja,2,2026-02,2026-03,0.0,,False
Stewart Luya,pasa bien,tema,3,media,2,2026-03,2026-08,0.0,,False
Stewart Luya,pasado en el fútbol,tema,2,baja,2,2026-01,2026-08,0.0,,False
Stewart Luya,paso del fútbol,tema,2,baja,2,2026-01,2026-07,0.0,,False
Stewart Luya,defensor patibamba,tema,2,baja,2,2026-08,2026-09,0.0,,False
Stewart Luya,peruana alfonso,tema,3,media,2,2026-02,2026-03,0.0,,False
Stewart Luya,peruana cuándo,tema,2,baja,2,2026-07,2026-08,0.0,,False
Stewart Luya,peruana fabio,tema,2,baja,2,2026-04,2026-05,0.0,,False
Stewart Luya,peruana francesco,tema,2,baja,2,2026-03,2026-09,1.0,,False
Stewart Luya,peruana oliver,tema,2,baja,2,2026-01,2026-07,0.0,,False
Stewart Luya,peruana sebastián,tema,2,baja,2,2026-03,2026-05,0.0,,False
Stewart Luya,peruano adrián,tema,2,baja,2,2026-05,2026-09,0.0,,False
Stewart Luya,peruano jesús,tema,2,baja,2,2026-03,2026-07,0.0,,False
Stewart Luya,pie derecho,tema,2,baja,2,2026-01,2026-06,0.0,,False
Stewart Luya,Piura,entidad,2,baja,2,2026-01,2026-09,0.0,,False
Stewart Luya,fútbol playa,tema,3,media,2,2026-04,2026-05,0.0,,False
Stewart Luya,pocos días,tema,2,baja,2,2026-03,2026-07,0.0,,False
Stewart Luya,portero colombiano,tema,2,baja,2,2026-01,2026-07,0.0,,False
Stewart Luya,Portugal,entidad,4,media,2,2026-06,2026-07,0.0,,False
Stewart Luya,posibles alineaciones,tema,2,baja,2,2026-01,2026-06,0.0,,False
Stewart Luya,potenciar la liga,entidad,3,media,2,2026-05,2026-07,0.0,,False
Stewart Luya,praga oliver,tema,2,baja,2,2026-02,2026-04,0.0,,False
Stewart Luya,Premier League,entidad,2,baja,2,2026-01,2026-06,0.0,,False
Stewart Luya,prensa brasileña,tema,2,baja,2,2026-08,2026-09,0.3970040224050639,,False
Stewart Luya,presentado como nuevo,tema,2,baja,2,2026-03,2026-06,0.0,,False
Stewart Luya,previa del torneo,tema,2,baja,2,2026-06,2026-07,0.0,,False
Stewart Luya,primer lugar,tema,2,baja,2,2026-02,2026-06,0.0,,False
Stewart Luya,primer refuerzo,tema,3,media,2,2026-01,2026-06,0.0,,False
Stewart Luya,principal objetivo,tema,4,media,2,2026-01,2026-03,0.0,,False
Stewart Luya,principales figuras,tema,2,baja,2,2026-03,2026-06,0.0,,False
Stewart Luya,quispe no levanta,tema,2,baja,2,2026-02,2026-04,0.0,,False
Stewart Luya,racha en el torneo,tema,2,baja,2,2026-04,2026-05,0.0,,False
Stewart Luya,reaparece en la goleada,tema,2,baja,2,2026-03,2026-07,0.0,,False
Stewart Luya,reemplazo de carlos,tema,2,baja,2,2026-01,2026-05,0.0,,False
Stewart Luya,refuerza con bicampeón,tema,2,baja,2,2026-01,2026-07,0.0,,False
Stewart Luya,refuerza con defensa,tema,3,media,2,2026-01,2026-02,0.0,,False
Stewart Luya,refuerza con delantero,tema,2,baja,2,2026-01,2026-02,0.0,,False
Stewart Luya,refuerza con ex universitario,entidad,2,baja,2,2026-02,2026-06,0.0,,False
Stewart Luya,refuerza con un exvolante,tema,2,baja,2,2026-06,2026-09,0.0,,False
Stewart Luya,refuerza con un portero,tema,2,baja,2,2026-02,2026-07,0.0,,False
Stewart Luya,refuerza para disputar,tema,2,baja,2,2026-04,2026-06,0.0,,False
Stewart Luya,refuerzo de sporting,entidad,2,baja,2,2026-06,2026-07,0.0,,False
Stewart Luya,refuerzo para el torneo,tema,5,media,2,2026-06,2026-07,0.0,,False
Stewart Luya,refuerzo para la liga,entidad,3,media,2,2026-01,2026-08,0.0,,False
Stewart Luya,refuerzos para la etapa,entidad,3,media,2,2026-08,2026-09,0.22057511935786758,,False
Stewart Luya,refuerzos para la liga,entidad,4,media,2,2026-01,2026-05,0.0,,False
Stewart Luya,refuerzos para la temporada,tema,3,media,2,2026-01,2026-02,0.0,,False
Stewart Luya,remece la liga,entidad,2,baja,2,2026-05,2026-09,1.0,,False
Stewart Luya,rescata un empate,tema,3,media,2,2026-02,2026-06,0.0,,False
Stewart Luya,resultados de los octavos,tema,3,media,2,2026-07,2026-08,0.0,,False
Stewart Luya,llegada de ricardo,tema,2,baja,2,2026-08,2026-09,1.0,,False
Stewart Luya,rivales en la copa,entidad,2,baja,2,2026-04,2026-05,0.0,,False
Stewart Luya,River Plate,entidad,2,baja,2,2026-05,2026-08,0.0,,False
Stewart Luya,Rojo Matador,entidad,2,baja,2,2026-01,2026-08,0.0,,False
Stewart Luya,rumores para el torneo,tema,2,baja,2,2026-06,2026-07,0.0,,False
Stewart Luya,sanciona a adt,tema,2,baja,2,2026-07,2026-09,0.2900916495847773,,False
Stewart Luya,Saravia,entidad,2,baja,2,2026-02,2026-06,0.0,,False
Stewart Luya,selección argentina,entidad,2,baja,2,2026-04,2026-05,0.0,,False
Stewart Luya,selección peruana de vóley,entidad,4,media,2,2026-05,2026-06,0.0,,False
Stewart Luya,Selección Peruana Femenina,entidad,5,media,2,2026-02,2026-04,0.0,,False
Stewart Luya,semifinales del campeonato,entidad,2,baja,2,2026-02,2026-08,0.0,,False
Stewart Luya,sigue firme,tema,2,baja,2,2026-02,2026-09,1.0,,False
Stewart Luya,sigue reforzando,tema,2,baja,2,2026-07,2026-09,0.0,,False
Stewart Luya,sigue sumando,tema,2,baja,2,2026-04,2026-05,0.0,,False
Stewart Luya,sonne y joao,entidad,2,baja,2,2026-02,2026-04,0.0,,False
Stewart Luya,sorprende a sus hinchas,tema,6,media,2,2026-01,2026-06,0.0,,False
Stewart Luya,sorpresiva salida,tema,2,baja,2,2026-03,2026-08,0.0,,False
Stewart Luya,Sportivo Huracán,entidad,2,baja,2,2026-04,2026-09,0.10423170538356233,,False
Stewart Luya,Sports,entidad,2,baja,2,2026-01,2026-09,0.23679045265841428,,False
Stewart Luya,Sub,entidad,3,media,2,2026-01,2026-08,0.0,,False
Stewart Luya,Sudáfrica,entidad,5,media,2,2026-06,2026-07,0.0,,False
Stewart Luya,Sudamericana,entidad,2,baja,2,2026-04,2026-05,0.0,,False
Stewart Luya,sudamericana de voleibol masculino,entidad,4,media,2,2026-06,2026-08,0.16912154670808338,,False
Stewart Luya,Sudamericano,entidad,19,alta,2,2026-02,2026-07,0.0,,False
Stewart Luya,Sudamericano de Voleibol,entidad,2,baja,2,2026-01,2026-09,0.1978402989825428,,False
Stewart Luya,Sudamericano Femenino Sub,entidad,3,media,2,2026-04,2026-05,0.0,,False
Stewart Luya,Sudamericano Sub,entidad,2,baja,2,2026-04,2026-05,0.0,,False
Stewart Luya,Suecia,entidad,2,baja,2,2026-05,2026-06,0.0,,False
Stewart Luya,Suiza,entidad,2,baja,2,2026-05,2026-06,0.0,,False
Stewart Luya,suma dos refuerzos,tema,2,baja,2,2026-06,2026-08,0.07820096726715427,,False
Stewart Luya,suma un nuevo triunfo,tema,3,media,2,2026-02,2026-08,0.0,,False
Stewart Luya,suma un refuerzo,tema,2,baja,2,2026-02,2026-06,0.0,,False
Stewart Luya,Sydney FC,entidad,2,baja,2,2026-01,2026-03,0.0,,False
Stewart Luya,Tarma,entidad,3,media,2,2026-04,2026-07,0.0,,False
Stewart Luya,tarma vs,entidad,2,baja,2,2026-07,2026-09,1.0,,False
Stewart Luya,técnico para la temporada,tema,4,media,2,2026-01,2026-02,0.0,,False
Stewart Luya,temblor hoy en lima,entidad,2,baja,2,2026-02,2026-07,0.0,,False
Stewart Luya,temporada de la liga,entidad,4,media,2,2026-01,2026-02,0.0,,False
Stewart Luya,tendrá presencia,tema,2,baja,2,2026-06,2026-09,0.46376133449035545,,False
Stewart Luya,tercer lugar,tema,2,baja,2,2026-05,2026-09,1.0,,False
Stewart Luya,Thomas,entidad,2,baja,2,2026-05,2026-07,0.0,,False
Stewart Luya,título del torneo,tema,2,baja,2,2026-05,2026-07,0.0,,False
Stewart Luya,Torneo Apertura de la Liga,entidad,3,media,2,2026-02,2026-03,0.0,,False
Stewart Luya,Torneo Clausura de Colombia,entidad,2,baja,2,2026-08,2026-09,0.0,,False
Stewart Luya,Torneo Clausura Sport Boys,entidad,2,baja,2,2026-07,2026-08,0.0,,False
Stewart Luya,transmitirá la copa,entidad,2,baja,2,2026-02,2026-07,0.0,,False
Stewart Luya,tres bajas,tema,2,baja,2,2026-01,2026-06,0.0,,False
Stewart Luya,tres nuevos,tema,2,baja,2,2026-02,2026-08,0.0,,False
Stewart Luya,triunfo ante deportivo,entidad,2,baja,2,2026-03,2026-04,0.0,,False
Stewart Luya,Túnez,entidad,3,media,2,2026-06,2026-08,0.0,,False
Stewart Luya,Unión Huaral,entidad,3,media,2,2026-06,2026-09,0.0,,False
Stewart Luya,Universidad San Martín,entidad,3,media,2,2026-04,2026-05,0.0,,False
Stewart Luya,universitario cusco,entidad,3,media,2,2026-03,2026-05,0.0,,False
Stewart Luya,Universitario de Deportes Héctor Cúper,entidad,2,baja,2,2026-05,2026-07,0.0,,False
Stewart Luya,vallejo se refuerza,tema,2,baja,2,2026-01,2026-07,0.0,,False
Stewart Luya,vallejo sorprende,tema,2,baja,2,2026-07,2026-08,0.0,,False
Stewart Luya,VAR,entidad,2,baja,2,2026-04,2026-07,0.0,,False
Stewart Luya,ventaja en la fecha,tema,2,baja,2,2026-03,2026-06,0.0,,False
Stewart Luya,victoria en el torneo,tema,2,baja,2,2026-02,2026-08,0.0,,False
Stewart Luya,viejo conocido,tema,2,baja,2,2026-03,2026-08,0.0,,False
Stewart Luya,visitar a alianza,tema,2,baja,2,2026-03,2026-08,0.0,,False
Stewart Luya,volante con pasado,tema,2,baja,2,2026-03,2026-05,0.0,,False
Stewart Luya,Voleibol,entidad,2,baja,2,2026-04,2026-09,1.0,,False
Stewart Luya,Vóley,entidad,5,media,2,2026-02,2026-09,0.04427771571335906,,False
Stewart Luya,vóley quién,entidad,2,baja,2,2026-03,2026-04,0.0,,False
Stewart Luya,vóley resultados,entidad,3,media,2,2026-02,2026-03,0.0,,False
Stewart Luya,vóley san,entidad,3,media,2,2026-04,2026-09,0.4798843450375637,,False
Stewart Luya,vóley universitario,entidad,2,baja,2,2026-03,2026-06,0.0,,False
Stewart Luya,vs adt,tema,3,media,2,2026-01,2026-07,0.0,,False
Stewart Luya,vs argentina,entidad,2,baja,2,2026-07,2026-08,0.0,,False
Stewart Luya,vs bentín,tema,2,baja,2,2026-07,2026-08,0.0,,False
Stewart Luya,vs carabobo,tema,2,baja,2,2026-02,2026-03,0.0,,False
Stewart Luya,vs comerciantes unidos,entidad,2,baja,2,2026-02,2026-03,0.0,,False
Stewart Luya,vs deportivo garcilaso,entidad,2,baja,2,2026-02,2026-07,0.0,,False
Stewart Luya,vs junior,entidad,3,media,2,2026-04,2026-05,0.0,,False
Stewart Luya,vs nacional,entidad,2,baja,2,2026-04,2026-05,0.0,,False
Stewart Luya,vs unión,tema,2,baja,2,2026-04,2026-07,0.0,,False
Stewart Luya,vs universidad,entidad,3,media,2,2026-01,2026-04,0.0,,False
Stewart Luya,vuelta de la liga,entidad,2,baja,2,2026-03,2026-04,0.0,,False
Stewart Luya,vuelve a jugar alianza,tema,2,baja,2,2026-01,2026-09,0.1277442773310678,,False
Stewart Luya,cartagena vuelve,tema,2,baja,2,2026-07,2026-08,0.0,,False
Stewart Luya,afrontar la temporada,tema,2,baja,1,2026-01,2026-01,0.0,,False
Stewart Luya,agónico tanto,tema,2,baja,1,2026-06,2026-06,0.0,,False
Stewart Luya,Alianza Lima Pablo Guede,entidad,2,baja,1,2026-01,2026-01,0.0,,False
Stewart Luya,Alianza Lima Vóley,entidad,3,media,1,2026-09,2026-09,1.0,,False
Stewart Luya,amistoso entre universitario,entidad,2,baja,1,2026-07,2026-07,0.0,,False
Stewart Luya,André Carrillo y Jesús Pretell,entidad,2,baja,1,2026-08,2026-08,0.0,,False
Stewart Luya,semana complicada,tema,2,baja,1,2026-05,2026-05,0.0,,False
Stewart Luya,árbitro confirmado,tema,3,media,1,2026-03,2026-03,0.0,,False
Stewart Luya,árbitro de cienciano,entidad,2,baja,1,2026-07,2026-07,0.0,,False
Stewart Luya,árbitro de sporting,tema,3,media,1,2026-07,2026-07,0.0,,False
Stewart Luya,árbitro del alianza atlético,entidad,2,baja,1,2026-02,2026-02,0.0,,False
Stewart Luya,argentina vs,entidad,2,baja,1,2026-07,2026-07,0.0,,False
Stewart Luya,atlético vs,tema,2,baja,1,2026-02,2026-02,0.0,,False
Stewart Luya,ATP de Hamburgo Ignacio Buse,entidad,2,baja,1,2026-05,2026-05,0.0,,False
Stewart Luya,b de la liga,entidad,2,baja,1,2026-06,2026-06,0.0,,False
Stewart Luya,b del mundial,tema,2,baja,1,2026-08,2026-08,0.0,,False
Stewart Luya,bajas para recibir,tema,2,baja,1,2026-03,2026-03,0.0,,False
Stewart Luya,bajas renovaciones,tema,4,media,1,2026-01,2026-01,0.0,,False
Stewart Luya,bajas y renovaciones,tema,2,baja,1,2026-05,2026-05,0.0,,False
Stewart Luya,bauru y se despide,tema,2,baja,1,2026-02,2026-02,0.0,,False
Stewart Luya,Bella Esperanza,entidad,2,baja,1,2026-09,2026-09,1.0,,False
Stewart Luya,bombos de la copa,entidad,2,baja,1,2026-03,2026-03,0.0,,False
Stewart Luya,boys vs alianza lima,entidad,2,baja,1,2026-08,2026-08,0.0,,False
Stewart Luya,Bragantino,entidad,5,media,1,2026-07,2026-07,0.0,,False
Stewart Luya,bragantino por los playoffs,entidad,2,baja,1,2026-07,2026-07,0.0,,False
Stewart Luya,Brasil Cup,entidad,2,baja,1,2026-09,2026-09,1.0,,False
Stewart Luya,Bulgaria,entidad,2,baja,1,2026-05,2026-05,0.0,,False
Stewart Luya,buscar el ascenso,tema,2,baja,1,2026-08,2026-08,0.0,,False
Stewart Luya,cajamarca ficha,entidad,2,baja,1,2026-07,2026-07,0.0,,False
Stewart Luya,apertura calendario,tema,5,media,1,2026-01,2026-01,0.0,,False
Stewart Luya,calendario oficial,tema,2,baja,1,2026-09,2026-09,1.0,,False
Stewart Luya,camiseta de universitario,entidad,2,baja,1,2026-05,2026-05,0.0,,False
Stewart Luya,campeonato mundial de clubes,entidad,2,baja,1,2026-09,2026-09,1.0,,False
Stewart Luya,Campeonato Nacional Tradición Copera,entidad,12,alta,1,2026-09,2026-09,1.0,,False
Stewart Luya,campeonato sudamericano de clubes,entidad,2,baja,1,2026-02,2026-02,0.0,,False
Stewart Luya,Campeonato Sudamericano de Voleibol Femenino,entidad,2,baja,1,2026-09,2026-09,1.0,,False
Stewart Luya,Canadá Estados Unidos y México,entidad,2,baja,1,2026-06,2026-06,0.0,,False
Stewart Luya,canal de alianza,tema,2,baja,1,2026-07,2026-07,0.0,,False
Stewart Luya,canal de la noche,tema,2,baja,1,2026-01,2026-01,0.0,,False
Stewart Luya,canal del amistoso,tema,2,baja,1,2026-06,2026-06,0.0,,False
Stewart Luya,canal del sorteo,tema,2,baja,1,2026-03,2026-03,0.0,,False
Stewart Luya,canal transmite,tema,3,media,1,2026-07,2026-07,0.0,,False
Stewart Luya,cara al torneo,tema,2,baja,1,2026-06,2026-06,0.0,,False
Stewart Luya,Carlos Bustos,entidad,2,baja,1,2026-05,2026-05,0.0,,False
Stewart Luya,carlos zambrano,entidad,4,media,1,2026-01,2026-01,0.0,,False
Stewart Luya,cav esquimo,entidad,2,baja,1,2026-09,2026-09,1.0,,False
Stewart Luya,chankas vs,entidad,3,media,1,2026-03,2026-03,0.0,,False
Stewart Luya,chankas vs universitario,entidad,2,baja,1,2026-03,2026-03,0.0,,False
Stewart Luya,Cienciano Horacio Melgarejo,entidad,2,baja,1,2026-08,2026-08,0.0,,False
Stewart Luya,cienciano vs alianza,entidad,2,baja,1,2026-05,2026-05,0.0,,False
Stewart Luya,cienciano vs universitario,entidad,2,baja,1,2026-07,2026-07,0.0,,False
Stewart Luya,clubes de voleibol,entidad,8,media,1,2026-02,2026-02,0.0,,False
Stewart Luya,clubes femeninos,tema,2,baja,1,2026-09,2026-09,1.0,,False
Stewart Luya,comando técnico,tema,2,baja,1,2026-09,2026-09,0.0,,False
Stewart Luya,comercio sorprende y suma,tema,2,baja,1,2026-01,2026-01,0.0,,False
Stewart Luya,completo del equipo,tema,3,media,1,2026-01,2026-01,0.0,,False
Stewart Luya,confirmado para el debut,tema,3,media,1,2026-03,2026-03,0.0,,False
Stewart Luya,convocada a la selección,entidad,2,baja,1,2026-05,2026-05,0.0,,False
Stewart Luya,Copa Colombia,entidad,2,baja,1,2026-05,2026-05,0.0,,False
Stewart Luya,Copa Davis,entidad,2,baja,1,2026-02,2026-02,0.0,,False
Stewart Luya,Copa de la Liga SAFAP,entidad,2,baja,1,2026-06,2026-06,0.0,,False
Stewart Luya,Copa Latina,entidad,2,baja,1,2026-06,2026-06,0.0,,False
Stewart Luya,Copa Libertadores de Futsal,entidad,3,media,1,2026-05,2026-05,0.0,,False
Stewart Luya,Copa Libertadores Sub,entidad,2,baja,1,2026-03,2026-03,0.0,,False
Stewart Luya,Copa Panamericana Sub,entidad,10,alta,1,2026-05,2026-05,0.0,,False
Stewart Luya,copa perú cuándo,entidad,2,baja,1,2026-07,2026-07,0.0,,False
Stewart Luya,Copa Sudamericana de Voleibol Femenino,entidad,3,media,1,2026-07,2026-07,0.0,,False
Stewart Luya,Copa Sudamericana de Vóley,entidad,5,media,1,2026-07,2026-07,0.043751970118258106,,False
Stewart Luya,corre riesgo,tema,2,baja,1,2026-01,2026-01,0.0,,False
Stewart Luya,corta su racha,tema,2,baja,1,2026-02,2026-02,0.0,,False
Stewart Luya,cristal por la fecha,tema,2,baja,1,2026-08,2026-08,0.0,,False
Stewart Luya,cristal y cusco,entidad,3,media,1,2026-05,2026-05,0.0,,False
Stewart Luya,cuándo volverá,tema,2,baja,1,2026-01,2026-01,0.0,,False
Stewart Luya,Curazao,entidad,2,baja,1,2026-06,2026-06,0.0,,False
Stewart Luya,debut en el mundial,tema,3,media,1,2026-06,2026-06,0.0,,False
Stewart Luya,decisión tras la goleada,tema,2,baja,1,2026-08,2026-08,0.0,,False
Stewart Luya,defensa central,tema,2,baja,1,2026-01,2026-01,0.0,,False
Stewart Luya,denuncia penal,tema,2,baja,1,2026-07,2026-07,0.0,,False
Stewart Luya,deportes vs universidad,entidad,2,baja,1,2026-01,2026-01,0.0,,False
Stewart Luya,Deportivo,entidad,3,media,1,2026-09,2026-09,0.0,,False
Stewart Luya,Deportivo Caysa,entidad,3,media,1,2026-09,2026-09,1.0,,False
Stewart Luya,derbi trujillano,tema,2,baja,1,2026-08,2026-08,0.0,,False
Stewart Luya,derrota ante alianza,tema,2,baja,1,2026-06,2026-06,0.0,,False
Stewart Luya,descenso a la copa,entidad,2,baja,1,2026-09,2026-09,1.0,,False
Stewart Luya,despide del sudamericano,entidad,2,baja,1,2026-02,2026-02,0.0,,False
Stewart Luya,disputar el campeonato,entidad,2,baja,1,2026-09,2026-09,0.0,,False
Stewart Luya,segunda división de rusia,entidad,2,baja,1,2026-04,2026-04,0.0,,False
Stewart Luya,DNI,entidad,2,baja,1,2026-02,2026-02,0.0,,False
Stewart Luya,empate ante sport,tema,2,baja,1,2026-06,2026-06,0.0,,False
Stewart Luya,entradas para el sudamericano,entidad,2,baja,1,2026-02,2026-02,0.0,,False
Stewart Luya,entradas para los chankas,entidad,2,baja,1,2026-03,2026-03,0.0,,False
Stewart Luya,españa por las semifinales,entidad,2,baja,1,2026-07,2026-07,0.0,,False
Stewart Luya,Etapa Departamental de Lima,entidad,3,media,1,2026-07,2026-07,0.0,,False
Stewart Luya,exterior matteo,tema,2,baja,1,2026-02,2026-02,0.0,,False
Stewart Luya,fase de la liga,entidad,3,media,1,2026-02,2026-02,0.0,,False
Stewart Luya,fase preliminar,entidad,2,baja,1,2026-03,2026-03,0.0,,False
Stewart Luya,fecha de la etapa,entidad,4,media,1,2026-09,2026-09,1.0,,False
Stewart Luya,femenina cuándo,tema,2,baja,1,2026-04,2026-04,0.0,,False
Stewart Luya,Femeninos de la FIVB,entidad,2,baja,1,2026-09,2026-09,1.0,,False
Stewart Luya,ficha a un delantero,tema,2,baja,1,2026-07,2026-07,0.0,,False
Stewart Luya,figura de deportivo,entidad,2,baja,1,2026-07,2026-07,0.0,,False
Stewart Luya,Filipinas,entidad,2,baja,1,2026-08,2026-08,0.0,,False
Stewart Luya,final de vuelta,tema,2,baja,1,2026-04,2026-04,0.0,,False
Stewart Luya,fixture oficial,tema,2,baja,1,2026-02,2026-02,0.0,,False
Stewart Luya,francia vs,entidad,4,media,1,2026-07,2026-07,0.0,,False
Stewart Luya,francia vs españa,entidad,2,baja,1,2026-07,2026-07,0.0,,False
Stewart Luya,gerdau minas,entidad,2,baja,1,2026-09,2026-09,1.0,,False
Stewart Luya,goleada sufrida,tema,2,baja,1,2026-08,2026-08,0.0,,False
Stewart Luya,grupo c,entidad,2,baja,1,2026-06,2026-06,0.0,,False
Stewart Luya,Guillermo Viscarra,entidad,2,baja,1,2026-03,2026-03,0.0,,False
Stewart Luya,Héctor Cúper,entidad,4,media,1,2026-05,2026-05,0.0,,False
Stewart Luya,histórico triunfo,tema,2,baja,1,2026-03,2026-03,0.0,,False
Stewart Luya,hora del sorteo,tema,2,baja,1,2026-05,2026-05,0.0,,False
Stewart Luya,Huamachuco,entidad,2,baja,1,2026-08,2026-08,0.0,,False
Stewart Luya,huancayo se refuerza,entidad,2,baja,1,2026-07,2026-07,0.0,,False
Stewart Luya,huancayo vs alianza,entidad,2,baja,1,2026-01,2026-01,0.0,,False
Stewart Luya,hunde a juan,tema,2,baja,1,2026-05,2026-05,0.0,,False
Stewart Luya,ideal de la copa,entidad,2,baja,1,2026-03,2026-03,0.0,,False
Stewart Luya,importante anuncio,tema,2,baja,1,2026-01,2026-01,0.0,,False
Stewart Luya,Inca,entidad,2,baja,1,2026-09,2026-09,0.0,,False
Stewart Luya,Independiente,entidad,2,baja,1,2026-01,2026-01,0.0,,False
Stewart Luya,inesperada derrota,tema,2,baja,1,2026-04,2026-04,0.0,,False
Stewart Luya,inesperadas sanciones,tema,2,baja,1,2026-09,2026-09,1.0,,False
Stewart Luya,inicia la liga,entidad,2,baja,1,2026-05,2026-05,0.0,,False
Stewart Luya,inicia la venta,tema,2,baja,1,2026-04,2026-04,0.0,,False
Stewart Luya,italiano se refuerza,tema,2,baja,1,2026-05,2026-05,0.0,,False
Stewart Luya,Japón,entidad,3,media,1,2026-06,2026-06,0.0,,False
Stewart Luya,gálvez suma,tema,2,baja,1,2026-09,2026-09,0.0,,False
Stewart Luya,Juan Pablo Goicochea,entidad,2,baja,1,2026-02,2026-02,0.0,,False
Stewart Luya,Lanús,entidad,4,media,1,2026-07,2026-07,0.0,,False
Stewart Luya,league cuándo,entidad,2,baja,1,2026-05,2026-05,0.0,,False
Stewart Luya,Libertad,entidad,2,baja,1,2026-09,2026-09,1.0,,False
Stewart Luya,libertadores quién,tema,3,media,1,2026-04,2026-04,0.0,,False
Stewart Luya,liga atlético grau sorprende,entidad,2,baja,1,2026-01,2026-01,0.0,,False
Stewart Luya,Liga Binacional,entidad,2,baja,1,2026-08,2026-08,0.0,,False
Stewart Luya,Liga Comisión de Licencias,entidad,2,baja,1,2026-07,2026-07,0.0,,False
Stewart Luya,liga comisión disciplinaria sanciona,entidad,2,baja,1,2026-09,2026-09,1.0,,False
Stewart Luya,liga del fútbol,entidad,2,baja,1,2026-01,2026-01,0.0,,False
Stewart Luya,Liga Femenina Sporting Cristal,entidad,2,baja,1,2026-07,2026-07,0.0,,False
Stewart Luya,liga futbolista,entidad,2,baja,1,2026-01,2026-01,0.0,,False
Stewart Luya,liga horarios,entidad,2,baja,1,2026-06,2026-06,0.0,,False
Stewart Luya,Liga MX,entidad,2,baja,1,2026-02,2026-02,0.0,,False
Stewart Luya,liga refuerza,entidad,2,baja,1,2026-09,2026-09,0.0,,False
Stewart Luya,Liga Revelacao Sub de Portugal,entidad,2,baja,1,2026-01,2026-01,0.0,,False
Stewart Luya,Liga Universidad César Vallejo,entidad,2,baja,1,2026-07,2026-07,0.0,,False
Stewart Luya,Liga UTC,entidad,2,baja,1,2026-01,2026-01,0.0,,False
Stewart Luya,Liga y Copa Libertadores,entidad,4,media,1,2026-01,2026-01,0.0,,False
Stewart Luya,Liga y Copa Sudamericana,entidad,5,media,1,2026-01,2026-01,0.0,,False
Stewart Luya,lima destaca,entidad,2,baja,1,2026-06,2026-06,0.0,,False
Stewart Luya,lima en la previa,entidad,2,baja,1,2026-08,2026-08,0.0,,False
Stewart Luya,lima en la serie,entidad,3,media,1,2026-01,2026-01,0.0,,False
Stewart Luya,lima por la fecha,entidad,4,media,1,2026-08,2026-08,0.0,,False
Stewart Luya,lima vs melgar,entidad,2,baja,1,2026-03,2026-03,0.0,,False
Stewart Luya,luce con doblete,tema,2,baja,1,2026-01,2026-01,0.0,,False
Stewart Luya,manda en el historial,tema,2,baja,1,2026-04,2026-04,0.0,,False
Stewart Luya,martín quién,tema,2,baja,1,2026-04,2026-04,0.0,,False
Stewart Luya,martín vs alianza,entidad,3,media,1,2026-04,2026-04,0.0,,False
Stewart Luya,masculino sub,entidad,2,baja,1,2026-01,2026-01,0.0,,False
Stewart Luya,mercado y se refuerza,tema,2,baja,1,2026-02,2026-02,0.0,,False
Stewart Luya,México,entidad,5,media,1,2026-06,2026-06,0.0,,False
Stewart Luya,Mirassol,entidad,2,baja,1,2026-08,2026-08,0.0,,False
Stewart Luya,momento en el ascenso,tema,2,baja,1,2026-08,2026-08,0.0,,False
Stewart Luya,Montevideo City,entidad,3,media,1,2026-09,2026-09,1.0,,False
Stewart Luya,mundial con un agónico,tema,2,baja,1,2026-06,2026-06,0.0,,False
Stewart Luya,mundial de canadá,entidad,2,baja,1,2026-06,2026-06,0.0,,False
Stewart Luya,mundial marcadores,tema,2,baja,1,2026-07,2026-07,0.0,,False
Stewart Luya,noche crema,entidad,2,baja,1,2026-01,2026-01,0.0,,False
Stewart Luya,Noche Blanquiazul,entidad,6,media,1,2026-01,2026-01,0.0,,False
Stewart Luya,Noche Blanquiazul Vóley,entidad,5,media,1,2026-09,2026-09,1.0,,False
Stewart Luya,nueva derrota,tema,2,baja,1,2026-02,2026-02,0.0,,False
Stewart Luya,objetivo con la selección,entidad,2,baja,1,2026-03,2026-03,0.0,,False
Stewart Luya,octavos de final vuelta,tema,2,baja,1,2026-08,2026-08,0.0,,False
Stewart Luya,ocurrido en uruguay,entidad,2,baja,1,2026-01,2026-01,0.0,,False
Stewart Luya,once ideal,tema,2,baja,1,2026-03,2026-03,0.0,,False
Stewart Luya,Osasco,entidad,3,media,1,2026-02,2026-02,0.0,,False
Stewart Luya,Países Bajos,entidad,3,media,1,2026-06,2026-06,0.0,,False
Stewart Luya,París,entidad,2,baja,1,2026-03,2026-03,0.0,,False
Stewart Luya,participar en tradición,tema,2,baja,1,2026-09,2026-09,1.0,,False
Stewart Luya,partido ante palmeiras,entidad,2,baja,1,2026-04,2026-04,0.0,,False
Stewart Luya,partido de la copa,entidad,2,baja,1,2026-06,2026-06,0.0,,False
Stewart Luya,partido entre francia,entidad,2,baja,1,2026-07,2026-07,0.0,,False
Stewart Luya,pasado en la liga,entidad,2,baja,1,2026-09,2026-09,0.0,,False
Stewart Luya,pases y ficha,tema,2,baja,1,2026-01,2026-01,0.0,,False
Stewart Luya,peña y miguel,tema,3,media,1,2026-01,2026-01,0.0,,False
Stewart Luya,peruana matteo,tema,2,baja,1,2026-03,2026-03,0.0,,False
Stewart Luya,Pirata FC,entidad,4,media,1,2026-06,2026-06,0.0,,False
Stewart Luya,plantel para disputar,tema,2,baja,1,2026-05,2026-05,0.0,,False
Stewart Luya,playoffs de la copa,entidad,4,media,1,2026-07,2026-07,0.0,,False
Stewart Luya,posible alineación,tema,2,baja,1,2026-07,2026-07,0.0,,False
Stewart Luya,preliminar de la copa,entidad,2,baja,1,2026-03,2026-03,0.0,,False
Stewart Luya,presente temporada,tema,2,baja,1,2026-01,2026-01,0.0,,False
Stewart Luya,primer triunfo,tema,3,media,1,2026-06,2026-06,0.0,,False
Stewart Luya,primera fecha,tema,2,baja,1,2026-06,2026-06,0.0,,False
Stewart Luya,primera vez,tema,2,baja,1,2026-02,2026-02,0.0,,False
Stewart Luya,programación de la primera,tema,2,baja,1,2026-06,2026-06,0.0,,False
Stewart Luya,programación de los octavos,tema,2,baja,1,2026-08,2026-08,0.0,,False
Stewart Luya,Pumas,entidad,2,baja,1,2026-03,2026-03,0.0,,False
Stewart Luya,campeón de puno,tema,3,media,1,2026-09,2026-09,1.0,,False
Stewart Luya,punto de fichar,tema,2,baja,1,2026-06,2026-06,0.0,,False
Stewart Luya,Qatar,entidad,2,baja,1,2026-06,2026-06,0.0,,False
Stewart Luya,Qualifiers,entidad,2,baja,1,2026-02,2026-02,0.0,,False
Stewart Luya,quién manda,tema,2,baja,1,2026-04,2026-04,0.0,,False
Stewart Luya,radical medida,tema,2,baja,1,2026-09,2026-09,0.0,,False
Stewart Luya,refuerza al campeón,tema,2,baja,1,2026-09,2026-09,1.0,,False
Stewart Luya,refuerza con campeón,tema,2,baja,1,2026-01,2026-01,0.0,,False
Stewart Luya,refuerza con experimentado,tema,2,baja,1,2026-01,2026-01,0.0,,False
Stewart Luya,refuerza con un ex,tema,2,baja,1,2026-07,2026-07,0.0,,False
Stewart Luya,refuerzo para la temporada,tema,2,baja,1,2026-01,2026-01,0.0,,False
Stewart Luya,regresa a la incontrastable,entidad,2,baja,1,2026-03,2026-03,0.0,,False
Stewart Luya,remarca su principal,tema,2,baja,1,2026-03,2026-03,0.0,,False
Stewart Luya,renovaciones para la liga,entidad,2,baja,1,2026-05,2026-05,0.0,,False
Stewart Luya,Río de la Plata,entidad,6,media,1,2026-01,2026-01,0.0,,False
Stewart Luya,rumores para la liga,entidad,4,media,1,2026-01,2026-01,0.0,,False
Stewart Luya,sanciones en la previa,tema,2,baja,1,2026-09,2026-09,1.0,,False
Stewart Luya,santo domingo sorprende,tema,2,baja,1,2026-02,2026-02,0.0,,False
Stewart Luya,semifinales de la liga,entidad,2,baja,1,2026-03,2026-03,0.0,,False
Stewart Luya,semifinales del mundial,tema,4,media,1,2026-07,2026-07,0.0,,False
Stewart Luya,semifinales del sudamericano,entidad,3,media,1,2026-02,2026-02,0.0,,False
Stewart Luya,Senegal,entidad,3,media,1,2026-03,2026-03,0.0,,False
Stewart Luya,serie río,tema,6,media,1,2026-01,2026-01,0.0,,False
Stewart Luya,Sesi Volei Bauru,entidad,3,media,1,2026-02,2026-02,0.0,,False
Stewart Luya,sorprende y cambia,tema,2,baja,1,2026-06,2026-06,0.0,,False
Stewart Luya,sorteo de la fase,entidad,2,baja,1,2026-03,2026-03,0.0,,False
Stewart Luya,sorteo de los octavos,tema,2,baja,1,2026-05,2026-05,0.0,,False
Stewart Luya,Sport River,entidad,2,baja,1,2026-09,2026-09,0.0,,False
Stewart Luya,defensor sporting,entidad,2,baja,1,2026-02,2026-02,0.0,,False
Stewart Luya,Sporting Cristal Roberto Mosquera,entidad,2,baja,1,2026-08,2026-08,0.0,,False
Stewart Luya,Stadium,entidad,2,baja,1,2026-06,2026-06,0.0,,False
Stewart Luya,Sudamericano de Voleibol Femenino Sub,entidad,2,baja,1,2026-09,2026-09,1.0,,False
Stewart Luya,sudamericano de voleibol masculino,entidad,2,baja,1,2026-01,2026-01,0.0,,False
Stewart Luya,Surinam,entidad,3,media,1,2026-03,2026-03,0.0,,False
Stewart Luya,lima comando,tema,2,baja,1,2026-01,2026-01,0.0,,False
Stewart Luya,tabla acumulada,tema,2,baja,1,2026-07,2026-07,0.0,,False
Stewart Luya,tarma sorprende,entidad,2,baja,1,2026-01,2026-01,0.0,,False
Stewart Luya,técnico para la etapa,entidad,3,media,1,2026-09,2026-09,0.0,,False
Stewart Luya,titular en el empate,tema,2,baja,1,2026-08,2026-08,0.0,,False
Stewart Luya,toma las riendas,tema,2,baja,1,2026-08,2026-08,0.0,,False
Stewart Luya,Tradición Copera,entidad,5,media,1,2026-09,2026-09,1.0,,False
Stewart Luya,triunfo del bayern,tema,2,baja,1,2026-08,2026-08,0.0,,False
Stewart Luya,triunfo en el torneo,tema,2,baja,1,2026-09,2026-09,1.0,,False
Stewart Luya,triunfo en la copa,entidad,2,baja,1,2026-06,2026-06,0.0,,False
Stewart Luya,Universidad de Chile,entidad,3,media,1,2026-01,2026-01,0.0,,False
Stewart Luya,universitario sporting,entidad,3,media,1,2026-05,2026-05,0.0,,False
Stewart Luya,US Open,entidad,2,baja,1,2026-09,2026-09,1.0,,False
Stewart Luya,Venezuela,entidad,2,baja,1,2026-05,2026-05,0.0,,False
Stewart Luya,venta de entradas,tema,2,baja,1,2026-04,2026-04,0.0,,False
Stewart Luya,viejo continente maxloren,tema,2,baja,1,2026-07,2026-07,0.0,,False
Stewart Luya,Voleibol Femenino Sub de Chile,entidad,2,baja,1,2026-07,2026-07,0.0,,False
Stewart Luya,vóley con alianza,entidad,2,baja,1,2026-09,2026-09,1.0,,False
Stewart Luya,mundial de vóley,entidad,10,alta,1,2026-08,2026-08,0.0,,False
Stewart Luya,Vóley Sub de Chile,entidad,3,media,1,2026-08,2026-08,0.0,,False
Stewart Luya,vs bragantino,entidad,3,media,1,2026-07,2026-07,0.0,,False
Stewart Luya,vs deportivo soan,entidad,2,baja,1,2026-03,2026-03,0.0,,False
Stewart Luya,vs españa,entidad,4,media,1,2026-07,2026-07,0.0,,False
Stewart Luya,vs inter,tema,3,media,1,2026-01,2026-01,0.0,,False
Stewart Luya,vs lanús,entidad,2,baja,1,2026-07,2026-07,0.0,,False
Stewart Luya,vs palmeiras,entidad,2,baja,1,2026-04,2026-04,0.0,,False
Stewart Luya,vs regatas,tema,3,media,1,2026-03,2026-03,0.0,,False
Stewart Luya,vs universidad de chile,entidad,2,baja,1,2026-01,2026-01,0.0,,False
Stewart Luya,vuelta de la copa,entidad,2,baja,1,2026-08,2026-08,0.0,,False
Stewart Luya,panta walon,tema,2,baja,1,2026-05,2026-05,0.0,,False
Stewart Luya,Walter Ormeño,entidad,2,baja,1,2026-07,2026-07,0.0,,False
Stewart Luya,Wimbledon,entidad,2,baja,1,2026-06,2026-06,0.0,,False
Stewart Luya,Yanapuma,entidad,2,baja,1,2026-03,2026-03,0.0,,False
Stewart Luya,Yordy Reyna,entidad,2,baja,1,2026-04,2026-04,0.0,,False
Stewart Luya,zambrano sergio,tema,3,media,1,2026-01,2026-01,0.0,,False
